Component	CO2 	 CH4	N2O	CFC-11	CFC-12	CFC-113	CFC-114	CFC-115	CH3Br	CCl4	CH3CCl3	HCFC-22	HCFC-141b	HCFC-123	HCFC-142b	H-1211	H-1301	H-2402	HFC125	HFC134a	HFC143a	HFC227ea	HFC23	HFC245fa	HFC32	HFC4310mee	C2F6	C6F14	CF4	SF6 
Unit 	 ppm	ppb	ppb	ppt	ppt	ppt	ppt	ppt	ppt	ppt	ppt	ppt	ppt	ppt	ppt	ppt	ppt	ppt	ppt	ppt	ppt	ppt	ppt	ppt	ppt	ppt	ppt	ppt	ppt	ppt
Description 	 fossil_fuel 	 landuse 	 total	 total	 total	 total	 total	 total	 total	 total	 total	 total	 total	 total	 total	 total	 total	 total	 total	 total	 total	 total	 total	 total	 total	 total	 total	 total	 total	 total
Reference	1pctCO2	1pctCO2	1pctCO2	1pctCO2	1pctCO2	1pctCO2	1pctCO2	1pctCO2	1pctCO2	1pctCO2	1pctCO2	1pctCO2	1pctCO2	No data	1pctCO2	1pctCO2	1pctCO2	1pctCO2	1pctCO2	1pctCO2	1pctCO2	1pctCO2	1pctCO2	1pctCO2	1pctCO2	1pctCO2	1pctCO2	1pctCO2	1pctCO2	1pctCO2
1700	284.3169988	808.249028524	273.021046956	0.0	0.0	0.0	0.0	0.0	5.29999780655	0.0250004289361	0.0	0.0	0.0	0.0	0.0	0.00444657254654	0.0	0.0	0.0	0.0	0.0	3.95290385313e-06	0.0	0.0	0.000218388894912	0.0	1.28878214175e-06	0.0	34.0499992371	0.0
1701	284.3169988	808.249028524	273.021046956	0.0	0.0	0.0	0.0	0.0	5.29999780655	0.0250004289361	0.0	0.0	0.0	0.0	0.0	0.00444657254654	0.0	0.0	0.0	0.0	0.0	3.95290385313e-06	0.0	0.0	0.000218388894912	0.0	1.28878214175e-06	0.0	34.0499992371	0.0
1702	284.3169988	808.249028524	273.021046956	0.0	0.0	0.0	0.0	0.0	5.29999780655	0.0250004289361	0.0	0.0	0.0	0.0	0.0	0.00444657254654	0.0	0.0	0.0	0.0	0.0	3.95290385313e-06	0.0	0.0	0.000218388894912	0.0	1.28878214175e-06	0.0	34.0499992371	0.0
1703	284.3169988	808.249028524	273.021046956	0.0	0.0	0.0	0.0	0.0	5.29999780655	0.0250004289361	0.0	0.0	0.0	0.0	0.0	0.00444657254654	0.0	0.0	0.0	0.0	0.0	3.95290385313e-06	0.0	0.0	0.000218388894912	0.0	1.28878214175e-06	0.0	34.0499992371	0.0
1704	284.3169988	808.249028524	273.021046956	0.0	0.0	0.0	0.0	0.0	5.29999780655	0.0250004289361	0.0	0.0	0.0	0.0	0.0	0.00444657254654	0.0	0.0	0.0	0.0	0.0	3.95290385313e-06	0.0	0.0	0.000218388894912	0.0	1.28878214175e-06	0.0	34.0499992371	0.0
1705	284.3169988	808.249028524	273.021046956	0.0	0.0	0.0	0.0	0.0	5.29999780655	0.0250004289361	0.0	0.0	0.0	0.0	0.0	0.00444657254654	0.0	0.0	0.0	0.0	0.0	3.95290385313e-06	0.0	0.0	0.000218388894912	0.0	1.28878214175e-06	0.0	34.0499992371	0.0
1706	284.3169988	808.249028524	273.021046956	0.0	0.0	0.0	0.0	0.0	5.29999780655	0.0250004289361	0.0	0.0	0.0	0.0	0.0	0.00444657254654	0.0	0.0	0.0	0.0	0.0	3.95290385313e-06	0.0	0.0	0.000218388894912	0.0	1.28878214175e-06	0.0	34.0499992371	0.0
1707	284.3169988	808.249028524	273.021046956	0.0	0.0	0.0	0.0	0.0	5.29999780655	0.0250004289361	0.0	0.0	0.0	0.0	0.0	0.00444657254654	0.0	0.0	0.0	0.0	0.0	3.95290385313e-06	0.0	0.0	0.000218388894912	0.0	1.28878214175e-06	0.0	34.0499992371	0.0
1708	284.3169988	808.249028524	273.021046956	0.0	0.0	0.0	0.0	0.0	5.29999780655	0.0250004289361	0.0	0.0	0.0	0.0	0.0	0.00444657254654	0.0	0.0	0.0	0.0	0.0	3.95290385313e-06	0.0	0.0	0.000218388894912	0.0	1.28878214175e-06	0.0	34.0499992371	0.0
1709	284.3169988	808.249028524	273.021046956	0.0	0.0	0.0	0.0	0.0	5.29999780655	0.0250004289361	0.0	0.0	0.0	0.0	0.0	0.00444657254654	0.0	0.0	0.0	0.0	0.0	3.95290385313e-06	0.0	0.0	0.000218388894912	0.0	1.28878214175e-06	0.0	34.0499992371	0.0
1710	284.3169988	808.249028524	273.021046956	0.0	0.0	0.0	0.0	0.0	5.29999780655	0.0250004289361	0.0	0.0	0.0	0.0	0.0	0.00444657254654	0.0	0.0	0.0	0.0	0.0	3.95290385313e-06	0.0	0.0	0.000218388894912	0.0	1.28878214175e-06	0.0	34.0499992371	0.0
1711	284.3169988	808.249028524	273.021046956	0.0	0.0	0.0	0.0	0.0	5.29999780655	0.0250004289361	0.0	0.0	0.0	0.0	0.0	0.00444657254654	0.0	0.0	0.0	0.0	0.0	3.95290385313e-06	0.0	0.0	0.000218388894912	0.0	1.28878214175e-06	0.0	34.0499992371	0.0
1712	284.3169988	808.249028524	273.021046956	0.0	0.0	0.0	0.0	0.0	5.29999780655	0.0250004289361	0.0	0.0	0.0	0.0	0.0	0.00444657254654	0.0	0.0	0.0	0.0	0.0	3.95290385313e-06	0.0	0.0	0.000218388894912	0.0	1.28878214175e-06	0.0	34.0499992371	0.0
1713	284.3169988	808.249028524	273.021046956	0.0	0.0	0.0	0.0	0.0	5.29999780655	0.0250004289361	0.0	0.0	0.0	0.0	0.0	0.00444657254654	0.0	0.0	0.0	0.0	0.0	3.95290385313e-06	0.0	0.0	0.000218388894912	0.0	1.28878214175e-06	0.0	34.0499992371	0.0
1714	284.3169988	808.249028524	273.021046956	0.0	0.0	0.0	0.0	0.0	5.29999780655	0.0250004289361	0.0	0.0	0.0	0.0	0.0	0.00444657254654	0.0	0.0	0.0	0.0	0.0	3.95290385313e-06	0.0	0.0	0.000218388894912	0.0	1.28878214175e-06	0.0	34.0499992371	0.0
1715	284.3169988	808.249028524	273.021046956	0.0	0.0	0.0	0.0	0.0	5.29999780655	0.0250004289361	0.0	0.0	0.0	0.0	0.0	0.00444657254654	0.0	0.0	0.0	0.0	0.0	3.95290385313e-06	0.0	0.0	0.000218388894912	0.0	1.28878214175e-06	0.0	34.0499992371	0.0
1716	284.3169988	808.249028524	273.021046956	0.0	0.0	0.0	0.0	0.0	5.29999780655	0.0250004289361	0.0	0.0	0.0	0.0	0.0	0.00444657254654	0.0	0.0	0.0	0.0	0.0	3.95290385313e-06	0.0	0.0	0.000218388894912	0.0	1.28878214175e-06	0.0	34.0499992371	0.0
1717	284.3169988	808.249028524	273.021046956	0.0	0.0	0.0	0.0	0.0	5.29999780655	0.0250004289361	0.0	0.0	0.0	0.0	0.0	0.00444657254654	0.0	0.0	0.0	0.0	0.0	3.95290385313e-06	0.0	0.0	0.000218388894912	0.0	1.28878214175e-06	0.0	34.0499992371	0.0
1718	284.3169988	808.249028524	273.021046956	0.0	0.0	0.0	0.0	0.0	5.29999780655	0.0250004289361	0.0	0.0	0.0	0.0	0.0	0.00444657254654	0.0	0.0	0.0	0.0	0.0	3.95290385313e-06	0.0	0.0	0.000218388894912	0.0	1.28878214175e-06	0.0	34.0499992371	0.0
1719	284.3169988	808.249028524	273.021046956	0.0	0.0	0.0	0.0	0.0	5.29999780655	0.0250004289361	0.0	0.0	0.0	0.0	0.0	0.00444657254654	0.0	0.0	0.0	0.0	0.0	3.95290385313e-06	0.0	0.0	0.000218388894912	0.0	1.28878214175e-06	0.0	34.0499992371	0.0
1720	284.3169988	808.249028524	273.021046956	0.0	0.0	0.0	0.0	0.0	5.29999780655	0.0250004289361	0.0	0.0	0.0	0.0	0.0	0.00444657254654	0.0	0.0	0.0	0.0	0.0	3.95290385313e-06	0.0	0.0	0.000218388894912	0.0	1.28878214175e-06	0.0	34.0499992371	0.0
1721	284.3169988	808.249028524	273.021046956	0.0	0.0	0.0	0.0	0.0	5.29999780655	0.0250004289361	0.0	0.0	0.0	0.0	0.0	0.00444657254654	0.0	0.0	0.0	0.0	0.0	3.95290385313e-06	0.0	0.0	0.000218388894912	0.0	1.28878214175e-06	0.0	34.0499992371	0.0
1722	284.3169988	808.249028524	273.021046956	0.0	0.0	0.0	0.0	0.0	5.29999780655	0.0250004289361	0.0	0.0	0.0	0.0	0.0	0.00444657254654	0.0	0.0	0.0	0.0	0.0	3.95290385313e-06	0.0	0.0	0.000218388894912	0.0	1.28878214175e-06	0.0	34.0499992371	0.0
1723	284.3169988	808.249028524	273.021046956	0.0	0.0	0.0	0.0	0.0	5.29999780655	0.0250004289361	0.0	0.0	0.0	0.0	0.0	0.00444657254654	0.0	0.0	0.0	0.0	0.0	3.95290385313e-06	0.0	0.0	0.000218388894912	0.0	1.28878214175e-06	0.0	34.0499992371	0.0
1724	284.3169988	808.249028524	273.021046956	0.0	0.0	0.0	0.0	0.0	5.29999780655	0.0250004289361	0.0	0.0	0.0	0.0	0.0	0.00444657254654	0.0	0.0	0.0	0.0	0.0	3.95290385313e-06	0.0	0.0	0.000218388894912	0.0	1.28878214175e-06	0.0	34.0499992371	0.0
1725	284.3169988	808.249028524	273.021046956	0.0	0.0	0.0	0.0	0.0	5.29999780655	0.0250004289361	0.0	0.0	0.0	0.0	0.0	0.00444657254654	0.0	0.0	0.0	0.0	0.0	3.95290385313e-06	0.0	0.0	0.000218388894912	0.0	1.28878214175e-06	0.0	34.0499992371	0.0
1726	284.3169988	808.249028524	273.021046956	0.0	0.0	0.0	0.0	0.0	5.29999780655	0.0250004289361	0.0	0.0	0.0	0.0	0.0	0.00444657254654	0.0	0.0	0.0	0.0	0.0	3.95290385313e-06	0.0	0.0	0.000218388894912	0.0	1.28878214175e-06	0.0	34.0499992371	0.0
1727	284.3169988	808.249028524	273.021046956	0.0	0.0	0.0	0.0	0.0	5.29999780655	0.0250004289361	0.0	0.0	0.0	0.0	0.0	0.00444657254654	0.0	0.0	0.0	0.0	0.0	3.95290385313e-06	0.0	0.0	0.000218388894912	0.0	1.28878214175e-06	0.0	34.0499992371	0.0
1728	284.3169988	808.249028524	273.021046956	0.0	0.0	0.0	0.0	0.0	5.29999780655	0.0250004289361	0.0	0.0	0.0	0.0	0.0	0.00444657254654	0.0	0.0	0.0	0.0	0.0	3.95290385313e-06	0.0	0.0	0.000218388894912	0.0	1.28878214175e-06	0.0	34.0499992371	0.0
1729	284.3169988	808.249028524	273.021046956	0.0	0.0	0.0	0.0	0.0	5.29999780655	0.0250004289361	0.0	0.0	0.0	0.0	0.0	0.00444657254654	0.0	0.0	0.0	0.0	0.0	3.95290385313e-06	0.0	0.0	0.000218388894912	0.0	1.28878214175e-06	0.0	34.0499992371	0.0
1730	284.3169988	808.249028524	273.021046956	0.0	0.0	0.0	0.0	0.0	5.29999780655	0.0250004289361	0.0	0.0	0.0	0.0	0.0	0.00444657254654	0.0	0.0	0.0	0.0	0.0	3.95290385313e-06	0.0	0.0	0.000218388894912	0.0	1.28878214175e-06	0.0	34.0499992371	0.0
1731	284.3169988	808.249028524	273.021046956	0.0	0.0	0.0	0.0	0.0	5.29999780655	0.0250004289361	0.0	0.0	0.0	0.0	0.0	0.00444657254654	0.0	0.0	0.0	0.0	0.0	3.95290385313e-06	0.0	0.0	0.000218388894912	0.0	1.28878214175e-06	0.0	34.0499992371	0.0
1732	284.3169988	808.249028524	273.021046956	0.0	0.0	0.0	0.0	0.0	5.29999780655	0.0250004289361	0.0	0.0	0.0	0.0	0.0	0.00444657254654	0.0	0.0	0.0	0.0	0.0	3.95290385313e-06	0.0	0.0	0.000218388894912	0.0	1.28878214175e-06	0.0	34.0499992371	0.0
1733	284.3169988	808.249028524	273.021046956	0.0	0.0	0.0	0.0	0.0	5.29999780655	0.0250004289361	0.0	0.0	0.0	0.0	0.0	0.00444657254654	0.0	0.0	0.0	0.0	0.0	3.95290385313e-06	0.0	0.0	0.000218388894912	0.0	1.28878214175e-06	0.0	34.0499992371	0.0
1734	284.3169988	808.249028524	273.021046956	0.0	0.0	0.0	0.0	0.0	5.29999780655	0.0250004289361	0.0	0.0	0.0	0.0	0.0	0.00444657254654	0.0	0.0	0.0	0.0	0.0	3.95290385313e-06	0.0	0.0	0.000218388894912	0.0	1.28878214175e-06	0.0	34.0499992371	0.0
1735	284.3169988	808.249028524	273.021046956	0.0	0.0	0.0	0.0	0.0	5.29999780655	0.0250004289361	0.0	0.0	0.0	0.0	0.0	0.00444657254654	0.0	0.0	0.0	0.0	0.0	3.95290385313e-06	0.0	0.0	0.000218388894912	0.0	1.28878214175e-06	0.0	34.0499992371	0.0
1736	284.3169988	808.249028524	273.021046956	0.0	0.0	0.0	0.0	0.0	5.29999780655	0.0250004289361	0.0	0.0	0.0	0.0	0.0	0.00444657254654	0.0	0.0	0.0	0.0	0.0	3.95290385313e-06	0.0	0.0	0.000218388894912	0.0	1.28878214175e-06	0.0	34.0499992371	0.0
1737	284.3169988	808.249028524	273.021046956	0.0	0.0	0.0	0.0	0.0	5.29999780655	0.0250004289361	0.0	0.0	0.0	0.0	0.0	0.00444657254654	0.0	0.0	0.0	0.0	0.0	3.95290385313e-06	0.0	0.0	0.000218388894912	0.0	1.28878214175e-06	0.0	34.0499992371	0.0
1738	284.3169988	808.249028524	273.021046956	0.0	0.0	0.0	0.0	0.0	5.29999780655	0.0250004289361	0.0	0.0	0.0	0.0	0.0	0.00444657254654	0.0	0.0	0.0	0.0	0.0	3.95290385313e-06	0.0	0.0	0.000218388894912	0.0	1.28878214175e-06	0.0	34.0499992371	0.0
1739	284.3169988	808.249028524	273.021046956	0.0	0.0	0.0	0.0	0.0	5.29999780655	0.0250004289361	0.0	0.0	0.0	0.0	0.0	0.00444657254654	0.0	0.0	0.0	0.0	0.0	3.95290385313e-06	0.0	0.0	0.000218388894912	0.0	1.28878214175e-06	0.0	34.0499992371	0.0
1740	284.3169988	808.249028524	273.021046956	0.0	0.0	0.0	0.0	0.0	5.29999780655	0.0250004289361	0.0	0.0	0.0	0.0	0.0	0.00444657254654	0.0	0.0	0.0	0.0	0.0	3.95290385313e-06	0.0	0.0	0.000218388894912	0.0	1.28878214175e-06	0.0	34.0499992371	0.0
1741	284.3169988	808.249028524	273.021046956	0.0	0.0	0.0	0.0	0.0	5.29999780655	0.0250004289361	0.0	0.0	0.0	0.0	0.0	0.00444657254654	0.0	0.0	0.0	0.0	0.0	3.95290385313e-06	0.0	0.0	0.000218388894912	0.0	1.28878214175e-06	0.0	34.0499992371	0.0
1742	284.3169988	808.249028524	273.021046956	0.0	0.0	0.0	0.0	0.0	5.29999780655	0.0250004289361	0.0	0.0	0.0	0.0	0.0	0.00444657254654	0.0	0.0	0.0	0.0	0.0	3.95290385313e-06	0.0	0.0	0.000218388894912	0.0	1.28878214175e-06	0.0	34.0499992371	0.0
1743	284.3169988	808.249028524	273.021046956	0.0	0.0	0.0	0.0	0.0	5.29999780655	0.0250004289361	0.0	0.0	0.0	0.0	0.0	0.00444657254654	0.0	0.0	0.0	0.0	0.0	3.95290385313e-06	0.0	0.0	0.000218388894912	0.0	1.28878214175e-06	0.0	34.0499992371	0.0
1744	284.3169988	808.249028524	273.021046956	0.0	0.0	0.0	0.0	0.0	5.29999780655	0.0250004289361	0.0	0.0	0.0	0.0	0.0	0.00444657254654	0.0	0.0	0.0	0.0	0.0	3.95290385313e-06	0.0	0.0	0.000218388894912	0.0	1.28878214175e-06	0.0	34.0499992371	0.0
1745	284.3169988	808.249028524	273.021046956	0.0	0.0	0.0	0.0	0.0	5.29999780655	0.0250004289361	0.0	0.0	0.0	0.0	0.0	0.00444657254654	0.0	0.0	0.0	0.0	0.0	3.95290385313e-06	0.0	0.0	0.000218388894912	0.0	1.28878214175e-06	0.0	34.0499992371	0.0
1746	284.3169988	808.249028524	273.021046956	0.0	0.0	0.0	0.0	0.0	5.29999780655	0.0250004289361	0.0	0.0	0.0	0.0	0.0	0.00444657254654	0.0	0.0	0.0	0.0	0.0	3.95290385313e-06	0.0	0.0	0.000218388894912	0.0	1.28878214175e-06	0.0	34.0499992371	0.0
1747	284.3169988	808.249028524	273.021046956	0.0	0.0	0.0	0.0	0.0	5.29999780655	0.0250004289361	0.0	0.0	0.0	0.0	0.0	0.00444657254654	0.0	0.0	0.0	0.0	0.0	3.95290385313e-06	0.0	0.0	0.000218388894912	0.0	1.28878214175e-06	0.0	34.0499992371	0.0
1748	284.3169988	808.249028524	273.021046956	0.0	0.0	0.0	0.0	0.0	5.29999780655	0.0250004289361	0.0	0.0	0.0	0.0	0.0	0.00444657254654	0.0	0.0	0.0	0.0	0.0	3.95290385313e-06	0.0	0.0	0.000218388894912	0.0	1.28878214175e-06	0.0	34.0499992371	0.0
1749	284.3169988	808.249028524	273.021046956	0.0	0.0	0.0	0.0	0.0	5.29999780655	0.0250004289361	0.0	0.0	0.0	0.0	0.0	0.00444657254654	0.0	0.0	0.0	0.0	0.0	3.95290385313e-06	0.0	0.0	0.000218388894912	0.0	1.28878214175e-06	0.0	34.0499992371	0.0
1750	284.3169988	808.249028524	273.021046956	0.0	0.0	0.0	0.0	0.0	5.29999780655	0.0250004289361	0.0	0.0	0.0	0.0	0.0	0.00444657254654	0.0	0.0	0.0	0.0	0.0	3.95290385313e-06	0.0	0.0	0.000218388894912	0.0	1.28878214175e-06	0.0	34.0499992371	0.0
1751	284.3169988	808.249028524	273.021046956	0.0	0.0	0.0	0.0	0.0	5.29999780655	0.0250004289361	0.0	0.0	0.0	0.0	0.0	0.00444657254654	0.0	0.0	0.0	0.0	0.0	3.95290385313e-06	0.0	0.0	0.000218388894912	0.0	1.28878214175e-06	0.0	34.0499992371	0.0
1752	284.3169988	808.249028524	273.021046956	0.0	0.0	0.0	0.0	0.0	5.29999780655	0.0250004289361	0.0	0.0	0.0	0.0	0.0	0.00444657254654	0.0	0.0	0.0	0.0	0.0	3.95290385313e-06	0.0	0.0	0.000218388894912	0.0	1.28878214175e-06	0.0	34.0499992371	0.0
1753	284.3169988	808.249028524	273.021046956	0.0	0.0	0.0	0.0	0.0	5.29999780655	0.0250004289361	0.0	0.0	0.0	0.0	0.0	0.00444657254654	0.0	0.0	0.0	0.0	0.0	3.95290385313e-06	0.0	0.0	0.000218388894912	0.0	1.28878214175e-06	0.0	34.0499992371	0.0
1754	284.3169988	808.249028524	273.021046956	0.0	0.0	0.0	0.0	0.0	5.29999780655	0.0250004289361	0.0	0.0	0.0	0.0	0.0	0.00444657254654	0.0	0.0	0.0	0.0	0.0	3.95290385313e-06	0.0	0.0	0.000218388894912	0.0	1.28878214175e-06	0.0	34.0499992371	0.0
1755	284.3169988	808.249028524	273.021046956	0.0	0.0	0.0	0.0	0.0	5.29999780655	0.0250004289361	0.0	0.0	0.0	0.0	0.0	0.00444657254654	0.0	0.0	0.0	0.0	0.0	3.95290385313e-06	0.0	0.0	0.000218388894912	0.0	1.28878214175e-06	0.0	34.0499992371	0.0
1756	284.3169988	808.249028524	273.021046956	0.0	0.0	0.0	0.0	0.0	5.29999780655	0.0250004289361	0.0	0.0	0.0	0.0	0.0	0.00444657254654	0.0	0.0	0.0	0.0	0.0	3.95290385313e-06	0.0	0.0	0.000218388894912	0.0	1.28878214175e-06	0.0	34.0499992371	0.0
1757	284.3169988	808.249028524	273.021046956	0.0	0.0	0.0	0.0	0.0	5.29999780655	0.0250004289361	0.0	0.0	0.0	0.0	0.0	0.00444657254654	0.0	0.0	0.0	0.0	0.0	3.95290385313e-06	0.0	0.0	0.000218388894912	0.0	1.28878214175e-06	0.0	34.0499992371	0.0
1758	284.3169988	808.249028524	273.021046956	0.0	0.0	0.0	0.0	0.0	5.29999780655	0.0250004289361	0.0	0.0	0.0	0.0	0.0	0.00444657254654	0.0	0.0	0.0	0.0	0.0	3.95290385313e-06	0.0	0.0	0.000218388894912	0.0	1.28878214175e-06	0.0	34.0499992371	0.0
1759	284.3169988	808.249028524	273.021046956	0.0	0.0	0.0	0.0	0.0	5.29999780655	0.0250004289361	0.0	0.0	0.0	0.0	0.0	0.00444657254654	0.0	0.0	0.0	0.0	0.0	3.95290385313e-06	0.0	0.0	0.000218388894912	0.0	1.28878214175e-06	0.0	34.0499992371	0.0
1760	284.3169988	808.249028524	273.021046956	0.0	0.0	0.0	0.0	0.0	5.29999780655	0.0250004289361	0.0	0.0	0.0	0.0	0.0	0.00444657254654	0.0	0.0	0.0	0.0	0.0	3.95290385313e-06	0.0	0.0	0.000218388894912	0.0	1.28878214175e-06	0.0	34.0499992371	0.0
1761	284.3169988	808.249028524	273.021046956	0.0	0.0	0.0	0.0	0.0	5.29999780655	0.0250004289361	0.0	0.0	0.0	0.0	0.0	0.00444657254654	0.0	0.0	0.0	0.0	0.0	3.95290385313e-06	0.0	0.0	0.000218388894912	0.0	1.28878214175e-06	0.0	34.0499992371	0.0
1762	284.3169988	808.249028524	273.021046956	0.0	0.0	0.0	0.0	0.0	5.29999780655	0.0250004289361	0.0	0.0	0.0	0.0	0.0	0.00444657254654	0.0	0.0	0.0	0.0	0.0	3.95290385313e-06	0.0	0.0	0.000218388894912	0.0	1.28878214175e-06	0.0	34.0499992371	0.0
1763	284.3169988	808.249028524	273.021046956	0.0	0.0	0.0	0.0	0.0	5.29999780655	0.0250004289361	0.0	0.0	0.0	0.0	0.0	0.00444657254654	0.0	0.0	0.0	0.0	0.0	3.95290385313e-06	0.0	0.0	0.000218388894912	0.0	1.28878214175e-06	0.0	34.0499992371	0.0
1764	284.3169988	808.249028524	273.021046956	0.0	0.0	0.0	0.0	0.0	5.29999780655	0.0250004289361	0.0	0.0	0.0	0.0	0.0	0.00444657254654	0.0	0.0	0.0	0.0	0.0	3.95290385313e-06	0.0	0.0	0.000218388894912	0.0	1.28878214175e-06	0.0	34.0499992371	0.0
1765	284.3169988	808.249028524	273.021046956	0.0	0.0	0.0	0.0	0.0	5.29999780655	0.0250004289361	0.0	0.0	0.0	0.0	0.0	0.00444657254654	0.0	0.0	0.0	0.0	0.0	3.95290385313e-06	0.0	0.0	0.000218388894912	0.0	1.28878214175e-06	0.0	34.0499992371	0.0
1766	284.3169988	808.249028524	273.021046956	0.0	0.0	0.0	0.0	0.0	5.29999780655	0.0250004289361	0.0	0.0	0.0	0.0	0.0	0.00444657254654	0.0	0.0	0.0	0.0	0.0	3.95290385313e-06	0.0	0.0	0.000218388894912	0.0	1.28878214175e-06	0.0	34.0499992371	0.0
1767	284.3169988	808.249028524	273.021046956	0.0	0.0	0.0	0.0	0.0	5.29999780655	0.0250004289361	0.0	0.0	0.0	0.0	0.0	0.00444657254654	0.0	0.0	0.0	0.0	0.0	3.95290385313e-06	0.0	0.0	0.000218388894912	0.0	1.28878214175e-06	0.0	34.0499992371	0.0
1768	284.3169988	808.249028524	273.021046956	0.0	0.0	0.0	0.0	0.0	5.29999780655	0.0250004289361	0.0	0.0	0.0	0.0	0.0	0.00444657254654	0.0	0.0	0.0	0.0	0.0	3.95290385313e-06	0.0	0.0	0.000218388894912	0.0	1.28878214175e-06	0.0	34.0499992371	0.0
1769	284.3169988	808.249028524	273.021046956	0.0	0.0	0.0	0.0	0.0	5.29999780655	0.0250004289361	0.0	0.0	0.0	0.0	0.0	0.00444657254654	0.0	0.0	0.0	0.0	0.0	3.95290385313e-06	0.0	0.0	0.000218388894912	0.0	1.28878214175e-06	0.0	34.0499992371	0.0
1770	284.3169988	808.249028524	273.021046956	0.0	0.0	0.0	0.0	0.0	5.29999780655	0.0250004289361	0.0	0.0	0.0	0.0	0.0	0.00444657254654	0.0	0.0	0.0	0.0	0.0	3.95290385313e-06	0.0	0.0	0.000218388894912	0.0	1.28878214175e-06	0.0	34.0499992371	0.0
1771	284.3169988	808.249028524	273.021046956	0.0	0.0	0.0	0.0	0.0	5.29999780655	0.0250004289361	0.0	0.0	0.0	0.0	0.0	0.00444657254654	0.0	0.0	0.0	0.0	0.0	3.95290385313e-06	0.0	0.0	0.000218388894912	0.0	1.28878214175e-06	0.0	34.0499992371	0.0
1772	284.3169988	808.249028524	273.021046956	0.0	0.0	0.0	0.0	0.0	5.29999780655	0.0250004289361	0.0	0.0	0.0	0.0	0.0	0.00444657254654	0.0	0.0	0.0	0.0	0.0	3.95290385313e-06	0.0	0.0	0.000218388894912	0.0	1.28878214175e-06	0.0	34.0499992371	0.0
1773	284.3169988	808.249028524	273.021046956	0.0	0.0	0.0	0.0	0.0	5.29999780655	0.0250004289361	0.0	0.0	0.0	0.0	0.0	0.00444657254654	0.0	0.0	0.0	0.0	0.0	3.95290385313e-06	0.0	0.0	0.000218388894912	0.0	1.28878214175e-06	0.0	34.0499992371	0.0
1774	284.3169988	808.249028524	273.021046956	0.0	0.0	0.0	0.0	0.0	5.29999780655	0.0250004289361	0.0	0.0	0.0	0.0	0.0	0.00444657254654	0.0	0.0	0.0	0.0	0.0	3.95290385313e-06	0.0	0.0	0.000218388894912	0.0	1.28878214175e-06	0.0	34.0499992371	0.0
1775	284.3169988	808.249028524	273.021046956	0.0	0.0	0.0	0.0	0.0	5.29999780655	0.0250004289361	0.0	0.0	0.0	0.0	0.0	0.00444657254654	0.0	0.0	0.0	0.0	0.0	3.95290385313e-06	0.0	0.0	0.000218388894912	0.0	1.28878214175e-06	0.0	34.0499992371	0.0
1776	284.3169988	808.249028524	273.021046956	0.0	0.0	0.0	0.0	0.0	5.29999780655	0.0250004289361	0.0	0.0	0.0	0.0	0.0	0.00444657254654	0.0	0.0	0.0	0.0	0.0	3.95290385313e-06	0.0	0.0	0.000218388894912	0.0	1.28878214175e-06	0.0	34.0499992371	0.0
1777	284.3169988	808.249028524	273.021046956	0.0	0.0	0.0	0.0	0.0	5.29999780655	0.0250004289361	0.0	0.0	0.0	0.0	0.0	0.00444657254654	0.0	0.0	0.0	0.0	0.0	3.95290385313e-06	0.0	0.0	0.000218388894912	0.0	1.28878214175e-06	0.0	34.0499992371	0.0
1778	284.3169988	808.249028524	273.021046956	0.0	0.0	0.0	0.0	0.0	5.29999780655	0.0250004289361	0.0	0.0	0.0	0.0	0.0	0.00444657254654	0.0	0.0	0.0	0.0	0.0	3.95290385313e-06	0.0	0.0	0.000218388894912	0.0	1.28878214175e-06	0.0	34.0499992371	0.0
1779	284.3169988	808.249028524	273.021046956	0.0	0.0	0.0	0.0	0.0	5.29999780655	0.0250004289361	0.0	0.0	0.0	0.0	0.0	0.00444657254654	0.0	0.0	0.0	0.0	0.0	3.95290385313e-06	0.0	0.0	0.000218388894912	0.0	1.28878214175e-06	0.0	34.0499992371	0.0
1780	284.3169988	808.249028524	273.021046956	0.0	0.0	0.0	0.0	0.0	5.29999780655	0.0250004289361	0.0	0.0	0.0	0.0	0.0	0.00444657254654	0.0	0.0	0.0	0.0	0.0	3.95290385313e-06	0.0	0.0	0.000218388894912	0.0	1.28878214175e-06	0.0	34.0499992371	0.0
1781	284.3169988	808.249028524	273.021046956	0.0	0.0	0.0	0.0	0.0	5.29999780655	0.0250004289361	0.0	0.0	0.0	0.0	0.0	0.00444657254654	0.0	0.0	0.0	0.0	0.0	3.95290385313e-06	0.0	0.0	0.000218388894912	0.0	1.28878214175e-06	0.0	34.0499992371	0.0
1782	284.3169988	808.249028524	273.021046956	0.0	0.0	0.0	0.0	0.0	5.29999780655	0.0250004289361	0.0	0.0	0.0	0.0	0.0	0.00444657254654	0.0	0.0	0.0	0.0	0.0	3.95290385313e-06	0.0	0.0	0.000218388894912	0.0	1.28878214175e-06	0.0	34.0499992371	0.0
1783	284.3169988	808.249028524	273.021046956	0.0	0.0	0.0	0.0	0.0	5.29999780655	0.0250004289361	0.0	0.0	0.0	0.0	0.0	0.00444657254654	0.0	0.0	0.0	0.0	0.0	3.95290385313e-06	0.0	0.0	0.000218388894912	0.0	1.28878214175e-06	0.0	34.0499992371	0.0
1784	284.3169988	808.249028524	273.021046956	0.0	0.0	0.0	0.0	0.0	5.29999780655	0.0250004289361	0.0	0.0	0.0	0.0	0.0	0.00444657254654	0.0	0.0	0.0	0.0	0.0	3.95290385313e-06	0.0	0.0	0.000218388894912	0.0	1.28878214175e-06	0.0	34.0499992371	0.0
1785	284.3169988	808.249028524	273.021046956	0.0	0.0	0.0	0.0	0.0	5.29999780655	0.0250004289361	0.0	0.0	0.0	0.0	0.0	0.00444657254654	0.0	0.0	0.0	0.0	0.0	3.95290385313e-06	0.0	0.0	0.000218388894912	0.0	1.28878214175e-06	0.0	34.0499992371	0.0
1786	284.3169988	808.249028524	273.021046956	0.0	0.0	0.0	0.0	0.0	5.29999780655	0.0250004289361	0.0	0.0	0.0	0.0	0.0	0.00444657254654	0.0	0.0	0.0	0.0	0.0	3.95290385313e-06	0.0	0.0	0.000218388894912	0.0	1.28878214175e-06	0.0	34.0499992371	0.0
1787	284.3169988	808.249028524	273.021046956	0.0	0.0	0.0	0.0	0.0	5.29999780655	0.0250004289361	0.0	0.0	0.0	0.0	0.0	0.00444657254654	0.0	0.0	0.0	0.0	0.0	3.95290385313e-06	0.0	0.0	0.000218388894912	0.0	1.28878214175e-06	0.0	34.0499992371	0.0
1788	284.3169988	808.249028524	273.021046956	0.0	0.0	0.0	0.0	0.0	5.29999780655	0.0250004289361	0.0	0.0	0.0	0.0	0.0	0.00444657254654	0.0	0.0	0.0	0.0	0.0	3.95290385313e-06	0.0	0.0	0.000218388894912	0.0	1.28878214175e-06	0.0	34.0499992371	0.0
1789	284.3169988	808.249028524	273.021046956	0.0	0.0	0.0	0.0	0.0	5.29999780655	0.0250004289361	0.0	0.0	0.0	0.0	0.0	0.00444657254654	0.0	0.0	0.0	0.0	0.0	3.95290385313e-06	0.0	0.0	0.000218388894912	0.0	1.28878214175e-06	0.0	34.0499992371	0.0
1790	284.3169988	808.249028524	273.021046956	0.0	0.0	0.0	0.0	0.0	5.29999780655	0.0250004289361	0.0	0.0	0.0	0.0	0.0	0.00444657254654	0.0	0.0	0.0	0.0	0.0	3.95290385313e-06	0.0	0.0	0.000218388894912	0.0	1.28878214175e-06	0.0	34.0499992371	0.0
1791	284.3169988	808.249028524	273.021046956	0.0	0.0	0.0	0.0	0.0	5.29999780655	0.0250004289361	0.0	0.0	0.0	0.0	0.0	0.00444657254654	0.0	0.0	0.0	0.0	0.0	3.95290385313e-06	0.0	0.0	0.000218388894912	0.0	1.28878214175e-06	0.0	34.0499992371	0.0
1792	284.3169988	808.249028524	273.021046956	0.0	0.0	0.0	0.0	0.0	5.29999780655	0.0250004289361	0.0	0.0	0.0	0.0	0.0	0.00444657254654	0.0	0.0	0.0	0.0	0.0	3.95290385313e-06	0.0	0.0	0.000218388894912	0.0	1.28878214175e-06	0.0	34.0499992371	0.0
1793	284.3169988	808.249028524	273.021046956	0.0	0.0	0.0	0.0	0.0	5.29999780655	0.0250004289361	0.0	0.0	0.0	0.0	0.0	0.00444657254654	0.0	0.0	0.0	0.0	0.0	3.95290385313e-06	0.0	0.0	0.000218388894912	0.0	1.28878214175e-06	0.0	34.0499992371	0.0
1794	284.3169988	808.249028524	273.021046956	0.0	0.0	0.0	0.0	0.0	5.29999780655	0.0250004289361	0.0	0.0	0.0	0.0	0.0	0.00444657254654	0.0	0.0	0.0	0.0	0.0	3.95290385313e-06	0.0	0.0	0.000218388894912	0.0	1.28878214175e-06	0.0	34.0499992371	0.0
1795	284.3169988	808.249028524	273.021046956	0.0	0.0	0.0	0.0	0.0	5.29999780655	0.0250004289361	0.0	0.0	0.0	0.0	0.0	0.00444657254654	0.0	0.0	0.0	0.0	0.0	3.95290385313e-06	0.0	0.0	0.000218388894912	0.0	1.28878214175e-06	0.0	34.0499992371	0.0
1796	284.3169988	808.249028524	273.021046956	0.0	0.0	0.0	0.0	0.0	5.29999780655	0.0250004289361	0.0	0.0	0.0	0.0	0.0	0.00444657254654	0.0	0.0	0.0	0.0	0.0	3.95290385313e-06	0.0	0.0	0.000218388894912	0.0	1.28878214175e-06	0.0	34.0499992371	0.0
1797	284.3169988	808.249028524	273.021046956	0.0	0.0	0.0	0.0	0.0	5.29999780655	0.0250004289361	0.0	0.0	0.0	0.0	0.0	0.00444657254654	0.0	0.0	0.0	0.0	0.0	3.95290385313e-06	0.0	0.0	0.000218388894912	0.0	1.28878214175e-06	0.0	34.0499992371	0.0
1798	284.3169988	808.249028524	273.021046956	0.0	0.0	0.0	0.0	0.0	5.29999780655	0.0250004289361	0.0	0.0	0.0	0.0	0.0	0.00444657254654	0.0	0.0	0.0	0.0	0.0	3.95290385313e-06	0.0	0.0	0.000218388894912	0.0	1.28878214175e-06	0.0	34.0499992371	0.0
1799	284.3169988	808.249028524	273.021046956	0.0	0.0	0.0	0.0	0.0	5.29999780655	0.0250004289361	0.0	0.0	0.0	0.0	0.0	0.00444657254654	0.0	0.0	0.0	0.0	0.0	3.95290385313e-06	0.0	0.0	0.000218388894912	0.0	1.28878214175e-06	0.0	34.0499992371	0.0
1800	284.3169988	808.249028524	273.021046956	0.0	0.0	0.0	0.0	0.0	5.29999780655	0.0250004289361	0.0	0.0	0.0	0.0	0.0	0.00444657254654	0.0	0.0	0.0	0.0	0.0	3.95290385313e-06	0.0	0.0	0.000218388894912	0.0	1.28878214175e-06	0.0	34.0499992371	0.0
1801	284.3169988	808.249028524	273.021046956	0.0	0.0	0.0	0.0	0.0	5.29999780655	0.0250004289361	0.0	0.0	0.0	0.0	0.0	0.00444657254654	0.0	0.0	0.0	0.0	0.0	3.95290385313e-06	0.0	0.0	0.000218388894912	0.0	1.28878214175e-06	0.0	34.0499992371	0.0
1802	284.3169988	808.249028524	273.021046956	0.0	0.0	0.0	0.0	0.0	5.29999780655	0.0250004289361	0.0	0.0	0.0	0.0	0.0	0.00444657254654	0.0	0.0	0.0	0.0	0.0	3.95290385313e-06	0.0	0.0	0.000218388894912	0.0	1.28878214175e-06	0.0	34.0499992371	0.0
1803	284.3169988	808.249028524	273.021046956	0.0	0.0	0.0	0.0	0.0	5.29999780655	0.0250004289361	0.0	0.0	0.0	0.0	0.0	0.00444657254654	0.0	0.0	0.0	0.0	0.0	3.95290385313e-06	0.0	0.0	0.000218388894912	0.0	1.28878214175e-06	0.0	34.0499992371	0.0
1804	284.3169988	808.249028524	273.021046956	0.0	0.0	0.0	0.0	0.0	5.29999780655	0.0250004289361	0.0	0.0	0.0	0.0	0.0	0.00444657254654	0.0	0.0	0.0	0.0	0.0	3.95290385313e-06	0.0	0.0	0.000218388894912	0.0	1.28878214175e-06	0.0	34.0499992371	0.0
1805	284.3169988	808.249028524	273.021046956	0.0	0.0	0.0	0.0	0.0	5.29999780655	0.0250004289361	0.0	0.0	0.0	0.0	0.0	0.00444657254654	0.0	0.0	0.0	0.0	0.0	3.95290385313e-06	0.0	0.0	0.000218388894912	0.0	1.28878214175e-06	0.0	34.0499992371	0.0
1806	284.3169988	808.249028524	273.021046956	0.0	0.0	0.0	0.0	0.0	5.29999780655	0.0250004289361	0.0	0.0	0.0	0.0	0.0	0.00444657254654	0.0	0.0	0.0	0.0	0.0	3.95290385313e-06	0.0	0.0	0.000218388894912	0.0	1.28878214175e-06	0.0	34.0499992371	0.0
1807	284.3169988	808.249028524	273.021046956	0.0	0.0	0.0	0.0	0.0	5.29999780655	0.0250004289361	0.0	0.0	0.0	0.0	0.0	0.00444657254654	0.0	0.0	0.0	0.0	0.0	3.95290385313e-06	0.0	0.0	0.000218388894912	0.0	1.28878214175e-06	0.0	34.0499992371	0.0
1808	284.3169988	808.249028524	273.021046956	0.0	0.0	0.0	0.0	0.0	5.29999780655	0.0250004289361	0.0	0.0	0.0	0.0	0.0	0.00444657254654	0.0	0.0	0.0	0.0	0.0	3.95290385313e-06	0.0	0.0	0.000218388894912	0.0	1.28878214175e-06	0.0	34.0499992371	0.0
1809	284.3169988	808.249028524	273.021046956	0.0	0.0	0.0	0.0	0.0	5.29999780655	0.0250004289361	0.0	0.0	0.0	0.0	0.0	0.00444657254654	0.0	0.0	0.0	0.0	0.0	3.95290385313e-06	0.0	0.0	0.000218388894912	0.0	1.28878214175e-06	0.0	34.0499992371	0.0
1810	284.3169988	808.249028524	273.021046956	0.0	0.0	0.0	0.0	0.0	5.29999780655	0.0250004289361	0.0	0.0	0.0	0.0	0.0	0.00444657254654	0.0	0.0	0.0	0.0	0.0	3.95290385313e-06	0.0	0.0	0.000218388894912	0.0	1.28878214175e-06	0.0	34.0499992371	0.0
1811	284.3169988	808.249028524	273.021046956	0.0	0.0	0.0	0.0	0.0	5.29999780655	0.0250004289361	0.0	0.0	0.0	0.0	0.0	0.00444657254654	0.0	0.0	0.0	0.0	0.0	3.95290385313e-06	0.0	0.0	0.000218388894912	0.0	1.28878214175e-06	0.0	34.0499992371	0.0
1812	284.3169988	808.249028524	273.021046956	0.0	0.0	0.0	0.0	0.0	5.29999780655	0.0250004289361	0.0	0.0	0.0	0.0	0.0	0.00444657254654	0.0	0.0	0.0	0.0	0.0	3.95290385313e-06	0.0	0.0	0.000218388894912	0.0	1.28878214175e-06	0.0	34.0499992371	0.0
1813	284.3169988	808.249028524	273.021046956	0.0	0.0	0.0	0.0	0.0	5.29999780655	0.0250004289361	0.0	0.0	0.0	0.0	0.0	0.00444657254654	0.0	0.0	0.0	0.0	0.0	3.95290385313e-06	0.0	0.0	0.000218388894912	0.0	1.28878214175e-06	0.0	34.0499992371	0.0
1814	284.3169988	808.249028524	273.021046956	0.0	0.0	0.0	0.0	0.0	5.29999780655	0.0250004289361	0.0	0.0	0.0	0.0	0.0	0.00444657254654	0.0	0.0	0.0	0.0	0.0	3.95290385313e-06	0.0	0.0	0.000218388894912	0.0	1.28878214175e-06	0.0	34.0499992371	0.0
1815	284.3169988	808.249028524	273.021046956	0.0	0.0	0.0	0.0	0.0	5.29999780655	0.0250004289361	0.0	0.0	0.0	0.0	0.0	0.00444657254654	0.0	0.0	0.0	0.0	0.0	3.95290385313e-06	0.0	0.0	0.000218388894912	0.0	1.28878214175e-06	0.0	34.0499992371	0.0
1816	284.3169988	808.249028524	273.021046956	0.0	0.0	0.0	0.0	0.0	5.29999780655	0.0250004289361	0.0	0.0	0.0	0.0	0.0	0.00444657254654	0.0	0.0	0.0	0.0	0.0	3.95290385313e-06	0.0	0.0	0.000218388894912	0.0	1.28878214175e-06	0.0	34.0499992371	0.0
1817	284.3169988	808.249028524	273.021046956	0.0	0.0	0.0	0.0	0.0	5.29999780655	0.0250004289361	0.0	0.0	0.0	0.0	0.0	0.00444657254654	0.0	0.0	0.0	0.0	0.0	3.95290385313e-06	0.0	0.0	0.000218388894912	0.0	1.28878214175e-06	0.0	34.0499992371	0.0
1818	284.3169988	808.249028524	273.021046956	0.0	0.0	0.0	0.0	0.0	5.29999780655	0.0250004289361	0.0	0.0	0.0	0.0	0.0	0.00444657254654	0.0	0.0	0.0	0.0	0.0	3.95290385313e-06	0.0	0.0	0.000218388894912	0.0	1.28878214175e-06	0.0	34.0499992371	0.0
1819	284.3169988	808.249028524	273.021046956	0.0	0.0	0.0	0.0	0.0	5.29999780655	0.0250004289361	0.0	0.0	0.0	0.0	0.0	0.00444657254654	0.0	0.0	0.0	0.0	0.0	3.95290385313e-06	0.0	0.0	0.000218388894912	0.0	1.28878214175e-06	0.0	34.0499992371	0.0
1820	284.3169988	808.249028524	273.021046956	0.0	0.0	0.0	0.0	0.0	5.29999780655	0.0250004289361	0.0	0.0	0.0	0.0	0.0	0.00444657254654	0.0	0.0	0.0	0.0	0.0	3.95290385313e-06	0.0	0.0	0.000218388894912	0.0	1.28878214175e-06	0.0	34.0499992371	0.0
1821	284.3169988	808.249028524	273.021046956	0.0	0.0	0.0	0.0	0.0	5.29999780655	0.0250004289361	0.0	0.0	0.0	0.0	0.0	0.00444657254654	0.0	0.0	0.0	0.0	0.0	3.95290385313e-06	0.0	0.0	0.000218388894912	0.0	1.28878214175e-06	0.0	34.0499992371	0.0
1822	284.3169988	808.249028524	273.021046956	0.0	0.0	0.0	0.0	0.0	5.29999780655	0.0250004289361	0.0	0.0	0.0	0.0	0.0	0.00444657254654	0.0	0.0	0.0	0.0	0.0	3.95290385313e-06	0.0	0.0	0.000218388894912	0.0	1.28878214175e-06	0.0	34.0499992371	0.0
1823	284.3169988	808.249028524	273.021046956	0.0	0.0	0.0	0.0	0.0	5.29999780655	0.0250004289361	0.0	0.0	0.0	0.0	0.0	0.00444657254654	0.0	0.0	0.0	0.0	0.0	3.95290385313e-06	0.0	0.0	0.000218388894912	0.0	1.28878214175e-06	0.0	34.0499992371	0.0
1824	284.3169988	808.249028524	273.021046956	0.0	0.0	0.0	0.0	0.0	5.29999780655	0.0250004289361	0.0	0.0	0.0	0.0	0.0	0.00444657254654	0.0	0.0	0.0	0.0	0.0	3.95290385313e-06	0.0	0.0	0.000218388894912	0.0	1.28878214175e-06	0.0	34.0499992371	0.0
1825	284.3169988	808.249028524	273.021046956	0.0	0.0	0.0	0.0	0.0	5.29999780655	0.0250004289361	0.0	0.0	0.0	0.0	0.0	0.00444657254654	0.0	0.0	0.0	0.0	0.0	3.95290385313e-06	0.0	0.0	0.000218388894912	0.0	1.28878214175e-06	0.0	34.0499992371	0.0
1826	284.3169988	808.249028524	273.021046956	0.0	0.0	0.0	0.0	0.0	5.29999780655	0.0250004289361	0.0	0.0	0.0	0.0	0.0	0.00444657254654	0.0	0.0	0.0	0.0	0.0	3.95290385313e-06	0.0	0.0	0.000218388894912	0.0	1.28878214175e-06	0.0	34.0499992371	0.0
1827	284.3169988	808.249028524	273.021046956	0.0	0.0	0.0	0.0	0.0	5.29999780655	0.0250004289361	0.0	0.0	0.0	0.0	0.0	0.00444657254654	0.0	0.0	0.0	0.0	0.0	3.95290385313e-06	0.0	0.0	0.000218388894912	0.0	1.28878214175e-06	0.0	34.0499992371	0.0
1828	284.3169988	808.249028524	273.021046956	0.0	0.0	0.0	0.0	0.0	5.29999780655	0.0250004289361	0.0	0.0	0.0	0.0	0.0	0.00444657254654	0.0	0.0	0.0	0.0	0.0	3.95290385313e-06	0.0	0.0	0.000218388894912	0.0	1.28878214175e-06	0.0	34.0499992371	0.0
1829	284.3169988	808.249028524	273.021046956	0.0	0.0	0.0	0.0	0.0	5.29999780655	0.0250004289361	0.0	0.0	0.0	0.0	0.0	0.00444657254654	0.0	0.0	0.0	0.0	0.0	3.95290385313e-06	0.0	0.0	0.000218388894912	0.0	1.28878214175e-06	0.0	34.0499992371	0.0
1830	284.3169988	808.249028524	273.021046956	0.0	0.0	0.0	0.0	0.0	5.29999780655	0.0250004289361	0.0	0.0	0.0	0.0	0.0	0.00444657254654	0.0	0.0	0.0	0.0	0.0	3.95290385313e-06	0.0	0.0	0.000218388894912	0.0	1.28878214175e-06	0.0	34.0499992371	0.0
1831	284.3169988	808.249028524	273.021046956	0.0	0.0	0.0	0.0	0.0	5.29999780655	0.0250004289361	0.0	0.0	0.0	0.0	0.0	0.00444657254654	0.0	0.0	0.0	0.0	0.0	3.95290385313e-06	0.0	0.0	0.000218388894912	0.0	1.28878214175e-06	0.0	34.0499992371	0.0
1832	284.3169988	808.249028524	273.021046956	0.0	0.0	0.0	0.0	0.0	5.29999780655	0.0250004289361	0.0	0.0	0.0	0.0	0.0	0.00444657254654	0.0	0.0	0.0	0.0	0.0	3.95290385313e-06	0.0	0.0	0.000218388894912	0.0	1.28878214175e-06	0.0	34.0499992371	0.0
1833	284.3169988	808.249028524	273.021046956	0.0	0.0	0.0	0.0	0.0	5.29999780655	0.0250004289361	0.0	0.0	0.0	0.0	0.0	0.00444657254654	0.0	0.0	0.0	0.0	0.0	3.95290385313e-06	0.0	0.0	0.000218388894912	0.0	1.28878214175e-06	0.0	34.0499992371	0.0
1834	284.3169988	808.249028524	273.021046956	0.0	0.0	0.0	0.0	0.0	5.29999780655	0.0250004289361	0.0	0.0	0.0	0.0	0.0	0.00444657254654	0.0	0.0	0.0	0.0	0.0	3.95290385313e-06	0.0	0.0	0.000218388894912	0.0	1.28878214175e-06	0.0	34.0499992371	0.0
1835	284.3169988	808.249028524	273.021046956	0.0	0.0	0.0	0.0	0.0	5.29999780655	0.0250004289361	0.0	0.0	0.0	0.0	0.0	0.00444657254654	0.0	0.0	0.0	0.0	0.0	3.95290385313e-06	0.0	0.0	0.000218388894912	0.0	1.28878214175e-06	0.0	34.0499992371	0.0
1836	284.3169988	808.249028524	273.021046956	0.0	0.0	0.0	0.0	0.0	5.29999780655	0.0250004289361	0.0	0.0	0.0	0.0	0.0	0.00444657254654	0.0	0.0	0.0	0.0	0.0	3.95290385313e-06	0.0	0.0	0.000218388894912	0.0	1.28878214175e-06	0.0	34.0499992371	0.0
1837	284.3169988	808.249028524	273.021046956	0.0	0.0	0.0	0.0	0.0	5.29999780655	0.0250004289361	0.0	0.0	0.0	0.0	0.0	0.00444657254654	0.0	0.0	0.0	0.0	0.0	3.95290385313e-06	0.0	0.0	0.000218388894912	0.0	1.28878214175e-06	0.0	34.0499992371	0.0
1838	284.3169988	808.249028524	273.021046956	0.0	0.0	0.0	0.0	0.0	5.29999780655	0.0250004289361	0.0	0.0	0.0	0.0	0.0	0.00444657254654	0.0	0.0	0.0	0.0	0.0	3.95290385313e-06	0.0	0.0	0.000218388894912	0.0	1.28878214175e-06	0.0	34.0499992371	0.0
1839	284.3169988	808.249028524	273.021046956	0.0	0.0	0.0	0.0	0.0	5.29999780655	0.0250004289361	0.0	0.0	0.0	0.0	0.0	0.00444657254654	0.0	0.0	0.0	0.0	0.0	3.95290385313e-06	0.0	0.0	0.000218388894912	0.0	1.28878214175e-06	0.0	34.0499992371	0.0
1840	284.3169988	808.249028524	273.021046956	0.0	0.0	0.0	0.0	0.0	5.29999780655	0.0250004289361	0.0	0.0	0.0	0.0	0.0	0.00444657254654	0.0	0.0	0.0	0.0	0.0	3.95290385313e-06	0.0	0.0	0.000218388894912	0.0	1.28878214175e-06	0.0	34.0499992371	0.0
1841	284.3169988	808.249028524	273.021046956	0.0	0.0	0.0	0.0	0.0	5.29999780655	0.0250004289361	0.0	0.0	0.0	0.0	0.0	0.00444657254654	0.0	0.0	0.0	0.0	0.0	3.95290385313e-06	0.0	0.0	0.000218388894912	0.0	1.28878214175e-06	0.0	34.0499992371	0.0
1842	284.3169988	808.249028524	273.021046956	0.0	0.0	0.0	0.0	0.0	5.29999780655	0.0250004289361	0.0	0.0	0.0	0.0	0.0	0.00444657254654	0.0	0.0	0.0	0.0	0.0	3.95290385313e-06	0.0	0.0	0.000218388894912	0.0	1.28878214175e-06	0.0	34.0499992371	0.0
1843	284.3169988	808.249028524	273.021046956	0.0	0.0	0.0	0.0	0.0	5.29999780655	0.0250004289361	0.0	0.0	0.0	0.0	0.0	0.00444657254654	0.0	0.0	0.0	0.0	0.0	3.95290385313e-06	0.0	0.0	0.000218388894912	0.0	1.28878214175e-06	0.0	34.0499992371	0.0
1844	284.3169988	808.249028524	273.021046956	0.0	0.0	0.0	0.0	0.0	5.29999780655	0.0250004289361	0.0	0.0	0.0	0.0	0.0	0.00444657254654	0.0	0.0	0.0	0.0	0.0	3.95290385313e-06	0.0	0.0	0.000218388894912	0.0	1.28878214175e-06	0.0	34.0499992371	0.0
1845	284.3169988	808.249028524	273.021046956	0.0	0.0	0.0	0.0	0.0	5.29999780655	0.0250004289361	0.0	0.0	0.0	0.0	0.0	0.00444657254654	0.0	0.0	0.0	0.0	0.0	3.95290385313e-06	0.0	0.0	0.000218388894912	0.0	1.28878214175e-06	0.0	34.0499992371	0.0
1846	284.3169988	808.249028524	273.021046956	0.0	0.0	0.0	0.0	0.0	5.29999780655	0.0250004289361	0.0	0.0	0.0	0.0	0.0	0.00444657254654	0.0	0.0	0.0	0.0	0.0	3.95290385313e-06	0.0	0.0	0.000218388894912	0.0	1.28878214175e-06	0.0	34.0499992371	0.0
1847	284.3169988	808.249028524	273.021046956	0.0	0.0	0.0	0.0	0.0	5.29999780655	0.0250004289361	0.0	0.0	0.0	0.0	0.0	0.00444657254654	0.0	0.0	0.0	0.0	0.0	3.95290385313e-06	0.0	0.0	0.000218388894912	0.0	1.28878214175e-06	0.0	34.0499992371	0.0
1848	284.3169988	808.249028524	273.021046956	0.0	0.0	0.0	0.0	0.0	5.29999780655	0.0250004289361	0.0	0.0	0.0	0.0	0.0	0.00444657254654	0.0	0.0	0.0	0.0	0.0	3.95290385313e-06	0.0	0.0	0.000218388894912	0.0	1.28878214175e-06	0.0	34.0499992371	0.0
1849	284.3169988	808.249028524	273.021046956	0.0	0.0	0.0	0.0	0.0	5.29999780655	0.0250004289361	0.0	0.0	0.0	0.0	0.0	0.00444657254654	0.0	0.0	0.0	0.0	0.0	3.95290385313e-06	0.0	0.0	0.000218388894912	0.0	1.28878214175e-06	0.0	34.0499992371	0.0
1850	284.3169988	808.249028524	273.021046956	0.0	0.0	0.0	0.0	0.0	5.29999780655	0.0250004289361	0.0	0.0	0.0	0.0	0.0	0.00444657254654	0.0	0.0	0.0	0.0	0.0	3.95290385313e-06	0.0	0.0	0.000218388894912	0.0	1.28878214175e-06	0.0	34.0499992371	0.0
1851	287.160168788	808.249028524	273.021046956	0.0	0.0	0.0	0.0	0.0	5.29999780655	0.0250004289361	0.0	0.0	0.0	0.0	0.0	0.00444657254654	0.0	0.0	0.0	0.0	0.0	3.95290385313e-06	0.0	0.0	0.000218388894912	0.0	1.28878214175e-06	0.0	34.0499992371	0.0
1852	290.031770476	808.249028524	273.021046956	0.0	0.0	0.0	0.0	0.0	5.29999780655	0.0250004289361	0.0	0.0	0.0	0.0	0.0	0.00444657254654	0.0	0.0	0.0	0.0	0.0	3.95290385313e-06	0.0	0.0	0.000218388894912	0.0	1.28878214175e-06	0.0	34.0499992371	0.0
1853	292.93208818	808.249028524	273.021046956	0.0	0.0	0.0	0.0	0.0	5.29999780655	0.0250004289361	0.0	0.0	0.0	0.0	0.0	0.00444657254654	0.0	0.0	0.0	0.0	0.0	3.95290385313e-06	0.0	0.0	0.000218388894912	0.0	1.28878214175e-06	0.0	34.0499992371	0.0
1854	295.861409062	808.249028524	273.021046956	0.0	0.0	0.0	0.0	0.0	5.29999780655	0.0250004289361	0.0	0.0	0.0	0.0	0.0	0.00444657254654	0.0	0.0	0.0	0.0	0.0	3.95290385313e-06	0.0	0.0	0.000218388894912	0.0	1.28878214175e-06	0.0	34.0499992371	0.0
1855	298.820023153	808.249028524	273.021046956	0.0	0.0	0.0	0.0	0.0	5.29999780655	0.0250004289361	0.0	0.0	0.0	0.0	0.0	0.00444657254654	0.0	0.0	0.0	0.0	0.0	3.95290385313e-06	0.0	0.0	0.000218388894912	0.0	1.28878214175e-06	0.0	34.0499992371	0.0
1856	301.808223384	808.249028524	273.021046956	0.0	0.0	0.0	0.0	0.0	5.29999780655	0.0250004289361	0.0	0.0	0.0	0.0	0.0	0.00444657254654	0.0	0.0	0.0	0.0	0.0	3.95290385313e-06	0.0	0.0	0.000218388894912	0.0	1.28878214175e-06	0.0	34.0499992371	0.0
1857	304.826305618	808.249028524	273.021046956	0.0	0.0	0.0	0.0	0.0	5.29999780655	0.0250004289361	0.0	0.0	0.0	0.0	0.0	0.00444657254654	0.0	0.0	0.0	0.0	0.0	3.95290385313e-06	0.0	0.0	0.000218388894912	0.0	1.28878214175e-06	0.0	34.0499992371	0.0
1858	307.874568674	808.249028524	273.021046956	0.0	0.0	0.0	0.0	0.0	5.29999780655	0.0250004289361	0.0	0.0	0.0	0.0	0.0	0.00444657254654	0.0	0.0	0.0	0.0	0.0	3.95290385313e-06	0.0	0.0	0.000218388894912	0.0	1.28878214175e-06	0.0	34.0499992371	0.0
1859	310.953314361	808.249028524	273.021046956	0.0	0.0	0.0	0.0	0.0	5.29999780655	0.0250004289361	0.0	0.0	0.0	0.0	0.0	0.00444657254654	0.0	0.0	0.0	0.0	0.0	3.95290385313e-06	0.0	0.0	0.000218388894912	0.0	1.28878214175e-06	0.0	34.0499992371	0.0
1860	314.062847505	808.249028524	273.021046956	0.0	0.0	0.0	0.0	0.0	5.29999780655	0.0250004289361	0.0	0.0	0.0	0.0	0.0	0.00444657254654	0.0	0.0	0.0	0.0	0.0	3.95290385313e-06	0.0	0.0	0.000218388894912	0.0	1.28878214175e-06	0.0	34.0499992371	0.0
1861	317.20347598	808.249028524	273.021046956	0.0	0.0	0.0	0.0	0.0	5.29999780655	0.0250004289361	0.0	0.0	0.0	0.0	0.0	0.00444657254654	0.0	0.0	0.0	0.0	0.0	3.95290385313e-06	0.0	0.0	0.000218388894912	0.0	1.28878214175e-06	0.0	34.0499992371	0.0
1862	320.375510739	808.249028524	273.021046956	0.0	0.0	0.0	0.0	0.0	5.29999780655	0.0250004289361	0.0	0.0	0.0	0.0	0.0	0.00444657254654	0.0	0.0	0.0	0.0	0.0	3.95290385313e-06	0.0	0.0	0.000218388894912	0.0	1.28878214175e-06	0.0	34.0499992371	0.0
1863	323.579265847	808.249028524	273.021046956	0.0	0.0	0.0	0.0	0.0	5.29999780655	0.0250004289361	0.0	0.0	0.0	0.0	0.0	0.00444657254654	0.0	0.0	0.0	0.0	0.0	3.95290385313e-06	0.0	0.0	0.000218388894912	0.0	1.28878214175e-06	0.0	34.0499992371	0.0
1864	326.815058505	808.249028524	273.021046956	0.0	0.0	0.0	0.0	0.0	5.29999780655	0.0250004289361	0.0	0.0	0.0	0.0	0.0	0.00444657254654	0.0	0.0	0.0	0.0	0.0	3.95290385313e-06	0.0	0.0	0.000218388894912	0.0	1.28878214175e-06	0.0	34.0499992371	0.0
1865	330.08320909	808.249028524	273.021046956	0.0	0.0	0.0	0.0	0.0	5.29999780655	0.0250004289361	0.0	0.0	0.0	0.0	0.0	0.00444657254654	0.0	0.0	0.0	0.0	0.0	3.95290385313e-06	0.0	0.0	0.000218388894912	0.0	1.28878214175e-06	0.0	34.0499992371	0.0
1866	333.384041181	808.249028524	273.021046956	0.0	0.0	0.0	0.0	0.0	5.29999780655	0.0250004289361	0.0	0.0	0.0	0.0	0.0	0.00444657254654	0.0	0.0	0.0	0.0	0.0	3.95290385313e-06	0.0	0.0	0.000218388894912	0.0	1.28878214175e-06	0.0	34.0499992371	0.0
1867	336.717881593	808.249028524	273.021046956	0.0	0.0	0.0	0.0	0.0	5.29999780655	0.0250004289361	0.0	0.0	0.0	0.0	0.0	0.00444657254654	0.0	0.0	0.0	0.0	0.0	3.95290385313e-06	0.0	0.0	0.000218388894912	0.0	1.28878214175e-06	0.0	34.0499992371	0.0
1868	340.085060409	808.249028524	273.021046956	0.0	0.0	0.0	0.0	0.0	5.29999780655	0.0250004289361	0.0	0.0	0.0	0.0	0.0	0.00444657254654	0.0	0.0	0.0	0.0	0.0	3.95290385313e-06	0.0	0.0	0.000218388894912	0.0	1.28878214175e-06	0.0	34.0499992371	0.0
1869	343.485911013	808.249028524	273.021046956	0.0	0.0	0.0	0.0	0.0	5.29999780655	0.0250004289361	0.0	0.0	0.0	0.0	0.0	0.00444657254654	0.0	0.0	0.0	0.0	0.0	3.95290385313e-06	0.0	0.0	0.000218388894912	0.0	1.28878214175e-06	0.0	34.0499992371	0.0
1870	346.920770123	808.249028524	273.021046956	0.0	0.0	0.0	0.0	0.0	5.29999780655	0.0250004289361	0.0	0.0	0.0	0.0	0.0	0.00444657254654	0.0	0.0	0.0	0.0	0.0	3.95290385313e-06	0.0	0.0	0.000218388894912	0.0	1.28878214175e-06	0.0	34.0499992371	0.0
1871	350.389977824	808.249028524	273.021046956	0.0	0.0	0.0	0.0	0.0	5.29999780655	0.0250004289361	0.0	0.0	0.0	0.0	0.0	0.00444657254654	0.0	0.0	0.0	0.0	0.0	3.95290385313e-06	0.0	0.0	0.000218388894912	0.0	1.28878214175e-06	0.0	34.0499992371	0.0
1872	353.893877603	808.249028524	273.021046956	0.0	0.0	0.0	0.0	0.0	5.29999780655	0.0250004289361	0.0	0.0	0.0	0.0	0.0	0.00444657254654	0.0	0.0	0.0	0.0	0.0	3.95290385313e-06	0.0	0.0	0.000218388894912	0.0	1.28878214175e-06	0.0	34.0499992371	0.0
1873	357.432816379	808.249028524	273.021046956	0.0	0.0	0.0	0.0	0.0	5.29999780655	0.0250004289361	0.0	0.0	0.0	0.0	0.0	0.00444657254654	0.0	0.0	0.0	0.0	0.0	3.95290385313e-06	0.0	0.0	0.000218388894912	0.0	1.28878214175e-06	0.0	34.0499992371	0.0
1874	361.007144543	808.249028524	273.021046956	0.0	0.0	0.0	0.0	0.0	5.29999780655	0.0250004289361	0.0	0.0	0.0	0.0	0.0	0.00444657254654	0.0	0.0	0.0	0.0	0.0	3.95290385313e-06	0.0	0.0	0.000218388894912	0.0	1.28878214175e-06	0.0	34.0499992371	0.0
1875	364.617215988	808.249028524	273.021046956	0.0	0.0	0.0	0.0	0.0	5.29999780655	0.0250004289361	0.0	0.0	0.0	0.0	0.0	0.00444657254654	0.0	0.0	0.0	0.0	0.0	3.95290385313e-06	0.0	0.0	0.000218388894912	0.0	1.28878214175e-06	0.0	34.0499992371	0.0
1876	368.263388148	808.249028524	273.021046956	0.0	0.0	0.0	0.0	0.0	5.29999780655	0.0250004289361	0.0	0.0	0.0	0.0	0.0	0.00444657254654	0.0	0.0	0.0	0.0	0.0	3.95290385313e-06	0.0	0.0	0.000218388894912	0.0	1.28878214175e-06	0.0	34.0499992371	0.0
1877	371.946022029	808.249028524	273.021046956	0.0	0.0	0.0	0.0	0.0	5.29999780655	0.0250004289361	0.0	0.0	0.0	0.0	0.0	0.00444657254654	0.0	0.0	0.0	0.0	0.0	3.95290385313e-06	0.0	0.0	0.000218388894912	0.0	1.28878214175e-06	0.0	34.0499992371	0.0
1878	375.66548225	808.249028524	273.021046956	0.0	0.0	0.0	0.0	0.0	5.29999780655	0.0250004289361	0.0	0.0	0.0	0.0	0.0	0.00444657254654	0.0	0.0	0.0	0.0	0.0	3.95290385313e-06	0.0	0.0	0.000218388894912	0.0	1.28878214175e-06	0.0	34.0499992371	0.0
1879	379.422137072	808.249028524	273.021046956	0.0	0.0	0.0	0.0	0.0	5.29999780655	0.0250004289361	0.0	0.0	0.0	0.0	0.0	0.00444657254654	0.0	0.0	0.0	0.0	0.0	3.95290385313e-06	0.0	0.0	0.000218388894912	0.0	1.28878214175e-06	0.0	34.0499992371	0.0
1880	383.216358443	808.249028524	273.021046956	0.0	0.0	0.0	0.0	0.0	5.29999780655	0.0250004289361	0.0	0.0	0.0	0.0	0.0	0.00444657254654	0.0	0.0	0.0	0.0	0.0	3.95290385313e-06	0.0	0.0	0.000218388894912	0.0	1.28878214175e-06	0.0	34.0499992371	0.0
1881	387.048522027	808.249028524	273.021046956	0.0	0.0	0.0	0.0	0.0	5.29999780655	0.0250004289361	0.0	0.0	0.0	0.0	0.0	0.00444657254654	0.0	0.0	0.0	0.0	0.0	3.95290385313e-06	0.0	0.0	0.000218388894912	0.0	1.28878214175e-06	0.0	34.0499992371	0.0
1882	390.919007248	808.249028524	273.021046956	0.0	0.0	0.0	0.0	0.0	5.29999780655	0.0250004289361	0.0	0.0	0.0	0.0	0.0	0.00444657254654	0.0	0.0	0.0	0.0	0.0	3.95290385313e-06	0.0	0.0	0.000218388894912	0.0	1.28878214175e-06	0.0	34.0499992371	0.0
1883	394.82819732	808.249028524	273.021046956	0.0	0.0	0.0	0.0	0.0	5.29999780655	0.0250004289361	0.0	0.0	0.0	0.0	0.0	0.00444657254654	0.0	0.0	0.0	0.0	0.0	3.95290385313e-06	0.0	0.0	0.000218388894912	0.0	1.28878214175e-06	0.0	34.0499992371	0.0
1884	398.776479293	808.249028524	273.021046956	0.0	0.0	0.0	0.0	0.0	5.29999780655	0.0250004289361	0.0	0.0	0.0	0.0	0.0	0.00444657254654	0.0	0.0	0.0	0.0	0.0	3.95290385313e-06	0.0	0.0	0.000218388894912	0.0	1.28878214175e-06	0.0	34.0499992371	0.0
1885	402.764244086	808.249028524	273.021046956	0.0	0.0	0.0	0.0	0.0	5.29999780655	0.0250004289361	0.0	0.0	0.0	0.0	0.0	0.00444657254654	0.0	0.0	0.0	0.0	0.0	3.95290385313e-06	0.0	0.0	0.000218388894912	0.0	1.28878214175e-06	0.0	34.0499992371	0.0
1886	406.791886527	808.249028524	273.021046956	0.0	0.0	0.0	0.0	0.0	5.29999780655	0.0250004289361	0.0	0.0	0.0	0.0	0.0	0.00444657254654	0.0	0.0	0.0	0.0	0.0	3.95290385313e-06	0.0	0.0	0.000218388894912	0.0	1.28878214175e-06	0.0	34.0499992371	0.0
1887	410.859805392	808.249028524	273.021046956	0.0	0.0	0.0	0.0	0.0	5.29999780655	0.0250004289361	0.0	0.0	0.0	0.0	0.0	0.00444657254654	0.0	0.0	0.0	0.0	0.0	3.95290385313e-06	0.0	0.0	0.000218388894912	0.0	1.28878214175e-06	0.0	34.0499992371	0.0
1888	414.968403446	808.249028524	273.021046956	0.0	0.0	0.0	0.0	0.0	5.29999780655	0.0250004289361	0.0	0.0	0.0	0.0	0.0	0.00444657254654	0.0	0.0	0.0	0.0	0.0	3.95290385313e-06	0.0	0.0	0.000218388894912	0.0	1.28878214175e-06	0.0	34.0499992371	0.0
1889	419.118087481	808.249028524	273.021046956	0.0	0.0	0.0	0.0	0.0	5.29999780655	0.0250004289361	0.0	0.0	0.0	0.0	0.0	0.00444657254654	0.0	0.0	0.0	0.0	0.0	3.95290385313e-06	0.0	0.0	0.000218388894912	0.0	1.28878214175e-06	0.0	34.0499992371	0.0
1890	423.309268355	808.249028524	273.021046956	0.0	0.0	0.0	0.0	0.0	5.29999780655	0.0250004289361	0.0	0.0	0.0	0.0	0.0	0.00444657254654	0.0	0.0	0.0	0.0	0.0	3.95290385313e-06	0.0	0.0	0.000218388894912	0.0	1.28878214175e-06	0.0	34.0499992371	0.0
1891	427.542361039	808.249028524	273.021046956	0.0	0.0	0.0	0.0	0.0	5.29999780655	0.0250004289361	0.0	0.0	0.0	0.0	0.0	0.00444657254654	0.0	0.0	0.0	0.0	0.0	3.95290385313e-06	0.0	0.0	0.000218388894912	0.0	1.28878214175e-06	0.0	34.0499992371	0.0
1892	431.817784649	808.249028524	273.021046956	0.0	0.0	0.0	0.0	0.0	5.29999780655	0.0250004289361	0.0	0.0	0.0	0.0	0.0	0.00444657254654	0.0	0.0	0.0	0.0	0.0	3.95290385313e-06	0.0	0.0	0.000218388894912	0.0	1.28878214175e-06	0.0	34.0499992371	0.0
1893	436.135962496	808.249028524	273.021046956	0.0	0.0	0.0	0.0	0.0	5.29999780655	0.0250004289361	0.0	0.0	0.0	0.0	0.0	0.00444657254654	0.0	0.0	0.0	0.0	0.0	3.95290385313e-06	0.0	0.0	0.000218388894912	0.0	1.28878214175e-06	0.0	34.0499992371	0.0
1894	440.497322121	808.249028524	273.021046956	0.0	0.0	0.0	0.0	0.0	5.29999780655	0.0250004289361	0.0	0.0	0.0	0.0	0.0	0.00444657254654	0.0	0.0	0.0	0.0	0.0	3.95290385313e-06	0.0	0.0	0.000218388894912	0.0	1.28878214175e-06	0.0	34.0499992371	0.0
1895	444.902295342	808.249028524	273.021046956	0.0	0.0	0.0	0.0	0.0	5.29999780655	0.0250004289361	0.0	0.0	0.0	0.0	0.0	0.00444657254654	0.0	0.0	0.0	0.0	0.0	3.95290385313e-06	0.0	0.0	0.000218388894912	0.0	1.28878214175e-06	0.0	34.0499992371	0.0
1896	449.351318295	808.249028524	273.021046956	0.0	0.0	0.0	0.0	0.0	5.29999780655	0.0250004289361	0.0	0.0	0.0	0.0	0.0	0.00444657254654	0.0	0.0	0.0	0.0	0.0	3.95290385313e-06	0.0	0.0	0.000218388894912	0.0	1.28878214175e-06	0.0	34.0499992371	0.0
1897	453.844831478	808.249028524	273.021046956	0.0	0.0	0.0	0.0	0.0	5.29999780655	0.0250004289361	0.0	0.0	0.0	0.0	0.0	0.00444657254654	0.0	0.0	0.0	0.0	0.0	3.95290385313e-06	0.0	0.0	0.000218388894912	0.0	1.28878214175e-06	0.0	34.0499992371	0.0
1898	458.383279793	808.249028524	273.021046956	0.0	0.0	0.0	0.0	0.0	5.29999780655	0.0250004289361	0.0	0.0	0.0	0.0	0.0	0.00444657254654	0.0	0.0	0.0	0.0	0.0	3.95290385313e-06	0.0	0.0	0.000218388894912	0.0	1.28878214175e-06	0.0	34.0499992371	0.0
1899	462.967112591	808.249028524	273.021046956	0.0	0.0	0.0	0.0	0.0	5.29999780655	0.0250004289361	0.0	0.0	0.0	0.0	0.0	0.00444657254654	0.0	0.0	0.0	0.0	0.0	3.95290385313e-06	0.0	0.0	0.000218388894912	0.0	1.28878214175e-06	0.0	34.0499992371	0.0
1900	467.596783717	808.249028524	273.021046956	0.0	0.0	0.0	0.0	0.0	5.29999780655	0.0250004289361	0.0	0.0	0.0	0.0	0.0	0.00444657254654	0.0	0.0	0.0	0.0	0.0	3.95290385313e-06	0.0	0.0	0.000218388894912	0.0	1.28878214175e-06	0.0	34.0499992371	0.0
1901	472.272751554	808.249028524	273.021046956	0.0	0.0	0.0	0.0	0.0	5.29999780655	0.0250004289361	0.0	0.0	0.0	0.0	0.0	0.00444657254654	0.0	0.0	0.0	0.0	0.0	3.95290385313e-06	0.0	0.0	0.000218388894912	0.0	1.28878214175e-06	0.0	34.0499992371	0.0
1902	476.99547907	808.249028524	273.021046956	0.0	0.0	0.0	0.0	0.0	5.29999780655	0.0250004289361	0.0	0.0	0.0	0.0	0.0	0.00444657254654	0.0	0.0	0.0	0.0	0.0	3.95290385313e-06	0.0	0.0	0.000218388894912	0.0	1.28878214175e-06	0.0	34.0499992371	0.0
1903	481.76543386	808.249028524	273.021046956	0.0	0.0	0.0	0.0	0.0	5.29999780655	0.0250004289361	0.0	0.0	0.0	0.0	0.0	0.00444657254654	0.0	0.0	0.0	0.0	0.0	3.95290385313e-06	0.0	0.0	0.000218388894912	0.0	1.28878214175e-06	0.0	34.0499992371	0.0
1904	486.583088199	808.249028524	273.021046956	0.0	0.0	0.0	0.0	0.0	5.29999780655	0.0250004289361	0.0	0.0	0.0	0.0	0.0	0.00444657254654	0.0	0.0	0.0	0.0	0.0	3.95290385313e-06	0.0	0.0	0.000218388894912	0.0	1.28878214175e-06	0.0	34.0499992371	0.0
1905	491.448919081	808.249028524	273.021046956	0.0	0.0	0.0	0.0	0.0	5.29999780655	0.0250004289361	0.0	0.0	0.0	0.0	0.0	0.00444657254654	0.0	0.0	0.0	0.0	0.0	3.95290385313e-06	0.0	0.0	0.000218388894912	0.0	1.28878214175e-06	0.0	34.0499992371	0.0
1906	496.363408272	808.249028524	273.021046956	0.0	0.0	0.0	0.0	0.0	5.29999780655	0.0250004289361	0.0	0.0	0.0	0.0	0.0	0.00444657254654	0.0	0.0	0.0	0.0	0.0	3.95290385313e-06	0.0	0.0	0.000218388894912	0.0	1.28878214175e-06	0.0	34.0499992371	0.0
1907	501.327042355	808.249028524	273.021046956	0.0	0.0	0.0	0.0	0.0	5.29999780655	0.0250004289361	0.0	0.0	0.0	0.0	0.0	0.00444657254654	0.0	0.0	0.0	0.0	0.0	3.95290385313e-06	0.0	0.0	0.000218388894912	0.0	1.28878214175e-06	0.0	34.0499992371	0.0
1908	506.340312778	808.249028524	273.021046956	0.0	0.0	0.0	0.0	0.0	5.29999780655	0.0250004289361	0.0	0.0	0.0	0.0	0.0	0.00444657254654	0.0	0.0	0.0	0.0	0.0	3.95290385313e-06	0.0	0.0	0.000218388894912	0.0	1.28878214175e-06	0.0	34.0499992371	0.0
1909	511.403715906	808.249028524	273.021046956	0.0	0.0	0.0	0.0	0.0	5.29999780655	0.0250004289361	0.0	0.0	0.0	0.0	0.0	0.00444657254654	0.0	0.0	0.0	0.0	0.0	3.95290385313e-06	0.0	0.0	0.000218388894912	0.0	1.28878214175e-06	0.0	34.0499992371	0.0
1910	516.517753065	808.249028524	273.021046956	0.0	0.0	0.0	0.0	0.0	5.29999780655	0.0250004289361	0.0	0.0	0.0	0.0	0.0	0.00444657254654	0.0	0.0	0.0	0.0	0.0	3.95290385313e-06	0.0	0.0	0.000218388894912	0.0	1.28878214175e-06	0.0	34.0499992371	0.0
1911	521.682930596	808.249028524	273.021046956	0.0	0.0	0.0	0.0	0.0	5.29999780655	0.0250004289361	0.0	0.0	0.0	0.0	0.0	0.00444657254654	0.0	0.0	0.0	0.0	0.0	3.95290385313e-06	0.0	0.0	0.000218388894912	0.0	1.28878214175e-06	0.0	34.0499992371	0.0
1912	526.899759902	808.249028524	273.021046956	0.0	0.0	0.0	0.0	0.0	5.29999780655	0.0250004289361	0.0	0.0	0.0	0.0	0.0	0.00444657254654	0.0	0.0	0.0	0.0	0.0	3.95290385313e-06	0.0	0.0	0.000218388894912	0.0	1.28878214175e-06	0.0	34.0499992371	0.0
1913	532.168757501	808.249028524	273.021046956	0.0	0.0	0.0	0.0	0.0	5.29999780655	0.0250004289361	0.0	0.0	0.0	0.0	0.0	0.00444657254654	0.0	0.0	0.0	0.0	0.0	3.95290385313e-06	0.0	0.0	0.000218388894912	0.0	1.28878214175e-06	0.0	34.0499992371	0.0
1914	537.490445076	808.249028524	273.021046956	0.0	0.0	0.0	0.0	0.0	5.29999780655	0.0250004289361	0.0	0.0	0.0	0.0	0.0	0.00444657254654	0.0	0.0	0.0	0.0	0.0	3.95290385313e-06	0.0	0.0	0.000218388894912	0.0	1.28878214175e-06	0.0	34.0499992371	0.0
1915	542.865349526	808.249028524	273.021046956	0.0	0.0	0.0	0.0	0.0	5.29999780655	0.0250004289361	0.0	0.0	0.0	0.0	0.0	0.00444657254654	0.0	0.0	0.0	0.0	0.0	3.95290385313e-06	0.0	0.0	0.000218388894912	0.0	1.28878214175e-06	0.0	34.0499992371	0.0
1916	548.294003022	808.249028524	273.021046956	0.0	0.0	0.0	0.0	0.0	5.29999780655	0.0250004289361	0.0	0.0	0.0	0.0	0.0	0.00444657254654	0.0	0.0	0.0	0.0	0.0	3.95290385313e-06	0.0	0.0	0.000218388894912	0.0	1.28878214175e-06	0.0	34.0499992371	0.0
1917	553.776943052	808.249028524	273.021046956	0.0	0.0	0.0	0.0	0.0	5.29999780655	0.0250004289361	0.0	0.0	0.0	0.0	0.0	0.00444657254654	0.0	0.0	0.0	0.0	0.0	3.95290385313e-06	0.0	0.0	0.000218388894912	0.0	1.28878214175e-06	0.0	34.0499992371	0.0
1918	559.314712482	808.249028524	273.021046956	0.0	0.0	0.0	0.0	0.0	5.29999780655	0.0250004289361	0.0	0.0	0.0	0.0	0.0	0.00444657254654	0.0	0.0	0.0	0.0	0.0	3.95290385313e-06	0.0	0.0	0.000218388894912	0.0	1.28878214175e-06	0.0	34.0499992371	0.0
1919	564.907859607	808.249028524	273.021046956	0.0	0.0	0.0	0.0	0.0	5.29999780655	0.0250004289361	0.0	0.0	0.0	0.0	0.0	0.00444657254654	0.0	0.0	0.0	0.0	0.0	3.95290385313e-06	0.0	0.0	0.000218388894912	0.0	1.28878214175e-06	0.0	34.0499992371	0.0
1920	570.556938203	808.249028524	273.021046956	0.0	0.0	0.0	0.0	0.0	5.29999780655	0.0250004289361	0.0	0.0	0.0	0.0	0.0	0.00444657254654	0.0	0.0	0.0	0.0	0.0	3.95290385313e-06	0.0	0.0	0.000218388894912	0.0	1.28878214175e-06	0.0	34.0499992371	0.0
1921	576.262507585	808.249028524	273.021046956	0.0	0.0	0.0	0.0	0.0	5.29999780655	0.0250004289361	0.0	0.0	0.0	0.0	0.0	0.00444657254654	0.0	0.0	0.0	0.0	0.0	3.95290385313e-06	0.0	0.0	0.000218388894912	0.0	1.28878214175e-06	0.0	34.0499992371	0.0
1922	582.025132661	808.249028524	273.021046956	0.0	0.0	0.0	0.0	0.0	5.29999780655	0.0250004289361	0.0	0.0	0.0	0.0	0.0	0.00444657254654	0.0	0.0	0.0	0.0	0.0	3.95290385313e-06	0.0	0.0	0.000218388894912	0.0	1.28878214175e-06	0.0	34.0499992371	0.0
1923	587.845383988	808.249028524	273.021046956	0.0	0.0	0.0	0.0	0.0	5.29999780655	0.0250004289361	0.0	0.0	0.0	0.0	0.0	0.00444657254654	0.0	0.0	0.0	0.0	0.0	3.95290385313e-06	0.0	0.0	0.000218388894912	0.0	1.28878214175e-06	0.0	34.0499992371	0.0
1924	593.723837828	808.249028524	273.021046956	0.0	0.0	0.0	0.0	0.0	5.29999780655	0.0250004289361	0.0	0.0	0.0	0.0	0.0	0.00444657254654	0.0	0.0	0.0	0.0	0.0	3.95290385313e-06	0.0	0.0	0.000218388894912	0.0	1.28878214175e-06	0.0	34.0499992371	0.0
1925	599.661076206	808.249028524	273.021046956	0.0	0.0	0.0	0.0	0.0	5.29999780655	0.0250004289361	0.0	0.0	0.0	0.0	0.0	0.00444657254654	0.0	0.0	0.0	0.0	0.0	3.95290385313e-06	0.0	0.0	0.000218388894912	0.0	1.28878214175e-06	0.0	34.0499992371	0.0
1926	605.657686968	808.249028524	273.021046956	0.0	0.0	0.0	0.0	0.0	5.29999780655	0.0250004289361	0.0	0.0	0.0	0.0	0.0	0.00444657254654	0.0	0.0	0.0	0.0	0.0	3.95290385313e-06	0.0	0.0	0.000218388894912	0.0	1.28878214175e-06	0.0	34.0499992371	0.0
1927	611.714263838	808.249028524	273.021046956	0.0	0.0	0.0	0.0	0.0	5.29999780655	0.0250004289361	0.0	0.0	0.0	0.0	0.0	0.00444657254654	0.0	0.0	0.0	0.0	0.0	3.95290385313e-06	0.0	0.0	0.000218388894912	0.0	1.28878214175e-06	0.0	34.0499992371	0.0
1928	617.831406476	808.249028524	273.021046956	0.0	0.0	0.0	0.0	0.0	5.29999780655	0.0250004289361	0.0	0.0	0.0	0.0	0.0	0.00444657254654	0.0	0.0	0.0	0.0	0.0	3.95290385313e-06	0.0	0.0	0.000218388894912	0.0	1.28878214175e-06	0.0	34.0499992371	0.0
1929	624.009720541	808.249028524	273.021046956	0.0	0.0	0.0	0.0	0.0	5.29999780655	0.0250004289361	0.0	0.0	0.0	0.0	0.0	0.00444657254654	0.0	0.0	0.0	0.0	0.0	3.95290385313e-06	0.0	0.0	0.000218388894912	0.0	1.28878214175e-06	0.0	34.0499992371	0.0
1930	630.249817746	808.249028524	273.021046956	0.0	0.0	0.0	0.0	0.0	5.29999780655	0.0250004289361	0.0	0.0	0.0	0.0	0.0	0.00444657254654	0.0	0.0	0.0	0.0	0.0	3.95290385313e-06	0.0	0.0	0.000218388894912	0.0	1.28878214175e-06	0.0	34.0499992371	0.0
1931	636.552315924	808.249028524	273.021046956	0.0	0.0	0.0	0.0	0.0	5.29999780655	0.0250004289361	0.0	0.0	0.0	0.0	0.0	0.00444657254654	0.0	0.0	0.0	0.0	0.0	3.95290385313e-06	0.0	0.0	0.000218388894912	0.0	1.28878214175e-06	0.0	34.0499992371	0.0
1932	642.917839083	808.249028524	273.021046956	0.0	0.0	0.0	0.0	0.0	5.29999780655	0.0250004289361	0.0	0.0	0.0	0.0	0.0	0.00444657254654	0.0	0.0	0.0	0.0	0.0	3.95290385313e-06	0.0	0.0	0.000218388894912	0.0	1.28878214175e-06	0.0	34.0499992371	0.0
1933	649.347017474	808.249028524	273.021046956	0.0	0.0	0.0	0.0	0.0	5.29999780655	0.0250004289361	0.0	0.0	0.0	0.0	0.0	0.00444657254654	0.0	0.0	0.0	0.0	0.0	3.95290385313e-06	0.0	0.0	0.000218388894912	0.0	1.28878214175e-06	0.0	34.0499992371	0.0
1934	655.840487648	808.249028524	273.021046956	0.0	0.0	0.0	0.0	0.0	5.29999780655	0.0250004289361	0.0	0.0	0.0	0.0	0.0	0.00444657254654	0.0	0.0	0.0	0.0	0.0	3.95290385313e-06	0.0	0.0	0.000218388894912	0.0	1.28878214175e-06	0.0	34.0499992371	0.0
1935	662.398892525	808.249028524	273.021046956	0.0	0.0	0.0	0.0	0.0	5.29999780655	0.0250004289361	0.0	0.0	0.0	0.0	0.0	0.00444657254654	0.0	0.0	0.0	0.0	0.0	3.95290385313e-06	0.0	0.0	0.000218388894912	0.0	1.28878214175e-06	0.0	34.0499992371	0.0
1936	669.02288145	808.249028524	273.021046956	0.0	0.0	0.0	0.0	0.0	5.29999780655	0.0250004289361	0.0	0.0	0.0	0.0	0.0	0.00444657254654	0.0	0.0	0.0	0.0	0.0	3.95290385313e-06	0.0	0.0	0.000218388894912	0.0	1.28878214175e-06	0.0	34.0499992371	0.0
1937	675.713110265	808.249028524	273.021046956	0.0	0.0	0.0	0.0	0.0	5.29999780655	0.0250004289361	0.0	0.0	0.0	0.0	0.0	0.00444657254654	0.0	0.0	0.0	0.0	0.0	3.95290385313e-06	0.0	0.0	0.000218388894912	0.0	1.28878214175e-06	0.0	34.0499992371	0.0
1938	682.470241367	808.249028524	273.021046956	0.0	0.0	0.0	0.0	0.0	5.29999780655	0.0250004289361	0.0	0.0	0.0	0.0	0.0	0.00444657254654	0.0	0.0	0.0	0.0	0.0	3.95290385313e-06	0.0	0.0	0.000218388894912	0.0	1.28878214175e-06	0.0	34.0499992371	0.0
1939	689.294943781	808.249028524	273.021046956	0.0	0.0	0.0	0.0	0.0	5.29999780655	0.0250004289361	0.0	0.0	0.0	0.0	0.0	0.00444657254654	0.0	0.0	0.0	0.0	0.0	3.95290385313e-06	0.0	0.0	0.000218388894912	0.0	1.28878214175e-06	0.0	34.0499992371	0.0
1940	696.187893219	808.249028524	273.021046956	0.0	0.0	0.0	0.0	0.0	5.29999780655	0.0250004289361	0.0	0.0	0.0	0.0	0.0	0.00444657254654	0.0	0.0	0.0	0.0	0.0	3.95290385313e-06	0.0	0.0	0.000218388894912	0.0	1.28878214175e-06	0.0	34.0499992371	0.0
1941	703.149772151	808.249028524	273.021046956	0.0	0.0	0.0	0.0	0.0	5.29999780655	0.0250004289361	0.0	0.0	0.0	0.0	0.0	0.00444657254654	0.0	0.0	0.0	0.0	0.0	3.95290385313e-06	0.0	0.0	0.000218388894912	0.0	1.28878214175e-06	0.0	34.0499992371	0.0
1942	710.181269872	808.249028524	273.021046956	0.0	0.0	0.0	0.0	0.0	5.29999780655	0.0250004289361	0.0	0.0	0.0	0.0	0.0	0.00444657254654	0.0	0.0	0.0	0.0	0.0	3.95290385313e-06	0.0	0.0	0.000218388894912	0.0	1.28878214175e-06	0.0	34.0499992371	0.0
1943	717.283082571	808.249028524	273.021046956	0.0	0.0	0.0	0.0	0.0	5.29999780655	0.0250004289361	0.0	0.0	0.0	0.0	0.0	0.00444657254654	0.0	0.0	0.0	0.0	0.0	3.95290385313e-06	0.0	0.0	0.000218388894912	0.0	1.28878214175e-06	0.0	34.0499992371	0.0
1944	724.455913397	808.249028524	273.021046956	0.0	0.0	0.0	0.0	0.0	5.29999780655	0.0250004289361	0.0	0.0	0.0	0.0	0.0	0.00444657254654	0.0	0.0	0.0	0.0	0.0	3.95290385313e-06	0.0	0.0	0.000218388894912	0.0	1.28878214175e-06	0.0	34.0499992371	0.0
1945	731.700472531	808.249028524	273.021046956	0.0	0.0	0.0	0.0	0.0	5.29999780655	0.0250004289361	0.0	0.0	0.0	0.0	0.0	0.00444657254654	0.0	0.0	0.0	0.0	0.0	3.95290385313e-06	0.0	0.0	0.000218388894912	0.0	1.28878214175e-06	0.0	34.0499992371	0.0
1946	739.017477256	808.249028524	273.021046956	0.0	0.0	0.0	0.0	0.0	5.29999780655	0.0250004289361	0.0	0.0	0.0	0.0	0.0	0.00444657254654	0.0	0.0	0.0	0.0	0.0	3.95290385313e-06	0.0	0.0	0.000218388894912	0.0	1.28878214175e-06	0.0	34.0499992371	0.0
1947	746.407652029	808.249028524	273.021046956	0.0	0.0	0.0	0.0	0.0	5.29999780655	0.0250004289361	0.0	0.0	0.0	0.0	0.0	0.00444657254654	0.0	0.0	0.0	0.0	0.0	3.95290385313e-06	0.0	0.0	0.000218388894912	0.0	1.28878214175e-06	0.0	34.0499992371	0.0
1948	753.871728549	808.249028524	273.021046956	0.0	0.0	0.0	0.0	0.0	5.29999780655	0.0250004289361	0.0	0.0	0.0	0.0	0.0	0.00444657254654	0.0	0.0	0.0	0.0	0.0	3.95290385313e-06	0.0	0.0	0.000218388894912	0.0	1.28878214175e-06	0.0	34.0499992371	0.0
1949	761.410445835	808.249028524	273.021046956	0.0	0.0	0.0	0.0	0.0	5.29999780655	0.0250004289361	0.0	0.0	0.0	0.0	0.0	0.00444657254654	0.0	0.0	0.0	0.0	0.0	3.95290385313e-06	0.0	0.0	0.000218388894912	0.0	1.28878214175e-06	0.0	34.0499992371	0.0
1950	769.024550293	808.249028524	273.021046956	0.0	0.0	0.0	0.0	0.0	5.29999780655	0.0250004289361	0.0	0.0	0.0	0.0	0.0	0.00444657254654	0.0	0.0	0.0	0.0	0.0	3.95290385313e-06	0.0	0.0	0.000218388894912	0.0	1.28878214175e-06	0.0	34.0499992371	0.0
1951	776.714795796	808.249028524	273.021046956	0.0	0.0	0.0	0.0	0.0	5.29999780655	0.0250004289361	0.0	0.0	0.0	0.0	0.0	0.00444657254654	0.0	0.0	0.0	0.0	0.0	3.95290385313e-06	0.0	0.0	0.000218388894912	0.0	1.28878214175e-06	0.0	34.0499992371	0.0
1952	784.481943754	808.249028524	273.021046956	0.0	0.0	0.0	0.0	0.0	5.29999780655	0.0250004289361	0.0	0.0	0.0	0.0	0.0	0.00444657254654	0.0	0.0	0.0	0.0	0.0	3.95290385313e-06	0.0	0.0	0.000218388894912	0.0	1.28878214175e-06	0.0	34.0499992371	0.0
1953	792.326763191	808.249028524	273.021046956	0.0	0.0	0.0	0.0	0.0	5.29999780655	0.0250004289361	0.0	0.0	0.0	0.0	0.0	0.00444657254654	0.0	0.0	0.0	0.0	0.0	3.95290385313e-06	0.0	0.0	0.000218388894912	0.0	1.28878214175e-06	0.0	34.0499992371	0.0
1954	800.250030823	808.249028524	273.021046956	0.0	0.0	0.0	0.0	0.0	5.29999780655	0.0250004289361	0.0	0.0	0.0	0.0	0.0	0.00444657254654	0.0	0.0	0.0	0.0	0.0	3.95290385313e-06	0.0	0.0	0.000218388894912	0.0	1.28878214175e-06	0.0	34.0499992371	0.0
1955	808.252531131	808.249028524	273.021046956	0.0	0.0	0.0	0.0	0.0	5.29999780655	0.0250004289361	0.0	0.0	0.0	0.0	0.0	0.00444657254654	0.0	0.0	0.0	0.0	0.0	3.95290385313e-06	0.0	0.0	0.000218388894912	0.0	1.28878214175e-06	0.0	34.0499992371	0.0
1956	816.335056443	808.249028524	273.021046956	0.0	0.0	0.0	0.0	0.0	5.29999780655	0.0250004289361	0.0	0.0	0.0	0.0	0.0	0.00444657254654	0.0	0.0	0.0	0.0	0.0	3.95290385313e-06	0.0	0.0	0.000218388894912	0.0	1.28878214175e-06	0.0	34.0499992371	0.0
1957	824.498407007	808.249028524	273.021046956	0.0	0.0	0.0	0.0	0.0	5.29999780655	0.0250004289361	0.0	0.0	0.0	0.0	0.0	0.00444657254654	0.0	0.0	0.0	0.0	0.0	3.95290385313e-06	0.0	0.0	0.000218388894912	0.0	1.28878214175e-06	0.0	34.0499992371	0.0
1958	832.743391077	808.249028524	273.021046956	0.0	0.0	0.0	0.0	0.0	5.29999780655	0.0250004289361	0.0	0.0	0.0	0.0	0.0	0.00444657254654	0.0	0.0	0.0	0.0	0.0	3.95290385313e-06	0.0	0.0	0.000218388894912	0.0	1.28878214175e-06	0.0	34.0499992371	0.0
1959	841.070824988	808.249028524	273.021046956	0.0	0.0	0.0	0.0	0.0	5.29999780655	0.0250004289361	0.0	0.0	0.0	0.0	0.0	0.00444657254654	0.0	0.0	0.0	0.0	0.0	3.95290385313e-06	0.0	0.0	0.000218388894912	0.0	1.28878214175e-06	0.0	34.0499992371	0.0
1960	849.481533238	808.249028524	273.021046956	0.0	0.0	0.0	0.0	0.0	5.29999780655	0.0250004289361	0.0	0.0	0.0	0.0	0.0	0.00444657254654	0.0	0.0	0.0	0.0	0.0	3.95290385313e-06	0.0	0.0	0.000218388894912	0.0	1.28878214175e-06	0.0	34.0499992371	0.0
1961	857.97634857	808.249028524	273.021046956	0.0	0.0	0.0	0.0	0.0	5.29999780655	0.0250004289361	0.0	0.0	0.0	0.0	0.0	0.00444657254654	0.0	0.0	0.0	0.0	0.0	3.95290385313e-06	0.0	0.0	0.000218388894912	0.0	1.28878214175e-06	0.0	34.0499992371	0.0
1962	866.556112056	808.249028524	273.021046956	0.0	0.0	0.0	0.0	0.0	5.29999780655	0.0250004289361	0.0	0.0	0.0	0.0	0.0	0.00444657254654	0.0	0.0	0.0	0.0	0.0	3.95290385313e-06	0.0	0.0	0.000218388894912	0.0	1.28878214175e-06	0.0	34.0499992371	0.0
1963	875.221673177	808.249028524	273.021046956	0.0	0.0	0.0	0.0	0.0	5.29999780655	0.0250004289361	0.0	0.0	0.0	0.0	0.0	0.00444657254654	0.0	0.0	0.0	0.0	0.0	3.95290385313e-06	0.0	0.0	0.000218388894912	0.0	1.28878214175e-06	0.0	34.0499992371	0.0
1964	883.973889908	808.249028524	273.021046956	0.0	0.0	0.0	0.0	0.0	5.29999780655	0.0250004289361	0.0	0.0	0.0	0.0	0.0	0.00444657254654	0.0	0.0	0.0	0.0	0.0	3.95290385313e-06	0.0	0.0	0.000218388894912	0.0	1.28878214175e-06	0.0	34.0499992371	0.0
1965	892.813628807	808.249028524	273.021046956	0.0	0.0	0.0	0.0	0.0	5.29999780655	0.0250004289361	0.0	0.0	0.0	0.0	0.0	0.00444657254654	0.0	0.0	0.0	0.0	0.0	3.95290385313e-06	0.0	0.0	0.000218388894912	0.0	1.28878214175e-06	0.0	34.0499992371	0.0
1966	901.741765096	808.249028524	273.021046956	0.0	0.0	0.0	0.0	0.0	5.29999780655	0.0250004289361	0.0	0.0	0.0	0.0	0.0	0.00444657254654	0.0	0.0	0.0	0.0	0.0	3.95290385313e-06	0.0	0.0	0.000218388894912	0.0	1.28878214175e-06	0.0	34.0499992371	0.0
1967	910.759182746	808.249028524	273.021046956	0.0	0.0	0.0	0.0	0.0	5.29999780655	0.0250004289361	0.0	0.0	0.0	0.0	0.0	0.00444657254654	0.0	0.0	0.0	0.0	0.0	3.95290385313e-06	0.0	0.0	0.000218388894912	0.0	1.28878214175e-06	0.0	34.0499992371	0.0
1968	919.866774574	808.249028524	273.021046956	0.0	0.0	0.0	0.0	0.0	5.29999780655	0.0250004289361	0.0	0.0	0.0	0.0	0.0	0.00444657254654	0.0	0.0	0.0	0.0	0.0	3.95290385313e-06	0.0	0.0	0.000218388894912	0.0	1.28878214175e-06	0.0	34.0499992371	0.0
1969	929.06544232	808.249028524	273.021046956	0.0	0.0	0.0	0.0	0.0	5.29999780655	0.0250004289361	0.0	0.0	0.0	0.0	0.0	0.00444657254654	0.0	0.0	0.0	0.0	0.0	3.95290385313e-06	0.0	0.0	0.000218388894912	0.0	1.28878214175e-06	0.0	34.0499992371	0.0
1970	938.356096743	808.249028524	273.021046956	0.0	0.0	0.0	0.0	0.0	5.29999780655	0.0250004289361	0.0	0.0	0.0	0.0	0.0	0.00444657254654	0.0	0.0	0.0	0.0	0.0	3.95290385313e-06	0.0	0.0	0.000218388894912	0.0	1.28878214175e-06	0.0	34.0499992371	0.0
1971	947.73965771	808.249028524	273.021046956	0.0	0.0	0.0	0.0	0.0	5.29999780655	0.0250004289361	0.0	0.0	0.0	0.0	0.0	0.00444657254654	0.0	0.0	0.0	0.0	0.0	3.95290385313e-06	0.0	0.0	0.000218388894912	0.0	1.28878214175e-06	0.0	34.0499992371	0.0
1972	957.217054287	808.249028524	273.021046956	0.0	0.0	0.0	0.0	0.0	5.29999780655	0.0250004289361	0.0	0.0	0.0	0.0	0.0	0.00444657254654	0.0	0.0	0.0	0.0	0.0	3.95290385313e-06	0.0	0.0	0.000218388894912	0.0	1.28878214175e-06	0.0	34.0499992371	0.0
1973	966.78922483	808.249028524	273.021046956	0.0	0.0	0.0	0.0	0.0	5.29999780655	0.0250004289361	0.0	0.0	0.0	0.0	0.0	0.00444657254654	0.0	0.0	0.0	0.0	0.0	3.95290385313e-06	0.0	0.0	0.000218388894912	0.0	1.28878214175e-06	0.0	34.0499992371	0.0
1974	976.457117079	808.249028524	273.021046956	0.0	0.0	0.0	0.0	0.0	5.29999780655	0.0250004289361	0.0	0.0	0.0	0.0	0.0	0.00444657254654	0.0	0.0	0.0	0.0	0.0	3.95290385313e-06	0.0	0.0	0.000218388894912	0.0	1.28878214175e-06	0.0	34.0499992371	0.0
1975	986.221688249	808.249028524	273.021046956	0.0	0.0	0.0	0.0	0.0	5.29999780655	0.0250004289361	0.0	0.0	0.0	0.0	0.0	0.00444657254654	0.0	0.0	0.0	0.0	0.0	3.95290385313e-06	0.0	0.0	0.000218388894912	0.0	1.28878214175e-06	0.0	34.0499992371	0.0
1976	996.083905132	808.249028524	273.021046956	0.0	0.0	0.0	0.0	0.0	5.29999780655	0.0250004289361	0.0	0.0	0.0	0.0	0.0	0.00444657254654	0.0	0.0	0.0	0.0	0.0	3.95290385313e-06	0.0	0.0	0.000218388894912	0.0	1.28878214175e-06	0.0	34.0499992371	0.0
1977	1006.04474418	808.249028524	273.021046956	0.0	0.0	0.0	0.0	0.0	5.29999780655	0.0250004289361	0.0	0.0	0.0	0.0	0.0	0.00444657254654	0.0	0.0	0.0	0.0	0.0	3.95290385313e-06	0.0	0.0	0.000218388894912	0.0	1.28878214175e-06	0.0	34.0499992371	0.0
1978	1016.10519162	808.249028524	273.021046956	0.0	0.0	0.0	0.0	0.0	5.29999780655	0.0250004289361	0.0	0.0	0.0	0.0	0.0	0.00444657254654	0.0	0.0	0.0	0.0	0.0	3.95290385313e-06	0.0	0.0	0.000218388894912	0.0	1.28878214175e-06	0.0	34.0499992371	0.0
1979	1026.26624354	808.249028524	273.021046956	0.0	0.0	0.0	0.0	0.0	5.29999780655	0.0250004289361	0.0	0.0	0.0	0.0	0.0	0.00444657254654	0.0	0.0	0.0	0.0	0.0	3.95290385313e-06	0.0	0.0	0.000218388894912	0.0	1.28878214175e-06	0.0	34.0499992371	0.0
1980	1036.52890598	808.249028524	273.021046956	0.0	0.0	0.0	0.0	0.0	5.29999780655	0.0250004289361	0.0	0.0	0.0	0.0	0.0	0.00444657254654	0.0	0.0	0.0	0.0	0.0	3.95290385313e-06	0.0	0.0	0.000218388894912	0.0	1.28878214175e-06	0.0	34.0499992371	0.0
1981	1046.89419504	808.249028524	273.021046956	0.0	0.0	0.0	0.0	0.0	5.29999780655	0.0250004289361	0.0	0.0	0.0	0.0	0.0	0.00444657254654	0.0	0.0	0.0	0.0	0.0	3.95290385313e-06	0.0	0.0	0.000218388894912	0.0	1.28878214175e-06	0.0	34.0499992371	0.0
1982	1057.36313699	808.249028524	273.021046956	0.0	0.0	0.0	0.0	0.0	5.29999780655	0.0250004289361	0.0	0.0	0.0	0.0	0.0	0.00444657254654	0.0	0.0	0.0	0.0	0.0	3.95290385313e-06	0.0	0.0	0.000218388894912	0.0	1.28878214175e-06	0.0	34.0499992371	0.0
1983	1067.93676836	808.249028524	273.021046956	0.0	0.0	0.0	0.0	0.0	5.29999780655	0.0250004289361	0.0	0.0	0.0	0.0	0.0	0.00444657254654	0.0	0.0	0.0	0.0	0.0	3.95290385313e-06	0.0	0.0	0.000218388894912	0.0	1.28878214175e-06	0.0	34.0499992371	0.0
1984	1078.61613604	808.249028524	273.021046956	0.0	0.0	0.0	0.0	0.0	5.29999780655	0.0250004289361	0.0	0.0	0.0	0.0	0.0	0.00444657254654	0.0	0.0	0.0	0.0	0.0	3.95290385313e-06	0.0	0.0	0.000218388894912	0.0	1.28878214175e-06	0.0	34.0499992371	0.0
1985	1089.4022974	808.249028524	273.021046956	0.0	0.0	0.0	0.0	0.0	5.29999780655	0.0250004289361	0.0	0.0	0.0	0.0	0.0	0.00444657254654	0.0	0.0	0.0	0.0	0.0	3.95290385313e-06	0.0	0.0	0.000218388894912	0.0	1.28878214175e-06	0.0	34.0499992371	0.0
1986	1100.29632037	808.249028524	273.021046956	0.0	0.0	0.0	0.0	0.0	5.29999780655	0.0250004289361	0.0	0.0	0.0	0.0	0.0	0.00444657254654	0.0	0.0	0.0	0.0	0.0	3.95290385313e-06	0.0	0.0	0.000218388894912	0.0	1.28878214175e-06	0.0	34.0499992371	0.0
1987	1111.29928358	808.249028524	273.021046956	0.0	0.0	0.0	0.0	0.0	5.29999780655	0.0250004289361	0.0	0.0	0.0	0.0	0.0	0.00444657254654	0.0	0.0	0.0	0.0	0.0	3.95290385313e-06	0.0	0.0	0.000218388894912	0.0	1.28878214175e-06	0.0	34.0499992371	0.0
1988	1122.41227641	808.249028524	273.021046956	0.0	0.0	0.0	0.0	0.0	5.29999780655	0.0250004289361	0.0	0.0	0.0	0.0	0.0	0.00444657254654	0.0	0.0	0.0	0.0	0.0	3.95290385313e-06	0.0	0.0	0.000218388894912	0.0	1.28878214175e-06	0.0	34.0499992371	0.0
1989	1133.63639918	808.249028524	273.021046956	0.0	0.0	0.0	0.0	0.0	5.29999780655	0.0250004289361	0.0	0.0	0.0	0.0	0.0	0.00444657254654	0.0	0.0	0.0	0.0	0.0	3.95290385313e-06	0.0	0.0	0.000218388894912	0.0	1.28878214175e-06	0.0	34.0499992371	0.0
1990	1144.97276317	808.249028524	273.021046956	0.0	0.0	0.0	0.0	0.0	5.29999780655	0.0250004289361	0.0	0.0	0.0	0.0	0.0	0.00444657254654	0.0	0.0	0.0	0.0	0.0	3.95290385313e-06	0.0	0.0	0.000218388894912	0.0	1.28878214175e-06	0.0	34.0499992371	0.0
1991	1156.4224908	808.249028524	273.021046956	0.0	0.0	0.0	0.0	0.0	5.29999780655	0.0250004289361	0.0	0.0	0.0	0.0	0.0	0.00444657254654	0.0	0.0	0.0	0.0	0.0	3.95290385313e-06	0.0	0.0	0.000218388894912	0.0	1.28878214175e-06	0.0	34.0499992371	0.0
1992	1167.98671571	808.249028524	273.021046956	0.0	0.0	0.0	0.0	0.0	5.29999780655	0.0250004289361	0.0	0.0	0.0	0.0	0.0	0.00444657254654	0.0	0.0	0.0	0.0	0.0	3.95290385313e-06	0.0	0.0	0.000218388894912	0.0	1.28878214175e-06	0.0	34.0499992371	0.0
1993	1179.66658287	808.249028524	273.021046956	0.0	0.0	0.0	0.0	0.0	5.29999780655	0.0250004289361	0.0	0.0	0.0	0.0	0.0	0.00444657254654	0.0	0.0	0.0	0.0	0.0	3.95290385313e-06	0.0	0.0	0.000218388894912	0.0	1.28878214175e-06	0.0	34.0499992371	0.0
1994	1191.4632487	808.249028524	273.021046956	0.0	0.0	0.0	0.0	0.0	5.29999780655	0.0250004289361	0.0	0.0	0.0	0.0	0.0	0.00444657254654	0.0	0.0	0.0	0.0	0.0	3.95290385313e-06	0.0	0.0	0.000218388894912	0.0	1.28878214175e-06	0.0	34.0499992371	0.0
1995	1203.37788118	808.249028524	273.021046956	0.0	0.0	0.0	0.0	0.0	5.29999780655	0.0250004289361	0.0	0.0	0.0	0.0	0.0	0.00444657254654	0.0	0.0	0.0	0.0	0.0	3.95290385313e-06	0.0	0.0	0.000218388894912	0.0	1.28878214175e-06	0.0	34.0499992371	0.0
1996	1215.41165999	808.249028524	273.021046956	0.0	0.0	0.0	0.0	0.0	5.29999780655	0.0250004289361	0.0	0.0	0.0	0.0	0.0	0.00444657254654	0.0	0.0	0.0	0.0	0.0	3.95290385313e-06	0.0	0.0	0.000218388894912	0.0	1.28878214175e-06	0.0	34.0499992371	0.0
1997	1227.56577659	808.249028524	273.021046956	0.0	0.0	0.0	0.0	0.0	5.29999780655	0.0250004289361	0.0	0.0	0.0	0.0	0.0	0.00444657254654	0.0	0.0	0.0	0.0	0.0	3.95290385313e-06	0.0	0.0	0.000218388894912	0.0	1.28878214175e-06	0.0	34.0499992371	0.0
1998	1239.84143436	808.249028524	273.021046956	0.0	0.0	0.0	0.0	0.0	5.29999780655	0.0250004289361	0.0	0.0	0.0	0.0	0.0	0.00444657254654	0.0	0.0	0.0	0.0	0.0	3.95290385313e-06	0.0	0.0	0.000218388894912	0.0	1.28878214175e-06	0.0	34.0499992371	0.0
1999	1252.2398487	808.249028524	273.021046956	0.0	0.0	0.0	0.0	0.0	5.29999780655	0.0250004289361	0.0	0.0	0.0	0.0	0.0	0.00444657254654	0.0	0.0	0.0	0.0	0.0	3.95290385313e-06	0.0	0.0	0.000218388894912	0.0	1.28878214175e-06	0.0	34.0499992371	0.0
2000	1264.76224719	808.249028524	273.021046956	0.0	0.0	0.0	0.0	0.0	5.29999780655	0.0250004289361	0.0	0.0	0.0	0.0	0.0	0.00444657254654	0.0	0.0	0.0	0.0	0.0	3.95290385313e-06	0.0	0.0	0.000218388894912	0.0	1.28878214175e-06	0.0	34.0499992371	0.0
2001	1277.40986966	808.249028524	273.021046956	0.0	0.0	0.0	0.0	0.0	5.29999780655	0.0250004289361	0.0	0.0	0.0	0.0	0.0	0.00444657254654	0.0	0.0	0.0	0.0	0.0	3.95290385313e-06	0.0	0.0	0.000218388894912	0.0	1.28878214175e-06	0.0	34.0499992371	0.0
2002	1290.18396836	808.249028524	273.021046956	0.0	0.0	0.0	0.0	0.0	5.29999780655	0.0250004289361	0.0	0.0	0.0	0.0	0.0	0.00444657254654	0.0	0.0	0.0	0.0	0.0	3.95290385313e-06	0.0	0.0	0.000218388894912	0.0	1.28878214175e-06	0.0	34.0499992371	0.0
2003	1303.08580804	808.249028524	273.021046956	0.0	0.0	0.0	0.0	0.0	5.29999780655	0.0250004289361	0.0	0.0	0.0	0.0	0.0	0.00444657254654	0.0	0.0	0.0	0.0	0.0	3.95290385313e-06	0.0	0.0	0.000218388894912	0.0	1.28878214175e-06	0.0	34.0499992371	0.0
2004	1316.11666612	808.249028524	273.021046956	0.0	0.0	0.0	0.0	0.0	5.29999780655	0.0250004289361	0.0	0.0	0.0	0.0	0.0	0.00444657254654	0.0	0.0	0.0	0.0	0.0	3.95290385313e-06	0.0	0.0	0.000218388894912	0.0	1.28878214175e-06	0.0	34.0499992371	0.0
2005	1329.27783278	808.249028524	273.021046956	0.0	0.0	0.0	0.0	0.0	5.29999780655	0.0250004289361	0.0	0.0	0.0	0.0	0.0	0.00444657254654	0.0	0.0	0.0	0.0	0.0	3.95290385313e-06	0.0	0.0	0.000218388894912	0.0	1.28878214175e-06	0.0	34.0499992371	0.0
2006	1342.57061111	808.249028524	273.021046956	0.0	0.0	0.0	0.0	0.0	5.29999780655	0.0250004289361	0.0	0.0	0.0	0.0	0.0	0.00444657254654	0.0	0.0	0.0	0.0	0.0	3.95290385313e-06	0.0	0.0	0.000218388894912	0.0	1.28878214175e-06	0.0	34.0499992371	0.0
2007	1355.99631722	808.249028524	273.021046956	0.0	0.0	0.0	0.0	0.0	5.29999780655	0.0250004289361	0.0	0.0	0.0	0.0	0.0	0.00444657254654	0.0	0.0	0.0	0.0	0.0	3.95290385313e-06	0.0	0.0	0.000218388894912	0.0	1.28878214175e-06	0.0	34.0499992371	0.0
2008	1369.5562804	808.249028524	273.021046956	0.0	0.0	0.0	0.0	0.0	5.29999780655	0.0250004289361	0.0	0.0	0.0	0.0	0.0	0.00444657254654	0.0	0.0	0.0	0.0	0.0	3.95290385313e-06	0.0	0.0	0.000218388894912	0.0	1.28878214175e-06	0.0	34.0499992371	0.0
2009	1383.2518432	808.249028524	273.021046956	0.0	0.0	0.0	0.0	0.0	5.29999780655	0.0250004289361	0.0	0.0	0.0	0.0	0.0	0.00444657254654	0.0	0.0	0.0	0.0	0.0	3.95290385313e-06	0.0	0.0	0.000218388894912	0.0	1.28878214175e-06	0.0	34.0499992371	0.0
2010	1397.08436163	808.249028524	273.021046956	0.0	0.0	0.0	0.0	0.0	5.29999780655	0.0250004289361	0.0	0.0	0.0	0.0	0.0	0.00444657254654	0.0	0.0	0.0	0.0	0.0	3.95290385313e-06	0.0	0.0	0.000218388894912	0.0	1.28878214175e-06	0.0	34.0499992371	0.0
2011	1411.05520525	808.249028524	273.021046956	0.0	0.0	0.0	0.0	0.0	5.29999780655	0.0250004289361	0.0	0.0	0.0	0.0	0.0	0.00444657254654	0.0	0.0	0.0	0.0	0.0	3.95290385313e-06	0.0	0.0	0.000218388894912	0.0	1.28878214175e-06	0.0	34.0499992371	0.0
2012	1425.1657573	808.249028524	273.021046956	0.0	0.0	0.0	0.0	0.0	5.29999780655	0.0250004289361	0.0	0.0	0.0	0.0	0.0	0.00444657254654	0.0	0.0	0.0	0.0	0.0	3.95290385313e-06	0.0	0.0	0.000218388894912	0.0	1.28878214175e-06	0.0	34.0499992371	0.0
2013	1439.41741487	808.249028524	273.021046956	0.0	0.0	0.0	0.0	0.0	5.29999780655	0.0250004289361	0.0	0.0	0.0	0.0	0.0	0.00444657254654	0.0	0.0	0.0	0.0	0.0	3.95290385313e-06	0.0	0.0	0.000218388894912	0.0	1.28878214175e-06	0.0	34.0499992371	0.0
2014	1453.81158902	808.249028524	273.021046956	0.0	0.0	0.0	0.0	0.0	5.29999780655	0.0250004289361	0.0	0.0	0.0	0.0	0.0	0.00444657254654	0.0	0.0	0.0	0.0	0.0	3.95290385313e-06	0.0	0.0	0.000218388894912	0.0	1.28878214175e-06	0.0	34.0499992371	0.0
2015	1468.34970491	808.249028524	273.021046956	0.0	0.0	0.0	0.0	0.0	5.29999780655	0.0250004289361	0.0	0.0	0.0	0.0	0.0	0.00444657254654	0.0	0.0	0.0	0.0	0.0	3.95290385313e-06	0.0	0.0	0.000218388894912	0.0	1.28878214175e-06	0.0	34.0499992371	0.0
2016	1483.03320196	808.249028524	273.021046956	0.0	0.0	0.0	0.0	0.0	5.29999780655	0.0250004289361	0.0	0.0	0.0	0.0	0.0	0.00444657254654	0.0	0.0	0.0	0.0	0.0	3.95290385313e-06	0.0	0.0	0.000218388894912	0.0	1.28878214175e-06	0.0	34.0499992371	0.0
2017	1497.86353398	808.249028524	273.021046956	0.0	0.0	0.0	0.0	0.0	5.29999780655	0.0250004289361	0.0	0.0	0.0	0.0	0.0	0.00444657254654	0.0	0.0	0.0	0.0	0.0	3.95290385313e-06	0.0	0.0	0.000218388894912	0.0	1.28878214175e-06	0.0	34.0499992371	0.0
2018	1512.84216932	808.249028524	273.021046956	0.0	0.0	0.0	0.0	0.0	5.29999780655	0.0250004289361	0.0	0.0	0.0	0.0	0.0	0.00444657254654	0.0	0.0	0.0	0.0	0.0	3.95290385313e-06	0.0	0.0	0.000218388894912	0.0	1.28878214175e-06	0.0	34.0499992371	0.0
2019	1527.97059101	808.249028524	273.021046956	0.0	0.0	0.0	0.0	0.0	5.29999780655	0.0250004289361	0.0	0.0	0.0	0.0	0.0	0.00444657254654	0.0	0.0	0.0	0.0	0.0	3.95290385313e-06	0.0	0.0	0.000218388894912	0.0	1.28878214175e-06	0.0	34.0499992371	0.0
2020	1543.25029692	808.249028524	273.021046956	0.0	0.0	0.0	0.0	0.0	5.29999780655	0.0250004289361	0.0	0.0	0.0	0.0	0.0	0.00444657254654	0.0	0.0	0.0	0.0	0.0	3.95290385313e-06	0.0	0.0	0.000218388894912	0.0	1.28878214175e-06	0.0	34.0499992371	0.0
2021	1558.68279989	808.249028524	273.021046956	0.0	0.0	0.0	0.0	0.0	5.29999780655	0.0250004289361	0.0	0.0	0.0	0.0	0.0	0.00444657254654	0.0	0.0	0.0	0.0	0.0	3.95290385313e-06	0.0	0.0	0.000218388894912	0.0	1.28878214175e-06	0.0	34.0499992371	0.0
2022	1574.26962789	808.249028524	273.021046956	0.0	0.0	0.0	0.0	0.0	5.29999780655	0.0250004289361	0.0	0.0	0.0	0.0	0.0	0.00444657254654	0.0	0.0	0.0	0.0	0.0	3.95290385313e-06	0.0	0.0	0.000218388894912	0.0	1.28878214175e-06	0.0	34.0499992371	0.0
2023	1590.01232417	808.249028524	273.021046956	0.0	0.0	0.0	0.0	0.0	5.29999780655	0.0250004289361	0.0	0.0	0.0	0.0	0.0	0.00444657254654	0.0	0.0	0.0	0.0	0.0	3.95290385313e-06	0.0	0.0	0.000218388894912	0.0	1.28878214175e-06	0.0	34.0499992371	0.0
2024	1605.91244741	808.249028524	273.021046956	0.0	0.0	0.0	0.0	0.0	5.29999780655	0.0250004289361	0.0	0.0	0.0	0.0	0.0	0.00444657254654	0.0	0.0	0.0	0.0	0.0	3.95290385313e-06	0.0	0.0	0.000218388894912	0.0	1.28878214175e-06	0.0	34.0499992371	0.0
2025	1621.97157189	808.249028524	273.021046956	0.0	0.0	0.0	0.0	0.0	5.29999780655	0.0250004289361	0.0	0.0	0.0	0.0	0.0	0.00444657254654	0.0	0.0	0.0	0.0	0.0	3.95290385313e-06	0.0	0.0	0.000218388894912	0.0	1.28878214175e-06	0.0	34.0499992371	0.0
2026	1638.19128761	808.249028524	273.021046956	0.0	0.0	0.0	0.0	0.0	5.29999780655	0.0250004289361	0.0	0.0	0.0	0.0	0.0	0.00444657254654	0.0	0.0	0.0	0.0	0.0	3.95290385313e-06	0.0	0.0	0.000218388894912	0.0	1.28878214175e-06	0.0	34.0499992371	0.0
2027	1654.57320048	808.249028524	273.021046956	0.0	0.0	0.0	0.0	0.0	5.29999780655	0.0250004289361	0.0	0.0	0.0	0.0	0.0	0.00444657254654	0.0	0.0	0.0	0.0	0.0	3.95290385313e-06	0.0	0.0	0.000218388894912	0.0	1.28878214175e-06	0.0	34.0499992371	0.0
2028	1671.11893249	808.249028524	273.021046956	0.0	0.0	0.0	0.0	0.0	5.29999780655	0.0250004289361	0.0	0.0	0.0	0.0	0.0	0.00444657254654	0.0	0.0	0.0	0.0	0.0	3.95290385313e-06	0.0	0.0	0.000218388894912	0.0	1.28878214175e-06	0.0	34.0499992371	0.0
2029	1687.83012181	808.249028524	273.021046956	0.0	0.0	0.0	0.0	0.0	5.29999780655	0.0250004289361	0.0	0.0	0.0	0.0	0.0	0.00444657254654	0.0	0.0	0.0	0.0	0.0	3.95290385313e-06	0.0	0.0	0.000218388894912	0.0	1.28878214175e-06	0.0	34.0499992371	0.0
2030	1704.70842303	808.249028524	273.021046956	0.0	0.0	0.0	0.0	0.0	5.29999780655	0.0250004289361	0.0	0.0	0.0	0.0	0.0	0.00444657254654	0.0	0.0	0.0	0.0	0.0	3.95290385313e-06	0.0	0.0	0.000218388894912	0.0	1.28878214175e-06	0.0	34.0499992371	0.0
2031	1721.75550726	808.249028524	273.021046956	0.0	0.0	0.0	0.0	0.0	5.29999780655	0.0250004289361	0.0	0.0	0.0	0.0	0.0	0.00444657254654	0.0	0.0	0.0	0.0	0.0	3.95290385313e-06	0.0	0.0	0.000218388894912	0.0	1.28878214175e-06	0.0	34.0499992371	0.0
2032	1738.97306233	808.249028524	273.021046956	0.0	0.0	0.0	0.0	0.0	5.29999780655	0.0250004289361	0.0	0.0	0.0	0.0	0.0	0.00444657254654	0.0	0.0	0.0	0.0	0.0	3.95290385313e-06	0.0	0.0	0.000218388894912	0.0	1.28878214175e-06	0.0	34.0499992371	0.0
2033	1756.36279296	808.249028524	273.021046956	0.0	0.0	0.0	0.0	0.0	5.29999780655	0.0250004289361	0.0	0.0	0.0	0.0	0.0	0.00444657254654	0.0	0.0	0.0	0.0	0.0	3.95290385313e-06	0.0	0.0	0.000218388894912	0.0	1.28878214175e-06	0.0	34.0499992371	0.0
2034	1773.92642089	808.249028524	273.021046956	0.0	0.0	0.0	0.0	0.0	5.29999780655	0.0250004289361	0.0	0.0	0.0	0.0	0.0	0.00444657254654	0.0	0.0	0.0	0.0	0.0	3.95290385313e-06	0.0	0.0	0.000218388894912	0.0	1.28878214175e-06	0.0	34.0499992371	0.0
2035	1791.66568509	808.249028524	273.021046956	0.0	0.0	0.0	0.0	0.0	5.29999780655	0.0250004289361	0.0	0.0	0.0	0.0	0.0	0.00444657254654	0.0	0.0	0.0	0.0	0.0	3.95290385313e-06	0.0	0.0	0.000218388894912	0.0	1.28878214175e-06	0.0	34.0499992371	0.0
2036	1809.58234195	808.249028524	273.021046956	0.0	0.0	0.0	0.0	0.0	5.29999780655	0.0250004289361	0.0	0.0	0.0	0.0	0.0	0.00444657254654	0.0	0.0	0.0	0.0	0.0	3.95290385313e-06	0.0	0.0	0.000218388894912	0.0	1.28878214175e-06	0.0	34.0499992371	0.0
2037	1827.67816537	808.249028524	273.021046956	0.0	0.0	0.0	0.0	0.0	5.29999780655	0.0250004289361	0.0	0.0	0.0	0.0	0.0	0.00444657254654	0.0	0.0	0.0	0.0	0.0	3.95290385313e-06	0.0	0.0	0.000218388894912	0.0	1.28878214175e-06	0.0	34.0499992371	0.0
2038	1845.95494702	808.249028524	273.021046956	0.0	0.0	0.0	0.0	0.0	5.29999780655	0.0250004289361	0.0	0.0	0.0	0.0	0.0	0.00444657254654	0.0	0.0	0.0	0.0	0.0	3.95290385313e-06	0.0	0.0	0.000218388894912	0.0	1.28878214175e-06	0.0	34.0499992371	0.0
2039	1864.41449649	808.249028524	273.021046956	0.0	0.0	0.0	0.0	0.0	5.29999780655	0.0250004289361	0.0	0.0	0.0	0.0	0.0	0.00444657254654	0.0	0.0	0.0	0.0	0.0	3.95290385313e-06	0.0	0.0	0.000218388894912	0.0	1.28878214175e-06	0.0	34.0499992371	0.0
2040	1883.05864145	808.249028524	273.021046956	0.0	0.0	0.0	0.0	0.0	5.29999780655	0.0250004289361	0.0	0.0	0.0	0.0	0.0	0.00444657254654	0.0	0.0	0.0	0.0	0.0	3.95290385313e-06	0.0	0.0	0.000218388894912	0.0	1.28878214175e-06	0.0	34.0499992371	0.0
2041	1901.88922787	808.249028524	273.021046956	0.0	0.0	0.0	0.0	0.0	5.29999780655	0.0250004289361	0.0	0.0	0.0	0.0	0.0	0.00444657254654	0.0	0.0	0.0	0.0	0.0	3.95290385313e-06	0.0	0.0	0.000218388894912	0.0	1.28878214175e-06	0.0	34.0499992371	0.0
2042	1920.90812015	808.249028524	273.021046956	0.0	0.0	0.0	0.0	0.0	5.29999780655	0.0250004289361	0.0	0.0	0.0	0.0	0.0	0.00444657254654	0.0	0.0	0.0	0.0	0.0	3.95290385313e-06	0.0	0.0	0.000218388894912	0.0	1.28878214175e-06	0.0	34.0499992371	0.0
2043	1940.11720135	808.249028524	273.021046956	0.0	0.0	0.0	0.0	0.0	5.29999780655	0.0250004289361	0.0	0.0	0.0	0.0	0.0	0.00444657254654	0.0	0.0	0.0	0.0	0.0	3.95290385313e-06	0.0	0.0	0.000218388894912	0.0	1.28878214175e-06	0.0	34.0499992371	0.0
2044	1959.51837336	808.249028524	273.021046956	0.0	0.0	0.0	0.0	0.0	5.29999780655	0.0250004289361	0.0	0.0	0.0	0.0	0.0	0.00444657254654	0.0	0.0	0.0	0.0	0.0	3.95290385313e-06	0.0	0.0	0.000218388894912	0.0	1.28878214175e-06	0.0	34.0499992371	0.0
2045	1979.1135571	808.249028524	273.021046956	0.0	0.0	0.0	0.0	0.0	5.29999780655	0.0250004289361	0.0	0.0	0.0	0.0	0.0	0.00444657254654	0.0	0.0	0.0	0.0	0.0	3.95290385313e-06	0.0	0.0	0.000218388894912	0.0	1.28878214175e-06	0.0	34.0499992371	0.0
2046	1998.90469267	808.249028524	273.021046956	0.0	0.0	0.0	0.0	0.0	5.29999780655	0.0250004289361	0.0	0.0	0.0	0.0	0.0	0.00444657254654	0.0	0.0	0.0	0.0	0.0	3.95290385313e-06	0.0	0.0	0.000218388894912	0.0	1.28878214175e-06	0.0	34.0499992371	0.0
2047	2018.89373959	808.249028524	273.021046956	0.0	0.0	0.0	0.0	0.0	5.29999780655	0.0250004289361	0.0	0.0	0.0	0.0	0.0	0.00444657254654	0.0	0.0	0.0	0.0	0.0	3.95290385313e-06	0.0	0.0	0.000218388894912	0.0	1.28878214175e-06	0.0	34.0499992371	0.0
2048	2039.08267699	808.249028524	273.021046956	0.0	0.0	0.0	0.0	0.0	5.29999780655	0.0250004289361	0.0	0.0	0.0	0.0	0.0	0.00444657254654	0.0	0.0	0.0	0.0	0.0	3.95290385313e-06	0.0	0.0	0.000218388894912	0.0	1.28878214175e-06	0.0	34.0499992371	0.0
2049	2059.47350376	808.249028524	273.021046956	0.0	0.0	0.0	0.0	0.0	5.29999780655	0.0250004289361	0.0	0.0	0.0	0.0	0.0	0.00444657254654	0.0	0.0	0.0	0.0	0.0	3.95290385313e-06	0.0	0.0	0.000218388894912	0.0	1.28878214175e-06	0.0	34.0499992371	0.0
2050	2080.0682388	808.249028524	273.021046956	0.0	0.0	0.0	0.0	0.0	5.29999780655	0.0250004289361	0.0	0.0	0.0	0.0	0.0	0.00444657254654	0.0	0.0	0.0	0.0	0.0	3.95290385313e-06	0.0	0.0	0.000218388894912	0.0	1.28878214175e-06	0.0	34.0499992371	0.0
2051	2100.86892118	808.249028524	273.021046956	0.0	0.0	0.0	0.0	0.0	5.29999780655	0.0250004289361	0.0	0.0	0.0	0.0	0.0	0.00444657254654	0.0	0.0	0.0	0.0	0.0	3.95290385313e-06	0.0	0.0	0.000218388894912	0.0	1.28878214175e-06	0.0	34.0499992371	0.0
2052	2121.8776104	808.249028524	273.021046956	0.0	0.0	0.0	0.0	0.0	5.29999780655	0.0250004289361	0.0	0.0	0.0	0.0	0.0	0.00444657254654	0.0	0.0	0.0	0.0	0.0	3.95290385313e-06	0.0	0.0	0.000218388894912	0.0	1.28878214175e-06	0.0	34.0499992371	0.0
2053	2143.0963865	808.249028524	273.021046956	0.0	0.0	0.0	0.0	0.0	5.29999780655	0.0250004289361	0.0	0.0	0.0	0.0	0.0	0.00444657254654	0.0	0.0	0.0	0.0	0.0	3.95290385313e-06	0.0	0.0	0.000218388894912	0.0	1.28878214175e-06	0.0	34.0499992371	0.0
2054	2164.52735037	808.249028524	273.021046956	0.0	0.0	0.0	0.0	0.0	5.29999780655	0.0250004289361	0.0	0.0	0.0	0.0	0.0	0.00444657254654	0.0	0.0	0.0	0.0	0.0	3.95290385313e-06	0.0	0.0	0.000218388894912	0.0	1.28878214175e-06	0.0	34.0499992371	0.0
2055	2186.17262387	808.249028524	273.021046956	0.0	0.0	0.0	0.0	0.0	5.29999780655	0.0250004289361	0.0	0.0	0.0	0.0	0.0	0.00444657254654	0.0	0.0	0.0	0.0	0.0	3.95290385313e-06	0.0	0.0	0.000218388894912	0.0	1.28878214175e-06	0.0	34.0499992371	0.0
2056	2208.03435011	808.249028524	273.021046956	0.0	0.0	0.0	0.0	0.0	5.29999780655	0.0250004289361	0.0	0.0	0.0	0.0	0.0	0.00444657254654	0.0	0.0	0.0	0.0	0.0	3.95290385313e-06	0.0	0.0	0.000218388894912	0.0	1.28878214175e-06	0.0	34.0499992371	0.0
2057	2230.11469361	808.249028524	273.021046956	0.0	0.0	0.0	0.0	0.0	5.29999780655	0.0250004289361	0.0	0.0	0.0	0.0	0.0	0.00444657254654	0.0	0.0	0.0	0.0	0.0	3.95290385313e-06	0.0	0.0	0.000218388894912	0.0	1.28878214175e-06	0.0	34.0499992371	0.0
2058	2252.41584055	808.249028524	273.021046956	0.0	0.0	0.0	0.0	0.0	5.29999780655	0.0250004289361	0.0	0.0	0.0	0.0	0.0	0.00444657254654	0.0	0.0	0.0	0.0	0.0	3.95290385313e-06	0.0	0.0	0.000218388894912	0.0	1.28878214175e-06	0.0	34.0499992371	0.0
2059	2274.93999895	808.249028524	273.021046956	0.0	0.0	0.0	0.0	0.0	5.29999780655	0.0250004289361	0.0	0.0	0.0	0.0	0.0	0.00444657254654	0.0	0.0	0.0	0.0	0.0	3.95290385313e-06	0.0	0.0	0.000218388894912	0.0	1.28878214175e-06	0.0	34.0499992371	0.0
2060	2297.68939894	808.249028524	273.021046956	0.0	0.0	0.0	0.0	0.0	5.29999780655	0.0250004289361	0.0	0.0	0.0	0.0	0.0	0.00444657254654	0.0	0.0	0.0	0.0	0.0	3.95290385313e-06	0.0	0.0	0.000218388894912	0.0	1.28878214175e-06	0.0	34.0499992371	0.0
2061	2320.66629293	808.249028524	273.021046956	0.0	0.0	0.0	0.0	0.0	5.29999780655	0.0250004289361	0.0	0.0	0.0	0.0	0.0	0.00444657254654	0.0	0.0	0.0	0.0	0.0	3.95290385313e-06	0.0	0.0	0.000218388894912	0.0	1.28878214175e-06	0.0	34.0499992371	0.0
2062	2343.87295586	808.249028524	273.021046956	0.0	0.0	0.0	0.0	0.0	5.29999780655	0.0250004289361	0.0	0.0	0.0	0.0	0.0	0.00444657254654	0.0	0.0	0.0	0.0	0.0	3.95290385313e-06	0.0	0.0	0.000218388894912	0.0	1.28878214175e-06	0.0	34.0499992371	0.0
2063	2367.31168542	808.249028524	273.021046956	0.0	0.0	0.0	0.0	0.0	5.29999780655	0.0250004289361	0.0	0.0	0.0	0.0	0.0	0.00444657254654	0.0	0.0	0.0	0.0	0.0	3.95290385313e-06	0.0	0.0	0.000218388894912	0.0	1.28878214175e-06	0.0	34.0499992371	0.0
2064	2390.98480227	808.249028524	273.021046956	0.0	0.0	0.0	0.0	0.0	5.29999780655	0.0250004289361	0.0	0.0	0.0	0.0	0.0	0.00444657254654	0.0	0.0	0.0	0.0	0.0	3.95290385313e-06	0.0	0.0	0.000218388894912	0.0	1.28878214175e-06	0.0	34.0499992371	0.0
2065	2414.89465029	808.249028524	273.021046956	0.0	0.0	0.0	0.0	0.0	5.29999780655	0.0250004289361	0.0	0.0	0.0	0.0	0.0	0.00444657254654	0.0	0.0	0.0	0.0	0.0	3.95290385313e-06	0.0	0.0	0.000218388894912	0.0	1.28878214175e-06	0.0	34.0499992371	0.0
2066	2439.0435968	808.249028524	273.021046956	0.0	0.0	0.0	0.0	0.0	5.29999780655	0.0250004289361	0.0	0.0	0.0	0.0	0.0	0.00444657254654	0.0	0.0	0.0	0.0	0.0	3.95290385313e-06	0.0	0.0	0.000218388894912	0.0	1.28878214175e-06	0.0	34.0499992371	0.0
2067	2463.43403277	808.249028524	273.021046956	0.0	0.0	0.0	0.0	0.0	5.29999780655	0.0250004289361	0.0	0.0	0.0	0.0	0.0	0.00444657254654	0.0	0.0	0.0	0.0	0.0	3.95290385313e-06	0.0	0.0	0.000218388894912	0.0	1.28878214175e-06	0.0	34.0499992371	0.0
2068	2488.06837309	808.249028524	273.021046956	0.0	0.0	0.0	0.0	0.0	5.29999780655	0.0250004289361	0.0	0.0	0.0	0.0	0.0	0.00444657254654	0.0	0.0	0.0	0.0	0.0	3.95290385313e-06	0.0	0.0	0.000218388894912	0.0	1.28878214175e-06	0.0	34.0499992371	0.0
2069	2512.94905682	808.249028524	273.021046956	0.0	0.0	0.0	0.0	0.0	5.29999780655	0.0250004289361	0.0	0.0	0.0	0.0	0.0	0.00444657254654	0.0	0.0	0.0	0.0	0.0	3.95290385313e-06	0.0	0.0	0.000218388894912	0.0	1.28878214175e-06	0.0	34.0499992371	0.0
2070	2538.07854739	808.249028524	273.021046956	0.0	0.0	0.0	0.0	0.0	5.29999780655	0.0250004289361	0.0	0.0	0.0	0.0	0.0	0.00444657254654	0.0	0.0	0.0	0.0	0.0	3.95290385313e-06	0.0	0.0	0.000218388894912	0.0	1.28878214175e-06	0.0	34.0499992371	0.0
2071	2563.45933287	808.249028524	273.021046956	0.0	0.0	0.0	0.0	0.0	5.29999780655	0.0250004289361	0.0	0.0	0.0	0.0	0.0	0.00444657254654	0.0	0.0	0.0	0.0	0.0	3.95290385313e-06	0.0	0.0	0.000218388894912	0.0	1.28878214175e-06	0.0	34.0499992371	0.0
2072	2589.09392619	808.249028524	273.021046956	0.0	0.0	0.0	0.0	0.0	5.29999780655	0.0250004289361	0.0	0.0	0.0	0.0	0.0	0.00444657254654	0.0	0.0	0.0	0.0	0.0	3.95290385313e-06	0.0	0.0	0.000218388894912	0.0	1.28878214175e-06	0.0	34.0499992371	0.0
2073	2614.98486546	808.249028524	273.021046956	0.0	0.0	0.0	0.0	0.0	5.29999780655	0.0250004289361	0.0	0.0	0.0	0.0	0.0	0.00444657254654	0.0	0.0	0.0	0.0	0.0	3.95290385313e-06	0.0	0.0	0.000218388894912	0.0	1.28878214175e-06	0.0	34.0499992371	0.0
2074	2641.13471411	808.249028524	273.021046956	0.0	0.0	0.0	0.0	0.0	5.29999780655	0.0250004289361	0.0	0.0	0.0	0.0	0.0	0.00444657254654	0.0	0.0	0.0	0.0	0.0	3.95290385313e-06	0.0	0.0	0.000218388894912	0.0	1.28878214175e-06	0.0	34.0499992371	0.0
2075	2667.54606125	808.249028524	273.021046956	0.0	0.0	0.0	0.0	0.0	5.29999780655	0.0250004289361	0.0	0.0	0.0	0.0	0.0	0.00444657254654	0.0	0.0	0.0	0.0	0.0	3.95290385313e-06	0.0	0.0	0.000218388894912	0.0	1.28878214175e-06	0.0	34.0499992371	0.0
2076	2694.22152186	808.249028524	273.021046956	0.0	0.0	0.0	0.0	0.0	5.29999780655	0.0250004289361	0.0	0.0	0.0	0.0	0.0	0.00444657254654	0.0	0.0	0.0	0.0	0.0	3.95290385313e-06	0.0	0.0	0.000218388894912	0.0	1.28878214175e-06	0.0	34.0499992371	0.0
2077	2721.16373708	808.249028524	273.021046956	0.0	0.0	0.0	0.0	0.0	5.29999780655	0.0250004289361	0.0	0.0	0.0	0.0	0.0	0.00444657254654	0.0	0.0	0.0	0.0	0.0	3.95290385313e-06	0.0	0.0	0.000218388894912	0.0	1.28878214175e-06	0.0	34.0499992371	0.0
2078	2748.37537445	808.249028524	273.021046956	0.0	0.0	0.0	0.0	0.0	5.29999780655	0.0250004289361	0.0	0.0	0.0	0.0	0.0	0.00444657254654	0.0	0.0	0.0	0.0	0.0	3.95290385313e-06	0.0	0.0	0.000218388894912	0.0	1.28878214175e-06	0.0	34.0499992371	0.0
2079	2775.8591282	808.249028524	273.021046956	0.0	0.0	0.0	0.0	0.0	5.29999780655	0.0250004289361	0.0	0.0	0.0	0.0	0.0	0.00444657254654	0.0	0.0	0.0	0.0	0.0	3.95290385313e-06	0.0	0.0	0.000218388894912	0.0	1.28878214175e-06	0.0	34.0499992371	0.0
2080	2803.61771948	808.249028524	273.021046956	0.0	0.0	0.0	0.0	0.0	5.29999780655	0.0250004289361	0.0	0.0	0.0	0.0	0.0	0.00444657254654	0.0	0.0	0.0	0.0	0.0	3.95290385313e-06	0.0	0.0	0.000218388894912	0.0	1.28878214175e-06	0.0	34.0499992371	0.0
2081	2831.65389668	808.249028524	273.021046956	0.0	0.0	0.0	0.0	0.0	5.29999780655	0.0250004289361	0.0	0.0	0.0	0.0	0.0	0.00444657254654	0.0	0.0	0.0	0.0	0.0	3.95290385313e-06	0.0	0.0	0.000218388894912	0.0	1.28878214175e-06	0.0	34.0499992371	0.0
2082	2859.97043564	808.249028524	273.021046956	0.0	0.0	0.0	0.0	0.0	5.29999780655	0.0250004289361	0.0	0.0	0.0	0.0	0.0	0.00444657254654	0.0	0.0	0.0	0.0	0.0	3.95290385313e-06	0.0	0.0	0.000218388894912	0.0	1.28878214175e-06	0.0	34.0499992371	0.0
2083	2888.57014	808.249028524	273.021046956	0.0	0.0	0.0	0.0	0.0	5.29999780655	0.0250004289361	0.0	0.0	0.0	0.0	0.0	0.00444657254654	0.0	0.0	0.0	0.0	0.0	3.95290385313e-06	0.0	0.0	0.000218388894912	0.0	1.28878214175e-06	0.0	34.0499992371	0.0
2084	2917.4558414	808.249028524	273.021046956	0.0	0.0	0.0	0.0	0.0	5.29999780655	0.0250004289361	0.0	0.0	0.0	0.0	0.0	0.00444657254654	0.0	0.0	0.0	0.0	0.0	3.95290385313e-06	0.0	0.0	0.000218388894912	0.0	1.28878214175e-06	0.0	34.0499992371	0.0
2085	2946.63039981	808.249028524	273.021046956	0.0	0.0	0.0	0.0	0.0	5.29999780655	0.0250004289361	0.0	0.0	0.0	0.0	0.0	0.00444657254654	0.0	0.0	0.0	0.0	0.0	3.95290385313e-06	0.0	0.0	0.000218388894912	0.0	1.28878214175e-06	0.0	34.0499992371	0.0
2086	2976.09670381	808.249028524	273.021046956	0.0	0.0	0.0	0.0	0.0	5.29999780655	0.0250004289361	0.0	0.0	0.0	0.0	0.0	0.00444657254654	0.0	0.0	0.0	0.0	0.0	3.95290385313e-06	0.0	0.0	0.000218388894912	0.0	1.28878214175e-06	0.0	34.0499992371	0.0
2087	3005.85767085	808.249028524	273.021046956	0.0	0.0	0.0	0.0	0.0	5.29999780655	0.0250004289361	0.0	0.0	0.0	0.0	0.0	0.00444657254654	0.0	0.0	0.0	0.0	0.0	3.95290385313e-06	0.0	0.0	0.000218388894912	0.0	1.28878214175e-06	0.0	34.0499992371	0.0
2088	3035.91624756	808.249028524	273.021046956	0.0	0.0	0.0	0.0	0.0	5.29999780655	0.0250004289361	0.0	0.0	0.0	0.0	0.0	0.00444657254654	0.0	0.0	0.0	0.0	0.0	3.95290385313e-06	0.0	0.0	0.000218388894912	0.0	1.28878214175e-06	0.0	34.0499992371	0.0
2089	3066.27541003	808.249028524	273.021046956	0.0	0.0	0.0	0.0	0.0	5.29999780655	0.0250004289361	0.0	0.0	0.0	0.0	0.0	0.00444657254654	0.0	0.0	0.0	0.0	0.0	3.95290385313e-06	0.0	0.0	0.000218388894912	0.0	1.28878214175e-06	0.0	34.0499992371	0.0
2090	3096.93816413	808.249028524	273.021046956	0.0	0.0	0.0	0.0	0.0	5.29999780655	0.0250004289361	0.0	0.0	0.0	0.0	0.0	0.00444657254654	0.0	0.0	0.0	0.0	0.0	3.95290385313e-06	0.0	0.0	0.000218388894912	0.0	1.28878214175e-06	0.0	34.0499992371	0.0
2091	3127.90754577	808.249028524	273.021046956	0.0	0.0	0.0	0.0	0.0	5.29999780655	0.0250004289361	0.0	0.0	0.0	0.0	0.0	0.00444657254654	0.0	0.0	0.0	0.0	0.0	3.95290385313e-06	0.0	0.0	0.000218388894912	0.0	1.28878214175e-06	0.0	34.0499992371	0.0
2092	3159.18662123	808.249028524	273.021046956	0.0	0.0	0.0	0.0	0.0	5.29999780655	0.0250004289361	0.0	0.0	0.0	0.0	0.0	0.00444657254654	0.0	0.0	0.0	0.0	0.0	3.95290385313e-06	0.0	0.0	0.000218388894912	0.0	1.28878214175e-06	0.0	34.0499992371	0.0
2093	3190.77848744	808.249028524	273.021046956	0.0	0.0	0.0	0.0	0.0	5.29999780655	0.0250004289361	0.0	0.0	0.0	0.0	0.0	0.00444657254654	0.0	0.0	0.0	0.0	0.0	3.95290385313e-06	0.0	0.0	0.000218388894912	0.0	1.28878214175e-06	0.0	34.0499992371	0.0
2094	3222.68627232	808.249028524	273.021046956	0.0	0.0	0.0	0.0	0.0	5.29999780655	0.0250004289361	0.0	0.0	0.0	0.0	0.0	0.00444657254654	0.0	0.0	0.0	0.0	0.0	3.95290385313e-06	0.0	0.0	0.000218388894912	0.0	1.28878214175e-06	0.0	34.0499992371	0.0
2095	3254.91313504	808.249028524	273.021046956	0.0	0.0	0.0	0.0	0.0	5.29999780655	0.0250004289361	0.0	0.0	0.0	0.0	0.0	0.00444657254654	0.0	0.0	0.0	0.0	0.0	3.95290385313e-06	0.0	0.0	0.000218388894912	0.0	1.28878214175e-06	0.0	34.0499992371	0.0
2096	3287.46226639	808.249028524	273.021046956	0.0	0.0	0.0	0.0	0.0	5.29999780655	0.0250004289361	0.0	0.0	0.0	0.0	0.0	0.00444657254654	0.0	0.0	0.0	0.0	0.0	3.95290385313e-06	0.0	0.0	0.000218388894912	0.0	1.28878214175e-06	0.0	34.0499992371	0.0
2097	3320.33688906	808.249028524	273.021046956	0.0	0.0	0.0	0.0	0.0	5.29999780655	0.0250004289361	0.0	0.0	0.0	0.0	0.0	0.00444657254654	0.0	0.0	0.0	0.0	0.0	3.95290385313e-06	0.0	0.0	0.000218388894912	0.0	1.28878214175e-06	0.0	34.0499992371	0.0
2098	3353.54025795	808.249028524	273.021046956	0.0	0.0	0.0	0.0	0.0	5.29999780655	0.0250004289361	0.0	0.0	0.0	0.0	0.0	0.00444657254654	0.0	0.0	0.0	0.0	0.0	3.95290385313e-06	0.0	0.0	0.000218388894912	0.0	1.28878214175e-06	0.0	34.0499992371	0.0
2099	3387.07566053	808.249028524	273.021046956	0.0	0.0	0.0	0.0	0.0	5.29999780655	0.0250004289361	0.0	0.0	0.0	0.0	0.0	0.00444657254654	0.0	0.0	0.0	0.0	0.0	3.95290385313e-06	0.0	0.0	0.000218388894912	0.0	1.28878214175e-06	0.0	34.0499992371	0.0
2100	3420.94641713	808.249028524	273.021046956	0.0	0.0	0.0	0.0	0.0	5.29999780655	0.0250004289361	0.0	0.0	0.0	0.0	0.0	0.00444657254654	0.0	0.0	0.0	0.0	0.0	3.95290385313e-06	0.0	0.0	0.000218388894912	0.0	1.28878214175e-06	0.0	34.0499992371	0.0
2101	3455.1558813	808.249028524	273.021046956	0.0	0.0	0.0	0.0	0.0	5.29999780655	0.0250004289361	0.0	0.0	0.0	0.0	0.0	0.00444657254654	0.0	0.0	0.0	0.0	0.0	3.95290385313e-06	0.0	0.0	0.000218388894912	0.0	1.28878214175e-06	0.0	34.0499992371	0.0
2102	3489.70744012	808.249028524	273.021046956	0.0	0.0	0.0	0.0	0.0	5.29999780655	0.0250004289361	0.0	0.0	0.0	0.0	0.0	0.00444657254654	0.0	0.0	0.0	0.0	0.0	3.95290385313e-06	0.0	0.0	0.000218388894912	0.0	1.28878214175e-06	0.0	34.0499992371	0.0
2103	3524.60451452	808.249028524	273.021046956	0.0	0.0	0.0	0.0	0.0	5.29999780655	0.0250004289361	0.0	0.0	0.0	0.0	0.0	0.00444657254654	0.0	0.0	0.0	0.0	0.0	3.95290385313e-06	0.0	0.0	0.000218388894912	0.0	1.28878214175e-06	0.0	34.0499992371	0.0
2104	3559.85055966	808.249028524	273.021046956	0.0	0.0	0.0	0.0	0.0	5.29999780655	0.0250004289361	0.0	0.0	0.0	0.0	0.0	0.00444657254654	0.0	0.0	0.0	0.0	0.0	3.95290385313e-06	0.0	0.0	0.000218388894912	0.0	1.28878214175e-06	0.0	34.0499992371	0.0
2105	3595.44906526	808.249028524	273.021046956	0.0	0.0	0.0	0.0	0.0	5.29999780655	0.0250004289361	0.0	0.0	0.0	0.0	0.0	0.00444657254654	0.0	0.0	0.0	0.0	0.0	3.95290385313e-06	0.0	0.0	0.000218388894912	0.0	1.28878214175e-06	0.0	34.0499992371	0.0
2106	3631.40355591	808.249028524	273.021046956	0.0	0.0	0.0	0.0	0.0	5.29999780655	0.0250004289361	0.0	0.0	0.0	0.0	0.0	0.00444657254654	0.0	0.0	0.0	0.0	0.0	3.95290385313e-06	0.0	0.0	0.000218388894912	0.0	1.28878214175e-06	0.0	34.0499992371	0.0
2107	3667.71759147	808.249028524	273.021046956	0.0	0.0	0.0	0.0	0.0	5.29999780655	0.0250004289361	0.0	0.0	0.0	0.0	0.0	0.00444657254654	0.0	0.0	0.0	0.0	0.0	3.95290385313e-06	0.0	0.0	0.000218388894912	0.0	1.28878214175e-06	0.0	34.0499992371	0.0
2108	3704.39476739	808.249028524	273.021046956	0.0	0.0	0.0	0.0	0.0	5.29999780655	0.0250004289361	0.0	0.0	0.0	0.0	0.0	0.00444657254654	0.0	0.0	0.0	0.0	0.0	3.95290385313e-06	0.0	0.0	0.000218388894912	0.0	1.28878214175e-06	0.0	34.0499992371	0.0
2109	3741.43871506	808.249028524	273.021046956	0.0	0.0	0.0	0.0	0.0	5.29999780655	0.0250004289361	0.0	0.0	0.0	0.0	0.0	0.00444657254654	0.0	0.0	0.0	0.0	0.0	3.95290385313e-06	0.0	0.0	0.000218388894912	0.0	1.28878214175e-06	0.0	34.0499992371	0.0
2110	3778.85310221	808.249028524	273.021046956	0.0	0.0	0.0	0.0	0.0	5.29999780655	0.0250004289361	0.0	0.0	0.0	0.0	0.0	0.00444657254654	0.0	0.0	0.0	0.0	0.0	3.95290385313e-06	0.0	0.0	0.000218388894912	0.0	1.28878214175e-06	0.0	34.0499992371	0.0
2111	3816.64163323	808.249028524	273.021046956	0.0	0.0	0.0	0.0	0.0	5.29999780655	0.0250004289361	0.0	0.0	0.0	0.0	0.0	0.00444657254654	0.0	0.0	0.0	0.0	0.0	3.95290385313e-06	0.0	0.0	0.000218388894912	0.0	1.28878214175e-06	0.0	34.0499992371	0.0
2112	3854.80804956	808.249028524	273.021046956	0.0	0.0	0.0	0.0	0.0	5.29999780655	0.0250004289361	0.0	0.0	0.0	0.0	0.0	0.00444657254654	0.0	0.0	0.0	0.0	0.0	3.95290385313e-06	0.0	0.0	0.000218388894912	0.0	1.28878214175e-06	0.0	34.0499992371	0.0
2113	3893.35613006	808.249028524	273.021046956	0.0	0.0	0.0	0.0	0.0	5.29999780655	0.0250004289361	0.0	0.0	0.0	0.0	0.0	0.00444657254654	0.0	0.0	0.0	0.0	0.0	3.95290385313e-06	0.0	0.0	0.000218388894912	0.0	1.28878214175e-06	0.0	34.0499992371	0.0
2114	3932.28969136	808.249028524	273.021046956	0.0	0.0	0.0	0.0	0.0	5.29999780655	0.0250004289361	0.0	0.0	0.0	0.0	0.0	0.00444657254654	0.0	0.0	0.0	0.0	0.0	3.95290385313e-06	0.0	0.0	0.000218388894912	0.0	1.28878214175e-06	0.0	34.0499992371	0.0
2115	3971.61258827	808.249028524	273.021046956	0.0	0.0	0.0	0.0	0.0	5.29999780655	0.0250004289361	0.0	0.0	0.0	0.0	0.0	0.00444657254654	0.0	0.0	0.0	0.0	0.0	3.95290385313e-06	0.0	0.0	0.000218388894912	0.0	1.28878214175e-06	0.0	34.0499992371	0.0
2116	4011.32871416	808.249028524	273.021046956	0.0	0.0	0.0	0.0	0.0	5.29999780655	0.0250004289361	0.0	0.0	0.0	0.0	0.0	0.00444657254654	0.0	0.0	0.0	0.0	0.0	3.95290385313e-06	0.0	0.0	0.000218388894912	0.0	1.28878214175e-06	0.0	34.0499992371	0.0
2117	4051.4420013	808.249028524	273.021046956	0.0	0.0	0.0	0.0	0.0	5.29999780655	0.0250004289361	0.0	0.0	0.0	0.0	0.0	0.00444657254654	0.0	0.0	0.0	0.0	0.0	3.95290385313e-06	0.0	0.0	0.000218388894912	0.0	1.28878214175e-06	0.0	34.0499992371	0.0
2118	4091.95642131	808.249028524	273.021046956	0.0	0.0	0.0	0.0	0.0	5.29999780655	0.0250004289361	0.0	0.0	0.0	0.0	0.0	0.00444657254654	0.0	0.0	0.0	0.0	0.0	3.95290385313e-06	0.0	0.0	0.000218388894912	0.0	1.28878214175e-06	0.0	34.0499992371	0.0
2119	4132.87598553	808.249028524	273.021046956	0.0	0.0	0.0	0.0	0.0	5.29999780655	0.0250004289361	0.0	0.0	0.0	0.0	0.0	0.00444657254654	0.0	0.0	0.0	0.0	0.0	3.95290385313e-06	0.0	0.0	0.000218388894912	0.0	1.28878214175e-06	0.0	34.0499992371	0.0
2120	4174.20474538	808.249028524	273.021046956	0.0	0.0	0.0	0.0	0.0	5.29999780655	0.0250004289361	0.0	0.0	0.0	0.0	0.0	0.00444657254654	0.0	0.0	0.0	0.0	0.0	3.95290385313e-06	0.0	0.0	0.000218388894912	0.0	1.28878214175e-06	0.0	34.0499992371	0.0
2121	4215.94679283	808.249028524	273.021046956	0.0	0.0	0.0	0.0	0.0	5.29999780655	0.0250004289361	0.0	0.0	0.0	0.0	0.0	0.00444657254654	0.0	0.0	0.0	0.0	0.0	3.95290385313e-06	0.0	0.0	0.000218388894912	0.0	1.28878214175e-06	0.0	34.0499992371	0.0
2122	4258.10626076	808.249028524	273.021046956	0.0	0.0	0.0	0.0	0.0	5.29999780655	0.0250004289361	0.0	0.0	0.0	0.0	0.0	0.00444657254654	0.0	0.0	0.0	0.0	0.0	3.95290385313e-06	0.0	0.0	0.000218388894912	0.0	1.28878214175e-06	0.0	34.0499992371	0.0
2123	4300.68732337	808.249028524	273.021046956	0.0	0.0	0.0	0.0	0.0	5.29999780655	0.0250004289361	0.0	0.0	0.0	0.0	0.0	0.00444657254654	0.0	0.0	0.0	0.0	0.0	3.95290385313e-06	0.0	0.0	0.000218388894912	0.0	1.28878214175e-06	0.0	34.0499992371	0.0
2124	4343.6941966	808.249028524	273.021046956	0.0	0.0	0.0	0.0	0.0	5.29999780655	0.0250004289361	0.0	0.0	0.0	0.0	0.0	0.00444657254654	0.0	0.0	0.0	0.0	0.0	3.95290385313e-06	0.0	0.0	0.000218388894912	0.0	1.28878214175e-06	0.0	34.0499992371	0.0
2125	4387.13113857	808.249028524	273.021046956	0.0	0.0	0.0	0.0	0.0	5.29999780655	0.0250004289361	0.0	0.0	0.0	0.0	0.0	0.00444657254654	0.0	0.0	0.0	0.0	0.0	3.95290385313e-06	0.0	0.0	0.000218388894912	0.0	1.28878214175e-06	0.0	34.0499992371	0.0
2126	4431.00244996	808.249028524	273.021046956	0.0	0.0	0.0	0.0	0.0	5.29999780655	0.0250004289361	0.0	0.0	0.0	0.0	0.0	0.00444657254654	0.0	0.0	0.0	0.0	0.0	3.95290385313e-06	0.0	0.0	0.000218388894912	0.0	1.28878214175e-06	0.0	34.0499992371	0.0
2127	4475.31247446	808.249028524	273.021046956	0.0	0.0	0.0	0.0	0.0	5.29999780655	0.0250004289361	0.0	0.0	0.0	0.0	0.0	0.00444657254654	0.0	0.0	0.0	0.0	0.0	3.95290385313e-06	0.0	0.0	0.000218388894912	0.0	1.28878214175e-06	0.0	34.0499992371	0.0
2128	4520.0655992	808.249028524	273.021046956	0.0	0.0	0.0	0.0	0.0	5.29999780655	0.0250004289361	0.0	0.0	0.0	0.0	0.0	0.00444657254654	0.0	0.0	0.0	0.0	0.0	3.95290385313e-06	0.0	0.0	0.000218388894912	0.0	1.28878214175e-06	0.0	34.0499992371	0.0
2129	4565.26625519	808.249028524	273.021046956	0.0	0.0	0.0	0.0	0.0	5.29999780655	0.0250004289361	0.0	0.0	0.0	0.0	0.0	0.00444657254654	0.0	0.0	0.0	0.0	0.0	3.95290385313e-06	0.0	0.0	0.000218388894912	0.0	1.28878214175e-06	0.0	34.0499992371	0.0
2130	4610.91891774	808.249028524	273.021046956	0.0	0.0	0.0	0.0	0.0	5.29999780655	0.0250004289361	0.0	0.0	0.0	0.0	0.0	0.00444657254654	0.0	0.0	0.0	0.0	0.0	3.95290385313e-06	0.0	0.0	0.000218388894912	0.0	1.28878214175e-06	0.0	34.0499992371	0.0
2131	4657.02810692	808.249028524	273.021046956	0.0	0.0	0.0	0.0	0.0	5.29999780655	0.0250004289361	0.0	0.0	0.0	0.0	0.0	0.00444657254654	0.0	0.0	0.0	0.0	0.0	3.95290385313e-06	0.0	0.0	0.000218388894912	0.0	1.28878214175e-06	0.0	34.0499992371	0.0
2132	4703.59838799	808.249028524	273.021046956	0.0	0.0	0.0	0.0	0.0	5.29999780655	0.0250004289361	0.0	0.0	0.0	0.0	0.0	0.00444657254654	0.0	0.0	0.0	0.0	0.0	3.95290385313e-06	0.0	0.0	0.000218388894912	0.0	1.28878214175e-06	0.0	34.0499992371	0.0
2133	4750.63437187	808.249028524	273.021046956	0.0	0.0	0.0	0.0	0.0	5.29999780655	0.0250004289361	0.0	0.0	0.0	0.0	0.0	0.00444657254654	0.0	0.0	0.0	0.0	0.0	3.95290385313e-06	0.0	0.0	0.000218388894912	0.0	1.28878214175e-06	0.0	34.0499992371	0.0
2134	4798.14071559	808.249028524	273.021046956	0.0	0.0	0.0	0.0	0.0	5.29999780655	0.0250004289361	0.0	0.0	0.0	0.0	0.0	0.00444657254654	0.0	0.0	0.0	0.0	0.0	3.95290385313e-06	0.0	0.0	0.000218388894912	0.0	1.28878214175e-06	0.0	34.0499992371	0.0
2135	4846.12212274	808.249028524	273.021046956	0.0	0.0	0.0	0.0	0.0	5.29999780655	0.0250004289361	0.0	0.0	0.0	0.0	0.0	0.00444657254654	0.0	0.0	0.0	0.0	0.0	3.95290385313e-06	0.0	0.0	0.000218388894912	0.0	1.28878214175e-06	0.0	34.0499992371	0.0
2136	4894.58334397	808.249028524	273.021046956	0.0	0.0	0.0	0.0	0.0	5.29999780655	0.0250004289361	0.0	0.0	0.0	0.0	0.0	0.00444657254654	0.0	0.0	0.0	0.0	0.0	3.95290385313e-06	0.0	0.0	0.000218388894912	0.0	1.28878214175e-06	0.0	34.0499992371	0.0
2137	4943.52917741	808.249028524	273.021046956	0.0	0.0	0.0	0.0	0.0	5.29999780655	0.0250004289361	0.0	0.0	0.0	0.0	0.0	0.00444657254654	0.0	0.0	0.0	0.0	0.0	3.95290385313e-06	0.0	0.0	0.000218388894912	0.0	1.28878214175e-06	0.0	34.0499992371	0.0
2138	4992.96446919	808.249028524	273.021046956	0.0	0.0	0.0	0.0	0.0	5.29999780655	0.0250004289361	0.0	0.0	0.0	0.0	0.0	0.00444657254654	0.0	0.0	0.0	0.0	0.0	3.95290385313e-06	0.0	0.0	0.000218388894912	0.0	1.28878214175e-06	0.0	34.0499992371	0.0
2139	5042.89411388	808.249028524	273.021046956	0.0	0.0	0.0	0.0	0.0	5.29999780655	0.0250004289361	0.0	0.0	0.0	0.0	0.0	0.00444657254654	0.0	0.0	0.0	0.0	0.0	3.95290385313e-06	0.0	0.0	0.000218388894912	0.0	1.28878214175e-06	0.0	34.0499992371	0.0
2140	5093.32305502	808.249028524	273.021046956	0.0	0.0	0.0	0.0	0.0	5.29999780655	0.0250004289361	0.0	0.0	0.0	0.0	0.0	0.00444657254654	0.0	0.0	0.0	0.0	0.0	3.95290385313e-06	0.0	0.0	0.000218388894912	0.0	1.28878214175e-06	0.0	34.0499992371	0.0
2141	5144.25628557	808.249028524	273.021046956	0.0	0.0	0.0	0.0	0.0	5.29999780655	0.0250004289361	0.0	0.0	0.0	0.0	0.0	0.00444657254654	0.0	0.0	0.0	0.0	0.0	3.95290385313e-06	0.0	0.0	0.000218388894912	0.0	1.28878214175e-06	0.0	34.0499992371	0.0
2142	5195.69884842	808.249028524	273.021046956	0.0	0.0	0.0	0.0	0.0	5.29999780655	0.0250004289361	0.0	0.0	0.0	0.0	0.0	0.00444657254654	0.0	0.0	0.0	0.0	0.0	3.95290385313e-06	0.0	0.0	0.000218388894912	0.0	1.28878214175e-06	0.0	34.0499992371	0.0
2143	5247.65583691	808.249028524	273.021046956	0.0	0.0	0.0	0.0	0.0	5.29999780655	0.0250004289361	0.0	0.0	0.0	0.0	0.0	0.00444657254654	0.0	0.0	0.0	0.0	0.0	3.95290385313e-06	0.0	0.0	0.000218388894912	0.0	1.28878214175e-06	0.0	34.0499992371	0.0
2144	5300.13239528	808.249028524	273.021046956	0.0	0.0	0.0	0.0	0.0	5.29999780655	0.0250004289361	0.0	0.0	0.0	0.0	0.0	0.00444657254654	0.0	0.0	0.0	0.0	0.0	3.95290385313e-06	0.0	0.0	0.000218388894912	0.0	1.28878214175e-06	0.0	34.0499992371	0.0
2145	5353.13371923	808.249028524	273.021046956	0.0	0.0	0.0	0.0	0.0	5.29999780655	0.0250004289361	0.0	0.0	0.0	0.0	0.0	0.00444657254654	0.0	0.0	0.0	0.0	0.0	3.95290385313e-06	0.0	0.0	0.000218388894912	0.0	1.28878214175e-06	0.0	34.0499992371	0.0
2146	5406.66505642	808.249028524	273.021046956	0.0	0.0	0.0	0.0	0.0	5.29999780655	0.0250004289361	0.0	0.0	0.0	0.0	0.0	0.00444657254654	0.0	0.0	0.0	0.0	0.0	3.95290385313e-06	0.0	0.0	0.000218388894912	0.0	1.28878214175e-06	0.0	34.0499992371	0.0
2147	5460.73170698	808.249028524	273.021046956	0.0	0.0	0.0	0.0	0.0	5.29999780655	0.0250004289361	0.0	0.0	0.0	0.0	0.0	0.00444657254654	0.0	0.0	0.0	0.0	0.0	3.95290385313e-06	0.0	0.0	0.000218388894912	0.0	1.28878214175e-06	0.0	34.0499992371	0.0
2148	5515.33902405	808.249028524	273.021046956	0.0	0.0	0.0	0.0	0.0	5.29999780655	0.0250004289361	0.0	0.0	0.0	0.0	0.0	0.00444657254654	0.0	0.0	0.0	0.0	0.0	3.95290385313e-06	0.0	0.0	0.000218388894912	0.0	1.28878214175e-06	0.0	34.0499992371	0.0
2149	5570.4924143	808.249028524	273.021046956	0.0	0.0	0.0	0.0	0.0	5.29999780655	0.0250004289361	0.0	0.0	0.0	0.0	0.0	0.00444657254654	0.0	0.0	0.0	0.0	0.0	3.95290385313e-06	0.0	0.0	0.000218388894912	0.0	1.28878214175e-06	0.0	34.0499992371	0.0
2150	5626.19733844	808.249028524	273.021046956	0.0	0.0	0.0	0.0	0.0	5.29999780655	0.0250004289361	0.0	0.0	0.0	0.0	0.0	0.00444657254654	0.0	0.0	0.0	0.0	0.0	3.95290385313e-06	0.0	0.0	0.000218388894912	0.0	1.28878214175e-06	0.0	34.0499992371	0.0
2151	5682.45931182	808.249028524	273.021046956	0.0	0.0	0.0	0.0	0.0	5.29999780655	0.0250004289361	0.0	0.0	0.0	0.0	0.0	0.00444657254654	0.0	0.0	0.0	0.0	0.0	3.95290385313e-06	0.0	0.0	0.000218388894912	0.0	1.28878214175e-06	0.0	34.0499992371	0.0
2152	5739.28390494	808.249028524	273.021046956	0.0	0.0	0.0	0.0	0.0	5.29999780655	0.0250004289361	0.0	0.0	0.0	0.0	0.0	0.00444657254654	0.0	0.0	0.0	0.0	0.0	3.95290385313e-06	0.0	0.0	0.000218388894912	0.0	1.28878214175e-06	0.0	34.0499992371	0.0
2153	5796.67674399	808.249028524	273.021046956	0.0	0.0	0.0	0.0	0.0	5.29999780655	0.0250004289361	0.0	0.0	0.0	0.0	0.0	0.00444657254654	0.0	0.0	0.0	0.0	0.0	3.95290385313e-06	0.0	0.0	0.000218388894912	0.0	1.28878214175e-06	0.0	34.0499992371	0.0
2154	5854.64351143	808.249028524	273.021046956	0.0	0.0	0.0	0.0	0.0	5.29999780655	0.0250004289361	0.0	0.0	0.0	0.0	0.0	0.00444657254654	0.0	0.0	0.0	0.0	0.0	3.95290385313e-06	0.0	0.0	0.000218388894912	0.0	1.28878214175e-06	0.0	34.0499992371	0.0
2155	5913.18994654	808.249028524	273.021046956	0.0	0.0	0.0	0.0	0.0	5.29999780655	0.0250004289361	0.0	0.0	0.0	0.0	0.0	0.00444657254654	0.0	0.0	0.0	0.0	0.0	3.95290385313e-06	0.0	0.0	0.000218388894912	0.0	1.28878214175e-06	0.0	34.0499992371	0.0
2156	5972.32184601	808.249028524	273.021046956	0.0	0.0	0.0	0.0	0.0	5.29999780655	0.0250004289361	0.0	0.0	0.0	0.0	0.0	0.00444657254654	0.0	0.0	0.0	0.0	0.0	3.95290385313e-06	0.0	0.0	0.000218388894912	0.0	1.28878214175e-06	0.0	34.0499992371	0.0
2157	6032.04506447	808.249028524	273.021046956	0.0	0.0	0.0	0.0	0.0	5.29999780655	0.0250004289361	0.0	0.0	0.0	0.0	0.0	0.00444657254654	0.0	0.0	0.0	0.0	0.0	3.95290385313e-06	0.0	0.0	0.000218388894912	0.0	1.28878214175e-06	0.0	34.0499992371	0.0
2158	6092.36551511	808.249028524	273.021046956	0.0	0.0	0.0	0.0	0.0	5.29999780655	0.0250004289361	0.0	0.0	0.0	0.0	0.0	0.00444657254654	0.0	0.0	0.0	0.0	0.0	3.95290385313e-06	0.0	0.0	0.000218388894912	0.0	1.28878214175e-06	0.0	34.0499992371	0.0
2159	6153.28917027	808.249028524	273.021046956	0.0	0.0	0.0	0.0	0.0	5.29999780655	0.0250004289361	0.0	0.0	0.0	0.0	0.0	0.00444657254654	0.0	0.0	0.0	0.0	0.0	3.95290385313e-06	0.0	0.0	0.000218388894912	0.0	1.28878214175e-06	0.0	34.0499992371	0.0
2160	6214.82206197	808.249028524	273.021046956	0.0	0.0	0.0	0.0	0.0	5.29999780655	0.0250004289361	0.0	0.0	0.0	0.0	0.0	0.00444657254654	0.0	0.0	0.0	0.0	0.0	3.95290385313e-06	0.0	0.0	0.000218388894912	0.0	1.28878214175e-06	0.0	34.0499992371	0.0
2161	6276.97028259	808.249028524	273.021046956	0.0	0.0	0.0	0.0	0.0	5.29999780655	0.0250004289361	0.0	0.0	0.0	0.0	0.0	0.00444657254654	0.0	0.0	0.0	0.0	0.0	3.95290385313e-06	0.0	0.0	0.000218388894912	0.0	1.28878214175e-06	0.0	34.0499992371	0.0
2162	6339.73998541	808.249028524	273.021046956	0.0	0.0	0.0	0.0	0.0	5.29999780655	0.0250004289361	0.0	0.0	0.0	0.0	0.0	0.00444657254654	0.0	0.0	0.0	0.0	0.0	3.95290385313e-06	0.0	0.0	0.000218388894912	0.0	1.28878214175e-06	0.0	34.0499992371	0.0
2163	6403.13738527	808.249028524	273.021046956	0.0	0.0	0.0	0.0	0.0	5.29999780655	0.0250004289361	0.0	0.0	0.0	0.0	0.0	0.00444657254654	0.0	0.0	0.0	0.0	0.0	3.95290385313e-06	0.0	0.0	0.000218388894912	0.0	1.28878214175e-06	0.0	34.0499992371	0.0
2164	6467.16875912	808.249028524	273.021046956	0.0	0.0	0.0	0.0	0.0	5.29999780655	0.0250004289361	0.0	0.0	0.0	0.0	0.0	0.00444657254654	0.0	0.0	0.0	0.0	0.0	3.95290385313e-06	0.0	0.0	0.000218388894912	0.0	1.28878214175e-06	0.0	34.0499992371	0.0
2165	6531.84044671	808.249028524	273.021046956	0.0	0.0	0.0	0.0	0.0	5.29999780655	0.0250004289361	0.0	0.0	0.0	0.0	0.0	0.00444657254654	0.0	0.0	0.0	0.0	0.0	3.95290385313e-06	0.0	0.0	0.000218388894912	0.0	1.28878214175e-06	0.0	34.0499992371	0.0
2166	6597.15885118	808.249028524	273.021046956	0.0	0.0	0.0	0.0	0.0	5.29999780655	0.0250004289361	0.0	0.0	0.0	0.0	0.0	0.00444657254654	0.0	0.0	0.0	0.0	0.0	3.95290385313e-06	0.0	0.0	0.000218388894912	0.0	1.28878214175e-06	0.0	34.0499992371	0.0
2167	6663.13043969	808.249028524	273.021046956	0.0	0.0	0.0	0.0	0.0	5.29999780655	0.0250004289361	0.0	0.0	0.0	0.0	0.0	0.00444657254654	0.0	0.0	0.0	0.0	0.0	3.95290385313e-06	0.0	0.0	0.000218388894912	0.0	1.28878214175e-06	0.0	34.0499992371	0.0
2168	6729.76174409	808.249028524	273.021046956	0.0	0.0	0.0	0.0	0.0	5.29999780655	0.0250004289361	0.0	0.0	0.0	0.0	0.0	0.00444657254654	0.0	0.0	0.0	0.0	0.0	3.95290385313e-06	0.0	0.0	0.000218388894912	0.0	1.28878214175e-06	0.0	34.0499992371	0.0
2169	6797.05936153	808.249028524	273.021046956	0.0	0.0	0.0	0.0	0.0	5.29999780655	0.0250004289361	0.0	0.0	0.0	0.0	0.0	0.00444657254654	0.0	0.0	0.0	0.0	0.0	3.95290385313e-06	0.0	0.0	0.000218388894912	0.0	1.28878214175e-06	0.0	34.0499992371	0.0
2170	6865.02995514	808.249028524	273.021046956	0.0	0.0	0.0	0.0	0.0	5.29999780655	0.0250004289361	0.0	0.0	0.0	0.0	0.0	0.00444657254654	0.0	0.0	0.0	0.0	0.0	3.95290385313e-06	0.0	0.0	0.000218388894912	0.0	1.28878214175e-06	0.0	34.0499992371	0.0
2171	6933.6802547	808.249028524	273.021046956	0.0	0.0	0.0	0.0	0.0	5.29999780655	0.0250004289361	0.0	0.0	0.0	0.0	0.0	0.00444657254654	0.0	0.0	0.0	0.0	0.0	3.95290385313e-06	0.0	0.0	0.000218388894912	0.0	1.28878214175e-06	0.0	34.0499992371	0.0
2172	7003.01705724	808.249028524	273.021046956	0.0	0.0	0.0	0.0	0.0	5.29999780655	0.0250004289361	0.0	0.0	0.0	0.0	0.0	0.00444657254654	0.0	0.0	0.0	0.0	0.0	3.95290385313e-06	0.0	0.0	0.000218388894912	0.0	1.28878214175e-06	0.0	34.0499992371	0.0
2173	7073.04722782	808.249028524	273.021046956	0.0	0.0	0.0	0.0	0.0	5.29999780655	0.0250004289361	0.0	0.0	0.0	0.0	0.0	0.00444657254654	0.0	0.0	0.0	0.0	0.0	3.95290385313e-06	0.0	0.0	0.000218388894912	0.0	1.28878214175e-06	0.0	34.0499992371	0.0
2174	7143.77770009	808.249028524	273.021046956	0.0	0.0	0.0	0.0	0.0	5.29999780655	0.0250004289361	0.0	0.0	0.0	0.0	0.0	0.00444657254654	0.0	0.0	0.0	0.0	0.0	3.95290385313e-06	0.0	0.0	0.000218388894912	0.0	1.28878214175e-06	0.0	34.0499992371	0.0
2175	7215.21547709	808.249028524	273.021046956	0.0	0.0	0.0	0.0	0.0	5.29999780655	0.0250004289361	0.0	0.0	0.0	0.0	0.0	0.00444657254654	0.0	0.0	0.0	0.0	0.0	3.95290385313e-06	0.0	0.0	0.000218388894912	0.0	1.28878214175e-06	0.0	34.0499992371	0.0
2176	7287.36763187	808.249028524	273.021046956	0.0	0.0	0.0	0.0	0.0	5.29999780655	0.0250004289361	0.0	0.0	0.0	0.0	0.0	0.00444657254654	0.0	0.0	0.0	0.0	0.0	3.95290385313e-06	0.0	0.0	0.000218388894912	0.0	1.28878214175e-06	0.0	34.0499992371	0.0
2177	7360.24130818	808.249028524	273.021046956	0.0	0.0	0.0	0.0	0.0	5.29999780655	0.0250004289361	0.0	0.0	0.0	0.0	0.0	0.00444657254654	0.0	0.0	0.0	0.0	0.0	3.95290385313e-06	0.0	0.0	0.000218388894912	0.0	1.28878214175e-06	0.0	34.0499992371	0.0
2178	7433.84372127	808.249028524	273.021046956	0.0	0.0	0.0	0.0	0.0	5.29999780655	0.0250004289361	0.0	0.0	0.0	0.0	0.0	0.00444657254654	0.0	0.0	0.0	0.0	0.0	3.95290385313e-06	0.0	0.0	0.000218388894912	0.0	1.28878214175e-06	0.0	34.0499992371	0.0
2179	7508.18215848	808.249028524	273.021046956	0.0	0.0	0.0	0.0	0.0	5.29999780655	0.0250004289361	0.0	0.0	0.0	0.0	0.0	0.00444657254654	0.0	0.0	0.0	0.0	0.0	3.95290385313e-06	0.0	0.0	0.000218388894912	0.0	1.28878214175e-06	0.0	34.0499992371	0.0
2180	7583.26398006	808.249028524	273.021046956	0.0	0.0	0.0	0.0	0.0	5.29999780655	0.0250004289361	0.0	0.0	0.0	0.0	0.0	0.00444657254654	0.0	0.0	0.0	0.0	0.0	3.95290385313e-06	0.0	0.0	0.000218388894912	0.0	1.28878214175e-06	0.0	34.0499992371	0.0
2181	7659.09661986	808.249028524	273.021046956	0.0	0.0	0.0	0.0	0.0	5.29999780655	0.0250004289361	0.0	0.0	0.0	0.0	0.0	0.00444657254654	0.0	0.0	0.0	0.0	0.0	3.95290385313e-06	0.0	0.0	0.000218388894912	0.0	1.28878214175e-06	0.0	34.0499992371	0.0
2182	7735.68758606	808.249028524	273.021046956	0.0	0.0	0.0	0.0	0.0	5.29999780655	0.0250004289361	0.0	0.0	0.0	0.0	0.0	0.00444657254654	0.0	0.0	0.0	0.0	0.0	3.95290385313e-06	0.0	0.0	0.000218388894912	0.0	1.28878214175e-06	0.0	34.0499992371	0.0
2183	7813.04446192	808.249028524	273.021046956	0.0	0.0	0.0	0.0	0.0	5.29999780655	0.0250004289361	0.0	0.0	0.0	0.0	0.0	0.00444657254654	0.0	0.0	0.0	0.0	0.0	3.95290385313e-06	0.0	0.0	0.000218388894912	0.0	1.28878214175e-06	0.0	34.0499992371	0.0
2184	7891.17490654	808.249028524	273.021046956	0.0	0.0	0.0	0.0	0.0	5.29999780655	0.0250004289361	0.0	0.0	0.0	0.0	0.0	0.00444657254654	0.0	0.0	0.0	0.0	0.0	3.95290385313e-06	0.0	0.0	0.000218388894912	0.0	1.28878214175e-06	0.0	34.0499992371	0.0
2185	7970.08665561	808.249028524	273.021046956	0.0	0.0	0.0	0.0	0.0	5.29999780655	0.0250004289361	0.0	0.0	0.0	0.0	0.0	0.00444657254654	0.0	0.0	0.0	0.0	0.0	3.95290385313e-06	0.0	0.0	0.000218388894912	0.0	1.28878214175e-06	0.0	34.0499992371	0.0
2186	8049.78752216	808.249028524	273.021046956	0.0	0.0	0.0	0.0	0.0	5.29999780655	0.0250004289361	0.0	0.0	0.0	0.0	0.0	0.00444657254654	0.0	0.0	0.0	0.0	0.0	3.95290385313e-06	0.0	0.0	0.000218388894912	0.0	1.28878214175e-06	0.0	34.0499992371	0.0
2187	8130.28539739	808.249028524	273.021046956	0.0	0.0	0.0	0.0	0.0	5.29999780655	0.0250004289361	0.0	0.0	0.0	0.0	0.0	0.00444657254654	0.0	0.0	0.0	0.0	0.0	3.95290385313e-06	0.0	0.0	0.000218388894912	0.0	1.28878214175e-06	0.0	34.0499992371	0.0
2188	8211.58825136	808.249028524	273.021046956	0.0	0.0	0.0	0.0	0.0	5.29999780655	0.0250004289361	0.0	0.0	0.0	0.0	0.0	0.00444657254654	0.0	0.0	0.0	0.0	0.0	3.95290385313e-06	0.0	0.0	0.000218388894912	0.0	1.28878214175e-06	0.0	34.0499992371	0.0
2189	8293.70413387	808.249028524	273.021046956	0.0	0.0	0.0	0.0	0.0	5.29999780655	0.0250004289361	0.0	0.0	0.0	0.0	0.0	0.00444657254654	0.0	0.0	0.0	0.0	0.0	3.95290385313e-06	0.0	0.0	0.000218388894912	0.0	1.28878214175e-06	0.0	34.0499992371	0.0
2190	8376.64117521	808.249028524	273.021046956	0.0	0.0	0.0	0.0	0.0	5.29999780655	0.0250004289361	0.0	0.0	0.0	0.0	0.0	0.00444657254654	0.0	0.0	0.0	0.0	0.0	3.95290385313e-06	0.0	0.0	0.000218388894912	0.0	1.28878214175e-06	0.0	34.0499992371	0.0
2191	8460.40758696	808.249028524	273.021046956	0.0	0.0	0.0	0.0	0.0	5.29999780655	0.0250004289361	0.0	0.0	0.0	0.0	0.0	0.00444657254654	0.0	0.0	0.0	0.0	0.0	3.95290385313e-06	0.0	0.0	0.000218388894912	0.0	1.28878214175e-06	0.0	34.0499992371	0.0
2192	8545.01166283	808.249028524	273.021046956	0.0	0.0	0.0	0.0	0.0	5.29999780655	0.0250004289361	0.0	0.0	0.0	0.0	0.0	0.00444657254654	0.0	0.0	0.0	0.0	0.0	3.95290385313e-06	0.0	0.0	0.000218388894912	0.0	1.28878214175e-06	0.0	34.0499992371	0.0
2193	8630.46177946	808.249028524	273.021046956	0.0	0.0	0.0	0.0	0.0	5.29999780655	0.0250004289361	0.0	0.0	0.0	0.0	0.0	0.00444657254654	0.0	0.0	0.0	0.0	0.0	3.95290385313e-06	0.0	0.0	0.000218388894912	0.0	1.28878214175e-06	0.0	34.0499992371	0.0
2194	8716.76639726	808.249028524	273.021046956	0.0	0.0	0.0	0.0	0.0	5.29999780655	0.0250004289361	0.0	0.0	0.0	0.0	0.0	0.00444657254654	0.0	0.0	0.0	0.0	0.0	3.95290385313e-06	0.0	0.0	0.000218388894912	0.0	1.28878214175e-06	0.0	34.0499992371	0.0
2195	8803.93406123	808.249028524	273.021046956	0.0	0.0	0.0	0.0	0.0	5.29999780655	0.0250004289361	0.0	0.0	0.0	0.0	0.0	0.00444657254654	0.0	0.0	0.0	0.0	0.0	3.95290385313e-06	0.0	0.0	0.000218388894912	0.0	1.28878214175e-06	0.0	34.0499992371	0.0
2196	8891.97340184	808.249028524	273.021046956	0.0	0.0	0.0	0.0	0.0	5.29999780655	0.0250004289361	0.0	0.0	0.0	0.0	0.0	0.00444657254654	0.0	0.0	0.0	0.0	0.0	3.95290385313e-06	0.0	0.0	0.000218388894912	0.0	1.28878214175e-06	0.0	34.0499992371	0.0
2197	8980.89313586	808.249028524	273.021046956	0.0	0.0	0.0	0.0	0.0	5.29999780655	0.0250004289361	0.0	0.0	0.0	0.0	0.0	0.00444657254654	0.0	0.0	0.0	0.0	0.0	3.95290385313e-06	0.0	0.0	0.000218388894912	0.0	1.28878214175e-06	0.0	34.0499992371	0.0
2198	9070.70206722	808.249028524	273.021046956	0.0	0.0	0.0	0.0	0.0	5.29999780655	0.0250004289361	0.0	0.0	0.0	0.0	0.0	0.00444657254654	0.0	0.0	0.0	0.0	0.0	3.95290385313e-06	0.0	0.0	0.000218388894912	0.0	1.28878214175e-06	0.0	34.0499992371	0.0
2199	9161.40908789	808.249028524	273.021046956	0.0	0.0	0.0	0.0	0.0	5.29999780655	0.0250004289361	0.0	0.0	0.0	0.0	0.0	0.00444657254654	0.0	0.0	0.0	0.0	0.0	3.95290385313e-06	0.0	0.0	0.000218388894912	0.0	1.28878214175e-06	0.0	34.0499992371	0.0
2200	9253.02317877	808.249028524	273.021046956	0.0	0.0	0.0	0.0	0.0	5.29999780655	0.0250004289361	0.0	0.0	0.0	0.0	0.0	0.00444657254654	0.0	0.0	0.0	0.0	0.0	3.95290385313e-06	0.0	0.0	0.000218388894912	0.0	1.28878214175e-06	0.0	34.0499992371	0.0
2201	9345.55341056	808.249028524	273.021046956	0.0	0.0	0.0	0.0	0.0	5.29999780655	0.0250004289361	0.0	0.0	0.0	0.0	0.0	0.00444657254654	0.0	0.0	0.0	0.0	0.0	3.95290385313e-06	0.0	0.0	0.000218388894912	0.0	1.28878214175e-06	0.0	34.0499992371	0.0
2202	9439.00894466	808.249028524	273.021046956	0.0	0.0	0.0	0.0	0.0	5.29999780655	0.0250004289361	0.0	0.0	0.0	0.0	0.0	0.00444657254654	0.0	0.0	0.0	0.0	0.0	3.95290385313e-06	0.0	0.0	0.000218388894912	0.0	1.28878214175e-06	0.0	34.0499992371	0.0
2203	9533.39903411	808.249028524	273.021046956	0.0	0.0	0.0	0.0	0.0	5.29999780655	0.0250004289361	0.0	0.0	0.0	0.0	0.0	0.00444657254654	0.0	0.0	0.0	0.0	0.0	3.95290385313e-06	0.0	0.0	0.000218388894912	0.0	1.28878214175e-06	0.0	34.0499992371	0.0
2204	9628.73302445	808.249028524	273.021046956	0.0	0.0	0.0	0.0	0.0	5.29999780655	0.0250004289361	0.0	0.0	0.0	0.0	0.0	0.00444657254654	0.0	0.0	0.0	0.0	0.0	3.95290385313e-06	0.0	0.0	0.000218388894912	0.0	1.28878214175e-06	0.0	34.0499992371	0.0
2205	9725.02035469	808.249028524	273.021046956	0.0	0.0	0.0	0.0	0.0	5.29999780655	0.0250004289361	0.0	0.0	0.0	0.0	0.0	0.00444657254654	0.0	0.0	0.0	0.0	0.0	3.95290385313e-06	0.0	0.0	0.000218388894912	0.0	1.28878214175e-06	0.0	34.0499992371	0.0
2206	9822.27055824	808.249028524	273.021046956	0.0	0.0	0.0	0.0	0.0	5.29999780655	0.0250004289361	0.0	0.0	0.0	0.0	0.0	0.00444657254654	0.0	0.0	0.0	0.0	0.0	3.95290385313e-06	0.0	0.0	0.000218388894912	0.0	1.28878214175e-06	0.0	34.0499992371	0.0
2207	9920.49326382	808.249028524	273.021046956	0.0	0.0	0.0	0.0	0.0	5.29999780655	0.0250004289361	0.0	0.0	0.0	0.0	0.0	0.00444657254654	0.0	0.0	0.0	0.0	0.0	3.95290385313e-06	0.0	0.0	0.000218388894912	0.0	1.28878214175e-06	0.0	34.0499992371	0.0
2208	10019.6981965	808.249028524	273.021046956	0.0	0.0	0.0	0.0	0.0	5.29999780655	0.0250004289361	0.0	0.0	0.0	0.0	0.0	0.00444657254654	0.0	0.0	0.0	0.0	0.0	3.95290385313e-06	0.0	0.0	0.000218388894912	0.0	1.28878214175e-06	0.0	34.0499992371	0.0
2209	10119.8951784	808.249028524	273.021046956	0.0	0.0	0.0	0.0	0.0	5.29999780655	0.0250004289361	0.0	0.0	0.0	0.0	0.0	0.00444657254654	0.0	0.0	0.0	0.0	0.0	3.95290385313e-06	0.0	0.0	0.000218388894912	0.0	1.28878214175e-06	0.0	34.0499992371	0.0
2210	10221.0941302	808.249028524	273.021046956	0.0	0.0	0.0	0.0	0.0	5.29999780655	0.0250004289361	0.0	0.0	0.0	0.0	0.0	0.00444657254654	0.0	0.0	0.0	0.0	0.0	3.95290385313e-06	0.0	0.0	0.000218388894912	0.0	1.28878214175e-06	0.0	34.0499992371	0.0
2211	10323.3050715	808.249028524	273.021046956	0.0	0.0	0.0	0.0	0.0	5.29999780655	0.0250004289361	0.0	0.0	0.0	0.0	0.0	0.00444657254654	0.0	0.0	0.0	0.0	0.0	3.95290385313e-06	0.0	0.0	0.000218388894912	0.0	1.28878214175e-06	0.0	34.0499992371	0.0
2212	10426.5381222	808.249028524	273.021046956	0.0	0.0	0.0	0.0	0.0	5.29999780655	0.0250004289361	0.0	0.0	0.0	0.0	0.0	0.00444657254654	0.0	0.0	0.0	0.0	0.0	3.95290385313e-06	0.0	0.0	0.000218388894912	0.0	1.28878214175e-06	0.0	34.0499992371	0.0
2213	10530.8035035	808.249028524	273.021046956	0.0	0.0	0.0	0.0	0.0	5.29999780655	0.0250004289361	0.0	0.0	0.0	0.0	0.0	0.00444657254654	0.0	0.0	0.0	0.0	0.0	3.95290385313e-06	0.0	0.0	0.000218388894912	0.0	1.28878214175e-06	0.0	34.0499992371	0.0
2214	10636.1115385	808.249028524	273.021046956	0.0	0.0	0.0	0.0	0.0	5.29999780655	0.0250004289361	0.0	0.0	0.0	0.0	0.0	0.00444657254654	0.0	0.0	0.0	0.0	0.0	3.95290385313e-06	0.0	0.0	0.000218388894912	0.0	1.28878214175e-06	0.0	34.0499992371	0.0
2215	10742.4726539	808.249028524	273.021046956	0.0	0.0	0.0	0.0	0.0	5.29999780655	0.0250004289361	0.0	0.0	0.0	0.0	0.0	0.00444657254654	0.0	0.0	0.0	0.0	0.0	3.95290385313e-06	0.0	0.0	0.000218388894912	0.0	1.28878214175e-06	0.0	34.0499992371	0.0
2216	10849.8973804	808.249028524	273.021046956	0.0	0.0	0.0	0.0	0.0	5.29999780655	0.0250004289361	0.0	0.0	0.0	0.0	0.0	0.00444657254654	0.0	0.0	0.0	0.0	0.0	3.95290385313e-06	0.0	0.0	0.000218388894912	0.0	1.28878214175e-06	0.0	34.0499992371	0.0
2217	10958.3963542	808.249028524	273.021046956	0.0	0.0	0.0	0.0	0.0	5.29999780655	0.0250004289361	0.0	0.0	0.0	0.0	0.0	0.00444657254654	0.0	0.0	0.0	0.0	0.0	3.95290385313e-06	0.0	0.0	0.000218388894912	0.0	1.28878214175e-06	0.0	34.0499992371	0.0
2218	11067.9803178	808.249028524	273.021046956	0.0	0.0	0.0	0.0	0.0	5.29999780655	0.0250004289361	0.0	0.0	0.0	0.0	0.0	0.00444657254654	0.0	0.0	0.0	0.0	0.0	3.95290385313e-06	0.0	0.0	0.000218388894912	0.0	1.28878214175e-06	0.0	34.0499992371	0.0
2219	11178.6601209	808.249028524	273.021046956	0.0	0.0	0.0	0.0	0.0	5.29999780655	0.0250004289361	0.0	0.0	0.0	0.0	0.0	0.00444657254654	0.0	0.0	0.0	0.0	0.0	3.95290385313e-06	0.0	0.0	0.000218388894912	0.0	1.28878214175e-06	0.0	34.0499992371	0.0
2220	11290.4467221	808.249028524	273.021046956	0.0	0.0	0.0	0.0	0.0	5.29999780655	0.0250004289361	0.0	0.0	0.0	0.0	0.0	0.00444657254654	0.0	0.0	0.0	0.0	0.0	3.95290385313e-06	0.0	0.0	0.000218388894912	0.0	1.28878214175e-06	0.0	34.0499992371	0.0
2221	11403.3511894	808.249028524	273.021046956	0.0	0.0	0.0	0.0	0.0	5.29999780655	0.0250004289361	0.0	0.0	0.0	0.0	0.0	0.00444657254654	0.0	0.0	0.0	0.0	0.0	3.95290385313e-06	0.0	0.0	0.000218388894912	0.0	1.28878214175e-06	0.0	34.0499992371	0.0
2222	11517.3847013	808.249028524	273.021046956	0.0	0.0	0.0	0.0	0.0	5.29999780655	0.0250004289361	0.0	0.0	0.0	0.0	0.0	0.00444657254654	0.0	0.0	0.0	0.0	0.0	3.95290385313e-06	0.0	0.0	0.000218388894912	0.0	1.28878214175e-06	0.0	34.0499992371	0.0
2223	11632.5585483	808.249028524	273.021046956	0.0	0.0	0.0	0.0	0.0	5.29999780655	0.0250004289361	0.0	0.0	0.0	0.0	0.0	0.00444657254654	0.0	0.0	0.0	0.0	0.0	3.95290385313e-06	0.0	0.0	0.000218388894912	0.0	1.28878214175e-06	0.0	34.0499992371	0.0
2224	11748.8841338	808.249028524	273.021046956	0.0	0.0	0.0	0.0	0.0	5.29999780655	0.0250004289361	0.0	0.0	0.0	0.0	0.0	0.00444657254654	0.0	0.0	0.0	0.0	0.0	3.95290385313e-06	0.0	0.0	0.000218388894912	0.0	1.28878214175e-06	0.0	34.0499992371	0.0
2225	11866.3729751	808.249028524	273.021046956	0.0	0.0	0.0	0.0	0.0	5.29999780655	0.0250004289361	0.0	0.0	0.0	0.0	0.0	0.00444657254654	0.0	0.0	0.0	0.0	0.0	3.95290385313e-06	0.0	0.0	0.000218388894912	0.0	1.28878214175e-06	0.0	34.0499992371	0.0
2226	11985.0367048	808.249028524	273.021046956	0.0	0.0	0.0	0.0	0.0	5.29999780655	0.0250004289361	0.0	0.0	0.0	0.0	0.0	0.00444657254654	0.0	0.0	0.0	0.0	0.0	3.95290385313e-06	0.0	0.0	0.000218388894912	0.0	1.28878214175e-06	0.0	34.0499992371	0.0
2227	12104.8870719	808.249028524	273.021046956	0.0	0.0	0.0	0.0	0.0	5.29999780655	0.0250004289361	0.0	0.0	0.0	0.0	0.0	0.00444657254654	0.0	0.0	0.0	0.0	0.0	3.95290385313e-06	0.0	0.0	0.000218388894912	0.0	1.28878214175e-06	0.0	34.0499992371	0.0
2228	12225.9359426	808.249028524	273.021046956	0.0	0.0	0.0	0.0	0.0	5.29999780655	0.0250004289361	0.0	0.0	0.0	0.0	0.0	0.00444657254654	0.0	0.0	0.0	0.0	0.0	3.95290385313e-06	0.0	0.0	0.000218388894912	0.0	1.28878214175e-06	0.0	34.0499992371	0.0
2229	12348.195302	808.249028524	273.021046956	0.0	0.0	0.0	0.0	0.0	5.29999780655	0.0250004289361	0.0	0.0	0.0	0.0	0.0	0.00444657254654	0.0	0.0	0.0	0.0	0.0	3.95290385313e-06	0.0	0.0	0.000218388894912	0.0	1.28878214175e-06	0.0	34.0499992371	0.0
2230	12471.6772551	808.249028524	273.021046956	0.0	0.0	0.0	0.0	0.0	5.29999780655	0.0250004289361	0.0	0.0	0.0	0.0	0.0	0.00444657254654	0.0	0.0	0.0	0.0	0.0	3.95290385313e-06	0.0	0.0	0.000218388894912	0.0	1.28878214175e-06	0.0	34.0499992371	0.0
2231	12596.3940276	808.249028524	273.021046956	0.0	0.0	0.0	0.0	0.0	5.29999780655	0.0250004289361	0.0	0.0	0.0	0.0	0.0	0.00444657254654	0.0	0.0	0.0	0.0	0.0	3.95290385313e-06	0.0	0.0	0.000218388894912	0.0	1.28878214175e-06	0.0	34.0499992371	0.0
2232	12722.3579679	808.249028524	273.021046956	0.0	0.0	0.0	0.0	0.0	5.29999780655	0.0250004289361	0.0	0.0	0.0	0.0	0.0	0.00444657254654	0.0	0.0	0.0	0.0	0.0	3.95290385313e-06	0.0	0.0	0.000218388894912	0.0	1.28878214175e-06	0.0	34.0499992371	0.0
2233	12849.5815476	808.249028524	273.021046956	0.0	0.0	0.0	0.0	0.0	5.29999780655	0.0250004289361	0.0	0.0	0.0	0.0	0.0	0.00444657254654	0.0	0.0	0.0	0.0	0.0	3.95290385313e-06	0.0	0.0	0.000218388894912	0.0	1.28878214175e-06	0.0	34.0499992371	0.0
2234	12978.077363	808.249028524	273.021046956	0.0	0.0	0.0	0.0	0.0	5.29999780655	0.0250004289361	0.0	0.0	0.0	0.0	0.0	0.00444657254654	0.0	0.0	0.0	0.0	0.0	3.95290385313e-06	0.0	0.0	0.000218388894912	0.0	1.28878214175e-06	0.0	34.0499992371	0.0
2235	13107.8581367	808.249028524	273.021046956	0.0	0.0	0.0	0.0	0.0	5.29999780655	0.0250004289361	0.0	0.0	0.0	0.0	0.0	0.00444657254654	0.0	0.0	0.0	0.0	0.0	3.95290385313e-06	0.0	0.0	0.000218388894912	0.0	1.28878214175e-06	0.0	34.0499992371	0.0
2236	13238.936718	808.249028524	273.021046956	0.0	0.0	0.0	0.0	0.0	5.29999780655	0.0250004289361	0.0	0.0	0.0	0.0	0.0	0.00444657254654	0.0	0.0	0.0	0.0	0.0	3.95290385313e-06	0.0	0.0	0.000218388894912	0.0	1.28878214175e-06	0.0	34.0499992371	0.0
2237	13371.3260852	808.249028524	273.021046956	0.0	0.0	0.0	0.0	0.0	5.29999780655	0.0250004289361	0.0	0.0	0.0	0.0	0.0	0.00444657254654	0.0	0.0	0.0	0.0	0.0	3.95290385313e-06	0.0	0.0	0.000218388894912	0.0	1.28878214175e-06	0.0	34.0499992371	0.0
2238	13505.0393461	808.249028524	273.021046956	0.0	0.0	0.0	0.0	0.0	5.29999780655	0.0250004289361	0.0	0.0	0.0	0.0	0.0	0.00444657254654	0.0	0.0	0.0	0.0	0.0	3.95290385313e-06	0.0	0.0	0.000218388894912	0.0	1.28878214175e-06	0.0	34.0499992371	0.0
2239	13640.0897395	808.249028524	273.021046956	0.0	0.0	0.0	0.0	0.0	5.29999780655	0.0250004289361	0.0	0.0	0.0	0.0	0.0	0.00444657254654	0.0	0.0	0.0	0.0	0.0	3.95290385313e-06	0.0	0.0	0.000218388894912	0.0	1.28878214175e-06	0.0	34.0499992371	0.0
2240	13776.4906369	808.249028524	273.021046956	0.0	0.0	0.0	0.0	0.0	5.29999780655	0.0250004289361	0.0	0.0	0.0	0.0	0.0	0.00444657254654	0.0	0.0	0.0	0.0	0.0	3.95290385313e-06	0.0	0.0	0.000218388894912	0.0	1.28878214175e-06	0.0	34.0499992371	0.0
2241	13914.2555433	808.249028524	273.021046956	0.0	0.0	0.0	0.0	0.0	5.29999780655	0.0250004289361	0.0	0.0	0.0	0.0	0.0	0.00444657254654	0.0	0.0	0.0	0.0	0.0	3.95290385313e-06	0.0	0.0	0.000218388894912	0.0	1.28878214175e-06	0.0	34.0499992371	0.0
2242	14053.3980987	808.249028524	273.021046956	0.0	0.0	0.0	0.0	0.0	5.29999780655	0.0250004289361	0.0	0.0	0.0	0.0	0.0	0.00444657254654	0.0	0.0	0.0	0.0	0.0	3.95290385313e-06	0.0	0.0	0.000218388894912	0.0	1.28878214175e-06	0.0	34.0499992371	0.0
2243	14193.9320797	808.249028524	273.021046956	0.0	0.0	0.0	0.0	0.0	5.29999780655	0.0250004289361	0.0	0.0	0.0	0.0	0.0	0.00444657254654	0.0	0.0	0.0	0.0	0.0	3.95290385313e-06	0.0	0.0	0.000218388894912	0.0	1.28878214175e-06	0.0	34.0499992371	0.0
2244	14335.8714005	808.249028524	273.021046956	0.0	0.0	0.0	0.0	0.0	5.29999780655	0.0250004289361	0.0	0.0	0.0	0.0	0.0	0.00444657254654	0.0	0.0	0.0	0.0	0.0	3.95290385313e-06	0.0	0.0	0.000218388894912	0.0	1.28878214175e-06	0.0	34.0499992371	0.0
2245	14479.2301145	808.249028524	273.021046956	0.0	0.0	0.0	0.0	0.0	5.29999780655	0.0250004289361	0.0	0.0	0.0	0.0	0.0	0.00444657254654	0.0	0.0	0.0	0.0	0.0	3.95290385313e-06	0.0	0.0	0.000218388894912	0.0	1.28878214175e-06	0.0	34.0499992371	0.0
2246	14624.0224157	808.249028524	273.021046956	0.0	0.0	0.0	0.0	0.0	5.29999780655	0.0250004289361	0.0	0.0	0.0	0.0	0.0	0.00444657254654	0.0	0.0	0.0	0.0	0.0	3.95290385313e-06	0.0	0.0	0.000218388894912	0.0	1.28878214175e-06	0.0	34.0499992371	0.0
2247	14770.2626398	808.249028524	273.021046956	0.0	0.0	0.0	0.0	0.0	5.29999780655	0.0250004289361	0.0	0.0	0.0	0.0	0.0	0.00444657254654	0.0	0.0	0.0	0.0	0.0	3.95290385313e-06	0.0	0.0	0.000218388894912	0.0	1.28878214175e-06	0.0	34.0499992371	0.0
2248	14917.9652662	808.249028524	273.021046956	0.0	0.0	0.0	0.0	0.0	5.29999780655	0.0250004289361	0.0	0.0	0.0	0.0	0.0	0.00444657254654	0.0	0.0	0.0	0.0	0.0	3.95290385313e-06	0.0	0.0	0.000218388894912	0.0	1.28878214175e-06	0.0	34.0499992371	0.0
2249	15067.1449189	808.249028524	273.021046956	0.0	0.0	0.0	0.0	0.0	5.29999780655	0.0250004289361	0.0	0.0	0.0	0.0	0.0	0.00444657254654	0.0	0.0	0.0	0.0	0.0	3.95290385313e-06	0.0	0.0	0.000218388894912	0.0	1.28878214175e-06	0.0	34.0499992371	0.0
2250	15217.8163681	808.249028524	273.021046956	0.0	0.0	0.0	0.0	0.0	5.29999780655	0.0250004289361	0.0	0.0	0.0	0.0	0.0	0.00444657254654	0.0	0.0	0.0	0.0	0.0	3.95290385313e-06	0.0	0.0	0.000218388894912	0.0	1.28878214175e-06	0.0	34.0499992371	0.0
2251	15369.9945317	808.249028524	273.021046956	0.0	0.0	0.0	0.0	0.0	5.29999780655	0.0250004289361	0.0	0.0	0.0	0.0	0.0	0.00444657254654	0.0	0.0	0.0	0.0	0.0	3.95290385313e-06	0.0	0.0	0.000218388894912	0.0	1.28878214175e-06	0.0	34.0499992371	0.0
2252	15523.6944771	808.249028524	273.021046956	0.0	0.0	0.0	0.0	0.0	5.29999780655	0.0250004289361	0.0	0.0	0.0	0.0	0.0	0.00444657254654	0.0	0.0	0.0	0.0	0.0	3.95290385313e-06	0.0	0.0	0.000218388894912	0.0	1.28878214175e-06	0.0	34.0499992371	0.0
2253	15678.9314218	808.249028524	273.021046956	0.0	0.0	0.0	0.0	0.0	5.29999780655	0.0250004289361	0.0	0.0	0.0	0.0	0.0	0.00444657254654	0.0	0.0	0.0	0.0	0.0	3.95290385313e-06	0.0	0.0	0.000218388894912	0.0	1.28878214175e-06	0.0	34.0499992371	0.0
2254	15835.720736	808.249028524	273.021046956	0.0	0.0	0.0	0.0	0.0	5.29999780655	0.0250004289361	0.0	0.0	0.0	0.0	0.0	0.00444657254654	0.0	0.0	0.0	0.0	0.0	3.95290385313e-06	0.0	0.0	0.000218388894912	0.0	1.28878214175e-06	0.0	34.0499992371	0.0
2255	15994.0779434	808.249028524	273.021046956	0.0	0.0	0.0	0.0	0.0	5.29999780655	0.0250004289361	0.0	0.0	0.0	0.0	0.0	0.00444657254654	0.0	0.0	0.0	0.0	0.0	3.95290385313e-06	0.0	0.0	0.000218388894912	0.0	1.28878214175e-06	0.0	34.0499992371	0.0
2256	16154.0187228	808.249028524	273.021046956	0.0	0.0	0.0	0.0	0.0	5.29999780655	0.0250004289361	0.0	0.0	0.0	0.0	0.0	0.00444657254654	0.0	0.0	0.0	0.0	0.0	3.95290385313e-06	0.0	0.0	0.000218388894912	0.0	1.28878214175e-06	0.0	34.0499992371	0.0
2257	16315.5589101	808.249028524	273.021046956	0.0	0.0	0.0	0.0	0.0	5.29999780655	0.0250004289361	0.0	0.0	0.0	0.0	0.0	0.00444657254654	0.0	0.0	0.0	0.0	0.0	3.95290385313e-06	0.0	0.0	0.000218388894912	0.0	1.28878214175e-06	0.0	34.0499992371	0.0
2258	16478.7144992	808.249028524	273.021046956	0.0	0.0	0.0	0.0	0.0	5.29999780655	0.0250004289361	0.0	0.0	0.0	0.0	0.0	0.00444657254654	0.0	0.0	0.0	0.0	0.0	3.95290385313e-06	0.0	0.0	0.000218388894912	0.0	1.28878214175e-06	0.0	34.0499992371	0.0
2259	16643.5016442	808.249028524	273.021046956	0.0	0.0	0.0	0.0	0.0	5.29999780655	0.0250004289361	0.0	0.0	0.0	0.0	0.0	0.00444657254654	0.0	0.0	0.0	0.0	0.0	3.95290385313e-06	0.0	0.0	0.000218388894912	0.0	1.28878214175e-06	0.0	34.0499992371	0.0
2260	16809.9366606	808.249028524	273.021046956	0.0	0.0	0.0	0.0	0.0	5.29999780655	0.0250004289361	0.0	0.0	0.0	0.0	0.0	0.00444657254654	0.0	0.0	0.0	0.0	0.0	3.95290385313e-06	0.0	0.0	0.000218388894912	0.0	1.28878214175e-06	0.0	34.0499992371	0.0
2261	16978.0360272	808.249028524	273.021046956	0.0	0.0	0.0	0.0	0.0	5.29999780655	0.0250004289361	0.0	0.0	0.0	0.0	0.0	0.00444657254654	0.0	0.0	0.0	0.0	0.0	3.95290385313e-06	0.0	0.0	0.000218388894912	0.0	1.28878214175e-06	0.0	34.0499992371	0.0
2262	17147.8163875	808.249028524	273.021046956	0.0	0.0	0.0	0.0	0.0	5.29999780655	0.0250004289361	0.0	0.0	0.0	0.0	0.0	0.00444657254654	0.0	0.0	0.0	0.0	0.0	3.95290385313e-06	0.0	0.0	0.000218388894912	0.0	1.28878214175e-06	0.0	34.0499992371	0.0
2263	17319.2945514	808.249028524	273.021046956	0.0	0.0	0.0	0.0	0.0	5.29999780655	0.0250004289361	0.0	0.0	0.0	0.0	0.0	0.00444657254654	0.0	0.0	0.0	0.0	0.0	3.95290385313e-06	0.0	0.0	0.000218388894912	0.0	1.28878214175e-06	0.0	34.0499992371	0.0
2264	17492.4874969	808.249028524	273.021046956	0.0	0.0	0.0	0.0	0.0	5.29999780655	0.0250004289361	0.0	0.0	0.0	0.0	0.0	0.00444657254654	0.0	0.0	0.0	0.0	0.0	3.95290385313e-06	0.0	0.0	0.000218388894912	0.0	1.28878214175e-06	0.0	34.0499992371	0.0
2265	17667.4123718	808.249028524	273.021046956	0.0	0.0	0.0	0.0	0.0	5.29999780655	0.0250004289361	0.0	0.0	0.0	0.0	0.0	0.00444657254654	0.0	0.0	0.0	0.0	0.0	3.95290385313e-06	0.0	0.0	0.000218388894912	0.0	1.28878214175e-06	0.0	34.0499992371	0.0
2266	17844.0864956	808.249028524	273.021046956	0.0	0.0	0.0	0.0	0.0	5.29999780655	0.0250004289361	0.0	0.0	0.0	0.0	0.0	0.00444657254654	0.0	0.0	0.0	0.0	0.0	3.95290385313e-06	0.0	0.0	0.000218388894912	0.0	1.28878214175e-06	0.0	34.0499992371	0.0
2267	18022.5273605	808.249028524	273.021046956	0.0	0.0	0.0	0.0	0.0	5.29999780655	0.0250004289361	0.0	0.0	0.0	0.0	0.0	0.00444657254654	0.0	0.0	0.0	0.0	0.0	3.95290385313e-06	0.0	0.0	0.000218388894912	0.0	1.28878214175e-06	0.0	34.0499992371	0.0
2268	18202.7526341	808.249028524	273.021046956	0.0	0.0	0.0	0.0	0.0	5.29999780655	0.0250004289361	0.0	0.0	0.0	0.0	0.0	0.00444657254654	0.0	0.0	0.0	0.0	0.0	3.95290385313e-06	0.0	0.0	0.000218388894912	0.0	1.28878214175e-06	0.0	34.0499992371	0.0
2269	18384.7801605	808.249028524	273.021046956	0.0	0.0	0.0	0.0	0.0	5.29999780655	0.0250004289361	0.0	0.0	0.0	0.0	0.0	0.00444657254654	0.0	0.0	0.0	0.0	0.0	3.95290385313e-06	0.0	0.0	0.000218388894912	0.0	1.28878214175e-06	0.0	34.0499992371	0.0
2270	18568.6279621	808.249028524	273.021046956	0.0	0.0	0.0	0.0	0.0	5.29999780655	0.0250004289361	0.0	0.0	0.0	0.0	0.0	0.00444657254654	0.0	0.0	0.0	0.0	0.0	3.95290385313e-06	0.0	0.0	0.000218388894912	0.0	1.28878214175e-06	0.0	34.0499992371	0.0
2271	18754.3142417	808.249028524	273.021046956	0.0	0.0	0.0	0.0	0.0	5.29999780655	0.0250004289361	0.0	0.0	0.0	0.0	0.0	0.00444657254654	0.0	0.0	0.0	0.0	0.0	3.95290385313e-06	0.0	0.0	0.000218388894912	0.0	1.28878214175e-06	0.0	34.0499992371	0.0
2272	18941.8573841	808.249028524	273.021046956	0.0	0.0	0.0	0.0	0.0	5.29999780655	0.0250004289361	0.0	0.0	0.0	0.0	0.0	0.00444657254654	0.0	0.0	0.0	0.0	0.0	3.95290385313e-06	0.0	0.0	0.000218388894912	0.0	1.28878214175e-06	0.0	34.0499992371	0.0
2273	19131.2759579	808.249028524	273.021046956	0.0	0.0	0.0	0.0	0.0	5.29999780655	0.0250004289361	0.0	0.0	0.0	0.0	0.0	0.00444657254654	0.0	0.0	0.0	0.0	0.0	3.95290385313e-06	0.0	0.0	0.000218388894912	0.0	1.28878214175e-06	0.0	34.0499992371	0.0
2274	19322.5887175	808.249028524	273.021046956	0.0	0.0	0.0	0.0	0.0	5.29999780655	0.0250004289361	0.0	0.0	0.0	0.0	0.0	0.00444657254654	0.0	0.0	0.0	0.0	0.0	3.95290385313e-06	0.0	0.0	0.000218388894912	0.0	1.28878214175e-06	0.0	34.0499992371	0.0
2275	19515.8146047	808.249028524	273.021046956	0.0	0.0	0.0	0.0	0.0	5.29999780655	0.0250004289361	0.0	0.0	0.0	0.0	0.0	0.00444657254654	0.0	0.0	0.0	0.0	0.0	3.95290385313e-06	0.0	0.0	0.000218388894912	0.0	1.28878214175e-06	0.0	34.0499992371	0.0
2276	19710.9727507	808.249028524	273.021046956	0.0	0.0	0.0	0.0	0.0	5.29999780655	0.0250004289361	0.0	0.0	0.0	0.0	0.0	0.00444657254654	0.0	0.0	0.0	0.0	0.0	3.95290385313e-06	0.0	0.0	0.000218388894912	0.0	1.28878214175e-06	0.0	34.0499992371	0.0
2277	19908.0824783	808.249028524	273.021046956	0.0	0.0	0.0	0.0	0.0	5.29999780655	0.0250004289361	0.0	0.0	0.0	0.0	0.0	0.00444657254654	0.0	0.0	0.0	0.0	0.0	3.95290385313e-06	0.0	0.0	0.000218388894912	0.0	1.28878214175e-06	0.0	34.0499992371	0.0
2278	20107.163303	808.249028524	273.021046956	0.0	0.0	0.0	0.0	0.0	5.29999780655	0.0250004289361	0.0	0.0	0.0	0.0	0.0	0.00444657254654	0.0	0.0	0.0	0.0	0.0	3.95290385313e-06	0.0	0.0	0.000218388894912	0.0	1.28878214175e-06	0.0	34.0499992371	0.0
2279	20308.2349361	808.249028524	273.021046956	0.0	0.0	0.0	0.0	0.0	5.29999780655	0.0250004289361	0.0	0.0	0.0	0.0	0.0	0.00444657254654	0.0	0.0	0.0	0.0	0.0	3.95290385313e-06	0.0	0.0	0.000218388894912	0.0	1.28878214175e-06	0.0	34.0499992371	0.0
2280	20511.3172854	808.249028524	273.021046956	0.0	0.0	0.0	0.0	0.0	5.29999780655	0.0250004289361	0.0	0.0	0.0	0.0	0.0	0.00444657254654	0.0	0.0	0.0	0.0	0.0	3.95290385313e-06	0.0	0.0	0.000218388894912	0.0	1.28878214175e-06	0.0	34.0499992371	0.0
2281	20716.4304583	808.249028524	273.021046956	0.0	0.0	0.0	0.0	0.0	5.29999780655	0.0250004289361	0.0	0.0	0.0	0.0	0.0	0.00444657254654	0.0	0.0	0.0	0.0	0.0	3.95290385313e-06	0.0	0.0	0.000218388894912	0.0	1.28878214175e-06	0.0	34.0499992371	0.0
2282	20923.5947629	808.249028524	273.021046956	0.0	0.0	0.0	0.0	0.0	5.29999780655	0.0250004289361	0.0	0.0	0.0	0.0	0.0	0.00444657254654	0.0	0.0	0.0	0.0	0.0	3.95290385313e-06	0.0	0.0	0.000218388894912	0.0	1.28878214175e-06	0.0	34.0499992371	0.0
2283	21132.8307105	808.249028524	273.021046956	0.0	0.0	0.0	0.0	0.0	5.29999780655	0.0250004289361	0.0	0.0	0.0	0.0	0.0	0.00444657254654	0.0	0.0	0.0	0.0	0.0	3.95290385313e-06	0.0	0.0	0.000218388894912	0.0	1.28878214175e-06	0.0	34.0499992371	0.0
2284	21344.1590176	808.249028524	273.021046956	0.0	0.0	0.0	0.0	0.0	5.29999780655	0.0250004289361	0.0	0.0	0.0	0.0	0.0	0.00444657254654	0.0	0.0	0.0	0.0	0.0	3.95290385313e-06	0.0	0.0	0.000218388894912	0.0	1.28878214175e-06	0.0	34.0499992371	0.0
2285	21557.6006078	808.249028524	273.021046956	0.0	0.0	0.0	0.0	0.0	5.29999780655	0.0250004289361	0.0	0.0	0.0	0.0	0.0	0.00444657254654	0.0	0.0	0.0	0.0	0.0	3.95290385313e-06	0.0	0.0	0.000218388894912	0.0	1.28878214175e-06	0.0	34.0499992371	0.0
2286	21773.1766139	808.249028524	273.021046956	0.0	0.0	0.0	0.0	0.0	5.29999780655	0.0250004289361	0.0	0.0	0.0	0.0	0.0	0.00444657254654	0.0	0.0	0.0	0.0	0.0	3.95290385313e-06	0.0	0.0	0.000218388894912	0.0	1.28878214175e-06	0.0	34.0499992371	0.0
2287	21990.90838	808.249028524	273.021046956	0.0	0.0	0.0	0.0	0.0	5.29999780655	0.0250004289361	0.0	0.0	0.0	0.0	0.0	0.00444657254654	0.0	0.0	0.0	0.0	0.0	3.95290385313e-06	0.0	0.0	0.000218388894912	0.0	1.28878214175e-06	0.0	34.0499992371	0.0
2288	22210.8174638	808.249028524	273.021046956	0.0	0.0	0.0	0.0	0.0	5.29999780655	0.0250004289361	0.0	0.0	0.0	0.0	0.0	0.00444657254654	0.0	0.0	0.0	0.0	0.0	3.95290385313e-06	0.0	0.0	0.000218388894912	0.0	1.28878214175e-06	0.0	34.0499992371	0.0
2289	22432.9256384	808.249028524	273.021046956	0.0	0.0	0.0	0.0	0.0	5.29999780655	0.0250004289361	0.0	0.0	0.0	0.0	0.0	0.00444657254654	0.0	0.0	0.0	0.0	0.0	3.95290385313e-06	0.0	0.0	0.000218388894912	0.0	1.28878214175e-06	0.0	34.0499992371	0.0
2290	22657.2548948	808.249028524	273.021046956	0.0	0.0	0.0	0.0	0.0	5.29999780655	0.0250004289361	0.0	0.0	0.0	0.0	0.0	0.00444657254654	0.0	0.0	0.0	0.0	0.0	3.95290385313e-06	0.0	0.0	0.000218388894912	0.0	1.28878214175e-06	0.0	34.0499992371	0.0
2291	22883.8274438	808.249028524	273.021046956	0.0	0.0	0.0	0.0	0.0	5.29999780655	0.0250004289361	0.0	0.0	0.0	0.0	0.0	0.00444657254654	0.0	0.0	0.0	0.0	0.0	3.95290385313e-06	0.0	0.0	0.000218388894912	0.0	1.28878214175e-06	0.0	34.0499992371	0.0
2292	23112.6657182	808.249028524	273.021046956	0.0	0.0	0.0	0.0	0.0	5.29999780655	0.0250004289361	0.0	0.0	0.0	0.0	0.0	0.00444657254654	0.0	0.0	0.0	0.0	0.0	3.95290385313e-06	0.0	0.0	0.000218388894912	0.0	1.28878214175e-06	0.0	34.0499992371	0.0
2293	23343.7923754	808.249028524	273.021046956	0.0	0.0	0.0	0.0	0.0	5.29999780655	0.0250004289361	0.0	0.0	0.0	0.0	0.0	0.00444657254654	0.0	0.0	0.0	0.0	0.0	3.95290385313e-06	0.0	0.0	0.000218388894912	0.0	1.28878214175e-06	0.0	34.0499992371	0.0
2294	23577.2302991	808.249028524	273.021046956	0.0	0.0	0.0	0.0	0.0	5.29999780655	0.0250004289361	0.0	0.0	0.0	0.0	0.0	0.00444657254654	0.0	0.0	0.0	0.0	0.0	3.95290385313e-06	0.0	0.0	0.000218388894912	0.0	1.28878214175e-06	0.0	34.0499992371	0.0
2295	23813.0026021	808.249028524	273.021046956	0.0	0.0	0.0	0.0	0.0	5.29999780655	0.0250004289361	0.0	0.0	0.0	0.0	0.0	0.00444657254654	0.0	0.0	0.0	0.0	0.0	3.95290385313e-06	0.0	0.0	0.000218388894912	0.0	1.28878214175e-06	0.0	34.0499992371	0.0
2296	24051.1326281	808.249028524	273.021046956	0.0	0.0	0.0	0.0	0.0	5.29999780655	0.0250004289361	0.0	0.0	0.0	0.0	0.0	0.00444657254654	0.0	0.0	0.0	0.0	0.0	3.95290385313e-06	0.0	0.0	0.000218388894912	0.0	1.28878214175e-06	0.0	34.0499992371	0.0
2297	24291.6439544	808.249028524	273.021046956	0.0	0.0	0.0	0.0	0.0	5.29999780655	0.0250004289361	0.0	0.0	0.0	0.0	0.0	0.00444657254654	0.0	0.0	0.0	0.0	0.0	3.95290385313e-06	0.0	0.0	0.000218388894912	0.0	1.28878214175e-06	0.0	34.0499992371	0.0
2298	24534.560394	808.249028524	273.021046956	0.0	0.0	0.0	0.0	0.0	5.29999780655	0.0250004289361	0.0	0.0	0.0	0.0	0.0	0.00444657254654	0.0	0.0	0.0	0.0	0.0	3.95290385313e-06	0.0	0.0	0.000218388894912	0.0	1.28878214175e-06	0.0	34.0499992371	0.0
2299	24779.9059979	808.249028524	273.021046956	0.0	0.0	0.0	0.0	0.0	5.29999780655	0.0250004289361	0.0	0.0	0.0	0.0	0.0	0.00444657254654	0.0	0.0	0.0	0.0	0.0	3.95290385313e-06	0.0	0.0	0.000218388894912	0.0	1.28878214175e-06	0.0	34.0499992371	0.0
2300	25027.7050579	808.249028524	273.021046956	0.0	0.0	0.0	0.0	0.0	5.29999780655	0.0250004289361	0.0	0.0	0.0	0.0	0.0	0.00444657254654	0.0	0.0	0.0	0.0	0.0	3.95290385313e-06	0.0	0.0	0.000218388894912	0.0	1.28878214175e-06	0.0	34.0499992371	0.0
2301	25277.9821085	808.249028524	273.021046956	0.0	0.0	0.0	0.0	0.0	5.29999780655	0.0250004289361	0.0	0.0	0.0	0.0	0.0	0.00444657254654	0.0	0.0	0.0	0.0	0.0	3.95290385313e-06	0.0	0.0	0.000218388894912	0.0	1.28878214175e-06	0.0	34.0499992371	0.0
2302	25530.7619296	808.249028524	273.021046956	0.0	0.0	0.0	0.0	0.0	5.29999780655	0.0250004289361	0.0	0.0	0.0	0.0	0.0	0.00444657254654	0.0	0.0	0.0	0.0	0.0	3.95290385313e-06	0.0	0.0	0.000218388894912	0.0	1.28878214175e-06	0.0	34.0499992371	0.0
2303	25786.0695489	808.249028524	273.021046956	0.0	0.0	0.0	0.0	0.0	5.29999780655	0.0250004289361	0.0	0.0	0.0	0.0	0.0	0.00444657254654	0.0	0.0	0.0	0.0	0.0	3.95290385313e-06	0.0	0.0	0.000218388894912	0.0	1.28878214175e-06	0.0	34.0499992371	0.0
2304	26043.9302443	808.249028524	273.021046956	0.0	0.0	0.0	0.0	0.0	5.29999780655	0.0250004289361	0.0	0.0	0.0	0.0	0.0	0.00444657254654	0.0	0.0	0.0	0.0	0.0	3.95290385313e-06	0.0	0.0	0.000218388894912	0.0	1.28878214175e-06	0.0	34.0499992371	0.0
2305	26304.3695468	808.249028524	273.021046956	0.0	0.0	0.0	0.0	0.0	5.29999780655	0.0250004289361	0.0	0.0	0.0	0.0	0.0	0.00444657254654	0.0	0.0	0.0	0.0	0.0	3.95290385313e-06	0.0	0.0	0.000218388894912	0.0	1.28878214175e-06	0.0	34.0499992371	0.0
2306	26567.4132423	808.249028524	273.021046956	0.0	0.0	0.0	0.0	0.0	5.29999780655	0.0250004289361	0.0	0.0	0.0	0.0	0.0	0.00444657254654	0.0	0.0	0.0	0.0	0.0	3.95290385313e-06	0.0	0.0	0.000218388894912	0.0	1.28878214175e-06	0.0	34.0499992371	0.0
2307	26833.0873747	808.249028524	273.021046956	0.0	0.0	0.0	0.0	0.0	5.29999780655	0.0250004289361	0.0	0.0	0.0	0.0	0.0	0.00444657254654	0.0	0.0	0.0	0.0	0.0	3.95290385313e-06	0.0	0.0	0.000218388894912	0.0	1.28878214175e-06	0.0	34.0499992371	0.0
2308	27101.4182484	808.249028524	273.021046956	0.0	0.0	0.0	0.0	0.0	5.29999780655	0.0250004289361	0.0	0.0	0.0	0.0	0.0	0.00444657254654	0.0	0.0	0.0	0.0	0.0	3.95290385313e-06	0.0	0.0	0.000218388894912	0.0	1.28878214175e-06	0.0	34.0499992371	0.0
2309	27372.4324309	808.249028524	273.021046956	0.0	0.0	0.0	0.0	0.0	5.29999780655	0.0250004289361	0.0	0.0	0.0	0.0	0.0	0.00444657254654	0.0	0.0	0.0	0.0	0.0	3.95290385313e-06	0.0	0.0	0.000218388894912	0.0	1.28878214175e-06	0.0	34.0499992371	0.0
2310	27646.1567552	808.249028524	273.021046956	0.0	0.0	0.0	0.0	0.0	5.29999780655	0.0250004289361	0.0	0.0	0.0	0.0	0.0	0.00444657254654	0.0	0.0	0.0	0.0	0.0	3.95290385313e-06	0.0	0.0	0.000218388894912	0.0	1.28878214175e-06	0.0	34.0499992371	0.0
2311	27922.6183228	808.249028524	273.021046956	0.0	0.0	0.0	0.0	0.0	5.29999780655	0.0250004289361	0.0	0.0	0.0	0.0	0.0	0.00444657254654	0.0	0.0	0.0	0.0	0.0	3.95290385313e-06	0.0	0.0	0.000218388894912	0.0	1.28878214175e-06	0.0	34.0499992371	0.0
2312	28201.844506	808.249028524	273.021046956	0.0	0.0	0.0	0.0	0.0	5.29999780655	0.0250004289361	0.0	0.0	0.0	0.0	0.0	0.00444657254654	0.0	0.0	0.0	0.0	0.0	3.95290385313e-06	0.0	0.0	0.000218388894912	0.0	1.28878214175e-06	0.0	34.0499992371	0.0
2313	28483.8629511	808.249028524	273.021046956	0.0	0.0	0.0	0.0	0.0	5.29999780655	0.0250004289361	0.0	0.0	0.0	0.0	0.0	0.00444657254654	0.0	0.0	0.0	0.0	0.0	3.95290385313e-06	0.0	0.0	0.000218388894912	0.0	1.28878214175e-06	0.0	34.0499992371	0.0
2314	28768.7015806	808.249028524	273.021046956	0.0	0.0	0.0	0.0	0.0	5.29999780655	0.0250004289361	0.0	0.0	0.0	0.0	0.0	0.00444657254654	0.0	0.0	0.0	0.0	0.0	3.95290385313e-06	0.0	0.0	0.000218388894912	0.0	1.28878214175e-06	0.0	34.0499992371	0.0
2315	29056.3885964	808.249028524	273.021046956	0.0	0.0	0.0	0.0	0.0	5.29999780655	0.0250004289361	0.0	0.0	0.0	0.0	0.0	0.00444657254654	0.0	0.0	0.0	0.0	0.0	3.95290385313e-06	0.0	0.0	0.000218388894912	0.0	1.28878214175e-06	0.0	34.0499992371	0.0
2316	29346.9524823	808.249028524	273.021046956	0.0	0.0	0.0	0.0	0.0	5.29999780655	0.0250004289361	0.0	0.0	0.0	0.0	0.0	0.00444657254654	0.0	0.0	0.0	0.0	0.0	3.95290385313e-06	0.0	0.0	0.000218388894912	0.0	1.28878214175e-06	0.0	34.0499992371	0.0
2317	29640.4220072	808.249028524	273.021046956	0.0	0.0	0.0	0.0	0.0	5.29999780655	0.0250004289361	0.0	0.0	0.0	0.0	0.0	0.00444657254654	0.0	0.0	0.0	0.0	0.0	3.95290385313e-06	0.0	0.0	0.000218388894912	0.0	1.28878214175e-06	0.0	34.0499992371	0.0
2318	29936.8262272	808.249028524	273.021046956	0.0	0.0	0.0	0.0	0.0	5.29999780655	0.0250004289361	0.0	0.0	0.0	0.0	0.0	0.00444657254654	0.0	0.0	0.0	0.0	0.0	3.95290385313e-06	0.0	0.0	0.000218388894912	0.0	1.28878214175e-06	0.0	34.0499992371	0.0
2319	30236.1944895	808.249028524	273.021046956	0.0	0.0	0.0	0.0	0.0	5.29999780655	0.0250004289361	0.0	0.0	0.0	0.0	0.0	0.00444657254654	0.0	0.0	0.0	0.0	0.0	3.95290385313e-06	0.0	0.0	0.000218388894912	0.0	1.28878214175e-06	0.0	34.0499992371	0.0
2320	30538.5564344	808.249028524	273.021046956	0.0	0.0	0.0	0.0	0.0	5.29999780655	0.0250004289361	0.0	0.0	0.0	0.0	0.0	0.00444657254654	0.0	0.0	0.0	0.0	0.0	3.95290385313e-06	0.0	0.0	0.000218388894912	0.0	1.28878214175e-06	0.0	34.0499992371	0.0
2321	30843.9419987	808.249028524	273.021046956	0.0	0.0	0.0	0.0	0.0	5.29999780655	0.0250004289361	0.0	0.0	0.0	0.0	0.0	0.00444657254654	0.0	0.0	0.0	0.0	0.0	3.95290385313e-06	0.0	0.0	0.000218388894912	0.0	1.28878214175e-06	0.0	34.0499992371	0.0
2322	31152.3814187	808.249028524	273.021046956	0.0	0.0	0.0	0.0	0.0	5.29999780655	0.0250004289361	0.0	0.0	0.0	0.0	0.0	0.00444657254654	0.0	0.0	0.0	0.0	0.0	3.95290385313e-06	0.0	0.0	0.000218388894912	0.0	1.28878214175e-06	0.0	34.0499992371	0.0
2323	31463.9052329	808.249028524	273.021046956	0.0	0.0	0.0	0.0	0.0	5.29999780655	0.0250004289361	0.0	0.0	0.0	0.0	0.0	0.00444657254654	0.0	0.0	0.0	0.0	0.0	3.95290385313e-06	0.0	0.0	0.000218388894912	0.0	1.28878214175e-06	0.0	34.0499992371	0.0
2324	31778.5442852	808.249028524	273.021046956	0.0	0.0	0.0	0.0	0.0	5.29999780655	0.0250004289361	0.0	0.0	0.0	0.0	0.0	0.00444657254654	0.0	0.0	0.0	0.0	0.0	3.95290385313e-06	0.0	0.0	0.000218388894912	0.0	1.28878214175e-06	0.0	34.0499992371	0.0
2325	32096.3297281	808.249028524	273.021046956	0.0	0.0	0.0	0.0	0.0	5.29999780655	0.0250004289361	0.0	0.0	0.0	0.0	0.0	0.00444657254654	0.0	0.0	0.0	0.0	0.0	3.95290385313e-06	0.0	0.0	0.000218388894912	0.0	1.28878214175e-06	0.0	34.0499992371	0.0
2326	32417.2930254	808.249028524	273.021046956	0.0	0.0	0.0	0.0	0.0	5.29999780655	0.0250004289361	0.0	0.0	0.0	0.0	0.0	0.00444657254654	0.0	0.0	0.0	0.0	0.0	3.95290385313e-06	0.0	0.0	0.000218388894912	0.0	1.28878214175e-06	0.0	34.0499992371	0.0
2327	32741.4659556	808.249028524	273.021046956	0.0	0.0	0.0	0.0	0.0	5.29999780655	0.0250004289361	0.0	0.0	0.0	0.0	0.0	0.00444657254654	0.0	0.0	0.0	0.0	0.0	3.95290385313e-06	0.0	0.0	0.000218388894912	0.0	1.28878214175e-06	0.0	34.0499992371	0.0
2328	33068.8806152	808.249028524	273.021046956	0.0	0.0	0.0	0.0	0.0	5.29999780655	0.0250004289361	0.0	0.0	0.0	0.0	0.0	0.00444657254654	0.0	0.0	0.0	0.0	0.0	3.95290385313e-06	0.0	0.0	0.000218388894912	0.0	1.28878214175e-06	0.0	34.0499992371	0.0
2329	33399.5694213	808.249028524	273.021046956	0.0	0.0	0.0	0.0	0.0	5.29999780655	0.0250004289361	0.0	0.0	0.0	0.0	0.0	0.00444657254654	0.0	0.0	0.0	0.0	0.0	3.95290385313e-06	0.0	0.0	0.000218388894912	0.0	1.28878214175e-06	0.0	34.0499992371	0.0
2330	33733.5651156	808.249028524	273.021046956	0.0	0.0	0.0	0.0	0.0	5.29999780655	0.0250004289361	0.0	0.0	0.0	0.0	0.0	0.00444657254654	0.0	0.0	0.0	0.0	0.0	3.95290385313e-06	0.0	0.0	0.000218388894912	0.0	1.28878214175e-06	0.0	34.0499992371	0.0
2331	34070.9007667	808.249028524	273.021046956	0.0	0.0	0.0	0.0	0.0	5.29999780655	0.0250004289361	0.0	0.0	0.0	0.0	0.0	0.00444657254654	0.0	0.0	0.0	0.0	0.0	3.95290385313e-06	0.0	0.0	0.000218388894912	0.0	1.28878214175e-06	0.0	34.0499992371	0.0
2332	34411.6097744	808.249028524	273.021046956	0.0	0.0	0.0	0.0	0.0	5.29999780655	0.0250004289361	0.0	0.0	0.0	0.0	0.0	0.00444657254654	0.0	0.0	0.0	0.0	0.0	3.95290385313e-06	0.0	0.0	0.000218388894912	0.0	1.28878214175e-06	0.0	34.0499992371	0.0
2333	34755.7258721	808.249028524	273.021046956	0.0	0.0	0.0	0.0	0.0	5.29999780655	0.0250004289361	0.0	0.0	0.0	0.0	0.0	0.00444657254654	0.0	0.0	0.0	0.0	0.0	3.95290385313e-06	0.0	0.0	0.000218388894912	0.0	1.28878214175e-06	0.0	34.0499992371	0.0
2334	35103.2831308	808.249028524	273.021046956	0.0	0.0	0.0	0.0	0.0	5.29999780655	0.0250004289361	0.0	0.0	0.0	0.0	0.0	0.00444657254654	0.0	0.0	0.0	0.0	0.0	3.95290385313e-06	0.0	0.0	0.000218388894912	0.0	1.28878214175e-06	0.0	34.0499992371	0.0
2335	35454.3159621	808.249028524	273.021046956	0.0	0.0	0.0	0.0	0.0	5.29999780655	0.0250004289361	0.0	0.0	0.0	0.0	0.0	0.00444657254654	0.0	0.0	0.0	0.0	0.0	3.95290385313e-06	0.0	0.0	0.000218388894912	0.0	1.28878214175e-06	0.0	34.0499992371	0.0
2336	35808.8591218	808.249028524	273.021046956	0.0	0.0	0.0	0.0	0.0	5.29999780655	0.0250004289361	0.0	0.0	0.0	0.0	0.0	0.00444657254654	0.0	0.0	0.0	0.0	0.0	3.95290385313e-06	0.0	0.0	0.000218388894912	0.0	1.28878214175e-06	0.0	34.0499992371	0.0
2337	36166.947713	808.249028524	273.021046956	0.0	0.0	0.0	0.0	0.0	5.29999780655	0.0250004289361	0.0	0.0	0.0	0.0	0.0	0.00444657254654	0.0	0.0	0.0	0.0	0.0	3.95290385313e-06	0.0	0.0	0.000218388894912	0.0	1.28878214175e-06	0.0	34.0499992371	0.0
2338	36528.6171901	808.249028524	273.021046956	0.0	0.0	0.0	0.0	0.0	5.29999780655	0.0250004289361	0.0	0.0	0.0	0.0	0.0	0.00444657254654	0.0	0.0	0.0	0.0	0.0	3.95290385313e-06	0.0	0.0	0.000218388894912	0.0	1.28878214175e-06	0.0	34.0499992371	0.0
2339	36893.903362	808.249028524	273.021046956	0.0	0.0	0.0	0.0	0.0	5.29999780655	0.0250004289361	0.0	0.0	0.0	0.0	0.0	0.00444657254654	0.0	0.0	0.0	0.0	0.0	3.95290385313e-06	0.0	0.0	0.000218388894912	0.0	1.28878214175e-06	0.0	34.0499992371	0.0
2340	37262.8423956	808.249028524	273.021046956	0.0	0.0	0.0	0.0	0.0	5.29999780655	0.0250004289361	0.0	0.0	0.0	0.0	0.0	0.00444657254654	0.0	0.0	0.0	0.0	0.0	3.95290385313e-06	0.0	0.0	0.000218388894912	0.0	1.28878214175e-06	0.0	34.0499992371	0.0
2341	37635.4708196	808.249028524	273.021046956	0.0	0.0	0.0	0.0	0.0	5.29999780655	0.0250004289361	0.0	0.0	0.0	0.0	0.0	0.00444657254654	0.0	0.0	0.0	0.0	0.0	3.95290385313e-06	0.0	0.0	0.000218388894912	0.0	1.28878214175e-06	0.0	34.0499992371	0.0
2342	38011.8255278	808.249028524	273.021046956	0.0	0.0	0.0	0.0	0.0	5.29999780655	0.0250004289361	0.0	0.0	0.0	0.0	0.0	0.00444657254654	0.0	0.0	0.0	0.0	0.0	3.95290385313e-06	0.0	0.0	0.000218388894912	0.0	1.28878214175e-06	0.0	34.0499992371	0.0
2343	38391.9437831	808.249028524	273.021046956	0.0	0.0	0.0	0.0	0.0	5.29999780655	0.0250004289361	0.0	0.0	0.0	0.0	0.0	0.00444657254654	0.0	0.0	0.0	0.0	0.0	3.95290385313e-06	0.0	0.0	0.000218388894912	0.0	1.28878214175e-06	0.0	34.0499992371	0.0
2344	38775.8632209	808.249028524	273.021046956	0.0	0.0	0.0	0.0	0.0	5.29999780655	0.0250004289361	0.0	0.0	0.0	0.0	0.0	0.00444657254654	0.0	0.0	0.0	0.0	0.0	3.95290385313e-06	0.0	0.0	0.000218388894912	0.0	1.28878214175e-06	0.0	34.0499992371	0.0
2345	39163.6218531	808.249028524	273.021046956	0.0	0.0	0.0	0.0	0.0	5.29999780655	0.0250004289361	0.0	0.0	0.0	0.0	0.0	0.00444657254654	0.0	0.0	0.0	0.0	0.0	3.95290385313e-06	0.0	0.0	0.000218388894912	0.0	1.28878214175e-06	0.0	34.0499992371	0.0
2346	39555.2580716	808.249028524	273.021046956	0.0	0.0	0.0	0.0	0.0	5.29999780655	0.0250004289361	0.0	0.0	0.0	0.0	0.0	0.00444657254654	0.0	0.0	0.0	0.0	0.0	3.95290385313e-06	0.0	0.0	0.000218388894912	0.0	1.28878214175e-06	0.0	34.0499992371	0.0
2347	39950.8106524	808.249028524	273.021046956	0.0	0.0	0.0	0.0	0.0	5.29999780655	0.0250004289361	0.0	0.0	0.0	0.0	0.0	0.00444657254654	0.0	0.0	0.0	0.0	0.0	3.95290385313e-06	0.0	0.0	0.000218388894912	0.0	1.28878214175e-06	0.0	34.0499992371	0.0
2348	40350.3187589	808.249028524	273.021046956	0.0	0.0	0.0	0.0	0.0	5.29999780655	0.0250004289361	0.0	0.0	0.0	0.0	0.0	0.00444657254654	0.0	0.0	0.0	0.0	0.0	3.95290385313e-06	0.0	0.0	0.000218388894912	0.0	1.28878214175e-06	0.0	34.0499992371	0.0
2349	40753.8219465	808.249028524	273.021046956	0.0	0.0	0.0	0.0	0.0	5.29999780655	0.0250004289361	0.0	0.0	0.0	0.0	0.0	0.00444657254654	0.0	0.0	0.0	0.0	0.0	3.95290385313e-06	0.0	0.0	0.000218388894912	0.0	1.28878214175e-06	0.0	34.0499992371	0.0
2350	41161.3601659	808.249028524	273.021046956	0.0	0.0	0.0	0.0	0.0	5.29999780655	0.0250004289361	0.0	0.0	0.0	0.0	0.0	0.00444657254654	0.0	0.0	0.0	0.0	0.0	3.95290385313e-06	0.0	0.0	0.000218388894912	0.0	1.28878214175e-06	0.0	34.0499992371	0.0
2351	41572.9737676	808.249028524	273.021046956	0.0	0.0	0.0	0.0	0.0	5.29999780655	0.0250004289361	0.0	0.0	0.0	0.0	0.0	0.00444657254654	0.0	0.0	0.0	0.0	0.0	3.95290385313e-06	0.0	0.0	0.000218388894912	0.0	1.28878214175e-06	0.0	34.0499992371	0.0
2352	41988.7035053	808.249028524	273.021046956	0.0	0.0	0.0	0.0	0.0	5.29999780655	0.0250004289361	0.0	0.0	0.0	0.0	0.0	0.00444657254654	0.0	0.0	0.0	0.0	0.0	3.95290385313e-06	0.0	0.0	0.000218388894912	0.0	1.28878214175e-06	0.0	34.0499992371	0.0
2353	42408.5905403	808.249028524	273.021046956	0.0	0.0	0.0	0.0	0.0	5.29999780655	0.0250004289361	0.0	0.0	0.0	0.0	0.0	0.00444657254654	0.0	0.0	0.0	0.0	0.0	3.95290385313e-06	0.0	0.0	0.000218388894912	0.0	1.28878214175e-06	0.0	34.0499992371	0.0
2354	42832.6764457	808.249028524	273.021046956	0.0	0.0	0.0	0.0	0.0	5.29999780655	0.0250004289361	0.0	0.0	0.0	0.0	0.0	0.00444657254654	0.0	0.0	0.0	0.0	0.0	3.95290385313e-06	0.0	0.0	0.000218388894912	0.0	1.28878214175e-06	0.0	34.0499992371	0.0
2355	43261.0032102	808.249028524	273.021046956	0.0	0.0	0.0	0.0	0.0	5.29999780655	0.0250004289361	0.0	0.0	0.0	0.0	0.0	0.00444657254654	0.0	0.0	0.0	0.0	0.0	3.95290385313e-06	0.0	0.0	0.000218388894912	0.0	1.28878214175e-06	0.0	34.0499992371	0.0
2356	43693.6132423	808.249028524	273.021046956	0.0	0.0	0.0	0.0	0.0	5.29999780655	0.0250004289361	0.0	0.0	0.0	0.0	0.0	0.00444657254654	0.0	0.0	0.0	0.0	0.0	3.95290385313e-06	0.0	0.0	0.000218388894912	0.0	1.28878214175e-06	0.0	34.0499992371	0.0
2357	44130.5493747	808.249028524	273.021046956	0.0	0.0	0.0	0.0	0.0	5.29999780655	0.0250004289361	0.0	0.0	0.0	0.0	0.0	0.00444657254654	0.0	0.0	0.0	0.0	0.0	3.95290385313e-06	0.0	0.0	0.000218388894912	0.0	1.28878214175e-06	0.0	34.0499992371	0.0
2358	44571.8548685	808.249028524	273.021046956	0.0	0.0	0.0	0.0	0.0	5.29999780655	0.0250004289361	0.0	0.0	0.0	0.0	0.0	0.00444657254654	0.0	0.0	0.0	0.0	0.0	3.95290385313e-06	0.0	0.0	0.000218388894912	0.0	1.28878214175e-06	0.0	34.0499992371	0.0
2359	45017.5734171	808.249028524	273.021046956	0.0	0.0	0.0	0.0	0.0	5.29999780655	0.0250004289361	0.0	0.0	0.0	0.0	0.0	0.00444657254654	0.0	0.0	0.0	0.0	0.0	3.95290385313e-06	0.0	0.0	0.000218388894912	0.0	1.28878214175e-06	0.0	34.0499992371	0.0
2360	45467.7491513	808.249028524	273.021046956	0.0	0.0	0.0	0.0	0.0	5.29999780655	0.0250004289361	0.0	0.0	0.0	0.0	0.0	0.00444657254654	0.0	0.0	0.0	0.0	0.0	3.95290385313e-06	0.0	0.0	0.000218388894912	0.0	1.28878214175e-06	0.0	34.0499992371	0.0
2361	45922.4266428	808.249028524	273.021046956	0.0	0.0	0.0	0.0	0.0	5.29999780655	0.0250004289361	0.0	0.0	0.0	0.0	0.0	0.00444657254654	0.0	0.0	0.0	0.0	0.0	3.95290385313e-06	0.0	0.0	0.000218388894912	0.0	1.28878214175e-06	0.0	34.0499992371	0.0
2362	46381.6509093	808.249028524	273.021046956	0.0	0.0	0.0	0.0	0.0	5.29999780655	0.0250004289361	0.0	0.0	0.0	0.0	0.0	0.00444657254654	0.0	0.0	0.0	0.0	0.0	3.95290385313e-06	0.0	0.0	0.000218388894912	0.0	1.28878214175e-06	0.0	34.0499992371	0.0
2363	46845.4674183	808.249028524	273.021046956	0.0	0.0	0.0	0.0	0.0	5.29999780655	0.0250004289361	0.0	0.0	0.0	0.0	0.0	0.00444657254654	0.0	0.0	0.0	0.0	0.0	3.95290385313e-06	0.0	0.0	0.000218388894912	0.0	1.28878214175e-06	0.0	34.0499992371	0.0
2364	47313.9220925	808.249028524	273.021046956	0.0	0.0	0.0	0.0	0.0	5.29999780655	0.0250004289361	0.0	0.0	0.0	0.0	0.0	0.00444657254654	0.0	0.0	0.0	0.0	0.0	3.95290385313e-06	0.0	0.0	0.000218388894912	0.0	1.28878214175e-06	0.0	34.0499992371	0.0
2365	47787.0613135	808.249028524	273.021046956	0.0	0.0	0.0	0.0	0.0	5.29999780655	0.0250004289361	0.0	0.0	0.0	0.0	0.0	0.00444657254654	0.0	0.0	0.0	0.0	0.0	3.95290385313e-06	0.0	0.0	0.000218388894912	0.0	1.28878214175e-06	0.0	34.0499992371	0.0
2366	48264.9319266	808.249028524	273.021046956	0.0	0.0	0.0	0.0	0.0	5.29999780655	0.0250004289361	0.0	0.0	0.0	0.0	0.0	0.00444657254654	0.0	0.0	0.0	0.0	0.0	3.95290385313e-06	0.0	0.0	0.000218388894912	0.0	1.28878214175e-06	0.0	34.0499992371	0.0
2367	48747.5812459	808.249028524	273.021046956	0.0	0.0	0.0	0.0	0.0	5.29999780655	0.0250004289361	0.0	0.0	0.0	0.0	0.0	0.00444657254654	0.0	0.0	0.0	0.0	0.0	3.95290385313e-06	0.0	0.0	0.000218388894912	0.0	1.28878214175e-06	0.0	34.0499992371	0.0
2368	49235.0570583	808.249028524	273.021046956	0.0	0.0	0.0	0.0	0.0	5.29999780655	0.0250004289361	0.0	0.0	0.0	0.0	0.0	0.00444657254654	0.0	0.0	0.0	0.0	0.0	3.95290385313e-06	0.0	0.0	0.000218388894912	0.0	1.28878214175e-06	0.0	34.0499992371	0.0
2369	49727.4076289	808.249028524	273.021046956	0.0	0.0	0.0	0.0	0.0	5.29999780655	0.0250004289361	0.0	0.0	0.0	0.0	0.0	0.00444657254654	0.0	0.0	0.0	0.0	0.0	3.95290385313e-06	0.0	0.0	0.000218388894912	0.0	1.28878214175e-06	0.0	34.0499992371	0.0
2370	50224.6817052	808.249028524	273.021046956	0.0	0.0	0.0	0.0	0.0	5.29999780655	0.0250004289361	0.0	0.0	0.0	0.0	0.0	0.00444657254654	0.0	0.0	0.0	0.0	0.0	3.95290385313e-06	0.0	0.0	0.000218388894912	0.0	1.28878214175e-06	0.0	34.0499992371	0.0
2371	50726.9285222	808.249028524	273.021046956	0.0	0.0	0.0	0.0	0.0	5.29999780655	0.0250004289361	0.0	0.0	0.0	0.0	0.0	0.00444657254654	0.0	0.0	0.0	0.0	0.0	3.95290385313e-06	0.0	0.0	0.000218388894912	0.0	1.28878214175e-06	0.0	34.0499992371	0.0
2372	51234.1978075	808.249028524	273.021046956	0.0	0.0	0.0	0.0	0.0	5.29999780655	0.0250004289361	0.0	0.0	0.0	0.0	0.0	0.00444657254654	0.0	0.0	0.0	0.0	0.0	3.95290385313e-06	0.0	0.0	0.000218388894912	0.0	1.28878214175e-06	0.0	34.0499992371	0.0
2373	51746.5397855	808.249028524	273.021046956	0.0	0.0	0.0	0.0	0.0	5.29999780655	0.0250004289361	0.0	0.0	0.0	0.0	0.0	0.00444657254654	0.0	0.0	0.0	0.0	0.0	3.95290385313e-06	0.0	0.0	0.000218388894912	0.0	1.28878214175e-06	0.0	34.0499992371	0.0
2374	52264.0051834	808.249028524	273.021046956	0.0	0.0	0.0	0.0	0.0	5.29999780655	0.0250004289361	0.0	0.0	0.0	0.0	0.0	0.00444657254654	0.0	0.0	0.0	0.0	0.0	3.95290385313e-06	0.0	0.0	0.000218388894912	0.0	1.28878214175e-06	0.0	34.0499992371	0.0
2375	52786.6452352	808.249028524	273.021046956	0.0	0.0	0.0	0.0	0.0	5.29999780655	0.0250004289361	0.0	0.0	0.0	0.0	0.0	0.00444657254654	0.0	0.0	0.0	0.0	0.0	3.95290385313e-06	0.0	0.0	0.000218388894912	0.0	1.28878214175e-06	0.0	34.0499992371	0.0
2376	53314.5116876	808.249028524	273.021046956	0.0	0.0	0.0	0.0	0.0	5.29999780655	0.0250004289361	0.0	0.0	0.0	0.0	0.0	0.00444657254654	0.0	0.0	0.0	0.0	0.0	3.95290385313e-06	0.0	0.0	0.000218388894912	0.0	1.28878214175e-06	0.0	34.0499992371	0.0
2377	53847.6568044	808.249028524	273.021046956	0.0	0.0	0.0	0.0	0.0	5.29999780655	0.0250004289361	0.0	0.0	0.0	0.0	0.0	0.00444657254654	0.0	0.0	0.0	0.0	0.0	3.95290385313e-06	0.0	0.0	0.000218388894912	0.0	1.28878214175e-06	0.0	34.0499992371	0.0
2378	54386.1333725	808.249028524	273.021046956	0.0	0.0	0.0	0.0	0.0	5.29999780655	0.0250004289361	0.0	0.0	0.0	0.0	0.0	0.00444657254654	0.0	0.0	0.0	0.0	0.0	3.95290385313e-06	0.0	0.0	0.000218388894912	0.0	1.28878214175e-06	0.0	34.0499992371	0.0
2379	54929.9947062	808.249028524	273.021046956	0.0	0.0	0.0	0.0	0.0	5.29999780655	0.0250004289361	0.0	0.0	0.0	0.0	0.0	0.00444657254654	0.0	0.0	0.0	0.0	0.0	3.95290385313e-06	0.0	0.0	0.000218388894912	0.0	1.28878214175e-06	0.0	34.0499992371	0.0
2380	55479.2946533	808.249028524	273.021046956	0.0	0.0	0.0	0.0	0.0	5.29999780655	0.0250004289361	0.0	0.0	0.0	0.0	0.0	0.00444657254654	0.0	0.0	0.0	0.0	0.0	3.95290385313e-06	0.0	0.0	0.000218388894912	0.0	1.28878214175e-06	0.0	34.0499992371	0.0
2381	56034.0875998	808.249028524	273.021046956	0.0	0.0	0.0	0.0	0.0	5.29999780655	0.0250004289361	0.0	0.0	0.0	0.0	0.0	0.00444657254654	0.0	0.0	0.0	0.0	0.0	3.95290385313e-06	0.0	0.0	0.000218388894912	0.0	1.28878214175e-06	0.0	34.0499992371	0.0
2382	56594.4284758	808.249028524	273.021046956	0.0	0.0	0.0	0.0	0.0	5.29999780655	0.0250004289361	0.0	0.0	0.0	0.0	0.0	0.00444657254654	0.0	0.0	0.0	0.0	0.0	3.95290385313e-06	0.0	0.0	0.000218388894912	0.0	1.28878214175e-06	0.0	34.0499992371	0.0
2383	57160.3727606	808.249028524	273.021046956	0.0	0.0	0.0	0.0	0.0	5.29999780655	0.0250004289361	0.0	0.0	0.0	0.0	0.0	0.00444657254654	0.0	0.0	0.0	0.0	0.0	3.95290385313e-06	0.0	0.0	0.000218388894912	0.0	1.28878214175e-06	0.0	34.0499992371	0.0
2384	57731.9764882	808.249028524	273.021046956	0.0	0.0	0.0	0.0	0.0	5.29999780655	0.0250004289361	0.0	0.0	0.0	0.0	0.0	0.00444657254654	0.0	0.0	0.0	0.0	0.0	3.95290385313e-06	0.0	0.0	0.000218388894912	0.0	1.28878214175e-06	0.0	34.0499992371	0.0
2385	58309.2962531	808.249028524	273.021046956	0.0	0.0	0.0	0.0	0.0	5.29999780655	0.0250004289361	0.0	0.0	0.0	0.0	0.0	0.00444657254654	0.0	0.0	0.0	0.0	0.0	3.95290385313e-06	0.0	0.0	0.000218388894912	0.0	1.28878214175e-06	0.0	34.0499992371	0.0
2386	58892.3892156	808.249028524	273.021046956	0.0	0.0	0.0	0.0	0.0	5.29999780655	0.0250004289361	0.0	0.0	0.0	0.0	0.0	0.00444657254654	0.0	0.0	0.0	0.0	0.0	3.95290385313e-06	0.0	0.0	0.000218388894912	0.0	1.28878214175e-06	0.0	34.0499992371	0.0
2387	59481.3131077	808.249028524	273.021046956	0.0	0.0	0.0	0.0	0.0	5.29999780655	0.0250004289361	0.0	0.0	0.0	0.0	0.0	0.00444657254654	0.0	0.0	0.0	0.0	0.0	3.95290385313e-06	0.0	0.0	0.000218388894912	0.0	1.28878214175e-06	0.0	34.0499992371	0.0
2388	60076.1262388	808.249028524	273.021046956	0.0	0.0	0.0	0.0	0.0	5.29999780655	0.0250004289361	0.0	0.0	0.0	0.0	0.0	0.00444657254654	0.0	0.0	0.0	0.0	0.0	3.95290385313e-06	0.0	0.0	0.000218388894912	0.0	1.28878214175e-06	0.0	34.0499992371	0.0
2389	60676.8875012	808.249028524	273.021046956	0.0	0.0	0.0	0.0	0.0	5.29999780655	0.0250004289361	0.0	0.0	0.0	0.0	0.0	0.00444657254654	0.0	0.0	0.0	0.0	0.0	3.95290385313e-06	0.0	0.0	0.000218388894912	0.0	1.28878214175e-06	0.0	34.0499992371	0.0
2390	61283.6563762	808.249028524	273.021046956	0.0	0.0	0.0	0.0	0.0	5.29999780655	0.0250004289361	0.0	0.0	0.0	0.0	0.0	0.00444657254654	0.0	0.0	0.0	0.0	0.0	3.95290385313e-06	0.0	0.0	0.000218388894912	0.0	1.28878214175e-06	0.0	34.0499992371	0.0
2391	61896.49294	808.249028524	273.021046956	0.0	0.0	0.0	0.0	0.0	5.29999780655	0.0250004289361	0.0	0.0	0.0	0.0	0.0	0.00444657254654	0.0	0.0	0.0	0.0	0.0	3.95290385313e-06	0.0	0.0	0.000218388894912	0.0	1.28878214175e-06	0.0	34.0499992371	0.0
2392	62515.4578694	808.249028524	273.021046956	0.0	0.0	0.0	0.0	0.0	5.29999780655	0.0250004289361	0.0	0.0	0.0	0.0	0.0	0.00444657254654	0.0	0.0	0.0	0.0	0.0	3.95290385313e-06	0.0	0.0	0.000218388894912	0.0	1.28878214175e-06	0.0	34.0499992371	0.0
2393	63140.6124481	808.249028524	273.021046956	0.0	0.0	0.0	0.0	0.0	5.29999780655	0.0250004289361	0.0	0.0	0.0	0.0	0.0	0.00444657254654	0.0	0.0	0.0	0.0	0.0	3.95290385313e-06	0.0	0.0	0.000218388894912	0.0	1.28878214175e-06	0.0	34.0499992371	0.0
2394	63772.0185726	808.249028524	273.021046956	0.0	0.0	0.0	0.0	0.0	5.29999780655	0.0250004289361	0.0	0.0	0.0	0.0	0.0	0.00444657254654	0.0	0.0	0.0	0.0	0.0	3.95290385313e-06	0.0	0.0	0.000218388894912	0.0	1.28878214175e-06	0.0	34.0499992371	0.0
2395	64409.7387583	808.249028524	273.021046956	0.0	0.0	0.0	0.0	0.0	5.29999780655	0.0250004289361	0.0	0.0	0.0	0.0	0.0	0.00444657254654	0.0	0.0	0.0	0.0	0.0	3.95290385313e-06	0.0	0.0	0.000218388894912	0.0	1.28878214175e-06	0.0	34.0499992371	0.0
2396	65053.8361459	808.249028524	273.021046956	0.0	0.0	0.0	0.0	0.0	5.29999780655	0.0250004289361	0.0	0.0	0.0	0.0	0.0	0.00444657254654	0.0	0.0	0.0	0.0	0.0	3.95290385313e-06	0.0	0.0	0.000218388894912	0.0	1.28878214175e-06	0.0	34.0499992371	0.0
2397	65704.3745073	808.249028524	273.021046956	0.0	0.0	0.0	0.0	0.0	5.29999780655	0.0250004289361	0.0	0.0	0.0	0.0	0.0	0.00444657254654	0.0	0.0	0.0	0.0	0.0	3.95290385313e-06	0.0	0.0	0.000218388894912	0.0	1.28878214175e-06	0.0	34.0499992371	0.0
2398	66361.4182524	808.249028524	273.021046956	0.0	0.0	0.0	0.0	0.0	5.29999780655	0.0250004289361	0.0	0.0	0.0	0.0	0.0	0.00444657254654	0.0	0.0	0.0	0.0	0.0	3.95290385313e-06	0.0	0.0	0.000218388894912	0.0	1.28878214175e-06	0.0	34.0499992371	0.0
2399	67025.0324349	808.249028524	273.021046956	0.0	0.0	0.0	0.0	0.0	5.29999780655	0.0250004289361	0.0	0.0	0.0	0.0	0.0	0.00444657254654	0.0	0.0	0.0	0.0	0.0	3.95290385313e-06	0.0	0.0	0.000218388894912	0.0	1.28878214175e-06	0.0	34.0499992371	0.0
2400	67695.2827593	808.249028524	273.021046956	0.0	0.0	0.0	0.0	0.0	5.29999780655	0.0250004289361	0.0	0.0	0.0	0.0	0.0	0.00444657254654	0.0	0.0	0.0	0.0	0.0	3.95290385313e-06	0.0	0.0	0.000218388894912	0.0	1.28878214175e-06	0.0	34.0499992371	0.0
2401	68372.2355869	808.249028524	273.021046956	0.0	0.0	0.0	0.0	0.0	5.29999780655	0.0250004289361	0.0	0.0	0.0	0.0	0.0	0.00444657254654	0.0	0.0	0.0	0.0	0.0	3.95290385313e-06	0.0	0.0	0.000218388894912	0.0	1.28878214175e-06	0.0	34.0499992371	0.0
2402	69055.9579427	808.249028524	273.021046956	0.0	0.0	0.0	0.0	0.0	5.29999780655	0.0250004289361	0.0	0.0	0.0	0.0	0.0	0.00444657254654	0.0	0.0	0.0	0.0	0.0	3.95290385313e-06	0.0	0.0	0.000218388894912	0.0	1.28878214175e-06	0.0	34.0499992371	0.0
2403	69746.5175222	808.249028524	273.021046956	0.0	0.0	0.0	0.0	0.0	5.29999780655	0.0250004289361	0.0	0.0	0.0	0.0	0.0	0.00444657254654	0.0	0.0	0.0	0.0	0.0	3.95290385313e-06	0.0	0.0	0.000218388894912	0.0	1.28878214175e-06	0.0	34.0499992371	0.0
2404	70443.9826974	808.249028524	273.021046956	0.0	0.0	0.0	0.0	0.0	5.29999780655	0.0250004289361	0.0	0.0	0.0	0.0	0.0	0.00444657254654	0.0	0.0	0.0	0.0	0.0	3.95290385313e-06	0.0	0.0	0.000218388894912	0.0	1.28878214175e-06	0.0	34.0499992371	0.0
2405	71148.4225244	808.249028524	273.021046956	0.0	0.0	0.0	0.0	0.0	5.29999780655	0.0250004289361	0.0	0.0	0.0	0.0	0.0	0.00444657254654	0.0	0.0	0.0	0.0	0.0	3.95290385313e-06	0.0	0.0	0.000218388894912	0.0	1.28878214175e-06	0.0	34.0499992371	0.0
2406	71859.9067496	808.249028524	273.021046956	0.0	0.0	0.0	0.0	0.0	5.29999780655	0.0250004289361	0.0	0.0	0.0	0.0	0.0	0.00444657254654	0.0	0.0	0.0	0.0	0.0	3.95290385313e-06	0.0	0.0	0.000218388894912	0.0	1.28878214175e-06	0.0	34.0499992371	0.0
2407	72578.5058171	808.249028524	273.021046956	0.0	0.0	0.0	0.0	0.0	5.29999780655	0.0250004289361	0.0	0.0	0.0	0.0	0.0	0.00444657254654	0.0	0.0	0.0	0.0	0.0	3.95290385313e-06	0.0	0.0	0.000218388894912	0.0	1.28878214175e-06	0.0	34.0499992371	0.0
2408	73304.2908753	808.249028524	273.021046956	0.0	0.0	0.0	0.0	0.0	5.29999780655	0.0250004289361	0.0	0.0	0.0	0.0	0.0	0.00444657254654	0.0	0.0	0.0	0.0	0.0	3.95290385313e-06	0.0	0.0	0.000218388894912	0.0	1.28878214175e-06	0.0	34.0499992371	0.0
2409	74037.333784	808.249028524	273.021046956	0.0	0.0	0.0	0.0	0.0	5.29999780655	0.0250004289361	0.0	0.0	0.0	0.0	0.0	0.00444657254654	0.0	0.0	0.0	0.0	0.0	3.95290385313e-06	0.0	0.0	0.000218388894912	0.0	1.28878214175e-06	0.0	34.0499992371	0.0
2410	74777.7071219	808.249028524	273.021046956	0.0	0.0	0.0	0.0	0.0	5.29999780655	0.0250004289361	0.0	0.0	0.0	0.0	0.0	0.00444657254654	0.0	0.0	0.0	0.0	0.0	3.95290385313e-06	0.0	0.0	0.000218388894912	0.0	1.28878214175e-06	0.0	34.0499992371	0.0
2411	75525.4841931	808.249028524	273.021046956	0.0	0.0	0.0	0.0	0.0	5.29999780655	0.0250004289361	0.0	0.0	0.0	0.0	0.0	0.00444657254654	0.0	0.0	0.0	0.0	0.0	3.95290385313e-06	0.0	0.0	0.000218388894912	0.0	1.28878214175e-06	0.0	34.0499992371	0.0
2412	76280.739035	808.249028524	273.021046956	0.0	0.0	0.0	0.0	0.0	5.29999780655	0.0250004289361	0.0	0.0	0.0	0.0	0.0	0.00444657254654	0.0	0.0	0.0	0.0	0.0	3.95290385313e-06	0.0	0.0	0.000218388894912	0.0	1.28878214175e-06	0.0	34.0499992371	0.0
2413	77043.5464254	808.249028524	273.021046956	0.0	0.0	0.0	0.0	0.0	5.29999780655	0.0250004289361	0.0	0.0	0.0	0.0	0.0	0.00444657254654	0.0	0.0	0.0	0.0	0.0	3.95290385313e-06	0.0	0.0	0.000218388894912	0.0	1.28878214175e-06	0.0	34.0499992371	0.0
2414	77813.9818896	808.249028524	273.021046956	0.0	0.0	0.0	0.0	0.0	5.29999780655	0.0250004289361	0.0	0.0	0.0	0.0	0.0	0.00444657254654	0.0	0.0	0.0	0.0	0.0	3.95290385313e-06	0.0	0.0	0.000218388894912	0.0	1.28878214175e-06	0.0	34.0499992371	0.0
2415	78592.1217085	808.249028524	273.021046956	0.0	0.0	0.0	0.0	0.0	5.29999780655	0.0250004289361	0.0	0.0	0.0	0.0	0.0	0.00444657254654	0.0	0.0	0.0	0.0	0.0	3.95290385313e-06	0.0	0.0	0.000218388894912	0.0	1.28878214175e-06	0.0	34.0499992371	0.0
2416	79378.0429256	808.249028524	273.021046956	0.0	0.0	0.0	0.0	0.0	5.29999780655	0.0250004289361	0.0	0.0	0.0	0.0	0.0	0.00444657254654	0.0	0.0	0.0	0.0	0.0	3.95290385313e-06	0.0	0.0	0.000218388894912	0.0	1.28878214175e-06	0.0	34.0499992371	0.0
2417	80171.8233548	808.249028524	273.021046956	0.0	0.0	0.0	0.0	0.0	5.29999780655	0.0250004289361	0.0	0.0	0.0	0.0	0.0	0.00444657254654	0.0	0.0	0.0	0.0	0.0	3.95290385313e-06	0.0	0.0	0.000218388894912	0.0	1.28878214175e-06	0.0	34.0499992371	0.0
2418	80973.5415884	808.249028524	273.021046956	0.0	0.0	0.0	0.0	0.0	5.29999780655	0.0250004289361	0.0	0.0	0.0	0.0	0.0	0.00444657254654	0.0	0.0	0.0	0.0	0.0	3.95290385313e-06	0.0	0.0	0.000218388894912	0.0	1.28878214175e-06	0.0	34.0499992371	0.0
2419	81783.2770043	808.249028524	273.021046956	0.0	0.0	0.0	0.0	0.0	5.29999780655	0.0250004289361	0.0	0.0	0.0	0.0	0.0	0.00444657254654	0.0	0.0	0.0	0.0	0.0	3.95290385313e-06	0.0	0.0	0.000218388894912	0.0	1.28878214175e-06	0.0	34.0499992371	0.0
2420	82601.1097743	808.249028524	273.021046956	0.0	0.0	0.0	0.0	0.0	5.29999780655	0.0250004289361	0.0	0.0	0.0	0.0	0.0	0.00444657254654	0.0	0.0	0.0	0.0	0.0	3.95290385313e-06	0.0	0.0	0.000218388894912	0.0	1.28878214175e-06	0.0	34.0499992371	0.0
2421	83427.1208721	808.249028524	273.021046956	0.0	0.0	0.0	0.0	0.0	5.29999780655	0.0250004289361	0.0	0.0	0.0	0.0	0.0	0.00444657254654	0.0	0.0	0.0	0.0	0.0	3.95290385313e-06	0.0	0.0	0.000218388894912	0.0	1.28878214175e-06	0.0	34.0499992371	0.0
2422	84261.3920808	808.249028524	273.021046956	0.0	0.0	0.0	0.0	0.0	5.29999780655	0.0250004289361	0.0	0.0	0.0	0.0	0.0	0.00444657254654	0.0	0.0	0.0	0.0	0.0	3.95290385313e-06	0.0	0.0	0.000218388894912	0.0	1.28878214175e-06	0.0	34.0499992371	0.0
2423	85104.0060016	808.249028524	273.021046956	0.0	0.0	0.0	0.0	0.0	5.29999780655	0.0250004289361	0.0	0.0	0.0	0.0	0.0	0.00444657254654	0.0	0.0	0.0	0.0	0.0	3.95290385313e-06	0.0	0.0	0.000218388894912	0.0	1.28878214175e-06	0.0	34.0499992371	0.0
2424	85955.0460616	808.249028524	273.021046956	0.0	0.0	0.0	0.0	0.0	5.29999780655	0.0250004289361	0.0	0.0	0.0	0.0	0.0	0.00444657254654	0.0	0.0	0.0	0.0	0.0	3.95290385313e-06	0.0	0.0	0.000218388894912	0.0	1.28878214175e-06	0.0	34.0499992371	0.0
2425	86814.5965222	808.249028524	273.021046956	0.0	0.0	0.0	0.0	0.0	5.29999780655	0.0250004289361	0.0	0.0	0.0	0.0	0.0	0.00444657254654	0.0	0.0	0.0	0.0	0.0	3.95290385313e-06	0.0	0.0	0.000218388894912	0.0	1.28878214175e-06	0.0	34.0499992371	0.0
2426	87682.7424874	808.249028524	273.021046956	0.0	0.0	0.0	0.0	0.0	5.29999780655	0.0250004289361	0.0	0.0	0.0	0.0	0.0	0.00444657254654	0.0	0.0	0.0	0.0	0.0	3.95290385313e-06	0.0	0.0	0.000218388894912	0.0	1.28878214175e-06	0.0	34.0499992371	0.0
2427	88559.5699123	808.249028524	273.021046956	0.0	0.0	0.0	0.0	0.0	5.29999780655	0.0250004289361	0.0	0.0	0.0	0.0	0.0	0.00444657254654	0.0	0.0	0.0	0.0	0.0	3.95290385313e-06	0.0	0.0	0.000218388894912	0.0	1.28878214175e-06	0.0	34.0499992371	0.0
2428	89445.1656114	808.249028524	273.021046956	0.0	0.0	0.0	0.0	0.0	5.29999780655	0.0250004289361	0.0	0.0	0.0	0.0	0.0	0.00444657254654	0.0	0.0	0.0	0.0	0.0	3.95290385313e-06	0.0	0.0	0.000218388894912	0.0	1.28878214175e-06	0.0	34.0499992371	0.0
2429	90339.6172676	808.249028524	273.021046956	0.0	0.0	0.0	0.0	0.0	5.29999780655	0.0250004289361	0.0	0.0	0.0	0.0	0.0	0.00444657254654	0.0	0.0	0.0	0.0	0.0	3.95290385313e-06	0.0	0.0	0.000218388894912	0.0	1.28878214175e-06	0.0	34.0499992371	0.0
2430	91243.0134402	808.249028524	273.021046956	0.0	0.0	0.0	0.0	0.0	5.29999780655	0.0250004289361	0.0	0.0	0.0	0.0	0.0	0.00444657254654	0.0	0.0	0.0	0.0	0.0	3.95290385313e-06	0.0	0.0	0.000218388894912	0.0	1.28878214175e-06	0.0	34.0499992371	0.0
2431	92155.4435746	808.249028524	273.021046956	0.0	0.0	0.0	0.0	0.0	5.29999780655	0.0250004289361	0.0	0.0	0.0	0.0	0.0	0.00444657254654	0.0	0.0	0.0	0.0	0.0	3.95290385313e-06	0.0	0.0	0.000218388894912	0.0	1.28878214175e-06	0.0	34.0499992371	0.0
2432	93076.9980104	808.249028524	273.021046956	0.0	0.0	0.0	0.0	0.0	5.29999780655	0.0250004289361	0.0	0.0	0.0	0.0	0.0	0.00444657254654	0.0	0.0	0.0	0.0	0.0	3.95290385313e-06	0.0	0.0	0.000218388894912	0.0	1.28878214175e-06	0.0	34.0499992371	0.0
2433	94007.7679905	808.249028524	273.021046956	0.0	0.0	0.0	0.0	0.0	5.29999780655	0.0250004289361	0.0	0.0	0.0	0.0	0.0	0.00444657254654	0.0	0.0	0.0	0.0	0.0	3.95290385313e-06	0.0	0.0	0.000218388894912	0.0	1.28878214175e-06	0.0	34.0499992371	0.0
2434	94947.8456704	808.249028524	273.021046956	0.0	0.0	0.0	0.0	0.0	5.29999780655	0.0250004289361	0.0	0.0	0.0	0.0	0.0	0.00444657254654	0.0	0.0	0.0	0.0	0.0	3.95290385313e-06	0.0	0.0	0.000218388894912	0.0	1.28878214175e-06	0.0	34.0499992371	0.0
2435	95897.3241271	808.249028524	273.021046956	0.0	0.0	0.0	0.0	0.0	5.29999780655	0.0250004289361	0.0	0.0	0.0	0.0	0.0	0.00444657254654	0.0	0.0	0.0	0.0	0.0	3.95290385313e-06	0.0	0.0	0.000218388894912	0.0	1.28878214175e-06	0.0	34.0499992371	0.0
2436	96856.2973684	808.249028524	273.021046956	0.0	0.0	0.0	0.0	0.0	5.29999780655	0.0250004289361	0.0	0.0	0.0	0.0	0.0	0.00444657254654	0.0	0.0	0.0	0.0	0.0	3.95290385313e-06	0.0	0.0	0.000218388894912	0.0	1.28878214175e-06	0.0	34.0499992371	0.0
2437	97824.8603421	808.249028524	273.021046956	0.0	0.0	0.0	0.0	0.0	5.29999780655	0.0250004289361	0.0	0.0	0.0	0.0	0.0	0.00444657254654	0.0	0.0	0.0	0.0	0.0	3.95290385313e-06	0.0	0.0	0.000218388894912	0.0	1.28878214175e-06	0.0	34.0499992371	0.0
2438	98803.1089455	808.249028524	273.021046956	0.0	0.0	0.0	0.0	0.0	5.29999780655	0.0250004289361	0.0	0.0	0.0	0.0	0.0	0.00444657254654	0.0	0.0	0.0	0.0	0.0	3.95290385313e-06	0.0	0.0	0.000218388894912	0.0	1.28878214175e-06	0.0	34.0499992371	0.0
2439	99791.1400349	808.249028524	273.021046956	0.0	0.0	0.0	0.0	0.0	5.29999780655	0.0250004289361	0.0	0.0	0.0	0.0	0.0	0.00444657254654	0.0	0.0	0.0	0.0	0.0	3.95290385313e-06	0.0	0.0	0.000218388894912	0.0	1.28878214175e-06	0.0	34.0499992371	0.0
2440	100789.051435	808.249028524	273.021046956	0.0	0.0	0.0	0.0	0.0	5.29999780655	0.0250004289361	0.0	0.0	0.0	0.0	0.0	0.00444657254654	0.0	0.0	0.0	0.0	0.0	3.95290385313e-06	0.0	0.0	0.000218388894912	0.0	1.28878214175e-06	0.0	34.0499992371	0.0
2441	101796.94195	808.249028524	273.021046956	0.0	0.0	0.0	0.0	0.0	5.29999780655	0.0250004289361	0.0	0.0	0.0	0.0	0.0	0.00444657254654	0.0	0.0	0.0	0.0	0.0	3.95290385313e-06	0.0	0.0	0.000218388894912	0.0	1.28878214175e-06	0.0	34.0499992371	0.0
2442	102814.911369	808.249028524	273.021046956	0.0	0.0	0.0	0.0	0.0	5.29999780655	0.0250004289361	0.0	0.0	0.0	0.0	0.0	0.00444657254654	0.0	0.0	0.0	0.0	0.0	3.95290385313e-06	0.0	0.0	0.000218388894912	0.0	1.28878214175e-06	0.0	34.0499992371	0.0
2443	103843.060483	808.249028524	273.021046956	0.0	0.0	0.0	0.0	0.0	5.29999780655	0.0250004289361	0.0	0.0	0.0	0.0	0.0	0.00444657254654	0.0	0.0	0.0	0.0	0.0	3.95290385313e-06	0.0	0.0	0.000218388894912	0.0	1.28878214175e-06	0.0	34.0499992371	0.0
2444	104881.491088	808.249028524	273.021046956	0.0	0.0	0.0	0.0	0.0	5.29999780655	0.0250004289361	0.0	0.0	0.0	0.0	0.0	0.00444657254654	0.0	0.0	0.0	0.0	0.0	3.95290385313e-06	0.0	0.0	0.000218388894912	0.0	1.28878214175e-06	0.0	34.0499992371	0.0
2445	105930.305999	808.249028524	273.021046956	0.0	0.0	0.0	0.0	0.0	5.29999780655	0.0250004289361	0.0	0.0	0.0	0.0	0.0	0.00444657254654	0.0	0.0	0.0	0.0	0.0	3.95290385313e-06	0.0	0.0	0.000218388894912	0.0	1.28878214175e-06	0.0	34.0499992371	0.0
2446	106989.609059	808.249028524	273.021046956	0.0	0.0	0.0	0.0	0.0	5.29999780655	0.0250004289361	0.0	0.0	0.0	0.0	0.0	0.00444657254654	0.0	0.0	0.0	0.0	0.0	3.95290385313e-06	0.0	0.0	0.000218388894912	0.0	1.28878214175e-06	0.0	34.0499992371	0.0
2447	108059.505149	808.249028524	273.021046956	0.0	0.0	0.0	0.0	0.0	5.29999780655	0.0250004289361	0.0	0.0	0.0	0.0	0.0	0.00444657254654	0.0	0.0	0.0	0.0	0.0	3.95290385313e-06	0.0	0.0	0.000218388894912	0.0	1.28878214175e-06	0.0	34.0499992371	0.0
2448	109140.100201	808.249028524	273.021046956	0.0	0.0	0.0	0.0	0.0	5.29999780655	0.0250004289361	0.0	0.0	0.0	0.0	0.0	0.00444657254654	0.0	0.0	0.0	0.0	0.0	3.95290385313e-06	0.0	0.0	0.000218388894912	0.0	1.28878214175e-06	0.0	34.0499992371	0.0
2449	110231.501203	808.249028524	273.021046956	0.0	0.0	0.0	0.0	0.0	5.29999780655	0.0250004289361	0.0	0.0	0.0	0.0	0.0	0.00444657254654	0.0	0.0	0.0	0.0	0.0	3.95290385313e-06	0.0	0.0	0.000218388894912	0.0	1.28878214175e-06	0.0	34.0499992371	0.0
2450	111333.816215	808.249028524	273.021046956	0.0	0.0	0.0	0.0	0.0	5.29999780655	0.0250004289361	0.0	0.0	0.0	0.0	0.0	0.00444657254654	0.0	0.0	0.0	0.0	0.0	3.95290385313e-06	0.0	0.0	0.000218388894912	0.0	1.28878214175e-06	0.0	34.0499992371	0.0
2451	112447.154377	808.249028524	273.021046956	0.0	0.0	0.0	0.0	0.0	5.29999780655	0.0250004289361	0.0	0.0	0.0	0.0	0.0	0.00444657254654	0.0	0.0	0.0	0.0	0.0	3.95290385313e-06	0.0	0.0	0.000218388894912	0.0	1.28878214175e-06	0.0	34.0499992371	0.0
2452	113571.625921	808.249028524	273.021046956	0.0	0.0	0.0	0.0	0.0	5.29999780655	0.0250004289361	0.0	0.0	0.0	0.0	0.0	0.00444657254654	0.0	0.0	0.0	0.0	0.0	3.95290385313e-06	0.0	0.0	0.000218388894912	0.0	1.28878214175e-06	0.0	34.0499992371	0.0
2453	114707.34218	808.249028524	273.021046956	0.0	0.0	0.0	0.0	0.0	5.29999780655	0.0250004289361	0.0	0.0	0.0	0.0	0.0	0.00444657254654	0.0	0.0	0.0	0.0	0.0	3.95290385313e-06	0.0	0.0	0.000218388894912	0.0	1.28878214175e-06	0.0	34.0499992371	0.0
2454	115854.415602	808.249028524	273.021046956	0.0	0.0	0.0	0.0	0.0	5.29999780655	0.0250004289361	0.0	0.0	0.0	0.0	0.0	0.00444657254654	0.0	0.0	0.0	0.0	0.0	3.95290385313e-06	0.0	0.0	0.000218388894912	0.0	1.28878214175e-06	0.0	34.0499992371	0.0
2455	117012.959758	808.249028524	273.021046956	0.0	0.0	0.0	0.0	0.0	5.29999780655	0.0250004289361	0.0	0.0	0.0	0.0	0.0	0.00444657254654	0.0	0.0	0.0	0.0	0.0	3.95290385313e-06	0.0	0.0	0.000218388894912	0.0	1.28878214175e-06	0.0	34.0499992371	0.0
2456	118183.089355	808.249028524	273.021046956	0.0	0.0	0.0	0.0	0.0	5.29999780655	0.0250004289361	0.0	0.0	0.0	0.0	0.0	0.00444657254654	0.0	0.0	0.0	0.0	0.0	3.95290385313e-06	0.0	0.0	0.000218388894912	0.0	1.28878214175e-06	0.0	34.0499992371	0.0
2457	119364.920249	808.249028524	273.021046956	0.0	0.0	0.0	0.0	0.0	5.29999780655	0.0250004289361	0.0	0.0	0.0	0.0	0.0	0.00444657254654	0.0	0.0	0.0	0.0	0.0	3.95290385313e-06	0.0	0.0	0.000218388894912	0.0	1.28878214175e-06	0.0	34.0499992371	0.0
2458	120558.569451	808.249028524	273.021046956	0.0	0.0	0.0	0.0	0.0	5.29999780655	0.0250004289361	0.0	0.0	0.0	0.0	0.0	0.00444657254654	0.0	0.0	0.0	0.0	0.0	3.95290385313e-06	0.0	0.0	0.000218388894912	0.0	1.28878214175e-06	0.0	34.0499992371	0.0
2459	121764.155146	808.249028524	273.021046956	0.0	0.0	0.0	0.0	0.0	5.29999780655	0.0250004289361	0.0	0.0	0.0	0.0	0.0	0.00444657254654	0.0	0.0	0.0	0.0	0.0	3.95290385313e-06	0.0	0.0	0.000218388894912	0.0	1.28878214175e-06	0.0	34.0499992371	0.0
2460	122981.796697	808.249028524	273.021046956	0.0	0.0	0.0	0.0	0.0	5.29999780655	0.0250004289361	0.0	0.0	0.0	0.0	0.0	0.00444657254654	0.0	0.0	0.0	0.0	0.0	3.95290385313e-06	0.0	0.0	0.000218388894912	0.0	1.28878214175e-06	0.0	34.0499992371	0.0
2461	124211.614664	808.249028524	273.021046956	0.0	0.0	0.0	0.0	0.0	5.29999780655	0.0250004289361	0.0	0.0	0.0	0.0	0.0	0.00444657254654	0.0	0.0	0.0	0.0	0.0	3.95290385313e-06	0.0	0.0	0.000218388894912	0.0	1.28878214175e-06	0.0	34.0499992371	0.0
2462	125453.730811	808.249028524	273.021046956	0.0	0.0	0.0	0.0	0.0	5.29999780655	0.0250004289361	0.0	0.0	0.0	0.0	0.0	0.00444657254654	0.0	0.0	0.0	0.0	0.0	3.95290385313e-06	0.0	0.0	0.000218388894912	0.0	1.28878214175e-06	0.0	34.0499992371	0.0
2463	126708.268119	808.249028524	273.021046956	0.0	0.0	0.0	0.0	0.0	5.29999780655	0.0250004289361	0.0	0.0	0.0	0.0	0.0	0.00444657254654	0.0	0.0	0.0	0.0	0.0	3.95290385313e-06	0.0	0.0	0.000218388894912	0.0	1.28878214175e-06	0.0	34.0499992371	0.0
2464	127975.3508	808.249028524	273.021046956	0.0	0.0	0.0	0.0	0.0	5.29999780655	0.0250004289361	0.0	0.0	0.0	0.0	0.0	0.00444657254654	0.0	0.0	0.0	0.0	0.0	3.95290385313e-06	0.0	0.0	0.000218388894912	0.0	1.28878214175e-06	0.0	34.0499992371	0.0
2465	129255.104308	808.249028524	273.021046956	0.0	0.0	0.0	0.0	0.0	5.29999780655	0.0250004289361	0.0	0.0	0.0	0.0	0.0	0.00444657254654	0.0	0.0	0.0	0.0	0.0	3.95290385313e-06	0.0	0.0	0.000218388894912	0.0	1.28878214175e-06	0.0	34.0499992371	0.0
2466	130547.655351	808.249028524	273.021046956	0.0	0.0	0.0	0.0	0.0	5.29999780655	0.0250004289361	0.0	0.0	0.0	0.0	0.0	0.00444657254654	0.0	0.0	0.0	0.0	0.0	3.95290385313e-06	0.0	0.0	0.000218388894912	0.0	1.28878214175e-06	0.0	34.0499992371	0.0
2467	131853.131905	808.249028524	273.021046956	0.0	0.0	0.0	0.0	0.0	5.29999780655	0.0250004289361	0.0	0.0	0.0	0.0	0.0	0.00444657254654	0.0	0.0	0.0	0.0	0.0	3.95290385313e-06	0.0	0.0	0.000218388894912	0.0	1.28878214175e-06	0.0	34.0499992371	0.0
2468	133171.663224	808.249028524	273.021046956	0.0	0.0	0.0	0.0	0.0	5.29999780655	0.0250004289361	0.0	0.0	0.0	0.0	0.0	0.00444657254654	0.0	0.0	0.0	0.0	0.0	3.95290385313e-06	0.0	0.0	0.000218388894912	0.0	1.28878214175e-06	0.0	34.0499992371	0.0
2469	134503.379856	808.249028524	273.021046956	0.0	0.0	0.0	0.0	0.0	5.29999780655	0.0250004289361	0.0	0.0	0.0	0.0	0.0	0.00444657254654	0.0	0.0	0.0	0.0	0.0	3.95290385313e-06	0.0	0.0	0.000218388894912	0.0	1.28878214175e-06	0.0	34.0499992371	0.0
2470	135848.413654	808.249028524	273.021046956	0.0	0.0	0.0	0.0	0.0	5.29999780655	0.0250004289361	0.0	0.0	0.0	0.0	0.0	0.00444657254654	0.0	0.0	0.0	0.0	0.0	3.95290385313e-06	0.0	0.0	0.000218388894912	0.0	1.28878214175e-06	0.0	34.0499992371	0.0
2471	137206.897791	808.249028524	273.021046956	0.0	0.0	0.0	0.0	0.0	5.29999780655	0.0250004289361	0.0	0.0	0.0	0.0	0.0	0.00444657254654	0.0	0.0	0.0	0.0	0.0	3.95290385313e-06	0.0	0.0	0.000218388894912	0.0	1.28878214175e-06	0.0	34.0499992371	0.0
2472	138578.966769	808.249028524	273.021046956	0.0	0.0	0.0	0.0	0.0	5.29999780655	0.0250004289361	0.0	0.0	0.0	0.0	0.0	0.00444657254654	0.0	0.0	0.0	0.0	0.0	3.95290385313e-06	0.0	0.0	0.000218388894912	0.0	1.28878214175e-06	0.0	34.0499992371	0.0
2473	139964.756437	808.249028524	273.021046956	0.0	0.0	0.0	0.0	0.0	5.29999780655	0.0250004289361	0.0	0.0	0.0	0.0	0.0	0.00444657254654	0.0	0.0	0.0	0.0	0.0	3.95290385313e-06	0.0	0.0	0.000218388894912	0.0	1.28878214175e-06	0.0	34.0499992371	0.0
2474	141364.404001	808.249028524	273.021046956	0.0	0.0	0.0	0.0	0.0	5.29999780655	0.0250004289361	0.0	0.0	0.0	0.0	0.0	0.00444657254654	0.0	0.0	0.0	0.0	0.0	3.95290385313e-06	0.0	0.0	0.000218388894912	0.0	1.28878214175e-06	0.0	34.0499992371	0.0
2475	142778.048041	808.249028524	273.021046956	0.0	0.0	0.0	0.0	0.0	5.29999780655	0.0250004289361	0.0	0.0	0.0	0.0	0.0	0.00444657254654	0.0	0.0	0.0	0.0	0.0	3.95290385313e-06	0.0	0.0	0.000218388894912	0.0	1.28878214175e-06	0.0	34.0499992371	0.0
2476	144205.828521	808.249028524	273.021046956	0.0	0.0	0.0	0.0	0.0	5.29999780655	0.0250004289361	0.0	0.0	0.0	0.0	0.0	0.00444657254654	0.0	0.0	0.0	0.0	0.0	3.95290385313e-06	0.0	0.0	0.000218388894912	0.0	1.28878214175e-06	0.0	34.0499992371	0.0
2477	145647.886807	808.249028524	273.021046956	0.0	0.0	0.0	0.0	0.0	5.29999780655	0.0250004289361	0.0	0.0	0.0	0.0	0.0	0.00444657254654	0.0	0.0	0.0	0.0	0.0	3.95290385313e-06	0.0	0.0	0.000218388894912	0.0	1.28878214175e-06	0.0	34.0499992371	0.0
2478	147104.365675	808.249028524	273.021046956	0.0	0.0	0.0	0.0	0.0	5.29999780655	0.0250004289361	0.0	0.0	0.0	0.0	0.0	0.00444657254654	0.0	0.0	0.0	0.0	0.0	3.95290385313e-06	0.0	0.0	0.000218388894912	0.0	1.28878214175e-06	0.0	34.0499992371	0.0
2479	148575.409331	808.249028524	273.021046956	0.0	0.0	0.0	0.0	0.0	5.29999780655	0.0250004289361	0.0	0.0	0.0	0.0	0.0	0.00444657254654	0.0	0.0	0.0	0.0	0.0	3.95290385313e-06	0.0	0.0	0.000218388894912	0.0	1.28878214175e-06	0.0	34.0499992371	0.0
2480	150061.163425	808.249028524	273.021046956	0.0	0.0	0.0	0.0	0.0	5.29999780655	0.0250004289361	0.0	0.0	0.0	0.0	0.0	0.00444657254654	0.0	0.0	0.0	0.0	0.0	3.95290385313e-06	0.0	0.0	0.000218388894912	0.0	1.28878214175e-06	0.0	34.0499992371	0.0
2481	151561.775059	808.249028524	273.021046956	0.0	0.0	0.0	0.0	0.0	5.29999780655	0.0250004289361	0.0	0.0	0.0	0.0	0.0	0.00444657254654	0.0	0.0	0.0	0.0	0.0	3.95290385313e-06	0.0	0.0	0.000218388894912	0.0	1.28878214175e-06	0.0	34.0499992371	0.0
2482	153077.39281	808.249028524	273.021046956	0.0	0.0	0.0	0.0	0.0	5.29999780655	0.0250004289361	0.0	0.0	0.0	0.0	0.0	0.00444657254654	0.0	0.0	0.0	0.0	0.0	3.95290385313e-06	0.0	0.0	0.000218388894912	0.0	1.28878214175e-06	0.0	34.0499992371	0.0
2483	154608.166738	808.249028524	273.021046956	0.0	0.0	0.0	0.0	0.0	5.29999780655	0.0250004289361	0.0	0.0	0.0	0.0	0.0	0.00444657254654	0.0	0.0	0.0	0.0	0.0	3.95290385313e-06	0.0	0.0	0.000218388894912	0.0	1.28878214175e-06	0.0	34.0499992371	0.0
2484	156154.248405	808.249028524	273.021046956	0.0	0.0	0.0	0.0	0.0	5.29999780655	0.0250004289361	0.0	0.0	0.0	0.0	0.0	0.00444657254654	0.0	0.0	0.0	0.0	0.0	3.95290385313e-06	0.0	0.0	0.000218388894912	0.0	1.28878214175e-06	0.0	34.0499992371	0.0
2485	157715.790889	808.249028524	273.021046956	0.0	0.0	0.0	0.0	0.0	5.29999780655	0.0250004289361	0.0	0.0	0.0	0.0	0.0	0.00444657254654	0.0	0.0	0.0	0.0	0.0	3.95290385313e-06	0.0	0.0	0.000218388894912	0.0	1.28878214175e-06	0.0	34.0499992371	0.0
2486	159292.948798	808.249028524	273.021046956	0.0	0.0	0.0	0.0	0.0	5.29999780655	0.0250004289361	0.0	0.0	0.0	0.0	0.0	0.00444657254654	0.0	0.0	0.0	0.0	0.0	3.95290385313e-06	0.0	0.0	0.000218388894912	0.0	1.28878214175e-06	0.0	34.0499992371	0.0
2487	160885.878286	808.249028524	273.021046956	0.0	0.0	0.0	0.0	0.0	5.29999780655	0.0250004289361	0.0	0.0	0.0	0.0	0.0	0.00444657254654	0.0	0.0	0.0	0.0	0.0	3.95290385313e-06	0.0	0.0	0.000218388894912	0.0	1.28878214175e-06	0.0	34.0499992371	0.0
2488	162494.737069	808.249028524	273.021046956	0.0	0.0	0.0	0.0	0.0	5.29999780655	0.0250004289361	0.0	0.0	0.0	0.0	0.0	0.00444657254654	0.0	0.0	0.0	0.0	0.0	3.95290385313e-06	0.0	0.0	0.000218388894912	0.0	1.28878214175e-06	0.0	34.0499992371	0.0
2489	164119.68444	808.249028524	273.021046956	0.0	0.0	0.0	0.0	0.0	5.29999780655	0.0250004289361	0.0	0.0	0.0	0.0	0.0	0.00444657254654	0.0	0.0	0.0	0.0	0.0	3.95290385313e-06	0.0	0.0	0.000218388894912	0.0	1.28878214175e-06	0.0	34.0499992371	0.0
2490	165760.881284	808.249028524	273.021046956	0.0	0.0	0.0	0.0	0.0	5.29999780655	0.0250004289361	0.0	0.0	0.0	0.0	0.0	0.00444657254654	0.0	0.0	0.0	0.0	0.0	3.95290385313e-06	0.0	0.0	0.000218388894912	0.0	1.28878214175e-06	0.0	34.0499992371	0.0
2491	167418.490097	808.249028524	273.021046956	0.0	0.0	0.0	0.0	0.0	5.29999780655	0.0250004289361	0.0	0.0	0.0	0.0	0.0	0.00444657254654	0.0	0.0	0.0	0.0	0.0	3.95290385313e-06	0.0	0.0	0.000218388894912	0.0	1.28878214175e-06	0.0	34.0499992371	0.0
2492	169092.674998	808.249028524	273.021046956	0.0	0.0	0.0	0.0	0.0	5.29999780655	0.0250004289361	0.0	0.0	0.0	0.0	0.0	0.00444657254654	0.0	0.0	0.0	0.0	0.0	3.95290385313e-06	0.0	0.0	0.000218388894912	0.0	1.28878214175e-06	0.0	34.0499992371	0.0
2493	170783.601748	808.249028524	273.021046956	0.0	0.0	0.0	0.0	0.0	5.29999780655	0.0250004289361	0.0	0.0	0.0	0.0	0.0	0.00444657254654	0.0	0.0	0.0	0.0	0.0	3.95290385313e-06	0.0	0.0	0.000218388894912	0.0	1.28878214175e-06	0.0	34.0499992371	0.0
2494	172491.437765	808.249028524	273.021046956	0.0	0.0	0.0	0.0	0.0	5.29999780655	0.0250004289361	0.0	0.0	0.0	0.0	0.0	0.00444657254654	0.0	0.0	0.0	0.0	0.0	3.95290385313e-06	0.0	0.0	0.000218388894912	0.0	1.28878214175e-06	0.0	34.0499992371	0.0
2495	174216.352143	808.249028524	273.021046956	0.0	0.0	0.0	0.0	0.0	5.29999780655	0.0250004289361	0.0	0.0	0.0	0.0	0.0	0.00444657254654	0.0	0.0	0.0	0.0	0.0	3.95290385313e-06	0.0	0.0	0.000218388894912	0.0	1.28878214175e-06	0.0	34.0499992371	0.0
2496	175958.515664	808.249028524	273.021046956	0.0	0.0	0.0	0.0	0.0	5.29999780655	0.0250004289361	0.0	0.0	0.0	0.0	0.0	0.00444657254654	0.0	0.0	0.0	0.0	0.0	3.95290385313e-06	0.0	0.0	0.000218388894912	0.0	1.28878214175e-06	0.0	34.0499992371	0.0
2497	177718.100821	808.249028524	273.021046956	0.0	0.0	0.0	0.0	0.0	5.29999780655	0.0250004289361	0.0	0.0	0.0	0.0	0.0	0.00444657254654	0.0	0.0	0.0	0.0	0.0	3.95290385313e-06	0.0	0.0	0.000218388894912	0.0	1.28878214175e-06	0.0	34.0499992371	0.0
2498	179495.281829	808.249028524	273.021046956	0.0	0.0	0.0	0.0	0.0	5.29999780655	0.0250004289361	0.0	0.0	0.0	0.0	0.0	0.00444657254654	0.0	0.0	0.0	0.0	0.0	3.95290385313e-06	0.0	0.0	0.000218388894912	0.0	1.28878214175e-06	0.0	34.0499992371	0.0
2499	181290.234647	808.249028524	273.021046956	0.0	0.0	0.0	0.0	0.0	5.29999780655	0.0250004289361	0.0	0.0	0.0	0.0	0.0	0.00444657254654	0.0	0.0	0.0	0.0	0.0	3.95290385313e-06	0.0	0.0	0.000218388894912	0.0	1.28878214175e-06	0.0	34.0499992371	0.0
2500	183103.136994	808.249028524	273.021046956	0.0	0.0	0.0	0.0	0.0	5.29999780655	0.0250004289361	0.0	0.0	0.0	0.0	0.0	0.00444657254654	0.0	0.0	0.0	0.0	0.0	3.95290385313e-06	0.0	0.0	0.000218388894912	0.0	1.28878214175e-06	0.0	34.0499992371	0.0
