Component	CO2 	 CH4	N2O	CFC-11	CFC-12	CFC-113	CFC-114	CFC-115	CH3Br	CCl4	CH3CCl3	HCFC-22	HCFC-141b	HCFC-123	HCFC-142b	H-1211	H-1301	H-2402	HFC125	HFC134a	HFC143a	HFC227ea	HFC23	HFC245fa	HFC32	HFC4310mee	C2F6	C6F14	CF4	SF6 
Unit 	 ppm	ppb	ppb	ppt	ppt	ppt	ppt	ppt	ppt	ppt	ppt	ppt	ppt	ppt	ppt	ppt	ppt	ppt	ppt	ppt	ppt	ppt	ppt	ppt	ppt	ppt	ppt	ppt	ppt	ppt
Description 	 fossil_fuel 	 landuse 	 total	 total	 total	 total	 total	 total	 total	 total	 total	 total	 total	 total	 total	 total	 total	 total	 total	 total	 total	 total	 total	 total	 total	 total	 total	 total	 total	 total
Reference	abrupt-0p5xCO2	abrupt-0p5xCO2	abrupt-0p5xCO2	abrupt-0p5xCO2	abrupt-0p5xCO2	abrupt-0p5xCO2	abrupt-0p5xCO2	abrupt-0p5xCO2	abrupt-0p5xCO2	abrupt-0p5xCO2	abrupt-0p5xCO2	abrupt-0p5xCO2	abrupt-0p5xCO2	No data	abrupt-0p5xCO2	abrupt-0p5xCO2	abrupt-0p5xCO2	abrupt-0p5xCO2	abrupt-0p5xCO2	abrupt-0p5xCO2	abrupt-0p5xCO2	abrupt-0p5xCO2	abrupt-0p5xCO2	abrupt-0p5xCO2	abrupt-0p5xCO2	abrupt-0p5xCO2	abrupt-0p5xCO2	abrupt-0p5xCO2	abrupt-0p5xCO2	abrupt-0p5xCO2
1700	284.3169988	808.249028524	273.021046956	0.0	0.0	0.0	0.0	0.0	5.29999780655	0.0250004289361	0.0	0.0	0.0	0.0	0.0	0.00444657254654	0.0	0.0	0.0	0.0	0.0	3.95290385313e-06	0.0	0.0	0.000218388894912	0.0	1.28878214175e-06	0.0	34.0499992371	0.0
1701	284.3169988	808.249028524	273.021046956	0.0	0.0	0.0	0.0	0.0	5.29999780655	0.0250004289361	0.0	0.0	0.0	0.0	0.0	0.00444657254654	0.0	0.0	0.0	0.0	0.0	3.95290385313e-06	0.0	0.0	0.000218388894912	0.0	1.28878214175e-06	0.0	34.0499992371	0.0
1702	284.3169988	808.249028524	273.021046956	0.0	0.0	0.0	0.0	0.0	5.29999780655	0.0250004289361	0.0	0.0	0.0	0.0	0.0	0.00444657254654	0.0	0.0	0.0	0.0	0.0	3.95290385313e-06	0.0	0.0	0.000218388894912	0.0	1.28878214175e-06	0.0	34.0499992371	0.0
1703	284.3169988	808.249028524	273.021046956	0.0	0.0	0.0	0.0	0.0	5.29999780655	0.0250004289361	0.0	0.0	0.0	0.0	0.0	0.00444657254654	0.0	0.0	0.0	0.0	0.0	3.95290385313e-06	0.0	0.0	0.000218388894912	0.0	1.28878214175e-06	0.0	34.0499992371	0.0
1704	284.3169988	808.249028524	273.021046956	0.0	0.0	0.0	0.0	0.0	5.29999780655	0.0250004289361	0.0	0.0	0.0	0.0	0.0	0.00444657254654	0.0	0.0	0.0	0.0	0.0	3.95290385313e-06	0.0	0.0	0.000218388894912	0.0	1.28878214175e-06	0.0	34.0499992371	0.0
1705	284.3169988	808.249028524	273.021046956	0.0	0.0	0.0	0.0	0.0	5.29999780655	0.0250004289361	0.0	0.0	0.0	0.0	0.0	0.00444657254654	0.0	0.0	0.0	0.0	0.0	3.95290385313e-06	0.0	0.0	0.000218388894912	0.0	1.28878214175e-06	0.0	34.0499992371	0.0
1706	284.3169988	808.249028524	273.021046956	0.0	0.0	0.0	0.0	0.0	5.29999780655	0.0250004289361	0.0	0.0	0.0	0.0	0.0	0.00444657254654	0.0	0.0	0.0	0.0	0.0	3.95290385313e-06	0.0	0.0	0.000218388894912	0.0	1.28878214175e-06	0.0	34.0499992371	0.0
1707	284.3169988	808.249028524	273.021046956	0.0	0.0	0.0	0.0	0.0	5.29999780655	0.0250004289361	0.0	0.0	0.0	0.0	0.0	0.00444657254654	0.0	0.0	0.0	0.0	0.0	3.95290385313e-06	0.0	0.0	0.000218388894912	0.0	1.28878214175e-06	0.0	34.0499992371	0.0
1708	284.3169988	808.249028524	273.021046956	0.0	0.0	0.0	0.0	0.0	5.29999780655	0.0250004289361	0.0	0.0	0.0	0.0	0.0	0.00444657254654	0.0	0.0	0.0	0.0	0.0	3.95290385313e-06	0.0	0.0	0.000218388894912	0.0	1.28878214175e-06	0.0	34.0499992371	0.0
1709	284.3169988	808.249028524	273.021046956	0.0	0.0	0.0	0.0	0.0	5.29999780655	0.0250004289361	0.0	0.0	0.0	0.0	0.0	0.00444657254654	0.0	0.0	0.0	0.0	0.0	3.95290385313e-06	0.0	0.0	0.000218388894912	0.0	1.28878214175e-06	0.0	34.0499992371	0.0
1710	284.3169988	808.249028524	273.021046956	0.0	0.0	0.0	0.0	0.0	5.29999780655	0.0250004289361	0.0	0.0	0.0	0.0	0.0	0.00444657254654	0.0	0.0	0.0	0.0	0.0	3.95290385313e-06	0.0	0.0	0.000218388894912	0.0	1.28878214175e-06	0.0	34.0499992371	0.0
1711	284.3169988	808.249028524	273.021046956	0.0	0.0	0.0	0.0	0.0	5.29999780655	0.0250004289361	0.0	0.0	0.0	0.0	0.0	0.00444657254654	0.0	0.0	0.0	0.0	0.0	3.95290385313e-06	0.0	0.0	0.000218388894912	0.0	1.28878214175e-06	0.0	34.0499992371	0.0
1712	284.3169988	808.249028524	273.021046956	0.0	0.0	0.0	0.0	0.0	5.29999780655	0.0250004289361	0.0	0.0	0.0	0.0	0.0	0.00444657254654	0.0	0.0	0.0	0.0	0.0	3.95290385313e-06	0.0	0.0	0.000218388894912	0.0	1.28878214175e-06	0.0	34.0499992371	0.0
1713	284.3169988	808.249028524	273.021046956	0.0	0.0	0.0	0.0	0.0	5.29999780655	0.0250004289361	0.0	0.0	0.0	0.0	0.0	0.00444657254654	0.0	0.0	0.0	0.0	0.0	3.95290385313e-06	0.0	0.0	0.000218388894912	0.0	1.28878214175e-06	0.0	34.0499992371	0.0
1714	284.3169988	808.249028524	273.021046956	0.0	0.0	0.0	0.0	0.0	5.29999780655	0.0250004289361	0.0	0.0	0.0	0.0	0.0	0.00444657254654	0.0	0.0	0.0	0.0	0.0	3.95290385313e-06	0.0	0.0	0.000218388894912	0.0	1.28878214175e-06	0.0	34.0499992371	0.0
1715	284.3169988	808.249028524	273.021046956	0.0	0.0	0.0	0.0	0.0	5.29999780655	0.0250004289361	0.0	0.0	0.0	0.0	0.0	0.00444657254654	0.0	0.0	0.0	0.0	0.0	3.95290385313e-06	0.0	0.0	0.000218388894912	0.0	1.28878214175e-06	0.0	34.0499992371	0.0
1716	284.3169988	808.249028524	273.021046956	0.0	0.0	0.0	0.0	0.0	5.29999780655	0.0250004289361	0.0	0.0	0.0	0.0	0.0	0.00444657254654	0.0	0.0	0.0	0.0	0.0	3.95290385313e-06	0.0	0.0	0.000218388894912	0.0	1.28878214175e-06	0.0	34.0499992371	0.0
1717	284.3169988	808.249028524	273.021046956	0.0	0.0	0.0	0.0	0.0	5.29999780655	0.0250004289361	0.0	0.0	0.0	0.0	0.0	0.00444657254654	0.0	0.0	0.0	0.0	0.0	3.95290385313e-06	0.0	0.0	0.000218388894912	0.0	1.28878214175e-06	0.0	34.0499992371	0.0
1718	284.3169988	808.249028524	273.021046956	0.0	0.0	0.0	0.0	0.0	5.29999780655	0.0250004289361	0.0	0.0	0.0	0.0	0.0	0.00444657254654	0.0	0.0	0.0	0.0	0.0	3.95290385313e-06	0.0	0.0	0.000218388894912	0.0	1.28878214175e-06	0.0	34.0499992371	0.0
1719	284.3169988	808.249028524	273.021046956	0.0	0.0	0.0	0.0	0.0	5.29999780655	0.0250004289361	0.0	0.0	0.0	0.0	0.0	0.00444657254654	0.0	0.0	0.0	0.0	0.0	3.95290385313e-06	0.0	0.0	0.000218388894912	0.0	1.28878214175e-06	0.0	34.0499992371	0.0
1720	284.3169988	808.249028524	273.021046956	0.0	0.0	0.0	0.0	0.0	5.29999780655	0.0250004289361	0.0	0.0	0.0	0.0	0.0	0.00444657254654	0.0	0.0	0.0	0.0	0.0	3.95290385313e-06	0.0	0.0	0.000218388894912	0.0	1.28878214175e-06	0.0	34.0499992371	0.0
1721	284.3169988	808.249028524	273.021046956	0.0	0.0	0.0	0.0	0.0	5.29999780655	0.0250004289361	0.0	0.0	0.0	0.0	0.0	0.00444657254654	0.0	0.0	0.0	0.0	0.0	3.95290385313e-06	0.0	0.0	0.000218388894912	0.0	1.28878214175e-06	0.0	34.0499992371	0.0
1722	284.3169988	808.249028524	273.021046956	0.0	0.0	0.0	0.0	0.0	5.29999780655	0.0250004289361	0.0	0.0	0.0	0.0	0.0	0.00444657254654	0.0	0.0	0.0	0.0	0.0	3.95290385313e-06	0.0	0.0	0.000218388894912	0.0	1.28878214175e-06	0.0	34.0499992371	0.0
1723	284.3169988	808.249028524	273.021046956	0.0	0.0	0.0	0.0	0.0	5.29999780655	0.0250004289361	0.0	0.0	0.0	0.0	0.0	0.00444657254654	0.0	0.0	0.0	0.0	0.0	3.95290385313e-06	0.0	0.0	0.000218388894912	0.0	1.28878214175e-06	0.0	34.0499992371	0.0
1724	284.3169988	808.249028524	273.021046956	0.0	0.0	0.0	0.0	0.0	5.29999780655	0.0250004289361	0.0	0.0	0.0	0.0	0.0	0.00444657254654	0.0	0.0	0.0	0.0	0.0	3.95290385313e-06	0.0	0.0	0.000218388894912	0.0	1.28878214175e-06	0.0	34.0499992371	0.0
1725	284.3169988	808.249028524	273.021046956	0.0	0.0	0.0	0.0	0.0	5.29999780655	0.0250004289361	0.0	0.0	0.0	0.0	0.0	0.00444657254654	0.0	0.0	0.0	0.0	0.0	3.95290385313e-06	0.0	0.0	0.000218388894912	0.0	1.28878214175e-06	0.0	34.0499992371	0.0
1726	284.3169988	808.249028524	273.021046956	0.0	0.0	0.0	0.0	0.0	5.29999780655	0.0250004289361	0.0	0.0	0.0	0.0	0.0	0.00444657254654	0.0	0.0	0.0	0.0	0.0	3.95290385313e-06	0.0	0.0	0.000218388894912	0.0	1.28878214175e-06	0.0	34.0499992371	0.0
1727	284.3169988	808.249028524	273.021046956	0.0	0.0	0.0	0.0	0.0	5.29999780655	0.0250004289361	0.0	0.0	0.0	0.0	0.0	0.00444657254654	0.0	0.0	0.0	0.0	0.0	3.95290385313e-06	0.0	0.0	0.000218388894912	0.0	1.28878214175e-06	0.0	34.0499992371	0.0
1728	284.3169988	808.249028524	273.021046956	0.0	0.0	0.0	0.0	0.0	5.29999780655	0.0250004289361	0.0	0.0	0.0	0.0	0.0	0.00444657254654	0.0	0.0	0.0	0.0	0.0	3.95290385313e-06	0.0	0.0	0.000218388894912	0.0	1.28878214175e-06	0.0	34.0499992371	0.0
1729	284.3169988	808.249028524	273.021046956	0.0	0.0	0.0	0.0	0.0	5.29999780655	0.0250004289361	0.0	0.0	0.0	0.0	0.0	0.00444657254654	0.0	0.0	0.0	0.0	0.0	3.95290385313e-06	0.0	0.0	0.000218388894912	0.0	1.28878214175e-06	0.0	34.0499992371	0.0
1730	284.3169988	808.249028524	273.021046956	0.0	0.0	0.0	0.0	0.0	5.29999780655	0.0250004289361	0.0	0.0	0.0	0.0	0.0	0.00444657254654	0.0	0.0	0.0	0.0	0.0	3.95290385313e-06	0.0	0.0	0.000218388894912	0.0	1.28878214175e-06	0.0	34.0499992371	0.0
1731	284.3169988	808.249028524	273.021046956	0.0	0.0	0.0	0.0	0.0	5.29999780655	0.0250004289361	0.0	0.0	0.0	0.0	0.0	0.00444657254654	0.0	0.0	0.0	0.0	0.0	3.95290385313e-06	0.0	0.0	0.000218388894912	0.0	1.28878214175e-06	0.0	34.0499992371	0.0
1732	284.3169988	808.249028524	273.021046956	0.0	0.0	0.0	0.0	0.0	5.29999780655	0.0250004289361	0.0	0.0	0.0	0.0	0.0	0.00444657254654	0.0	0.0	0.0	0.0	0.0	3.95290385313e-06	0.0	0.0	0.000218388894912	0.0	1.28878214175e-06	0.0	34.0499992371	0.0
1733	284.3169988	808.249028524	273.021046956	0.0	0.0	0.0	0.0	0.0	5.29999780655	0.0250004289361	0.0	0.0	0.0	0.0	0.0	0.00444657254654	0.0	0.0	0.0	0.0	0.0	3.95290385313e-06	0.0	0.0	0.000218388894912	0.0	1.28878214175e-06	0.0	34.0499992371	0.0
1734	284.3169988	808.249028524	273.021046956	0.0	0.0	0.0	0.0	0.0	5.29999780655	0.0250004289361	0.0	0.0	0.0	0.0	0.0	0.00444657254654	0.0	0.0	0.0	0.0	0.0	3.95290385313e-06	0.0	0.0	0.000218388894912	0.0	1.28878214175e-06	0.0	34.0499992371	0.0
1735	284.3169988	808.249028524	273.021046956	0.0	0.0	0.0	0.0	0.0	5.29999780655	0.0250004289361	0.0	0.0	0.0	0.0	0.0	0.00444657254654	0.0	0.0	0.0	0.0	0.0	3.95290385313e-06	0.0	0.0	0.000218388894912	0.0	1.28878214175e-06	0.0	34.0499992371	0.0
1736	284.3169988	808.249028524	273.021046956	0.0	0.0	0.0	0.0	0.0	5.29999780655	0.0250004289361	0.0	0.0	0.0	0.0	0.0	0.00444657254654	0.0	0.0	0.0	0.0	0.0	3.95290385313e-06	0.0	0.0	0.000218388894912	0.0	1.28878214175e-06	0.0	34.0499992371	0.0
1737	284.3169988	808.249028524	273.021046956	0.0	0.0	0.0	0.0	0.0	5.29999780655	0.0250004289361	0.0	0.0	0.0	0.0	0.0	0.00444657254654	0.0	0.0	0.0	0.0	0.0	3.95290385313e-06	0.0	0.0	0.000218388894912	0.0	1.28878214175e-06	0.0	34.0499992371	0.0
1738	284.3169988	808.249028524	273.021046956	0.0	0.0	0.0	0.0	0.0	5.29999780655	0.0250004289361	0.0	0.0	0.0	0.0	0.0	0.00444657254654	0.0	0.0	0.0	0.0	0.0	3.95290385313e-06	0.0	0.0	0.000218388894912	0.0	1.28878214175e-06	0.0	34.0499992371	0.0
1739	284.3169988	808.249028524	273.021046956	0.0	0.0	0.0	0.0	0.0	5.29999780655	0.0250004289361	0.0	0.0	0.0	0.0	0.0	0.00444657254654	0.0	0.0	0.0	0.0	0.0	3.95290385313e-06	0.0	0.0	0.000218388894912	0.0	1.28878214175e-06	0.0	34.0499992371	0.0
1740	284.3169988	808.249028524	273.021046956	0.0	0.0	0.0	0.0	0.0	5.29999780655	0.0250004289361	0.0	0.0	0.0	0.0	0.0	0.00444657254654	0.0	0.0	0.0	0.0	0.0	3.95290385313e-06	0.0	0.0	0.000218388894912	0.0	1.28878214175e-06	0.0	34.0499992371	0.0
1741	284.3169988	808.249028524	273.021046956	0.0	0.0	0.0	0.0	0.0	5.29999780655	0.0250004289361	0.0	0.0	0.0	0.0	0.0	0.00444657254654	0.0	0.0	0.0	0.0	0.0	3.95290385313e-06	0.0	0.0	0.000218388894912	0.0	1.28878214175e-06	0.0	34.0499992371	0.0
1742	284.3169988	808.249028524	273.021046956	0.0	0.0	0.0	0.0	0.0	5.29999780655	0.0250004289361	0.0	0.0	0.0	0.0	0.0	0.00444657254654	0.0	0.0	0.0	0.0	0.0	3.95290385313e-06	0.0	0.0	0.000218388894912	0.0	1.28878214175e-06	0.0	34.0499992371	0.0
1743	284.3169988	808.249028524	273.021046956	0.0	0.0	0.0	0.0	0.0	5.29999780655	0.0250004289361	0.0	0.0	0.0	0.0	0.0	0.00444657254654	0.0	0.0	0.0	0.0	0.0	3.95290385313e-06	0.0	0.0	0.000218388894912	0.0	1.28878214175e-06	0.0	34.0499992371	0.0
1744	284.3169988	808.249028524	273.021046956	0.0	0.0	0.0	0.0	0.0	5.29999780655	0.0250004289361	0.0	0.0	0.0	0.0	0.0	0.00444657254654	0.0	0.0	0.0	0.0	0.0	3.95290385313e-06	0.0	0.0	0.000218388894912	0.0	1.28878214175e-06	0.0	34.0499992371	0.0
1745	284.3169988	808.249028524	273.021046956	0.0	0.0	0.0	0.0	0.0	5.29999780655	0.0250004289361	0.0	0.0	0.0	0.0	0.0	0.00444657254654	0.0	0.0	0.0	0.0	0.0	3.95290385313e-06	0.0	0.0	0.000218388894912	0.0	1.28878214175e-06	0.0	34.0499992371	0.0
1746	284.3169988	808.249028524	273.021046956	0.0	0.0	0.0	0.0	0.0	5.29999780655	0.0250004289361	0.0	0.0	0.0	0.0	0.0	0.00444657254654	0.0	0.0	0.0	0.0	0.0	3.95290385313e-06	0.0	0.0	0.000218388894912	0.0	1.28878214175e-06	0.0	34.0499992371	0.0
1747	284.3169988	808.249028524	273.021046956	0.0	0.0	0.0	0.0	0.0	5.29999780655	0.0250004289361	0.0	0.0	0.0	0.0	0.0	0.00444657254654	0.0	0.0	0.0	0.0	0.0	3.95290385313e-06	0.0	0.0	0.000218388894912	0.0	1.28878214175e-06	0.0	34.0499992371	0.0
1748	284.3169988	808.249028524	273.021046956	0.0	0.0	0.0	0.0	0.0	5.29999780655	0.0250004289361	0.0	0.0	0.0	0.0	0.0	0.00444657254654	0.0	0.0	0.0	0.0	0.0	3.95290385313e-06	0.0	0.0	0.000218388894912	0.0	1.28878214175e-06	0.0	34.0499992371	0.0
1749	284.3169988	808.249028524	273.021046956	0.0	0.0	0.0	0.0	0.0	5.29999780655	0.0250004289361	0.0	0.0	0.0	0.0	0.0	0.00444657254654	0.0	0.0	0.0	0.0	0.0	3.95290385313e-06	0.0	0.0	0.000218388894912	0.0	1.28878214175e-06	0.0	34.0499992371	0.0
1750	284.3169988	808.249028524	273.021046956	0.0	0.0	0.0	0.0	0.0	5.29999780655	0.0250004289361	0.0	0.0	0.0	0.0	0.0	0.00444657254654	0.0	0.0	0.0	0.0	0.0	3.95290385313e-06	0.0	0.0	0.000218388894912	0.0	1.28878214175e-06	0.0	34.0499992371	0.0
1751	284.3169988	808.249028524	273.021046956	0.0	0.0	0.0	0.0	0.0	5.29999780655	0.0250004289361	0.0	0.0	0.0	0.0	0.0	0.00444657254654	0.0	0.0	0.0	0.0	0.0	3.95290385313e-06	0.0	0.0	0.000218388894912	0.0	1.28878214175e-06	0.0	34.0499992371	0.0
1752	284.3169988	808.249028524	273.021046956	0.0	0.0	0.0	0.0	0.0	5.29999780655	0.0250004289361	0.0	0.0	0.0	0.0	0.0	0.00444657254654	0.0	0.0	0.0	0.0	0.0	3.95290385313e-06	0.0	0.0	0.000218388894912	0.0	1.28878214175e-06	0.0	34.0499992371	0.0
1753	284.3169988	808.249028524	273.021046956	0.0	0.0	0.0	0.0	0.0	5.29999780655	0.0250004289361	0.0	0.0	0.0	0.0	0.0	0.00444657254654	0.0	0.0	0.0	0.0	0.0	3.95290385313e-06	0.0	0.0	0.000218388894912	0.0	1.28878214175e-06	0.0	34.0499992371	0.0
1754	284.3169988	808.249028524	273.021046956	0.0	0.0	0.0	0.0	0.0	5.29999780655	0.0250004289361	0.0	0.0	0.0	0.0	0.0	0.00444657254654	0.0	0.0	0.0	0.0	0.0	3.95290385313e-06	0.0	0.0	0.000218388894912	0.0	1.28878214175e-06	0.0	34.0499992371	0.0
1755	284.3169988	808.249028524	273.021046956	0.0	0.0	0.0	0.0	0.0	5.29999780655	0.0250004289361	0.0	0.0	0.0	0.0	0.0	0.00444657254654	0.0	0.0	0.0	0.0	0.0	3.95290385313e-06	0.0	0.0	0.000218388894912	0.0	1.28878214175e-06	0.0	34.0499992371	0.0
1756	284.3169988	808.249028524	273.021046956	0.0	0.0	0.0	0.0	0.0	5.29999780655	0.0250004289361	0.0	0.0	0.0	0.0	0.0	0.00444657254654	0.0	0.0	0.0	0.0	0.0	3.95290385313e-06	0.0	0.0	0.000218388894912	0.0	1.28878214175e-06	0.0	34.0499992371	0.0
1757	284.3169988	808.249028524	273.021046956	0.0	0.0	0.0	0.0	0.0	5.29999780655	0.0250004289361	0.0	0.0	0.0	0.0	0.0	0.00444657254654	0.0	0.0	0.0	0.0	0.0	3.95290385313e-06	0.0	0.0	0.000218388894912	0.0	1.28878214175e-06	0.0	34.0499992371	0.0
1758	284.3169988	808.249028524	273.021046956	0.0	0.0	0.0	0.0	0.0	5.29999780655	0.0250004289361	0.0	0.0	0.0	0.0	0.0	0.00444657254654	0.0	0.0	0.0	0.0	0.0	3.95290385313e-06	0.0	0.0	0.000218388894912	0.0	1.28878214175e-06	0.0	34.0499992371	0.0
1759	284.3169988	808.249028524	273.021046956	0.0	0.0	0.0	0.0	0.0	5.29999780655	0.0250004289361	0.0	0.0	0.0	0.0	0.0	0.00444657254654	0.0	0.0	0.0	0.0	0.0	3.95290385313e-06	0.0	0.0	0.000218388894912	0.0	1.28878214175e-06	0.0	34.0499992371	0.0
1760	284.3169988	808.249028524	273.021046956	0.0	0.0	0.0	0.0	0.0	5.29999780655	0.0250004289361	0.0	0.0	0.0	0.0	0.0	0.00444657254654	0.0	0.0	0.0	0.0	0.0	3.95290385313e-06	0.0	0.0	0.000218388894912	0.0	1.28878214175e-06	0.0	34.0499992371	0.0
1761	284.3169988	808.249028524	273.021046956	0.0	0.0	0.0	0.0	0.0	5.29999780655	0.0250004289361	0.0	0.0	0.0	0.0	0.0	0.00444657254654	0.0	0.0	0.0	0.0	0.0	3.95290385313e-06	0.0	0.0	0.000218388894912	0.0	1.28878214175e-06	0.0	34.0499992371	0.0
1762	284.3169988	808.249028524	273.021046956	0.0	0.0	0.0	0.0	0.0	5.29999780655	0.0250004289361	0.0	0.0	0.0	0.0	0.0	0.00444657254654	0.0	0.0	0.0	0.0	0.0	3.95290385313e-06	0.0	0.0	0.000218388894912	0.0	1.28878214175e-06	0.0	34.0499992371	0.0
1763	284.3169988	808.249028524	273.021046956	0.0	0.0	0.0	0.0	0.0	5.29999780655	0.0250004289361	0.0	0.0	0.0	0.0	0.0	0.00444657254654	0.0	0.0	0.0	0.0	0.0	3.95290385313e-06	0.0	0.0	0.000218388894912	0.0	1.28878214175e-06	0.0	34.0499992371	0.0
1764	284.3169988	808.249028524	273.021046956	0.0	0.0	0.0	0.0	0.0	5.29999780655	0.0250004289361	0.0	0.0	0.0	0.0	0.0	0.00444657254654	0.0	0.0	0.0	0.0	0.0	3.95290385313e-06	0.0	0.0	0.000218388894912	0.0	1.28878214175e-06	0.0	34.0499992371	0.0
1765	284.3169988	808.249028524	273.021046956	0.0	0.0	0.0	0.0	0.0	5.29999780655	0.0250004289361	0.0	0.0	0.0	0.0	0.0	0.00444657254654	0.0	0.0	0.0	0.0	0.0	3.95290385313e-06	0.0	0.0	0.000218388894912	0.0	1.28878214175e-06	0.0	34.0499992371	0.0
1766	284.3169988	808.249028524	273.021046956	0.0	0.0	0.0	0.0	0.0	5.29999780655	0.0250004289361	0.0	0.0	0.0	0.0	0.0	0.00444657254654	0.0	0.0	0.0	0.0	0.0	3.95290385313e-06	0.0	0.0	0.000218388894912	0.0	1.28878214175e-06	0.0	34.0499992371	0.0
1767	284.3169988	808.249028524	273.021046956	0.0	0.0	0.0	0.0	0.0	5.29999780655	0.0250004289361	0.0	0.0	0.0	0.0	0.0	0.00444657254654	0.0	0.0	0.0	0.0	0.0	3.95290385313e-06	0.0	0.0	0.000218388894912	0.0	1.28878214175e-06	0.0	34.0499992371	0.0
1768	284.3169988	808.249028524	273.021046956	0.0	0.0	0.0	0.0	0.0	5.29999780655	0.0250004289361	0.0	0.0	0.0	0.0	0.0	0.00444657254654	0.0	0.0	0.0	0.0	0.0	3.95290385313e-06	0.0	0.0	0.000218388894912	0.0	1.28878214175e-06	0.0	34.0499992371	0.0
1769	284.3169988	808.249028524	273.021046956	0.0	0.0	0.0	0.0	0.0	5.29999780655	0.0250004289361	0.0	0.0	0.0	0.0	0.0	0.00444657254654	0.0	0.0	0.0	0.0	0.0	3.95290385313e-06	0.0	0.0	0.000218388894912	0.0	1.28878214175e-06	0.0	34.0499992371	0.0
1770	284.3169988	808.249028524	273.021046956	0.0	0.0	0.0	0.0	0.0	5.29999780655	0.0250004289361	0.0	0.0	0.0	0.0	0.0	0.00444657254654	0.0	0.0	0.0	0.0	0.0	3.95290385313e-06	0.0	0.0	0.000218388894912	0.0	1.28878214175e-06	0.0	34.0499992371	0.0
1771	284.3169988	808.249028524	273.021046956	0.0	0.0	0.0	0.0	0.0	5.29999780655	0.0250004289361	0.0	0.0	0.0	0.0	0.0	0.00444657254654	0.0	0.0	0.0	0.0	0.0	3.95290385313e-06	0.0	0.0	0.000218388894912	0.0	1.28878214175e-06	0.0	34.0499992371	0.0
1772	284.3169988	808.249028524	273.021046956	0.0	0.0	0.0	0.0	0.0	5.29999780655	0.0250004289361	0.0	0.0	0.0	0.0	0.0	0.00444657254654	0.0	0.0	0.0	0.0	0.0	3.95290385313e-06	0.0	0.0	0.000218388894912	0.0	1.28878214175e-06	0.0	34.0499992371	0.0
1773	284.3169988	808.249028524	273.021046956	0.0	0.0	0.0	0.0	0.0	5.29999780655	0.0250004289361	0.0	0.0	0.0	0.0	0.0	0.00444657254654	0.0	0.0	0.0	0.0	0.0	3.95290385313e-06	0.0	0.0	0.000218388894912	0.0	1.28878214175e-06	0.0	34.0499992371	0.0
1774	284.3169988	808.249028524	273.021046956	0.0	0.0	0.0	0.0	0.0	5.29999780655	0.0250004289361	0.0	0.0	0.0	0.0	0.0	0.00444657254654	0.0	0.0	0.0	0.0	0.0	3.95290385313e-06	0.0	0.0	0.000218388894912	0.0	1.28878214175e-06	0.0	34.0499992371	0.0
1775	284.3169988	808.249028524	273.021046956	0.0	0.0	0.0	0.0	0.0	5.29999780655	0.0250004289361	0.0	0.0	0.0	0.0	0.0	0.00444657254654	0.0	0.0	0.0	0.0	0.0	3.95290385313e-06	0.0	0.0	0.000218388894912	0.0	1.28878214175e-06	0.0	34.0499992371	0.0
1776	284.3169988	808.249028524	273.021046956	0.0	0.0	0.0	0.0	0.0	5.29999780655	0.0250004289361	0.0	0.0	0.0	0.0	0.0	0.00444657254654	0.0	0.0	0.0	0.0	0.0	3.95290385313e-06	0.0	0.0	0.000218388894912	0.0	1.28878214175e-06	0.0	34.0499992371	0.0
1777	284.3169988	808.249028524	273.021046956	0.0	0.0	0.0	0.0	0.0	5.29999780655	0.0250004289361	0.0	0.0	0.0	0.0	0.0	0.00444657254654	0.0	0.0	0.0	0.0	0.0	3.95290385313e-06	0.0	0.0	0.000218388894912	0.0	1.28878214175e-06	0.0	34.0499992371	0.0
1778	284.3169988	808.249028524	273.021046956	0.0	0.0	0.0	0.0	0.0	5.29999780655	0.0250004289361	0.0	0.0	0.0	0.0	0.0	0.00444657254654	0.0	0.0	0.0	0.0	0.0	3.95290385313e-06	0.0	0.0	0.000218388894912	0.0	1.28878214175e-06	0.0	34.0499992371	0.0
1779	284.3169988	808.249028524	273.021046956	0.0	0.0	0.0	0.0	0.0	5.29999780655	0.0250004289361	0.0	0.0	0.0	0.0	0.0	0.00444657254654	0.0	0.0	0.0	0.0	0.0	3.95290385313e-06	0.0	0.0	0.000218388894912	0.0	1.28878214175e-06	0.0	34.0499992371	0.0
1780	284.3169988	808.249028524	273.021046956	0.0	0.0	0.0	0.0	0.0	5.29999780655	0.0250004289361	0.0	0.0	0.0	0.0	0.0	0.00444657254654	0.0	0.0	0.0	0.0	0.0	3.95290385313e-06	0.0	0.0	0.000218388894912	0.0	1.28878214175e-06	0.0	34.0499992371	0.0
1781	284.3169988	808.249028524	273.021046956	0.0	0.0	0.0	0.0	0.0	5.29999780655	0.0250004289361	0.0	0.0	0.0	0.0	0.0	0.00444657254654	0.0	0.0	0.0	0.0	0.0	3.95290385313e-06	0.0	0.0	0.000218388894912	0.0	1.28878214175e-06	0.0	34.0499992371	0.0
1782	284.3169988	808.249028524	273.021046956	0.0	0.0	0.0	0.0	0.0	5.29999780655	0.0250004289361	0.0	0.0	0.0	0.0	0.0	0.00444657254654	0.0	0.0	0.0	0.0	0.0	3.95290385313e-06	0.0	0.0	0.000218388894912	0.0	1.28878214175e-06	0.0	34.0499992371	0.0
1783	284.3169988	808.249028524	273.021046956	0.0	0.0	0.0	0.0	0.0	5.29999780655	0.0250004289361	0.0	0.0	0.0	0.0	0.0	0.00444657254654	0.0	0.0	0.0	0.0	0.0	3.95290385313e-06	0.0	0.0	0.000218388894912	0.0	1.28878214175e-06	0.0	34.0499992371	0.0
1784	284.3169988	808.249028524	273.021046956	0.0	0.0	0.0	0.0	0.0	5.29999780655	0.0250004289361	0.0	0.0	0.0	0.0	0.0	0.00444657254654	0.0	0.0	0.0	0.0	0.0	3.95290385313e-06	0.0	0.0	0.000218388894912	0.0	1.28878214175e-06	0.0	34.0499992371	0.0
1785	284.3169988	808.249028524	273.021046956	0.0	0.0	0.0	0.0	0.0	5.29999780655	0.0250004289361	0.0	0.0	0.0	0.0	0.0	0.00444657254654	0.0	0.0	0.0	0.0	0.0	3.95290385313e-06	0.0	0.0	0.000218388894912	0.0	1.28878214175e-06	0.0	34.0499992371	0.0
1786	284.3169988	808.249028524	273.021046956	0.0	0.0	0.0	0.0	0.0	5.29999780655	0.0250004289361	0.0	0.0	0.0	0.0	0.0	0.00444657254654	0.0	0.0	0.0	0.0	0.0	3.95290385313e-06	0.0	0.0	0.000218388894912	0.0	1.28878214175e-06	0.0	34.0499992371	0.0
1787	284.3169988	808.249028524	273.021046956	0.0	0.0	0.0	0.0	0.0	5.29999780655	0.0250004289361	0.0	0.0	0.0	0.0	0.0	0.00444657254654	0.0	0.0	0.0	0.0	0.0	3.95290385313e-06	0.0	0.0	0.000218388894912	0.0	1.28878214175e-06	0.0	34.0499992371	0.0
1788	284.3169988	808.249028524	273.021046956	0.0	0.0	0.0	0.0	0.0	5.29999780655	0.0250004289361	0.0	0.0	0.0	0.0	0.0	0.00444657254654	0.0	0.0	0.0	0.0	0.0	3.95290385313e-06	0.0	0.0	0.000218388894912	0.0	1.28878214175e-06	0.0	34.0499992371	0.0
1789	284.3169988	808.249028524	273.021046956	0.0	0.0	0.0	0.0	0.0	5.29999780655	0.0250004289361	0.0	0.0	0.0	0.0	0.0	0.00444657254654	0.0	0.0	0.0	0.0	0.0	3.95290385313e-06	0.0	0.0	0.000218388894912	0.0	1.28878214175e-06	0.0	34.0499992371	0.0
1790	284.3169988	808.249028524	273.021046956	0.0	0.0	0.0	0.0	0.0	5.29999780655	0.0250004289361	0.0	0.0	0.0	0.0	0.0	0.00444657254654	0.0	0.0	0.0	0.0	0.0	3.95290385313e-06	0.0	0.0	0.000218388894912	0.0	1.28878214175e-06	0.0	34.0499992371	0.0
1791	284.3169988	808.249028524	273.021046956	0.0	0.0	0.0	0.0	0.0	5.29999780655	0.0250004289361	0.0	0.0	0.0	0.0	0.0	0.00444657254654	0.0	0.0	0.0	0.0	0.0	3.95290385313e-06	0.0	0.0	0.000218388894912	0.0	1.28878214175e-06	0.0	34.0499992371	0.0
1792	284.3169988	808.249028524	273.021046956	0.0	0.0	0.0	0.0	0.0	5.29999780655	0.0250004289361	0.0	0.0	0.0	0.0	0.0	0.00444657254654	0.0	0.0	0.0	0.0	0.0	3.95290385313e-06	0.0	0.0	0.000218388894912	0.0	1.28878214175e-06	0.0	34.0499992371	0.0
1793	284.3169988	808.249028524	273.021046956	0.0	0.0	0.0	0.0	0.0	5.29999780655	0.0250004289361	0.0	0.0	0.0	0.0	0.0	0.00444657254654	0.0	0.0	0.0	0.0	0.0	3.95290385313e-06	0.0	0.0	0.000218388894912	0.0	1.28878214175e-06	0.0	34.0499992371	0.0
1794	284.3169988	808.249028524	273.021046956	0.0	0.0	0.0	0.0	0.0	5.29999780655	0.0250004289361	0.0	0.0	0.0	0.0	0.0	0.00444657254654	0.0	0.0	0.0	0.0	0.0	3.95290385313e-06	0.0	0.0	0.000218388894912	0.0	1.28878214175e-06	0.0	34.0499992371	0.0
1795	284.3169988	808.249028524	273.021046956	0.0	0.0	0.0	0.0	0.0	5.29999780655	0.0250004289361	0.0	0.0	0.0	0.0	0.0	0.00444657254654	0.0	0.0	0.0	0.0	0.0	3.95290385313e-06	0.0	0.0	0.000218388894912	0.0	1.28878214175e-06	0.0	34.0499992371	0.0
1796	284.3169988	808.249028524	273.021046956	0.0	0.0	0.0	0.0	0.0	5.29999780655	0.0250004289361	0.0	0.0	0.0	0.0	0.0	0.00444657254654	0.0	0.0	0.0	0.0	0.0	3.95290385313e-06	0.0	0.0	0.000218388894912	0.0	1.28878214175e-06	0.0	34.0499992371	0.0
1797	284.3169988	808.249028524	273.021046956	0.0	0.0	0.0	0.0	0.0	5.29999780655	0.0250004289361	0.0	0.0	0.0	0.0	0.0	0.00444657254654	0.0	0.0	0.0	0.0	0.0	3.95290385313e-06	0.0	0.0	0.000218388894912	0.0	1.28878214175e-06	0.0	34.0499992371	0.0
1798	284.3169988	808.249028524	273.021046956	0.0	0.0	0.0	0.0	0.0	5.29999780655	0.0250004289361	0.0	0.0	0.0	0.0	0.0	0.00444657254654	0.0	0.0	0.0	0.0	0.0	3.95290385313e-06	0.0	0.0	0.000218388894912	0.0	1.28878214175e-06	0.0	34.0499992371	0.0
1799	284.3169988	808.249028524	273.021046956	0.0	0.0	0.0	0.0	0.0	5.29999780655	0.0250004289361	0.0	0.0	0.0	0.0	0.0	0.00444657254654	0.0	0.0	0.0	0.0	0.0	3.95290385313e-06	0.0	0.0	0.000218388894912	0.0	1.28878214175e-06	0.0	34.0499992371	0.0
1800	284.3169988	808.249028524	273.021046956	0.0	0.0	0.0	0.0	0.0	5.29999780655	0.0250004289361	0.0	0.0	0.0	0.0	0.0	0.00444657254654	0.0	0.0	0.0	0.0	0.0	3.95290385313e-06	0.0	0.0	0.000218388894912	0.0	1.28878214175e-06	0.0	34.0499992371	0.0
1801	284.3169988	808.249028524	273.021046956	0.0	0.0	0.0	0.0	0.0	5.29999780655	0.0250004289361	0.0	0.0	0.0	0.0	0.0	0.00444657254654	0.0	0.0	0.0	0.0	0.0	3.95290385313e-06	0.0	0.0	0.000218388894912	0.0	1.28878214175e-06	0.0	34.0499992371	0.0
1802	284.3169988	808.249028524	273.021046956	0.0	0.0	0.0	0.0	0.0	5.29999780655	0.0250004289361	0.0	0.0	0.0	0.0	0.0	0.00444657254654	0.0	0.0	0.0	0.0	0.0	3.95290385313e-06	0.0	0.0	0.000218388894912	0.0	1.28878214175e-06	0.0	34.0499992371	0.0
1803	284.3169988	808.249028524	273.021046956	0.0	0.0	0.0	0.0	0.0	5.29999780655	0.0250004289361	0.0	0.0	0.0	0.0	0.0	0.00444657254654	0.0	0.0	0.0	0.0	0.0	3.95290385313e-06	0.0	0.0	0.000218388894912	0.0	1.28878214175e-06	0.0	34.0499992371	0.0
1804	284.3169988	808.249028524	273.021046956	0.0	0.0	0.0	0.0	0.0	5.29999780655	0.0250004289361	0.0	0.0	0.0	0.0	0.0	0.00444657254654	0.0	0.0	0.0	0.0	0.0	3.95290385313e-06	0.0	0.0	0.000218388894912	0.0	1.28878214175e-06	0.0	34.0499992371	0.0
1805	284.3169988	808.249028524	273.021046956	0.0	0.0	0.0	0.0	0.0	5.29999780655	0.0250004289361	0.0	0.0	0.0	0.0	0.0	0.00444657254654	0.0	0.0	0.0	0.0	0.0	3.95290385313e-06	0.0	0.0	0.000218388894912	0.0	1.28878214175e-06	0.0	34.0499992371	0.0
1806	284.3169988	808.249028524	273.021046956	0.0	0.0	0.0	0.0	0.0	5.29999780655	0.0250004289361	0.0	0.0	0.0	0.0	0.0	0.00444657254654	0.0	0.0	0.0	0.0	0.0	3.95290385313e-06	0.0	0.0	0.000218388894912	0.0	1.28878214175e-06	0.0	34.0499992371	0.0
1807	284.3169988	808.249028524	273.021046956	0.0	0.0	0.0	0.0	0.0	5.29999780655	0.0250004289361	0.0	0.0	0.0	0.0	0.0	0.00444657254654	0.0	0.0	0.0	0.0	0.0	3.95290385313e-06	0.0	0.0	0.000218388894912	0.0	1.28878214175e-06	0.0	34.0499992371	0.0
1808	284.3169988	808.249028524	273.021046956	0.0	0.0	0.0	0.0	0.0	5.29999780655	0.0250004289361	0.0	0.0	0.0	0.0	0.0	0.00444657254654	0.0	0.0	0.0	0.0	0.0	3.95290385313e-06	0.0	0.0	0.000218388894912	0.0	1.28878214175e-06	0.0	34.0499992371	0.0
1809	284.3169988	808.249028524	273.021046956	0.0	0.0	0.0	0.0	0.0	5.29999780655	0.0250004289361	0.0	0.0	0.0	0.0	0.0	0.00444657254654	0.0	0.0	0.0	0.0	0.0	3.95290385313e-06	0.0	0.0	0.000218388894912	0.0	1.28878214175e-06	0.0	34.0499992371	0.0
1810	284.3169988	808.249028524	273.021046956	0.0	0.0	0.0	0.0	0.0	5.29999780655	0.0250004289361	0.0	0.0	0.0	0.0	0.0	0.00444657254654	0.0	0.0	0.0	0.0	0.0	3.95290385313e-06	0.0	0.0	0.000218388894912	0.0	1.28878214175e-06	0.0	34.0499992371	0.0
1811	284.3169988	808.249028524	273.021046956	0.0	0.0	0.0	0.0	0.0	5.29999780655	0.0250004289361	0.0	0.0	0.0	0.0	0.0	0.00444657254654	0.0	0.0	0.0	0.0	0.0	3.95290385313e-06	0.0	0.0	0.000218388894912	0.0	1.28878214175e-06	0.0	34.0499992371	0.0
1812	284.3169988	808.249028524	273.021046956	0.0	0.0	0.0	0.0	0.0	5.29999780655	0.0250004289361	0.0	0.0	0.0	0.0	0.0	0.00444657254654	0.0	0.0	0.0	0.0	0.0	3.95290385313e-06	0.0	0.0	0.000218388894912	0.0	1.28878214175e-06	0.0	34.0499992371	0.0
1813	284.3169988	808.249028524	273.021046956	0.0	0.0	0.0	0.0	0.0	5.29999780655	0.0250004289361	0.0	0.0	0.0	0.0	0.0	0.00444657254654	0.0	0.0	0.0	0.0	0.0	3.95290385313e-06	0.0	0.0	0.000218388894912	0.0	1.28878214175e-06	0.0	34.0499992371	0.0
1814	284.3169988	808.249028524	273.021046956	0.0	0.0	0.0	0.0	0.0	5.29999780655	0.0250004289361	0.0	0.0	0.0	0.0	0.0	0.00444657254654	0.0	0.0	0.0	0.0	0.0	3.95290385313e-06	0.0	0.0	0.000218388894912	0.0	1.28878214175e-06	0.0	34.0499992371	0.0
1815	284.3169988	808.249028524	273.021046956	0.0	0.0	0.0	0.0	0.0	5.29999780655	0.0250004289361	0.0	0.0	0.0	0.0	0.0	0.00444657254654	0.0	0.0	0.0	0.0	0.0	3.95290385313e-06	0.0	0.0	0.000218388894912	0.0	1.28878214175e-06	0.0	34.0499992371	0.0
1816	284.3169988	808.249028524	273.021046956	0.0	0.0	0.0	0.0	0.0	5.29999780655	0.0250004289361	0.0	0.0	0.0	0.0	0.0	0.00444657254654	0.0	0.0	0.0	0.0	0.0	3.95290385313e-06	0.0	0.0	0.000218388894912	0.0	1.28878214175e-06	0.0	34.0499992371	0.0
1817	284.3169988	808.249028524	273.021046956	0.0	0.0	0.0	0.0	0.0	5.29999780655	0.0250004289361	0.0	0.0	0.0	0.0	0.0	0.00444657254654	0.0	0.0	0.0	0.0	0.0	3.95290385313e-06	0.0	0.0	0.000218388894912	0.0	1.28878214175e-06	0.0	34.0499992371	0.0
1818	284.3169988	808.249028524	273.021046956	0.0	0.0	0.0	0.0	0.0	5.29999780655	0.0250004289361	0.0	0.0	0.0	0.0	0.0	0.00444657254654	0.0	0.0	0.0	0.0	0.0	3.95290385313e-06	0.0	0.0	0.000218388894912	0.0	1.28878214175e-06	0.0	34.0499992371	0.0
1819	284.3169988	808.249028524	273.021046956	0.0	0.0	0.0	0.0	0.0	5.29999780655	0.0250004289361	0.0	0.0	0.0	0.0	0.0	0.00444657254654	0.0	0.0	0.0	0.0	0.0	3.95290385313e-06	0.0	0.0	0.000218388894912	0.0	1.28878214175e-06	0.0	34.0499992371	0.0
1820	284.3169988	808.249028524	273.021046956	0.0	0.0	0.0	0.0	0.0	5.29999780655	0.0250004289361	0.0	0.0	0.0	0.0	0.0	0.00444657254654	0.0	0.0	0.0	0.0	0.0	3.95290385313e-06	0.0	0.0	0.000218388894912	0.0	1.28878214175e-06	0.0	34.0499992371	0.0
1821	284.3169988	808.249028524	273.021046956	0.0	0.0	0.0	0.0	0.0	5.29999780655	0.0250004289361	0.0	0.0	0.0	0.0	0.0	0.00444657254654	0.0	0.0	0.0	0.0	0.0	3.95290385313e-06	0.0	0.0	0.000218388894912	0.0	1.28878214175e-06	0.0	34.0499992371	0.0
1822	284.3169988	808.249028524	273.021046956	0.0	0.0	0.0	0.0	0.0	5.29999780655	0.0250004289361	0.0	0.0	0.0	0.0	0.0	0.00444657254654	0.0	0.0	0.0	0.0	0.0	3.95290385313e-06	0.0	0.0	0.000218388894912	0.0	1.28878214175e-06	0.0	34.0499992371	0.0
1823	284.3169988	808.249028524	273.021046956	0.0	0.0	0.0	0.0	0.0	5.29999780655	0.0250004289361	0.0	0.0	0.0	0.0	0.0	0.00444657254654	0.0	0.0	0.0	0.0	0.0	3.95290385313e-06	0.0	0.0	0.000218388894912	0.0	1.28878214175e-06	0.0	34.0499992371	0.0
1824	284.3169988	808.249028524	273.021046956	0.0	0.0	0.0	0.0	0.0	5.29999780655	0.0250004289361	0.0	0.0	0.0	0.0	0.0	0.00444657254654	0.0	0.0	0.0	0.0	0.0	3.95290385313e-06	0.0	0.0	0.000218388894912	0.0	1.28878214175e-06	0.0	34.0499992371	0.0
1825	284.3169988	808.249028524	273.021046956	0.0	0.0	0.0	0.0	0.0	5.29999780655	0.0250004289361	0.0	0.0	0.0	0.0	0.0	0.00444657254654	0.0	0.0	0.0	0.0	0.0	3.95290385313e-06	0.0	0.0	0.000218388894912	0.0	1.28878214175e-06	0.0	34.0499992371	0.0
1826	284.3169988	808.249028524	273.021046956	0.0	0.0	0.0	0.0	0.0	5.29999780655	0.0250004289361	0.0	0.0	0.0	0.0	0.0	0.00444657254654	0.0	0.0	0.0	0.0	0.0	3.95290385313e-06	0.0	0.0	0.000218388894912	0.0	1.28878214175e-06	0.0	34.0499992371	0.0
1827	284.3169988	808.249028524	273.021046956	0.0	0.0	0.0	0.0	0.0	5.29999780655	0.0250004289361	0.0	0.0	0.0	0.0	0.0	0.00444657254654	0.0	0.0	0.0	0.0	0.0	3.95290385313e-06	0.0	0.0	0.000218388894912	0.0	1.28878214175e-06	0.0	34.0499992371	0.0
1828	284.3169988	808.249028524	273.021046956	0.0	0.0	0.0	0.0	0.0	5.29999780655	0.0250004289361	0.0	0.0	0.0	0.0	0.0	0.00444657254654	0.0	0.0	0.0	0.0	0.0	3.95290385313e-06	0.0	0.0	0.000218388894912	0.0	1.28878214175e-06	0.0	34.0499992371	0.0
1829	284.3169988	808.249028524	273.021046956	0.0	0.0	0.0	0.0	0.0	5.29999780655	0.0250004289361	0.0	0.0	0.0	0.0	0.0	0.00444657254654	0.0	0.0	0.0	0.0	0.0	3.95290385313e-06	0.0	0.0	0.000218388894912	0.0	1.28878214175e-06	0.0	34.0499992371	0.0
1830	284.3169988	808.249028524	273.021046956	0.0	0.0	0.0	0.0	0.0	5.29999780655	0.0250004289361	0.0	0.0	0.0	0.0	0.0	0.00444657254654	0.0	0.0	0.0	0.0	0.0	3.95290385313e-06	0.0	0.0	0.000218388894912	0.0	1.28878214175e-06	0.0	34.0499992371	0.0
1831	284.3169988	808.249028524	273.021046956	0.0	0.0	0.0	0.0	0.0	5.29999780655	0.0250004289361	0.0	0.0	0.0	0.0	0.0	0.00444657254654	0.0	0.0	0.0	0.0	0.0	3.95290385313e-06	0.0	0.0	0.000218388894912	0.0	1.28878214175e-06	0.0	34.0499992371	0.0
1832	284.3169988	808.249028524	273.021046956	0.0	0.0	0.0	0.0	0.0	5.29999780655	0.0250004289361	0.0	0.0	0.0	0.0	0.0	0.00444657254654	0.0	0.0	0.0	0.0	0.0	3.95290385313e-06	0.0	0.0	0.000218388894912	0.0	1.28878214175e-06	0.0	34.0499992371	0.0
1833	284.3169988	808.249028524	273.021046956	0.0	0.0	0.0	0.0	0.0	5.29999780655	0.0250004289361	0.0	0.0	0.0	0.0	0.0	0.00444657254654	0.0	0.0	0.0	0.0	0.0	3.95290385313e-06	0.0	0.0	0.000218388894912	0.0	1.28878214175e-06	0.0	34.0499992371	0.0
1834	284.3169988	808.249028524	273.021046956	0.0	0.0	0.0	0.0	0.0	5.29999780655	0.0250004289361	0.0	0.0	0.0	0.0	0.0	0.00444657254654	0.0	0.0	0.0	0.0	0.0	3.95290385313e-06	0.0	0.0	0.000218388894912	0.0	1.28878214175e-06	0.0	34.0499992371	0.0
1835	284.3169988	808.249028524	273.021046956	0.0	0.0	0.0	0.0	0.0	5.29999780655	0.0250004289361	0.0	0.0	0.0	0.0	0.0	0.00444657254654	0.0	0.0	0.0	0.0	0.0	3.95290385313e-06	0.0	0.0	0.000218388894912	0.0	1.28878214175e-06	0.0	34.0499992371	0.0
1836	284.3169988	808.249028524	273.021046956	0.0	0.0	0.0	0.0	0.0	5.29999780655	0.0250004289361	0.0	0.0	0.0	0.0	0.0	0.00444657254654	0.0	0.0	0.0	0.0	0.0	3.95290385313e-06	0.0	0.0	0.000218388894912	0.0	1.28878214175e-06	0.0	34.0499992371	0.0
1837	284.3169988	808.249028524	273.021046956	0.0	0.0	0.0	0.0	0.0	5.29999780655	0.0250004289361	0.0	0.0	0.0	0.0	0.0	0.00444657254654	0.0	0.0	0.0	0.0	0.0	3.95290385313e-06	0.0	0.0	0.000218388894912	0.0	1.28878214175e-06	0.0	34.0499992371	0.0
1838	284.3169988	808.249028524	273.021046956	0.0	0.0	0.0	0.0	0.0	5.29999780655	0.0250004289361	0.0	0.0	0.0	0.0	0.0	0.00444657254654	0.0	0.0	0.0	0.0	0.0	3.95290385313e-06	0.0	0.0	0.000218388894912	0.0	1.28878214175e-06	0.0	34.0499992371	0.0
1839	284.3169988	808.249028524	273.021046956	0.0	0.0	0.0	0.0	0.0	5.29999780655	0.0250004289361	0.0	0.0	0.0	0.0	0.0	0.00444657254654	0.0	0.0	0.0	0.0	0.0	3.95290385313e-06	0.0	0.0	0.000218388894912	0.0	1.28878214175e-06	0.0	34.0499992371	0.0
1840	284.3169988	808.249028524	273.021046956	0.0	0.0	0.0	0.0	0.0	5.29999780655	0.0250004289361	0.0	0.0	0.0	0.0	0.0	0.00444657254654	0.0	0.0	0.0	0.0	0.0	3.95290385313e-06	0.0	0.0	0.000218388894912	0.0	1.28878214175e-06	0.0	34.0499992371	0.0
1841	284.3169988	808.249028524	273.021046956	0.0	0.0	0.0	0.0	0.0	5.29999780655	0.0250004289361	0.0	0.0	0.0	0.0	0.0	0.00444657254654	0.0	0.0	0.0	0.0	0.0	3.95290385313e-06	0.0	0.0	0.000218388894912	0.0	1.28878214175e-06	0.0	34.0499992371	0.0
1842	284.3169988	808.249028524	273.021046956	0.0	0.0	0.0	0.0	0.0	5.29999780655	0.0250004289361	0.0	0.0	0.0	0.0	0.0	0.00444657254654	0.0	0.0	0.0	0.0	0.0	3.95290385313e-06	0.0	0.0	0.000218388894912	0.0	1.28878214175e-06	0.0	34.0499992371	0.0
1843	284.3169988	808.249028524	273.021046956	0.0	0.0	0.0	0.0	0.0	5.29999780655	0.0250004289361	0.0	0.0	0.0	0.0	0.0	0.00444657254654	0.0	0.0	0.0	0.0	0.0	3.95290385313e-06	0.0	0.0	0.000218388894912	0.0	1.28878214175e-06	0.0	34.0499992371	0.0
1844	284.3169988	808.249028524	273.021046956	0.0	0.0	0.0	0.0	0.0	5.29999780655	0.0250004289361	0.0	0.0	0.0	0.0	0.0	0.00444657254654	0.0	0.0	0.0	0.0	0.0	3.95290385313e-06	0.0	0.0	0.000218388894912	0.0	1.28878214175e-06	0.0	34.0499992371	0.0
1845	284.3169988	808.249028524	273.021046956	0.0	0.0	0.0	0.0	0.0	5.29999780655	0.0250004289361	0.0	0.0	0.0	0.0	0.0	0.00444657254654	0.0	0.0	0.0	0.0	0.0	3.95290385313e-06	0.0	0.0	0.000218388894912	0.0	1.28878214175e-06	0.0	34.0499992371	0.0
1846	284.3169988	808.249028524	273.021046956	0.0	0.0	0.0	0.0	0.0	5.29999780655	0.0250004289361	0.0	0.0	0.0	0.0	0.0	0.00444657254654	0.0	0.0	0.0	0.0	0.0	3.95290385313e-06	0.0	0.0	0.000218388894912	0.0	1.28878214175e-06	0.0	34.0499992371	0.0
1847	284.3169988	808.249028524	273.021046956	0.0	0.0	0.0	0.0	0.0	5.29999780655	0.0250004289361	0.0	0.0	0.0	0.0	0.0	0.00444657254654	0.0	0.0	0.0	0.0	0.0	3.95290385313e-06	0.0	0.0	0.000218388894912	0.0	1.28878214175e-06	0.0	34.0499992371	0.0
1848	284.3169988	808.249028524	273.021046956	0.0	0.0	0.0	0.0	0.0	5.29999780655	0.0250004289361	0.0	0.0	0.0	0.0	0.0	0.00444657254654	0.0	0.0	0.0	0.0	0.0	3.95290385313e-06	0.0	0.0	0.000218388894912	0.0	1.28878214175e-06	0.0	34.0499992371	0.0
1849	284.3169988	808.249028524	273.021046956	0.0	0.0	0.0	0.0	0.0	5.29999780655	0.0250004289361	0.0	0.0	0.0	0.0	0.0	0.00444657254654	0.0	0.0	0.0	0.0	0.0	3.95290385313e-06	0.0	0.0	0.000218388894912	0.0	1.28878214175e-06	0.0	34.0499992371	0.0
1850	142.1584994	808.249028524	273.021046956	0.0	0.0	0.0	0.0	0.0	5.29999780655	0.0250004289361	0.0	0.0	0.0	0.0	0.0	0.00444657254654	0.0	0.0	0.0	0.0	0.0	3.95290385313e-06	0.0	0.0	0.000218388894912	0.0	1.28878214175e-06	0.0	34.0499992371	0.0
1851	142.1584994	808.249028524	273.021046956	0.0	0.0	0.0	0.0	0.0	5.29999780655	0.0250004289361	0.0	0.0	0.0	0.0	0.0	0.00444657254654	0.0	0.0	0.0	0.0	0.0	3.95290385313e-06	0.0	0.0	0.000218388894912	0.0	1.28878214175e-06	0.0	34.0499992371	0.0
1852	142.1584994	808.249028524	273.021046956	0.0	0.0	0.0	0.0	0.0	5.29999780655	0.0250004289361	0.0	0.0	0.0	0.0	0.0	0.00444657254654	0.0	0.0	0.0	0.0	0.0	3.95290385313e-06	0.0	0.0	0.000218388894912	0.0	1.28878214175e-06	0.0	34.0499992371	0.0
1853	142.1584994	808.249028524	273.021046956	0.0	0.0	0.0	0.0	0.0	5.29999780655	0.0250004289361	0.0	0.0	0.0	0.0	0.0	0.00444657254654	0.0	0.0	0.0	0.0	0.0	3.95290385313e-06	0.0	0.0	0.000218388894912	0.0	1.28878214175e-06	0.0	34.0499992371	0.0
1854	142.1584994	808.249028524	273.021046956	0.0	0.0	0.0	0.0	0.0	5.29999780655	0.0250004289361	0.0	0.0	0.0	0.0	0.0	0.00444657254654	0.0	0.0	0.0	0.0	0.0	3.95290385313e-06	0.0	0.0	0.000218388894912	0.0	1.28878214175e-06	0.0	34.0499992371	0.0
1855	142.1584994	808.249028524	273.021046956	0.0	0.0	0.0	0.0	0.0	5.29999780655	0.0250004289361	0.0	0.0	0.0	0.0	0.0	0.00444657254654	0.0	0.0	0.0	0.0	0.0	3.95290385313e-06	0.0	0.0	0.000218388894912	0.0	1.28878214175e-06	0.0	34.0499992371	0.0
1856	142.1584994	808.249028524	273.021046956	0.0	0.0	0.0	0.0	0.0	5.29999780655	0.0250004289361	0.0	0.0	0.0	0.0	0.0	0.00444657254654	0.0	0.0	0.0	0.0	0.0	3.95290385313e-06	0.0	0.0	0.000218388894912	0.0	1.28878214175e-06	0.0	34.0499992371	0.0
1857	142.1584994	808.249028524	273.021046956	0.0	0.0	0.0	0.0	0.0	5.29999780655	0.0250004289361	0.0	0.0	0.0	0.0	0.0	0.00444657254654	0.0	0.0	0.0	0.0	0.0	3.95290385313e-06	0.0	0.0	0.000218388894912	0.0	1.28878214175e-06	0.0	34.0499992371	0.0
1858	142.1584994	808.249028524	273.021046956	0.0	0.0	0.0	0.0	0.0	5.29999780655	0.0250004289361	0.0	0.0	0.0	0.0	0.0	0.00444657254654	0.0	0.0	0.0	0.0	0.0	3.95290385313e-06	0.0	0.0	0.000218388894912	0.0	1.28878214175e-06	0.0	34.0499992371	0.0
1859	142.1584994	808.249028524	273.021046956	0.0	0.0	0.0	0.0	0.0	5.29999780655	0.0250004289361	0.0	0.0	0.0	0.0	0.0	0.00444657254654	0.0	0.0	0.0	0.0	0.0	3.95290385313e-06	0.0	0.0	0.000218388894912	0.0	1.28878214175e-06	0.0	34.0499992371	0.0
1860	142.1584994	808.249028524	273.021046956	0.0	0.0	0.0	0.0	0.0	5.29999780655	0.0250004289361	0.0	0.0	0.0	0.0	0.0	0.00444657254654	0.0	0.0	0.0	0.0	0.0	3.95290385313e-06	0.0	0.0	0.000218388894912	0.0	1.28878214175e-06	0.0	34.0499992371	0.0
1861	142.1584994	808.249028524	273.021046956	0.0	0.0	0.0	0.0	0.0	5.29999780655	0.0250004289361	0.0	0.0	0.0	0.0	0.0	0.00444657254654	0.0	0.0	0.0	0.0	0.0	3.95290385313e-06	0.0	0.0	0.000218388894912	0.0	1.28878214175e-06	0.0	34.0499992371	0.0
1862	142.1584994	808.249028524	273.021046956	0.0	0.0	0.0	0.0	0.0	5.29999780655	0.0250004289361	0.0	0.0	0.0	0.0	0.0	0.00444657254654	0.0	0.0	0.0	0.0	0.0	3.95290385313e-06	0.0	0.0	0.000218388894912	0.0	1.28878214175e-06	0.0	34.0499992371	0.0
1863	142.1584994	808.249028524	273.021046956	0.0	0.0	0.0	0.0	0.0	5.29999780655	0.0250004289361	0.0	0.0	0.0	0.0	0.0	0.00444657254654	0.0	0.0	0.0	0.0	0.0	3.95290385313e-06	0.0	0.0	0.000218388894912	0.0	1.28878214175e-06	0.0	34.0499992371	0.0
1864	142.1584994	808.249028524	273.021046956	0.0	0.0	0.0	0.0	0.0	5.29999780655	0.0250004289361	0.0	0.0	0.0	0.0	0.0	0.00444657254654	0.0	0.0	0.0	0.0	0.0	3.95290385313e-06	0.0	0.0	0.000218388894912	0.0	1.28878214175e-06	0.0	34.0499992371	0.0
1865	142.1584994	808.249028524	273.021046956	0.0	0.0	0.0	0.0	0.0	5.29999780655	0.0250004289361	0.0	0.0	0.0	0.0	0.0	0.00444657254654	0.0	0.0	0.0	0.0	0.0	3.95290385313e-06	0.0	0.0	0.000218388894912	0.0	1.28878214175e-06	0.0	34.0499992371	0.0
1866	142.1584994	808.249028524	273.021046956	0.0	0.0	0.0	0.0	0.0	5.29999780655	0.0250004289361	0.0	0.0	0.0	0.0	0.0	0.00444657254654	0.0	0.0	0.0	0.0	0.0	3.95290385313e-06	0.0	0.0	0.000218388894912	0.0	1.28878214175e-06	0.0	34.0499992371	0.0
1867	142.1584994	808.249028524	273.021046956	0.0	0.0	0.0	0.0	0.0	5.29999780655	0.0250004289361	0.0	0.0	0.0	0.0	0.0	0.00444657254654	0.0	0.0	0.0	0.0	0.0	3.95290385313e-06	0.0	0.0	0.000218388894912	0.0	1.28878214175e-06	0.0	34.0499992371	0.0
1868	142.1584994	808.249028524	273.021046956	0.0	0.0	0.0	0.0	0.0	5.29999780655	0.0250004289361	0.0	0.0	0.0	0.0	0.0	0.00444657254654	0.0	0.0	0.0	0.0	0.0	3.95290385313e-06	0.0	0.0	0.000218388894912	0.0	1.28878214175e-06	0.0	34.0499992371	0.0
1869	142.1584994	808.249028524	273.021046956	0.0	0.0	0.0	0.0	0.0	5.29999780655	0.0250004289361	0.0	0.0	0.0	0.0	0.0	0.00444657254654	0.0	0.0	0.0	0.0	0.0	3.95290385313e-06	0.0	0.0	0.000218388894912	0.0	1.28878214175e-06	0.0	34.0499992371	0.0
1870	142.1584994	808.249028524	273.021046956	0.0	0.0	0.0	0.0	0.0	5.29999780655	0.0250004289361	0.0	0.0	0.0	0.0	0.0	0.00444657254654	0.0	0.0	0.0	0.0	0.0	3.95290385313e-06	0.0	0.0	0.000218388894912	0.0	1.28878214175e-06	0.0	34.0499992371	0.0
1871	142.1584994	808.249028524	273.021046956	0.0	0.0	0.0	0.0	0.0	5.29999780655	0.0250004289361	0.0	0.0	0.0	0.0	0.0	0.00444657254654	0.0	0.0	0.0	0.0	0.0	3.95290385313e-06	0.0	0.0	0.000218388894912	0.0	1.28878214175e-06	0.0	34.0499992371	0.0
1872	142.1584994	808.249028524	273.021046956	0.0	0.0	0.0	0.0	0.0	5.29999780655	0.0250004289361	0.0	0.0	0.0	0.0	0.0	0.00444657254654	0.0	0.0	0.0	0.0	0.0	3.95290385313e-06	0.0	0.0	0.000218388894912	0.0	1.28878214175e-06	0.0	34.0499992371	0.0
1873	142.1584994	808.249028524	273.021046956	0.0	0.0	0.0	0.0	0.0	5.29999780655	0.0250004289361	0.0	0.0	0.0	0.0	0.0	0.00444657254654	0.0	0.0	0.0	0.0	0.0	3.95290385313e-06	0.0	0.0	0.000218388894912	0.0	1.28878214175e-06	0.0	34.0499992371	0.0
1874	142.1584994	808.249028524	273.021046956	0.0	0.0	0.0	0.0	0.0	5.29999780655	0.0250004289361	0.0	0.0	0.0	0.0	0.0	0.00444657254654	0.0	0.0	0.0	0.0	0.0	3.95290385313e-06	0.0	0.0	0.000218388894912	0.0	1.28878214175e-06	0.0	34.0499992371	0.0
1875	142.1584994	808.249028524	273.021046956	0.0	0.0	0.0	0.0	0.0	5.29999780655	0.0250004289361	0.0	0.0	0.0	0.0	0.0	0.00444657254654	0.0	0.0	0.0	0.0	0.0	3.95290385313e-06	0.0	0.0	0.000218388894912	0.0	1.28878214175e-06	0.0	34.0499992371	0.0
1876	142.1584994	808.249028524	273.021046956	0.0	0.0	0.0	0.0	0.0	5.29999780655	0.0250004289361	0.0	0.0	0.0	0.0	0.0	0.00444657254654	0.0	0.0	0.0	0.0	0.0	3.95290385313e-06	0.0	0.0	0.000218388894912	0.0	1.28878214175e-06	0.0	34.0499992371	0.0
1877	142.1584994	808.249028524	273.021046956	0.0	0.0	0.0	0.0	0.0	5.29999780655	0.0250004289361	0.0	0.0	0.0	0.0	0.0	0.00444657254654	0.0	0.0	0.0	0.0	0.0	3.95290385313e-06	0.0	0.0	0.000218388894912	0.0	1.28878214175e-06	0.0	34.0499992371	0.0
1878	142.1584994	808.249028524	273.021046956	0.0	0.0	0.0	0.0	0.0	5.29999780655	0.0250004289361	0.0	0.0	0.0	0.0	0.0	0.00444657254654	0.0	0.0	0.0	0.0	0.0	3.95290385313e-06	0.0	0.0	0.000218388894912	0.0	1.28878214175e-06	0.0	34.0499992371	0.0
1879	142.1584994	808.249028524	273.021046956	0.0	0.0	0.0	0.0	0.0	5.29999780655	0.0250004289361	0.0	0.0	0.0	0.0	0.0	0.00444657254654	0.0	0.0	0.0	0.0	0.0	3.95290385313e-06	0.0	0.0	0.000218388894912	0.0	1.28878214175e-06	0.0	34.0499992371	0.0
1880	142.1584994	808.249028524	273.021046956	0.0	0.0	0.0	0.0	0.0	5.29999780655	0.0250004289361	0.0	0.0	0.0	0.0	0.0	0.00444657254654	0.0	0.0	0.0	0.0	0.0	3.95290385313e-06	0.0	0.0	0.000218388894912	0.0	1.28878214175e-06	0.0	34.0499992371	0.0
1881	142.1584994	808.249028524	273.021046956	0.0	0.0	0.0	0.0	0.0	5.29999780655	0.0250004289361	0.0	0.0	0.0	0.0	0.0	0.00444657254654	0.0	0.0	0.0	0.0	0.0	3.95290385313e-06	0.0	0.0	0.000218388894912	0.0	1.28878214175e-06	0.0	34.0499992371	0.0
1882	142.1584994	808.249028524	273.021046956	0.0	0.0	0.0	0.0	0.0	5.29999780655	0.0250004289361	0.0	0.0	0.0	0.0	0.0	0.00444657254654	0.0	0.0	0.0	0.0	0.0	3.95290385313e-06	0.0	0.0	0.000218388894912	0.0	1.28878214175e-06	0.0	34.0499992371	0.0
1883	142.1584994	808.249028524	273.021046956	0.0	0.0	0.0	0.0	0.0	5.29999780655	0.0250004289361	0.0	0.0	0.0	0.0	0.0	0.00444657254654	0.0	0.0	0.0	0.0	0.0	3.95290385313e-06	0.0	0.0	0.000218388894912	0.0	1.28878214175e-06	0.0	34.0499992371	0.0
1884	142.1584994	808.249028524	273.021046956	0.0	0.0	0.0	0.0	0.0	5.29999780655	0.0250004289361	0.0	0.0	0.0	0.0	0.0	0.00444657254654	0.0	0.0	0.0	0.0	0.0	3.95290385313e-06	0.0	0.0	0.000218388894912	0.0	1.28878214175e-06	0.0	34.0499992371	0.0
1885	142.1584994	808.249028524	273.021046956	0.0	0.0	0.0	0.0	0.0	5.29999780655	0.0250004289361	0.0	0.0	0.0	0.0	0.0	0.00444657254654	0.0	0.0	0.0	0.0	0.0	3.95290385313e-06	0.0	0.0	0.000218388894912	0.0	1.28878214175e-06	0.0	34.0499992371	0.0
1886	142.1584994	808.249028524	273.021046956	0.0	0.0	0.0	0.0	0.0	5.29999780655	0.0250004289361	0.0	0.0	0.0	0.0	0.0	0.00444657254654	0.0	0.0	0.0	0.0	0.0	3.95290385313e-06	0.0	0.0	0.000218388894912	0.0	1.28878214175e-06	0.0	34.0499992371	0.0
1887	142.1584994	808.249028524	273.021046956	0.0	0.0	0.0	0.0	0.0	5.29999780655	0.0250004289361	0.0	0.0	0.0	0.0	0.0	0.00444657254654	0.0	0.0	0.0	0.0	0.0	3.95290385313e-06	0.0	0.0	0.000218388894912	0.0	1.28878214175e-06	0.0	34.0499992371	0.0
1888	142.1584994	808.249028524	273.021046956	0.0	0.0	0.0	0.0	0.0	5.29999780655	0.0250004289361	0.0	0.0	0.0	0.0	0.0	0.00444657254654	0.0	0.0	0.0	0.0	0.0	3.95290385313e-06	0.0	0.0	0.000218388894912	0.0	1.28878214175e-06	0.0	34.0499992371	0.0
1889	142.1584994	808.249028524	273.021046956	0.0	0.0	0.0	0.0	0.0	5.29999780655	0.0250004289361	0.0	0.0	0.0	0.0	0.0	0.00444657254654	0.0	0.0	0.0	0.0	0.0	3.95290385313e-06	0.0	0.0	0.000218388894912	0.0	1.28878214175e-06	0.0	34.0499992371	0.0
1890	142.1584994	808.249028524	273.021046956	0.0	0.0	0.0	0.0	0.0	5.29999780655	0.0250004289361	0.0	0.0	0.0	0.0	0.0	0.00444657254654	0.0	0.0	0.0	0.0	0.0	3.95290385313e-06	0.0	0.0	0.000218388894912	0.0	1.28878214175e-06	0.0	34.0499992371	0.0
1891	142.1584994	808.249028524	273.021046956	0.0	0.0	0.0	0.0	0.0	5.29999780655	0.0250004289361	0.0	0.0	0.0	0.0	0.0	0.00444657254654	0.0	0.0	0.0	0.0	0.0	3.95290385313e-06	0.0	0.0	0.000218388894912	0.0	1.28878214175e-06	0.0	34.0499992371	0.0
1892	142.1584994	808.249028524	273.021046956	0.0	0.0	0.0	0.0	0.0	5.29999780655	0.0250004289361	0.0	0.0	0.0	0.0	0.0	0.00444657254654	0.0	0.0	0.0	0.0	0.0	3.95290385313e-06	0.0	0.0	0.000218388894912	0.0	1.28878214175e-06	0.0	34.0499992371	0.0
1893	142.1584994	808.249028524	273.021046956	0.0	0.0	0.0	0.0	0.0	5.29999780655	0.0250004289361	0.0	0.0	0.0	0.0	0.0	0.00444657254654	0.0	0.0	0.0	0.0	0.0	3.95290385313e-06	0.0	0.0	0.000218388894912	0.0	1.28878214175e-06	0.0	34.0499992371	0.0
1894	142.1584994	808.249028524	273.021046956	0.0	0.0	0.0	0.0	0.0	5.29999780655	0.0250004289361	0.0	0.0	0.0	0.0	0.0	0.00444657254654	0.0	0.0	0.0	0.0	0.0	3.95290385313e-06	0.0	0.0	0.000218388894912	0.0	1.28878214175e-06	0.0	34.0499992371	0.0
1895	142.1584994	808.249028524	273.021046956	0.0	0.0	0.0	0.0	0.0	5.29999780655	0.0250004289361	0.0	0.0	0.0	0.0	0.0	0.00444657254654	0.0	0.0	0.0	0.0	0.0	3.95290385313e-06	0.0	0.0	0.000218388894912	0.0	1.28878214175e-06	0.0	34.0499992371	0.0
1896	142.1584994	808.249028524	273.021046956	0.0	0.0	0.0	0.0	0.0	5.29999780655	0.0250004289361	0.0	0.0	0.0	0.0	0.0	0.00444657254654	0.0	0.0	0.0	0.0	0.0	3.95290385313e-06	0.0	0.0	0.000218388894912	0.0	1.28878214175e-06	0.0	34.0499992371	0.0
1897	142.1584994	808.249028524	273.021046956	0.0	0.0	0.0	0.0	0.0	5.29999780655	0.0250004289361	0.0	0.0	0.0	0.0	0.0	0.00444657254654	0.0	0.0	0.0	0.0	0.0	3.95290385313e-06	0.0	0.0	0.000218388894912	0.0	1.28878214175e-06	0.0	34.0499992371	0.0
1898	142.1584994	808.249028524	273.021046956	0.0	0.0	0.0	0.0	0.0	5.29999780655	0.0250004289361	0.0	0.0	0.0	0.0	0.0	0.00444657254654	0.0	0.0	0.0	0.0	0.0	3.95290385313e-06	0.0	0.0	0.000218388894912	0.0	1.28878214175e-06	0.0	34.0499992371	0.0
1899	142.1584994	808.249028524	273.021046956	0.0	0.0	0.0	0.0	0.0	5.29999780655	0.0250004289361	0.0	0.0	0.0	0.0	0.0	0.00444657254654	0.0	0.0	0.0	0.0	0.0	3.95290385313e-06	0.0	0.0	0.000218388894912	0.0	1.28878214175e-06	0.0	34.0499992371	0.0
1900	142.1584994	808.249028524	273.021046956	0.0	0.0	0.0	0.0	0.0	5.29999780655	0.0250004289361	0.0	0.0	0.0	0.0	0.0	0.00444657254654	0.0	0.0	0.0	0.0	0.0	3.95290385313e-06	0.0	0.0	0.000218388894912	0.0	1.28878214175e-06	0.0	34.0499992371	0.0
1901	142.1584994	808.249028524	273.021046956	0.0	0.0	0.0	0.0	0.0	5.29999780655	0.0250004289361	0.0	0.0	0.0	0.0	0.0	0.00444657254654	0.0	0.0	0.0	0.0	0.0	3.95290385313e-06	0.0	0.0	0.000218388894912	0.0	1.28878214175e-06	0.0	34.0499992371	0.0
1902	142.1584994	808.249028524	273.021046956	0.0	0.0	0.0	0.0	0.0	5.29999780655	0.0250004289361	0.0	0.0	0.0	0.0	0.0	0.00444657254654	0.0	0.0	0.0	0.0	0.0	3.95290385313e-06	0.0	0.0	0.000218388894912	0.0	1.28878214175e-06	0.0	34.0499992371	0.0
1903	142.1584994	808.249028524	273.021046956	0.0	0.0	0.0	0.0	0.0	5.29999780655	0.0250004289361	0.0	0.0	0.0	0.0	0.0	0.00444657254654	0.0	0.0	0.0	0.0	0.0	3.95290385313e-06	0.0	0.0	0.000218388894912	0.0	1.28878214175e-06	0.0	34.0499992371	0.0
1904	142.1584994	808.249028524	273.021046956	0.0	0.0	0.0	0.0	0.0	5.29999780655	0.0250004289361	0.0	0.0	0.0	0.0	0.0	0.00444657254654	0.0	0.0	0.0	0.0	0.0	3.95290385313e-06	0.0	0.0	0.000218388894912	0.0	1.28878214175e-06	0.0	34.0499992371	0.0
1905	142.1584994	808.249028524	273.021046956	0.0	0.0	0.0	0.0	0.0	5.29999780655	0.0250004289361	0.0	0.0	0.0	0.0	0.0	0.00444657254654	0.0	0.0	0.0	0.0	0.0	3.95290385313e-06	0.0	0.0	0.000218388894912	0.0	1.28878214175e-06	0.0	34.0499992371	0.0
1906	142.1584994	808.249028524	273.021046956	0.0	0.0	0.0	0.0	0.0	5.29999780655	0.0250004289361	0.0	0.0	0.0	0.0	0.0	0.00444657254654	0.0	0.0	0.0	0.0	0.0	3.95290385313e-06	0.0	0.0	0.000218388894912	0.0	1.28878214175e-06	0.0	34.0499992371	0.0
1907	142.1584994	808.249028524	273.021046956	0.0	0.0	0.0	0.0	0.0	5.29999780655	0.0250004289361	0.0	0.0	0.0	0.0	0.0	0.00444657254654	0.0	0.0	0.0	0.0	0.0	3.95290385313e-06	0.0	0.0	0.000218388894912	0.0	1.28878214175e-06	0.0	34.0499992371	0.0
1908	142.1584994	808.249028524	273.021046956	0.0	0.0	0.0	0.0	0.0	5.29999780655	0.0250004289361	0.0	0.0	0.0	0.0	0.0	0.00444657254654	0.0	0.0	0.0	0.0	0.0	3.95290385313e-06	0.0	0.0	0.000218388894912	0.0	1.28878214175e-06	0.0	34.0499992371	0.0
1909	142.1584994	808.249028524	273.021046956	0.0	0.0	0.0	0.0	0.0	5.29999780655	0.0250004289361	0.0	0.0	0.0	0.0	0.0	0.00444657254654	0.0	0.0	0.0	0.0	0.0	3.95290385313e-06	0.0	0.0	0.000218388894912	0.0	1.28878214175e-06	0.0	34.0499992371	0.0
1910	142.1584994	808.249028524	273.021046956	0.0	0.0	0.0	0.0	0.0	5.29999780655	0.0250004289361	0.0	0.0	0.0	0.0	0.0	0.00444657254654	0.0	0.0	0.0	0.0	0.0	3.95290385313e-06	0.0	0.0	0.000218388894912	0.0	1.28878214175e-06	0.0	34.0499992371	0.0
1911	142.1584994	808.249028524	273.021046956	0.0	0.0	0.0	0.0	0.0	5.29999780655	0.0250004289361	0.0	0.0	0.0	0.0	0.0	0.00444657254654	0.0	0.0	0.0	0.0	0.0	3.95290385313e-06	0.0	0.0	0.000218388894912	0.0	1.28878214175e-06	0.0	34.0499992371	0.0
1912	142.1584994	808.249028524	273.021046956	0.0	0.0	0.0	0.0	0.0	5.29999780655	0.0250004289361	0.0	0.0	0.0	0.0	0.0	0.00444657254654	0.0	0.0	0.0	0.0	0.0	3.95290385313e-06	0.0	0.0	0.000218388894912	0.0	1.28878214175e-06	0.0	34.0499992371	0.0
1913	142.1584994	808.249028524	273.021046956	0.0	0.0	0.0	0.0	0.0	5.29999780655	0.0250004289361	0.0	0.0	0.0	0.0	0.0	0.00444657254654	0.0	0.0	0.0	0.0	0.0	3.95290385313e-06	0.0	0.0	0.000218388894912	0.0	1.28878214175e-06	0.0	34.0499992371	0.0
1914	142.1584994	808.249028524	273.021046956	0.0	0.0	0.0	0.0	0.0	5.29999780655	0.0250004289361	0.0	0.0	0.0	0.0	0.0	0.00444657254654	0.0	0.0	0.0	0.0	0.0	3.95290385313e-06	0.0	0.0	0.000218388894912	0.0	1.28878214175e-06	0.0	34.0499992371	0.0
1915	142.1584994	808.249028524	273.021046956	0.0	0.0	0.0	0.0	0.0	5.29999780655	0.0250004289361	0.0	0.0	0.0	0.0	0.0	0.00444657254654	0.0	0.0	0.0	0.0	0.0	3.95290385313e-06	0.0	0.0	0.000218388894912	0.0	1.28878214175e-06	0.0	34.0499992371	0.0
1916	142.1584994	808.249028524	273.021046956	0.0	0.0	0.0	0.0	0.0	5.29999780655	0.0250004289361	0.0	0.0	0.0	0.0	0.0	0.00444657254654	0.0	0.0	0.0	0.0	0.0	3.95290385313e-06	0.0	0.0	0.000218388894912	0.0	1.28878214175e-06	0.0	34.0499992371	0.0
1917	142.1584994	808.249028524	273.021046956	0.0	0.0	0.0	0.0	0.0	5.29999780655	0.0250004289361	0.0	0.0	0.0	0.0	0.0	0.00444657254654	0.0	0.0	0.0	0.0	0.0	3.95290385313e-06	0.0	0.0	0.000218388894912	0.0	1.28878214175e-06	0.0	34.0499992371	0.0
1918	142.1584994	808.249028524	273.021046956	0.0	0.0	0.0	0.0	0.0	5.29999780655	0.0250004289361	0.0	0.0	0.0	0.0	0.0	0.00444657254654	0.0	0.0	0.0	0.0	0.0	3.95290385313e-06	0.0	0.0	0.000218388894912	0.0	1.28878214175e-06	0.0	34.0499992371	0.0
1919	142.1584994	808.249028524	273.021046956	0.0	0.0	0.0	0.0	0.0	5.29999780655	0.0250004289361	0.0	0.0	0.0	0.0	0.0	0.00444657254654	0.0	0.0	0.0	0.0	0.0	3.95290385313e-06	0.0	0.0	0.000218388894912	0.0	1.28878214175e-06	0.0	34.0499992371	0.0
1920	142.1584994	808.249028524	273.021046956	0.0	0.0	0.0	0.0	0.0	5.29999780655	0.0250004289361	0.0	0.0	0.0	0.0	0.0	0.00444657254654	0.0	0.0	0.0	0.0	0.0	3.95290385313e-06	0.0	0.0	0.000218388894912	0.0	1.28878214175e-06	0.0	34.0499992371	0.0
1921	142.1584994	808.249028524	273.021046956	0.0	0.0	0.0	0.0	0.0	5.29999780655	0.0250004289361	0.0	0.0	0.0	0.0	0.0	0.00444657254654	0.0	0.0	0.0	0.0	0.0	3.95290385313e-06	0.0	0.0	0.000218388894912	0.0	1.28878214175e-06	0.0	34.0499992371	0.0
1922	142.1584994	808.249028524	273.021046956	0.0	0.0	0.0	0.0	0.0	5.29999780655	0.0250004289361	0.0	0.0	0.0	0.0	0.0	0.00444657254654	0.0	0.0	0.0	0.0	0.0	3.95290385313e-06	0.0	0.0	0.000218388894912	0.0	1.28878214175e-06	0.0	34.0499992371	0.0
1923	142.1584994	808.249028524	273.021046956	0.0	0.0	0.0	0.0	0.0	5.29999780655	0.0250004289361	0.0	0.0	0.0	0.0	0.0	0.00444657254654	0.0	0.0	0.0	0.0	0.0	3.95290385313e-06	0.0	0.0	0.000218388894912	0.0	1.28878214175e-06	0.0	34.0499992371	0.0
1924	142.1584994	808.249028524	273.021046956	0.0	0.0	0.0	0.0	0.0	5.29999780655	0.0250004289361	0.0	0.0	0.0	0.0	0.0	0.00444657254654	0.0	0.0	0.0	0.0	0.0	3.95290385313e-06	0.0	0.0	0.000218388894912	0.0	1.28878214175e-06	0.0	34.0499992371	0.0
1925	142.1584994	808.249028524	273.021046956	0.0	0.0	0.0	0.0	0.0	5.29999780655	0.0250004289361	0.0	0.0	0.0	0.0	0.0	0.00444657254654	0.0	0.0	0.0	0.0	0.0	3.95290385313e-06	0.0	0.0	0.000218388894912	0.0	1.28878214175e-06	0.0	34.0499992371	0.0
1926	142.1584994	808.249028524	273.021046956	0.0	0.0	0.0	0.0	0.0	5.29999780655	0.0250004289361	0.0	0.0	0.0	0.0	0.0	0.00444657254654	0.0	0.0	0.0	0.0	0.0	3.95290385313e-06	0.0	0.0	0.000218388894912	0.0	1.28878214175e-06	0.0	34.0499992371	0.0
1927	142.1584994	808.249028524	273.021046956	0.0	0.0	0.0	0.0	0.0	5.29999780655	0.0250004289361	0.0	0.0	0.0	0.0	0.0	0.00444657254654	0.0	0.0	0.0	0.0	0.0	3.95290385313e-06	0.0	0.0	0.000218388894912	0.0	1.28878214175e-06	0.0	34.0499992371	0.0
1928	142.1584994	808.249028524	273.021046956	0.0	0.0	0.0	0.0	0.0	5.29999780655	0.0250004289361	0.0	0.0	0.0	0.0	0.0	0.00444657254654	0.0	0.0	0.0	0.0	0.0	3.95290385313e-06	0.0	0.0	0.000218388894912	0.0	1.28878214175e-06	0.0	34.0499992371	0.0
1929	142.1584994	808.249028524	273.021046956	0.0	0.0	0.0	0.0	0.0	5.29999780655	0.0250004289361	0.0	0.0	0.0	0.0	0.0	0.00444657254654	0.0	0.0	0.0	0.0	0.0	3.95290385313e-06	0.0	0.0	0.000218388894912	0.0	1.28878214175e-06	0.0	34.0499992371	0.0
1930	142.1584994	808.249028524	273.021046956	0.0	0.0	0.0	0.0	0.0	5.29999780655	0.0250004289361	0.0	0.0	0.0	0.0	0.0	0.00444657254654	0.0	0.0	0.0	0.0	0.0	3.95290385313e-06	0.0	0.0	0.000218388894912	0.0	1.28878214175e-06	0.0	34.0499992371	0.0
1931	142.1584994	808.249028524	273.021046956	0.0	0.0	0.0	0.0	0.0	5.29999780655	0.0250004289361	0.0	0.0	0.0	0.0	0.0	0.00444657254654	0.0	0.0	0.0	0.0	0.0	3.95290385313e-06	0.0	0.0	0.000218388894912	0.0	1.28878214175e-06	0.0	34.0499992371	0.0
1932	142.1584994	808.249028524	273.021046956	0.0	0.0	0.0	0.0	0.0	5.29999780655	0.0250004289361	0.0	0.0	0.0	0.0	0.0	0.00444657254654	0.0	0.0	0.0	0.0	0.0	3.95290385313e-06	0.0	0.0	0.000218388894912	0.0	1.28878214175e-06	0.0	34.0499992371	0.0
1933	142.1584994	808.249028524	273.021046956	0.0	0.0	0.0	0.0	0.0	5.29999780655	0.0250004289361	0.0	0.0	0.0	0.0	0.0	0.00444657254654	0.0	0.0	0.0	0.0	0.0	3.95290385313e-06	0.0	0.0	0.000218388894912	0.0	1.28878214175e-06	0.0	34.0499992371	0.0
1934	142.1584994	808.249028524	273.021046956	0.0	0.0	0.0	0.0	0.0	5.29999780655	0.0250004289361	0.0	0.0	0.0	0.0	0.0	0.00444657254654	0.0	0.0	0.0	0.0	0.0	3.95290385313e-06	0.0	0.0	0.000218388894912	0.0	1.28878214175e-06	0.0	34.0499992371	0.0
1935	142.1584994	808.249028524	273.021046956	0.0	0.0	0.0	0.0	0.0	5.29999780655	0.0250004289361	0.0	0.0	0.0	0.0	0.0	0.00444657254654	0.0	0.0	0.0	0.0	0.0	3.95290385313e-06	0.0	0.0	0.000218388894912	0.0	1.28878214175e-06	0.0	34.0499992371	0.0
1936	142.1584994	808.249028524	273.021046956	0.0	0.0	0.0	0.0	0.0	5.29999780655	0.0250004289361	0.0	0.0	0.0	0.0	0.0	0.00444657254654	0.0	0.0	0.0	0.0	0.0	3.95290385313e-06	0.0	0.0	0.000218388894912	0.0	1.28878214175e-06	0.0	34.0499992371	0.0
1937	142.1584994	808.249028524	273.021046956	0.0	0.0	0.0	0.0	0.0	5.29999780655	0.0250004289361	0.0	0.0	0.0	0.0	0.0	0.00444657254654	0.0	0.0	0.0	0.0	0.0	3.95290385313e-06	0.0	0.0	0.000218388894912	0.0	1.28878214175e-06	0.0	34.0499992371	0.0
1938	142.1584994	808.249028524	273.021046956	0.0	0.0	0.0	0.0	0.0	5.29999780655	0.0250004289361	0.0	0.0	0.0	0.0	0.0	0.00444657254654	0.0	0.0	0.0	0.0	0.0	3.95290385313e-06	0.0	0.0	0.000218388894912	0.0	1.28878214175e-06	0.0	34.0499992371	0.0
1939	142.1584994	808.249028524	273.021046956	0.0	0.0	0.0	0.0	0.0	5.29999780655	0.0250004289361	0.0	0.0	0.0	0.0	0.0	0.00444657254654	0.0	0.0	0.0	0.0	0.0	3.95290385313e-06	0.0	0.0	0.000218388894912	0.0	1.28878214175e-06	0.0	34.0499992371	0.0
1940	142.1584994	808.249028524	273.021046956	0.0	0.0	0.0	0.0	0.0	5.29999780655	0.0250004289361	0.0	0.0	0.0	0.0	0.0	0.00444657254654	0.0	0.0	0.0	0.0	0.0	3.95290385313e-06	0.0	0.0	0.000218388894912	0.0	1.28878214175e-06	0.0	34.0499992371	0.0
1941	142.1584994	808.249028524	273.021046956	0.0	0.0	0.0	0.0	0.0	5.29999780655	0.0250004289361	0.0	0.0	0.0	0.0	0.0	0.00444657254654	0.0	0.0	0.0	0.0	0.0	3.95290385313e-06	0.0	0.0	0.000218388894912	0.0	1.28878214175e-06	0.0	34.0499992371	0.0
1942	142.1584994	808.249028524	273.021046956	0.0	0.0	0.0	0.0	0.0	5.29999780655	0.0250004289361	0.0	0.0	0.0	0.0	0.0	0.00444657254654	0.0	0.0	0.0	0.0	0.0	3.95290385313e-06	0.0	0.0	0.000218388894912	0.0	1.28878214175e-06	0.0	34.0499992371	0.0
1943	142.1584994	808.249028524	273.021046956	0.0	0.0	0.0	0.0	0.0	5.29999780655	0.0250004289361	0.0	0.0	0.0	0.0	0.0	0.00444657254654	0.0	0.0	0.0	0.0	0.0	3.95290385313e-06	0.0	0.0	0.000218388894912	0.0	1.28878214175e-06	0.0	34.0499992371	0.0
1944	142.1584994	808.249028524	273.021046956	0.0	0.0	0.0	0.0	0.0	5.29999780655	0.0250004289361	0.0	0.0	0.0	0.0	0.0	0.00444657254654	0.0	0.0	0.0	0.0	0.0	3.95290385313e-06	0.0	0.0	0.000218388894912	0.0	1.28878214175e-06	0.0	34.0499992371	0.0
1945	142.1584994	808.249028524	273.021046956	0.0	0.0	0.0	0.0	0.0	5.29999780655	0.0250004289361	0.0	0.0	0.0	0.0	0.0	0.00444657254654	0.0	0.0	0.0	0.0	0.0	3.95290385313e-06	0.0	0.0	0.000218388894912	0.0	1.28878214175e-06	0.0	34.0499992371	0.0
1946	142.1584994	808.249028524	273.021046956	0.0	0.0	0.0	0.0	0.0	5.29999780655	0.0250004289361	0.0	0.0	0.0	0.0	0.0	0.00444657254654	0.0	0.0	0.0	0.0	0.0	3.95290385313e-06	0.0	0.0	0.000218388894912	0.0	1.28878214175e-06	0.0	34.0499992371	0.0
1947	142.1584994	808.249028524	273.021046956	0.0	0.0	0.0	0.0	0.0	5.29999780655	0.0250004289361	0.0	0.0	0.0	0.0	0.0	0.00444657254654	0.0	0.0	0.0	0.0	0.0	3.95290385313e-06	0.0	0.0	0.000218388894912	0.0	1.28878214175e-06	0.0	34.0499992371	0.0
1948	142.1584994	808.249028524	273.021046956	0.0	0.0	0.0	0.0	0.0	5.29999780655	0.0250004289361	0.0	0.0	0.0	0.0	0.0	0.00444657254654	0.0	0.0	0.0	0.0	0.0	3.95290385313e-06	0.0	0.0	0.000218388894912	0.0	1.28878214175e-06	0.0	34.0499992371	0.0
1949	142.1584994	808.249028524	273.021046956	0.0	0.0	0.0	0.0	0.0	5.29999780655	0.0250004289361	0.0	0.0	0.0	0.0	0.0	0.00444657254654	0.0	0.0	0.0	0.0	0.0	3.95290385313e-06	0.0	0.0	0.000218388894912	0.0	1.28878214175e-06	0.0	34.0499992371	0.0
1950	142.1584994	808.249028524	273.021046956	0.0	0.0	0.0	0.0	0.0	5.29999780655	0.0250004289361	0.0	0.0	0.0	0.0	0.0	0.00444657254654	0.0	0.0	0.0	0.0	0.0	3.95290385313e-06	0.0	0.0	0.000218388894912	0.0	1.28878214175e-06	0.0	34.0499992371	0.0
1951	142.1584994	808.249028524	273.021046956	0.0	0.0	0.0	0.0	0.0	5.29999780655	0.0250004289361	0.0	0.0	0.0	0.0	0.0	0.00444657254654	0.0	0.0	0.0	0.0	0.0	3.95290385313e-06	0.0	0.0	0.000218388894912	0.0	1.28878214175e-06	0.0	34.0499992371	0.0
1952	142.1584994	808.249028524	273.021046956	0.0	0.0	0.0	0.0	0.0	5.29999780655	0.0250004289361	0.0	0.0	0.0	0.0	0.0	0.00444657254654	0.0	0.0	0.0	0.0	0.0	3.95290385313e-06	0.0	0.0	0.000218388894912	0.0	1.28878214175e-06	0.0	34.0499992371	0.0
1953	142.1584994	808.249028524	273.021046956	0.0	0.0	0.0	0.0	0.0	5.29999780655	0.0250004289361	0.0	0.0	0.0	0.0	0.0	0.00444657254654	0.0	0.0	0.0	0.0	0.0	3.95290385313e-06	0.0	0.0	0.000218388894912	0.0	1.28878214175e-06	0.0	34.0499992371	0.0
1954	142.1584994	808.249028524	273.021046956	0.0	0.0	0.0	0.0	0.0	5.29999780655	0.0250004289361	0.0	0.0	0.0	0.0	0.0	0.00444657254654	0.0	0.0	0.0	0.0	0.0	3.95290385313e-06	0.0	0.0	0.000218388894912	0.0	1.28878214175e-06	0.0	34.0499992371	0.0
1955	142.1584994	808.249028524	273.021046956	0.0	0.0	0.0	0.0	0.0	5.29999780655	0.0250004289361	0.0	0.0	0.0	0.0	0.0	0.00444657254654	0.0	0.0	0.0	0.0	0.0	3.95290385313e-06	0.0	0.0	0.000218388894912	0.0	1.28878214175e-06	0.0	34.0499992371	0.0
1956	142.1584994	808.249028524	273.021046956	0.0	0.0	0.0	0.0	0.0	5.29999780655	0.0250004289361	0.0	0.0	0.0	0.0	0.0	0.00444657254654	0.0	0.0	0.0	0.0	0.0	3.95290385313e-06	0.0	0.0	0.000218388894912	0.0	1.28878214175e-06	0.0	34.0499992371	0.0
1957	142.1584994	808.249028524	273.021046956	0.0	0.0	0.0	0.0	0.0	5.29999780655	0.0250004289361	0.0	0.0	0.0	0.0	0.0	0.00444657254654	0.0	0.0	0.0	0.0	0.0	3.95290385313e-06	0.0	0.0	0.000218388894912	0.0	1.28878214175e-06	0.0	34.0499992371	0.0
1958	142.1584994	808.249028524	273.021046956	0.0	0.0	0.0	0.0	0.0	5.29999780655	0.0250004289361	0.0	0.0	0.0	0.0	0.0	0.00444657254654	0.0	0.0	0.0	0.0	0.0	3.95290385313e-06	0.0	0.0	0.000218388894912	0.0	1.28878214175e-06	0.0	34.0499992371	0.0
1959	142.1584994	808.249028524	273.021046956	0.0	0.0	0.0	0.0	0.0	5.29999780655	0.0250004289361	0.0	0.0	0.0	0.0	0.0	0.00444657254654	0.0	0.0	0.0	0.0	0.0	3.95290385313e-06	0.0	0.0	0.000218388894912	0.0	1.28878214175e-06	0.0	34.0499992371	0.0
1960	142.1584994	808.249028524	273.021046956	0.0	0.0	0.0	0.0	0.0	5.29999780655	0.0250004289361	0.0	0.0	0.0	0.0	0.0	0.00444657254654	0.0	0.0	0.0	0.0	0.0	3.95290385313e-06	0.0	0.0	0.000218388894912	0.0	1.28878214175e-06	0.0	34.0499992371	0.0
1961	142.1584994	808.249028524	273.021046956	0.0	0.0	0.0	0.0	0.0	5.29999780655	0.0250004289361	0.0	0.0	0.0	0.0	0.0	0.00444657254654	0.0	0.0	0.0	0.0	0.0	3.95290385313e-06	0.0	0.0	0.000218388894912	0.0	1.28878214175e-06	0.0	34.0499992371	0.0
1962	142.1584994	808.249028524	273.021046956	0.0	0.0	0.0	0.0	0.0	5.29999780655	0.0250004289361	0.0	0.0	0.0	0.0	0.0	0.00444657254654	0.0	0.0	0.0	0.0	0.0	3.95290385313e-06	0.0	0.0	0.000218388894912	0.0	1.28878214175e-06	0.0	34.0499992371	0.0
1963	142.1584994	808.249028524	273.021046956	0.0	0.0	0.0	0.0	0.0	5.29999780655	0.0250004289361	0.0	0.0	0.0	0.0	0.0	0.00444657254654	0.0	0.0	0.0	0.0	0.0	3.95290385313e-06	0.0	0.0	0.000218388894912	0.0	1.28878214175e-06	0.0	34.0499992371	0.0
1964	142.1584994	808.249028524	273.021046956	0.0	0.0	0.0	0.0	0.0	5.29999780655	0.0250004289361	0.0	0.0	0.0	0.0	0.0	0.00444657254654	0.0	0.0	0.0	0.0	0.0	3.95290385313e-06	0.0	0.0	0.000218388894912	0.0	1.28878214175e-06	0.0	34.0499992371	0.0
1965	142.1584994	808.249028524	273.021046956	0.0	0.0	0.0	0.0	0.0	5.29999780655	0.0250004289361	0.0	0.0	0.0	0.0	0.0	0.00444657254654	0.0	0.0	0.0	0.0	0.0	3.95290385313e-06	0.0	0.0	0.000218388894912	0.0	1.28878214175e-06	0.0	34.0499992371	0.0
1966	142.1584994	808.249028524	273.021046956	0.0	0.0	0.0	0.0	0.0	5.29999780655	0.0250004289361	0.0	0.0	0.0	0.0	0.0	0.00444657254654	0.0	0.0	0.0	0.0	0.0	3.95290385313e-06	0.0	0.0	0.000218388894912	0.0	1.28878214175e-06	0.0	34.0499992371	0.0
1967	142.1584994	808.249028524	273.021046956	0.0	0.0	0.0	0.0	0.0	5.29999780655	0.0250004289361	0.0	0.0	0.0	0.0	0.0	0.00444657254654	0.0	0.0	0.0	0.0	0.0	3.95290385313e-06	0.0	0.0	0.000218388894912	0.0	1.28878214175e-06	0.0	34.0499992371	0.0
1968	142.1584994	808.249028524	273.021046956	0.0	0.0	0.0	0.0	0.0	5.29999780655	0.0250004289361	0.0	0.0	0.0	0.0	0.0	0.00444657254654	0.0	0.0	0.0	0.0	0.0	3.95290385313e-06	0.0	0.0	0.000218388894912	0.0	1.28878214175e-06	0.0	34.0499992371	0.0
1969	142.1584994	808.249028524	273.021046956	0.0	0.0	0.0	0.0	0.0	5.29999780655	0.0250004289361	0.0	0.0	0.0	0.0	0.0	0.00444657254654	0.0	0.0	0.0	0.0	0.0	3.95290385313e-06	0.0	0.0	0.000218388894912	0.0	1.28878214175e-06	0.0	34.0499992371	0.0
1970	142.1584994	808.249028524	273.021046956	0.0	0.0	0.0	0.0	0.0	5.29999780655	0.0250004289361	0.0	0.0	0.0	0.0	0.0	0.00444657254654	0.0	0.0	0.0	0.0	0.0	3.95290385313e-06	0.0	0.0	0.000218388894912	0.0	1.28878214175e-06	0.0	34.0499992371	0.0
1971	142.1584994	808.249028524	273.021046956	0.0	0.0	0.0	0.0	0.0	5.29999780655	0.0250004289361	0.0	0.0	0.0	0.0	0.0	0.00444657254654	0.0	0.0	0.0	0.0	0.0	3.95290385313e-06	0.0	0.0	0.000218388894912	0.0	1.28878214175e-06	0.0	34.0499992371	0.0
1972	142.1584994	808.249028524	273.021046956	0.0	0.0	0.0	0.0	0.0	5.29999780655	0.0250004289361	0.0	0.0	0.0	0.0	0.0	0.00444657254654	0.0	0.0	0.0	0.0	0.0	3.95290385313e-06	0.0	0.0	0.000218388894912	0.0	1.28878214175e-06	0.0	34.0499992371	0.0
1973	142.1584994	808.249028524	273.021046956	0.0	0.0	0.0	0.0	0.0	5.29999780655	0.0250004289361	0.0	0.0	0.0	0.0	0.0	0.00444657254654	0.0	0.0	0.0	0.0	0.0	3.95290385313e-06	0.0	0.0	0.000218388894912	0.0	1.28878214175e-06	0.0	34.0499992371	0.0
1974	142.1584994	808.249028524	273.021046956	0.0	0.0	0.0	0.0	0.0	5.29999780655	0.0250004289361	0.0	0.0	0.0	0.0	0.0	0.00444657254654	0.0	0.0	0.0	0.0	0.0	3.95290385313e-06	0.0	0.0	0.000218388894912	0.0	1.28878214175e-06	0.0	34.0499992371	0.0
1975	142.1584994	808.249028524	273.021046956	0.0	0.0	0.0	0.0	0.0	5.29999780655	0.0250004289361	0.0	0.0	0.0	0.0	0.0	0.00444657254654	0.0	0.0	0.0	0.0	0.0	3.95290385313e-06	0.0	0.0	0.000218388894912	0.0	1.28878214175e-06	0.0	34.0499992371	0.0
1976	142.1584994	808.249028524	273.021046956	0.0	0.0	0.0	0.0	0.0	5.29999780655	0.0250004289361	0.0	0.0	0.0	0.0	0.0	0.00444657254654	0.0	0.0	0.0	0.0	0.0	3.95290385313e-06	0.0	0.0	0.000218388894912	0.0	1.28878214175e-06	0.0	34.0499992371	0.0
1977	142.1584994	808.249028524	273.021046956	0.0	0.0	0.0	0.0	0.0	5.29999780655	0.0250004289361	0.0	0.0	0.0	0.0	0.0	0.00444657254654	0.0	0.0	0.0	0.0	0.0	3.95290385313e-06	0.0	0.0	0.000218388894912	0.0	1.28878214175e-06	0.0	34.0499992371	0.0
1978	142.1584994	808.249028524	273.021046956	0.0	0.0	0.0	0.0	0.0	5.29999780655	0.0250004289361	0.0	0.0	0.0	0.0	0.0	0.00444657254654	0.0	0.0	0.0	0.0	0.0	3.95290385313e-06	0.0	0.0	0.000218388894912	0.0	1.28878214175e-06	0.0	34.0499992371	0.0
1979	142.1584994	808.249028524	273.021046956	0.0	0.0	0.0	0.0	0.0	5.29999780655	0.0250004289361	0.0	0.0	0.0	0.0	0.0	0.00444657254654	0.0	0.0	0.0	0.0	0.0	3.95290385313e-06	0.0	0.0	0.000218388894912	0.0	1.28878214175e-06	0.0	34.0499992371	0.0
1980	142.1584994	808.249028524	273.021046956	0.0	0.0	0.0	0.0	0.0	5.29999780655	0.0250004289361	0.0	0.0	0.0	0.0	0.0	0.00444657254654	0.0	0.0	0.0	0.0	0.0	3.95290385313e-06	0.0	0.0	0.000218388894912	0.0	1.28878214175e-06	0.0	34.0499992371	0.0
1981	142.1584994	808.249028524	273.021046956	0.0	0.0	0.0	0.0	0.0	5.29999780655	0.0250004289361	0.0	0.0	0.0	0.0	0.0	0.00444657254654	0.0	0.0	0.0	0.0	0.0	3.95290385313e-06	0.0	0.0	0.000218388894912	0.0	1.28878214175e-06	0.0	34.0499992371	0.0
1982	142.1584994	808.249028524	273.021046956	0.0	0.0	0.0	0.0	0.0	5.29999780655	0.0250004289361	0.0	0.0	0.0	0.0	0.0	0.00444657254654	0.0	0.0	0.0	0.0	0.0	3.95290385313e-06	0.0	0.0	0.000218388894912	0.0	1.28878214175e-06	0.0	34.0499992371	0.0
1983	142.1584994	808.249028524	273.021046956	0.0	0.0	0.0	0.0	0.0	5.29999780655	0.0250004289361	0.0	0.0	0.0	0.0	0.0	0.00444657254654	0.0	0.0	0.0	0.0	0.0	3.95290385313e-06	0.0	0.0	0.000218388894912	0.0	1.28878214175e-06	0.0	34.0499992371	0.0
1984	142.1584994	808.249028524	273.021046956	0.0	0.0	0.0	0.0	0.0	5.29999780655	0.0250004289361	0.0	0.0	0.0	0.0	0.0	0.00444657254654	0.0	0.0	0.0	0.0	0.0	3.95290385313e-06	0.0	0.0	0.000218388894912	0.0	1.28878214175e-06	0.0	34.0499992371	0.0
1985	142.1584994	808.249028524	273.021046956	0.0	0.0	0.0	0.0	0.0	5.29999780655	0.0250004289361	0.0	0.0	0.0	0.0	0.0	0.00444657254654	0.0	0.0	0.0	0.0	0.0	3.95290385313e-06	0.0	0.0	0.000218388894912	0.0	1.28878214175e-06	0.0	34.0499992371	0.0
1986	142.1584994	808.249028524	273.021046956	0.0	0.0	0.0	0.0	0.0	5.29999780655	0.0250004289361	0.0	0.0	0.0	0.0	0.0	0.00444657254654	0.0	0.0	0.0	0.0	0.0	3.95290385313e-06	0.0	0.0	0.000218388894912	0.0	1.28878214175e-06	0.0	34.0499992371	0.0
1987	142.1584994	808.249028524	273.021046956	0.0	0.0	0.0	0.0	0.0	5.29999780655	0.0250004289361	0.0	0.0	0.0	0.0	0.0	0.00444657254654	0.0	0.0	0.0	0.0	0.0	3.95290385313e-06	0.0	0.0	0.000218388894912	0.0	1.28878214175e-06	0.0	34.0499992371	0.0
1988	142.1584994	808.249028524	273.021046956	0.0	0.0	0.0	0.0	0.0	5.29999780655	0.0250004289361	0.0	0.0	0.0	0.0	0.0	0.00444657254654	0.0	0.0	0.0	0.0	0.0	3.95290385313e-06	0.0	0.0	0.000218388894912	0.0	1.28878214175e-06	0.0	34.0499992371	0.0
1989	142.1584994	808.249028524	273.021046956	0.0	0.0	0.0	0.0	0.0	5.29999780655	0.0250004289361	0.0	0.0	0.0	0.0	0.0	0.00444657254654	0.0	0.0	0.0	0.0	0.0	3.95290385313e-06	0.0	0.0	0.000218388894912	0.0	1.28878214175e-06	0.0	34.0499992371	0.0
1990	142.1584994	808.249028524	273.021046956	0.0	0.0	0.0	0.0	0.0	5.29999780655	0.0250004289361	0.0	0.0	0.0	0.0	0.0	0.00444657254654	0.0	0.0	0.0	0.0	0.0	3.95290385313e-06	0.0	0.0	0.000218388894912	0.0	1.28878214175e-06	0.0	34.0499992371	0.0
1991	142.1584994	808.249028524	273.021046956	0.0	0.0	0.0	0.0	0.0	5.29999780655	0.0250004289361	0.0	0.0	0.0	0.0	0.0	0.00444657254654	0.0	0.0	0.0	0.0	0.0	3.95290385313e-06	0.0	0.0	0.000218388894912	0.0	1.28878214175e-06	0.0	34.0499992371	0.0
1992	142.1584994	808.249028524	273.021046956	0.0	0.0	0.0	0.0	0.0	5.29999780655	0.0250004289361	0.0	0.0	0.0	0.0	0.0	0.00444657254654	0.0	0.0	0.0	0.0	0.0	3.95290385313e-06	0.0	0.0	0.000218388894912	0.0	1.28878214175e-06	0.0	34.0499992371	0.0
1993	142.1584994	808.249028524	273.021046956	0.0	0.0	0.0	0.0	0.0	5.29999780655	0.0250004289361	0.0	0.0	0.0	0.0	0.0	0.00444657254654	0.0	0.0	0.0	0.0	0.0	3.95290385313e-06	0.0	0.0	0.000218388894912	0.0	1.28878214175e-06	0.0	34.0499992371	0.0
1994	142.1584994	808.249028524	273.021046956	0.0	0.0	0.0	0.0	0.0	5.29999780655	0.0250004289361	0.0	0.0	0.0	0.0	0.0	0.00444657254654	0.0	0.0	0.0	0.0	0.0	3.95290385313e-06	0.0	0.0	0.000218388894912	0.0	1.28878214175e-06	0.0	34.0499992371	0.0
1995	142.1584994	808.249028524	273.021046956	0.0	0.0	0.0	0.0	0.0	5.29999780655	0.0250004289361	0.0	0.0	0.0	0.0	0.0	0.00444657254654	0.0	0.0	0.0	0.0	0.0	3.95290385313e-06	0.0	0.0	0.000218388894912	0.0	1.28878214175e-06	0.0	34.0499992371	0.0
1996	142.1584994	808.249028524	273.021046956	0.0	0.0	0.0	0.0	0.0	5.29999780655	0.0250004289361	0.0	0.0	0.0	0.0	0.0	0.00444657254654	0.0	0.0	0.0	0.0	0.0	3.95290385313e-06	0.0	0.0	0.000218388894912	0.0	1.28878214175e-06	0.0	34.0499992371	0.0
1997	142.1584994	808.249028524	273.021046956	0.0	0.0	0.0	0.0	0.0	5.29999780655	0.0250004289361	0.0	0.0	0.0	0.0	0.0	0.00444657254654	0.0	0.0	0.0	0.0	0.0	3.95290385313e-06	0.0	0.0	0.000218388894912	0.0	1.28878214175e-06	0.0	34.0499992371	0.0
1998	142.1584994	808.249028524	273.021046956	0.0	0.0	0.0	0.0	0.0	5.29999780655	0.0250004289361	0.0	0.0	0.0	0.0	0.0	0.00444657254654	0.0	0.0	0.0	0.0	0.0	3.95290385313e-06	0.0	0.0	0.000218388894912	0.0	1.28878214175e-06	0.0	34.0499992371	0.0
1999	142.1584994	808.249028524	273.021046956	0.0	0.0	0.0	0.0	0.0	5.29999780655	0.0250004289361	0.0	0.0	0.0	0.0	0.0	0.00444657254654	0.0	0.0	0.0	0.0	0.0	3.95290385313e-06	0.0	0.0	0.000218388894912	0.0	1.28878214175e-06	0.0	34.0499992371	0.0
2000	142.1584994	808.249028524	273.021046956	0.0	0.0	0.0	0.0	0.0	5.29999780655	0.0250004289361	0.0	0.0	0.0	0.0	0.0	0.00444657254654	0.0	0.0	0.0	0.0	0.0	3.95290385313e-06	0.0	0.0	0.000218388894912	0.0	1.28878214175e-06	0.0	34.0499992371	0.0
2001	142.1584994	808.249028524	273.021046956	0.0	0.0	0.0	0.0	0.0	5.29999780655	0.0250004289361	0.0	0.0	0.0	0.0	0.0	0.00444657254654	0.0	0.0	0.0	0.0	0.0	3.95290385313e-06	0.0	0.0	0.000218388894912	0.0	1.28878214175e-06	0.0	34.0499992371	0.0
2002	142.1584994	808.249028524	273.021046956	0.0	0.0	0.0	0.0	0.0	5.29999780655	0.0250004289361	0.0	0.0	0.0	0.0	0.0	0.00444657254654	0.0	0.0	0.0	0.0	0.0	3.95290385313e-06	0.0	0.0	0.000218388894912	0.0	1.28878214175e-06	0.0	34.0499992371	0.0
2003	142.1584994	808.249028524	273.021046956	0.0	0.0	0.0	0.0	0.0	5.29999780655	0.0250004289361	0.0	0.0	0.0	0.0	0.0	0.00444657254654	0.0	0.0	0.0	0.0	0.0	3.95290385313e-06	0.0	0.0	0.000218388894912	0.0	1.28878214175e-06	0.0	34.0499992371	0.0
2004	142.1584994	808.249028524	273.021046956	0.0	0.0	0.0	0.0	0.0	5.29999780655	0.0250004289361	0.0	0.0	0.0	0.0	0.0	0.00444657254654	0.0	0.0	0.0	0.0	0.0	3.95290385313e-06	0.0	0.0	0.000218388894912	0.0	1.28878214175e-06	0.0	34.0499992371	0.0
2005	142.1584994	808.249028524	273.021046956	0.0	0.0	0.0	0.0	0.0	5.29999780655	0.0250004289361	0.0	0.0	0.0	0.0	0.0	0.00444657254654	0.0	0.0	0.0	0.0	0.0	3.95290385313e-06	0.0	0.0	0.000218388894912	0.0	1.28878214175e-06	0.0	34.0499992371	0.0
2006	142.1584994	808.249028524	273.021046956	0.0	0.0	0.0	0.0	0.0	5.29999780655	0.0250004289361	0.0	0.0	0.0	0.0	0.0	0.00444657254654	0.0	0.0	0.0	0.0	0.0	3.95290385313e-06	0.0	0.0	0.000218388894912	0.0	1.28878214175e-06	0.0	34.0499992371	0.0
2007	142.1584994	808.249028524	273.021046956	0.0	0.0	0.0	0.0	0.0	5.29999780655	0.0250004289361	0.0	0.0	0.0	0.0	0.0	0.00444657254654	0.0	0.0	0.0	0.0	0.0	3.95290385313e-06	0.0	0.0	0.000218388894912	0.0	1.28878214175e-06	0.0	34.0499992371	0.0
2008	142.1584994	808.249028524	273.021046956	0.0	0.0	0.0	0.0	0.0	5.29999780655	0.0250004289361	0.0	0.0	0.0	0.0	0.0	0.00444657254654	0.0	0.0	0.0	0.0	0.0	3.95290385313e-06	0.0	0.0	0.000218388894912	0.0	1.28878214175e-06	0.0	34.0499992371	0.0
2009	142.1584994	808.249028524	273.021046956	0.0	0.0	0.0	0.0	0.0	5.29999780655	0.0250004289361	0.0	0.0	0.0	0.0	0.0	0.00444657254654	0.0	0.0	0.0	0.0	0.0	3.95290385313e-06	0.0	0.0	0.000218388894912	0.0	1.28878214175e-06	0.0	34.0499992371	0.0
2010	142.1584994	808.249028524	273.021046956	0.0	0.0	0.0	0.0	0.0	5.29999780655	0.0250004289361	0.0	0.0	0.0	0.0	0.0	0.00444657254654	0.0	0.0	0.0	0.0	0.0	3.95290385313e-06	0.0	0.0	0.000218388894912	0.0	1.28878214175e-06	0.0	34.0499992371	0.0
2011	142.1584994	808.249028524	273.021046956	0.0	0.0	0.0	0.0	0.0	5.29999780655	0.0250004289361	0.0	0.0	0.0	0.0	0.0	0.00444657254654	0.0	0.0	0.0	0.0	0.0	3.95290385313e-06	0.0	0.0	0.000218388894912	0.0	1.28878214175e-06	0.0	34.0499992371	0.0
2012	142.1584994	808.249028524	273.021046956	0.0	0.0	0.0	0.0	0.0	5.29999780655	0.0250004289361	0.0	0.0	0.0	0.0	0.0	0.00444657254654	0.0	0.0	0.0	0.0	0.0	3.95290385313e-06	0.0	0.0	0.000218388894912	0.0	1.28878214175e-06	0.0	34.0499992371	0.0
2013	142.1584994	808.249028524	273.021046956	0.0	0.0	0.0	0.0	0.0	5.29999780655	0.0250004289361	0.0	0.0	0.0	0.0	0.0	0.00444657254654	0.0	0.0	0.0	0.0	0.0	3.95290385313e-06	0.0	0.0	0.000218388894912	0.0	1.28878214175e-06	0.0	34.0499992371	0.0
2014	142.1584994	808.249028524	273.021046956	0.0	0.0	0.0	0.0	0.0	5.29999780655	0.0250004289361	0.0	0.0	0.0	0.0	0.0	0.00444657254654	0.0	0.0	0.0	0.0	0.0	3.95290385313e-06	0.0	0.0	0.000218388894912	0.0	1.28878214175e-06	0.0	34.0499992371	0.0
2015	142.1584994	808.249028524	273.021046956	0.0	0.0	0.0	0.0	0.0	5.29999780655	0.0250004289361	0.0	0.0	0.0	0.0	0.0	0.00444657254654	0.0	0.0	0.0	0.0	0.0	3.95290385313e-06	0.0	0.0	0.000218388894912	0.0	1.28878214175e-06	0.0	34.0499992371	0.0
2016	142.1584994	808.249028524	273.021046956	0.0	0.0	0.0	0.0	0.0	5.29999780655	0.0250004289361	0.0	0.0	0.0	0.0	0.0	0.00444657254654	0.0	0.0	0.0	0.0	0.0	3.95290385313e-06	0.0	0.0	0.000218388894912	0.0	1.28878214175e-06	0.0	34.0499992371	0.0
2017	142.1584994	808.249028524	273.021046956	0.0	0.0	0.0	0.0	0.0	5.29999780655	0.0250004289361	0.0	0.0	0.0	0.0	0.0	0.00444657254654	0.0	0.0	0.0	0.0	0.0	3.95290385313e-06	0.0	0.0	0.000218388894912	0.0	1.28878214175e-06	0.0	34.0499992371	0.0
2018	142.1584994	808.249028524	273.021046956	0.0	0.0	0.0	0.0	0.0	5.29999780655	0.0250004289361	0.0	0.0	0.0	0.0	0.0	0.00444657254654	0.0	0.0	0.0	0.0	0.0	3.95290385313e-06	0.0	0.0	0.000218388894912	0.0	1.28878214175e-06	0.0	34.0499992371	0.0
2019	142.1584994	808.249028524	273.021046956	0.0	0.0	0.0	0.0	0.0	5.29999780655	0.0250004289361	0.0	0.0	0.0	0.0	0.0	0.00444657254654	0.0	0.0	0.0	0.0	0.0	3.95290385313e-06	0.0	0.0	0.000218388894912	0.0	1.28878214175e-06	0.0	34.0499992371	0.0
2020	142.1584994	808.249028524	273.021046956	0.0	0.0	0.0	0.0	0.0	5.29999780655	0.0250004289361	0.0	0.0	0.0	0.0	0.0	0.00444657254654	0.0	0.0	0.0	0.0	0.0	3.95290385313e-06	0.0	0.0	0.000218388894912	0.0	1.28878214175e-06	0.0	34.0499992371	0.0
2021	142.1584994	808.249028524	273.021046956	0.0	0.0	0.0	0.0	0.0	5.29999780655	0.0250004289361	0.0	0.0	0.0	0.0	0.0	0.00444657254654	0.0	0.0	0.0	0.0	0.0	3.95290385313e-06	0.0	0.0	0.000218388894912	0.0	1.28878214175e-06	0.0	34.0499992371	0.0
2022	142.1584994	808.249028524	273.021046956	0.0	0.0	0.0	0.0	0.0	5.29999780655	0.0250004289361	0.0	0.0	0.0	0.0	0.0	0.00444657254654	0.0	0.0	0.0	0.0	0.0	3.95290385313e-06	0.0	0.0	0.000218388894912	0.0	1.28878214175e-06	0.0	34.0499992371	0.0
2023	142.1584994	808.249028524	273.021046956	0.0	0.0	0.0	0.0	0.0	5.29999780655	0.0250004289361	0.0	0.0	0.0	0.0	0.0	0.00444657254654	0.0	0.0	0.0	0.0	0.0	3.95290385313e-06	0.0	0.0	0.000218388894912	0.0	1.28878214175e-06	0.0	34.0499992371	0.0
2024	142.1584994	808.249028524	273.021046956	0.0	0.0	0.0	0.0	0.0	5.29999780655	0.0250004289361	0.0	0.0	0.0	0.0	0.0	0.00444657254654	0.0	0.0	0.0	0.0	0.0	3.95290385313e-06	0.0	0.0	0.000218388894912	0.0	1.28878214175e-06	0.0	34.0499992371	0.0
2025	142.1584994	808.249028524	273.021046956	0.0	0.0	0.0	0.0	0.0	5.29999780655	0.0250004289361	0.0	0.0	0.0	0.0	0.0	0.00444657254654	0.0	0.0	0.0	0.0	0.0	3.95290385313e-06	0.0	0.0	0.000218388894912	0.0	1.28878214175e-06	0.0	34.0499992371	0.0
2026	142.1584994	808.249028524	273.021046956	0.0	0.0	0.0	0.0	0.0	5.29999780655	0.0250004289361	0.0	0.0	0.0	0.0	0.0	0.00444657254654	0.0	0.0	0.0	0.0	0.0	3.95290385313e-06	0.0	0.0	0.000218388894912	0.0	1.28878214175e-06	0.0	34.0499992371	0.0
2027	142.1584994	808.249028524	273.021046956	0.0	0.0	0.0	0.0	0.0	5.29999780655	0.0250004289361	0.0	0.0	0.0	0.0	0.0	0.00444657254654	0.0	0.0	0.0	0.0	0.0	3.95290385313e-06	0.0	0.0	0.000218388894912	0.0	1.28878214175e-06	0.0	34.0499992371	0.0
2028	142.1584994	808.249028524	273.021046956	0.0	0.0	0.0	0.0	0.0	5.29999780655	0.0250004289361	0.0	0.0	0.0	0.0	0.0	0.00444657254654	0.0	0.0	0.0	0.0	0.0	3.95290385313e-06	0.0	0.0	0.000218388894912	0.0	1.28878214175e-06	0.0	34.0499992371	0.0
2029	142.1584994	808.249028524	273.021046956	0.0	0.0	0.0	0.0	0.0	5.29999780655	0.0250004289361	0.0	0.0	0.0	0.0	0.0	0.00444657254654	0.0	0.0	0.0	0.0	0.0	3.95290385313e-06	0.0	0.0	0.000218388894912	0.0	1.28878214175e-06	0.0	34.0499992371	0.0
2030	142.1584994	808.249028524	273.021046956	0.0	0.0	0.0	0.0	0.0	5.29999780655	0.0250004289361	0.0	0.0	0.0	0.0	0.0	0.00444657254654	0.0	0.0	0.0	0.0	0.0	3.95290385313e-06	0.0	0.0	0.000218388894912	0.0	1.28878214175e-06	0.0	34.0499992371	0.0
2031	142.1584994	808.249028524	273.021046956	0.0	0.0	0.0	0.0	0.0	5.29999780655	0.0250004289361	0.0	0.0	0.0	0.0	0.0	0.00444657254654	0.0	0.0	0.0	0.0	0.0	3.95290385313e-06	0.0	0.0	0.000218388894912	0.0	1.28878214175e-06	0.0	34.0499992371	0.0
2032	142.1584994	808.249028524	273.021046956	0.0	0.0	0.0	0.0	0.0	5.29999780655	0.0250004289361	0.0	0.0	0.0	0.0	0.0	0.00444657254654	0.0	0.0	0.0	0.0	0.0	3.95290385313e-06	0.0	0.0	0.000218388894912	0.0	1.28878214175e-06	0.0	34.0499992371	0.0
2033	142.1584994	808.249028524	273.021046956	0.0	0.0	0.0	0.0	0.0	5.29999780655	0.0250004289361	0.0	0.0	0.0	0.0	0.0	0.00444657254654	0.0	0.0	0.0	0.0	0.0	3.95290385313e-06	0.0	0.0	0.000218388894912	0.0	1.28878214175e-06	0.0	34.0499992371	0.0
2034	142.1584994	808.249028524	273.021046956	0.0	0.0	0.0	0.0	0.0	5.29999780655	0.0250004289361	0.0	0.0	0.0	0.0	0.0	0.00444657254654	0.0	0.0	0.0	0.0	0.0	3.95290385313e-06	0.0	0.0	0.000218388894912	0.0	1.28878214175e-06	0.0	34.0499992371	0.0
2035	142.1584994	808.249028524	273.021046956	0.0	0.0	0.0	0.0	0.0	5.29999780655	0.0250004289361	0.0	0.0	0.0	0.0	0.0	0.00444657254654	0.0	0.0	0.0	0.0	0.0	3.95290385313e-06	0.0	0.0	0.000218388894912	0.0	1.28878214175e-06	0.0	34.0499992371	0.0
2036	142.1584994	808.249028524	273.021046956	0.0	0.0	0.0	0.0	0.0	5.29999780655	0.0250004289361	0.0	0.0	0.0	0.0	0.0	0.00444657254654	0.0	0.0	0.0	0.0	0.0	3.95290385313e-06	0.0	0.0	0.000218388894912	0.0	1.28878214175e-06	0.0	34.0499992371	0.0
2037	142.1584994	808.249028524	273.021046956	0.0	0.0	0.0	0.0	0.0	5.29999780655	0.0250004289361	0.0	0.0	0.0	0.0	0.0	0.00444657254654	0.0	0.0	0.0	0.0	0.0	3.95290385313e-06	0.0	0.0	0.000218388894912	0.0	1.28878214175e-06	0.0	34.0499992371	0.0
2038	142.1584994	808.249028524	273.021046956	0.0	0.0	0.0	0.0	0.0	5.29999780655	0.0250004289361	0.0	0.0	0.0	0.0	0.0	0.00444657254654	0.0	0.0	0.0	0.0	0.0	3.95290385313e-06	0.0	0.0	0.000218388894912	0.0	1.28878214175e-06	0.0	34.0499992371	0.0
2039	142.1584994	808.249028524	273.021046956	0.0	0.0	0.0	0.0	0.0	5.29999780655	0.0250004289361	0.0	0.0	0.0	0.0	0.0	0.00444657254654	0.0	0.0	0.0	0.0	0.0	3.95290385313e-06	0.0	0.0	0.000218388894912	0.0	1.28878214175e-06	0.0	34.0499992371	0.0
2040	142.1584994	808.249028524	273.021046956	0.0	0.0	0.0	0.0	0.0	5.29999780655	0.0250004289361	0.0	0.0	0.0	0.0	0.0	0.00444657254654	0.0	0.0	0.0	0.0	0.0	3.95290385313e-06	0.0	0.0	0.000218388894912	0.0	1.28878214175e-06	0.0	34.0499992371	0.0
2041	142.1584994	808.249028524	273.021046956	0.0	0.0	0.0	0.0	0.0	5.29999780655	0.0250004289361	0.0	0.0	0.0	0.0	0.0	0.00444657254654	0.0	0.0	0.0	0.0	0.0	3.95290385313e-06	0.0	0.0	0.000218388894912	0.0	1.28878214175e-06	0.0	34.0499992371	0.0
2042	142.1584994	808.249028524	273.021046956	0.0	0.0	0.0	0.0	0.0	5.29999780655	0.0250004289361	0.0	0.0	0.0	0.0	0.0	0.00444657254654	0.0	0.0	0.0	0.0	0.0	3.95290385313e-06	0.0	0.0	0.000218388894912	0.0	1.28878214175e-06	0.0	34.0499992371	0.0
2043	142.1584994	808.249028524	273.021046956	0.0	0.0	0.0	0.0	0.0	5.29999780655	0.0250004289361	0.0	0.0	0.0	0.0	0.0	0.00444657254654	0.0	0.0	0.0	0.0	0.0	3.95290385313e-06	0.0	0.0	0.000218388894912	0.0	1.28878214175e-06	0.0	34.0499992371	0.0
2044	142.1584994	808.249028524	273.021046956	0.0	0.0	0.0	0.0	0.0	5.29999780655	0.0250004289361	0.0	0.0	0.0	0.0	0.0	0.00444657254654	0.0	0.0	0.0	0.0	0.0	3.95290385313e-06	0.0	0.0	0.000218388894912	0.0	1.28878214175e-06	0.0	34.0499992371	0.0
2045	142.1584994	808.249028524	273.021046956	0.0	0.0	0.0	0.0	0.0	5.29999780655	0.0250004289361	0.0	0.0	0.0	0.0	0.0	0.00444657254654	0.0	0.0	0.0	0.0	0.0	3.95290385313e-06	0.0	0.0	0.000218388894912	0.0	1.28878214175e-06	0.0	34.0499992371	0.0
2046	142.1584994	808.249028524	273.021046956	0.0	0.0	0.0	0.0	0.0	5.29999780655	0.0250004289361	0.0	0.0	0.0	0.0	0.0	0.00444657254654	0.0	0.0	0.0	0.0	0.0	3.95290385313e-06	0.0	0.0	0.000218388894912	0.0	1.28878214175e-06	0.0	34.0499992371	0.0
2047	142.1584994	808.249028524	273.021046956	0.0	0.0	0.0	0.0	0.0	5.29999780655	0.0250004289361	0.0	0.0	0.0	0.0	0.0	0.00444657254654	0.0	0.0	0.0	0.0	0.0	3.95290385313e-06	0.0	0.0	0.000218388894912	0.0	1.28878214175e-06	0.0	34.0499992371	0.0
2048	142.1584994	808.249028524	273.021046956	0.0	0.0	0.0	0.0	0.0	5.29999780655	0.0250004289361	0.0	0.0	0.0	0.0	0.0	0.00444657254654	0.0	0.0	0.0	0.0	0.0	3.95290385313e-06	0.0	0.0	0.000218388894912	0.0	1.28878214175e-06	0.0	34.0499992371	0.0
2049	142.1584994	808.249028524	273.021046956	0.0	0.0	0.0	0.0	0.0	5.29999780655	0.0250004289361	0.0	0.0	0.0	0.0	0.0	0.00444657254654	0.0	0.0	0.0	0.0	0.0	3.95290385313e-06	0.0	0.0	0.000218388894912	0.0	1.28878214175e-06	0.0	34.0499992371	0.0
2050	142.1584994	808.249028524	273.021046956	0.0	0.0	0.0	0.0	0.0	5.29999780655	0.0250004289361	0.0	0.0	0.0	0.0	0.0	0.00444657254654	0.0	0.0	0.0	0.0	0.0	3.95290385313e-06	0.0	0.0	0.000218388894912	0.0	1.28878214175e-06	0.0	34.0499992371	0.0
2051	142.1584994	808.249028524	273.021046956	0.0	0.0	0.0	0.0	0.0	5.29999780655	0.0250004289361	0.0	0.0	0.0	0.0	0.0	0.00444657254654	0.0	0.0	0.0	0.0	0.0	3.95290385313e-06	0.0	0.0	0.000218388894912	0.0	1.28878214175e-06	0.0	34.0499992371	0.0
2052	142.1584994	808.249028524	273.021046956	0.0	0.0	0.0	0.0	0.0	5.29999780655	0.0250004289361	0.0	0.0	0.0	0.0	0.0	0.00444657254654	0.0	0.0	0.0	0.0	0.0	3.95290385313e-06	0.0	0.0	0.000218388894912	0.0	1.28878214175e-06	0.0	34.0499992371	0.0
2053	142.1584994	808.249028524	273.021046956	0.0	0.0	0.0	0.0	0.0	5.29999780655	0.0250004289361	0.0	0.0	0.0	0.0	0.0	0.00444657254654	0.0	0.0	0.0	0.0	0.0	3.95290385313e-06	0.0	0.0	0.000218388894912	0.0	1.28878214175e-06	0.0	34.0499992371	0.0
2054	142.1584994	808.249028524	273.021046956	0.0	0.0	0.0	0.0	0.0	5.29999780655	0.0250004289361	0.0	0.0	0.0	0.0	0.0	0.00444657254654	0.0	0.0	0.0	0.0	0.0	3.95290385313e-06	0.0	0.0	0.000218388894912	0.0	1.28878214175e-06	0.0	34.0499992371	0.0
2055	142.1584994	808.249028524	273.021046956	0.0	0.0	0.0	0.0	0.0	5.29999780655	0.0250004289361	0.0	0.0	0.0	0.0	0.0	0.00444657254654	0.0	0.0	0.0	0.0	0.0	3.95290385313e-06	0.0	0.0	0.000218388894912	0.0	1.28878214175e-06	0.0	34.0499992371	0.0
2056	142.1584994	808.249028524	273.021046956	0.0	0.0	0.0	0.0	0.0	5.29999780655	0.0250004289361	0.0	0.0	0.0	0.0	0.0	0.00444657254654	0.0	0.0	0.0	0.0	0.0	3.95290385313e-06	0.0	0.0	0.000218388894912	0.0	1.28878214175e-06	0.0	34.0499992371	0.0
2057	142.1584994	808.249028524	273.021046956	0.0	0.0	0.0	0.0	0.0	5.29999780655	0.0250004289361	0.0	0.0	0.0	0.0	0.0	0.00444657254654	0.0	0.0	0.0	0.0	0.0	3.95290385313e-06	0.0	0.0	0.000218388894912	0.0	1.28878214175e-06	0.0	34.0499992371	0.0
2058	142.1584994	808.249028524	273.021046956	0.0	0.0	0.0	0.0	0.0	5.29999780655	0.0250004289361	0.0	0.0	0.0	0.0	0.0	0.00444657254654	0.0	0.0	0.0	0.0	0.0	3.95290385313e-06	0.0	0.0	0.000218388894912	0.0	1.28878214175e-06	0.0	34.0499992371	0.0
2059	142.1584994	808.249028524	273.021046956	0.0	0.0	0.0	0.0	0.0	5.29999780655	0.0250004289361	0.0	0.0	0.0	0.0	0.0	0.00444657254654	0.0	0.0	0.0	0.0	0.0	3.95290385313e-06	0.0	0.0	0.000218388894912	0.0	1.28878214175e-06	0.0	34.0499992371	0.0
2060	142.1584994	808.249028524	273.021046956	0.0	0.0	0.0	0.0	0.0	5.29999780655	0.0250004289361	0.0	0.0	0.0	0.0	0.0	0.00444657254654	0.0	0.0	0.0	0.0	0.0	3.95290385313e-06	0.0	0.0	0.000218388894912	0.0	1.28878214175e-06	0.0	34.0499992371	0.0
2061	142.1584994	808.249028524	273.021046956	0.0	0.0	0.0	0.0	0.0	5.29999780655	0.0250004289361	0.0	0.0	0.0	0.0	0.0	0.00444657254654	0.0	0.0	0.0	0.0	0.0	3.95290385313e-06	0.0	0.0	0.000218388894912	0.0	1.28878214175e-06	0.0	34.0499992371	0.0
2062	142.1584994	808.249028524	273.021046956	0.0	0.0	0.0	0.0	0.0	5.29999780655	0.0250004289361	0.0	0.0	0.0	0.0	0.0	0.00444657254654	0.0	0.0	0.0	0.0	0.0	3.95290385313e-06	0.0	0.0	0.000218388894912	0.0	1.28878214175e-06	0.0	34.0499992371	0.0
2063	142.1584994	808.249028524	273.021046956	0.0	0.0	0.0	0.0	0.0	5.29999780655	0.0250004289361	0.0	0.0	0.0	0.0	0.0	0.00444657254654	0.0	0.0	0.0	0.0	0.0	3.95290385313e-06	0.0	0.0	0.000218388894912	0.0	1.28878214175e-06	0.0	34.0499992371	0.0
2064	142.1584994	808.249028524	273.021046956	0.0	0.0	0.0	0.0	0.0	5.29999780655	0.0250004289361	0.0	0.0	0.0	0.0	0.0	0.00444657254654	0.0	0.0	0.0	0.0	0.0	3.95290385313e-06	0.0	0.0	0.000218388894912	0.0	1.28878214175e-06	0.0	34.0499992371	0.0
2065	142.1584994	808.249028524	273.021046956	0.0	0.0	0.0	0.0	0.0	5.29999780655	0.0250004289361	0.0	0.0	0.0	0.0	0.0	0.00444657254654	0.0	0.0	0.0	0.0	0.0	3.95290385313e-06	0.0	0.0	0.000218388894912	0.0	1.28878214175e-06	0.0	34.0499992371	0.0
2066	142.1584994	808.249028524	273.021046956	0.0	0.0	0.0	0.0	0.0	5.29999780655	0.0250004289361	0.0	0.0	0.0	0.0	0.0	0.00444657254654	0.0	0.0	0.0	0.0	0.0	3.95290385313e-06	0.0	0.0	0.000218388894912	0.0	1.28878214175e-06	0.0	34.0499992371	0.0
2067	142.1584994	808.249028524	273.021046956	0.0	0.0	0.0	0.0	0.0	5.29999780655	0.0250004289361	0.0	0.0	0.0	0.0	0.0	0.00444657254654	0.0	0.0	0.0	0.0	0.0	3.95290385313e-06	0.0	0.0	0.000218388894912	0.0	1.28878214175e-06	0.0	34.0499992371	0.0
2068	142.1584994	808.249028524	273.021046956	0.0	0.0	0.0	0.0	0.0	5.29999780655	0.0250004289361	0.0	0.0	0.0	0.0	0.0	0.00444657254654	0.0	0.0	0.0	0.0	0.0	3.95290385313e-06	0.0	0.0	0.000218388894912	0.0	1.28878214175e-06	0.0	34.0499992371	0.0
2069	142.1584994	808.249028524	273.021046956	0.0	0.0	0.0	0.0	0.0	5.29999780655	0.0250004289361	0.0	0.0	0.0	0.0	0.0	0.00444657254654	0.0	0.0	0.0	0.0	0.0	3.95290385313e-06	0.0	0.0	0.000218388894912	0.0	1.28878214175e-06	0.0	34.0499992371	0.0
2070	142.1584994	808.249028524	273.021046956	0.0	0.0	0.0	0.0	0.0	5.29999780655	0.0250004289361	0.0	0.0	0.0	0.0	0.0	0.00444657254654	0.0	0.0	0.0	0.0	0.0	3.95290385313e-06	0.0	0.0	0.000218388894912	0.0	1.28878214175e-06	0.0	34.0499992371	0.0
2071	142.1584994	808.249028524	273.021046956	0.0	0.0	0.0	0.0	0.0	5.29999780655	0.0250004289361	0.0	0.0	0.0	0.0	0.0	0.00444657254654	0.0	0.0	0.0	0.0	0.0	3.95290385313e-06	0.0	0.0	0.000218388894912	0.0	1.28878214175e-06	0.0	34.0499992371	0.0
2072	142.1584994	808.249028524	273.021046956	0.0	0.0	0.0	0.0	0.0	5.29999780655	0.0250004289361	0.0	0.0	0.0	0.0	0.0	0.00444657254654	0.0	0.0	0.0	0.0	0.0	3.95290385313e-06	0.0	0.0	0.000218388894912	0.0	1.28878214175e-06	0.0	34.0499992371	0.0
2073	142.1584994	808.249028524	273.021046956	0.0	0.0	0.0	0.0	0.0	5.29999780655	0.0250004289361	0.0	0.0	0.0	0.0	0.0	0.00444657254654	0.0	0.0	0.0	0.0	0.0	3.95290385313e-06	0.0	0.0	0.000218388894912	0.0	1.28878214175e-06	0.0	34.0499992371	0.0
2074	142.1584994	808.249028524	273.021046956	0.0	0.0	0.0	0.0	0.0	5.29999780655	0.0250004289361	0.0	0.0	0.0	0.0	0.0	0.00444657254654	0.0	0.0	0.0	0.0	0.0	3.95290385313e-06	0.0	0.0	0.000218388894912	0.0	1.28878214175e-06	0.0	34.0499992371	0.0
2075	142.1584994	808.249028524	273.021046956	0.0	0.0	0.0	0.0	0.0	5.29999780655	0.0250004289361	0.0	0.0	0.0	0.0	0.0	0.00444657254654	0.0	0.0	0.0	0.0	0.0	3.95290385313e-06	0.0	0.0	0.000218388894912	0.0	1.28878214175e-06	0.0	34.0499992371	0.0
2076	142.1584994	808.249028524	273.021046956	0.0	0.0	0.0	0.0	0.0	5.29999780655	0.0250004289361	0.0	0.0	0.0	0.0	0.0	0.00444657254654	0.0	0.0	0.0	0.0	0.0	3.95290385313e-06	0.0	0.0	0.000218388894912	0.0	1.28878214175e-06	0.0	34.0499992371	0.0
2077	142.1584994	808.249028524	273.021046956	0.0	0.0	0.0	0.0	0.0	5.29999780655	0.0250004289361	0.0	0.0	0.0	0.0	0.0	0.00444657254654	0.0	0.0	0.0	0.0	0.0	3.95290385313e-06	0.0	0.0	0.000218388894912	0.0	1.28878214175e-06	0.0	34.0499992371	0.0
2078	142.1584994	808.249028524	273.021046956	0.0	0.0	0.0	0.0	0.0	5.29999780655	0.0250004289361	0.0	0.0	0.0	0.0	0.0	0.00444657254654	0.0	0.0	0.0	0.0	0.0	3.95290385313e-06	0.0	0.0	0.000218388894912	0.0	1.28878214175e-06	0.0	34.0499992371	0.0
2079	142.1584994	808.249028524	273.021046956	0.0	0.0	0.0	0.0	0.0	5.29999780655	0.0250004289361	0.0	0.0	0.0	0.0	0.0	0.00444657254654	0.0	0.0	0.0	0.0	0.0	3.95290385313e-06	0.0	0.0	0.000218388894912	0.0	1.28878214175e-06	0.0	34.0499992371	0.0
2080	142.1584994	808.249028524	273.021046956	0.0	0.0	0.0	0.0	0.0	5.29999780655	0.0250004289361	0.0	0.0	0.0	0.0	0.0	0.00444657254654	0.0	0.0	0.0	0.0	0.0	3.95290385313e-06	0.0	0.0	0.000218388894912	0.0	1.28878214175e-06	0.0	34.0499992371	0.0
2081	142.1584994	808.249028524	273.021046956	0.0	0.0	0.0	0.0	0.0	5.29999780655	0.0250004289361	0.0	0.0	0.0	0.0	0.0	0.00444657254654	0.0	0.0	0.0	0.0	0.0	3.95290385313e-06	0.0	0.0	0.000218388894912	0.0	1.28878214175e-06	0.0	34.0499992371	0.0
2082	142.1584994	808.249028524	273.021046956	0.0	0.0	0.0	0.0	0.0	5.29999780655	0.0250004289361	0.0	0.0	0.0	0.0	0.0	0.00444657254654	0.0	0.0	0.0	0.0	0.0	3.95290385313e-06	0.0	0.0	0.000218388894912	0.0	1.28878214175e-06	0.0	34.0499992371	0.0
2083	142.1584994	808.249028524	273.021046956	0.0	0.0	0.0	0.0	0.0	5.29999780655	0.0250004289361	0.0	0.0	0.0	0.0	0.0	0.00444657254654	0.0	0.0	0.0	0.0	0.0	3.95290385313e-06	0.0	0.0	0.000218388894912	0.0	1.28878214175e-06	0.0	34.0499992371	0.0
2084	142.1584994	808.249028524	273.021046956	0.0	0.0	0.0	0.0	0.0	5.29999780655	0.0250004289361	0.0	0.0	0.0	0.0	0.0	0.00444657254654	0.0	0.0	0.0	0.0	0.0	3.95290385313e-06	0.0	0.0	0.000218388894912	0.0	1.28878214175e-06	0.0	34.0499992371	0.0
2085	142.1584994	808.249028524	273.021046956	0.0	0.0	0.0	0.0	0.0	5.29999780655	0.0250004289361	0.0	0.0	0.0	0.0	0.0	0.00444657254654	0.0	0.0	0.0	0.0	0.0	3.95290385313e-06	0.0	0.0	0.000218388894912	0.0	1.28878214175e-06	0.0	34.0499992371	0.0
2086	142.1584994	808.249028524	273.021046956	0.0	0.0	0.0	0.0	0.0	5.29999780655	0.0250004289361	0.0	0.0	0.0	0.0	0.0	0.00444657254654	0.0	0.0	0.0	0.0	0.0	3.95290385313e-06	0.0	0.0	0.000218388894912	0.0	1.28878214175e-06	0.0	34.0499992371	0.0
2087	142.1584994	808.249028524	273.021046956	0.0	0.0	0.0	0.0	0.0	5.29999780655	0.0250004289361	0.0	0.0	0.0	0.0	0.0	0.00444657254654	0.0	0.0	0.0	0.0	0.0	3.95290385313e-06	0.0	0.0	0.000218388894912	0.0	1.28878214175e-06	0.0	34.0499992371	0.0
2088	142.1584994	808.249028524	273.021046956	0.0	0.0	0.0	0.0	0.0	5.29999780655	0.0250004289361	0.0	0.0	0.0	0.0	0.0	0.00444657254654	0.0	0.0	0.0	0.0	0.0	3.95290385313e-06	0.0	0.0	0.000218388894912	0.0	1.28878214175e-06	0.0	34.0499992371	0.0
2089	142.1584994	808.249028524	273.021046956	0.0	0.0	0.0	0.0	0.0	5.29999780655	0.0250004289361	0.0	0.0	0.0	0.0	0.0	0.00444657254654	0.0	0.0	0.0	0.0	0.0	3.95290385313e-06	0.0	0.0	0.000218388894912	0.0	1.28878214175e-06	0.0	34.0499992371	0.0
2090	142.1584994	808.249028524	273.021046956	0.0	0.0	0.0	0.0	0.0	5.29999780655	0.0250004289361	0.0	0.0	0.0	0.0	0.0	0.00444657254654	0.0	0.0	0.0	0.0	0.0	3.95290385313e-06	0.0	0.0	0.000218388894912	0.0	1.28878214175e-06	0.0	34.0499992371	0.0
2091	142.1584994	808.249028524	273.021046956	0.0	0.0	0.0	0.0	0.0	5.29999780655	0.0250004289361	0.0	0.0	0.0	0.0	0.0	0.00444657254654	0.0	0.0	0.0	0.0	0.0	3.95290385313e-06	0.0	0.0	0.000218388894912	0.0	1.28878214175e-06	0.0	34.0499992371	0.0
2092	142.1584994	808.249028524	273.021046956	0.0	0.0	0.0	0.0	0.0	5.29999780655	0.0250004289361	0.0	0.0	0.0	0.0	0.0	0.00444657254654	0.0	0.0	0.0	0.0	0.0	3.95290385313e-06	0.0	0.0	0.000218388894912	0.0	1.28878214175e-06	0.0	34.0499992371	0.0
2093	142.1584994	808.249028524	273.021046956	0.0	0.0	0.0	0.0	0.0	5.29999780655	0.0250004289361	0.0	0.0	0.0	0.0	0.0	0.00444657254654	0.0	0.0	0.0	0.0	0.0	3.95290385313e-06	0.0	0.0	0.000218388894912	0.0	1.28878214175e-06	0.0	34.0499992371	0.0
2094	142.1584994	808.249028524	273.021046956	0.0	0.0	0.0	0.0	0.0	5.29999780655	0.0250004289361	0.0	0.0	0.0	0.0	0.0	0.00444657254654	0.0	0.0	0.0	0.0	0.0	3.95290385313e-06	0.0	0.0	0.000218388894912	0.0	1.28878214175e-06	0.0	34.0499992371	0.0
2095	142.1584994	808.249028524	273.021046956	0.0	0.0	0.0	0.0	0.0	5.29999780655	0.0250004289361	0.0	0.0	0.0	0.0	0.0	0.00444657254654	0.0	0.0	0.0	0.0	0.0	3.95290385313e-06	0.0	0.0	0.000218388894912	0.0	1.28878214175e-06	0.0	34.0499992371	0.0
2096	142.1584994	808.249028524	273.021046956	0.0	0.0	0.0	0.0	0.0	5.29999780655	0.0250004289361	0.0	0.0	0.0	0.0	0.0	0.00444657254654	0.0	0.0	0.0	0.0	0.0	3.95290385313e-06	0.0	0.0	0.000218388894912	0.0	1.28878214175e-06	0.0	34.0499992371	0.0
2097	142.1584994	808.249028524	273.021046956	0.0	0.0	0.0	0.0	0.0	5.29999780655	0.0250004289361	0.0	0.0	0.0	0.0	0.0	0.00444657254654	0.0	0.0	0.0	0.0	0.0	3.95290385313e-06	0.0	0.0	0.000218388894912	0.0	1.28878214175e-06	0.0	34.0499992371	0.0
2098	142.1584994	808.249028524	273.021046956	0.0	0.0	0.0	0.0	0.0	5.29999780655	0.0250004289361	0.0	0.0	0.0	0.0	0.0	0.00444657254654	0.0	0.0	0.0	0.0	0.0	3.95290385313e-06	0.0	0.0	0.000218388894912	0.0	1.28878214175e-06	0.0	34.0499992371	0.0
2099	142.1584994	808.249028524	273.021046956	0.0	0.0	0.0	0.0	0.0	5.29999780655	0.0250004289361	0.0	0.0	0.0	0.0	0.0	0.00444657254654	0.0	0.0	0.0	0.0	0.0	3.95290385313e-06	0.0	0.0	0.000218388894912	0.0	1.28878214175e-06	0.0	34.0499992371	0.0
2100	142.1584994	808.249028524	273.021046956	0.0	0.0	0.0	0.0	0.0	5.29999780655	0.0250004289361	0.0	0.0	0.0	0.0	0.0	0.00444657254654	0.0	0.0	0.0	0.0	0.0	3.95290385313e-06	0.0	0.0	0.000218388894912	0.0	1.28878214175e-06	0.0	34.0499992371	0.0
2101	142.1584994	808.249028524	273.021046956	0.0	0.0	0.0	0.0	0.0	5.29999780655	0.0250004289361	0.0	0.0	0.0	0.0	0.0	0.00444657254654	0.0	0.0	0.0	0.0	0.0	3.95290385313e-06	0.0	0.0	0.000218388894912	0.0	1.28878214175e-06	0.0	34.0499992371	0.0
2102	142.1584994	808.249028524	273.021046956	0.0	0.0	0.0	0.0	0.0	5.29999780655	0.0250004289361	0.0	0.0	0.0	0.0	0.0	0.00444657254654	0.0	0.0	0.0	0.0	0.0	3.95290385313e-06	0.0	0.0	0.000218388894912	0.0	1.28878214175e-06	0.0	34.0499992371	0.0
2103	142.1584994	808.249028524	273.021046956	0.0	0.0	0.0	0.0	0.0	5.29999780655	0.0250004289361	0.0	0.0	0.0	0.0	0.0	0.00444657254654	0.0	0.0	0.0	0.0	0.0	3.95290385313e-06	0.0	0.0	0.000218388894912	0.0	1.28878214175e-06	0.0	34.0499992371	0.0
2104	142.1584994	808.249028524	273.021046956	0.0	0.0	0.0	0.0	0.0	5.29999780655	0.0250004289361	0.0	0.0	0.0	0.0	0.0	0.00444657254654	0.0	0.0	0.0	0.0	0.0	3.95290385313e-06	0.0	0.0	0.000218388894912	0.0	1.28878214175e-06	0.0	34.0499992371	0.0
2105	142.1584994	808.249028524	273.021046956	0.0	0.0	0.0	0.0	0.0	5.29999780655	0.0250004289361	0.0	0.0	0.0	0.0	0.0	0.00444657254654	0.0	0.0	0.0	0.0	0.0	3.95290385313e-06	0.0	0.0	0.000218388894912	0.0	1.28878214175e-06	0.0	34.0499992371	0.0
2106	142.1584994	808.249028524	273.021046956	0.0	0.0	0.0	0.0	0.0	5.29999780655	0.0250004289361	0.0	0.0	0.0	0.0	0.0	0.00444657254654	0.0	0.0	0.0	0.0	0.0	3.95290385313e-06	0.0	0.0	0.000218388894912	0.0	1.28878214175e-06	0.0	34.0499992371	0.0
2107	142.1584994	808.249028524	273.021046956	0.0	0.0	0.0	0.0	0.0	5.29999780655	0.0250004289361	0.0	0.0	0.0	0.0	0.0	0.00444657254654	0.0	0.0	0.0	0.0	0.0	3.95290385313e-06	0.0	0.0	0.000218388894912	0.0	1.28878214175e-06	0.0	34.0499992371	0.0
2108	142.1584994	808.249028524	273.021046956	0.0	0.0	0.0	0.0	0.0	5.29999780655	0.0250004289361	0.0	0.0	0.0	0.0	0.0	0.00444657254654	0.0	0.0	0.0	0.0	0.0	3.95290385313e-06	0.0	0.0	0.000218388894912	0.0	1.28878214175e-06	0.0	34.0499992371	0.0
2109	142.1584994	808.249028524	273.021046956	0.0	0.0	0.0	0.0	0.0	5.29999780655	0.0250004289361	0.0	0.0	0.0	0.0	0.0	0.00444657254654	0.0	0.0	0.0	0.0	0.0	3.95290385313e-06	0.0	0.0	0.000218388894912	0.0	1.28878214175e-06	0.0	34.0499992371	0.0
2110	142.1584994	808.249028524	273.021046956	0.0	0.0	0.0	0.0	0.0	5.29999780655	0.0250004289361	0.0	0.0	0.0	0.0	0.0	0.00444657254654	0.0	0.0	0.0	0.0	0.0	3.95290385313e-06	0.0	0.0	0.000218388894912	0.0	1.28878214175e-06	0.0	34.0499992371	0.0
2111	142.1584994	808.249028524	273.021046956	0.0	0.0	0.0	0.0	0.0	5.29999780655	0.0250004289361	0.0	0.0	0.0	0.0	0.0	0.00444657254654	0.0	0.0	0.0	0.0	0.0	3.95290385313e-06	0.0	0.0	0.000218388894912	0.0	1.28878214175e-06	0.0	34.0499992371	0.0
2112	142.1584994	808.249028524	273.021046956	0.0	0.0	0.0	0.0	0.0	5.29999780655	0.0250004289361	0.0	0.0	0.0	0.0	0.0	0.00444657254654	0.0	0.0	0.0	0.0	0.0	3.95290385313e-06	0.0	0.0	0.000218388894912	0.0	1.28878214175e-06	0.0	34.0499992371	0.0
2113	142.1584994	808.249028524	273.021046956	0.0	0.0	0.0	0.0	0.0	5.29999780655	0.0250004289361	0.0	0.0	0.0	0.0	0.0	0.00444657254654	0.0	0.0	0.0	0.0	0.0	3.95290385313e-06	0.0	0.0	0.000218388894912	0.0	1.28878214175e-06	0.0	34.0499992371	0.0
2114	142.1584994	808.249028524	273.021046956	0.0	0.0	0.0	0.0	0.0	5.29999780655	0.0250004289361	0.0	0.0	0.0	0.0	0.0	0.00444657254654	0.0	0.0	0.0	0.0	0.0	3.95290385313e-06	0.0	0.0	0.000218388894912	0.0	1.28878214175e-06	0.0	34.0499992371	0.0
2115	142.1584994	808.249028524	273.021046956	0.0	0.0	0.0	0.0	0.0	5.29999780655	0.0250004289361	0.0	0.0	0.0	0.0	0.0	0.00444657254654	0.0	0.0	0.0	0.0	0.0	3.95290385313e-06	0.0	0.0	0.000218388894912	0.0	1.28878214175e-06	0.0	34.0499992371	0.0
2116	142.1584994	808.249028524	273.021046956	0.0	0.0	0.0	0.0	0.0	5.29999780655	0.0250004289361	0.0	0.0	0.0	0.0	0.0	0.00444657254654	0.0	0.0	0.0	0.0	0.0	3.95290385313e-06	0.0	0.0	0.000218388894912	0.0	1.28878214175e-06	0.0	34.0499992371	0.0
2117	142.1584994	808.249028524	273.021046956	0.0	0.0	0.0	0.0	0.0	5.29999780655	0.0250004289361	0.0	0.0	0.0	0.0	0.0	0.00444657254654	0.0	0.0	0.0	0.0	0.0	3.95290385313e-06	0.0	0.0	0.000218388894912	0.0	1.28878214175e-06	0.0	34.0499992371	0.0
2118	142.1584994	808.249028524	273.021046956	0.0	0.0	0.0	0.0	0.0	5.29999780655	0.0250004289361	0.0	0.0	0.0	0.0	0.0	0.00444657254654	0.0	0.0	0.0	0.0	0.0	3.95290385313e-06	0.0	0.0	0.000218388894912	0.0	1.28878214175e-06	0.0	34.0499992371	0.0
2119	142.1584994	808.249028524	273.021046956	0.0	0.0	0.0	0.0	0.0	5.29999780655	0.0250004289361	0.0	0.0	0.0	0.0	0.0	0.00444657254654	0.0	0.0	0.0	0.0	0.0	3.95290385313e-06	0.0	0.0	0.000218388894912	0.0	1.28878214175e-06	0.0	34.0499992371	0.0
2120	142.1584994	808.249028524	273.021046956	0.0	0.0	0.0	0.0	0.0	5.29999780655	0.0250004289361	0.0	0.0	0.0	0.0	0.0	0.00444657254654	0.0	0.0	0.0	0.0	0.0	3.95290385313e-06	0.0	0.0	0.000218388894912	0.0	1.28878214175e-06	0.0	34.0499992371	0.0
2121	142.1584994	808.249028524	273.021046956	0.0	0.0	0.0	0.0	0.0	5.29999780655	0.0250004289361	0.0	0.0	0.0	0.0	0.0	0.00444657254654	0.0	0.0	0.0	0.0	0.0	3.95290385313e-06	0.0	0.0	0.000218388894912	0.0	1.28878214175e-06	0.0	34.0499992371	0.0
2122	142.1584994	808.249028524	273.021046956	0.0	0.0	0.0	0.0	0.0	5.29999780655	0.0250004289361	0.0	0.0	0.0	0.0	0.0	0.00444657254654	0.0	0.0	0.0	0.0	0.0	3.95290385313e-06	0.0	0.0	0.000218388894912	0.0	1.28878214175e-06	0.0	34.0499992371	0.0
2123	142.1584994	808.249028524	273.021046956	0.0	0.0	0.0	0.0	0.0	5.29999780655	0.0250004289361	0.0	0.0	0.0	0.0	0.0	0.00444657254654	0.0	0.0	0.0	0.0	0.0	3.95290385313e-06	0.0	0.0	0.000218388894912	0.0	1.28878214175e-06	0.0	34.0499992371	0.0
2124	142.1584994	808.249028524	273.021046956	0.0	0.0	0.0	0.0	0.0	5.29999780655	0.0250004289361	0.0	0.0	0.0	0.0	0.0	0.00444657254654	0.0	0.0	0.0	0.0	0.0	3.95290385313e-06	0.0	0.0	0.000218388894912	0.0	1.28878214175e-06	0.0	34.0499992371	0.0
2125	142.1584994	808.249028524	273.021046956	0.0	0.0	0.0	0.0	0.0	5.29999780655	0.0250004289361	0.0	0.0	0.0	0.0	0.0	0.00444657254654	0.0	0.0	0.0	0.0	0.0	3.95290385313e-06	0.0	0.0	0.000218388894912	0.0	1.28878214175e-06	0.0	34.0499992371	0.0
2126	142.1584994	808.249028524	273.021046956	0.0	0.0	0.0	0.0	0.0	5.29999780655	0.0250004289361	0.0	0.0	0.0	0.0	0.0	0.00444657254654	0.0	0.0	0.0	0.0	0.0	3.95290385313e-06	0.0	0.0	0.000218388894912	0.0	1.28878214175e-06	0.0	34.0499992371	0.0
2127	142.1584994	808.249028524	273.021046956	0.0	0.0	0.0	0.0	0.0	5.29999780655	0.0250004289361	0.0	0.0	0.0	0.0	0.0	0.00444657254654	0.0	0.0	0.0	0.0	0.0	3.95290385313e-06	0.0	0.0	0.000218388894912	0.0	1.28878214175e-06	0.0	34.0499992371	0.0
2128	142.1584994	808.249028524	273.021046956	0.0	0.0	0.0	0.0	0.0	5.29999780655	0.0250004289361	0.0	0.0	0.0	0.0	0.0	0.00444657254654	0.0	0.0	0.0	0.0	0.0	3.95290385313e-06	0.0	0.0	0.000218388894912	0.0	1.28878214175e-06	0.0	34.0499992371	0.0
2129	142.1584994	808.249028524	273.021046956	0.0	0.0	0.0	0.0	0.0	5.29999780655	0.0250004289361	0.0	0.0	0.0	0.0	0.0	0.00444657254654	0.0	0.0	0.0	0.0	0.0	3.95290385313e-06	0.0	0.0	0.000218388894912	0.0	1.28878214175e-06	0.0	34.0499992371	0.0
2130	142.1584994	808.249028524	273.021046956	0.0	0.0	0.0	0.0	0.0	5.29999780655	0.0250004289361	0.0	0.0	0.0	0.0	0.0	0.00444657254654	0.0	0.0	0.0	0.0	0.0	3.95290385313e-06	0.0	0.0	0.000218388894912	0.0	1.28878214175e-06	0.0	34.0499992371	0.0
2131	142.1584994	808.249028524	273.021046956	0.0	0.0	0.0	0.0	0.0	5.29999780655	0.0250004289361	0.0	0.0	0.0	0.0	0.0	0.00444657254654	0.0	0.0	0.0	0.0	0.0	3.95290385313e-06	0.0	0.0	0.000218388894912	0.0	1.28878214175e-06	0.0	34.0499992371	0.0
2132	142.1584994	808.249028524	273.021046956	0.0	0.0	0.0	0.0	0.0	5.29999780655	0.0250004289361	0.0	0.0	0.0	0.0	0.0	0.00444657254654	0.0	0.0	0.0	0.0	0.0	3.95290385313e-06	0.0	0.0	0.000218388894912	0.0	1.28878214175e-06	0.0	34.0499992371	0.0
2133	142.1584994	808.249028524	273.021046956	0.0	0.0	0.0	0.0	0.0	5.29999780655	0.0250004289361	0.0	0.0	0.0	0.0	0.0	0.00444657254654	0.0	0.0	0.0	0.0	0.0	3.95290385313e-06	0.0	0.0	0.000218388894912	0.0	1.28878214175e-06	0.0	34.0499992371	0.0
2134	142.1584994	808.249028524	273.021046956	0.0	0.0	0.0	0.0	0.0	5.29999780655	0.0250004289361	0.0	0.0	0.0	0.0	0.0	0.00444657254654	0.0	0.0	0.0	0.0	0.0	3.95290385313e-06	0.0	0.0	0.000218388894912	0.0	1.28878214175e-06	0.0	34.0499992371	0.0
2135	142.1584994	808.249028524	273.021046956	0.0	0.0	0.0	0.0	0.0	5.29999780655	0.0250004289361	0.0	0.0	0.0	0.0	0.0	0.00444657254654	0.0	0.0	0.0	0.0	0.0	3.95290385313e-06	0.0	0.0	0.000218388894912	0.0	1.28878214175e-06	0.0	34.0499992371	0.0
2136	142.1584994	808.249028524	273.021046956	0.0	0.0	0.0	0.0	0.0	5.29999780655	0.0250004289361	0.0	0.0	0.0	0.0	0.0	0.00444657254654	0.0	0.0	0.0	0.0	0.0	3.95290385313e-06	0.0	0.0	0.000218388894912	0.0	1.28878214175e-06	0.0	34.0499992371	0.0
2137	142.1584994	808.249028524	273.021046956	0.0	0.0	0.0	0.0	0.0	5.29999780655	0.0250004289361	0.0	0.0	0.0	0.0	0.0	0.00444657254654	0.0	0.0	0.0	0.0	0.0	3.95290385313e-06	0.0	0.0	0.000218388894912	0.0	1.28878214175e-06	0.0	34.0499992371	0.0
2138	142.1584994	808.249028524	273.021046956	0.0	0.0	0.0	0.0	0.0	5.29999780655	0.0250004289361	0.0	0.0	0.0	0.0	0.0	0.00444657254654	0.0	0.0	0.0	0.0	0.0	3.95290385313e-06	0.0	0.0	0.000218388894912	0.0	1.28878214175e-06	0.0	34.0499992371	0.0
2139	142.1584994	808.249028524	273.021046956	0.0	0.0	0.0	0.0	0.0	5.29999780655	0.0250004289361	0.0	0.0	0.0	0.0	0.0	0.00444657254654	0.0	0.0	0.0	0.0	0.0	3.95290385313e-06	0.0	0.0	0.000218388894912	0.0	1.28878214175e-06	0.0	34.0499992371	0.0
2140	142.1584994	808.249028524	273.021046956	0.0	0.0	0.0	0.0	0.0	5.29999780655	0.0250004289361	0.0	0.0	0.0	0.0	0.0	0.00444657254654	0.0	0.0	0.0	0.0	0.0	3.95290385313e-06	0.0	0.0	0.000218388894912	0.0	1.28878214175e-06	0.0	34.0499992371	0.0
2141	142.1584994	808.249028524	273.021046956	0.0	0.0	0.0	0.0	0.0	5.29999780655	0.0250004289361	0.0	0.0	0.0	0.0	0.0	0.00444657254654	0.0	0.0	0.0	0.0	0.0	3.95290385313e-06	0.0	0.0	0.000218388894912	0.0	1.28878214175e-06	0.0	34.0499992371	0.0
2142	142.1584994	808.249028524	273.021046956	0.0	0.0	0.0	0.0	0.0	5.29999780655	0.0250004289361	0.0	0.0	0.0	0.0	0.0	0.00444657254654	0.0	0.0	0.0	0.0	0.0	3.95290385313e-06	0.0	0.0	0.000218388894912	0.0	1.28878214175e-06	0.0	34.0499992371	0.0
2143	142.1584994	808.249028524	273.021046956	0.0	0.0	0.0	0.0	0.0	5.29999780655	0.0250004289361	0.0	0.0	0.0	0.0	0.0	0.00444657254654	0.0	0.0	0.0	0.0	0.0	3.95290385313e-06	0.0	0.0	0.000218388894912	0.0	1.28878214175e-06	0.0	34.0499992371	0.0
2144	142.1584994	808.249028524	273.021046956	0.0	0.0	0.0	0.0	0.0	5.29999780655	0.0250004289361	0.0	0.0	0.0	0.0	0.0	0.00444657254654	0.0	0.0	0.0	0.0	0.0	3.95290385313e-06	0.0	0.0	0.000218388894912	0.0	1.28878214175e-06	0.0	34.0499992371	0.0
2145	142.1584994	808.249028524	273.021046956	0.0	0.0	0.0	0.0	0.0	5.29999780655	0.0250004289361	0.0	0.0	0.0	0.0	0.0	0.00444657254654	0.0	0.0	0.0	0.0	0.0	3.95290385313e-06	0.0	0.0	0.000218388894912	0.0	1.28878214175e-06	0.0	34.0499992371	0.0
2146	142.1584994	808.249028524	273.021046956	0.0	0.0	0.0	0.0	0.0	5.29999780655	0.0250004289361	0.0	0.0	0.0	0.0	0.0	0.00444657254654	0.0	0.0	0.0	0.0	0.0	3.95290385313e-06	0.0	0.0	0.000218388894912	0.0	1.28878214175e-06	0.0	34.0499992371	0.0
2147	142.1584994	808.249028524	273.021046956	0.0	0.0	0.0	0.0	0.0	5.29999780655	0.0250004289361	0.0	0.0	0.0	0.0	0.0	0.00444657254654	0.0	0.0	0.0	0.0	0.0	3.95290385313e-06	0.0	0.0	0.000218388894912	0.0	1.28878214175e-06	0.0	34.0499992371	0.0
2148	142.1584994	808.249028524	273.021046956	0.0	0.0	0.0	0.0	0.0	5.29999780655	0.0250004289361	0.0	0.0	0.0	0.0	0.0	0.00444657254654	0.0	0.0	0.0	0.0	0.0	3.95290385313e-06	0.0	0.0	0.000218388894912	0.0	1.28878214175e-06	0.0	34.0499992371	0.0
2149	142.1584994	808.249028524	273.021046956	0.0	0.0	0.0	0.0	0.0	5.29999780655	0.0250004289361	0.0	0.0	0.0	0.0	0.0	0.00444657254654	0.0	0.0	0.0	0.0	0.0	3.95290385313e-06	0.0	0.0	0.000218388894912	0.0	1.28878214175e-06	0.0	34.0499992371	0.0
2150	142.1584994	808.249028524	273.021046956	0.0	0.0	0.0	0.0	0.0	5.29999780655	0.0250004289361	0.0	0.0	0.0	0.0	0.0	0.00444657254654	0.0	0.0	0.0	0.0	0.0	3.95290385313e-06	0.0	0.0	0.000218388894912	0.0	1.28878214175e-06	0.0	34.0499992371	0.0
2151	142.1584994	808.249028524	273.021046956	0.0	0.0	0.0	0.0	0.0	5.29999780655	0.0250004289361	0.0	0.0	0.0	0.0	0.0	0.00444657254654	0.0	0.0	0.0	0.0	0.0	3.95290385313e-06	0.0	0.0	0.000218388894912	0.0	1.28878214175e-06	0.0	34.0499992371	0.0
2152	142.1584994	808.249028524	273.021046956	0.0	0.0	0.0	0.0	0.0	5.29999780655	0.0250004289361	0.0	0.0	0.0	0.0	0.0	0.00444657254654	0.0	0.0	0.0	0.0	0.0	3.95290385313e-06	0.0	0.0	0.000218388894912	0.0	1.28878214175e-06	0.0	34.0499992371	0.0
2153	142.1584994	808.249028524	273.021046956	0.0	0.0	0.0	0.0	0.0	5.29999780655	0.0250004289361	0.0	0.0	0.0	0.0	0.0	0.00444657254654	0.0	0.0	0.0	0.0	0.0	3.95290385313e-06	0.0	0.0	0.000218388894912	0.0	1.28878214175e-06	0.0	34.0499992371	0.0
2154	142.1584994	808.249028524	273.021046956	0.0	0.0	0.0	0.0	0.0	5.29999780655	0.0250004289361	0.0	0.0	0.0	0.0	0.0	0.00444657254654	0.0	0.0	0.0	0.0	0.0	3.95290385313e-06	0.0	0.0	0.000218388894912	0.0	1.28878214175e-06	0.0	34.0499992371	0.0
2155	142.1584994	808.249028524	273.021046956	0.0	0.0	0.0	0.0	0.0	5.29999780655	0.0250004289361	0.0	0.0	0.0	0.0	0.0	0.00444657254654	0.0	0.0	0.0	0.0	0.0	3.95290385313e-06	0.0	0.0	0.000218388894912	0.0	1.28878214175e-06	0.0	34.0499992371	0.0
2156	142.1584994	808.249028524	273.021046956	0.0	0.0	0.0	0.0	0.0	5.29999780655	0.0250004289361	0.0	0.0	0.0	0.0	0.0	0.00444657254654	0.0	0.0	0.0	0.0	0.0	3.95290385313e-06	0.0	0.0	0.000218388894912	0.0	1.28878214175e-06	0.0	34.0499992371	0.0
2157	142.1584994	808.249028524	273.021046956	0.0	0.0	0.0	0.0	0.0	5.29999780655	0.0250004289361	0.0	0.0	0.0	0.0	0.0	0.00444657254654	0.0	0.0	0.0	0.0	0.0	3.95290385313e-06	0.0	0.0	0.000218388894912	0.0	1.28878214175e-06	0.0	34.0499992371	0.0
2158	142.1584994	808.249028524	273.021046956	0.0	0.0	0.0	0.0	0.0	5.29999780655	0.0250004289361	0.0	0.0	0.0	0.0	0.0	0.00444657254654	0.0	0.0	0.0	0.0	0.0	3.95290385313e-06	0.0	0.0	0.000218388894912	0.0	1.28878214175e-06	0.0	34.0499992371	0.0
2159	142.1584994	808.249028524	273.021046956	0.0	0.0	0.0	0.0	0.0	5.29999780655	0.0250004289361	0.0	0.0	0.0	0.0	0.0	0.00444657254654	0.0	0.0	0.0	0.0	0.0	3.95290385313e-06	0.0	0.0	0.000218388894912	0.0	1.28878214175e-06	0.0	34.0499992371	0.0
2160	142.1584994	808.249028524	273.021046956	0.0	0.0	0.0	0.0	0.0	5.29999780655	0.0250004289361	0.0	0.0	0.0	0.0	0.0	0.00444657254654	0.0	0.0	0.0	0.0	0.0	3.95290385313e-06	0.0	0.0	0.000218388894912	0.0	1.28878214175e-06	0.0	34.0499992371	0.0
2161	142.1584994	808.249028524	273.021046956	0.0	0.0	0.0	0.0	0.0	5.29999780655	0.0250004289361	0.0	0.0	0.0	0.0	0.0	0.00444657254654	0.0	0.0	0.0	0.0	0.0	3.95290385313e-06	0.0	0.0	0.000218388894912	0.0	1.28878214175e-06	0.0	34.0499992371	0.0
2162	142.1584994	808.249028524	273.021046956	0.0	0.0	0.0	0.0	0.0	5.29999780655	0.0250004289361	0.0	0.0	0.0	0.0	0.0	0.00444657254654	0.0	0.0	0.0	0.0	0.0	3.95290385313e-06	0.0	0.0	0.000218388894912	0.0	1.28878214175e-06	0.0	34.0499992371	0.0
2163	142.1584994	808.249028524	273.021046956	0.0	0.0	0.0	0.0	0.0	5.29999780655	0.0250004289361	0.0	0.0	0.0	0.0	0.0	0.00444657254654	0.0	0.0	0.0	0.0	0.0	3.95290385313e-06	0.0	0.0	0.000218388894912	0.0	1.28878214175e-06	0.0	34.0499992371	0.0
2164	142.1584994	808.249028524	273.021046956	0.0	0.0	0.0	0.0	0.0	5.29999780655	0.0250004289361	0.0	0.0	0.0	0.0	0.0	0.00444657254654	0.0	0.0	0.0	0.0	0.0	3.95290385313e-06	0.0	0.0	0.000218388894912	0.0	1.28878214175e-06	0.0	34.0499992371	0.0
2165	142.1584994	808.249028524	273.021046956	0.0	0.0	0.0	0.0	0.0	5.29999780655	0.0250004289361	0.0	0.0	0.0	0.0	0.0	0.00444657254654	0.0	0.0	0.0	0.0	0.0	3.95290385313e-06	0.0	0.0	0.000218388894912	0.0	1.28878214175e-06	0.0	34.0499992371	0.0
2166	142.1584994	808.249028524	273.021046956	0.0	0.0	0.0	0.0	0.0	5.29999780655	0.0250004289361	0.0	0.0	0.0	0.0	0.0	0.00444657254654	0.0	0.0	0.0	0.0	0.0	3.95290385313e-06	0.0	0.0	0.000218388894912	0.0	1.28878214175e-06	0.0	34.0499992371	0.0
2167	142.1584994	808.249028524	273.021046956	0.0	0.0	0.0	0.0	0.0	5.29999780655	0.0250004289361	0.0	0.0	0.0	0.0	0.0	0.00444657254654	0.0	0.0	0.0	0.0	0.0	3.95290385313e-06	0.0	0.0	0.000218388894912	0.0	1.28878214175e-06	0.0	34.0499992371	0.0
2168	142.1584994	808.249028524	273.021046956	0.0	0.0	0.0	0.0	0.0	5.29999780655	0.0250004289361	0.0	0.0	0.0	0.0	0.0	0.00444657254654	0.0	0.0	0.0	0.0	0.0	3.95290385313e-06	0.0	0.0	0.000218388894912	0.0	1.28878214175e-06	0.0	34.0499992371	0.0
2169	142.1584994	808.249028524	273.021046956	0.0	0.0	0.0	0.0	0.0	5.29999780655	0.0250004289361	0.0	0.0	0.0	0.0	0.0	0.00444657254654	0.0	0.0	0.0	0.0	0.0	3.95290385313e-06	0.0	0.0	0.000218388894912	0.0	1.28878214175e-06	0.0	34.0499992371	0.0
2170	142.1584994	808.249028524	273.021046956	0.0	0.0	0.0	0.0	0.0	5.29999780655	0.0250004289361	0.0	0.0	0.0	0.0	0.0	0.00444657254654	0.0	0.0	0.0	0.0	0.0	3.95290385313e-06	0.0	0.0	0.000218388894912	0.0	1.28878214175e-06	0.0	34.0499992371	0.0
2171	142.1584994	808.249028524	273.021046956	0.0	0.0	0.0	0.0	0.0	5.29999780655	0.0250004289361	0.0	0.0	0.0	0.0	0.0	0.00444657254654	0.0	0.0	0.0	0.0	0.0	3.95290385313e-06	0.0	0.0	0.000218388894912	0.0	1.28878214175e-06	0.0	34.0499992371	0.0
2172	142.1584994	808.249028524	273.021046956	0.0	0.0	0.0	0.0	0.0	5.29999780655	0.0250004289361	0.0	0.0	0.0	0.0	0.0	0.00444657254654	0.0	0.0	0.0	0.0	0.0	3.95290385313e-06	0.0	0.0	0.000218388894912	0.0	1.28878214175e-06	0.0	34.0499992371	0.0
2173	142.1584994	808.249028524	273.021046956	0.0	0.0	0.0	0.0	0.0	5.29999780655	0.0250004289361	0.0	0.0	0.0	0.0	0.0	0.00444657254654	0.0	0.0	0.0	0.0	0.0	3.95290385313e-06	0.0	0.0	0.000218388894912	0.0	1.28878214175e-06	0.0	34.0499992371	0.0
2174	142.1584994	808.249028524	273.021046956	0.0	0.0	0.0	0.0	0.0	5.29999780655	0.0250004289361	0.0	0.0	0.0	0.0	0.0	0.00444657254654	0.0	0.0	0.0	0.0	0.0	3.95290385313e-06	0.0	0.0	0.000218388894912	0.0	1.28878214175e-06	0.0	34.0499992371	0.0
2175	142.1584994	808.249028524	273.021046956	0.0	0.0	0.0	0.0	0.0	5.29999780655	0.0250004289361	0.0	0.0	0.0	0.0	0.0	0.00444657254654	0.0	0.0	0.0	0.0	0.0	3.95290385313e-06	0.0	0.0	0.000218388894912	0.0	1.28878214175e-06	0.0	34.0499992371	0.0
2176	142.1584994	808.249028524	273.021046956	0.0	0.0	0.0	0.0	0.0	5.29999780655	0.0250004289361	0.0	0.0	0.0	0.0	0.0	0.00444657254654	0.0	0.0	0.0	0.0	0.0	3.95290385313e-06	0.0	0.0	0.000218388894912	0.0	1.28878214175e-06	0.0	34.0499992371	0.0
2177	142.1584994	808.249028524	273.021046956	0.0	0.0	0.0	0.0	0.0	5.29999780655	0.0250004289361	0.0	0.0	0.0	0.0	0.0	0.00444657254654	0.0	0.0	0.0	0.0	0.0	3.95290385313e-06	0.0	0.0	0.000218388894912	0.0	1.28878214175e-06	0.0	34.0499992371	0.0
2178	142.1584994	808.249028524	273.021046956	0.0	0.0	0.0	0.0	0.0	5.29999780655	0.0250004289361	0.0	0.0	0.0	0.0	0.0	0.00444657254654	0.0	0.0	0.0	0.0	0.0	3.95290385313e-06	0.0	0.0	0.000218388894912	0.0	1.28878214175e-06	0.0	34.0499992371	0.0
2179	142.1584994	808.249028524	273.021046956	0.0	0.0	0.0	0.0	0.0	5.29999780655	0.0250004289361	0.0	0.0	0.0	0.0	0.0	0.00444657254654	0.0	0.0	0.0	0.0	0.0	3.95290385313e-06	0.0	0.0	0.000218388894912	0.0	1.28878214175e-06	0.0	34.0499992371	0.0
2180	142.1584994	808.249028524	273.021046956	0.0	0.0	0.0	0.0	0.0	5.29999780655	0.0250004289361	0.0	0.0	0.0	0.0	0.0	0.00444657254654	0.0	0.0	0.0	0.0	0.0	3.95290385313e-06	0.0	0.0	0.000218388894912	0.0	1.28878214175e-06	0.0	34.0499992371	0.0
2181	142.1584994	808.249028524	273.021046956	0.0	0.0	0.0	0.0	0.0	5.29999780655	0.0250004289361	0.0	0.0	0.0	0.0	0.0	0.00444657254654	0.0	0.0	0.0	0.0	0.0	3.95290385313e-06	0.0	0.0	0.000218388894912	0.0	1.28878214175e-06	0.0	34.0499992371	0.0
2182	142.1584994	808.249028524	273.021046956	0.0	0.0	0.0	0.0	0.0	5.29999780655	0.0250004289361	0.0	0.0	0.0	0.0	0.0	0.00444657254654	0.0	0.0	0.0	0.0	0.0	3.95290385313e-06	0.0	0.0	0.000218388894912	0.0	1.28878214175e-06	0.0	34.0499992371	0.0
2183	142.1584994	808.249028524	273.021046956	0.0	0.0	0.0	0.0	0.0	5.29999780655	0.0250004289361	0.0	0.0	0.0	0.0	0.0	0.00444657254654	0.0	0.0	0.0	0.0	0.0	3.95290385313e-06	0.0	0.0	0.000218388894912	0.0	1.28878214175e-06	0.0	34.0499992371	0.0
2184	142.1584994	808.249028524	273.021046956	0.0	0.0	0.0	0.0	0.0	5.29999780655	0.0250004289361	0.0	0.0	0.0	0.0	0.0	0.00444657254654	0.0	0.0	0.0	0.0	0.0	3.95290385313e-06	0.0	0.0	0.000218388894912	0.0	1.28878214175e-06	0.0	34.0499992371	0.0
2185	142.1584994	808.249028524	273.021046956	0.0	0.0	0.0	0.0	0.0	5.29999780655	0.0250004289361	0.0	0.0	0.0	0.0	0.0	0.00444657254654	0.0	0.0	0.0	0.0	0.0	3.95290385313e-06	0.0	0.0	0.000218388894912	0.0	1.28878214175e-06	0.0	34.0499992371	0.0
2186	142.1584994	808.249028524	273.021046956	0.0	0.0	0.0	0.0	0.0	5.29999780655	0.0250004289361	0.0	0.0	0.0	0.0	0.0	0.00444657254654	0.0	0.0	0.0	0.0	0.0	3.95290385313e-06	0.0	0.0	0.000218388894912	0.0	1.28878214175e-06	0.0	34.0499992371	0.0
2187	142.1584994	808.249028524	273.021046956	0.0	0.0	0.0	0.0	0.0	5.29999780655	0.0250004289361	0.0	0.0	0.0	0.0	0.0	0.00444657254654	0.0	0.0	0.0	0.0	0.0	3.95290385313e-06	0.0	0.0	0.000218388894912	0.0	1.28878214175e-06	0.0	34.0499992371	0.0
2188	142.1584994	808.249028524	273.021046956	0.0	0.0	0.0	0.0	0.0	5.29999780655	0.0250004289361	0.0	0.0	0.0	0.0	0.0	0.00444657254654	0.0	0.0	0.0	0.0	0.0	3.95290385313e-06	0.0	0.0	0.000218388894912	0.0	1.28878214175e-06	0.0	34.0499992371	0.0
2189	142.1584994	808.249028524	273.021046956	0.0	0.0	0.0	0.0	0.0	5.29999780655	0.0250004289361	0.0	0.0	0.0	0.0	0.0	0.00444657254654	0.0	0.0	0.0	0.0	0.0	3.95290385313e-06	0.0	0.0	0.000218388894912	0.0	1.28878214175e-06	0.0	34.0499992371	0.0
2190	142.1584994	808.249028524	273.021046956	0.0	0.0	0.0	0.0	0.0	5.29999780655	0.0250004289361	0.0	0.0	0.0	0.0	0.0	0.00444657254654	0.0	0.0	0.0	0.0	0.0	3.95290385313e-06	0.0	0.0	0.000218388894912	0.0	1.28878214175e-06	0.0	34.0499992371	0.0
2191	142.1584994	808.249028524	273.021046956	0.0	0.0	0.0	0.0	0.0	5.29999780655	0.0250004289361	0.0	0.0	0.0	0.0	0.0	0.00444657254654	0.0	0.0	0.0	0.0	0.0	3.95290385313e-06	0.0	0.0	0.000218388894912	0.0	1.28878214175e-06	0.0	34.0499992371	0.0
2192	142.1584994	808.249028524	273.021046956	0.0	0.0	0.0	0.0	0.0	5.29999780655	0.0250004289361	0.0	0.0	0.0	0.0	0.0	0.00444657254654	0.0	0.0	0.0	0.0	0.0	3.95290385313e-06	0.0	0.0	0.000218388894912	0.0	1.28878214175e-06	0.0	34.0499992371	0.0
2193	142.1584994	808.249028524	273.021046956	0.0	0.0	0.0	0.0	0.0	5.29999780655	0.0250004289361	0.0	0.0	0.0	0.0	0.0	0.00444657254654	0.0	0.0	0.0	0.0	0.0	3.95290385313e-06	0.0	0.0	0.000218388894912	0.0	1.28878214175e-06	0.0	34.0499992371	0.0
2194	142.1584994	808.249028524	273.021046956	0.0	0.0	0.0	0.0	0.0	5.29999780655	0.0250004289361	0.0	0.0	0.0	0.0	0.0	0.00444657254654	0.0	0.0	0.0	0.0	0.0	3.95290385313e-06	0.0	0.0	0.000218388894912	0.0	1.28878214175e-06	0.0	34.0499992371	0.0
2195	142.1584994	808.249028524	273.021046956	0.0	0.0	0.0	0.0	0.0	5.29999780655	0.0250004289361	0.0	0.0	0.0	0.0	0.0	0.00444657254654	0.0	0.0	0.0	0.0	0.0	3.95290385313e-06	0.0	0.0	0.000218388894912	0.0	1.28878214175e-06	0.0	34.0499992371	0.0
2196	142.1584994	808.249028524	273.021046956	0.0	0.0	0.0	0.0	0.0	5.29999780655	0.0250004289361	0.0	0.0	0.0	0.0	0.0	0.00444657254654	0.0	0.0	0.0	0.0	0.0	3.95290385313e-06	0.0	0.0	0.000218388894912	0.0	1.28878214175e-06	0.0	34.0499992371	0.0
2197	142.1584994	808.249028524	273.021046956	0.0	0.0	0.0	0.0	0.0	5.29999780655	0.0250004289361	0.0	0.0	0.0	0.0	0.0	0.00444657254654	0.0	0.0	0.0	0.0	0.0	3.95290385313e-06	0.0	0.0	0.000218388894912	0.0	1.28878214175e-06	0.0	34.0499992371	0.0
2198	142.1584994	808.249028524	273.021046956	0.0	0.0	0.0	0.0	0.0	5.29999780655	0.0250004289361	0.0	0.0	0.0	0.0	0.0	0.00444657254654	0.0	0.0	0.0	0.0	0.0	3.95290385313e-06	0.0	0.0	0.000218388894912	0.0	1.28878214175e-06	0.0	34.0499992371	0.0
2199	142.1584994	808.249028524	273.021046956	0.0	0.0	0.0	0.0	0.0	5.29999780655	0.0250004289361	0.0	0.0	0.0	0.0	0.0	0.00444657254654	0.0	0.0	0.0	0.0	0.0	3.95290385313e-06	0.0	0.0	0.000218388894912	0.0	1.28878214175e-06	0.0	34.0499992371	0.0
2200	142.1584994	808.249028524	273.021046956	0.0	0.0	0.0	0.0	0.0	5.29999780655	0.0250004289361	0.0	0.0	0.0	0.0	0.0	0.00444657254654	0.0	0.0	0.0	0.0	0.0	3.95290385313e-06	0.0	0.0	0.000218388894912	0.0	1.28878214175e-06	0.0	34.0499992371	0.0
2201	142.1584994	808.249028524	273.021046956	0.0	0.0	0.0	0.0	0.0	5.29999780655	0.0250004289361	0.0	0.0	0.0	0.0	0.0	0.00444657254654	0.0	0.0	0.0	0.0	0.0	3.95290385313e-06	0.0	0.0	0.000218388894912	0.0	1.28878214175e-06	0.0	34.0499992371	0.0
2202	142.1584994	808.249028524	273.021046956	0.0	0.0	0.0	0.0	0.0	5.29999780655	0.0250004289361	0.0	0.0	0.0	0.0	0.0	0.00444657254654	0.0	0.0	0.0	0.0	0.0	3.95290385313e-06	0.0	0.0	0.000218388894912	0.0	1.28878214175e-06	0.0	34.0499992371	0.0
2203	142.1584994	808.249028524	273.021046956	0.0	0.0	0.0	0.0	0.0	5.29999780655	0.0250004289361	0.0	0.0	0.0	0.0	0.0	0.00444657254654	0.0	0.0	0.0	0.0	0.0	3.95290385313e-06	0.0	0.0	0.000218388894912	0.0	1.28878214175e-06	0.0	34.0499992371	0.0
2204	142.1584994	808.249028524	273.021046956	0.0	0.0	0.0	0.0	0.0	5.29999780655	0.0250004289361	0.0	0.0	0.0	0.0	0.0	0.00444657254654	0.0	0.0	0.0	0.0	0.0	3.95290385313e-06	0.0	0.0	0.000218388894912	0.0	1.28878214175e-06	0.0	34.0499992371	0.0
2205	142.1584994	808.249028524	273.021046956	0.0	0.0	0.0	0.0	0.0	5.29999780655	0.0250004289361	0.0	0.0	0.0	0.0	0.0	0.00444657254654	0.0	0.0	0.0	0.0	0.0	3.95290385313e-06	0.0	0.0	0.000218388894912	0.0	1.28878214175e-06	0.0	34.0499992371	0.0
2206	142.1584994	808.249028524	273.021046956	0.0	0.0	0.0	0.0	0.0	5.29999780655	0.0250004289361	0.0	0.0	0.0	0.0	0.0	0.00444657254654	0.0	0.0	0.0	0.0	0.0	3.95290385313e-06	0.0	0.0	0.000218388894912	0.0	1.28878214175e-06	0.0	34.0499992371	0.0
2207	142.1584994	808.249028524	273.021046956	0.0	0.0	0.0	0.0	0.0	5.29999780655	0.0250004289361	0.0	0.0	0.0	0.0	0.0	0.00444657254654	0.0	0.0	0.0	0.0	0.0	3.95290385313e-06	0.0	0.0	0.000218388894912	0.0	1.28878214175e-06	0.0	34.0499992371	0.0
2208	142.1584994	808.249028524	273.021046956	0.0	0.0	0.0	0.0	0.0	5.29999780655	0.0250004289361	0.0	0.0	0.0	0.0	0.0	0.00444657254654	0.0	0.0	0.0	0.0	0.0	3.95290385313e-06	0.0	0.0	0.000218388894912	0.0	1.28878214175e-06	0.0	34.0499992371	0.0
2209	142.1584994	808.249028524	273.021046956	0.0	0.0	0.0	0.0	0.0	5.29999780655	0.0250004289361	0.0	0.0	0.0	0.0	0.0	0.00444657254654	0.0	0.0	0.0	0.0	0.0	3.95290385313e-06	0.0	0.0	0.000218388894912	0.0	1.28878214175e-06	0.0	34.0499992371	0.0
2210	142.1584994	808.249028524	273.021046956	0.0	0.0	0.0	0.0	0.0	5.29999780655	0.0250004289361	0.0	0.0	0.0	0.0	0.0	0.00444657254654	0.0	0.0	0.0	0.0	0.0	3.95290385313e-06	0.0	0.0	0.000218388894912	0.0	1.28878214175e-06	0.0	34.0499992371	0.0
2211	142.1584994	808.249028524	273.021046956	0.0	0.0	0.0	0.0	0.0	5.29999780655	0.0250004289361	0.0	0.0	0.0	0.0	0.0	0.00444657254654	0.0	0.0	0.0	0.0	0.0	3.95290385313e-06	0.0	0.0	0.000218388894912	0.0	1.28878214175e-06	0.0	34.0499992371	0.0
2212	142.1584994	808.249028524	273.021046956	0.0	0.0	0.0	0.0	0.0	5.29999780655	0.0250004289361	0.0	0.0	0.0	0.0	0.0	0.00444657254654	0.0	0.0	0.0	0.0	0.0	3.95290385313e-06	0.0	0.0	0.000218388894912	0.0	1.28878214175e-06	0.0	34.0499992371	0.0
2213	142.1584994	808.249028524	273.021046956	0.0	0.0	0.0	0.0	0.0	5.29999780655	0.0250004289361	0.0	0.0	0.0	0.0	0.0	0.00444657254654	0.0	0.0	0.0	0.0	0.0	3.95290385313e-06	0.0	0.0	0.000218388894912	0.0	1.28878214175e-06	0.0	34.0499992371	0.0
2214	142.1584994	808.249028524	273.021046956	0.0	0.0	0.0	0.0	0.0	5.29999780655	0.0250004289361	0.0	0.0	0.0	0.0	0.0	0.00444657254654	0.0	0.0	0.0	0.0	0.0	3.95290385313e-06	0.0	0.0	0.000218388894912	0.0	1.28878214175e-06	0.0	34.0499992371	0.0
2215	142.1584994	808.249028524	273.021046956	0.0	0.0	0.0	0.0	0.0	5.29999780655	0.0250004289361	0.0	0.0	0.0	0.0	0.0	0.00444657254654	0.0	0.0	0.0	0.0	0.0	3.95290385313e-06	0.0	0.0	0.000218388894912	0.0	1.28878214175e-06	0.0	34.0499992371	0.0
2216	142.1584994	808.249028524	273.021046956	0.0	0.0	0.0	0.0	0.0	5.29999780655	0.0250004289361	0.0	0.0	0.0	0.0	0.0	0.00444657254654	0.0	0.0	0.0	0.0	0.0	3.95290385313e-06	0.0	0.0	0.000218388894912	0.0	1.28878214175e-06	0.0	34.0499992371	0.0
2217	142.1584994	808.249028524	273.021046956	0.0	0.0	0.0	0.0	0.0	5.29999780655	0.0250004289361	0.0	0.0	0.0	0.0	0.0	0.00444657254654	0.0	0.0	0.0	0.0	0.0	3.95290385313e-06	0.0	0.0	0.000218388894912	0.0	1.28878214175e-06	0.0	34.0499992371	0.0
2218	142.1584994	808.249028524	273.021046956	0.0	0.0	0.0	0.0	0.0	5.29999780655	0.0250004289361	0.0	0.0	0.0	0.0	0.0	0.00444657254654	0.0	0.0	0.0	0.0	0.0	3.95290385313e-06	0.0	0.0	0.000218388894912	0.0	1.28878214175e-06	0.0	34.0499992371	0.0
2219	142.1584994	808.249028524	273.021046956	0.0	0.0	0.0	0.0	0.0	5.29999780655	0.0250004289361	0.0	0.0	0.0	0.0	0.0	0.00444657254654	0.0	0.0	0.0	0.0	0.0	3.95290385313e-06	0.0	0.0	0.000218388894912	0.0	1.28878214175e-06	0.0	34.0499992371	0.0
2220	142.1584994	808.249028524	273.021046956	0.0	0.0	0.0	0.0	0.0	5.29999780655	0.0250004289361	0.0	0.0	0.0	0.0	0.0	0.00444657254654	0.0	0.0	0.0	0.0	0.0	3.95290385313e-06	0.0	0.0	0.000218388894912	0.0	1.28878214175e-06	0.0	34.0499992371	0.0
2221	142.1584994	808.249028524	273.021046956	0.0	0.0	0.0	0.0	0.0	5.29999780655	0.0250004289361	0.0	0.0	0.0	0.0	0.0	0.00444657254654	0.0	0.0	0.0	0.0	0.0	3.95290385313e-06	0.0	0.0	0.000218388894912	0.0	1.28878214175e-06	0.0	34.0499992371	0.0
2222	142.1584994	808.249028524	273.021046956	0.0	0.0	0.0	0.0	0.0	5.29999780655	0.0250004289361	0.0	0.0	0.0	0.0	0.0	0.00444657254654	0.0	0.0	0.0	0.0	0.0	3.95290385313e-06	0.0	0.0	0.000218388894912	0.0	1.28878214175e-06	0.0	34.0499992371	0.0
2223	142.1584994	808.249028524	273.021046956	0.0	0.0	0.0	0.0	0.0	5.29999780655	0.0250004289361	0.0	0.0	0.0	0.0	0.0	0.00444657254654	0.0	0.0	0.0	0.0	0.0	3.95290385313e-06	0.0	0.0	0.000218388894912	0.0	1.28878214175e-06	0.0	34.0499992371	0.0
2224	142.1584994	808.249028524	273.021046956	0.0	0.0	0.0	0.0	0.0	5.29999780655	0.0250004289361	0.0	0.0	0.0	0.0	0.0	0.00444657254654	0.0	0.0	0.0	0.0	0.0	3.95290385313e-06	0.0	0.0	0.000218388894912	0.0	1.28878214175e-06	0.0	34.0499992371	0.0
2225	142.1584994	808.249028524	273.021046956	0.0	0.0	0.0	0.0	0.0	5.29999780655	0.0250004289361	0.0	0.0	0.0	0.0	0.0	0.00444657254654	0.0	0.0	0.0	0.0	0.0	3.95290385313e-06	0.0	0.0	0.000218388894912	0.0	1.28878214175e-06	0.0	34.0499992371	0.0
2226	142.1584994	808.249028524	273.021046956	0.0	0.0	0.0	0.0	0.0	5.29999780655	0.0250004289361	0.0	0.0	0.0	0.0	0.0	0.00444657254654	0.0	0.0	0.0	0.0	0.0	3.95290385313e-06	0.0	0.0	0.000218388894912	0.0	1.28878214175e-06	0.0	34.0499992371	0.0
2227	142.1584994	808.249028524	273.021046956	0.0	0.0	0.0	0.0	0.0	5.29999780655	0.0250004289361	0.0	0.0	0.0	0.0	0.0	0.00444657254654	0.0	0.0	0.0	0.0	0.0	3.95290385313e-06	0.0	0.0	0.000218388894912	0.0	1.28878214175e-06	0.0	34.0499992371	0.0
2228	142.1584994	808.249028524	273.021046956	0.0	0.0	0.0	0.0	0.0	5.29999780655	0.0250004289361	0.0	0.0	0.0	0.0	0.0	0.00444657254654	0.0	0.0	0.0	0.0	0.0	3.95290385313e-06	0.0	0.0	0.000218388894912	0.0	1.28878214175e-06	0.0	34.0499992371	0.0
2229	142.1584994	808.249028524	273.021046956	0.0	0.0	0.0	0.0	0.0	5.29999780655	0.0250004289361	0.0	0.0	0.0	0.0	0.0	0.00444657254654	0.0	0.0	0.0	0.0	0.0	3.95290385313e-06	0.0	0.0	0.000218388894912	0.0	1.28878214175e-06	0.0	34.0499992371	0.0
2230	142.1584994	808.249028524	273.021046956	0.0	0.0	0.0	0.0	0.0	5.29999780655	0.0250004289361	0.0	0.0	0.0	0.0	0.0	0.00444657254654	0.0	0.0	0.0	0.0	0.0	3.95290385313e-06	0.0	0.0	0.000218388894912	0.0	1.28878214175e-06	0.0	34.0499992371	0.0
2231	142.1584994	808.249028524	273.021046956	0.0	0.0	0.0	0.0	0.0	5.29999780655	0.0250004289361	0.0	0.0	0.0	0.0	0.0	0.00444657254654	0.0	0.0	0.0	0.0	0.0	3.95290385313e-06	0.0	0.0	0.000218388894912	0.0	1.28878214175e-06	0.0	34.0499992371	0.0
2232	142.1584994	808.249028524	273.021046956	0.0	0.0	0.0	0.0	0.0	5.29999780655	0.0250004289361	0.0	0.0	0.0	0.0	0.0	0.00444657254654	0.0	0.0	0.0	0.0	0.0	3.95290385313e-06	0.0	0.0	0.000218388894912	0.0	1.28878214175e-06	0.0	34.0499992371	0.0
2233	142.1584994	808.249028524	273.021046956	0.0	0.0	0.0	0.0	0.0	5.29999780655	0.0250004289361	0.0	0.0	0.0	0.0	0.0	0.00444657254654	0.0	0.0	0.0	0.0	0.0	3.95290385313e-06	0.0	0.0	0.000218388894912	0.0	1.28878214175e-06	0.0	34.0499992371	0.0
2234	142.1584994	808.249028524	273.021046956	0.0	0.0	0.0	0.0	0.0	5.29999780655	0.0250004289361	0.0	0.0	0.0	0.0	0.0	0.00444657254654	0.0	0.0	0.0	0.0	0.0	3.95290385313e-06	0.0	0.0	0.000218388894912	0.0	1.28878214175e-06	0.0	34.0499992371	0.0
2235	142.1584994	808.249028524	273.021046956	0.0	0.0	0.0	0.0	0.0	5.29999780655	0.0250004289361	0.0	0.0	0.0	0.0	0.0	0.00444657254654	0.0	0.0	0.0	0.0	0.0	3.95290385313e-06	0.0	0.0	0.000218388894912	0.0	1.28878214175e-06	0.0	34.0499992371	0.0
2236	142.1584994	808.249028524	273.021046956	0.0	0.0	0.0	0.0	0.0	5.29999780655	0.0250004289361	0.0	0.0	0.0	0.0	0.0	0.00444657254654	0.0	0.0	0.0	0.0	0.0	3.95290385313e-06	0.0	0.0	0.000218388894912	0.0	1.28878214175e-06	0.0	34.0499992371	0.0
2237	142.1584994	808.249028524	273.021046956	0.0	0.0	0.0	0.0	0.0	5.29999780655	0.0250004289361	0.0	0.0	0.0	0.0	0.0	0.00444657254654	0.0	0.0	0.0	0.0	0.0	3.95290385313e-06	0.0	0.0	0.000218388894912	0.0	1.28878214175e-06	0.0	34.0499992371	0.0
2238	142.1584994	808.249028524	273.021046956	0.0	0.0	0.0	0.0	0.0	5.29999780655	0.0250004289361	0.0	0.0	0.0	0.0	0.0	0.00444657254654	0.0	0.0	0.0	0.0	0.0	3.95290385313e-06	0.0	0.0	0.000218388894912	0.0	1.28878214175e-06	0.0	34.0499992371	0.0
2239	142.1584994	808.249028524	273.021046956	0.0	0.0	0.0	0.0	0.0	5.29999780655	0.0250004289361	0.0	0.0	0.0	0.0	0.0	0.00444657254654	0.0	0.0	0.0	0.0	0.0	3.95290385313e-06	0.0	0.0	0.000218388894912	0.0	1.28878214175e-06	0.0	34.0499992371	0.0
2240	142.1584994	808.249028524	273.021046956	0.0	0.0	0.0	0.0	0.0	5.29999780655	0.0250004289361	0.0	0.0	0.0	0.0	0.0	0.00444657254654	0.0	0.0	0.0	0.0	0.0	3.95290385313e-06	0.0	0.0	0.000218388894912	0.0	1.28878214175e-06	0.0	34.0499992371	0.0
2241	142.1584994	808.249028524	273.021046956	0.0	0.0	0.0	0.0	0.0	5.29999780655	0.0250004289361	0.0	0.0	0.0	0.0	0.0	0.00444657254654	0.0	0.0	0.0	0.0	0.0	3.95290385313e-06	0.0	0.0	0.000218388894912	0.0	1.28878214175e-06	0.0	34.0499992371	0.0
2242	142.1584994	808.249028524	273.021046956	0.0	0.0	0.0	0.0	0.0	5.29999780655	0.0250004289361	0.0	0.0	0.0	0.0	0.0	0.00444657254654	0.0	0.0	0.0	0.0	0.0	3.95290385313e-06	0.0	0.0	0.000218388894912	0.0	1.28878214175e-06	0.0	34.0499992371	0.0
2243	142.1584994	808.249028524	273.021046956	0.0	0.0	0.0	0.0	0.0	5.29999780655	0.0250004289361	0.0	0.0	0.0	0.0	0.0	0.00444657254654	0.0	0.0	0.0	0.0	0.0	3.95290385313e-06	0.0	0.0	0.000218388894912	0.0	1.28878214175e-06	0.0	34.0499992371	0.0
2244	142.1584994	808.249028524	273.021046956	0.0	0.0	0.0	0.0	0.0	5.29999780655	0.0250004289361	0.0	0.0	0.0	0.0	0.0	0.00444657254654	0.0	0.0	0.0	0.0	0.0	3.95290385313e-06	0.0	0.0	0.000218388894912	0.0	1.28878214175e-06	0.0	34.0499992371	0.0
2245	142.1584994	808.249028524	273.021046956	0.0	0.0	0.0	0.0	0.0	5.29999780655	0.0250004289361	0.0	0.0	0.0	0.0	0.0	0.00444657254654	0.0	0.0	0.0	0.0	0.0	3.95290385313e-06	0.0	0.0	0.000218388894912	0.0	1.28878214175e-06	0.0	34.0499992371	0.0
2246	142.1584994	808.249028524	273.021046956	0.0	0.0	0.0	0.0	0.0	5.29999780655	0.0250004289361	0.0	0.0	0.0	0.0	0.0	0.00444657254654	0.0	0.0	0.0	0.0	0.0	3.95290385313e-06	0.0	0.0	0.000218388894912	0.0	1.28878214175e-06	0.0	34.0499992371	0.0
2247	142.1584994	808.249028524	273.021046956	0.0	0.0	0.0	0.0	0.0	5.29999780655	0.0250004289361	0.0	0.0	0.0	0.0	0.0	0.00444657254654	0.0	0.0	0.0	0.0	0.0	3.95290385313e-06	0.0	0.0	0.000218388894912	0.0	1.28878214175e-06	0.0	34.0499992371	0.0
2248	142.1584994	808.249028524	273.021046956	0.0	0.0	0.0	0.0	0.0	5.29999780655	0.0250004289361	0.0	0.0	0.0	0.0	0.0	0.00444657254654	0.0	0.0	0.0	0.0	0.0	3.95290385313e-06	0.0	0.0	0.000218388894912	0.0	1.28878214175e-06	0.0	34.0499992371	0.0
2249	142.1584994	808.249028524	273.021046956	0.0	0.0	0.0	0.0	0.0	5.29999780655	0.0250004289361	0.0	0.0	0.0	0.0	0.0	0.00444657254654	0.0	0.0	0.0	0.0	0.0	3.95290385313e-06	0.0	0.0	0.000218388894912	0.0	1.28878214175e-06	0.0	34.0499992371	0.0
2250	142.1584994	808.249028524	273.021046956	0.0	0.0	0.0	0.0	0.0	5.29999780655	0.0250004289361	0.0	0.0	0.0	0.0	0.0	0.00444657254654	0.0	0.0	0.0	0.0	0.0	3.95290385313e-06	0.0	0.0	0.000218388894912	0.0	1.28878214175e-06	0.0	34.0499992371	0.0
2251	142.1584994	808.249028524	273.021046956	0.0	0.0	0.0	0.0	0.0	5.29999780655	0.0250004289361	0.0	0.0	0.0	0.0	0.0	0.00444657254654	0.0	0.0	0.0	0.0	0.0	3.95290385313e-06	0.0	0.0	0.000218388894912	0.0	1.28878214175e-06	0.0	34.0499992371	0.0
2252	142.1584994	808.249028524	273.021046956	0.0	0.0	0.0	0.0	0.0	5.29999780655	0.0250004289361	0.0	0.0	0.0	0.0	0.0	0.00444657254654	0.0	0.0	0.0	0.0	0.0	3.95290385313e-06	0.0	0.0	0.000218388894912	0.0	1.28878214175e-06	0.0	34.0499992371	0.0
2253	142.1584994	808.249028524	273.021046956	0.0	0.0	0.0	0.0	0.0	5.29999780655	0.0250004289361	0.0	0.0	0.0	0.0	0.0	0.00444657254654	0.0	0.0	0.0	0.0	0.0	3.95290385313e-06	0.0	0.0	0.000218388894912	0.0	1.28878214175e-06	0.0	34.0499992371	0.0
2254	142.1584994	808.249028524	273.021046956	0.0	0.0	0.0	0.0	0.0	5.29999780655	0.0250004289361	0.0	0.0	0.0	0.0	0.0	0.00444657254654	0.0	0.0	0.0	0.0	0.0	3.95290385313e-06	0.0	0.0	0.000218388894912	0.0	1.28878214175e-06	0.0	34.0499992371	0.0
2255	142.1584994	808.249028524	273.021046956	0.0	0.0	0.0	0.0	0.0	5.29999780655	0.0250004289361	0.0	0.0	0.0	0.0	0.0	0.00444657254654	0.0	0.0	0.0	0.0	0.0	3.95290385313e-06	0.0	0.0	0.000218388894912	0.0	1.28878214175e-06	0.0	34.0499992371	0.0
2256	142.1584994	808.249028524	273.021046956	0.0	0.0	0.0	0.0	0.0	5.29999780655	0.0250004289361	0.0	0.0	0.0	0.0	0.0	0.00444657254654	0.0	0.0	0.0	0.0	0.0	3.95290385313e-06	0.0	0.0	0.000218388894912	0.0	1.28878214175e-06	0.0	34.0499992371	0.0
2257	142.1584994	808.249028524	273.021046956	0.0	0.0	0.0	0.0	0.0	5.29999780655	0.0250004289361	0.0	0.0	0.0	0.0	0.0	0.00444657254654	0.0	0.0	0.0	0.0	0.0	3.95290385313e-06	0.0	0.0	0.000218388894912	0.0	1.28878214175e-06	0.0	34.0499992371	0.0
2258	142.1584994	808.249028524	273.021046956	0.0	0.0	0.0	0.0	0.0	5.29999780655	0.0250004289361	0.0	0.0	0.0	0.0	0.0	0.00444657254654	0.0	0.0	0.0	0.0	0.0	3.95290385313e-06	0.0	0.0	0.000218388894912	0.0	1.28878214175e-06	0.0	34.0499992371	0.0
2259	142.1584994	808.249028524	273.021046956	0.0	0.0	0.0	0.0	0.0	5.29999780655	0.0250004289361	0.0	0.0	0.0	0.0	0.0	0.00444657254654	0.0	0.0	0.0	0.0	0.0	3.95290385313e-06	0.0	0.0	0.000218388894912	0.0	1.28878214175e-06	0.0	34.0499992371	0.0
2260	142.1584994	808.249028524	273.021046956	0.0	0.0	0.0	0.0	0.0	5.29999780655	0.0250004289361	0.0	0.0	0.0	0.0	0.0	0.00444657254654	0.0	0.0	0.0	0.0	0.0	3.95290385313e-06	0.0	0.0	0.000218388894912	0.0	1.28878214175e-06	0.0	34.0499992371	0.0
2261	142.1584994	808.249028524	273.021046956	0.0	0.0	0.0	0.0	0.0	5.29999780655	0.0250004289361	0.0	0.0	0.0	0.0	0.0	0.00444657254654	0.0	0.0	0.0	0.0	0.0	3.95290385313e-06	0.0	0.0	0.000218388894912	0.0	1.28878214175e-06	0.0	34.0499992371	0.0
2262	142.1584994	808.249028524	273.021046956	0.0	0.0	0.0	0.0	0.0	5.29999780655	0.0250004289361	0.0	0.0	0.0	0.0	0.0	0.00444657254654	0.0	0.0	0.0	0.0	0.0	3.95290385313e-06	0.0	0.0	0.000218388894912	0.0	1.28878214175e-06	0.0	34.0499992371	0.0
2263	142.1584994	808.249028524	273.021046956	0.0	0.0	0.0	0.0	0.0	5.29999780655	0.0250004289361	0.0	0.0	0.0	0.0	0.0	0.00444657254654	0.0	0.0	0.0	0.0	0.0	3.95290385313e-06	0.0	0.0	0.000218388894912	0.0	1.28878214175e-06	0.0	34.0499992371	0.0
2264	142.1584994	808.249028524	273.021046956	0.0	0.0	0.0	0.0	0.0	5.29999780655	0.0250004289361	0.0	0.0	0.0	0.0	0.0	0.00444657254654	0.0	0.0	0.0	0.0	0.0	3.95290385313e-06	0.0	0.0	0.000218388894912	0.0	1.28878214175e-06	0.0	34.0499992371	0.0
2265	142.1584994	808.249028524	273.021046956	0.0	0.0	0.0	0.0	0.0	5.29999780655	0.0250004289361	0.0	0.0	0.0	0.0	0.0	0.00444657254654	0.0	0.0	0.0	0.0	0.0	3.95290385313e-06	0.0	0.0	0.000218388894912	0.0	1.28878214175e-06	0.0	34.0499992371	0.0
2266	142.1584994	808.249028524	273.021046956	0.0	0.0	0.0	0.0	0.0	5.29999780655	0.0250004289361	0.0	0.0	0.0	0.0	0.0	0.00444657254654	0.0	0.0	0.0	0.0	0.0	3.95290385313e-06	0.0	0.0	0.000218388894912	0.0	1.28878214175e-06	0.0	34.0499992371	0.0
2267	142.1584994	808.249028524	273.021046956	0.0	0.0	0.0	0.0	0.0	5.29999780655	0.0250004289361	0.0	0.0	0.0	0.0	0.0	0.00444657254654	0.0	0.0	0.0	0.0	0.0	3.95290385313e-06	0.0	0.0	0.000218388894912	0.0	1.28878214175e-06	0.0	34.0499992371	0.0
2268	142.1584994	808.249028524	273.021046956	0.0	0.0	0.0	0.0	0.0	5.29999780655	0.0250004289361	0.0	0.0	0.0	0.0	0.0	0.00444657254654	0.0	0.0	0.0	0.0	0.0	3.95290385313e-06	0.0	0.0	0.000218388894912	0.0	1.28878214175e-06	0.0	34.0499992371	0.0
2269	142.1584994	808.249028524	273.021046956	0.0	0.0	0.0	0.0	0.0	5.29999780655	0.0250004289361	0.0	0.0	0.0	0.0	0.0	0.00444657254654	0.0	0.0	0.0	0.0	0.0	3.95290385313e-06	0.0	0.0	0.000218388894912	0.0	1.28878214175e-06	0.0	34.0499992371	0.0
2270	142.1584994	808.249028524	273.021046956	0.0	0.0	0.0	0.0	0.0	5.29999780655	0.0250004289361	0.0	0.0	0.0	0.0	0.0	0.00444657254654	0.0	0.0	0.0	0.0	0.0	3.95290385313e-06	0.0	0.0	0.000218388894912	0.0	1.28878214175e-06	0.0	34.0499992371	0.0
2271	142.1584994	808.249028524	273.021046956	0.0	0.0	0.0	0.0	0.0	5.29999780655	0.0250004289361	0.0	0.0	0.0	0.0	0.0	0.00444657254654	0.0	0.0	0.0	0.0	0.0	3.95290385313e-06	0.0	0.0	0.000218388894912	0.0	1.28878214175e-06	0.0	34.0499992371	0.0
2272	142.1584994	808.249028524	273.021046956	0.0	0.0	0.0	0.0	0.0	5.29999780655	0.0250004289361	0.0	0.0	0.0	0.0	0.0	0.00444657254654	0.0	0.0	0.0	0.0	0.0	3.95290385313e-06	0.0	0.0	0.000218388894912	0.0	1.28878214175e-06	0.0	34.0499992371	0.0
2273	142.1584994	808.249028524	273.021046956	0.0	0.0	0.0	0.0	0.0	5.29999780655	0.0250004289361	0.0	0.0	0.0	0.0	0.0	0.00444657254654	0.0	0.0	0.0	0.0	0.0	3.95290385313e-06	0.0	0.0	0.000218388894912	0.0	1.28878214175e-06	0.0	34.0499992371	0.0
2274	142.1584994	808.249028524	273.021046956	0.0	0.0	0.0	0.0	0.0	5.29999780655	0.0250004289361	0.0	0.0	0.0	0.0	0.0	0.00444657254654	0.0	0.0	0.0	0.0	0.0	3.95290385313e-06	0.0	0.0	0.000218388894912	0.0	1.28878214175e-06	0.0	34.0499992371	0.0
2275	142.1584994	808.249028524	273.021046956	0.0	0.0	0.0	0.0	0.0	5.29999780655	0.0250004289361	0.0	0.0	0.0	0.0	0.0	0.00444657254654	0.0	0.0	0.0	0.0	0.0	3.95290385313e-06	0.0	0.0	0.000218388894912	0.0	1.28878214175e-06	0.0	34.0499992371	0.0
2276	142.1584994	808.249028524	273.021046956	0.0	0.0	0.0	0.0	0.0	5.29999780655	0.0250004289361	0.0	0.0	0.0	0.0	0.0	0.00444657254654	0.0	0.0	0.0	0.0	0.0	3.95290385313e-06	0.0	0.0	0.000218388894912	0.0	1.28878214175e-06	0.0	34.0499992371	0.0
2277	142.1584994	808.249028524	273.021046956	0.0	0.0	0.0	0.0	0.0	5.29999780655	0.0250004289361	0.0	0.0	0.0	0.0	0.0	0.00444657254654	0.0	0.0	0.0	0.0	0.0	3.95290385313e-06	0.0	0.0	0.000218388894912	0.0	1.28878214175e-06	0.0	34.0499992371	0.0
2278	142.1584994	808.249028524	273.021046956	0.0	0.0	0.0	0.0	0.0	5.29999780655	0.0250004289361	0.0	0.0	0.0	0.0	0.0	0.00444657254654	0.0	0.0	0.0	0.0	0.0	3.95290385313e-06	0.0	0.0	0.000218388894912	0.0	1.28878214175e-06	0.0	34.0499992371	0.0
2279	142.1584994	808.249028524	273.021046956	0.0	0.0	0.0	0.0	0.0	5.29999780655	0.0250004289361	0.0	0.0	0.0	0.0	0.0	0.00444657254654	0.0	0.0	0.0	0.0	0.0	3.95290385313e-06	0.0	0.0	0.000218388894912	0.0	1.28878214175e-06	0.0	34.0499992371	0.0
2280	142.1584994	808.249028524	273.021046956	0.0	0.0	0.0	0.0	0.0	5.29999780655	0.0250004289361	0.0	0.0	0.0	0.0	0.0	0.00444657254654	0.0	0.0	0.0	0.0	0.0	3.95290385313e-06	0.0	0.0	0.000218388894912	0.0	1.28878214175e-06	0.0	34.0499992371	0.0
2281	142.1584994	808.249028524	273.021046956	0.0	0.0	0.0	0.0	0.0	5.29999780655	0.0250004289361	0.0	0.0	0.0	0.0	0.0	0.00444657254654	0.0	0.0	0.0	0.0	0.0	3.95290385313e-06	0.0	0.0	0.000218388894912	0.0	1.28878214175e-06	0.0	34.0499992371	0.0
2282	142.1584994	808.249028524	273.021046956	0.0	0.0	0.0	0.0	0.0	5.29999780655	0.0250004289361	0.0	0.0	0.0	0.0	0.0	0.00444657254654	0.0	0.0	0.0	0.0	0.0	3.95290385313e-06	0.0	0.0	0.000218388894912	0.0	1.28878214175e-06	0.0	34.0499992371	0.0
2283	142.1584994	808.249028524	273.021046956	0.0	0.0	0.0	0.0	0.0	5.29999780655	0.0250004289361	0.0	0.0	0.0	0.0	0.0	0.00444657254654	0.0	0.0	0.0	0.0	0.0	3.95290385313e-06	0.0	0.0	0.000218388894912	0.0	1.28878214175e-06	0.0	34.0499992371	0.0
2284	142.1584994	808.249028524	273.021046956	0.0	0.0	0.0	0.0	0.0	5.29999780655	0.0250004289361	0.0	0.0	0.0	0.0	0.0	0.00444657254654	0.0	0.0	0.0	0.0	0.0	3.95290385313e-06	0.0	0.0	0.000218388894912	0.0	1.28878214175e-06	0.0	34.0499992371	0.0
2285	142.1584994	808.249028524	273.021046956	0.0	0.0	0.0	0.0	0.0	5.29999780655	0.0250004289361	0.0	0.0	0.0	0.0	0.0	0.00444657254654	0.0	0.0	0.0	0.0	0.0	3.95290385313e-06	0.0	0.0	0.000218388894912	0.0	1.28878214175e-06	0.0	34.0499992371	0.0
2286	142.1584994	808.249028524	273.021046956	0.0	0.0	0.0	0.0	0.0	5.29999780655	0.0250004289361	0.0	0.0	0.0	0.0	0.0	0.00444657254654	0.0	0.0	0.0	0.0	0.0	3.95290385313e-06	0.0	0.0	0.000218388894912	0.0	1.28878214175e-06	0.0	34.0499992371	0.0
2287	142.1584994	808.249028524	273.021046956	0.0	0.0	0.0	0.0	0.0	5.29999780655	0.0250004289361	0.0	0.0	0.0	0.0	0.0	0.00444657254654	0.0	0.0	0.0	0.0	0.0	3.95290385313e-06	0.0	0.0	0.000218388894912	0.0	1.28878214175e-06	0.0	34.0499992371	0.0
2288	142.1584994	808.249028524	273.021046956	0.0	0.0	0.0	0.0	0.0	5.29999780655	0.0250004289361	0.0	0.0	0.0	0.0	0.0	0.00444657254654	0.0	0.0	0.0	0.0	0.0	3.95290385313e-06	0.0	0.0	0.000218388894912	0.0	1.28878214175e-06	0.0	34.0499992371	0.0
2289	142.1584994	808.249028524	273.021046956	0.0	0.0	0.0	0.0	0.0	5.29999780655	0.0250004289361	0.0	0.0	0.0	0.0	0.0	0.00444657254654	0.0	0.0	0.0	0.0	0.0	3.95290385313e-06	0.0	0.0	0.000218388894912	0.0	1.28878214175e-06	0.0	34.0499992371	0.0
2290	142.1584994	808.249028524	273.021046956	0.0	0.0	0.0	0.0	0.0	5.29999780655	0.0250004289361	0.0	0.0	0.0	0.0	0.0	0.00444657254654	0.0	0.0	0.0	0.0	0.0	3.95290385313e-06	0.0	0.0	0.000218388894912	0.0	1.28878214175e-06	0.0	34.0499992371	0.0
2291	142.1584994	808.249028524	273.021046956	0.0	0.0	0.0	0.0	0.0	5.29999780655	0.0250004289361	0.0	0.0	0.0	0.0	0.0	0.00444657254654	0.0	0.0	0.0	0.0	0.0	3.95290385313e-06	0.0	0.0	0.000218388894912	0.0	1.28878214175e-06	0.0	34.0499992371	0.0
2292	142.1584994	808.249028524	273.021046956	0.0	0.0	0.0	0.0	0.0	5.29999780655	0.0250004289361	0.0	0.0	0.0	0.0	0.0	0.00444657254654	0.0	0.0	0.0	0.0	0.0	3.95290385313e-06	0.0	0.0	0.000218388894912	0.0	1.28878214175e-06	0.0	34.0499992371	0.0
2293	142.1584994	808.249028524	273.021046956	0.0	0.0	0.0	0.0	0.0	5.29999780655	0.0250004289361	0.0	0.0	0.0	0.0	0.0	0.00444657254654	0.0	0.0	0.0	0.0	0.0	3.95290385313e-06	0.0	0.0	0.000218388894912	0.0	1.28878214175e-06	0.0	34.0499992371	0.0
2294	142.1584994	808.249028524	273.021046956	0.0	0.0	0.0	0.0	0.0	5.29999780655	0.0250004289361	0.0	0.0	0.0	0.0	0.0	0.00444657254654	0.0	0.0	0.0	0.0	0.0	3.95290385313e-06	0.0	0.0	0.000218388894912	0.0	1.28878214175e-06	0.0	34.0499992371	0.0
2295	142.1584994	808.249028524	273.021046956	0.0	0.0	0.0	0.0	0.0	5.29999780655	0.0250004289361	0.0	0.0	0.0	0.0	0.0	0.00444657254654	0.0	0.0	0.0	0.0	0.0	3.95290385313e-06	0.0	0.0	0.000218388894912	0.0	1.28878214175e-06	0.0	34.0499992371	0.0
2296	142.1584994	808.249028524	273.021046956	0.0	0.0	0.0	0.0	0.0	5.29999780655	0.0250004289361	0.0	0.0	0.0	0.0	0.0	0.00444657254654	0.0	0.0	0.0	0.0	0.0	3.95290385313e-06	0.0	0.0	0.000218388894912	0.0	1.28878214175e-06	0.0	34.0499992371	0.0
2297	142.1584994	808.249028524	273.021046956	0.0	0.0	0.0	0.0	0.0	5.29999780655	0.0250004289361	0.0	0.0	0.0	0.0	0.0	0.00444657254654	0.0	0.0	0.0	0.0	0.0	3.95290385313e-06	0.0	0.0	0.000218388894912	0.0	1.28878214175e-06	0.0	34.0499992371	0.0
2298	142.1584994	808.249028524	273.021046956	0.0	0.0	0.0	0.0	0.0	5.29999780655	0.0250004289361	0.0	0.0	0.0	0.0	0.0	0.00444657254654	0.0	0.0	0.0	0.0	0.0	3.95290385313e-06	0.0	0.0	0.000218388894912	0.0	1.28878214175e-06	0.0	34.0499992371	0.0
2299	142.1584994	808.249028524	273.021046956	0.0	0.0	0.0	0.0	0.0	5.29999780655	0.0250004289361	0.0	0.0	0.0	0.0	0.0	0.00444657254654	0.0	0.0	0.0	0.0	0.0	3.95290385313e-06	0.0	0.0	0.000218388894912	0.0	1.28878214175e-06	0.0	34.0499992371	0.0
2300	142.1584994	808.249028524	273.021046956	0.0	0.0	0.0	0.0	0.0	5.29999780655	0.0250004289361	0.0	0.0	0.0	0.0	0.0	0.00444657254654	0.0	0.0	0.0	0.0	0.0	3.95290385313e-06	0.0	0.0	0.000218388894912	0.0	1.28878214175e-06	0.0	34.0499992371	0.0
2301	142.1584994	808.249028524	273.021046956	0.0	0.0	0.0	0.0	0.0	5.29999780655	0.0250004289361	0.0	0.0	0.0	0.0	0.0	0.00444657254654	0.0	0.0	0.0	0.0	0.0	3.95290385313e-06	0.0	0.0	0.000218388894912	0.0	1.28878214175e-06	0.0	34.0499992371	0.0
2302	142.1584994	808.249028524	273.021046956	0.0	0.0	0.0	0.0	0.0	5.29999780655	0.0250004289361	0.0	0.0	0.0	0.0	0.0	0.00444657254654	0.0	0.0	0.0	0.0	0.0	3.95290385313e-06	0.0	0.0	0.000218388894912	0.0	1.28878214175e-06	0.0	34.0499992371	0.0
2303	142.1584994	808.249028524	273.021046956	0.0	0.0	0.0	0.0	0.0	5.29999780655	0.0250004289361	0.0	0.0	0.0	0.0	0.0	0.00444657254654	0.0	0.0	0.0	0.0	0.0	3.95290385313e-06	0.0	0.0	0.000218388894912	0.0	1.28878214175e-06	0.0	34.0499992371	0.0
2304	142.1584994	808.249028524	273.021046956	0.0	0.0	0.0	0.0	0.0	5.29999780655	0.0250004289361	0.0	0.0	0.0	0.0	0.0	0.00444657254654	0.0	0.0	0.0	0.0	0.0	3.95290385313e-06	0.0	0.0	0.000218388894912	0.0	1.28878214175e-06	0.0	34.0499992371	0.0
2305	142.1584994	808.249028524	273.021046956	0.0	0.0	0.0	0.0	0.0	5.29999780655	0.0250004289361	0.0	0.0	0.0	0.0	0.0	0.00444657254654	0.0	0.0	0.0	0.0	0.0	3.95290385313e-06	0.0	0.0	0.000218388894912	0.0	1.28878214175e-06	0.0	34.0499992371	0.0
2306	142.1584994	808.249028524	273.021046956	0.0	0.0	0.0	0.0	0.0	5.29999780655	0.0250004289361	0.0	0.0	0.0	0.0	0.0	0.00444657254654	0.0	0.0	0.0	0.0	0.0	3.95290385313e-06	0.0	0.0	0.000218388894912	0.0	1.28878214175e-06	0.0	34.0499992371	0.0
2307	142.1584994	808.249028524	273.021046956	0.0	0.0	0.0	0.0	0.0	5.29999780655	0.0250004289361	0.0	0.0	0.0	0.0	0.0	0.00444657254654	0.0	0.0	0.0	0.0	0.0	3.95290385313e-06	0.0	0.0	0.000218388894912	0.0	1.28878214175e-06	0.0	34.0499992371	0.0
2308	142.1584994	808.249028524	273.021046956	0.0	0.0	0.0	0.0	0.0	5.29999780655	0.0250004289361	0.0	0.0	0.0	0.0	0.0	0.00444657254654	0.0	0.0	0.0	0.0	0.0	3.95290385313e-06	0.0	0.0	0.000218388894912	0.0	1.28878214175e-06	0.0	34.0499992371	0.0
2309	142.1584994	808.249028524	273.021046956	0.0	0.0	0.0	0.0	0.0	5.29999780655	0.0250004289361	0.0	0.0	0.0	0.0	0.0	0.00444657254654	0.0	0.0	0.0	0.0	0.0	3.95290385313e-06	0.0	0.0	0.000218388894912	0.0	1.28878214175e-06	0.0	34.0499992371	0.0
2310	142.1584994	808.249028524	273.021046956	0.0	0.0	0.0	0.0	0.0	5.29999780655	0.0250004289361	0.0	0.0	0.0	0.0	0.0	0.00444657254654	0.0	0.0	0.0	0.0	0.0	3.95290385313e-06	0.0	0.0	0.000218388894912	0.0	1.28878214175e-06	0.0	34.0499992371	0.0
2311	142.1584994	808.249028524	273.021046956	0.0	0.0	0.0	0.0	0.0	5.29999780655	0.0250004289361	0.0	0.0	0.0	0.0	0.0	0.00444657254654	0.0	0.0	0.0	0.0	0.0	3.95290385313e-06	0.0	0.0	0.000218388894912	0.0	1.28878214175e-06	0.0	34.0499992371	0.0
2312	142.1584994	808.249028524	273.021046956	0.0	0.0	0.0	0.0	0.0	5.29999780655	0.0250004289361	0.0	0.0	0.0	0.0	0.0	0.00444657254654	0.0	0.0	0.0	0.0	0.0	3.95290385313e-06	0.0	0.0	0.000218388894912	0.0	1.28878214175e-06	0.0	34.0499992371	0.0
2313	142.1584994	808.249028524	273.021046956	0.0	0.0	0.0	0.0	0.0	5.29999780655	0.0250004289361	0.0	0.0	0.0	0.0	0.0	0.00444657254654	0.0	0.0	0.0	0.0	0.0	3.95290385313e-06	0.0	0.0	0.000218388894912	0.0	1.28878214175e-06	0.0	34.0499992371	0.0
2314	142.1584994	808.249028524	273.021046956	0.0	0.0	0.0	0.0	0.0	5.29999780655	0.0250004289361	0.0	0.0	0.0	0.0	0.0	0.00444657254654	0.0	0.0	0.0	0.0	0.0	3.95290385313e-06	0.0	0.0	0.000218388894912	0.0	1.28878214175e-06	0.0	34.0499992371	0.0
2315	142.1584994	808.249028524	273.021046956	0.0	0.0	0.0	0.0	0.0	5.29999780655	0.0250004289361	0.0	0.0	0.0	0.0	0.0	0.00444657254654	0.0	0.0	0.0	0.0	0.0	3.95290385313e-06	0.0	0.0	0.000218388894912	0.0	1.28878214175e-06	0.0	34.0499992371	0.0
2316	142.1584994	808.249028524	273.021046956	0.0	0.0	0.0	0.0	0.0	5.29999780655	0.0250004289361	0.0	0.0	0.0	0.0	0.0	0.00444657254654	0.0	0.0	0.0	0.0	0.0	3.95290385313e-06	0.0	0.0	0.000218388894912	0.0	1.28878214175e-06	0.0	34.0499992371	0.0
2317	142.1584994	808.249028524	273.021046956	0.0	0.0	0.0	0.0	0.0	5.29999780655	0.0250004289361	0.0	0.0	0.0	0.0	0.0	0.00444657254654	0.0	0.0	0.0	0.0	0.0	3.95290385313e-06	0.0	0.0	0.000218388894912	0.0	1.28878214175e-06	0.0	34.0499992371	0.0
2318	142.1584994	808.249028524	273.021046956	0.0	0.0	0.0	0.0	0.0	5.29999780655	0.0250004289361	0.0	0.0	0.0	0.0	0.0	0.00444657254654	0.0	0.0	0.0	0.0	0.0	3.95290385313e-06	0.0	0.0	0.000218388894912	0.0	1.28878214175e-06	0.0	34.0499992371	0.0
2319	142.1584994	808.249028524	273.021046956	0.0	0.0	0.0	0.0	0.0	5.29999780655	0.0250004289361	0.0	0.0	0.0	0.0	0.0	0.00444657254654	0.0	0.0	0.0	0.0	0.0	3.95290385313e-06	0.0	0.0	0.000218388894912	0.0	1.28878214175e-06	0.0	34.0499992371	0.0
2320	142.1584994	808.249028524	273.021046956	0.0	0.0	0.0	0.0	0.0	5.29999780655	0.0250004289361	0.0	0.0	0.0	0.0	0.0	0.00444657254654	0.0	0.0	0.0	0.0	0.0	3.95290385313e-06	0.0	0.0	0.000218388894912	0.0	1.28878214175e-06	0.0	34.0499992371	0.0
2321	142.1584994	808.249028524	273.021046956	0.0	0.0	0.0	0.0	0.0	5.29999780655	0.0250004289361	0.0	0.0	0.0	0.0	0.0	0.00444657254654	0.0	0.0	0.0	0.0	0.0	3.95290385313e-06	0.0	0.0	0.000218388894912	0.0	1.28878214175e-06	0.0	34.0499992371	0.0
2322	142.1584994	808.249028524	273.021046956	0.0	0.0	0.0	0.0	0.0	5.29999780655	0.0250004289361	0.0	0.0	0.0	0.0	0.0	0.00444657254654	0.0	0.0	0.0	0.0	0.0	3.95290385313e-06	0.0	0.0	0.000218388894912	0.0	1.28878214175e-06	0.0	34.0499992371	0.0
2323	142.1584994	808.249028524	273.021046956	0.0	0.0	0.0	0.0	0.0	5.29999780655	0.0250004289361	0.0	0.0	0.0	0.0	0.0	0.00444657254654	0.0	0.0	0.0	0.0	0.0	3.95290385313e-06	0.0	0.0	0.000218388894912	0.0	1.28878214175e-06	0.0	34.0499992371	0.0
2324	142.1584994	808.249028524	273.021046956	0.0	0.0	0.0	0.0	0.0	5.29999780655	0.0250004289361	0.0	0.0	0.0	0.0	0.0	0.00444657254654	0.0	0.0	0.0	0.0	0.0	3.95290385313e-06	0.0	0.0	0.000218388894912	0.0	1.28878214175e-06	0.0	34.0499992371	0.0
2325	142.1584994	808.249028524	273.021046956	0.0	0.0	0.0	0.0	0.0	5.29999780655	0.0250004289361	0.0	0.0	0.0	0.0	0.0	0.00444657254654	0.0	0.0	0.0	0.0	0.0	3.95290385313e-06	0.0	0.0	0.000218388894912	0.0	1.28878214175e-06	0.0	34.0499992371	0.0
2326	142.1584994	808.249028524	273.021046956	0.0	0.0	0.0	0.0	0.0	5.29999780655	0.0250004289361	0.0	0.0	0.0	0.0	0.0	0.00444657254654	0.0	0.0	0.0	0.0	0.0	3.95290385313e-06	0.0	0.0	0.000218388894912	0.0	1.28878214175e-06	0.0	34.0499992371	0.0
2327	142.1584994	808.249028524	273.021046956	0.0	0.0	0.0	0.0	0.0	5.29999780655	0.0250004289361	0.0	0.0	0.0	0.0	0.0	0.00444657254654	0.0	0.0	0.0	0.0	0.0	3.95290385313e-06	0.0	0.0	0.000218388894912	0.0	1.28878214175e-06	0.0	34.0499992371	0.0
2328	142.1584994	808.249028524	273.021046956	0.0	0.0	0.0	0.0	0.0	5.29999780655	0.0250004289361	0.0	0.0	0.0	0.0	0.0	0.00444657254654	0.0	0.0	0.0	0.0	0.0	3.95290385313e-06	0.0	0.0	0.000218388894912	0.0	1.28878214175e-06	0.0	34.0499992371	0.0
2329	142.1584994	808.249028524	273.021046956	0.0	0.0	0.0	0.0	0.0	5.29999780655	0.0250004289361	0.0	0.0	0.0	0.0	0.0	0.00444657254654	0.0	0.0	0.0	0.0	0.0	3.95290385313e-06	0.0	0.0	0.000218388894912	0.0	1.28878214175e-06	0.0	34.0499992371	0.0
2330	142.1584994	808.249028524	273.021046956	0.0	0.0	0.0	0.0	0.0	5.29999780655	0.0250004289361	0.0	0.0	0.0	0.0	0.0	0.00444657254654	0.0	0.0	0.0	0.0	0.0	3.95290385313e-06	0.0	0.0	0.000218388894912	0.0	1.28878214175e-06	0.0	34.0499992371	0.0
2331	142.1584994	808.249028524	273.021046956	0.0	0.0	0.0	0.0	0.0	5.29999780655	0.0250004289361	0.0	0.0	0.0	0.0	0.0	0.00444657254654	0.0	0.0	0.0	0.0	0.0	3.95290385313e-06	0.0	0.0	0.000218388894912	0.0	1.28878214175e-06	0.0	34.0499992371	0.0
2332	142.1584994	808.249028524	273.021046956	0.0	0.0	0.0	0.0	0.0	5.29999780655	0.0250004289361	0.0	0.0	0.0	0.0	0.0	0.00444657254654	0.0	0.0	0.0	0.0	0.0	3.95290385313e-06	0.0	0.0	0.000218388894912	0.0	1.28878214175e-06	0.0	34.0499992371	0.0
2333	142.1584994	808.249028524	273.021046956	0.0	0.0	0.0	0.0	0.0	5.29999780655	0.0250004289361	0.0	0.0	0.0	0.0	0.0	0.00444657254654	0.0	0.0	0.0	0.0	0.0	3.95290385313e-06	0.0	0.0	0.000218388894912	0.0	1.28878214175e-06	0.0	34.0499992371	0.0
2334	142.1584994	808.249028524	273.021046956	0.0	0.0	0.0	0.0	0.0	5.29999780655	0.0250004289361	0.0	0.0	0.0	0.0	0.0	0.00444657254654	0.0	0.0	0.0	0.0	0.0	3.95290385313e-06	0.0	0.0	0.000218388894912	0.0	1.28878214175e-06	0.0	34.0499992371	0.0
2335	142.1584994	808.249028524	273.021046956	0.0	0.0	0.0	0.0	0.0	5.29999780655	0.0250004289361	0.0	0.0	0.0	0.0	0.0	0.00444657254654	0.0	0.0	0.0	0.0	0.0	3.95290385313e-06	0.0	0.0	0.000218388894912	0.0	1.28878214175e-06	0.0	34.0499992371	0.0
2336	142.1584994	808.249028524	273.021046956	0.0	0.0	0.0	0.0	0.0	5.29999780655	0.0250004289361	0.0	0.0	0.0	0.0	0.0	0.00444657254654	0.0	0.0	0.0	0.0	0.0	3.95290385313e-06	0.0	0.0	0.000218388894912	0.0	1.28878214175e-06	0.0	34.0499992371	0.0
2337	142.1584994	808.249028524	273.021046956	0.0	0.0	0.0	0.0	0.0	5.29999780655	0.0250004289361	0.0	0.0	0.0	0.0	0.0	0.00444657254654	0.0	0.0	0.0	0.0	0.0	3.95290385313e-06	0.0	0.0	0.000218388894912	0.0	1.28878214175e-06	0.0	34.0499992371	0.0
2338	142.1584994	808.249028524	273.021046956	0.0	0.0	0.0	0.0	0.0	5.29999780655	0.0250004289361	0.0	0.0	0.0	0.0	0.0	0.00444657254654	0.0	0.0	0.0	0.0	0.0	3.95290385313e-06	0.0	0.0	0.000218388894912	0.0	1.28878214175e-06	0.0	34.0499992371	0.0
2339	142.1584994	808.249028524	273.021046956	0.0	0.0	0.0	0.0	0.0	5.29999780655	0.0250004289361	0.0	0.0	0.0	0.0	0.0	0.00444657254654	0.0	0.0	0.0	0.0	0.0	3.95290385313e-06	0.0	0.0	0.000218388894912	0.0	1.28878214175e-06	0.0	34.0499992371	0.0
2340	142.1584994	808.249028524	273.021046956	0.0	0.0	0.0	0.0	0.0	5.29999780655	0.0250004289361	0.0	0.0	0.0	0.0	0.0	0.00444657254654	0.0	0.0	0.0	0.0	0.0	3.95290385313e-06	0.0	0.0	0.000218388894912	0.0	1.28878214175e-06	0.0	34.0499992371	0.0
2341	142.1584994	808.249028524	273.021046956	0.0	0.0	0.0	0.0	0.0	5.29999780655	0.0250004289361	0.0	0.0	0.0	0.0	0.0	0.00444657254654	0.0	0.0	0.0	0.0	0.0	3.95290385313e-06	0.0	0.0	0.000218388894912	0.0	1.28878214175e-06	0.0	34.0499992371	0.0
2342	142.1584994	808.249028524	273.021046956	0.0	0.0	0.0	0.0	0.0	5.29999780655	0.0250004289361	0.0	0.0	0.0	0.0	0.0	0.00444657254654	0.0	0.0	0.0	0.0	0.0	3.95290385313e-06	0.0	0.0	0.000218388894912	0.0	1.28878214175e-06	0.0	34.0499992371	0.0
2343	142.1584994	808.249028524	273.021046956	0.0	0.0	0.0	0.0	0.0	5.29999780655	0.0250004289361	0.0	0.0	0.0	0.0	0.0	0.00444657254654	0.0	0.0	0.0	0.0	0.0	3.95290385313e-06	0.0	0.0	0.000218388894912	0.0	1.28878214175e-06	0.0	34.0499992371	0.0
2344	142.1584994	808.249028524	273.021046956	0.0	0.0	0.0	0.0	0.0	5.29999780655	0.0250004289361	0.0	0.0	0.0	0.0	0.0	0.00444657254654	0.0	0.0	0.0	0.0	0.0	3.95290385313e-06	0.0	0.0	0.000218388894912	0.0	1.28878214175e-06	0.0	34.0499992371	0.0
2345	142.1584994	808.249028524	273.021046956	0.0	0.0	0.0	0.0	0.0	5.29999780655	0.0250004289361	0.0	0.0	0.0	0.0	0.0	0.00444657254654	0.0	0.0	0.0	0.0	0.0	3.95290385313e-06	0.0	0.0	0.000218388894912	0.0	1.28878214175e-06	0.0	34.0499992371	0.0
2346	142.1584994	808.249028524	273.021046956	0.0	0.0	0.0	0.0	0.0	5.29999780655	0.0250004289361	0.0	0.0	0.0	0.0	0.0	0.00444657254654	0.0	0.0	0.0	0.0	0.0	3.95290385313e-06	0.0	0.0	0.000218388894912	0.0	1.28878214175e-06	0.0	34.0499992371	0.0
2347	142.1584994	808.249028524	273.021046956	0.0	0.0	0.0	0.0	0.0	5.29999780655	0.0250004289361	0.0	0.0	0.0	0.0	0.0	0.00444657254654	0.0	0.0	0.0	0.0	0.0	3.95290385313e-06	0.0	0.0	0.000218388894912	0.0	1.28878214175e-06	0.0	34.0499992371	0.0
2348	142.1584994	808.249028524	273.021046956	0.0	0.0	0.0	0.0	0.0	5.29999780655	0.0250004289361	0.0	0.0	0.0	0.0	0.0	0.00444657254654	0.0	0.0	0.0	0.0	0.0	3.95290385313e-06	0.0	0.0	0.000218388894912	0.0	1.28878214175e-06	0.0	34.0499992371	0.0
2349	142.1584994	808.249028524	273.021046956	0.0	0.0	0.0	0.0	0.0	5.29999780655	0.0250004289361	0.0	0.0	0.0	0.0	0.0	0.00444657254654	0.0	0.0	0.0	0.0	0.0	3.95290385313e-06	0.0	0.0	0.000218388894912	0.0	1.28878214175e-06	0.0	34.0499992371	0.0
2350	142.1584994	808.249028524	273.021046956	0.0	0.0	0.0	0.0	0.0	5.29999780655	0.0250004289361	0.0	0.0	0.0	0.0	0.0	0.00444657254654	0.0	0.0	0.0	0.0	0.0	3.95290385313e-06	0.0	0.0	0.000218388894912	0.0	1.28878214175e-06	0.0	34.0499992371	0.0
2351	142.1584994	808.249028524	273.021046956	0.0	0.0	0.0	0.0	0.0	5.29999780655	0.0250004289361	0.0	0.0	0.0	0.0	0.0	0.00444657254654	0.0	0.0	0.0	0.0	0.0	3.95290385313e-06	0.0	0.0	0.000218388894912	0.0	1.28878214175e-06	0.0	34.0499992371	0.0
2352	142.1584994	808.249028524	273.021046956	0.0	0.0	0.0	0.0	0.0	5.29999780655	0.0250004289361	0.0	0.0	0.0	0.0	0.0	0.00444657254654	0.0	0.0	0.0	0.0	0.0	3.95290385313e-06	0.0	0.0	0.000218388894912	0.0	1.28878214175e-06	0.0	34.0499992371	0.0
2353	142.1584994	808.249028524	273.021046956	0.0	0.0	0.0	0.0	0.0	5.29999780655	0.0250004289361	0.0	0.0	0.0	0.0	0.0	0.00444657254654	0.0	0.0	0.0	0.0	0.0	3.95290385313e-06	0.0	0.0	0.000218388894912	0.0	1.28878214175e-06	0.0	34.0499992371	0.0
2354	142.1584994	808.249028524	273.021046956	0.0	0.0	0.0	0.0	0.0	5.29999780655	0.0250004289361	0.0	0.0	0.0	0.0	0.0	0.00444657254654	0.0	0.0	0.0	0.0	0.0	3.95290385313e-06	0.0	0.0	0.000218388894912	0.0	1.28878214175e-06	0.0	34.0499992371	0.0
2355	142.1584994	808.249028524	273.021046956	0.0	0.0	0.0	0.0	0.0	5.29999780655	0.0250004289361	0.0	0.0	0.0	0.0	0.0	0.00444657254654	0.0	0.0	0.0	0.0	0.0	3.95290385313e-06	0.0	0.0	0.000218388894912	0.0	1.28878214175e-06	0.0	34.0499992371	0.0
2356	142.1584994	808.249028524	273.021046956	0.0	0.0	0.0	0.0	0.0	5.29999780655	0.0250004289361	0.0	0.0	0.0	0.0	0.0	0.00444657254654	0.0	0.0	0.0	0.0	0.0	3.95290385313e-06	0.0	0.0	0.000218388894912	0.0	1.28878214175e-06	0.0	34.0499992371	0.0
2357	142.1584994	808.249028524	273.021046956	0.0	0.0	0.0	0.0	0.0	5.29999780655	0.0250004289361	0.0	0.0	0.0	0.0	0.0	0.00444657254654	0.0	0.0	0.0	0.0	0.0	3.95290385313e-06	0.0	0.0	0.000218388894912	0.0	1.28878214175e-06	0.0	34.0499992371	0.0
2358	142.1584994	808.249028524	273.021046956	0.0	0.0	0.0	0.0	0.0	5.29999780655	0.0250004289361	0.0	0.0	0.0	0.0	0.0	0.00444657254654	0.0	0.0	0.0	0.0	0.0	3.95290385313e-06	0.0	0.0	0.000218388894912	0.0	1.28878214175e-06	0.0	34.0499992371	0.0
2359	142.1584994	808.249028524	273.021046956	0.0	0.0	0.0	0.0	0.0	5.29999780655	0.0250004289361	0.0	0.0	0.0	0.0	0.0	0.00444657254654	0.0	0.0	0.0	0.0	0.0	3.95290385313e-06	0.0	0.0	0.000218388894912	0.0	1.28878214175e-06	0.0	34.0499992371	0.0
2360	142.1584994	808.249028524	273.021046956	0.0	0.0	0.0	0.0	0.0	5.29999780655	0.0250004289361	0.0	0.0	0.0	0.0	0.0	0.00444657254654	0.0	0.0	0.0	0.0	0.0	3.95290385313e-06	0.0	0.0	0.000218388894912	0.0	1.28878214175e-06	0.0	34.0499992371	0.0
2361	142.1584994	808.249028524	273.021046956	0.0	0.0	0.0	0.0	0.0	5.29999780655	0.0250004289361	0.0	0.0	0.0	0.0	0.0	0.00444657254654	0.0	0.0	0.0	0.0	0.0	3.95290385313e-06	0.0	0.0	0.000218388894912	0.0	1.28878214175e-06	0.0	34.0499992371	0.0
2362	142.1584994	808.249028524	273.021046956	0.0	0.0	0.0	0.0	0.0	5.29999780655	0.0250004289361	0.0	0.0	0.0	0.0	0.0	0.00444657254654	0.0	0.0	0.0	0.0	0.0	3.95290385313e-06	0.0	0.0	0.000218388894912	0.0	1.28878214175e-06	0.0	34.0499992371	0.0
2363	142.1584994	808.249028524	273.021046956	0.0	0.0	0.0	0.0	0.0	5.29999780655	0.0250004289361	0.0	0.0	0.0	0.0	0.0	0.00444657254654	0.0	0.0	0.0	0.0	0.0	3.95290385313e-06	0.0	0.0	0.000218388894912	0.0	1.28878214175e-06	0.0	34.0499992371	0.0
2364	142.1584994	808.249028524	273.021046956	0.0	0.0	0.0	0.0	0.0	5.29999780655	0.0250004289361	0.0	0.0	0.0	0.0	0.0	0.00444657254654	0.0	0.0	0.0	0.0	0.0	3.95290385313e-06	0.0	0.0	0.000218388894912	0.0	1.28878214175e-06	0.0	34.0499992371	0.0
2365	142.1584994	808.249028524	273.021046956	0.0	0.0	0.0	0.0	0.0	5.29999780655	0.0250004289361	0.0	0.0	0.0	0.0	0.0	0.00444657254654	0.0	0.0	0.0	0.0	0.0	3.95290385313e-06	0.0	0.0	0.000218388894912	0.0	1.28878214175e-06	0.0	34.0499992371	0.0
2366	142.1584994	808.249028524	273.021046956	0.0	0.0	0.0	0.0	0.0	5.29999780655	0.0250004289361	0.0	0.0	0.0	0.0	0.0	0.00444657254654	0.0	0.0	0.0	0.0	0.0	3.95290385313e-06	0.0	0.0	0.000218388894912	0.0	1.28878214175e-06	0.0	34.0499992371	0.0
2367	142.1584994	808.249028524	273.021046956	0.0	0.0	0.0	0.0	0.0	5.29999780655	0.0250004289361	0.0	0.0	0.0	0.0	0.0	0.00444657254654	0.0	0.0	0.0	0.0	0.0	3.95290385313e-06	0.0	0.0	0.000218388894912	0.0	1.28878214175e-06	0.0	34.0499992371	0.0
2368	142.1584994	808.249028524	273.021046956	0.0	0.0	0.0	0.0	0.0	5.29999780655	0.0250004289361	0.0	0.0	0.0	0.0	0.0	0.00444657254654	0.0	0.0	0.0	0.0	0.0	3.95290385313e-06	0.0	0.0	0.000218388894912	0.0	1.28878214175e-06	0.0	34.0499992371	0.0
2369	142.1584994	808.249028524	273.021046956	0.0	0.0	0.0	0.0	0.0	5.29999780655	0.0250004289361	0.0	0.0	0.0	0.0	0.0	0.00444657254654	0.0	0.0	0.0	0.0	0.0	3.95290385313e-06	0.0	0.0	0.000218388894912	0.0	1.28878214175e-06	0.0	34.0499992371	0.0
2370	142.1584994	808.249028524	273.021046956	0.0	0.0	0.0	0.0	0.0	5.29999780655	0.0250004289361	0.0	0.0	0.0	0.0	0.0	0.00444657254654	0.0	0.0	0.0	0.0	0.0	3.95290385313e-06	0.0	0.0	0.000218388894912	0.0	1.28878214175e-06	0.0	34.0499992371	0.0
2371	142.1584994	808.249028524	273.021046956	0.0	0.0	0.0	0.0	0.0	5.29999780655	0.0250004289361	0.0	0.0	0.0	0.0	0.0	0.00444657254654	0.0	0.0	0.0	0.0	0.0	3.95290385313e-06	0.0	0.0	0.000218388894912	0.0	1.28878214175e-06	0.0	34.0499992371	0.0
2372	142.1584994	808.249028524	273.021046956	0.0	0.0	0.0	0.0	0.0	5.29999780655	0.0250004289361	0.0	0.0	0.0	0.0	0.0	0.00444657254654	0.0	0.0	0.0	0.0	0.0	3.95290385313e-06	0.0	0.0	0.000218388894912	0.0	1.28878214175e-06	0.0	34.0499992371	0.0
2373	142.1584994	808.249028524	273.021046956	0.0	0.0	0.0	0.0	0.0	5.29999780655	0.0250004289361	0.0	0.0	0.0	0.0	0.0	0.00444657254654	0.0	0.0	0.0	0.0	0.0	3.95290385313e-06	0.0	0.0	0.000218388894912	0.0	1.28878214175e-06	0.0	34.0499992371	0.0
2374	142.1584994	808.249028524	273.021046956	0.0	0.0	0.0	0.0	0.0	5.29999780655	0.0250004289361	0.0	0.0	0.0	0.0	0.0	0.00444657254654	0.0	0.0	0.0	0.0	0.0	3.95290385313e-06	0.0	0.0	0.000218388894912	0.0	1.28878214175e-06	0.0	34.0499992371	0.0
2375	142.1584994	808.249028524	273.021046956	0.0	0.0	0.0	0.0	0.0	5.29999780655	0.0250004289361	0.0	0.0	0.0	0.0	0.0	0.00444657254654	0.0	0.0	0.0	0.0	0.0	3.95290385313e-06	0.0	0.0	0.000218388894912	0.0	1.28878214175e-06	0.0	34.0499992371	0.0
2376	142.1584994	808.249028524	273.021046956	0.0	0.0	0.0	0.0	0.0	5.29999780655	0.0250004289361	0.0	0.0	0.0	0.0	0.0	0.00444657254654	0.0	0.0	0.0	0.0	0.0	3.95290385313e-06	0.0	0.0	0.000218388894912	0.0	1.28878214175e-06	0.0	34.0499992371	0.0
2377	142.1584994	808.249028524	273.021046956	0.0	0.0	0.0	0.0	0.0	5.29999780655	0.0250004289361	0.0	0.0	0.0	0.0	0.0	0.00444657254654	0.0	0.0	0.0	0.0	0.0	3.95290385313e-06	0.0	0.0	0.000218388894912	0.0	1.28878214175e-06	0.0	34.0499992371	0.0
2378	142.1584994	808.249028524	273.021046956	0.0	0.0	0.0	0.0	0.0	5.29999780655	0.0250004289361	0.0	0.0	0.0	0.0	0.0	0.00444657254654	0.0	0.0	0.0	0.0	0.0	3.95290385313e-06	0.0	0.0	0.000218388894912	0.0	1.28878214175e-06	0.0	34.0499992371	0.0
2379	142.1584994	808.249028524	273.021046956	0.0	0.0	0.0	0.0	0.0	5.29999780655	0.0250004289361	0.0	0.0	0.0	0.0	0.0	0.00444657254654	0.0	0.0	0.0	0.0	0.0	3.95290385313e-06	0.0	0.0	0.000218388894912	0.0	1.28878214175e-06	0.0	34.0499992371	0.0
2380	142.1584994	808.249028524	273.021046956	0.0	0.0	0.0	0.0	0.0	5.29999780655	0.0250004289361	0.0	0.0	0.0	0.0	0.0	0.00444657254654	0.0	0.0	0.0	0.0	0.0	3.95290385313e-06	0.0	0.0	0.000218388894912	0.0	1.28878214175e-06	0.0	34.0499992371	0.0
2381	142.1584994	808.249028524	273.021046956	0.0	0.0	0.0	0.0	0.0	5.29999780655	0.0250004289361	0.0	0.0	0.0	0.0	0.0	0.00444657254654	0.0	0.0	0.0	0.0	0.0	3.95290385313e-06	0.0	0.0	0.000218388894912	0.0	1.28878214175e-06	0.0	34.0499992371	0.0
2382	142.1584994	808.249028524	273.021046956	0.0	0.0	0.0	0.0	0.0	5.29999780655	0.0250004289361	0.0	0.0	0.0	0.0	0.0	0.00444657254654	0.0	0.0	0.0	0.0	0.0	3.95290385313e-06	0.0	0.0	0.000218388894912	0.0	1.28878214175e-06	0.0	34.0499992371	0.0
2383	142.1584994	808.249028524	273.021046956	0.0	0.0	0.0	0.0	0.0	5.29999780655	0.0250004289361	0.0	0.0	0.0	0.0	0.0	0.00444657254654	0.0	0.0	0.0	0.0	0.0	3.95290385313e-06	0.0	0.0	0.000218388894912	0.0	1.28878214175e-06	0.0	34.0499992371	0.0
2384	142.1584994	808.249028524	273.021046956	0.0	0.0	0.0	0.0	0.0	5.29999780655	0.0250004289361	0.0	0.0	0.0	0.0	0.0	0.00444657254654	0.0	0.0	0.0	0.0	0.0	3.95290385313e-06	0.0	0.0	0.000218388894912	0.0	1.28878214175e-06	0.0	34.0499992371	0.0
2385	142.1584994	808.249028524	273.021046956	0.0	0.0	0.0	0.0	0.0	5.29999780655	0.0250004289361	0.0	0.0	0.0	0.0	0.0	0.00444657254654	0.0	0.0	0.0	0.0	0.0	3.95290385313e-06	0.0	0.0	0.000218388894912	0.0	1.28878214175e-06	0.0	34.0499992371	0.0
2386	142.1584994	808.249028524	273.021046956	0.0	0.0	0.0	0.0	0.0	5.29999780655	0.0250004289361	0.0	0.0	0.0	0.0	0.0	0.00444657254654	0.0	0.0	0.0	0.0	0.0	3.95290385313e-06	0.0	0.0	0.000218388894912	0.0	1.28878214175e-06	0.0	34.0499992371	0.0
2387	142.1584994	808.249028524	273.021046956	0.0	0.0	0.0	0.0	0.0	5.29999780655	0.0250004289361	0.0	0.0	0.0	0.0	0.0	0.00444657254654	0.0	0.0	0.0	0.0	0.0	3.95290385313e-06	0.0	0.0	0.000218388894912	0.0	1.28878214175e-06	0.0	34.0499992371	0.0
2388	142.1584994	808.249028524	273.021046956	0.0	0.0	0.0	0.0	0.0	5.29999780655	0.0250004289361	0.0	0.0	0.0	0.0	0.0	0.00444657254654	0.0	0.0	0.0	0.0	0.0	3.95290385313e-06	0.0	0.0	0.000218388894912	0.0	1.28878214175e-06	0.0	34.0499992371	0.0
2389	142.1584994	808.249028524	273.021046956	0.0	0.0	0.0	0.0	0.0	5.29999780655	0.0250004289361	0.0	0.0	0.0	0.0	0.0	0.00444657254654	0.0	0.0	0.0	0.0	0.0	3.95290385313e-06	0.0	0.0	0.000218388894912	0.0	1.28878214175e-06	0.0	34.0499992371	0.0
2390	142.1584994	808.249028524	273.021046956	0.0	0.0	0.0	0.0	0.0	5.29999780655	0.0250004289361	0.0	0.0	0.0	0.0	0.0	0.00444657254654	0.0	0.0	0.0	0.0	0.0	3.95290385313e-06	0.0	0.0	0.000218388894912	0.0	1.28878214175e-06	0.0	34.0499992371	0.0
2391	142.1584994	808.249028524	273.021046956	0.0	0.0	0.0	0.0	0.0	5.29999780655	0.0250004289361	0.0	0.0	0.0	0.0	0.0	0.00444657254654	0.0	0.0	0.0	0.0	0.0	3.95290385313e-06	0.0	0.0	0.000218388894912	0.0	1.28878214175e-06	0.0	34.0499992371	0.0
2392	142.1584994	808.249028524	273.021046956	0.0	0.0	0.0	0.0	0.0	5.29999780655	0.0250004289361	0.0	0.0	0.0	0.0	0.0	0.00444657254654	0.0	0.0	0.0	0.0	0.0	3.95290385313e-06	0.0	0.0	0.000218388894912	0.0	1.28878214175e-06	0.0	34.0499992371	0.0
2393	142.1584994	808.249028524	273.021046956	0.0	0.0	0.0	0.0	0.0	5.29999780655	0.0250004289361	0.0	0.0	0.0	0.0	0.0	0.00444657254654	0.0	0.0	0.0	0.0	0.0	3.95290385313e-06	0.0	0.0	0.000218388894912	0.0	1.28878214175e-06	0.0	34.0499992371	0.0
2394	142.1584994	808.249028524	273.021046956	0.0	0.0	0.0	0.0	0.0	5.29999780655	0.0250004289361	0.0	0.0	0.0	0.0	0.0	0.00444657254654	0.0	0.0	0.0	0.0	0.0	3.95290385313e-06	0.0	0.0	0.000218388894912	0.0	1.28878214175e-06	0.0	34.0499992371	0.0
2395	142.1584994	808.249028524	273.021046956	0.0	0.0	0.0	0.0	0.0	5.29999780655	0.0250004289361	0.0	0.0	0.0	0.0	0.0	0.00444657254654	0.0	0.0	0.0	0.0	0.0	3.95290385313e-06	0.0	0.0	0.000218388894912	0.0	1.28878214175e-06	0.0	34.0499992371	0.0
2396	142.1584994	808.249028524	273.021046956	0.0	0.0	0.0	0.0	0.0	5.29999780655	0.0250004289361	0.0	0.0	0.0	0.0	0.0	0.00444657254654	0.0	0.0	0.0	0.0	0.0	3.95290385313e-06	0.0	0.0	0.000218388894912	0.0	1.28878214175e-06	0.0	34.0499992371	0.0
2397	142.1584994	808.249028524	273.021046956	0.0	0.0	0.0	0.0	0.0	5.29999780655	0.0250004289361	0.0	0.0	0.0	0.0	0.0	0.00444657254654	0.0	0.0	0.0	0.0	0.0	3.95290385313e-06	0.0	0.0	0.000218388894912	0.0	1.28878214175e-06	0.0	34.0499992371	0.0
2398	142.1584994	808.249028524	273.021046956	0.0	0.0	0.0	0.0	0.0	5.29999780655	0.0250004289361	0.0	0.0	0.0	0.0	0.0	0.00444657254654	0.0	0.0	0.0	0.0	0.0	3.95290385313e-06	0.0	0.0	0.000218388894912	0.0	1.28878214175e-06	0.0	34.0499992371	0.0
2399	142.1584994	808.249028524	273.021046956	0.0	0.0	0.0	0.0	0.0	5.29999780655	0.0250004289361	0.0	0.0	0.0	0.0	0.0	0.00444657254654	0.0	0.0	0.0	0.0	0.0	3.95290385313e-06	0.0	0.0	0.000218388894912	0.0	1.28878214175e-06	0.0	34.0499992371	0.0
2400	142.1584994	808.249028524	273.021046956	0.0	0.0	0.0	0.0	0.0	5.29999780655	0.0250004289361	0.0	0.0	0.0	0.0	0.0	0.00444657254654	0.0	0.0	0.0	0.0	0.0	3.95290385313e-06	0.0	0.0	0.000218388894912	0.0	1.28878214175e-06	0.0	34.0499992371	0.0
2401	142.1584994	808.249028524	273.021046956	0.0	0.0	0.0	0.0	0.0	5.29999780655	0.0250004289361	0.0	0.0	0.0	0.0	0.0	0.00444657254654	0.0	0.0	0.0	0.0	0.0	3.95290385313e-06	0.0	0.0	0.000218388894912	0.0	1.28878214175e-06	0.0	34.0499992371	0.0
2402	142.1584994	808.249028524	273.021046956	0.0	0.0	0.0	0.0	0.0	5.29999780655	0.0250004289361	0.0	0.0	0.0	0.0	0.0	0.00444657254654	0.0	0.0	0.0	0.0	0.0	3.95290385313e-06	0.0	0.0	0.000218388894912	0.0	1.28878214175e-06	0.0	34.0499992371	0.0
2403	142.1584994	808.249028524	273.021046956	0.0	0.0	0.0	0.0	0.0	5.29999780655	0.0250004289361	0.0	0.0	0.0	0.0	0.0	0.00444657254654	0.0	0.0	0.0	0.0	0.0	3.95290385313e-06	0.0	0.0	0.000218388894912	0.0	1.28878214175e-06	0.0	34.0499992371	0.0
2404	142.1584994	808.249028524	273.021046956	0.0	0.0	0.0	0.0	0.0	5.29999780655	0.0250004289361	0.0	0.0	0.0	0.0	0.0	0.00444657254654	0.0	0.0	0.0	0.0	0.0	3.95290385313e-06	0.0	0.0	0.000218388894912	0.0	1.28878214175e-06	0.0	34.0499992371	0.0
2405	142.1584994	808.249028524	273.021046956	0.0	0.0	0.0	0.0	0.0	5.29999780655	0.0250004289361	0.0	0.0	0.0	0.0	0.0	0.00444657254654	0.0	0.0	0.0	0.0	0.0	3.95290385313e-06	0.0	0.0	0.000218388894912	0.0	1.28878214175e-06	0.0	34.0499992371	0.0
2406	142.1584994	808.249028524	273.021046956	0.0	0.0	0.0	0.0	0.0	5.29999780655	0.0250004289361	0.0	0.0	0.0	0.0	0.0	0.00444657254654	0.0	0.0	0.0	0.0	0.0	3.95290385313e-06	0.0	0.0	0.000218388894912	0.0	1.28878214175e-06	0.0	34.0499992371	0.0
2407	142.1584994	808.249028524	273.021046956	0.0	0.0	0.0	0.0	0.0	5.29999780655	0.0250004289361	0.0	0.0	0.0	0.0	0.0	0.00444657254654	0.0	0.0	0.0	0.0	0.0	3.95290385313e-06	0.0	0.0	0.000218388894912	0.0	1.28878214175e-06	0.0	34.0499992371	0.0
2408	142.1584994	808.249028524	273.021046956	0.0	0.0	0.0	0.0	0.0	5.29999780655	0.0250004289361	0.0	0.0	0.0	0.0	0.0	0.00444657254654	0.0	0.0	0.0	0.0	0.0	3.95290385313e-06	0.0	0.0	0.000218388894912	0.0	1.28878214175e-06	0.0	34.0499992371	0.0
2409	142.1584994	808.249028524	273.021046956	0.0	0.0	0.0	0.0	0.0	5.29999780655	0.0250004289361	0.0	0.0	0.0	0.0	0.0	0.00444657254654	0.0	0.0	0.0	0.0	0.0	3.95290385313e-06	0.0	0.0	0.000218388894912	0.0	1.28878214175e-06	0.0	34.0499992371	0.0
2410	142.1584994	808.249028524	273.021046956	0.0	0.0	0.0	0.0	0.0	5.29999780655	0.0250004289361	0.0	0.0	0.0	0.0	0.0	0.00444657254654	0.0	0.0	0.0	0.0	0.0	3.95290385313e-06	0.0	0.0	0.000218388894912	0.0	1.28878214175e-06	0.0	34.0499992371	0.0
2411	142.1584994	808.249028524	273.021046956	0.0	0.0	0.0	0.0	0.0	5.29999780655	0.0250004289361	0.0	0.0	0.0	0.0	0.0	0.00444657254654	0.0	0.0	0.0	0.0	0.0	3.95290385313e-06	0.0	0.0	0.000218388894912	0.0	1.28878214175e-06	0.0	34.0499992371	0.0
2412	142.1584994	808.249028524	273.021046956	0.0	0.0	0.0	0.0	0.0	5.29999780655	0.0250004289361	0.0	0.0	0.0	0.0	0.0	0.00444657254654	0.0	0.0	0.0	0.0	0.0	3.95290385313e-06	0.0	0.0	0.000218388894912	0.0	1.28878214175e-06	0.0	34.0499992371	0.0
2413	142.1584994	808.249028524	273.021046956	0.0	0.0	0.0	0.0	0.0	5.29999780655	0.0250004289361	0.0	0.0	0.0	0.0	0.0	0.00444657254654	0.0	0.0	0.0	0.0	0.0	3.95290385313e-06	0.0	0.0	0.000218388894912	0.0	1.28878214175e-06	0.0	34.0499992371	0.0
2414	142.1584994	808.249028524	273.021046956	0.0	0.0	0.0	0.0	0.0	5.29999780655	0.0250004289361	0.0	0.0	0.0	0.0	0.0	0.00444657254654	0.0	0.0	0.0	0.0	0.0	3.95290385313e-06	0.0	0.0	0.000218388894912	0.0	1.28878214175e-06	0.0	34.0499992371	0.0
2415	142.1584994	808.249028524	273.021046956	0.0	0.0	0.0	0.0	0.0	5.29999780655	0.0250004289361	0.0	0.0	0.0	0.0	0.0	0.00444657254654	0.0	0.0	0.0	0.0	0.0	3.95290385313e-06	0.0	0.0	0.000218388894912	0.0	1.28878214175e-06	0.0	34.0499992371	0.0
2416	142.1584994	808.249028524	273.021046956	0.0	0.0	0.0	0.0	0.0	5.29999780655	0.0250004289361	0.0	0.0	0.0	0.0	0.0	0.00444657254654	0.0	0.0	0.0	0.0	0.0	3.95290385313e-06	0.0	0.0	0.000218388894912	0.0	1.28878214175e-06	0.0	34.0499992371	0.0
2417	142.1584994	808.249028524	273.021046956	0.0	0.0	0.0	0.0	0.0	5.29999780655	0.0250004289361	0.0	0.0	0.0	0.0	0.0	0.00444657254654	0.0	0.0	0.0	0.0	0.0	3.95290385313e-06	0.0	0.0	0.000218388894912	0.0	1.28878214175e-06	0.0	34.0499992371	0.0
2418	142.1584994	808.249028524	273.021046956	0.0	0.0	0.0	0.0	0.0	5.29999780655	0.0250004289361	0.0	0.0	0.0	0.0	0.0	0.00444657254654	0.0	0.0	0.0	0.0	0.0	3.95290385313e-06	0.0	0.0	0.000218388894912	0.0	1.28878214175e-06	0.0	34.0499992371	0.0
2419	142.1584994	808.249028524	273.021046956	0.0	0.0	0.0	0.0	0.0	5.29999780655	0.0250004289361	0.0	0.0	0.0	0.0	0.0	0.00444657254654	0.0	0.0	0.0	0.0	0.0	3.95290385313e-06	0.0	0.0	0.000218388894912	0.0	1.28878214175e-06	0.0	34.0499992371	0.0
2420	142.1584994	808.249028524	273.021046956	0.0	0.0	0.0	0.0	0.0	5.29999780655	0.0250004289361	0.0	0.0	0.0	0.0	0.0	0.00444657254654	0.0	0.0	0.0	0.0	0.0	3.95290385313e-06	0.0	0.0	0.000218388894912	0.0	1.28878214175e-06	0.0	34.0499992371	0.0
2421	142.1584994	808.249028524	273.021046956	0.0	0.0	0.0	0.0	0.0	5.29999780655	0.0250004289361	0.0	0.0	0.0	0.0	0.0	0.00444657254654	0.0	0.0	0.0	0.0	0.0	3.95290385313e-06	0.0	0.0	0.000218388894912	0.0	1.28878214175e-06	0.0	34.0499992371	0.0
2422	142.1584994	808.249028524	273.021046956	0.0	0.0	0.0	0.0	0.0	5.29999780655	0.0250004289361	0.0	0.0	0.0	0.0	0.0	0.00444657254654	0.0	0.0	0.0	0.0	0.0	3.95290385313e-06	0.0	0.0	0.000218388894912	0.0	1.28878214175e-06	0.0	34.0499992371	0.0
2423	142.1584994	808.249028524	273.021046956	0.0	0.0	0.0	0.0	0.0	5.29999780655	0.0250004289361	0.0	0.0	0.0	0.0	0.0	0.00444657254654	0.0	0.0	0.0	0.0	0.0	3.95290385313e-06	0.0	0.0	0.000218388894912	0.0	1.28878214175e-06	0.0	34.0499992371	0.0
2424	142.1584994	808.249028524	273.021046956	0.0	0.0	0.0	0.0	0.0	5.29999780655	0.0250004289361	0.0	0.0	0.0	0.0	0.0	0.00444657254654	0.0	0.0	0.0	0.0	0.0	3.95290385313e-06	0.0	0.0	0.000218388894912	0.0	1.28878214175e-06	0.0	34.0499992371	0.0
2425	142.1584994	808.249028524	273.021046956	0.0	0.0	0.0	0.0	0.0	5.29999780655	0.0250004289361	0.0	0.0	0.0	0.0	0.0	0.00444657254654	0.0	0.0	0.0	0.0	0.0	3.95290385313e-06	0.0	0.0	0.000218388894912	0.0	1.28878214175e-06	0.0	34.0499992371	0.0
2426	142.1584994	808.249028524	273.021046956	0.0	0.0	0.0	0.0	0.0	5.29999780655	0.0250004289361	0.0	0.0	0.0	0.0	0.0	0.00444657254654	0.0	0.0	0.0	0.0	0.0	3.95290385313e-06	0.0	0.0	0.000218388894912	0.0	1.28878214175e-06	0.0	34.0499992371	0.0
2427	142.1584994	808.249028524	273.021046956	0.0	0.0	0.0	0.0	0.0	5.29999780655	0.0250004289361	0.0	0.0	0.0	0.0	0.0	0.00444657254654	0.0	0.0	0.0	0.0	0.0	3.95290385313e-06	0.0	0.0	0.000218388894912	0.0	1.28878214175e-06	0.0	34.0499992371	0.0
2428	142.1584994	808.249028524	273.021046956	0.0	0.0	0.0	0.0	0.0	5.29999780655	0.0250004289361	0.0	0.0	0.0	0.0	0.0	0.00444657254654	0.0	0.0	0.0	0.0	0.0	3.95290385313e-06	0.0	0.0	0.000218388894912	0.0	1.28878214175e-06	0.0	34.0499992371	0.0
2429	142.1584994	808.249028524	273.021046956	0.0	0.0	0.0	0.0	0.0	5.29999780655	0.0250004289361	0.0	0.0	0.0	0.0	0.0	0.00444657254654	0.0	0.0	0.0	0.0	0.0	3.95290385313e-06	0.0	0.0	0.000218388894912	0.0	1.28878214175e-06	0.0	34.0499992371	0.0
2430	142.1584994	808.249028524	273.021046956	0.0	0.0	0.0	0.0	0.0	5.29999780655	0.0250004289361	0.0	0.0	0.0	0.0	0.0	0.00444657254654	0.0	0.0	0.0	0.0	0.0	3.95290385313e-06	0.0	0.0	0.000218388894912	0.0	1.28878214175e-06	0.0	34.0499992371	0.0
2431	142.1584994	808.249028524	273.021046956	0.0	0.0	0.0	0.0	0.0	5.29999780655	0.0250004289361	0.0	0.0	0.0	0.0	0.0	0.00444657254654	0.0	0.0	0.0	0.0	0.0	3.95290385313e-06	0.0	0.0	0.000218388894912	0.0	1.28878214175e-06	0.0	34.0499992371	0.0
2432	142.1584994	808.249028524	273.021046956	0.0	0.0	0.0	0.0	0.0	5.29999780655	0.0250004289361	0.0	0.0	0.0	0.0	0.0	0.00444657254654	0.0	0.0	0.0	0.0	0.0	3.95290385313e-06	0.0	0.0	0.000218388894912	0.0	1.28878214175e-06	0.0	34.0499992371	0.0
2433	142.1584994	808.249028524	273.021046956	0.0	0.0	0.0	0.0	0.0	5.29999780655	0.0250004289361	0.0	0.0	0.0	0.0	0.0	0.00444657254654	0.0	0.0	0.0	0.0	0.0	3.95290385313e-06	0.0	0.0	0.000218388894912	0.0	1.28878214175e-06	0.0	34.0499992371	0.0
2434	142.1584994	808.249028524	273.021046956	0.0	0.0	0.0	0.0	0.0	5.29999780655	0.0250004289361	0.0	0.0	0.0	0.0	0.0	0.00444657254654	0.0	0.0	0.0	0.0	0.0	3.95290385313e-06	0.0	0.0	0.000218388894912	0.0	1.28878214175e-06	0.0	34.0499992371	0.0
2435	142.1584994	808.249028524	273.021046956	0.0	0.0	0.0	0.0	0.0	5.29999780655	0.0250004289361	0.0	0.0	0.0	0.0	0.0	0.00444657254654	0.0	0.0	0.0	0.0	0.0	3.95290385313e-06	0.0	0.0	0.000218388894912	0.0	1.28878214175e-06	0.0	34.0499992371	0.0
2436	142.1584994	808.249028524	273.021046956	0.0	0.0	0.0	0.0	0.0	5.29999780655	0.0250004289361	0.0	0.0	0.0	0.0	0.0	0.00444657254654	0.0	0.0	0.0	0.0	0.0	3.95290385313e-06	0.0	0.0	0.000218388894912	0.0	1.28878214175e-06	0.0	34.0499992371	0.0
2437	142.1584994	808.249028524	273.021046956	0.0	0.0	0.0	0.0	0.0	5.29999780655	0.0250004289361	0.0	0.0	0.0	0.0	0.0	0.00444657254654	0.0	0.0	0.0	0.0	0.0	3.95290385313e-06	0.0	0.0	0.000218388894912	0.0	1.28878214175e-06	0.0	34.0499992371	0.0
2438	142.1584994	808.249028524	273.021046956	0.0	0.0	0.0	0.0	0.0	5.29999780655	0.0250004289361	0.0	0.0	0.0	0.0	0.0	0.00444657254654	0.0	0.0	0.0	0.0	0.0	3.95290385313e-06	0.0	0.0	0.000218388894912	0.0	1.28878214175e-06	0.0	34.0499992371	0.0
2439	142.1584994	808.249028524	273.021046956	0.0	0.0	0.0	0.0	0.0	5.29999780655	0.0250004289361	0.0	0.0	0.0	0.0	0.0	0.00444657254654	0.0	0.0	0.0	0.0	0.0	3.95290385313e-06	0.0	0.0	0.000218388894912	0.0	1.28878214175e-06	0.0	34.0499992371	0.0
2440	142.1584994	808.249028524	273.021046956	0.0	0.0	0.0	0.0	0.0	5.29999780655	0.0250004289361	0.0	0.0	0.0	0.0	0.0	0.00444657254654	0.0	0.0	0.0	0.0	0.0	3.95290385313e-06	0.0	0.0	0.000218388894912	0.0	1.28878214175e-06	0.0	34.0499992371	0.0
2441	142.1584994	808.249028524	273.021046956	0.0	0.0	0.0	0.0	0.0	5.29999780655	0.0250004289361	0.0	0.0	0.0	0.0	0.0	0.00444657254654	0.0	0.0	0.0	0.0	0.0	3.95290385313e-06	0.0	0.0	0.000218388894912	0.0	1.28878214175e-06	0.0	34.0499992371	0.0
2442	142.1584994	808.249028524	273.021046956	0.0	0.0	0.0	0.0	0.0	5.29999780655	0.0250004289361	0.0	0.0	0.0	0.0	0.0	0.00444657254654	0.0	0.0	0.0	0.0	0.0	3.95290385313e-06	0.0	0.0	0.000218388894912	0.0	1.28878214175e-06	0.0	34.0499992371	0.0
2443	142.1584994	808.249028524	273.021046956	0.0	0.0	0.0	0.0	0.0	5.29999780655	0.0250004289361	0.0	0.0	0.0	0.0	0.0	0.00444657254654	0.0	0.0	0.0	0.0	0.0	3.95290385313e-06	0.0	0.0	0.000218388894912	0.0	1.28878214175e-06	0.0	34.0499992371	0.0
2444	142.1584994	808.249028524	273.021046956	0.0	0.0	0.0	0.0	0.0	5.29999780655	0.0250004289361	0.0	0.0	0.0	0.0	0.0	0.00444657254654	0.0	0.0	0.0	0.0	0.0	3.95290385313e-06	0.0	0.0	0.000218388894912	0.0	1.28878214175e-06	0.0	34.0499992371	0.0
2445	142.1584994	808.249028524	273.021046956	0.0	0.0	0.0	0.0	0.0	5.29999780655	0.0250004289361	0.0	0.0	0.0	0.0	0.0	0.00444657254654	0.0	0.0	0.0	0.0	0.0	3.95290385313e-06	0.0	0.0	0.000218388894912	0.0	1.28878214175e-06	0.0	34.0499992371	0.0
2446	142.1584994	808.249028524	273.021046956	0.0	0.0	0.0	0.0	0.0	5.29999780655	0.0250004289361	0.0	0.0	0.0	0.0	0.0	0.00444657254654	0.0	0.0	0.0	0.0	0.0	3.95290385313e-06	0.0	0.0	0.000218388894912	0.0	1.28878214175e-06	0.0	34.0499992371	0.0
2447	142.1584994	808.249028524	273.021046956	0.0	0.0	0.0	0.0	0.0	5.29999780655	0.0250004289361	0.0	0.0	0.0	0.0	0.0	0.00444657254654	0.0	0.0	0.0	0.0	0.0	3.95290385313e-06	0.0	0.0	0.000218388894912	0.0	1.28878214175e-06	0.0	34.0499992371	0.0
2448	142.1584994	808.249028524	273.021046956	0.0	0.0	0.0	0.0	0.0	5.29999780655	0.0250004289361	0.0	0.0	0.0	0.0	0.0	0.00444657254654	0.0	0.0	0.0	0.0	0.0	3.95290385313e-06	0.0	0.0	0.000218388894912	0.0	1.28878214175e-06	0.0	34.0499992371	0.0
2449	142.1584994	808.249028524	273.021046956	0.0	0.0	0.0	0.0	0.0	5.29999780655	0.0250004289361	0.0	0.0	0.0	0.0	0.0	0.00444657254654	0.0	0.0	0.0	0.0	0.0	3.95290385313e-06	0.0	0.0	0.000218388894912	0.0	1.28878214175e-06	0.0	34.0499992371	0.0
2450	142.1584994	808.249028524	273.021046956	0.0	0.0	0.0	0.0	0.0	5.29999780655	0.0250004289361	0.0	0.0	0.0	0.0	0.0	0.00444657254654	0.0	0.0	0.0	0.0	0.0	3.95290385313e-06	0.0	0.0	0.000218388894912	0.0	1.28878214175e-06	0.0	34.0499992371	0.0
2451	142.1584994	808.249028524	273.021046956	0.0	0.0	0.0	0.0	0.0	5.29999780655	0.0250004289361	0.0	0.0	0.0	0.0	0.0	0.00444657254654	0.0	0.0	0.0	0.0	0.0	3.95290385313e-06	0.0	0.0	0.000218388894912	0.0	1.28878214175e-06	0.0	34.0499992371	0.0
2452	142.1584994	808.249028524	273.021046956	0.0	0.0	0.0	0.0	0.0	5.29999780655	0.0250004289361	0.0	0.0	0.0	0.0	0.0	0.00444657254654	0.0	0.0	0.0	0.0	0.0	3.95290385313e-06	0.0	0.0	0.000218388894912	0.0	1.28878214175e-06	0.0	34.0499992371	0.0
2453	142.1584994	808.249028524	273.021046956	0.0	0.0	0.0	0.0	0.0	5.29999780655	0.0250004289361	0.0	0.0	0.0	0.0	0.0	0.00444657254654	0.0	0.0	0.0	0.0	0.0	3.95290385313e-06	0.0	0.0	0.000218388894912	0.0	1.28878214175e-06	0.0	34.0499992371	0.0
2454	142.1584994	808.249028524	273.021046956	0.0	0.0	0.0	0.0	0.0	5.29999780655	0.0250004289361	0.0	0.0	0.0	0.0	0.0	0.00444657254654	0.0	0.0	0.0	0.0	0.0	3.95290385313e-06	0.0	0.0	0.000218388894912	0.0	1.28878214175e-06	0.0	34.0499992371	0.0
2455	142.1584994	808.249028524	273.021046956	0.0	0.0	0.0	0.0	0.0	5.29999780655	0.0250004289361	0.0	0.0	0.0	0.0	0.0	0.00444657254654	0.0	0.0	0.0	0.0	0.0	3.95290385313e-06	0.0	0.0	0.000218388894912	0.0	1.28878214175e-06	0.0	34.0499992371	0.0
2456	142.1584994	808.249028524	273.021046956	0.0	0.0	0.0	0.0	0.0	5.29999780655	0.0250004289361	0.0	0.0	0.0	0.0	0.0	0.00444657254654	0.0	0.0	0.0	0.0	0.0	3.95290385313e-06	0.0	0.0	0.000218388894912	0.0	1.28878214175e-06	0.0	34.0499992371	0.0
2457	142.1584994	808.249028524	273.021046956	0.0	0.0	0.0	0.0	0.0	5.29999780655	0.0250004289361	0.0	0.0	0.0	0.0	0.0	0.00444657254654	0.0	0.0	0.0	0.0	0.0	3.95290385313e-06	0.0	0.0	0.000218388894912	0.0	1.28878214175e-06	0.0	34.0499992371	0.0
2458	142.1584994	808.249028524	273.021046956	0.0	0.0	0.0	0.0	0.0	5.29999780655	0.0250004289361	0.0	0.0	0.0	0.0	0.0	0.00444657254654	0.0	0.0	0.0	0.0	0.0	3.95290385313e-06	0.0	0.0	0.000218388894912	0.0	1.28878214175e-06	0.0	34.0499992371	0.0
2459	142.1584994	808.249028524	273.021046956	0.0	0.0	0.0	0.0	0.0	5.29999780655	0.0250004289361	0.0	0.0	0.0	0.0	0.0	0.00444657254654	0.0	0.0	0.0	0.0	0.0	3.95290385313e-06	0.0	0.0	0.000218388894912	0.0	1.28878214175e-06	0.0	34.0499992371	0.0
2460	142.1584994	808.249028524	273.021046956	0.0	0.0	0.0	0.0	0.0	5.29999780655	0.0250004289361	0.0	0.0	0.0	0.0	0.0	0.00444657254654	0.0	0.0	0.0	0.0	0.0	3.95290385313e-06	0.0	0.0	0.000218388894912	0.0	1.28878214175e-06	0.0	34.0499992371	0.0
2461	142.1584994	808.249028524	273.021046956	0.0	0.0	0.0	0.0	0.0	5.29999780655	0.0250004289361	0.0	0.0	0.0	0.0	0.0	0.00444657254654	0.0	0.0	0.0	0.0	0.0	3.95290385313e-06	0.0	0.0	0.000218388894912	0.0	1.28878214175e-06	0.0	34.0499992371	0.0
2462	142.1584994	808.249028524	273.021046956	0.0	0.0	0.0	0.0	0.0	5.29999780655	0.0250004289361	0.0	0.0	0.0	0.0	0.0	0.00444657254654	0.0	0.0	0.0	0.0	0.0	3.95290385313e-06	0.0	0.0	0.000218388894912	0.0	1.28878214175e-06	0.0	34.0499992371	0.0
2463	142.1584994	808.249028524	273.021046956	0.0	0.0	0.0	0.0	0.0	5.29999780655	0.0250004289361	0.0	0.0	0.0	0.0	0.0	0.00444657254654	0.0	0.0	0.0	0.0	0.0	3.95290385313e-06	0.0	0.0	0.000218388894912	0.0	1.28878214175e-06	0.0	34.0499992371	0.0
2464	142.1584994	808.249028524	273.021046956	0.0	0.0	0.0	0.0	0.0	5.29999780655	0.0250004289361	0.0	0.0	0.0	0.0	0.0	0.00444657254654	0.0	0.0	0.0	0.0	0.0	3.95290385313e-06	0.0	0.0	0.000218388894912	0.0	1.28878214175e-06	0.0	34.0499992371	0.0
2465	142.1584994	808.249028524	273.021046956	0.0	0.0	0.0	0.0	0.0	5.29999780655	0.0250004289361	0.0	0.0	0.0	0.0	0.0	0.00444657254654	0.0	0.0	0.0	0.0	0.0	3.95290385313e-06	0.0	0.0	0.000218388894912	0.0	1.28878214175e-06	0.0	34.0499992371	0.0
2466	142.1584994	808.249028524	273.021046956	0.0	0.0	0.0	0.0	0.0	5.29999780655	0.0250004289361	0.0	0.0	0.0	0.0	0.0	0.00444657254654	0.0	0.0	0.0	0.0	0.0	3.95290385313e-06	0.0	0.0	0.000218388894912	0.0	1.28878214175e-06	0.0	34.0499992371	0.0
2467	142.1584994	808.249028524	273.021046956	0.0	0.0	0.0	0.0	0.0	5.29999780655	0.0250004289361	0.0	0.0	0.0	0.0	0.0	0.00444657254654	0.0	0.0	0.0	0.0	0.0	3.95290385313e-06	0.0	0.0	0.000218388894912	0.0	1.28878214175e-06	0.0	34.0499992371	0.0
2468	142.1584994	808.249028524	273.021046956	0.0	0.0	0.0	0.0	0.0	5.29999780655	0.0250004289361	0.0	0.0	0.0	0.0	0.0	0.00444657254654	0.0	0.0	0.0	0.0	0.0	3.95290385313e-06	0.0	0.0	0.000218388894912	0.0	1.28878214175e-06	0.0	34.0499992371	0.0
2469	142.1584994	808.249028524	273.021046956	0.0	0.0	0.0	0.0	0.0	5.29999780655	0.0250004289361	0.0	0.0	0.0	0.0	0.0	0.00444657254654	0.0	0.0	0.0	0.0	0.0	3.95290385313e-06	0.0	0.0	0.000218388894912	0.0	1.28878214175e-06	0.0	34.0499992371	0.0
2470	142.1584994	808.249028524	273.021046956	0.0	0.0	0.0	0.0	0.0	5.29999780655	0.0250004289361	0.0	0.0	0.0	0.0	0.0	0.00444657254654	0.0	0.0	0.0	0.0	0.0	3.95290385313e-06	0.0	0.0	0.000218388894912	0.0	1.28878214175e-06	0.0	34.0499992371	0.0
2471	142.1584994	808.249028524	273.021046956	0.0	0.0	0.0	0.0	0.0	5.29999780655	0.0250004289361	0.0	0.0	0.0	0.0	0.0	0.00444657254654	0.0	0.0	0.0	0.0	0.0	3.95290385313e-06	0.0	0.0	0.000218388894912	0.0	1.28878214175e-06	0.0	34.0499992371	0.0
2472	142.1584994	808.249028524	273.021046956	0.0	0.0	0.0	0.0	0.0	5.29999780655	0.0250004289361	0.0	0.0	0.0	0.0	0.0	0.00444657254654	0.0	0.0	0.0	0.0	0.0	3.95290385313e-06	0.0	0.0	0.000218388894912	0.0	1.28878214175e-06	0.0	34.0499992371	0.0
2473	142.1584994	808.249028524	273.021046956	0.0	0.0	0.0	0.0	0.0	5.29999780655	0.0250004289361	0.0	0.0	0.0	0.0	0.0	0.00444657254654	0.0	0.0	0.0	0.0	0.0	3.95290385313e-06	0.0	0.0	0.000218388894912	0.0	1.28878214175e-06	0.0	34.0499992371	0.0
2474	142.1584994	808.249028524	273.021046956	0.0	0.0	0.0	0.0	0.0	5.29999780655	0.0250004289361	0.0	0.0	0.0	0.0	0.0	0.00444657254654	0.0	0.0	0.0	0.0	0.0	3.95290385313e-06	0.0	0.0	0.000218388894912	0.0	1.28878214175e-06	0.0	34.0499992371	0.0
2475	142.1584994	808.249028524	273.021046956	0.0	0.0	0.0	0.0	0.0	5.29999780655	0.0250004289361	0.0	0.0	0.0	0.0	0.0	0.00444657254654	0.0	0.0	0.0	0.0	0.0	3.95290385313e-06	0.0	0.0	0.000218388894912	0.0	1.28878214175e-06	0.0	34.0499992371	0.0
2476	142.1584994	808.249028524	273.021046956	0.0	0.0	0.0	0.0	0.0	5.29999780655	0.0250004289361	0.0	0.0	0.0	0.0	0.0	0.00444657254654	0.0	0.0	0.0	0.0	0.0	3.95290385313e-06	0.0	0.0	0.000218388894912	0.0	1.28878214175e-06	0.0	34.0499992371	0.0
2477	142.1584994	808.249028524	273.021046956	0.0	0.0	0.0	0.0	0.0	5.29999780655	0.0250004289361	0.0	0.0	0.0	0.0	0.0	0.00444657254654	0.0	0.0	0.0	0.0	0.0	3.95290385313e-06	0.0	0.0	0.000218388894912	0.0	1.28878214175e-06	0.0	34.0499992371	0.0
2478	142.1584994	808.249028524	273.021046956	0.0	0.0	0.0	0.0	0.0	5.29999780655	0.0250004289361	0.0	0.0	0.0	0.0	0.0	0.00444657254654	0.0	0.0	0.0	0.0	0.0	3.95290385313e-06	0.0	0.0	0.000218388894912	0.0	1.28878214175e-06	0.0	34.0499992371	0.0
2479	142.1584994	808.249028524	273.021046956	0.0	0.0	0.0	0.0	0.0	5.29999780655	0.0250004289361	0.0	0.0	0.0	0.0	0.0	0.00444657254654	0.0	0.0	0.0	0.0	0.0	3.95290385313e-06	0.0	0.0	0.000218388894912	0.0	1.28878214175e-06	0.0	34.0499992371	0.0
2480	142.1584994	808.249028524	273.021046956	0.0	0.0	0.0	0.0	0.0	5.29999780655	0.0250004289361	0.0	0.0	0.0	0.0	0.0	0.00444657254654	0.0	0.0	0.0	0.0	0.0	3.95290385313e-06	0.0	0.0	0.000218388894912	0.0	1.28878214175e-06	0.0	34.0499992371	0.0
2481	142.1584994	808.249028524	273.021046956	0.0	0.0	0.0	0.0	0.0	5.29999780655	0.0250004289361	0.0	0.0	0.0	0.0	0.0	0.00444657254654	0.0	0.0	0.0	0.0	0.0	3.95290385313e-06	0.0	0.0	0.000218388894912	0.0	1.28878214175e-06	0.0	34.0499992371	0.0
2482	142.1584994	808.249028524	273.021046956	0.0	0.0	0.0	0.0	0.0	5.29999780655	0.0250004289361	0.0	0.0	0.0	0.0	0.0	0.00444657254654	0.0	0.0	0.0	0.0	0.0	3.95290385313e-06	0.0	0.0	0.000218388894912	0.0	1.28878214175e-06	0.0	34.0499992371	0.0
2483	142.1584994	808.249028524	273.021046956	0.0	0.0	0.0	0.0	0.0	5.29999780655	0.0250004289361	0.0	0.0	0.0	0.0	0.0	0.00444657254654	0.0	0.0	0.0	0.0	0.0	3.95290385313e-06	0.0	0.0	0.000218388894912	0.0	1.28878214175e-06	0.0	34.0499992371	0.0
2484	142.1584994	808.249028524	273.021046956	0.0	0.0	0.0	0.0	0.0	5.29999780655	0.0250004289361	0.0	0.0	0.0	0.0	0.0	0.00444657254654	0.0	0.0	0.0	0.0	0.0	3.95290385313e-06	0.0	0.0	0.000218388894912	0.0	1.28878214175e-06	0.0	34.0499992371	0.0
2485	142.1584994	808.249028524	273.021046956	0.0	0.0	0.0	0.0	0.0	5.29999780655	0.0250004289361	0.0	0.0	0.0	0.0	0.0	0.00444657254654	0.0	0.0	0.0	0.0	0.0	3.95290385313e-06	0.0	0.0	0.000218388894912	0.0	1.28878214175e-06	0.0	34.0499992371	0.0
2486	142.1584994	808.249028524	273.021046956	0.0	0.0	0.0	0.0	0.0	5.29999780655	0.0250004289361	0.0	0.0	0.0	0.0	0.0	0.00444657254654	0.0	0.0	0.0	0.0	0.0	3.95290385313e-06	0.0	0.0	0.000218388894912	0.0	1.28878214175e-06	0.0	34.0499992371	0.0
2487	142.1584994	808.249028524	273.021046956	0.0	0.0	0.0	0.0	0.0	5.29999780655	0.0250004289361	0.0	0.0	0.0	0.0	0.0	0.00444657254654	0.0	0.0	0.0	0.0	0.0	3.95290385313e-06	0.0	0.0	0.000218388894912	0.0	1.28878214175e-06	0.0	34.0499992371	0.0
2488	142.1584994	808.249028524	273.021046956	0.0	0.0	0.0	0.0	0.0	5.29999780655	0.0250004289361	0.0	0.0	0.0	0.0	0.0	0.00444657254654	0.0	0.0	0.0	0.0	0.0	3.95290385313e-06	0.0	0.0	0.000218388894912	0.0	1.28878214175e-06	0.0	34.0499992371	0.0
2489	142.1584994	808.249028524	273.021046956	0.0	0.0	0.0	0.0	0.0	5.29999780655	0.0250004289361	0.0	0.0	0.0	0.0	0.0	0.00444657254654	0.0	0.0	0.0	0.0	0.0	3.95290385313e-06	0.0	0.0	0.000218388894912	0.0	1.28878214175e-06	0.0	34.0499992371	0.0
2490	142.1584994	808.249028524	273.021046956	0.0	0.0	0.0	0.0	0.0	5.29999780655	0.0250004289361	0.0	0.0	0.0	0.0	0.0	0.00444657254654	0.0	0.0	0.0	0.0	0.0	3.95290385313e-06	0.0	0.0	0.000218388894912	0.0	1.28878214175e-06	0.0	34.0499992371	0.0
2491	142.1584994	808.249028524	273.021046956	0.0	0.0	0.0	0.0	0.0	5.29999780655	0.0250004289361	0.0	0.0	0.0	0.0	0.0	0.00444657254654	0.0	0.0	0.0	0.0	0.0	3.95290385313e-06	0.0	0.0	0.000218388894912	0.0	1.28878214175e-06	0.0	34.0499992371	0.0
2492	142.1584994	808.249028524	273.021046956	0.0	0.0	0.0	0.0	0.0	5.29999780655	0.0250004289361	0.0	0.0	0.0	0.0	0.0	0.00444657254654	0.0	0.0	0.0	0.0	0.0	3.95290385313e-06	0.0	0.0	0.000218388894912	0.0	1.28878214175e-06	0.0	34.0499992371	0.0
2493	142.1584994	808.249028524	273.021046956	0.0	0.0	0.0	0.0	0.0	5.29999780655	0.0250004289361	0.0	0.0	0.0	0.0	0.0	0.00444657254654	0.0	0.0	0.0	0.0	0.0	3.95290385313e-06	0.0	0.0	0.000218388894912	0.0	1.28878214175e-06	0.0	34.0499992371	0.0
2494	142.1584994	808.249028524	273.021046956	0.0	0.0	0.0	0.0	0.0	5.29999780655	0.0250004289361	0.0	0.0	0.0	0.0	0.0	0.00444657254654	0.0	0.0	0.0	0.0	0.0	3.95290385313e-06	0.0	0.0	0.000218388894912	0.0	1.28878214175e-06	0.0	34.0499992371	0.0
2495	142.1584994	808.249028524	273.021046956	0.0	0.0	0.0	0.0	0.0	5.29999780655	0.0250004289361	0.0	0.0	0.0	0.0	0.0	0.00444657254654	0.0	0.0	0.0	0.0	0.0	3.95290385313e-06	0.0	0.0	0.000218388894912	0.0	1.28878214175e-06	0.0	34.0499992371	0.0
2496	142.1584994	808.249028524	273.021046956	0.0	0.0	0.0	0.0	0.0	5.29999780655	0.0250004289361	0.0	0.0	0.0	0.0	0.0	0.00444657254654	0.0	0.0	0.0	0.0	0.0	3.95290385313e-06	0.0	0.0	0.000218388894912	0.0	1.28878214175e-06	0.0	34.0499992371	0.0
2497	142.1584994	808.249028524	273.021046956	0.0	0.0	0.0	0.0	0.0	5.29999780655	0.0250004289361	0.0	0.0	0.0	0.0	0.0	0.00444657254654	0.0	0.0	0.0	0.0	0.0	3.95290385313e-06	0.0	0.0	0.000218388894912	0.0	1.28878214175e-06	0.0	34.0499992371	0.0
2498	142.1584994	808.249028524	273.021046956	0.0	0.0	0.0	0.0	0.0	5.29999780655	0.0250004289361	0.0	0.0	0.0	0.0	0.0	0.00444657254654	0.0	0.0	0.0	0.0	0.0	3.95290385313e-06	0.0	0.0	0.000218388894912	0.0	1.28878214175e-06	0.0	34.0499992371	0.0
2499	142.1584994	808.249028524	273.021046956	0.0	0.0	0.0	0.0	0.0	5.29999780655	0.0250004289361	0.0	0.0	0.0	0.0	0.0	0.00444657254654	0.0	0.0	0.0	0.0	0.0	3.95290385313e-06	0.0	0.0	0.000218388894912	0.0	1.28878214175e-06	0.0	34.0499992371	0.0
2500	142.1584994	808.249028524	273.021046956	0.0	0.0	0.0	0.0	0.0	5.29999780655	0.0250004289361	0.0	0.0	0.0	0.0	0.0	0.00444657254654	0.0	0.0	0.0	0.0	0.0	3.95290385313e-06	0.0	0.0	0.000218388894912	0.0	1.28878214175e-06	0.0	34.0499992371	0.0
