Component	CO2 	 CH4	N2O	CFC-11	CFC-12	CFC-113	CFC-114	CFC-115	CH3Br	CCl4	CH3CCl3	HCFC-22	HCFC-141b	HCFC-123	HCFC-142b	H-1211	H-1301	H-2402	HFC125	HFC134a	HFC143a	HFC227ea	HFC23	HFC245fa	HFC32	HFC4310mee	C2F6	C6F14	CF4	SF6 
Unit 	 ppm	ppb	ppb	ppt	ppt	ppt	ppt	ppt	ppt	ppt	ppt	ppt	ppt	ppt	ppt	ppt	ppt	ppt	ppt	ppt	ppt	ppt	ppt	ppt	ppt	ppt	ppt	ppt	ppt	ppt
Description 	 fossil_fuel 	 landuse 	 total	 total	 total	 total	 total	 total	 total	 total	 total	 total	 total	 total	 total	 total	 total	 total	 total	 total	 total	 total	 total	 total	 total	 total	 total	 total	 total	 total
Reference	historical-cmip5	historical-cmip5	historical-cmip5	historical-cmip5	historical-cmip5	historical-cmip5	historical-cmip5	historical-cmip5	historical-cmip5	historical-cmip5	historical-cmip5	historical-cmip5	historical-cmip5	No data	historical-cmip5	historical-cmip5	historical-cmip5	historical-cmip5	historical-cmip5	historical-cmip5	historical-cmip5	historical-cmip5	historical-cmip5	historical-cmip5	historical-cmip5	historical-cmip5	historical-cmip5	historical-cmip5	historical-cmip5	historical-cmip5
1700	278.058469774	721.939762801	272.961074566	0.0	0.0	0.0	0.0	0.0	5.8	0.0	0.0	0.0	0.0	0.0	0.0	0.0	0.0	0.0	0.0	0.0	0.0	0.0	0.0	0.0	0.0	0.0	0.0	0.0	35.0	0.0
1701	278.058469774	721.939762801	272.961074566	0.0	0.0	0.0	0.0	0.0	5.8	0.0	0.0	0.0	0.0	0.0	0.0	0.0	0.0	0.0	0.0	0.0	0.0	0.0	0.0	0.0	0.0	0.0	0.0	0.0	35.0	0.0
1702	278.058469774	721.939762801	272.961074566	0.0	0.0	0.0	0.0	0.0	5.8	0.0	0.0	0.0	0.0	0.0	0.0	0.0	0.0	0.0	0.0	0.0	0.0	0.0	0.0	0.0	0.0	0.0	0.0	0.0	35.0	0.0
1703	278.058469774	721.939762801	272.961074566	0.0	0.0	0.0	0.0	0.0	5.8	0.0	0.0	0.0	0.0	0.0	0.0	0.0	0.0	0.0	0.0	0.0	0.0	0.0	0.0	0.0	0.0	0.0	0.0	0.0	35.0	0.0
1704	278.058469774	721.939762801	272.961074566	0.0	0.0	0.0	0.0	0.0	5.8	0.0	0.0	0.0	0.0	0.0	0.0	0.0	0.0	0.0	0.0	0.0	0.0	0.0	0.0	0.0	0.0	0.0	0.0	0.0	35.0	0.0
1705	278.058469774	721.939762801	272.961074566	0.0	0.0	0.0	0.0	0.0	5.8	0.0	0.0	0.0	0.0	0.0	0.0	0.0	0.0	0.0	0.0	0.0	0.0	0.0	0.0	0.0	0.0	0.0	0.0	0.0	35.0	0.0
1706	278.058469774	721.939762801	272.961074566	0.0	0.0	0.0	0.0	0.0	5.8	0.0	0.0	0.0	0.0	0.0	0.0	0.0	0.0	0.0	0.0	0.0	0.0	0.0	0.0	0.0	0.0	0.0	0.0	0.0	35.0	0.0
1707	278.058469774	721.939762801	272.961074566	0.0	0.0	0.0	0.0	0.0	5.8	0.0	0.0	0.0	0.0	0.0	0.0	0.0	0.0	0.0	0.0	0.0	0.0	0.0	0.0	0.0	0.0	0.0	0.0	0.0	35.0	0.0
1708	278.058469774	721.939762801	272.961074566	0.0	0.0	0.0	0.0	0.0	5.8	0.0	0.0	0.0	0.0	0.0	0.0	0.0	0.0	0.0	0.0	0.0	0.0	0.0	0.0	0.0	0.0	0.0	0.0	0.0	35.0	0.0
1709	278.058469774	721.939762801	272.961074566	0.0	0.0	0.0	0.0	0.0	5.8	0.0	0.0	0.0	0.0	0.0	0.0	0.0	0.0	0.0	0.0	0.0	0.0	0.0	0.0	0.0	0.0	0.0	0.0	0.0	35.0	0.0
1710	278.058469774	721.939762801	272.961074566	0.0	0.0	0.0	0.0	0.0	5.8	0.0	0.0	0.0	0.0	0.0	0.0	0.0	0.0	0.0	0.0	0.0	0.0	0.0	0.0	0.0	0.0	0.0	0.0	0.0	35.0	0.0
1711	278.058469774	721.939762801	272.961074566	0.0	0.0	0.0	0.0	0.0	5.8	0.0	0.0	0.0	0.0	0.0	0.0	0.0	0.0	0.0	0.0	0.0	0.0	0.0	0.0	0.0	0.0	0.0	0.0	0.0	35.0	0.0
1712	278.058469774	721.939762801	272.961074566	0.0	0.0	0.0	0.0	0.0	5.8	0.0	0.0	0.0	0.0	0.0	0.0	0.0	0.0	0.0	0.0	0.0	0.0	0.0	0.0	0.0	0.0	0.0	0.0	0.0	35.0	0.0
1713	278.058469774	721.939762801	272.961074566	0.0	0.0	0.0	0.0	0.0	5.8	0.0	0.0	0.0	0.0	0.0	0.0	0.0	0.0	0.0	0.0	0.0	0.0	0.0	0.0	0.0	0.0	0.0	0.0	0.0	35.0	0.0
1714	278.058469774	721.939762801	272.961074566	0.0	0.0	0.0	0.0	0.0	5.8	0.0	0.0	0.0	0.0	0.0	0.0	0.0	0.0	0.0	0.0	0.0	0.0	0.0	0.0	0.0	0.0	0.0	0.0	0.0	35.0	0.0
1715	278.058469774	721.939762801	272.961074566	0.0	0.0	0.0	0.0	0.0	5.8	0.0	0.0	0.0	0.0	0.0	0.0	0.0	0.0	0.0	0.0	0.0	0.0	0.0	0.0	0.0	0.0	0.0	0.0	0.0	35.0	0.0
1716	278.058469774	721.939762801	272.961074566	0.0	0.0	0.0	0.0	0.0	5.8	0.0	0.0	0.0	0.0	0.0	0.0	0.0	0.0	0.0	0.0	0.0	0.0	0.0	0.0	0.0	0.0	0.0	0.0	0.0	35.0	0.0
1717	278.058469774	721.939762801	272.961074566	0.0	0.0	0.0	0.0	0.0	5.8	0.0	0.0	0.0	0.0	0.0	0.0	0.0	0.0	0.0	0.0	0.0	0.0	0.0	0.0	0.0	0.0	0.0	0.0	0.0	35.0	0.0
1718	278.058469774	721.939762801	272.961074566	0.0	0.0	0.0	0.0	0.0	5.8	0.0	0.0	0.0	0.0	0.0	0.0	0.0	0.0	0.0	0.0	0.0	0.0	0.0	0.0	0.0	0.0	0.0	0.0	0.0	35.0	0.0
1719	278.058469774	721.939762801	272.961074566	0.0	0.0	0.0	0.0	0.0	5.8	0.0	0.0	0.0	0.0	0.0	0.0	0.0	0.0	0.0	0.0	0.0	0.0	0.0	0.0	0.0	0.0	0.0	0.0	0.0	35.0	0.0
1720	278.058469774	721.939762801	272.961074566	0.0	0.0	0.0	0.0	0.0	5.8	0.0	0.0	0.0	0.0	0.0	0.0	0.0	0.0	0.0	0.0	0.0	0.0	0.0	0.0	0.0	0.0	0.0	0.0	0.0	35.0	0.0
1721	278.058469774	721.939762801	272.961074566	0.0	0.0	0.0	0.0	0.0	5.8	0.0	0.0	0.0	0.0	0.0	0.0	0.0	0.0	0.0	0.0	0.0	0.0	0.0	0.0	0.0	0.0	0.0	0.0	0.0	35.0	0.0
1722	278.058469774	721.939762801	272.961074566	0.0	0.0	0.0	0.0	0.0	5.8	0.0	0.0	0.0	0.0	0.0	0.0	0.0	0.0	0.0	0.0	0.0	0.0	0.0	0.0	0.0	0.0	0.0	0.0	0.0	35.0	0.0
1723	278.058469774	721.939762801	272.961074566	0.0	0.0	0.0	0.0	0.0	5.8	0.0	0.0	0.0	0.0	0.0	0.0	0.0	0.0	0.0	0.0	0.0	0.0	0.0	0.0	0.0	0.0	0.0	0.0	0.0	35.0	0.0
1724	278.058469774	721.939762801	272.961074566	0.0	0.0	0.0	0.0	0.0	5.8	0.0	0.0	0.0	0.0	0.0	0.0	0.0	0.0	0.0	0.0	0.0	0.0	0.0	0.0	0.0	0.0	0.0	0.0	0.0	35.0	0.0
1725	278.058469774	721.939762801	272.961074566	0.0	0.0	0.0	0.0	0.0	5.8	0.0	0.0	0.0	0.0	0.0	0.0	0.0	0.0	0.0	0.0	0.0	0.0	0.0	0.0	0.0	0.0	0.0	0.0	0.0	35.0	0.0
1726	278.058469774	721.939762801	272.961074566	0.0	0.0	0.0	0.0	0.0	5.8	0.0	0.0	0.0	0.0	0.0	0.0	0.0	0.0	0.0	0.0	0.0	0.0	0.0	0.0	0.0	0.0	0.0	0.0	0.0	35.0	0.0
1727	278.058469774	721.939762801	272.961074566	0.0	0.0	0.0	0.0	0.0	5.8	0.0	0.0	0.0	0.0	0.0	0.0	0.0	0.0	0.0	0.0	0.0	0.0	0.0	0.0	0.0	0.0	0.0	0.0	0.0	35.0	0.0
1728	278.058469774	721.939762801	272.961074566	0.0	0.0	0.0	0.0	0.0	5.8	0.0	0.0	0.0	0.0	0.0	0.0	0.0	0.0	0.0	0.0	0.0	0.0	0.0	0.0	0.0	0.0	0.0	0.0	0.0	35.0	0.0
1729	278.058469774	721.939762801	272.961074566	0.0	0.0	0.0	0.0	0.0	5.8	0.0	0.0	0.0	0.0	0.0	0.0	0.0	0.0	0.0	0.0	0.0	0.0	0.0	0.0	0.0	0.0	0.0	0.0	0.0	35.0	0.0
1730	278.058469774	721.939762801	272.961074566	0.0	0.0	0.0	0.0	0.0	5.8	0.0	0.0	0.0	0.0	0.0	0.0	0.0	0.0	0.0	0.0	0.0	0.0	0.0	0.0	0.0	0.0	0.0	0.0	0.0	35.0	0.0
1731	278.058469774	721.939762801	272.961074566	0.0	0.0	0.0	0.0	0.0	5.8	0.0	0.0	0.0	0.0	0.0	0.0	0.0	0.0	0.0	0.0	0.0	0.0	0.0	0.0	0.0	0.0	0.0	0.0	0.0	35.0	0.0
1732	278.058469774	721.939762801	272.961074566	0.0	0.0	0.0	0.0	0.0	5.8	0.0	0.0	0.0	0.0	0.0	0.0	0.0	0.0	0.0	0.0	0.0	0.0	0.0	0.0	0.0	0.0	0.0	0.0	0.0	35.0	0.0
1733	278.058469774	721.939762801	272.961074566	0.0	0.0	0.0	0.0	0.0	5.8	0.0	0.0	0.0	0.0	0.0	0.0	0.0	0.0	0.0	0.0	0.0	0.0	0.0	0.0	0.0	0.0	0.0	0.0	0.0	35.0	0.0
1734	278.058469774	721.939762801	272.961074566	0.0	0.0	0.0	0.0	0.0	5.8	0.0	0.0	0.0	0.0	0.0	0.0	0.0	0.0	0.0	0.0	0.0	0.0	0.0	0.0	0.0	0.0	0.0	0.0	0.0	35.0	0.0
1735	278.058469774	721.939762801	272.961074566	0.0	0.0	0.0	0.0	0.0	5.8	0.0	0.0	0.0	0.0	0.0	0.0	0.0	0.0	0.0	0.0	0.0	0.0	0.0	0.0	0.0	0.0	0.0	0.0	0.0	35.0	0.0
1736	278.058469774	721.939762801	272.961074566	0.0	0.0	0.0	0.0	0.0	5.8	0.0	0.0	0.0	0.0	0.0	0.0	0.0	0.0	0.0	0.0	0.0	0.0	0.0	0.0	0.0	0.0	0.0	0.0	0.0	35.0	0.0
1737	278.058469774	721.939762801	272.961074566	0.0	0.0	0.0	0.0	0.0	5.8	0.0	0.0	0.0	0.0	0.0	0.0	0.0	0.0	0.0	0.0	0.0	0.0	0.0	0.0	0.0	0.0	0.0	0.0	0.0	35.0	0.0
1738	278.058469774	721.939762801	272.961074566	0.0	0.0	0.0	0.0	0.0	5.8	0.0	0.0	0.0	0.0	0.0	0.0	0.0	0.0	0.0	0.0	0.0	0.0	0.0	0.0	0.0	0.0	0.0	0.0	0.0	35.0	0.0
1739	278.058469774	721.939762801	272.961074566	0.0	0.0	0.0	0.0	0.0	5.8	0.0	0.0	0.0	0.0	0.0	0.0	0.0	0.0	0.0	0.0	0.0	0.0	0.0	0.0	0.0	0.0	0.0	0.0	0.0	35.0	0.0
1740	278.058469774	721.939762801	272.961074566	0.0	0.0	0.0	0.0	0.0	5.8	0.0	0.0	0.0	0.0	0.0	0.0	0.0	0.0	0.0	0.0	0.0	0.0	0.0	0.0	0.0	0.0	0.0	0.0	0.0	35.0	0.0
1741	278.058469774	721.939762801	272.961074566	0.0	0.0	0.0	0.0	0.0	5.8	0.0	0.0	0.0	0.0	0.0	0.0	0.0	0.0	0.0	0.0	0.0	0.0	0.0	0.0	0.0	0.0	0.0	0.0	0.0	35.0	0.0
1742	278.058469774	721.939762801	272.961074566	0.0	0.0	0.0	0.0	0.0	5.8	0.0	0.0	0.0	0.0	0.0	0.0	0.0	0.0	0.0	0.0	0.0	0.0	0.0	0.0	0.0	0.0	0.0	0.0	0.0	35.0	0.0
1743	278.058469774	721.939762801	272.961074566	0.0	0.0	0.0	0.0	0.0	5.8	0.0	0.0	0.0	0.0	0.0	0.0	0.0	0.0	0.0	0.0	0.0	0.0	0.0	0.0	0.0	0.0	0.0	0.0	0.0	35.0	0.0
1744	278.058469774	721.939762801	272.961074566	0.0	0.0	0.0	0.0	0.0	5.8	0.0	0.0	0.0	0.0	0.0	0.0	0.0	0.0	0.0	0.0	0.0	0.0	0.0	0.0	0.0	0.0	0.0	0.0	0.0	35.0	0.0
1745	278.058469774	721.939762801	272.961074566	0.0	0.0	0.0	0.0	0.0	5.8	0.0	0.0	0.0	0.0	0.0	0.0	0.0	0.0	0.0	0.0	0.0	0.0	0.0	0.0	0.0	0.0	0.0	0.0	0.0	35.0	0.0
1746	278.058469774	721.939762801	272.961074566	0.0	0.0	0.0	0.0	0.0	5.8	0.0	0.0	0.0	0.0	0.0	0.0	0.0	0.0	0.0	0.0	0.0	0.0	0.0	0.0	0.0	0.0	0.0	0.0	0.0	35.0	0.0
1747	278.058469774	721.939762801	272.961074566	0.0	0.0	0.0	0.0	0.0	5.8	0.0	0.0	0.0	0.0	0.0	0.0	0.0	0.0	0.0	0.0	0.0	0.0	0.0	0.0	0.0	0.0	0.0	0.0	0.0	35.0	0.0
1748	278.058469774	721.939762801	272.961074566	0.0	0.0	0.0	0.0	0.0	5.8	0.0	0.0	0.0	0.0	0.0	0.0	0.0	0.0	0.0	0.0	0.0	0.0	0.0	0.0	0.0	0.0	0.0	0.0	0.0	35.0	0.0
1749	278.058469774	721.939762801	272.961074566	0.0	0.0	0.0	0.0	0.0	5.8	0.0	0.0	0.0	0.0	0.0	0.0	0.0	0.0	0.0	0.0	0.0	0.0	0.0	0.0	0.0	0.0	0.0	0.0	0.0	35.0	0.0
1750	278.058469774	721.939762801	272.961074566	0.0	0.0	0.0	0.0	0.0	5.8	0.0	0.0	0.0	0.0	0.0	0.0	0.0	0.0	0.0	0.0	0.0	0.0	0.0	0.0	0.0	0.0	0.0	0.0	0.0	35.0	0.0
1751	278.058469774	721.939762801	272.961074566	0.0	0.0	0.0	0.0	0.0	5.8	0.0	0.0	0.0	0.0	0.0	0.0	0.0	0.0	0.0	0.0	0.0	0.0	0.0	0.0	0.0	0.0	0.0	0.0	0.0	35.0	0.0
1752	278.058469774	721.939762801	272.961074566	0.0	0.0	0.0	0.0	0.0	5.8	0.0	0.0	0.0	0.0	0.0	0.0	0.0	0.0	0.0	0.0	0.0	0.0	0.0	0.0	0.0	0.0	0.0	0.0	0.0	35.0	0.0
1753	278.058469774	721.939762801	272.961074566	0.0	0.0	0.0	0.0	0.0	5.8	0.0	0.0	0.0	0.0	0.0	0.0	0.0	0.0	0.0	0.0	0.0	0.0	0.0	0.0	0.0	0.0	0.0	0.0	0.0	35.0	0.0
1754	278.058469774	721.939762801	272.961074566	0.0	0.0	0.0	0.0	0.0	5.8	0.0	0.0	0.0	0.0	0.0	0.0	0.0	0.0	0.0	0.0	0.0	0.0	0.0	0.0	0.0	0.0	0.0	0.0	0.0	35.0	0.0
1755	278.058469774	721.939762801	272.961074566	0.0	0.0	0.0	0.0	0.0	5.8	0.0	0.0	0.0	0.0	0.0	0.0	0.0	0.0	0.0	0.0	0.0	0.0	0.0	0.0	0.0	0.0	0.0	0.0	0.0	35.0	0.0
1756	278.058469774	721.939762801	272.961074566	0.0	0.0	0.0	0.0	0.0	5.8	0.0	0.0	0.0	0.0	0.0	0.0	0.0	0.0	0.0	0.0	0.0	0.0	0.0	0.0	0.0	0.0	0.0	0.0	0.0	35.0	0.0
1757	278.058469774	721.939762801	272.961074566	0.0	0.0	0.0	0.0	0.0	5.8	0.0	0.0	0.0	0.0	0.0	0.0	0.0	0.0	0.0	0.0	0.0	0.0	0.0	0.0	0.0	0.0	0.0	0.0	0.0	35.0	0.0
1758	278.058469774	721.939762801	272.961074566	0.0	0.0	0.0	0.0	0.0	5.8	0.0	0.0	0.0	0.0	0.0	0.0	0.0	0.0	0.0	0.0	0.0	0.0	0.0	0.0	0.0	0.0	0.0	0.0	0.0	35.0	0.0
1759	278.058469774	721.939762801	272.961074566	0.0	0.0	0.0	0.0	0.0	5.8	0.0	0.0	0.0	0.0	0.0	0.0	0.0	0.0	0.0	0.0	0.0	0.0	0.0	0.0	0.0	0.0	0.0	0.0	0.0	35.0	0.0
1760	278.058469774	721.939762801	272.961074566	0.0	0.0	0.0	0.0	0.0	5.8	0.0	0.0	0.0	0.0	0.0	0.0	0.0	0.0	0.0	0.0	0.0	0.0	0.0	0.0	0.0	0.0	0.0	0.0	0.0	35.0	0.0
1761	278.058469774	721.939762801	272.961074566	0.0	0.0	0.0	0.0	0.0	5.8	0.0	0.0	0.0	0.0	0.0	0.0	0.0	0.0	0.0	0.0	0.0	0.0	0.0	0.0	0.0	0.0	0.0	0.0	0.0	35.0	0.0
1762	278.058469774	721.939762801	272.961074566	0.0	0.0	0.0	0.0	0.0	5.8	0.0	0.0	0.0	0.0	0.0	0.0	0.0	0.0	0.0	0.0	0.0	0.0	0.0	0.0	0.0	0.0	0.0	0.0	0.0	35.0	0.0
1763	278.058469774	721.939762801	272.961074566	0.0	0.0	0.0	0.0	0.0	5.8	0.0	0.0	0.0	0.0	0.0	0.0	0.0	0.0	0.0	0.0	0.0	0.0	0.0	0.0	0.0	0.0	0.0	0.0	0.0	35.0	0.0
1764	278.058469774	721.939762801	272.961074566	0.0	0.0	0.0	0.0	0.0	5.8	0.0	0.0	0.0	0.0	0.0	0.0	0.0	0.0	0.0	0.0	0.0	0.0	0.0	0.0	0.0	0.0	0.0	0.0	0.0	35.0	0.0
1765	278.058469774	721.939762801	272.961074566	0.0	0.0	0.0	0.0	0.0	5.8	0.0	0.0	0.0	0.0	0.0	0.0	0.0	0.0	0.0	0.0	0.0	0.0	0.0	0.0	0.0	0.0	0.0	0.0	0.0	35.0	0.0
1766	278.113789579	722.301036896	272.972669301	0.0	0.0	0.0	0.0	0.0	5.8	0.0	0.0	0.0	0.0	0.0	0.0	0.0	0.0	0.0	0.0	0.0	0.0	0.0	0.0	0.0	0.0	0.0	0.0	0.0	35.0	0.0
1767	278.221360562	722.96808679	272.994125717	0.0	0.0	0.0	0.0	0.0	5.8	0.0	0.0	0.0	0.0	0.0	0.0	0.0	0.0	0.0	0.0	0.0	0.0	0.0	0.0	0.0	0.0	0.0	0.0	0.0	35.0	0.0
1768	278.343846818	723.666190337	273.016770583	0.0	0.0	0.0	0.0	0.0	5.8	0.0	0.0	0.0	0.0	0.0	0.0	0.0	0.0	0.0	0.0	0.0	0.0	0.0	0.0	0.0	0.0	0.0	0.0	0.0	35.0	0.0
1769	278.471125453	724.341526357	273.039032777	0.0	0.0	0.0	0.0	0.0	5.8	0.0	0.0	0.0	0.0	0.0	0.0	0.0	0.0	0.0	0.0	0.0	0.0	0.0	0.0	0.0	0.0	0.0	0.0	0.0	35.0	0.0
1770	278.601023821	724.994184768	273.060962156	0.0	0.0	0.0	0.0	0.0	5.8	0.0	0.0	0.0	0.0	0.0	0.0	0.0	0.0	0.0	0.0	0.0	0.0	0.0	0.0	0.0	0.0	0.0	0.0	0.0	35.0	0.0
1771	278.733130341	725.62681269	273.082515371	0.0	0.0	0.0	0.0	0.0	5.8	0.0	0.0	0.0	0.0	0.0	0.0	0.0	0.0	0.0	0.0	0.0	0.0	0.0	0.0	0.0	0.0	0.0	0.0	0.0	35.0	0.0
1772	278.869542105	726.249011141	273.103854967	0.0	0.0	0.0	0.0	0.0	5.8	0.0	0.0	0.0	0.0	0.0	0.0	0.0	0.0	0.0	0.0	0.0	0.0	0.0	0.0	0.0	0.0	0.0	0.0	0.0	35.0	0.0
1773	279.009828279	726.858188337	273.124871715	0.0	0.0	0.0	0.0	0.0	5.8	0.0	0.0	0.0	0.0	0.0	0.0	0.0	0.0	0.0	0.0	0.0	0.0	0.0	0.0	0.0	0.0	0.0	0.0	0.0	35.0	0.0
1774	279.154029079	727.454221873	273.145646318	0.0	0.0	0.0	0.0	0.0	5.8	0.0	0.0	0.0	0.0	0.0	0.0	0.0	0.0	0.0	0.0	0.0	0.0	0.0	0.0	0.0	0.0	0.0	0.0	0.0	35.0	0.0
1775	279.302492986	728.034690197	273.166172266	0.0	0.0	0.0	0.0	0.0	5.8	0.0	0.0	0.0	0.0	0.0	0.0	0.0	0.0	0.0	0.0	0.0	0.0	0.0	0.0	0.0	0.0	0.0	0.0	0.0	35.0	0.0
1776	279.457822812	728.602632738	273.18660247	0.0	0.0	0.0	0.0	0.0	5.8	0.0	0.0	0.0	0.0	0.0	0.0	0.0	0.0	0.0	0.0	0.0	0.0	0.0	0.0	0.0	0.0	0.0	0.0	0.0	35.0	0.0
1777	279.618716201	729.153125966	273.206786417	0.0	0.0	0.0	0.0	0.0	5.8	0.0	0.0	0.0	0.0	0.0	0.0	0.0	0.0	0.0	0.0	0.0	0.0	0.0	0.0	0.0	0.0	0.0	0.0	0.0	35.0	0.0
1778	279.78191474	729.685681411	273.226786168	0.0	0.0	0.0	0.0	0.0	5.8	0.0	0.0	0.0	0.0	0.0	0.0	0.0	0.0	0.0	0.0	0.0	0.0	0.0	0.0	0.0	0.0	0.0	0.0	0.0	35.0	0.0
1779	279.94220796	730.197737703	273.246626438	0.0	0.0	0.0	0.0	0.0	5.8	0.0	0.0	0.0	0.0	0.0	0.0	0.0	0.0	0.0	0.0	0.0	0.0	0.0	0.0	0.0	0.0	0.0	0.0	0.0	35.0	0.0
1780	280.096517689	730.689216874	273.266480548	0.0	0.0	0.0	0.0	0.0	5.8	0.0	0.0	0.0	0.0	0.0	0.0	0.0	0.0	0.0	0.0	0.0	0.0	0.0	0.0	0.0	0.0	0.0	0.0	0.0	35.0	0.0
1781	280.242258982	731.150987763	273.286226945	0.0	0.0	0.0	0.0	0.0	5.8	0.0	0.0	0.0	0.0	0.0	0.0	0.0	0.0	0.0	0.0	0.0	0.0	0.0	0.0	0.0	0.0	0.0	0.0	0.0	35.0	0.0
1782	280.381666703	731.58186272	273.305879296	0.0	0.0	0.0	0.0	0.0	5.8	0.0	0.0	0.0	0.0	0.0	0.0	0.0	0.0	0.0	0.0	0.0	0.0	0.0	0.0	0.0	0.0	0.0	0.0	0.0	35.0	0.0
1783	280.518505561	731.986619365	273.325415368	0.0	0.0	0.0	0.0	0.0	5.8	0.0	0.0	0.0	0.0	0.0	0.0	0.0	0.0	0.0	0.0	0.0	0.0	0.0	0.0	0.0	0.0	0.0	0.0	0.0	35.0	0.0
1784	280.658229201	732.377357397	273.345036605	0.0	0.0	0.0	0.0	0.0	5.8	0.0	0.0	0.0	0.0	0.0	0.0	0.0	0.0	0.0	0.0	0.0	0.0	0.0	0.0	0.0	0.0	0.0	0.0	0.0	35.0	0.0
1785	280.803993219	732.761104898	273.36467567	0.0	0.0	0.0	0.0	0.0	5.8	0.0	0.0	0.0	0.0	0.0	0.0	0.0	0.0	0.0	0.0	0.0	0.0	0.0	0.0	0.0	0.0	0.0	0.0	0.0	35.0	0.0
1786	280.957993137	733.147963299	273.384359474	0.0	0.0	0.0	0.0	0.0	5.8	0.0	0.0	0.0	0.0	0.0	0.0	0.0	0.0	0.0	0.0	0.0	0.0	0.0	0.0	0.0	0.0	0.0	0.0	0.0	35.0	0.0
1787	281.11828857	733.546626063	273.404014004	0.0	0.0	0.0	0.0	0.0	5.8	0.0	0.0	0.0	0.0	0.0	0.0	0.0	0.0	0.0	0.0	0.0	0.0	0.0	0.0	0.0	0.0	0.0	0.0	0.0	35.0	0.0
1788	281.281839825	733.969750975	273.423820675	0.0	0.0	0.0	0.0	0.0	5.8	0.0	0.0	0.0	0.0	0.0	0.0	0.0	0.0	0.0	0.0	0.0	0.0	0.0	0.0	0.0	0.0	0.0	0.0	0.0	35.0	0.0
1789	281.4427201	734.424014145	273.443689985	0.0	0.0	0.0	0.0	0.0	5.8	0.0	0.0	0.0	0.0	0.0	0.0	0.0	0.0	0.0	0.0	0.0	0.0	0.0	0.0	0.0	0.0	0.0	0.0	0.0	35.0	0.0
1790	281.597695288	734.917154955	273.46370779	0.0	0.0	0.0	0.0	0.0	5.8	0.0	0.0	0.0	0.0	0.0	0.0	0.0	0.0	0.0	0.0	0.0	0.0	0.0	0.0	0.0	0.0	0.0	0.0	0.0	35.0	0.0
1791	281.746156695	735.449829626	273.483822401	0.0	0.0	0.0	0.0	0.0	5.8	0.0	0.0	0.0	0.0	0.0	0.0	0.0	0.0	0.0	0.0	0.0	0.0	0.0	0.0	0.0	0.0	0.0	0.0	0.0	35.0	0.0
1792	281.890657688	736.023458166	273.504169051	0.0	0.0	0.0	0.0	0.0	5.8	0.0	0.0	0.0	0.0	0.0	0.0	0.0	0.0	0.0	0.0	0.0	0.0	0.0	0.0	0.0	0.0	0.0	0.0	0.0	35.0	0.0
1793	282.03093192	736.630841089	273.5246362	0.0	0.0	0.0	0.0	0.0	5.8	0.0	0.0	0.0	0.0	0.0	0.0	0.0	0.0	0.0	0.0	0.0	0.0	0.0	0.0	0.0	0.0	0.0	0.0	0.0	35.0	0.0
1794	282.166971144	737.269657728	273.54530292	0.0	0.0	0.0	0.0	0.0	5.8	0.0	0.0	0.0	0.0	0.0	0.0	0.0	0.0	0.0	0.0	0.0	0.0	0.0	0.0	0.0	0.0	0.0	0.0	0.0	35.0	0.0
1795	282.298425476	737.935477807	273.566168079	0.0	0.0	0.0	0.0	0.0	5.8	0.0	0.0	0.0	0.0	0.0	0.0	0.0	0.0	0.0	0.0	0.0	0.0	0.0	0.0	0.0	0.0	0.0	0.0	0.0	35.0	0.0
1796	282.426527467	738.630464353	273.587392982	0.0	0.0	0.0	0.0	0.0	5.8	0.0	0.0	0.0	0.0	0.0	0.0	0.0	0.0	0.0	0.0	0.0	0.0	0.0	0.0	0.0	0.0	0.0	0.0	0.0	35.0	0.0
1797	282.550687332	739.347287586	273.608835677	0.0	0.0	0.0	0.0	0.0	5.8	0.0	0.0	0.0	0.0	0.0	0.0	0.0	0.0	0.0	0.0	0.0	0.0	0.0	0.0	0.0	0.0	0.0	0.0	0.0	35.0	0.0
1798	282.670929397	740.083884219	273.630541251	0.0	0.0	0.0	0.0	0.0	5.8	0.0	0.0	0.0	0.0	0.0	0.0	0.0	0.0	0.0	0.0	0.0	0.0	0.0	0.0	0.0	0.0	0.0	0.0	0.0	35.0	0.0
1799	282.786974775	740.838349288	273.652559428	0.0	0.0	0.0	0.0	0.0	5.8	0.0	0.0	0.0	0.0	0.0	0.0	0.0	0.0	0.0	0.0	0.0	0.0	0.0	0.0	0.0	0.0	0.0	0.0	0.0	35.0	0.0
1800	282.898728079	741.613570994	273.674942671	0.0	0.0	0.0	0.0	0.0	5.8	0.0	0.0	0.0	0.0	0.0	0.0	0.0	0.0	0.0	0.0	0.0	0.0	0.0	0.0	0.0	0.0	0.0	0.0	0.0	35.0	0.0
1801	283.006524603	742.42007967	273.697710903	0.0	0.0	0.0	0.0	0.0	5.8	0.0	0.0	0.0	0.0	0.0	0.0	0.0	0.0	0.0	0.0	0.0	0.0	0.0	0.0	0.0	0.0	0.0	0.0	0.0	35.0	0.0
1802	283.110652365	743.266557455	273.720854146	0.0	0.0	0.0	0.0	0.0	5.8	0.0	0.0	0.0	0.0	0.0	0.0	0.0	0.0	0.0	0.0	0.0	0.0	0.0	0.0	0.0	0.0	0.0	0.0	0.0	35.0	0.0
1803	283.210688334	744.149261155	273.744327467	0.0	0.0	0.0	0.0	0.0	5.8	0.0	0.0	0.0	0.0	0.0	0.0	0.0	0.0	0.0	0.0	0.0	0.0	0.0	0.0	0.0	0.0	0.0	0.0	0.0	35.0	0.0
1804	283.307030228	745.067818355	273.76834362	0.0	0.0	0.0	0.0	0.0	5.8	0.0	0.0	0.0	0.0	0.0	0.0	0.0	0.0	0.0	0.0	0.0	0.0	0.0	0.0	0.0	0.0	0.0	0.0	0.0	35.0	0.0
1805	283.399542644	746.008559162	273.792779256	0.0	0.0	0.0	0.0	0.0	5.8	0.0	0.0	0.0	0.0	0.0	0.0	0.0	0.0	0.0	0.0	0.0	0.0	0.0	0.0	0.0	0.0	0.0	0.0	0.0	35.0	0.0
1806	283.489706225	746.964805301	273.817688944	0.0	0.0	0.0	0.0	0.0	5.8	0.0	0.0	0.0	0.0	0.0	0.0	0.0	0.0	0.0	0.0	0.0	0.0	0.0	0.0	0.0	0.0	0.0	0.0	0.0	35.0	0.0
1807	283.577279481	747.926644849	273.843016159	0.0	0.0	0.0	0.0	0.0	5.8	0.0	0.0	0.0	0.0	0.0	0.0	0.0	0.0	0.0	0.0	0.0	0.0	0.0	0.0	0.0	0.0	0.0	0.0	0.0	35.0	0.0
1808	283.660115553	748.893453172	273.868974073	0.0	0.0	0.0	0.0	0.0	5.8	0.0	0.0	0.0	0.0	0.0	0.0	0.0	0.0	0.0	0.0	0.0	0.0	0.0	0.0	0.0	0.0	0.0	0.0	0.0	35.0	0.0
1809	283.733700565	749.851651685	273.895410712	0.0	0.0	0.0	0.0	0.0	5.8	0.0	0.0	0.0	0.0	0.0	0.0	0.0	0.0	0.0	0.0	0.0	0.0	0.0	0.0	0.0	0.0	0.0	0.0	0.0	35.0	0.0
1810	283.795397398	750.799228691	273.922385567	0.0	0.0	0.0	0.0	0.0	5.8	0.0	0.0	0.0	0.0	0.0	0.0	0.0	0.0	0.0	0.0	0.0	0.0	0.0	0.0	0.0	0.0	0.0	0.0	0.0	35.0	0.0
1811	283.845633293	751.738534721	273.9498634	0.0	0.0	0.0	0.0	0.0	5.8	0.0	0.0	0.0	0.0	0.0	0.0	0.0	0.0	0.0	0.0	0.0	0.0	0.0	0.0	0.0	0.0	0.0	0.0	0.0	35.0	0.0
1812	283.888054246	752.683496112	273.978058744	0.0	0.0	0.0	0.0	0.0	5.8	0.0	0.0	0.0	0.0	0.0	0.0	0.0	0.0	0.0	0.0	0.0	0.0	0.0	0.0	0.0	0.0	0.0	0.0	0.0	35.0	0.0
1813	283.926069137	753.630691752	274.006815315	0.0	0.0	0.0	0.0	0.0	5.8	0.0	0.0	0.0	0.0	0.0	0.0	0.0	0.0	0.0	0.0	0.0	0.0	0.0	0.0	0.0	0.0	0.0	0.0	0.0	35.0	0.0
1814	283.962975747	754.580812118	274.0361878	0.0	0.0	0.0	0.0	0.0	5.8	0.0	0.0	0.0	0.0	0.0	0.0	0.0	0.0	0.0	0.0	0.0	0.0	0.0	0.0	0.0	0.0	0.0	0.0	0.0	35.0	0.0
1815	284.001442289	755.530867983	274.066124173	0.0	0.0	0.0	0.0	0.0	5.8	0.0	0.0	0.0	0.0	0.0	0.0	0.0	0.0	0.0	0.0	0.0	0.0	0.0	0.0	0.0	0.0	0.0	0.0	0.0	35.0	0.0
1816	284.042966545	756.487012456	274.096882642	0.0	0.0	0.0	0.0	0.0	5.8	0.0	0.0	0.0	0.0	0.0	0.0	0.0	0.0	0.0	0.0	0.0	0.0	0.0	0.0	0.0	0.0	0.0	0.0	0.0	35.0	0.0
1817	284.086080509	757.442135046	274.128283064	0.0	0.0	0.0	0.0	0.0	5.8	0.0	0.0	0.0	0.0	0.0	0.0	0.0	0.0	0.0	0.0	0.0	0.0	0.0	0.0	0.0	0.0	0.0	0.0	0.0	35.0	0.0
1818	284.128074434	758.396517046	274.160391955	0.0	0.0	0.0	0.0	0.0	5.8	0.0	0.0	0.0	0.0	0.0	0.0	0.0	0.0	0.0	0.0	0.0	0.0	0.0	0.0	0.0	0.0	0.0	0.0	0.0	35.0	0.0
1819	284.165820684	759.347211593	274.193128479	0.0	0.0	0.0	0.0	0.0	5.8	0.0	0.0	0.0	0.0	0.0	0.0	0.0	0.0	0.0	0.0	0.0	0.0	0.0	0.0	0.0	0.0	0.0	0.0	0.0	35.0	0.0
1820	284.197438735	760.300748104	274.226753197	0.0	0.0	0.0	0.0	0.0	5.8	0.0	0.0	0.0	0.0	0.0	0.0	0.0	0.0	0.0	0.0	0.0	0.0	0.0	0.0	0.0	0.0	0.0	0.0	0.0	35.0	0.0
1821	284.222849757	761.251108404	274.261063761	0.0	0.0	0.0	0.0	0.0	5.8	0.0	0.0	0.0	0.0	0.0	0.0	0.0	0.0	0.0	0.0	0.0	0.0	0.0	0.0	0.0	0.0	0.0	0.0	0.0	35.0	0.0
1822	284.24404045	762.200101029	274.296130306	0.0	0.0	0.0	0.0	0.0	5.8	0.0	0.0	0.0	0.0	0.0	0.0	0.0	0.0	0.0	0.0	0.0	0.0	0.0	0.0	0.0	0.0	0.0	0.0	0.0	35.0	0.0
1823	284.262989893	763.146180296	274.331905112	0.0	0.0	0.0	0.0	0.0	5.8	0.0	0.0	0.0	0.0	0.0	0.0	0.0	0.0	0.0	0.0	0.0	0.0	0.0	0.0	0.0	0.0	0.0	0.0	0.0	35.0	0.0
1824	284.281442941	764.096710899	274.368656663	0.0	0.0	0.0	0.0	0.0	5.8	0.0	0.0	0.0	0.0	0.0	0.0	0.0	0.0	0.0	0.0	0.0	0.0	0.0	0.0	0.0	0.0	0.0	0.0	0.0	35.0	0.0
1825	284.300406498	765.045814076	274.40615879	0.0	0.0	0.0	0.0	0.0	5.8	0.0	0.0	0.0	0.0	0.0	0.0	0.0	0.0	0.0	0.0	0.0	0.0	0.0	0.0	0.0	0.0	0.0	0.0	0.0	35.0	0.0
1826	284.320072378	765.994981661	274.444486733	0.0	0.0	0.0	0.0	0.0	5.8	0.0	0.0	0.0	0.0	0.0	0.0	0.0	0.0	0.0	0.0	0.0	0.0	0.0	0.0	0.0	0.0	0.0	0.0	0.0	35.0	0.0
1827	284.339986326	766.942447554	274.483594037	0.0	0.0	0.0	0.0	0.0	5.8	0.0	0.0	0.0	0.0	0.0	0.0	0.0	0.0	0.0	0.0	0.0	0.0	0.0	0.0	0.0	0.0	0.0	0.0	0.0	35.0	0.0
1828	284.360029668	767.895566233	274.523783114	0.0	0.0	0.0	0.0	0.0	5.8	0.0	0.0	0.0	0.0	0.0	0.0	0.0	0.0	0.0	0.0	0.0	0.0	0.0	0.0	0.0	0.0	0.0	0.0	0.0	35.0	0.0
1829	284.380038813	768.848192832	274.564801934	0.0	0.0	0.0	0.0	0.0	5.8	0.0	0.0	0.0	0.0	0.0	0.0	0.0	0.0	0.0	0.0	0.0	0.0	0.0	0.0	0.0	0.0	0.0	0.0	0.0	35.0	0.0
1830	284.395619863	769.799599492	274.606694924	0.0	0.0	0.0	0.0	0.0	5.8	0.0	0.0	0.0	0.0	0.0	0.0	0.0	0.0	0.0	0.0	0.0	0.0	0.0	0.0	0.0	0.0	0.0	0.0	0.0	35.0	0.0
1831	284.373801239	770.74333295	274.649381553	0.0	0.0	0.0	0.0	0.0	5.8	0.0	0.0	0.0	0.0	0.0	0.0	0.0	0.0	0.0	0.0	0.0	0.0	0.0	0.0	0.0	0.0	0.0	0.0	0.0	35.0	0.0
1832	284.273531458	771.683784224	274.693238644	0.0	0.0	0.0	0.0	0.0	5.8	0.0	0.0	0.0	0.0	0.0	0.0	0.0	0.0	0.0	0.0	0.0	0.0	0.0	0.0	0.0	0.0	0.0	0.0	0.0	35.0	0.0
1833	284.125330479	772.617100782	274.738000555	0.0	0.0	0.0	0.0	0.0	5.8	0.0	0.0	0.0	0.0	0.0	0.0	0.0	0.0	0.0	0.0	0.0	0.0	0.0	0.0	0.0	0.0	0.0	0.0	0.0	35.0	0.0
1834	283.974708904	773.549295853	274.783723719	0.0	0.0	0.0	0.0	0.0	5.8	0.0	0.0	0.0	0.0	0.0	0.0	0.0	0.0	0.0	0.0	0.0	0.0	0.0	0.0	0.0	0.0	0.0	0.0	0.0	35.0	0.0
1835	283.825102553	774.483450739	274.83031261	0.0	0.0	0.0	0.0	0.0	5.8	0.0	0.0	0.0	0.0	0.0	0.0	0.0	0.0	0.0	0.0	0.0	0.0	0.0	0.0	0.0	0.0	0.0	0.0	0.0	35.0	0.0
1836	283.674777491	775.431688553	274.878133341	0.0	0.0	0.0	0.0	0.0	5.8	0.0	0.0	0.0	0.0	0.0	0.0	0.0	0.0	0.0	0.0	0.0	0.0	0.0	0.0	0.0	0.0	0.0	0.0	0.0	35.0	0.0
1837	283.531021689	776.393025848	274.926923507	0.0	0.0	0.0	0.0	0.0	5.8	0.0	0.0	0.0	0.0	0.0	0.0	0.0	0.0	0.0	0.0	0.0	0.0	0.0	0.0	0.0	0.0	0.0	0.0	0.0	35.0	0.0
1838	283.434275114	777.373762003	274.976781854	0.0	0.0	0.0	0.0	0.0	5.8	0.0	0.0	0.0	0.0	0.0	0.0	0.0	0.0	0.0	0.0	0.0	0.0	0.0	0.0	0.0	0.0	0.0	0.0	0.0	35.0	0.0
1839	283.403130708	778.377144079	275.027600861	0.0	0.0	0.0	0.0	0.0	5.8	0.0	0.0	0.0	0.0	0.0	0.0	0.0	0.0	0.0	0.0	0.0	0.0	0.0	0.0	0.0	0.0	0.0	0.0	0.0	35.0	0.0
1840	283.403156393	779.418916612	275.080315655	0.0	0.0	0.0	0.0	0.0	5.8	0.0	0.0	0.0	0.0	0.0	0.0	0.0	0.0	0.0	0.0	0.0	0.0	0.0	0.0	0.0	0.0	0.0	0.0	0.0	35.0	0.0
1841	283.431361301	780.502183936	275.137668977	0.0	0.0	0.0	0.0	0.0	5.8	0.0	0.0	0.0	0.0	0.0	0.0	0.0	0.0	0.0	0.0	0.0	0.0	0.0	0.0	0.0	0.0	0.0	0.0	0.0	35.0	0.0
1842	283.503301941	781.631174613	275.202977872	0.0	0.0	0.0	0.0	0.0	5.8	0.0	0.0	0.0	0.0	0.0	0.0	0.0	0.0	0.0	0.0	0.0	0.0	0.0	0.0	0.0	0.0	0.0	0.0	0.0	35.0	0.0
1843	283.603045247	782.795686204	275.272214676	0.0	0.0	0.0	0.0	0.0	5.8	0.0	0.0	0.0	0.0	0.0	0.0	0.0	0.0	0.0	0.0	0.0	0.0	0.0	0.0	0.0	0.0	0.0	0.0	0.0	35.0	0.0
1844	283.73149821	783.992072365	275.3345915	0.0	0.0	0.0	0.0	0.0	5.8	0.0	0.0	0.0	0.0	0.0	0.0	0.0	0.0	0.0	0.0	0.0	0.0	0.0	0.0	0.0	0.0	0.0	0.0	0.0	35.0	0.0
1845	283.900339612	785.199633291	275.377327232	0.0	0.0	0.0	0.0	0.0	5.8	0.0	0.0	0.0	0.0	0.0	0.0	0.0	0.0	0.0	0.0	0.0	0.0	0.0	0.0	0.0	0.0	0.0	0.0	0.0	35.0	0.0
1846	284.072183219	786.406843656	275.396534686	0.0	0.0	0.0	0.0	0.0	5.8	0.0	0.0	0.0	0.0	0.0	0.0	0.0	0.0	0.0	0.0	0.0	0.0	0.0	0.0	0.0	0.0	0.0	0.0	0.0	35.0	0.0
1847	284.228011063	787.598162744	275.40087332	0.0	0.0	0.0	0.0	0.0	5.8	0.0	0.0	0.0	0.0	0.0	0.0	0.0	0.0	0.0	0.0	0.0	0.0	0.0	0.0	0.0	0.0	0.0	0.0	0.0	35.0	0.0
1848	284.400259594	788.769341098	275.400794294	0.0	0.0	0.0	0.0	0.0	5.8	0.0	0.0	0.0	0.0	0.0	0.0	0.0	0.0	0.0	0.0	0.0	0.0	0.0	0.0	0.0	0.0	0.0	0.0	0.0	35.0	0.0
1849	284.572183219	789.899122664	275.403501994	0.0	0.0	0.0	0.0	0.0	5.8	0.0	0.0	0.0	0.0	0.0	0.0	0.0	0.0	0.0	0.0	0.0	0.0	0.0	0.0	0.0	0.0	0.0	0.0	0.0	35.0	0.0
1850	284.725291096	791.006017142	275.431446048	0.0	0.0	0.0	0.0	0.0	5.8	0.00327444178082	0.0	0.0	0.0	0.0	0.0	0.0	0.0	0.0	0.0	0.0	0.0	0.0	0.0	0.0	0.0	0.0	0.0	0.0	35.0	0.0
1851	284.871783832	792.277681812	275.503069853	0.0	0.0	0.0	0.0	0.0	5.8	0.029144842656	0.0	0.0	0.0	0.0	0.0	0.0	0.0	0.0	0.0	0.0	0.0	0.0	0.0	0.0	0.0	0.0	0.0	0.0	35.0	0.0
1852	285.000185424	793.752225092	275.600148339	0.0	0.0	0.0	0.0	0.0	5.8	0.0778638078387	0.0	0.0	0.0	0.0	0.0	0.0	0.0	0.0	0.0	0.0	0.0	0.0	0.0	0.0	0.0	0.0	0.0	0.0	35.0	0.0
1853	285.128398973	795.252910959	275.700194064	0.0	0.0	0.0	0.0	0.0	5.8	0.129755070205	0.0	0.0	0.0	0.0	0.0	0.0	0.0	0.0	0.0	0.0	0.0	0.0	0.0	0.0	0.0	0.0	0.0	0.0	35.0	0.0
1854	285.275291096	796.721347032	275.800194064	0.0	0.0	0.0	0.0	0.0	5.8	0.181650719178	0.0	0.0	0.0	0.0	0.0	0.0	0.0	0.0	0.0	0.0	0.0	0.0	0.0	0.0	0.0	0.0	0.0	0.0	35.0	0.0
1855	285.424897447	797.999145395	275.899931632	0.0	0.0	0.0	0.0	0.0	5.8	0.233408289574	0.0	0.0	0.0	0.0	0.0	0.0	0.0	0.0	0.0	0.0	0.0	0.0	0.0	0.0	0.0	0.0	0.0	0.0	35.0	0.0
1856	285.575222509	799.28341817	276.000148339	0.0	0.0	0.0	0.0	0.0	5.8	0.285376914003	0.0	0.0	0.0	0.0	0.0	0.0	0.0	0.0	0.0	0.0	0.0	0.0	0.0	0.0	0.0	0.0	0.0	0.0	35.0	0.0
1857	285.728447489	800.752910959	276.100194064	0.0	0.0	0.0	0.0	0.0	5.8	0.337256934932	0.0	0.0	0.0	0.0	0.0	0.0	0.0	0.0	0.0	0.0	0.0	0.0	0.0	0.0	0.0	0.0	0.0	0.0	35.0	0.0
1858	285.900339612	802.252910959	276.200194064	0.0	0.0	0.0	0.0	0.0	5.8	0.389144406393	0.0	0.0	0.0	0.0	0.0	0.0	0.0	0.0	0.0	0.0	0.0	0.0	0.0	0.0	0.0	0.0	0.0	0.0	35.0	0.0
1859	286.07176674	803.748974474	276.299931632	0.0	0.0	0.0	0.0	0.0	5.8	0.440864550989	0.0	0.0	0.0	0.0	0.0	0.0	0.0	0.0	0.0	0.0	0.0	0.0	0.0	0.0	0.0	0.0	0.0	0.0	35.0	0.0
1860	286.225222509	805.252225092	276.400148339	0.0	0.0	0.0	0.0	0.0	5.8	0.492833226788	0.0	0.0	0.0	0.0	0.0	0.0	0.0	0.0	0.0	0.0	0.0	0.0	0.0	0.0	0.0	0.0	0.0	0.0	35.0	0.0
1861	286.372134703	806.752910959	276.500194064	0.0	0.0	0.0	0.0	0.0	5.8	0.544744406393	0.0	0.0	0.0	0.0	0.0	0.0	0.0	0.0	0.0	0.0	0.0	0.0	0.0	0.0	0.0	0.0	0.0	0.0	35.0	0.0
1862	286.50024258	808.252910959	276.600194064	0.0	0.0	0.0	0.0	0.0	5.8	0.596600622146	0.0	0.0	0.0	0.0	0.0	0.0	0.0	0.0	0.0	0.0	0.0	0.0	0.0	0.0	0.0	0.0	0.0	0.0	35.0	0.0
1863	286.628028155	809.748974474	276.699931632	0.0	0.0	0.0	0.0	0.0	5.8	0.648320778221	0.0	0.0	0.0	0.0	0.0	0.0	0.0	0.0	0.0	0.0	0.0	0.0	0.0	0.0	0.0	0.0	0.0	0.0	35.0	0.0
1864	286.772066116	811.283789019	276.800148339	0.0	0.0	0.0	0.0	0.0	5.8	0.700326988173	0.0	0.0	0.0	0.0	0.0	0.0	0.0	0.0	0.0	0.0	0.0	0.0	0.0	0.0	0.0	0.0	0.0	0.0	35.0	0.0
1865	286.897086187	813.003396119	276.900194064	0.0	0.0	0.0	0.0	0.0	5.8	0.752244406393	0.0	0.0	0.0	0.0	0.0	0.0	0.0	0.0	0.0	0.0	0.0	0.0	0.0	0.0	0.0	0.0	0.0	0.0	35.0	0.0
1866	287.000194064	814.721832192	277.000194064	0.0	0.0	0.0	0.0	0.0	5.8	0.804100622146	0.0	0.0	0.0	0.0	0.0	0.0	0.0	0.0	0.0	0.0	0.0	0.0	0.0	0.0	0.0	0.0	0.0	0.0	35.0	0.0
1867	287.103045247	816.248974474	277.099931632	0.0	0.0	0.0	0.0	0.0	5.8	0.855820778221	0.0	0.0	0.0	0.0	0.0	0.0	0.0	0.0	0.0	0.0	0.0	0.0	0.0	0.0	0.0	0.0	0.0	0.0	35.0	0.0
1868	287.228341817	817.752225092	277.200148339	0.0	0.0	0.0	0.0	0.0	5.8	0.907820675387	0.0	0.0	0.0	0.0	0.0	0.0	0.0	0.0	0.0	0.0	0.0	0.0	0.0	0.0	0.0	0.0	0.0	0.0	35.0	0.0
1869	287.375291096	819.284474886	277.297037671	0.0	0.0	0.0	0.0	0.0	5.8	0.959675371005	0.0	0.0	0.0	0.0	0.0	0.0	0.0	0.0	0.0	0.0	0.0	0.0	0.0	0.0	0.0	0.0	0.0	0.0	35.0	0.0
1870	287.528447489	821.003396119	277.371989155	0.0	0.0	0.0	0.0	0.0	5.8	1.01136285959	0.0	0.0	0.0	0.0	0.0	0.0	0.0	0.0	0.0	0.0	0.0	0.0	0.0	0.0	0.0	0.0	0.0	0.0	35.0	0.0
1871	287.702993971	822.717667397	277.428079431	0.0	0.0	0.0	0.0	0.0	5.8	1.06299575551	0.0	0.0	0.0	0.0	0.0	0.0	0.0	0.0	0.0	0.0	0.0	0.0	0.0	0.0	0.0	0.0	0.0	0.0	35.0	0.0
1872	287.903453072	824.252225092	277.503267647	0.0	0.0	0.0	0.0	0.0	5.8	1.11507713651	0.0	0.0	0.0	0.0	0.0	0.0	0.0	0.0	0.0	0.0	0.0	0.0	0.0	0.0	0.0	0.0	0.0	0.0	35.0	0.0
1873	288.131749429	825.752910959	277.600194064	0.0	0.0	0.0	0.0	0.0	5.8	1.16710091324	0.0	0.0	0.0	0.0	0.0	0.0	0.0	0.0	0.0	0.0	0.0	0.0	0.0	0.0	0.0	0.0	0.0	0.0	35.0	0.0
1874	288.403690068	827.284474886	277.697037671	0.0	0.0	0.0	0.0	0.0	5.8	1.21910091324	0.0	0.0	0.0	0.0	0.0	0.0	0.0	0.0	0.0	0.0	0.0	0.0	0.0	0.0	0.0	0.0	0.0	0.0	35.0	0.0
1875	288.70290851	828.998803553	277.771835108	0.0	0.0	0.0	0.0	0.0	5.8	1.27127581	0.0	0.0	0.0	0.0	0.0	0.0	0.0	0.0	0.0	0.0	0.0	0.0	0.0	0.0	0.0	0.0	0.0	0.0	35.0	0.0
1876	289.031794889	830.721032013	277.828230562	0.0	0.0	0.0	0.0	0.0	5.8	1.32608586783	0.0	0.0	0.0	0.0	0.0	0.0	0.0	0.0	0.0	0.0	0.0	0.0	0.0	0.0	0.0	0.0	0.0	0.0	35.0	0.0
1877	289.403884132	832.252910959	277.903301941	0.0	0.0	0.0	0.0	0.0	5.8	1.38449229452	0.0	0.0	0.0	0.0	0.0	0.0	0.0	0.0	0.0	0.0	0.0	0.0	0.0	0.0	0.0	0.0	0.0	0.0	35.0	0.0
1878	289.803932648	833.752910959	278.000194064	0.0	0.0	0.0	0.0	0.0	5.8	1.44599811644	0.0	0.0	0.0	0.0	0.0	0.0	0.0	0.0	0.0	0.0	0.0	0.0	0.0	0.0	0.0	0.0	0.0	0.0	35.0	0.0
1879	290.230936666	835.280110631	278.099931632	0.0	0.0	0.0	0.0	0.0	5.8	1.51026726395	0.0	0.0	0.0	0.0	0.0	0.0	0.0	0.0	0.0	0.0	0.0	0.0	0.0	0.0	0.0	0.0	0.0	0.0	35.0	0.0
1880	290.703861005	837.034159867	278.200148339	0.0	0.0	0.0	0.0	0.0	5.8	1.57747815455	0.0	0.0	0.0	0.0	0.0	0.0	0.0	0.0	0.0	0.0	0.0	0.0	0.0	0.0	0.0	0.0	0.0	0.0	35.0	0.0
1881	291.197813927	839.003881279	278.300194064	0.0	0.0	0.0	0.0	0.0	5.8	1.64757773973	0.0	0.0	0.0	0.0	0.0	0.0	0.0	0.0	0.0	0.0	0.0	0.0	0.0	0.0	0.0	0.0	0.0	0.0	35.0	0.0
1882	291.672765411	841.003881279	278.400194064	0.0	0.0	0.0	0.0	0.0	5.8	1.72102140411	0.0	0.0	0.0	0.0	0.0	0.0	0.0	0.0	0.0	0.0	0.0	0.0	0.0	0.0	0.0	0.0	0.0	0.0	35.0	0.0
1883	292.124692342	842.967496476	278.499931632	0.0	0.0	0.0	0.0	0.0	5.8	1.79732133206	0.0	0.0	0.0	0.0	0.0	0.0	0.0	0.0	0.0	0.0	0.0	0.0	0.0	0.0	0.0	0.0	0.0	0.0	35.0	0.0
1884	292.569354742	844.721032013	278.600148339	0.0	0.0	0.0	0.0	0.0	5.8	1.87705982484	0.0	0.0	0.0	0.0	0.0	0.0	0.0	0.0	0.0	0.0	0.0	0.0	0.0	0.0	0.0	0.0	0.0	0.0	35.0	0.0
1885	292.966307078	846.284474886	278.700194064	0.0	0.0	0.0	0.0	0.0	5.8	1.96016609589	0.0	0.0	0.0	0.0	0.0	0.0	0.0	0.0	0.0	0.0	0.0	0.0	0.0	0.0	0.0	0.0	0.0	0.0	35.0	0.0
1886	293.294317922	848.034960046	278.797037671	0.0	0.0	0.0	0.0	0.0	5.8	2.04717385845	0.0	0.0	0.0	0.0	0.0	0.0	0.0	0.0	0.0	0.0	0.0	0.0	0.0	0.0	0.0	0.0	0.0	0.0	35.0	0.0
1887	293.568584756	849.998632632	278.871835108	0.0	0.0	0.0	0.0	0.0	5.8	2.13793596327	0.0	0.0	0.0	0.0	0.0	0.0	0.0	0.0	0.0	0.0	0.0	0.0	0.0	0.0	0.0	0.0	0.0	0.0	35.0	0.0
1888	293.797177371	852.002966789	278.928230562	0.0	0.0	0.0	0.0	0.0	5.8	2.23314594531	0.0	0.0	0.0	0.0	0.0	0.0	0.0	0.0	0.0	0.0	0.0	0.0	0.0	0.0	0.0	0.0	0.0	0.0	35.0	0.0
1889	293.997231735	854.003881279	279.003301941	0.0	0.0	0.0	0.0	0.0	5.8	2.33226027397	0.0	0.0	0.0	0.0	0.0	0.0	0.0	0.0	0.0	0.0	0.0	0.0	0.0	0.0	0.0	0.0	0.0	0.0	35.0	0.0
1890	294.172183219	856.035445205	279.100194064	0.0	0.0	0.0	0.0	0.0	5.8	2.43576900685	0.0	0.0	0.0	0.0	0.0	0.0	0.0	0.0	0.0	0.0	0.0	0.0	0.0	0.0	0.0	0.0	0.0	0.0	35.0	0.0
1891	294.324897447	858.279597868	279.199931632	0.0	0.0	0.0	0.0	0.0	5.8	2.54348661296	0.0	0.0	0.0	0.0	0.0	0.0	0.0	0.0	0.0	0.0	0.0	0.0	0.0	0.0	0.0	0.0	0.0	0.0	35.0	0.0
1892	294.472066116	860.722144559	279.296991947	0.0	0.0	0.0	0.0	0.0	5.8	2.65636128827	0.0	0.0	0.0	0.0	0.0	0.0	0.0	0.0	0.0	0.0	0.0	0.0	0.0	0.0	0.0	0.0	0.0	0.0	35.0	0.0
1893	294.597086187	862.972802511	279.371989155	0.0	0.0	0.0	0.0	0.0	5.8	2.77442340183	0.0	0.0	0.0	0.0	0.0	0.0	0.0	0.0	0.0	0.0	0.0	0.0	0.0	0.0	0.0	0.0	0.0	0.0	35.0	0.0
1894	294.700194064	865.035445205	279.425097032	0.0	0.0	0.0	0.0	0.0	5.8	2.89787094749	0.0	0.0	0.0	0.0	0.0	0.0	0.0	0.0	0.0	0.0	0.0	0.0	0.0	0.0	0.0	0.0	0.0	0.0	35.0	0.0
1895	294.799931632	867.279597868	279.474965816	0.0	0.0	0.0	0.0	0.0	5.8	3.02609714206	0.0	0.0	0.0	0.0	0.0	0.0	0.0	0.0	0.0	0.0	0.0	0.0	0.0	0.0	0.0	0.0	0.0	0.0	35.0	0.0
1896	294.903304732	869.722144559	279.528230562	0.0	0.0	0.0	0.0	0.0	5.8	3.16051943696	0.0	0.0	0.0	0.0	0.0	0.0	0.0	0.0	0.0	0.0	0.0	0.0	0.0	0.0	0.0	0.0	0.0	0.0	35.0	0.0
1897	295.034711758	872.004366438	279.600145548	0.0	0.0	0.0	0.0	0.0	5.8	3.30103019406	0.0	0.0	0.0	0.0	0.0	0.0	0.0	0.0	0.0	0.0	0.0	0.0	0.0	0.0	0.0	0.0	0.0	0.0	35.0	0.0
1898	295.234857306	874.285930365	279.671989155	0.0	0.0	0.0	0.0	0.0	5.8	3.44760496575	0.0	0.0	0.0	0.0	0.0	0.0	0.0	0.0	0.0	0.0	0.0	0.0	0.0	0.0	0.0	0.0	0.0	0.0	35.0	0.0
1899	295.503690068	876.786415525	279.728253425	0.0	0.0	0.0	0.0	0.0	5.8	3.60068070776	0.0	0.0	0.0	0.0	0.0	0.0	0.0	0.0	0.0	0.0	0.0	0.0	0.0	0.0	0.0	0.0	0.00255670042945	0.0	35.0	0.0
1900	295.803738584	879.600028539	279.803301941	0.0	0.0	0.0	0.0	0.0	5.8	3.76063116438	0.0	0.0	0.0	0.0	0.0	0.0	0.0	0.0	0.0	0.0	0.0	0.0	0.0	0.0	0.0	0.0	0.0204240384958	0.0	35.0	0.0
1901	296.1287871	883.069920091	279.900194064	0.0	0.0	0.0	0.0	0.0	5.8	3.92663875571	0.0	0.0	0.0	0.0	0.0	0.0	0.0	0.0	0.0	0.0	0.0	0.0	0.0	0.0	0.0	0.0	0.0391924647116	0.0	35.0	0.0
1902	296.475679224	887.039326484	280.000194064	0.0	0.0	0.0	0.0	0.0	5.8	4.09520171233	0.0	0.0	0.0	0.0	0.0	0.0	0.0	0.0	0.0	0.0	0.0	0.0	0.0	0.0	0.0	0.0	0.0437726287314	0.0	35.0	0.0
1903	296.827874326	891.2782305	280.099931632	0.0	0.0	0.0	0.0	0.0	5.8	4.26282286879	0.0	0.0	0.0	0.0	0.0	0.0	0.0	0.0	0.0	0.0	0.0	0.0	0.0	0.0	0.0	0.0	0.0460702005227	0.0	35.0	0.0
1904	297.206869058	895.756675275	280.200148339	0.0	0.0	0.0	0.0	0.0	5.8	4.43074846857	0.0	0.0	0.0	0.0	0.0	0.0	0.0	0.0	0.0	0.0	0.0	0.0	0.0	0.0	0.0	0.0	0.0485004187558	0.0	35.0	0.0
1905	297.628981164	900.258732877	280.300194064	0.0	0.0	0.0	0.0	0.0	5.8	4.59920884703	0.0	0.0	0.0	0.0	0.0	0.0	0.0	0.0	0.0	0.0	0.0	0.0	0.0	0.0	0.0	0.0	0.0510542392784	0.0	35.0	0.0
1906	298.072716895	904.758732877	280.403350457	0.0	0.0	0.0	0.0	0.0	5.8	4.77902517123	0.0	0.0	0.0	0.0	0.0	0.0	0.0	0.0	0.0	0.0	0.0	0.0	0.0	0.0	0.0	0.0	0.0537413043982	0.0	35.0	0.0
1907	298.496595819	909.278059579	280.528028155	0.0	0.0	0.0	0.0	0.0	5.8	5.00114034328	0.0	0.0	0.0	0.0	0.0	0.0	0.0	0.0	0.0	0.0	0.0	0.0	0.0	0.0	0.0	0.0	0.0565621197755	0.0	35.0	0.0
1908	298.900593358	914.038610051	280.675222509	0.0	0.0	0.0	0.0	0.0	5.8	5.26239458293	0.0	0.0	0.0	0.0	0.0	0.0	0.0	0.0	0.0	0.0	0.0	0.0	0.0	0.0	0.0	0.0	0.0595457908896	0.0	35.0	0.0
1909	299.300776256	918.978139269	280.825291096	0.0	0.0	0.0	0.0	0.0	5.8	5.52851621005	0.0	0.0	0.0	0.0	0.0	0.0	0.0	0.0	0.0	0.0	0.0	0.0	0.0	0.0	0.0	0.0	0.0626812123865	0.0	35.0	0.0
1910	299.697619863	923.72765411	280.975291096	0.0	0.0	0.0	0.0	0.0	5.8	5.79445308219	0.0	0.0	0.0	0.0	0.0	0.0	0.0	0.0	0.0	0.0	0.0	0.0	0.0	0.0	0.0	0.0	0.0659802232567	0.0	35.0	0.0
1911	300.071630003	928.278059579	281.128011063	0.0	0.0	0.0	0.0	0.0	5.8	6.0606262005	0.0	0.0	0.0	0.0	0.0	0.0	0.0	0.0	0.0	0.0	0.0	0.0	0.0	0.0	0.0	0.0	0.0694434450102	0.0	35.0	0.0
1912	300.425519188	933.070173978	281.300259594	0.0	0.0	0.0	0.0	0.0	5.80170445205	6.35042882327	0.0	0.0	0.0	0.0	0.0	0.0	0.0	0.0	0.0	0.0	0.0	0.0	0.0	0.0	0.0	0.0	0.0731066100761	0.0	35.0	0.0
1913	300.772522831	938.291752283	281.472183219	0.0	0.0	0.0	0.0	0.0	5.81529377854	6.73716986301	0.0	0.0	0.0	0.0	0.0	0.0	0.0	0.0	0.0	0.0	0.0	0.0	0.0	0.0	0.0	0.0	0.0769560849385	0.0	35.0	0.0
1914	301.097474315	943.760673516	281.628447489	0.0	0.0	0.0	0.0	0.0	5.84111649543	7.17399571918	0.0	0.0	0.0	0.0	0.0	0.0	0.0	0.0	0.0	0.0	0.0	0.0	0.0	0.0	0.0	0.0	0.0810064056579	0.0	35.0	0.0
1915	301.40290851	949.246239739	281.802993971	0.0	0.0	0.0	0.0	0.0	5.86904312916	7.46437413729	0.0	0.0	0.0	0.0	0.0	0.0	0.0	0.0	0.0	0.0	0.0	0.0	0.0	0.0	0.0	0.0	0.0852583326034	0.0	35.0	0.0
1916	301.728638496	954.75815867	282.003453072	0.0	0.0	0.0	0.0	0.0	5.8976054046	7.63324032862	0.0	0.0	0.0	0.0	0.0	0.0	0.0	0.0	0.0	0.0	0.0	0.0	0.0	0.0	0.0	0.0	0.0897557388055	0.0	35.0	0.0
1917	302.072522831	960.292237443	282.228593037	0.0	0.0	0.0	0.0	0.0	5.92655627854	7.90788550228	0.0	0.0	0.0	0.0	0.0	0.0	0.0	0.0	0.0	0.0	0.0	0.0	0.0	0.0	0.0	0.0	0.0944818841597	0.0	35.0	0.0
1918	302.397474315	966.042722603	282.472328767	0.0	0.0	0.0	0.0	0.0	5.95555627854	8.35127865297	0.0	0.0	0.0	0.0	0.0	0.0	0.0	0.0	0.0	0.0	0.0	0.0	0.0	0.0	0.0	0.0	0.0994546153965	0.0	35.0	0.0
1919	302.70290851	971.96476174	282.699846171	0.0	0.0	0.0	0.0	0.0	5.98448017317	8.86114550989	0.0	0.0	0.0	0.0	0.0	0.0	0.0	0.0	0.0	0.0	0.0	0.0	0.0	0.0	0.0	0.0	0.104674868551	0.0	35.0	0.0
1920	303.031794889	977.726965591	282.928490156	0.0	0.0	0.0	0.0	0.0	6.01354301844	9.38089539574	0.0	0.0	0.0	0.0	0.0	0.0	0.0	0.0	0.0	0.0	0.0	0.0	0.0	0.0	0.0	0.0	0.110196498918	0.0	35.0	0.0
1921	303.40072774	983.292237443	283.172328767	0.0	0.0	0.0	0.0	0.0	6.04255627854	9.90063441781	0.0	0.0	0.0	0.0	0.0	0.0	0.0	0.0	0.0	0.0	0.0	0.0	0.0	0.0	0.0	0.0	0.115998965183	0.0	35.0	0.0
1922	303.772571347	989.042722603	283.397280251	0.0	0.0	0.0	0.0	0.0	6.07161940639	10.4203156963	0.0	0.0	0.0	0.0	0.0	0.0	0.0	0.0	0.0	0.0	0.0	0.0	0.0	0.0	0.0	0.0	0.122104174997	0.0	35.0041057094	0.0
1923	304.130987942	994.995897897	283.599863263	0.0	0.0	0.0	0.0	0.0	6.10104210364	10.9346479028	0.0	0.0	0.0	0.0	0.0	0.0	0.0	0.0	0.0	0.0	0.0	0.0	0.0	0.0	0.0	0.0	0.128513275458	0.0	35.0372984608	0.0
1924	304.531906143	1001.00890037	283.800296679	0.0	0.0	0.0	0.0	0.0	6.13098137398	11.4513952267	0.0	0.0	0.0	0.0	0.0	0.0	0.0	0.0	0.0	0.0	0.0	0.0	0.0	0.0	0.0	0.0	0.135292393664	0.0	35.1047155553	0.0
1925	304.972716895	1007.01164384	284.003544521	0.0	0.0	0.0	0.0	0.0	6.16055724886	11.9766906393	0.0	0.0	0.0	0.0	0.0	0.0	0.0	0.0	0.0	0.0	0.0	0.0	0.0	0.0	0.0	0.0	0.142416300918	0.0	35.1834083051	0.0
1926	305.400824772	1013.01164384	284.225436644	0.0	0.0	0.0	0.0	0.0	6.19012037671	12.541777968	0.0	0.0	0.0	0.0	0.0	0.0	0.0	0.0	0.0	0.0	0.0	0.0	0.0	0.0	0.0	0.0	0.14991189642	0.0	35.2667452885	0.0
1927	305.830936666	1018.9958979	284.44361894	0.0	0.0	0.0	0.0	0.0	6.2200417618	13.1445829528	0.0	0.0	0.0	0.0	0.0	0.0	0.0	0.0	0.0	0.0	0.0	0.0	0.0	0.0	0.0	0.0	0.157780586458	0.0	35.3542308239	0.0
1928	306.300704612	1024.97733644	284.625259594	0.0	0.0	0.0	0.0	0.0	6.25054524353	13.7559048706	0.0	0.0	0.0	0.0	0.0	0.0	0.0	0.0	0.0	0.0	0.0	0.0	0.0	0.0	0.0	0.0	0.166103569765	0.0	35.446767269	0.0
1929	306.772765411	1030.72959475	284.800339612	0.0	0.0	0.0	0.0	0.0	6.2810591895	14.3668150685	0.0	0.0	0.0	0.0	0.0	0.0	0.0	0.0	0.0	0.0	0.0	0.0	0.0	0.0	0.0	0.0	0.17484985753	0.0	35.544010096	0.0
1930	307.22902968	1036.26067352	284.972183219	0.0	0.0	0.0	0.0	0.0	6.3115591895	14.9811934932	0.0	0.0	0.0	0.0	0.0	0.0	0.0	0.0	0.0	0.0	0.0	0.0	0.004012573429	0.0	0.0	0.0	0.184052478001	0.0	35.6463261075	0.0
1931	307.69967525	1041.74623974	285.128011063	0.0	0.000302082991803	0.0	0.0	0.0	6.34197914764	15.5939568113	0.0	0.0	0.0	0.0	0.0	0.0	0.0	0.0	0.0	0.0	0.0	0.0	0.0321037852791	0.0	0.0	0.0	0.193713170444	0.0	35.7537350679	0.0
1932	308.169391827	1047.25815867	285.303415987	0.0	0.00273230105547	0.0	0.0	0.0	6.37260837139	16.2077987062	0.0	0.0	0.0	0.0	0.0	0.0	0.0	0.0	0.0	0.0	0.0	0.0	0.0627441695863	0.0	0.0	0.0	0.203931608021	0.0	35.867345215	0.0
1933	308.597668379	1052.72910959	285.500388128	0.0	0.00725587031963	0.0	0.0	0.0	6.40356015982	16.8501512557	0.0	0.0	0.0	0.0	0.0	0.0	0.0	0.0	0.0	0.0	0.0	0.0	0.0721682505239	0.0	0.0	0.0	0.214669754959	0.0	35.9867341244	0.0
1934	309.000776256	1057.97862443	285.700388128	0.0	0.0123415744863	0.0	0.000262169977169	0.0	6.43462328767	17.623548516	0.0	0.0	0.0	0.0	0.0	0.0	0.0	0.0	0.0	0.0	0.0	0.0	0.0784437500591	0.0	0.0	0.0	0.225968163119	0.0	36.1123519721	0.0
1935	309.393499295	1062.99658158	285.899863263	0.0	0.0197800558718	0.0	0.0023328254351	0.0	6.46597846396	18.5143778476	0.0	0.0	0.0	0.0	0.0	0.0	0.0	0.0	0.0	0.0	0.0	0.0	0.0852460493236	0.0	0.0	0.0	0.237828957475	0.0	36.2442220931	0.0
1936	309.737893617	1068.00741697	286.097140286	0.0	0.0320466951805	0.0	0.00622707195711	0.0	6.49754672693	19.426349889	0.0	0.0	0.0	0.0	0.0	0.0	0.0	0.0	0.0	0.0	0.0	0.0	0.0926759026699	0.0	0.0	0.0	0.250374515936	0.0	36.3837058275	0.0
1937	309.991015982	1073.0097032	286.272183219	0.0	0.0517613932648	0.0	0.0106241715183	0.0	6.52912425799	20.3367659817	0.0	0.000674836757991	0.0	0.0	0.0	0.0	0.0	0.0	0.0	0.0	0.0	0.0	0.100738360048	0.0	0.0	0.0	0.263558143143	0.0	36.5302833876	0.0
1938	310.169026826	1078.0097032	286.425291096	0.000444735730594	0.0833999121005	0.0	0.0168216020548	0.0	6.56106210046	21.2467659817	0.0	0.00667663869863	0.0	0.0	0.0	0.0	0.0	0.0	0.0	0.0	0.0	0.0	0.109498215184	0.0	0.0	0.0	0.277429624357	0.0	36.6845086058	0.0
1939	310.293687308	1083.02771774	286.574897447	0.00394883660048	0.13158013872	0.0	0.0250496760923	0.0	6.59297812211	22.1543778476	0.0	0.0223933735621	0.0	0.0	0.0	0.0	0.0	0.0	0.0	0.0	0.0	0.0	0.118993419076	0.0	0.0	0.0	0.291991564126	0.0	36.8464107922	0.0
1940	310.365642077	1088.28935175	286.728378902	0.010478577847	0.201428838174	0.0	0.0356348212004	0.0	6.62504746862	23.0720313958	0.0	0.0482453857075	0.0	0.0	0.0	0.0	0.0	0.0	0.0	0.0	0.0	0.0	0.129364615539	0.0	0.0	0.0	0.307394220452	0.0	37.0176602971	0.0
1941	310.365530822	1093.72910959	286.903496005	0.0172945978881	0.29714788242	0.0	0.050061885274	0.0	6.65706210046	24.029428653	0.0	0.0836684851598	0.0	0.0	0.0	0.0	0.0	0.0	0.0	0.0	0.0	0.0	0.140618855788	0.0	0.0	0.0	0.323580257962	0.0	37.1976188168	0.0
1942	310.296698059	1098.97862443	287.100388128	0.0239596272831	0.423122402968	0.0	0.0688524229452	0.0	6.68912522831	25.039494863	0.0	0.128302147831	0.0	0.0	0.0	0.0	0.0	0.0	0.0	0.0	0.0	0.0	0.15284658139	0.0	0.0	0.0	0.340500483876	0.0	37.3869670583	0.0
1943	310.203181984	1104.02771774	287.302976879	0.0309015032188	0.581325891659	0.0	0.0939821851997	0.0	6.72154005259	26.0692923872	0.0	0.181615825006	0.0	0.0	0.0	0.0	0.0	0.0	0.0	0.0	0.0	0.0	0.166100765536	0.0	0.0	0.0	0.357403736362	0.0	37.5857406407	0.0
1944	310.131201531	1109.28935175	287.528490156	0.0408163294408	0.777625775632	0.0	0.129313048382	0.0	6.75448582416	27.1059040347	0.0	0.24366456752	0.0	0.0	0.0	0.0	0.0	0.0	0.0	0.0	0.0	0.0	0.180577732697	0.0	0.0	0.0	0.373737414755	0.0	37.7959896991	0.0
1945	310.106264269	1114.79223744	287.77548516	0.0540184223744	1.03046883562	0.00380219063927	0.181151660959	0.0	6.78706307078	28.1369988584	0.0	0.313720736301	0.0	0.0	0.0	0.0	0.0	0.0	0.0	0.0	0.0	0.0	0.196287322742	0.0	0.0	0.0	0.389392001015	0.0	38.0169323651	0.0
1946	310.131361301	1120.57428653	288.02548516	0.0717784817352	1.37563406963	0.0386811832192	0.280890747717	0.0	6.81968932648	29.1701552511	0.0	0.39154168379	0.0	0.0	0.0	0.0	0.0	0.0	0.0	0.0	0.0	0.0	0.213355786342	0.0	0.0	0.0	0.404480885826	0.0	38.2494029293	0.0
1947	310.206175955	1126.77686313	288.274829079	0.104448011706	1.90862649837	0.133972975382	0.456271563646	0.0	6.85297709659	30.2385831306	0.0	0.476575948611	0.0	0.0	0.0	0.0	0.0	0.0	0.0	0.0	0.0	0.0	0.231857066296	0.0	0.0	0.0	0.419063230734	0.0	38.4934441584	0.0
1948	310.33149821	1133.29120599	288.525370849	0.172376943634	2.73806009557	0.280502395015	0.685184306647	0.0	6.88648656586	31.4475768708	0.0	0.569151917247	0.0	0.0	0.0	0.0	0.0	0.0	0.0	0.0	0.0	0.0	0.25206520161	0.0	0.0	0.0	0.433334996816	0.0	38.7515748266	0.0
1949	310.50980879	1140.07622717	288.772328767	0.29910869863	3.81251541096	0.457082608447	0.933944195205	0.0	6.91962716895	32.8326124429	0.0	0.668419583333	0.0	0.0	0.0	0.0	0.0	0.0	0.0	0.0	0.0	0.0	0.273993924913	0.0	0.0	0.0	0.447292038734	0.0	39.0228339994	0.0
1950	310.763110731	1147.32719749	288.997280251	0.510652865297	5.01953493151	0.655905679224	1.19667657534	0.0	6.95312813927	34.608489726	0.0	0.77471206621	0.0	0.0	0.0	0.0	0.0	0.0	0.0	0.0	0.0	0.0	0.297819484203	0.0	0.0	0.0	0.461041935032	0.0	39.3082463744	0.000631278538813
1951	311.105987942	1155.08810992	289.202976879	0.817678878097	6.33651910572	0.86731901945	1.46881676772	0.0	6.98697675475	36.3059494879	0.0	0.880801555506	0.0	0.0	0.0	0.0	0.0	0.0	0.0	0.0	0.0	0.0	0.323645090763	0.0	0.0	0.0	0.474644863061	0.0	39.6078652387	0.00561930471343
1952	311.50374975	1163.60730063	289.428490156	1.17499488173	7.83297537865	1.01280635215	1.73312403623	0.0	7.02086105185	37.5386425506	0.0	0.929535249644	0.0	0.0	0.0	0.0	0.0	0.0	0.0	0.0	0.0	0.0	0.351853267638	0.0	0.0	0.0	0.488291189552	0.0	39.9247824335	0.0150148339447
1953	311.93529395	1172.79951484	289.672328767	1.59831124429	9.48092591324	1.0786760274	1.9855533105	0.0	7.05337368721	38.7512671233	0.0	0.925189440639	0.0	0.0	0.0	0.0	0.0	0.0	0.0	0.0	0.0	0.0	0.38246317779	0.0	0.0	0.0	0.501981791178	0.0	40.25781786	0.0250194063927
1954	312.435439498	1182.3	289.900436644	2.17094223744	11.2714170662	1.14031877854	2.23968327626	0.0	7.08456015982	40.1002956621	0.00315639269406	0.935617694064	0.0	0.0	0.0	0.0	0.0	0.0	0.0	0.0	0.0	0.0	0.415720844713	0.0	0.0	0.0	0.515823142731	0.0	40.6082292542	0.0350194063927
1955	313.002720497	1192.0556064	290.127959787	2.90691780073	13.2691460657	1.21138372165	2.49470043229	0.0	7.1154788058	41.5864175587	0.0334519425107	0.976451820246	0.0	0.0	0.0	0.0	0.0	0.0	0.0	0.0	0.0	0.0	0.451770336877	0.0	0.0	0.0	0.529873354915	0.0	40.976082717	0.0449931631609
1956	313.604046429	1202.32833265	290.372214456	3.82374589415	15.5293633256	1.29445308781	2.74993637061	0.0	7.14667224094	43.218831175	0.129059074407	1.06299920403	0.0	0.0	0.0	0.0	0.0	0.0	0.0	0.0	0.0	0.0	0.491145620528	0.0	0.0	0.0	0.544327786719	0.0	41.365173606	0.0550148339447
1957	314.22589726	1213.0524258	290.600436644	4.94711061644	18.1085958904	1.39164520548	3.0015461758	0.0	7.17875148402	44.9798287671	0.309274486301	1.19436141553	0.0	0.0	0.0	0.0	0.0	0.0	0.0	0.0	0.0	0.0	0.533873445139	0.0	0.0	0.0	0.559183059629	0.0	41.7740535538	0.0650194063927
1958	314.852495719	1224.05291096	290.831749429	6.2396841895	21.047298516	1.50423841324	3.24972876712	0.0	7.21212813927	46.8694497717	0.573768607306	1.36491158676	0.0	0.0	0.0	0.0	0.0	0.0	0.0	0.0	0.0	0.0	0.580297218906	0.0	0.0	0.0	0.574546325174	0.0	42.2042670766	0.0750194063927
1959	315.514499251	1235.30458087	291.102925603	7.54874906243	24.2445676729	1.63290303915	3.49508272451	0.0	7.24603902706	48.8773222858	0.889136073683	1.60230301669	0.0	0.0	0.0	0.0	0.0	0.0	0.0	0.0	0.0	0.0	0.630618059188	0.0	0.0	0.0	0.590470517547	0.0	42.6558946735	0.0849931631609
1960	316.277433593	1247.08055774	291.397288626	8.84757940714	27.7495731841	1.78212416536	3.73834687976	0.0	7.28074056067	51.0076716196	1.26134354992	1.9107527154	0.0	0.0	0.0	0.0	0.0	0.0	0.0	0.0	0.0	0.0	0.685581304554	0.0	0.0	0.0	0.607166597056	0.0	43.1335960573	0.0956461124835
1961	317.066141267	1259.33690068	291.672377283	10.356759589	31.7710605023	1.95392608447	3.97119269406	0.0	7.31669611872	53.2488664384	1.70998321918	2.25729503425	0.0	0.0	0.0	0.0	0.0	0.0	0.0	0.0	0.0	0.0	0.745224303054	0.0	0.0	0.0	0.624617642805	0.0	43.6355933792	0.110660388128
1962	317.781562215	1272.05630708	291.931797945	12.3070050799	36.4047888128	2.15041552511	4.1991380137	0.0	7.35369805936	55.6003019406	2.20558590183	2.65945719178	0.0	0.0	0.0	0.0	0.0	0.0	0.0	0.0	0.0	0.0	0.810026418745	0.0	0.0	0.0	0.642933264847	0.0	44.1637828531	0.130670091324
1963	318.387747233	1285.02224827	292.234135742	14.7880312399	41.6909962572	2.37458137211	4.43389762177	0.0	7.39159856464	58.0308044889	2.80578207076	3.15810226314	0.0	0.0	0.0	0.0	0.0	0.0	0.0	0.0	0.0	0.0	0.88026836676	0.0	0.0	0.0	0.662158134695	0.0	44.7431718983	0.154982907902
1964	318.950402354	1298.33278283	292.603712666	17.8778473938	47.8760600906	2.63380668837	4.67843512177	0.000568150684932	7.43068410809	60.5362838286	3.52224412444	3.78377147117	0.0	0.0	0.0	6.31278538813e-05	0.0	0.0	0.0	0.0	0.0	0.0	0.956990562017	0.0	0.0	0.0	0.682529425556	0.0	45.5219966564	0.179405806323
1965	319.683938071	1312.05824772	293.000776256	21.5754086758	55.0740062785	2.931631621	4.93118944064	0.00558190639269	7.47076700913	63.0874429224	4.30398259132	4.53688881279	0.0	0.0	0.0	0.000564098173516	0.0	6.31278538813e-05	0.0	0.0	0.0	0.0	1.04024513752	0.0	0.0	0.0	0.704007344474	0.0	46.4455308219	0.200038812785
1966	320.644074772	1326.05873288	293.400776256	25.8489589041	63.2984800228	3.27360079909	5.19327100457	0.0185352739726	7.51220679224	65.6179349315	5.30883224886	5.43866426941	0.0	0.0	0.0	0.00156506849315	6.31278538813e-05	0.000564098173516	0.0	0.0	0.0	0.0	1.13070122825	0.0	0.0	0.0	0.726705779265	0.0	47.3517465753	0.220038812785
1967	321.613374858	1340.30252982	293.802840142	30.6439542007	72.5262897766	3.66545558425	5.46455948424	0.0394819996507	7.55465776037	68.0571193765	6.80617667241	6.52596721904	0.0	0.0	0.0	0.00312351910073	0.000499658158046	0.00156158862939	0.0	0.0	0.0	0.0	1.22875068402	0.0	0.0	0.0	0.750658022622	0.0	48.2493846845	0.241231772588
1968	322.666513627	1355.08500792	294.231943228	36.0532534933	82.947636219	4.11750040422	5.74730713002	0.0685530641016	7.59875465292	70.4171303803	8.95738814782	7.84887098523	0.0	0.0	0.0	0.00569309204781	0.00100074169723	0.00306535294558	0.0	0.0	0.0	0.0	1.33584586398	0.0	0.0	0.0	0.776138068488	0.0	49.151335055	0.270044501834
1969	323.881602454	1370.31115868	294.704078196	42.1760896119	94.6280827626	4.63509680365	6.0405836758	0.105644977169	7.64421455479	72.6836638128	11.639563242	9.43916775114	0.0	0.0	0.0	0.00982340182648	0.00156409817352	0.00506700913242	0.0	0.0	0.0	0.0	1.45205943482	0.0	0.0	0.0	0.803073970887	0.0	50.0517465753	0.299426940639
1970	324.960271404	1385.78007991	295.20097032	49.1917340183	107.64380879	5.22863310502	6.34554383562	0.151287728311	7.69071649543	74.864130137	14.6502973744	11.2268743151	0.0	0.0	0.0	0.0163282534247	0.00250194063927	0.00763110730594	0.000184333333333	0.0	0.00157819634703	0.0	1.57832549437	0.0	0.0	0.0	0.83158566967	0.0	50.94543379	0.325679794521
1971	325.906091215	1401.27053906	295.702771774	57.169742268	121.933415456	5.90742796897	6.66121587725	0.206270115964	7.73815434195	76.9586006937	17.7147100737	13.1292656605	0.0	0.0	0.00224180327869	0.0254297530379	0.00368613325598	0.0111221517329	0.00164083697632	0.0	0.0140482617836	0.0	1.71519098524	0.0	0.0	0.0	0.861691983819	0.0	51.7994188687	0.355602212616
1972	327.173785728	1417.05492739	296.232091567	66.1006702473	137.480812249	6.68980048469	6.99012787759	0.272112230831	7.78732519774	78.9828960002	21.0409391983	15.1751562679	0.0	0.0	0.0201730481323	0.0381498209696	0.00638247560945	0.0156960588367	0.00438433151184	0.0	0.0375370848616	0.0	1.86468309943	0.0	0.0	0.0	0.893714340832	0.0	52.6575736707	0.390051918806
1973	328.620827911	1433.03105023	296.80427226	76.0227054795	154.290827626	7.58690165525	7.3314293379	0.349791723744	7.83828835616	80.9249269406	25.2283384703	17.4322334475	0.0	0.0	0.0528154109589	0.0557283675799	0.0119525684932	0.0216378995434	0.00730566666667	0.0	0.0625485159817	0.0	2.02690354166	0.0	0.0	0.0	0.927539324531	0.0	53.5517465753	0.425067922374
1974	329.716474886	1449.03105023	297.401164384	87.2277711187	172.706655251	8.61593042237	7.68633025114	0.440632591324	7.89079126712	82.7947910959	30.5659549087	19.9475142694	0.0	0.0	0.0858746575342	0.0788652968037	0.0210224885845	0.0286398401826	0.0102256666667	0.0	0.0875485159817	0.0	2.20315602734	0.0	0.0	0.0	0.963294742376	0.0	54.44543379	0.460699200913
1975	330.624278277	1464.98906106	298.005817021	99.5788400953	192.63604162	9.79211732166	8.05342975678	0.546669332784	7.94471217032	84.5900512451	36.6939407484	22.5481825735	0.0	0.0	0.117291647017	0.108413916024	0.0340515629289	0.0367436197819	0.013138003643	0.0	0.112482907902	0.0	2.39420410266	0.0	0.0	0.0	1.00098184957	0.0	55.2994188687	0.499972652644
1976	331.79499214	1481.05529824	298.658539549	112.275971505	213.07947919	11.1474408826	8.43602287846	0.671209055069	8.00077245365	86.3243596514	42.8358175824	25.2693847406	0.0	0.0	0.147291990418	0.145817442673	0.0520360050652	0.0466410896524	0.0160643315118	0.0	0.137537084862	0.0	2.60287750674	0.0	0.0	0.0	1.0409800139	0.0	56.1575736707	0.541321892856
1977	333.28177226	1497.31309932	299.36295605	124.673561644	232.843635845	12.7014155251	8.83322739726	0.815683333333	8.05830097032	87.9900245434	49.5520176941	28.2705519406	0.0	0.0	0.175364954338	0.192727511416	0.077812043379	0.0576476027397	0.0189856666667	0.0	0.162548515982	0.0	2.83162987136	0.0	0.0	0.0	1.08312521418	0.0	57.04543379	0.59199086758
1978	334.863497717	1513.78202055	300.075695491	136.735913242	251.886369863	14.4806398402	9.24569434932	0.983296118721	8.11736700913	89.5911609589	58.1467545662	31.5409851598	0.0	0.0	0.201862043379	0.248744977169	0.11314206621	0.0697126712329	0.0219056666667	0.0	0.185970319635	0.0	3.09576723148	0.0	0.0	0.0	1.12755478219	0.0	57.9016495434	0.657019977169
1979	336.543468899	1530.36326384	300.737682308	148.604910485	270.269330383	16.5109755096	9.67220043915	1.17791472384	8.17820738453	91.1314710308	68.796133727	35.0050422312	0.0	0.0	0.226796090962	0.313950096065	0.157215364174	0.0831153148938	0.024818003643	0.0	0.198434646119	0.0	3.39447358217	0.0	0.0	0.0	1.17424933228	0.0	58.7494188687	0.737436197819
1980	338.303697485	1547.96534296	301.408072944	159.232653205	287.381307982	18.8513832497	10.1168673603	1.40544004105	8.24134596527	92.6070019275	78.4206526	38.6637288844	0.0	0.0	0.250408604062	0.391255545575	0.211468916087	0.0976477649275	0.0275599981785	0.0	0.203156392694	0.0	3.71559435187	0.0	0.0	0.0	1.22365696499	0.0	59.6012608853	0.837042175063
1981	339.691961473	1566.85	302.226675514	168.586695205	304.352237443	21.5186894977	10.5770309361	1.66472813927	8.30637865297	93.9052254566	85.8290085616	42.4385365297	0.0	0.0	0.275253139269	0.481252853881	0.276514954338	0.113156335616	0.0291763196347	0.0	0.228204908676	0.0	4.05469868645	0.0	0.0	0.0	1.27555340233	0.0	60.4516495434	0.951485730594
1982	340.837493721	1586.29983676	303.077739441	177.69760274	321.607608447	24.4784994292	11.0446495434	1.95346974886	8.37338253425	94.9024748858	91.9163624429	46.1898641553	0.0	0.0	0.314087671233	0.583840239726	0.353104452055	0.12972140411	0.03062918379	0.0	0.271940639269	0.0	4.41217100379	0.0	0.0	0.0	1.33008762683	0.0	61.3016495434	1.07650513699
1983	342.218957457	1605.61551829	303.790193662	185.794564713	338.18857125	27.6308655183	11.5046855054	2.26889575006	8.44220191506	95.9116376101	96.355160201	50.0397266637	0.0	0.0	0.360344460039	0.699289203907	0.444367884635	0.147612238316	0.0331106427003	0.0	0.299982907902	0.0	4.78713946243	0.0	0.0	0.0	1.38721631708	0.0	62.1494188687	1.21115314894
1984	343.774119445	1623.28044491	304.410688843	193.90698705	355.107061407	31.1244762021	11.9675761971	2.61423129164	8.51342096028	97.2922999164	100.822848267	54.1919677184	0.0	0.0	0.405136959478	0.830592441425	0.551552558824	0.166591312349	0.0356583829877	0.0	0.328193477556	0.0	5.18247870909	0.0	0.0	0.0	1.44746687565	0.0	62.9949480999	1.35584637074
1985	345.287304795	1637.7872851	305.088207763	202.886598174	372.508710046	35.4480953196	12.4440781963	2.98317094749	8.58695827626	98.776722032	105.577037671	58.4846980594	0.0	0.0	0.454653025114	0.980946518265	0.674135616438	0.186227226027	0.0365346803653	0.0	0.371940639269	0.0	5.59567489369	0.0	0.0	0.0	1.51054572888	0.0	63.8015525114	1.50718493151
1986	346.842420091	1650.37360816	305.749209475	212.301021689	390.029269406	39.9354143836	12.9447579909	3.36481449772	8.6629	99.886630137	109.437123288	62.8812357306	0.0	0.0	0.507665753425	1.15587380137	0.815361872146	0.207167009132	0.0343463812785	0.0	0.400048515982	0.0	6.02720514871	0.0	0.0	0.0	1.57661497241	0.0	64.6078652968	1.67284531963
1987	348.674250327	1662.08048902	306.317275992	222.967047059	408.755429954	44.5199164671	13.4708830938	3.75566164165	8.74069576191	101.112225999	112.347528009	67.4691695112	0.0	0.0	0.616829281446	1.35859607131	0.976380477581	0.228984958954	0.0337040194812	0.0	0.431210139232	0.0	6.47603730519	0.0	0.0	0.0	1.64560453632	0.0	65.4494188687	1.85487351848
1988	350.697361423	1673.02678432	307.244360434	234.652812087	428.47937121	50.6838265838	14.010801033	4.16739084013	8.82093431083	102.407813085	116.463975722	72.5415145595	0.0	0.0	0.793229166355	1.59659043466	1.1582312224	0.251348273948	0.0387364976795	0.0	0.500111254585	0.0	6.9455949788	0.0	0.0	0.0	1.7181316832	0.0	66.2949480999	2.04027442798
1989	352.442603311	1683.45988128	308.467751427	244.647956621	448.048538813	57.8301803653	14.5491541096	4.60388127854	8.90347574201	103.451940639	121.375901826	78.2622305936	0.0	0.0	0.99796152968	1.8717489726	1.35745821918	0.275736929224	0.04656581621	0.00378767123288	0.571989155251	0.0	7.43288301355	0.0	0.0	0.0	1.79382404395	0.0	67.1015525114	2.22725285388
1990	353.831771404	1693.65318893	309.442707477	252.70841895	465.837534247	64.403048516	15.0703373288	5.06660993151	8.98848059361	104.470878995	124.543715753	84.3218784247	0.0	0.0	1.27323869863	2.16362151826	1.56056809361	0.301361073059	0.0546968778539	0.033845890411	0.625097031963	0.0	7.93847125595	0.0	0.0	0.0	1.87305651051	0.0	67.9015525114	2.42665068493
1991	354.979964553	1703.53591407	310.094946102	259.82112471	481.034325704	70.276719961	15.5490673235	5.54429717232	9.07575153922	105.474669137	127.841596209	90.4532418469	0.0	0.0	1.73069143337	2.44581494124	1.74894626064	0.325920977431	0.0626696216034	0.0943180408963	0.674965815805	1.01180679859e-05	8.46116699791	0.0	0.0	0.0	1.95745842469	0.0	68.6994530529	2.63547914951
1992	355.889443237	1711.37089314	310.601333028	264.704608878	494.078542057	75.7935318574	15.981807377	6.02326288644	9.16594914477	105.623966801	130.475180777	96.6169909487	0.0	0.0	2.4556969203	2.70556878509	1.90636068818	0.349846217906	0.0708208969609	0.197135214712	0.728230562417	9.13236743476e-05	9.00494321092	0.0	0.0	0.0	2.05093636395	0.0	69.5011867156	2.85095020835
1993	356.836994007	1716.32806792	311.084734589	267.622865297	504.555045662	79.9699526256	16.3443453196	6.49434086758	9.2584951484	104.936227169	129.981575342	102.02869121	0.0719026255708	0.0	3.41178658676	2.91454394977	2.0196283105	0.372291152968	0.0813443550228	0.398726027397	0.806458333333	0.000633725387155	9.56632305847	0.0	0.0	0.0	2.15019406393	0.0	70.3015525114	3.07168949772
1994	358.175571918	1721.09931193	311.624666667	269.28244863	512.882534247	82.2234703196	16.6210644977	6.95537243151	9.35343687215	104.317368721	125.28423516	106.531639269	0.668516495434	0.0	4.49903122146	3.08850211187	2.11910348174	0.392913527397	0.100622636986	0.816380707763	0.934711757991	0.00388711576507	10.1459693886	0.0	0.0	0.0	2.25019406393	0.0	71.1015525114	3.29855251142
1995	359.825744607	1726.13742723	312.301999226	269.431500455	519.427272844	83.3676973919	16.8217678625	7.3927834216	9.41910888758	103.556774178	115.693933896	110.640411988	1.95436881035	0.0	5.65582941525	3.24533585379	2.24684235877	0.411801672718	0.1585696949	1.72098304826	1.14043134154	0.00952665405318	10.7551397815	0.0	0.0	0.0	2.34993163161	0.0	71.8932258215	3.51423028483
1996	361.473432776	1730.16030765	313.043566026	268.923932991	524.881400679	83.7723856077	16.9582561943	7.78110580632	9.2905651053	102.786261883	103.938018783	115.946389326	3.62274935624	0.0	6.81479676498	3.39423946466	2.38315687427	0.425195082591	0.276708936797	3.22099905806	1.45995128128	0.0148654600749	11.4735449448	0.0	0.0	0.0	2.45014833945	0.0	72.6511125458	3.72783662699
1997	363.218255993	1735.21632848	313.768958048	268.135416667	529.050639269	83.6708515982	17.0388424658	8.09401506849	9.11675633562	101.923099315	91.1237300228	121.747203196	5.51640410959	0.0	7.92678230594	3.55480416667	2.48390445205	0.429123002283	0.438568344749	5.2401946347	1.85077625571	0.0238260699871	12.2885435168	0.0	0.0	0.0	2.55019406393	0.0	73.4077682648	3.9516586758
1998	365.308714897	1742.55360873	314.528001998	266.884446347	532.317928082	83.4236712329	17.0712705479	8.3360216895	9.15893321918	100.93647032	77.939239726	126.478481735	7.37744155251	0.0	8.94606038813	3.70557642694	2.55600262557	0.426366952055	0.659523356164	7.76921917808	2.25077625571	0.0381234195491	13.1169517674	0.0	0.000570334290023	0.0	2.65019406393	0.0	74.2015525114	4.15223173516
1999	367.282909142	1748.6461355	315.240502166	265.201196447	534.892211524	83.0072020018	17.0725091075	8.52214264416	9.22499344543	100.150527559	65.7920693197	131.73993291	9.2097313272	0.0	9.95102169449	3.83422999819	2.61977124878	0.421940804264	0.963810167178	10.7172010162	2.64972652644	0.0609906130036	13.9431865056	0.0	0.00947277562212	0.0	2.74993163161	0.0	74.9932258215	4.33423941725
2000	368.877982786	1750.76063473	315.856560418	263.472655201	537.015238416	82.5212023667	17.0530764965	8.66673507061	9.05646340856	99.3454782294	55.0324387991	137.263261285	11.046334793	0.0	11.02812534	3.95001790616	2.67851862789	0.416740071612	1.33143611504	14.0026994348	3.04902562804	0.0988534963004	14.7733899821	0.0471304628219	0.0734289676554	0.0	2.85014796068	0.000503717536416	75.7511125458	4.54220534845
2001	370.527740582	1750.93351769	316.503887842	261.865428082	538.765114155	82.0653487443	17.0193007991	8.77912311644	8.69523966895	98.3924360731	45.9442049087	142.078772831	12.6810993151	0.0	12.0299868721	4.04239686073	2.73253664384	0.409860159817	1.72522325913	17.5560188356	3.44189129049	0.151454946238	15.602177643	0.42001631726	0.312350403519	0.000934979674521	2.95034892824	0.00450390540542	76.5014554795	4.7648053653
2002	372.54952968	1752.32830651	317.24836387	260.052317352	539.825878995	81.5700896119	16.9799223744	8.86664372146	8.37169748858	97.3773487443	38.2874023973	147.460673516	14.1702562785	0.0	12.9566232877	4.11099275114	2.78209103881	0.401921347032	2.14137807648	21.4002574201	3.8642192837	0.20968080459	16.4305865168	1.11021772938	0.729176759736	0.00923219688402	3.0517504258	0.0119445885954	77.2503852098	4.98668949772
2003	374.735429501	1754.47583628	318.007008284	257.982606077	540.018795475	80.9123956789	16.9400273474	8.93408602378	8.20027093002	96.3406700601	31.9157428107	152.821695112	15.5210852016	0.0	13.7314259706	4.16696979564	2.82753298619	0.393381266687	2.60885715198	25.469595591	4.35823945713	0.277516446338	17.2568207553	1.82935248116	1.22363945095	0.0308290787149	3.15516529492	0.0194196141203	77.9958616904	5.2148427527
2004	376.808916242	1754.85902435	318.71576184	256.040868765	539.855587993	80.1187984505	16.8993093857	8.98662519587	8.0820307165	95.3823430521	26.5813920079	157.494551987	16.5497276618	0.0	14.3502513412	4.20478302455	2.86955727974	0.383859652045	3.11978135912	29.8129944419	4.93247797792	0.370725019277	18.0868629975	2.53705083879	1.77327742573	0.0660500266225	3.26143522444	0.0264057890481	78.7724412778	5.44534118073
2005	378.818275114	1753.99875537	319.445162674	253.988898402	539.222271689	79.305902968	16.8549126712	9.02731603881	7.92897368721	94.4268436073	22.1731472603	162.341381279	17.1816255708	0.0	14.9203127854	4.22590656393	2.90763184932	0.373479623288	3.62850144055	34.351222032	5.58156960265	0.490867188127	18.9155928695	3.23033233975	2.36468472902	0.113874583685	3.36978455701	0.0333492959959	79.5479000541	5.67607762557
2006	378.818275114	1753.99875537	319.445162674	253.988898402	539.222271689	79.305902968	16.8549126712	9.02731603881	7.92897368721	94.4268436073	22.1731472603	162.341381279	17.1816255708	0.0	14.9203127854	4.22590656393	2.90763184932	0.373479623288	3.62850144055	34.351222032	5.58156960265	0.490867188127	18.9155928695	3.23033233975	2.36468472902	0.113874583685	3.36978455701	0.0333492959959	79.5479000541	5.67607762557
2007	378.818275114	1753.99875537	319.445162674	253.988898402	539.222271689	79.305902968	16.8549126712	9.02731603881	7.92897368721	94.4268436073	22.1731472603	162.341381279	17.1816255708	0.0	14.9203127854	4.22590656393	2.90763184932	0.373479623288	3.62850144055	34.351222032	5.58156960265	0.490867188127	18.9155928695	3.23033233975	2.36468472902	0.113874583685	3.36978455701	0.0333492959959	79.5479000541	5.67607762557
2008	378.818275114	1753.99875537	319.445162674	253.988898402	539.222271689	79.305902968	16.8549126712	9.02731603881	7.92897368721	94.4268436073	22.1731472603	162.341381279	17.1816255708	0.0	14.9203127854	4.22590656393	2.90763184932	0.373479623288	3.62850144055	34.351222032	5.58156960265	0.490867188127	18.9155928695	3.23033233975	2.36468472902	0.113874583685	3.36978455701	0.0333492959959	79.5479000541	5.67607762557
2009	378.818275114	1753.99875537	319.445162674	253.988898402	539.222271689	79.305902968	16.8549126712	9.02731603881	7.92897368721	94.4268436073	22.1731472603	162.341381279	17.1816255708	0.0	14.9203127854	4.22590656393	2.90763184932	0.373479623288	3.62850144055	34.351222032	5.58156960265	0.490867188127	18.9155928695	3.23033233975	2.36468472902	0.113874583685	3.36978455701	0.0333492959959	79.5479000541	5.67607762557
2010	378.818275114	1753.99875537	319.445162674	253.988898402	539.222271689	79.305902968	16.8549126712	9.02731603881	7.92897368721	94.4268436073	22.1731472603	162.341381279	17.1816255708	0.0	14.9203127854	4.22590656393	2.90763184932	0.373479623288	3.62850144055	34.351222032	5.58156960265	0.490867188127	18.9155928695	3.23033233975	2.36468472902	0.113874583685	3.36978455701	0.0333492959959	79.5479000541	5.67607762557
2011	378.818275114	1753.99875537	319.445162674	253.988898402	539.222271689	79.305902968	16.8549126712	9.02731603881	7.92897368721	94.4268436073	22.1731472603	162.341381279	17.1816255708	0.0	14.9203127854	4.22590656393	2.90763184932	0.373479623288	3.62850144055	34.351222032	5.58156960265	0.490867188127	18.9155928695	3.23033233975	2.36468472902	0.113874583685	3.36978455701	0.0333492959959	79.5479000541	5.67607762557
2012	378.818275114	1753.99875537	319.445162674	253.988898402	539.222271689	79.305902968	16.8549126712	9.02731603881	7.92897368721	94.4268436073	22.1731472603	162.341381279	17.1816255708	0.0	14.9203127854	4.22590656393	2.90763184932	0.373479623288	3.62850144055	34.351222032	5.58156960265	0.490867188127	18.9155928695	3.23033233975	2.36468472902	0.113874583685	3.36978455701	0.0333492959959	79.5479000541	5.67607762557
2013	378.818275114	1753.99875537	319.445162674	253.988898402	539.222271689	79.305902968	16.8549126712	9.02731603881	7.92897368721	94.4268436073	22.1731472603	162.341381279	17.1816255708	0.0	14.9203127854	4.22590656393	2.90763184932	0.373479623288	3.62850144055	34.351222032	5.58156960265	0.490867188127	18.9155928695	3.23033233975	2.36468472902	0.113874583685	3.36978455701	0.0333492959959	79.5479000541	5.67607762557
2014	378.818275114	1753.99875537	319.445162674	253.988898402	539.222271689	79.305902968	16.8549126712	9.02731603881	7.92897368721	94.4268436073	22.1731472603	162.341381279	17.1816255708	0.0	14.9203127854	4.22590656393	2.90763184932	0.373479623288	3.62850144055	34.351222032	5.58156960265	0.490867188127	18.9155928695	3.23033233975	2.36468472902	0.113874583685	3.36978455701	0.0333492959959	79.5479000541	5.67607762557
2015	378.818275114	1753.99875537	319.445162674	253.988898402	539.222271689	79.305902968	16.8549126712	9.02731603881	7.92897368721	94.4268436073	22.1731472603	162.341381279	17.1816255708	0.0	14.9203127854	4.22590656393	2.90763184932	0.373479623288	3.62850144055	34.351222032	5.58156960265	0.490867188127	18.9155928695	3.23033233975	2.36468472902	0.113874583685	3.36978455701	0.0333492959959	79.5479000541	5.67607762557
2016	378.818275114	1753.99875537	319.445162674	253.988898402	539.222271689	79.305902968	16.8549126712	9.02731603881	7.92897368721	94.4268436073	22.1731472603	162.341381279	17.1816255708	0.0	14.9203127854	4.22590656393	2.90763184932	0.373479623288	3.62850144055	34.351222032	5.58156960265	0.490867188127	18.9155928695	3.23033233975	2.36468472902	0.113874583685	3.36978455701	0.0333492959959	79.5479000541	5.67607762557
2017	378.818275114	1753.99875537	319.445162674	253.988898402	539.222271689	79.305902968	16.8549126712	9.02731603881	7.92897368721	94.4268436073	22.1731472603	162.341381279	17.1816255708	0.0	14.9203127854	4.22590656393	2.90763184932	0.373479623288	3.62850144055	34.351222032	5.58156960265	0.490867188127	18.9155928695	3.23033233975	2.36468472902	0.113874583685	3.36978455701	0.0333492959959	79.5479000541	5.67607762557
2018	378.818275114	1753.99875537	319.445162674	253.988898402	539.222271689	79.305902968	16.8549126712	9.02731603881	7.92897368721	94.4268436073	22.1731472603	162.341381279	17.1816255708	0.0	14.9203127854	4.22590656393	2.90763184932	0.373479623288	3.62850144055	34.351222032	5.58156960265	0.490867188127	18.9155928695	3.23033233975	2.36468472902	0.113874583685	3.36978455701	0.0333492959959	79.5479000541	5.67607762557
2019	378.818275114	1753.99875537	319.445162674	253.988898402	539.222271689	79.305902968	16.8549126712	9.02731603881	7.92897368721	94.4268436073	22.1731472603	162.341381279	17.1816255708	0.0	14.9203127854	4.22590656393	2.90763184932	0.373479623288	3.62850144055	34.351222032	5.58156960265	0.490867188127	18.9155928695	3.23033233975	2.36468472902	0.113874583685	3.36978455701	0.0333492959959	79.5479000541	5.67607762557
2020	378.818275114	1753.99875537	319.445162674	253.988898402	539.222271689	79.305902968	16.8549126712	9.02731603881	7.92897368721	94.4268436073	22.1731472603	162.341381279	17.1816255708	0.0	14.9203127854	4.22590656393	2.90763184932	0.373479623288	3.62850144055	34.351222032	5.58156960265	0.490867188127	18.9155928695	3.23033233975	2.36468472902	0.113874583685	3.36978455701	0.0333492959959	79.5479000541	5.67607762557
2021	378.818275114	1753.99875537	319.445162674	253.988898402	539.222271689	79.305902968	16.8549126712	9.02731603881	7.92897368721	94.4268436073	22.1731472603	162.341381279	17.1816255708	0.0	14.9203127854	4.22590656393	2.90763184932	0.373479623288	3.62850144055	34.351222032	5.58156960265	0.490867188127	18.9155928695	3.23033233975	2.36468472902	0.113874583685	3.36978455701	0.0333492959959	79.5479000541	5.67607762557
2022	378.818275114	1753.99875537	319.445162674	253.988898402	539.222271689	79.305902968	16.8549126712	9.02731603881	7.92897368721	94.4268436073	22.1731472603	162.341381279	17.1816255708	0.0	14.9203127854	4.22590656393	2.90763184932	0.373479623288	3.62850144055	34.351222032	5.58156960265	0.490867188127	18.9155928695	3.23033233975	2.36468472902	0.113874583685	3.36978455701	0.0333492959959	79.5479000541	5.67607762557
2023	378.818275114	1753.99875537	319.445162674	253.988898402	539.222271689	79.305902968	16.8549126712	9.02731603881	7.92897368721	94.4268436073	22.1731472603	162.341381279	17.1816255708	0.0	14.9203127854	4.22590656393	2.90763184932	0.373479623288	3.62850144055	34.351222032	5.58156960265	0.490867188127	18.9155928695	3.23033233975	2.36468472902	0.113874583685	3.36978455701	0.0333492959959	79.5479000541	5.67607762557
2024	378.818275114	1753.99875537	319.445162674	253.988898402	539.222271689	79.305902968	16.8549126712	9.02731603881	7.92897368721	94.4268436073	22.1731472603	162.341381279	17.1816255708	0.0	14.9203127854	4.22590656393	2.90763184932	0.373479623288	3.62850144055	34.351222032	5.58156960265	0.490867188127	18.9155928695	3.23033233975	2.36468472902	0.113874583685	3.36978455701	0.0333492959959	79.5479000541	5.67607762557
2025	378.818275114	1753.99875537	319.445162674	253.988898402	539.222271689	79.305902968	16.8549126712	9.02731603881	7.92897368721	94.4268436073	22.1731472603	162.341381279	17.1816255708	0.0	14.9203127854	4.22590656393	2.90763184932	0.373479623288	3.62850144055	34.351222032	5.58156960265	0.490867188127	18.9155928695	3.23033233975	2.36468472902	0.113874583685	3.36978455701	0.0333492959959	79.5479000541	5.67607762557
2026	378.818275114	1753.99875537	319.445162674	253.988898402	539.222271689	79.305902968	16.8549126712	9.02731603881	7.92897368721	94.4268436073	22.1731472603	162.341381279	17.1816255708	0.0	14.9203127854	4.22590656393	2.90763184932	0.373479623288	3.62850144055	34.351222032	5.58156960265	0.490867188127	18.9155928695	3.23033233975	2.36468472902	0.113874583685	3.36978455701	0.0333492959959	79.5479000541	5.67607762557
2027	378.818275114	1753.99875537	319.445162674	253.988898402	539.222271689	79.305902968	16.8549126712	9.02731603881	7.92897368721	94.4268436073	22.1731472603	162.341381279	17.1816255708	0.0	14.9203127854	4.22590656393	2.90763184932	0.373479623288	3.62850144055	34.351222032	5.58156960265	0.490867188127	18.9155928695	3.23033233975	2.36468472902	0.113874583685	3.36978455701	0.0333492959959	79.5479000541	5.67607762557
2028	378.818275114	1753.99875537	319.445162674	253.988898402	539.222271689	79.305902968	16.8549126712	9.02731603881	7.92897368721	94.4268436073	22.1731472603	162.341381279	17.1816255708	0.0	14.9203127854	4.22590656393	2.90763184932	0.373479623288	3.62850144055	34.351222032	5.58156960265	0.490867188127	18.9155928695	3.23033233975	2.36468472902	0.113874583685	3.36978455701	0.0333492959959	79.5479000541	5.67607762557
2029	378.818275114	1753.99875537	319.445162674	253.988898402	539.222271689	79.305902968	16.8549126712	9.02731603881	7.92897368721	94.4268436073	22.1731472603	162.341381279	17.1816255708	0.0	14.9203127854	4.22590656393	2.90763184932	0.373479623288	3.62850144055	34.351222032	5.58156960265	0.490867188127	18.9155928695	3.23033233975	2.36468472902	0.113874583685	3.36978455701	0.0333492959959	79.5479000541	5.67607762557
2030	378.818275114	1753.99875537	319.445162674	253.988898402	539.222271689	79.305902968	16.8549126712	9.02731603881	7.92897368721	94.4268436073	22.1731472603	162.341381279	17.1816255708	0.0	14.9203127854	4.22590656393	2.90763184932	0.373479623288	3.62850144055	34.351222032	5.58156960265	0.490867188127	18.9155928695	3.23033233975	2.36468472902	0.113874583685	3.36978455701	0.0333492959959	79.5479000541	5.67607762557
2031	378.818275114	1753.99875537	319.445162674	253.988898402	539.222271689	79.305902968	16.8549126712	9.02731603881	7.92897368721	94.4268436073	22.1731472603	162.341381279	17.1816255708	0.0	14.9203127854	4.22590656393	2.90763184932	0.373479623288	3.62850144055	34.351222032	5.58156960265	0.490867188127	18.9155928695	3.23033233975	2.36468472902	0.113874583685	3.36978455701	0.0333492959959	79.5479000541	5.67607762557
2032	378.818275114	1753.99875537	319.445162674	253.988898402	539.222271689	79.305902968	16.8549126712	9.02731603881	7.92897368721	94.4268436073	22.1731472603	162.341381279	17.1816255708	0.0	14.9203127854	4.22590656393	2.90763184932	0.373479623288	3.62850144055	34.351222032	5.58156960265	0.490867188127	18.9155928695	3.23033233975	2.36468472902	0.113874583685	3.36978455701	0.0333492959959	79.5479000541	5.67607762557
2033	378.818275114	1753.99875537	319.445162674	253.988898402	539.222271689	79.305902968	16.8549126712	9.02731603881	7.92897368721	94.4268436073	22.1731472603	162.341381279	17.1816255708	0.0	14.9203127854	4.22590656393	2.90763184932	0.373479623288	3.62850144055	34.351222032	5.58156960265	0.490867188127	18.9155928695	3.23033233975	2.36468472902	0.113874583685	3.36978455701	0.0333492959959	79.5479000541	5.67607762557
2034	378.818275114	1753.99875537	319.445162674	253.988898402	539.222271689	79.305902968	16.8549126712	9.02731603881	7.92897368721	94.4268436073	22.1731472603	162.341381279	17.1816255708	0.0	14.9203127854	4.22590656393	2.90763184932	0.373479623288	3.62850144055	34.351222032	5.58156960265	0.490867188127	18.9155928695	3.23033233975	2.36468472902	0.113874583685	3.36978455701	0.0333492959959	79.5479000541	5.67607762557
2035	378.818275114	1753.99875537	319.445162674	253.988898402	539.222271689	79.305902968	16.8549126712	9.02731603881	7.92897368721	94.4268436073	22.1731472603	162.341381279	17.1816255708	0.0	14.9203127854	4.22590656393	2.90763184932	0.373479623288	3.62850144055	34.351222032	5.58156960265	0.490867188127	18.9155928695	3.23033233975	2.36468472902	0.113874583685	3.36978455701	0.0333492959959	79.5479000541	5.67607762557
2036	378.818275114	1753.99875537	319.445162674	253.988898402	539.222271689	79.305902968	16.8549126712	9.02731603881	7.92897368721	94.4268436073	22.1731472603	162.341381279	17.1816255708	0.0	14.9203127854	4.22590656393	2.90763184932	0.373479623288	3.62850144055	34.351222032	5.58156960265	0.490867188127	18.9155928695	3.23033233975	2.36468472902	0.113874583685	3.36978455701	0.0333492959959	79.5479000541	5.67607762557
2037	378.818275114	1753.99875537	319.445162674	253.988898402	539.222271689	79.305902968	16.8549126712	9.02731603881	7.92897368721	94.4268436073	22.1731472603	162.341381279	17.1816255708	0.0	14.9203127854	4.22590656393	2.90763184932	0.373479623288	3.62850144055	34.351222032	5.58156960265	0.490867188127	18.9155928695	3.23033233975	2.36468472902	0.113874583685	3.36978455701	0.0333492959959	79.5479000541	5.67607762557
2038	378.818275114	1753.99875537	319.445162674	253.988898402	539.222271689	79.305902968	16.8549126712	9.02731603881	7.92897368721	94.4268436073	22.1731472603	162.341381279	17.1816255708	0.0	14.9203127854	4.22590656393	2.90763184932	0.373479623288	3.62850144055	34.351222032	5.58156960265	0.490867188127	18.9155928695	3.23033233975	2.36468472902	0.113874583685	3.36978455701	0.0333492959959	79.5479000541	5.67607762557
2039	378.818275114	1753.99875537	319.445162674	253.988898402	539.222271689	79.305902968	16.8549126712	9.02731603881	7.92897368721	94.4268436073	22.1731472603	162.341381279	17.1816255708	0.0	14.9203127854	4.22590656393	2.90763184932	0.373479623288	3.62850144055	34.351222032	5.58156960265	0.490867188127	18.9155928695	3.23033233975	2.36468472902	0.113874583685	3.36978455701	0.0333492959959	79.5479000541	5.67607762557
2040	378.818275114	1753.99875537	319.445162674	253.988898402	539.222271689	79.305902968	16.8549126712	9.02731603881	7.92897368721	94.4268436073	22.1731472603	162.341381279	17.1816255708	0.0	14.9203127854	4.22590656393	2.90763184932	0.373479623288	3.62850144055	34.351222032	5.58156960265	0.490867188127	18.9155928695	3.23033233975	2.36468472902	0.113874583685	3.36978455701	0.0333492959959	79.5479000541	5.67607762557
2041	378.818275114	1753.99875537	319.445162674	253.988898402	539.222271689	79.305902968	16.8549126712	9.02731603881	7.92897368721	94.4268436073	22.1731472603	162.341381279	17.1816255708	0.0	14.9203127854	4.22590656393	2.90763184932	0.373479623288	3.62850144055	34.351222032	5.58156960265	0.490867188127	18.9155928695	3.23033233975	2.36468472902	0.113874583685	3.36978455701	0.0333492959959	79.5479000541	5.67607762557
2042	378.818275114	1753.99875537	319.445162674	253.988898402	539.222271689	79.305902968	16.8549126712	9.02731603881	7.92897368721	94.4268436073	22.1731472603	162.341381279	17.1816255708	0.0	14.9203127854	4.22590656393	2.90763184932	0.373479623288	3.62850144055	34.351222032	5.58156960265	0.490867188127	18.9155928695	3.23033233975	2.36468472902	0.113874583685	3.36978455701	0.0333492959959	79.5479000541	5.67607762557
2043	378.818275114	1753.99875537	319.445162674	253.988898402	539.222271689	79.305902968	16.8549126712	9.02731603881	7.92897368721	94.4268436073	22.1731472603	162.341381279	17.1816255708	0.0	14.9203127854	4.22590656393	2.90763184932	0.373479623288	3.62850144055	34.351222032	5.58156960265	0.490867188127	18.9155928695	3.23033233975	2.36468472902	0.113874583685	3.36978455701	0.0333492959959	79.5479000541	5.67607762557
2044	378.818275114	1753.99875537	319.445162674	253.988898402	539.222271689	79.305902968	16.8549126712	9.02731603881	7.92897368721	94.4268436073	22.1731472603	162.341381279	17.1816255708	0.0	14.9203127854	4.22590656393	2.90763184932	0.373479623288	3.62850144055	34.351222032	5.58156960265	0.490867188127	18.9155928695	3.23033233975	2.36468472902	0.113874583685	3.36978455701	0.0333492959959	79.5479000541	5.67607762557
2045	378.818275114	1753.99875537	319.445162674	253.988898402	539.222271689	79.305902968	16.8549126712	9.02731603881	7.92897368721	94.4268436073	22.1731472603	162.341381279	17.1816255708	0.0	14.9203127854	4.22590656393	2.90763184932	0.373479623288	3.62850144055	34.351222032	5.58156960265	0.490867188127	18.9155928695	3.23033233975	2.36468472902	0.113874583685	3.36978455701	0.0333492959959	79.5479000541	5.67607762557
2046	378.818275114	1753.99875537	319.445162674	253.988898402	539.222271689	79.305902968	16.8549126712	9.02731603881	7.92897368721	94.4268436073	22.1731472603	162.341381279	17.1816255708	0.0	14.9203127854	4.22590656393	2.90763184932	0.373479623288	3.62850144055	34.351222032	5.58156960265	0.490867188127	18.9155928695	3.23033233975	2.36468472902	0.113874583685	3.36978455701	0.0333492959959	79.5479000541	5.67607762557
2047	378.818275114	1753.99875537	319.445162674	253.988898402	539.222271689	79.305902968	16.8549126712	9.02731603881	7.92897368721	94.4268436073	22.1731472603	162.341381279	17.1816255708	0.0	14.9203127854	4.22590656393	2.90763184932	0.373479623288	3.62850144055	34.351222032	5.58156960265	0.490867188127	18.9155928695	3.23033233975	2.36468472902	0.113874583685	3.36978455701	0.0333492959959	79.5479000541	5.67607762557
2048	378.818275114	1753.99875537	319.445162674	253.988898402	539.222271689	79.305902968	16.8549126712	9.02731603881	7.92897368721	94.4268436073	22.1731472603	162.341381279	17.1816255708	0.0	14.9203127854	4.22590656393	2.90763184932	0.373479623288	3.62850144055	34.351222032	5.58156960265	0.490867188127	18.9155928695	3.23033233975	2.36468472902	0.113874583685	3.36978455701	0.0333492959959	79.5479000541	5.67607762557
2049	378.818275114	1753.99875537	319.445162674	253.988898402	539.222271689	79.305902968	16.8549126712	9.02731603881	7.92897368721	94.4268436073	22.1731472603	162.341381279	17.1816255708	0.0	14.9203127854	4.22590656393	2.90763184932	0.373479623288	3.62850144055	34.351222032	5.58156960265	0.490867188127	18.9155928695	3.23033233975	2.36468472902	0.113874583685	3.36978455701	0.0333492959959	79.5479000541	5.67607762557
2050	378.818275114	1753.99875537	319.445162674	253.988898402	539.222271689	79.305902968	16.8549126712	9.02731603881	7.92897368721	94.4268436073	22.1731472603	162.341381279	17.1816255708	0.0	14.9203127854	4.22590656393	2.90763184932	0.373479623288	3.62850144055	34.351222032	5.58156960265	0.490867188127	18.9155928695	3.23033233975	2.36468472902	0.113874583685	3.36978455701	0.0333492959959	79.5479000541	5.67607762557
2051	378.818275114	1753.99875537	319.445162674	253.988898402	539.222271689	79.305902968	16.8549126712	9.02731603881	7.92897368721	94.4268436073	22.1731472603	162.341381279	17.1816255708	0.0	14.9203127854	4.22590656393	2.90763184932	0.373479623288	3.62850144055	34.351222032	5.58156960265	0.490867188127	18.9155928695	3.23033233975	2.36468472902	0.113874583685	3.36978455701	0.0333492959959	79.5479000541	5.67607762557
2052	378.818275114	1753.99875537	319.445162674	253.988898402	539.222271689	79.305902968	16.8549126712	9.02731603881	7.92897368721	94.4268436073	22.1731472603	162.341381279	17.1816255708	0.0	14.9203127854	4.22590656393	2.90763184932	0.373479623288	3.62850144055	34.351222032	5.58156960265	0.490867188127	18.9155928695	3.23033233975	2.36468472902	0.113874583685	3.36978455701	0.0333492959959	79.5479000541	5.67607762557
2053	378.818275114	1753.99875537	319.445162674	253.988898402	539.222271689	79.305902968	16.8549126712	9.02731603881	7.92897368721	94.4268436073	22.1731472603	162.341381279	17.1816255708	0.0	14.9203127854	4.22590656393	2.90763184932	0.373479623288	3.62850144055	34.351222032	5.58156960265	0.490867188127	18.9155928695	3.23033233975	2.36468472902	0.113874583685	3.36978455701	0.0333492959959	79.5479000541	5.67607762557
2054	378.818275114	1753.99875537	319.445162674	253.988898402	539.222271689	79.305902968	16.8549126712	9.02731603881	7.92897368721	94.4268436073	22.1731472603	162.341381279	17.1816255708	0.0	14.9203127854	4.22590656393	2.90763184932	0.373479623288	3.62850144055	34.351222032	5.58156960265	0.490867188127	18.9155928695	3.23033233975	2.36468472902	0.113874583685	3.36978455701	0.0333492959959	79.5479000541	5.67607762557
2055	378.818275114	1753.99875537	319.445162674	253.988898402	539.222271689	79.305902968	16.8549126712	9.02731603881	7.92897368721	94.4268436073	22.1731472603	162.341381279	17.1816255708	0.0	14.9203127854	4.22590656393	2.90763184932	0.373479623288	3.62850144055	34.351222032	5.58156960265	0.490867188127	18.9155928695	3.23033233975	2.36468472902	0.113874583685	3.36978455701	0.0333492959959	79.5479000541	5.67607762557
2056	378.818275114	1753.99875537	319.445162674	253.988898402	539.222271689	79.305902968	16.8549126712	9.02731603881	7.92897368721	94.4268436073	22.1731472603	162.341381279	17.1816255708	0.0	14.9203127854	4.22590656393	2.90763184932	0.373479623288	3.62850144055	34.351222032	5.58156960265	0.490867188127	18.9155928695	3.23033233975	2.36468472902	0.113874583685	3.36978455701	0.0333492959959	79.5479000541	5.67607762557
2057	378.818275114	1753.99875537	319.445162674	253.988898402	539.222271689	79.305902968	16.8549126712	9.02731603881	7.92897368721	94.4268436073	22.1731472603	162.341381279	17.1816255708	0.0	14.9203127854	4.22590656393	2.90763184932	0.373479623288	3.62850144055	34.351222032	5.58156960265	0.490867188127	18.9155928695	3.23033233975	2.36468472902	0.113874583685	3.36978455701	0.0333492959959	79.5479000541	5.67607762557
2058	378.818275114	1753.99875537	319.445162674	253.988898402	539.222271689	79.305902968	16.8549126712	9.02731603881	7.92897368721	94.4268436073	22.1731472603	162.341381279	17.1816255708	0.0	14.9203127854	4.22590656393	2.90763184932	0.373479623288	3.62850144055	34.351222032	5.58156960265	0.490867188127	18.9155928695	3.23033233975	2.36468472902	0.113874583685	3.36978455701	0.0333492959959	79.5479000541	5.67607762557
2059	378.818275114	1753.99875537	319.445162674	253.988898402	539.222271689	79.305902968	16.8549126712	9.02731603881	7.92897368721	94.4268436073	22.1731472603	162.341381279	17.1816255708	0.0	14.9203127854	4.22590656393	2.90763184932	0.373479623288	3.62850144055	34.351222032	5.58156960265	0.490867188127	18.9155928695	3.23033233975	2.36468472902	0.113874583685	3.36978455701	0.0333492959959	79.5479000541	5.67607762557
2060	378.818275114	1753.99875537	319.445162674	253.988898402	539.222271689	79.305902968	16.8549126712	9.02731603881	7.92897368721	94.4268436073	22.1731472603	162.341381279	17.1816255708	0.0	14.9203127854	4.22590656393	2.90763184932	0.373479623288	3.62850144055	34.351222032	5.58156960265	0.490867188127	18.9155928695	3.23033233975	2.36468472902	0.113874583685	3.36978455701	0.0333492959959	79.5479000541	5.67607762557
2061	378.818275114	1753.99875537	319.445162674	253.988898402	539.222271689	79.305902968	16.8549126712	9.02731603881	7.92897368721	94.4268436073	22.1731472603	162.341381279	17.1816255708	0.0	14.9203127854	4.22590656393	2.90763184932	0.373479623288	3.62850144055	34.351222032	5.58156960265	0.490867188127	18.9155928695	3.23033233975	2.36468472902	0.113874583685	3.36978455701	0.0333492959959	79.5479000541	5.67607762557
2062	378.818275114	1753.99875537	319.445162674	253.988898402	539.222271689	79.305902968	16.8549126712	9.02731603881	7.92897368721	94.4268436073	22.1731472603	162.341381279	17.1816255708	0.0	14.9203127854	4.22590656393	2.90763184932	0.373479623288	3.62850144055	34.351222032	5.58156960265	0.490867188127	18.9155928695	3.23033233975	2.36468472902	0.113874583685	3.36978455701	0.0333492959959	79.5479000541	5.67607762557
2063	378.818275114	1753.99875537	319.445162674	253.988898402	539.222271689	79.305902968	16.8549126712	9.02731603881	7.92897368721	94.4268436073	22.1731472603	162.341381279	17.1816255708	0.0	14.9203127854	4.22590656393	2.90763184932	0.373479623288	3.62850144055	34.351222032	5.58156960265	0.490867188127	18.9155928695	3.23033233975	2.36468472902	0.113874583685	3.36978455701	0.0333492959959	79.5479000541	5.67607762557
2064	378.818275114	1753.99875537	319.445162674	253.988898402	539.222271689	79.305902968	16.8549126712	9.02731603881	7.92897368721	94.4268436073	22.1731472603	162.341381279	17.1816255708	0.0	14.9203127854	4.22590656393	2.90763184932	0.373479623288	3.62850144055	34.351222032	5.58156960265	0.490867188127	18.9155928695	3.23033233975	2.36468472902	0.113874583685	3.36978455701	0.0333492959959	79.5479000541	5.67607762557
2065	378.818275114	1753.99875537	319.445162674	253.988898402	539.222271689	79.305902968	16.8549126712	9.02731603881	7.92897368721	94.4268436073	22.1731472603	162.341381279	17.1816255708	0.0	14.9203127854	4.22590656393	2.90763184932	0.373479623288	3.62850144055	34.351222032	5.58156960265	0.490867188127	18.9155928695	3.23033233975	2.36468472902	0.113874583685	3.36978455701	0.0333492959959	79.5479000541	5.67607762557
2066	378.818275114	1753.99875537	319.445162674	253.988898402	539.222271689	79.305902968	16.8549126712	9.02731603881	7.92897368721	94.4268436073	22.1731472603	162.341381279	17.1816255708	0.0	14.9203127854	4.22590656393	2.90763184932	0.373479623288	3.62850144055	34.351222032	5.58156960265	0.490867188127	18.9155928695	3.23033233975	2.36468472902	0.113874583685	3.36978455701	0.0333492959959	79.5479000541	5.67607762557
2067	378.818275114	1753.99875537	319.445162674	253.988898402	539.222271689	79.305902968	16.8549126712	9.02731603881	7.92897368721	94.4268436073	22.1731472603	162.341381279	17.1816255708	0.0	14.9203127854	4.22590656393	2.90763184932	0.373479623288	3.62850144055	34.351222032	5.58156960265	0.490867188127	18.9155928695	3.23033233975	2.36468472902	0.113874583685	3.36978455701	0.0333492959959	79.5479000541	5.67607762557
2068	378.818275114	1753.99875537	319.445162674	253.988898402	539.222271689	79.305902968	16.8549126712	9.02731603881	7.92897368721	94.4268436073	22.1731472603	162.341381279	17.1816255708	0.0	14.9203127854	4.22590656393	2.90763184932	0.373479623288	3.62850144055	34.351222032	5.58156960265	0.490867188127	18.9155928695	3.23033233975	2.36468472902	0.113874583685	3.36978455701	0.0333492959959	79.5479000541	5.67607762557
2069	378.818275114	1753.99875537	319.445162674	253.988898402	539.222271689	79.305902968	16.8549126712	9.02731603881	7.92897368721	94.4268436073	22.1731472603	162.341381279	17.1816255708	0.0	14.9203127854	4.22590656393	2.90763184932	0.373479623288	3.62850144055	34.351222032	5.58156960265	0.490867188127	18.9155928695	3.23033233975	2.36468472902	0.113874583685	3.36978455701	0.0333492959959	79.5479000541	5.67607762557
2070	378.818275114	1753.99875537	319.445162674	253.988898402	539.222271689	79.305902968	16.8549126712	9.02731603881	7.92897368721	94.4268436073	22.1731472603	162.341381279	17.1816255708	0.0	14.9203127854	4.22590656393	2.90763184932	0.373479623288	3.62850144055	34.351222032	5.58156960265	0.490867188127	18.9155928695	3.23033233975	2.36468472902	0.113874583685	3.36978455701	0.0333492959959	79.5479000541	5.67607762557
2071	378.818275114	1753.99875537	319.445162674	253.988898402	539.222271689	79.305902968	16.8549126712	9.02731603881	7.92897368721	94.4268436073	22.1731472603	162.341381279	17.1816255708	0.0	14.9203127854	4.22590656393	2.90763184932	0.373479623288	3.62850144055	34.351222032	5.58156960265	0.490867188127	18.9155928695	3.23033233975	2.36468472902	0.113874583685	3.36978455701	0.0333492959959	79.5479000541	5.67607762557
2072	378.818275114	1753.99875537	319.445162674	253.988898402	539.222271689	79.305902968	16.8549126712	9.02731603881	7.92897368721	94.4268436073	22.1731472603	162.341381279	17.1816255708	0.0	14.9203127854	4.22590656393	2.90763184932	0.373479623288	3.62850144055	34.351222032	5.58156960265	0.490867188127	18.9155928695	3.23033233975	2.36468472902	0.113874583685	3.36978455701	0.0333492959959	79.5479000541	5.67607762557
2073	378.818275114	1753.99875537	319.445162674	253.988898402	539.222271689	79.305902968	16.8549126712	9.02731603881	7.92897368721	94.4268436073	22.1731472603	162.341381279	17.1816255708	0.0	14.9203127854	4.22590656393	2.90763184932	0.373479623288	3.62850144055	34.351222032	5.58156960265	0.490867188127	18.9155928695	3.23033233975	2.36468472902	0.113874583685	3.36978455701	0.0333492959959	79.5479000541	5.67607762557
2074	378.818275114	1753.99875537	319.445162674	253.988898402	539.222271689	79.305902968	16.8549126712	9.02731603881	7.92897368721	94.4268436073	22.1731472603	162.341381279	17.1816255708	0.0	14.9203127854	4.22590656393	2.90763184932	0.373479623288	3.62850144055	34.351222032	5.58156960265	0.490867188127	18.9155928695	3.23033233975	2.36468472902	0.113874583685	3.36978455701	0.0333492959959	79.5479000541	5.67607762557
2075	378.818275114	1753.99875537	319.445162674	253.988898402	539.222271689	79.305902968	16.8549126712	9.02731603881	7.92897368721	94.4268436073	22.1731472603	162.341381279	17.1816255708	0.0	14.9203127854	4.22590656393	2.90763184932	0.373479623288	3.62850144055	34.351222032	5.58156960265	0.490867188127	18.9155928695	3.23033233975	2.36468472902	0.113874583685	3.36978455701	0.0333492959959	79.5479000541	5.67607762557
2076	378.818275114	1753.99875537	319.445162674	253.988898402	539.222271689	79.305902968	16.8549126712	9.02731603881	7.92897368721	94.4268436073	22.1731472603	162.341381279	17.1816255708	0.0	14.9203127854	4.22590656393	2.90763184932	0.373479623288	3.62850144055	34.351222032	5.58156960265	0.490867188127	18.9155928695	3.23033233975	2.36468472902	0.113874583685	3.36978455701	0.0333492959959	79.5479000541	5.67607762557
2077	378.818275114	1753.99875537	319.445162674	253.988898402	539.222271689	79.305902968	16.8549126712	9.02731603881	7.92897368721	94.4268436073	22.1731472603	162.341381279	17.1816255708	0.0	14.9203127854	4.22590656393	2.90763184932	0.373479623288	3.62850144055	34.351222032	5.58156960265	0.490867188127	18.9155928695	3.23033233975	2.36468472902	0.113874583685	3.36978455701	0.0333492959959	79.5479000541	5.67607762557
2078	378.818275114	1753.99875537	319.445162674	253.988898402	539.222271689	79.305902968	16.8549126712	9.02731603881	7.92897368721	94.4268436073	22.1731472603	162.341381279	17.1816255708	0.0	14.9203127854	4.22590656393	2.90763184932	0.373479623288	3.62850144055	34.351222032	5.58156960265	0.490867188127	18.9155928695	3.23033233975	2.36468472902	0.113874583685	3.36978455701	0.0333492959959	79.5479000541	5.67607762557
2079	378.818275114	1753.99875537	319.445162674	253.988898402	539.222271689	79.305902968	16.8549126712	9.02731603881	7.92897368721	94.4268436073	22.1731472603	162.341381279	17.1816255708	0.0	14.9203127854	4.22590656393	2.90763184932	0.373479623288	3.62850144055	34.351222032	5.58156960265	0.490867188127	18.9155928695	3.23033233975	2.36468472902	0.113874583685	3.36978455701	0.0333492959959	79.5479000541	5.67607762557
2080	378.818275114	1753.99875537	319.445162674	253.988898402	539.222271689	79.305902968	16.8549126712	9.02731603881	7.92897368721	94.4268436073	22.1731472603	162.341381279	17.1816255708	0.0	14.9203127854	4.22590656393	2.90763184932	0.373479623288	3.62850144055	34.351222032	5.58156960265	0.490867188127	18.9155928695	3.23033233975	2.36468472902	0.113874583685	3.36978455701	0.0333492959959	79.5479000541	5.67607762557
2081	378.818275114	1753.99875537	319.445162674	253.988898402	539.222271689	79.305902968	16.8549126712	9.02731603881	7.92897368721	94.4268436073	22.1731472603	162.341381279	17.1816255708	0.0	14.9203127854	4.22590656393	2.90763184932	0.373479623288	3.62850144055	34.351222032	5.58156960265	0.490867188127	18.9155928695	3.23033233975	2.36468472902	0.113874583685	3.36978455701	0.0333492959959	79.5479000541	5.67607762557
2082	378.818275114	1753.99875537	319.445162674	253.988898402	539.222271689	79.305902968	16.8549126712	9.02731603881	7.92897368721	94.4268436073	22.1731472603	162.341381279	17.1816255708	0.0	14.9203127854	4.22590656393	2.90763184932	0.373479623288	3.62850144055	34.351222032	5.58156960265	0.490867188127	18.9155928695	3.23033233975	2.36468472902	0.113874583685	3.36978455701	0.0333492959959	79.5479000541	5.67607762557
2083	378.818275114	1753.99875537	319.445162674	253.988898402	539.222271689	79.305902968	16.8549126712	9.02731603881	7.92897368721	94.4268436073	22.1731472603	162.341381279	17.1816255708	0.0	14.9203127854	4.22590656393	2.90763184932	0.373479623288	3.62850144055	34.351222032	5.58156960265	0.490867188127	18.9155928695	3.23033233975	2.36468472902	0.113874583685	3.36978455701	0.0333492959959	79.5479000541	5.67607762557
2084	378.818275114	1753.99875537	319.445162674	253.988898402	539.222271689	79.305902968	16.8549126712	9.02731603881	7.92897368721	94.4268436073	22.1731472603	162.341381279	17.1816255708	0.0	14.9203127854	4.22590656393	2.90763184932	0.373479623288	3.62850144055	34.351222032	5.58156960265	0.490867188127	18.9155928695	3.23033233975	2.36468472902	0.113874583685	3.36978455701	0.0333492959959	79.5479000541	5.67607762557
2085	378.818275114	1753.99875537	319.445162674	253.988898402	539.222271689	79.305902968	16.8549126712	9.02731603881	7.92897368721	94.4268436073	22.1731472603	162.341381279	17.1816255708	0.0	14.9203127854	4.22590656393	2.90763184932	0.373479623288	3.62850144055	34.351222032	5.58156960265	0.490867188127	18.9155928695	3.23033233975	2.36468472902	0.113874583685	3.36978455701	0.0333492959959	79.5479000541	5.67607762557
2086	378.818275114	1753.99875537	319.445162674	253.988898402	539.222271689	79.305902968	16.8549126712	9.02731603881	7.92897368721	94.4268436073	22.1731472603	162.341381279	17.1816255708	0.0	14.9203127854	4.22590656393	2.90763184932	0.373479623288	3.62850144055	34.351222032	5.58156960265	0.490867188127	18.9155928695	3.23033233975	2.36468472902	0.113874583685	3.36978455701	0.0333492959959	79.5479000541	5.67607762557
2087	378.818275114	1753.99875537	319.445162674	253.988898402	539.222271689	79.305902968	16.8549126712	9.02731603881	7.92897368721	94.4268436073	22.1731472603	162.341381279	17.1816255708	0.0	14.9203127854	4.22590656393	2.90763184932	0.373479623288	3.62850144055	34.351222032	5.58156960265	0.490867188127	18.9155928695	3.23033233975	2.36468472902	0.113874583685	3.36978455701	0.0333492959959	79.5479000541	5.67607762557
2088	378.818275114	1753.99875537	319.445162674	253.988898402	539.222271689	79.305902968	16.8549126712	9.02731603881	7.92897368721	94.4268436073	22.1731472603	162.341381279	17.1816255708	0.0	14.9203127854	4.22590656393	2.90763184932	0.373479623288	3.62850144055	34.351222032	5.58156960265	0.490867188127	18.9155928695	3.23033233975	2.36468472902	0.113874583685	3.36978455701	0.0333492959959	79.5479000541	5.67607762557
2089	378.818275114	1753.99875537	319.445162674	253.988898402	539.222271689	79.305902968	16.8549126712	9.02731603881	7.92897368721	94.4268436073	22.1731472603	162.341381279	17.1816255708	0.0	14.9203127854	4.22590656393	2.90763184932	0.373479623288	3.62850144055	34.351222032	5.58156960265	0.490867188127	18.9155928695	3.23033233975	2.36468472902	0.113874583685	3.36978455701	0.0333492959959	79.5479000541	5.67607762557
2090	378.818275114	1753.99875537	319.445162674	253.988898402	539.222271689	79.305902968	16.8549126712	9.02731603881	7.92897368721	94.4268436073	22.1731472603	162.341381279	17.1816255708	0.0	14.9203127854	4.22590656393	2.90763184932	0.373479623288	3.62850144055	34.351222032	5.58156960265	0.490867188127	18.9155928695	3.23033233975	2.36468472902	0.113874583685	3.36978455701	0.0333492959959	79.5479000541	5.67607762557
2091	378.818275114	1753.99875537	319.445162674	253.988898402	539.222271689	79.305902968	16.8549126712	9.02731603881	7.92897368721	94.4268436073	22.1731472603	162.341381279	17.1816255708	0.0	14.9203127854	4.22590656393	2.90763184932	0.373479623288	3.62850144055	34.351222032	5.58156960265	0.490867188127	18.9155928695	3.23033233975	2.36468472902	0.113874583685	3.36978455701	0.0333492959959	79.5479000541	5.67607762557
2092	378.818275114	1753.99875537	319.445162674	253.988898402	539.222271689	79.305902968	16.8549126712	9.02731603881	7.92897368721	94.4268436073	22.1731472603	162.341381279	17.1816255708	0.0	14.9203127854	4.22590656393	2.90763184932	0.373479623288	3.62850144055	34.351222032	5.58156960265	0.490867188127	18.9155928695	3.23033233975	2.36468472902	0.113874583685	3.36978455701	0.0333492959959	79.5479000541	5.67607762557
2093	378.818275114	1753.99875537	319.445162674	253.988898402	539.222271689	79.305902968	16.8549126712	9.02731603881	7.92897368721	94.4268436073	22.1731472603	162.341381279	17.1816255708	0.0	14.9203127854	4.22590656393	2.90763184932	0.373479623288	3.62850144055	34.351222032	5.58156960265	0.490867188127	18.9155928695	3.23033233975	2.36468472902	0.113874583685	3.36978455701	0.0333492959959	79.5479000541	5.67607762557
2094	378.818275114	1753.99875537	319.445162674	253.988898402	539.222271689	79.305902968	16.8549126712	9.02731603881	7.92897368721	94.4268436073	22.1731472603	162.341381279	17.1816255708	0.0	14.9203127854	4.22590656393	2.90763184932	0.373479623288	3.62850144055	34.351222032	5.58156960265	0.490867188127	18.9155928695	3.23033233975	2.36468472902	0.113874583685	3.36978455701	0.0333492959959	79.5479000541	5.67607762557
2095	378.818275114	1753.99875537	319.445162674	253.988898402	539.222271689	79.305902968	16.8549126712	9.02731603881	7.92897368721	94.4268436073	22.1731472603	162.341381279	17.1816255708	0.0	14.9203127854	4.22590656393	2.90763184932	0.373479623288	3.62850144055	34.351222032	5.58156960265	0.490867188127	18.9155928695	3.23033233975	2.36468472902	0.113874583685	3.36978455701	0.0333492959959	79.5479000541	5.67607762557
2096	378.818275114	1753.99875537	319.445162674	253.988898402	539.222271689	79.305902968	16.8549126712	9.02731603881	7.92897368721	94.4268436073	22.1731472603	162.341381279	17.1816255708	0.0	14.9203127854	4.22590656393	2.90763184932	0.373479623288	3.62850144055	34.351222032	5.58156960265	0.490867188127	18.9155928695	3.23033233975	2.36468472902	0.113874583685	3.36978455701	0.0333492959959	79.5479000541	5.67607762557
2097	378.818275114	1753.99875537	319.445162674	253.988898402	539.222271689	79.305902968	16.8549126712	9.02731603881	7.92897368721	94.4268436073	22.1731472603	162.341381279	17.1816255708	0.0	14.9203127854	4.22590656393	2.90763184932	0.373479623288	3.62850144055	34.351222032	5.58156960265	0.490867188127	18.9155928695	3.23033233975	2.36468472902	0.113874583685	3.36978455701	0.0333492959959	79.5479000541	5.67607762557
2098	378.818275114	1753.99875537	319.445162674	253.988898402	539.222271689	79.305902968	16.8549126712	9.02731603881	7.92897368721	94.4268436073	22.1731472603	162.341381279	17.1816255708	0.0	14.9203127854	4.22590656393	2.90763184932	0.373479623288	3.62850144055	34.351222032	5.58156960265	0.490867188127	18.9155928695	3.23033233975	2.36468472902	0.113874583685	3.36978455701	0.0333492959959	79.5479000541	5.67607762557
2099	378.818275114	1753.99875537	319.445162674	253.988898402	539.222271689	79.305902968	16.8549126712	9.02731603881	7.92897368721	94.4268436073	22.1731472603	162.341381279	17.1816255708	0.0	14.9203127854	4.22590656393	2.90763184932	0.373479623288	3.62850144055	34.351222032	5.58156960265	0.490867188127	18.9155928695	3.23033233975	2.36468472902	0.113874583685	3.36978455701	0.0333492959959	79.5479000541	5.67607762557
2100	378.818275114	1753.99875537	319.445162674	253.988898402	539.222271689	79.305902968	16.8549126712	9.02731603881	7.92897368721	94.4268436073	22.1731472603	162.341381279	17.1816255708	0.0	14.9203127854	4.22590656393	2.90763184932	0.373479623288	3.62850144055	34.351222032	5.58156960265	0.490867188127	18.9155928695	3.23033233975	2.36468472902	0.113874583685	3.36978455701	0.0333492959959	79.5479000541	5.67607762557
2101	378.818275114	1753.99875537	319.445162674	253.988898402	539.222271689	79.305902968	16.8549126712	9.02731603881	7.92897368721	94.4268436073	22.1731472603	162.341381279	17.1816255708	0.0	14.9203127854	4.22590656393	2.90763184932	0.373479623288	3.62850144055	34.351222032	5.58156960265	0.490867188127	18.9155928695	3.23033233975	2.36468472902	0.113874583685	3.36978455701	0.0333492959959	79.5479000541	5.67607762557
2102	378.818275114	1753.99875537	319.445162674	253.988898402	539.222271689	79.305902968	16.8549126712	9.02731603881	7.92897368721	94.4268436073	22.1731472603	162.341381279	17.1816255708	0.0	14.9203127854	4.22590656393	2.90763184932	0.373479623288	3.62850144055	34.351222032	5.58156960265	0.490867188127	18.9155928695	3.23033233975	2.36468472902	0.113874583685	3.36978455701	0.0333492959959	79.5479000541	5.67607762557
2103	378.818275114	1753.99875537	319.445162674	253.988898402	539.222271689	79.305902968	16.8549126712	9.02731603881	7.92897368721	94.4268436073	22.1731472603	162.341381279	17.1816255708	0.0	14.9203127854	4.22590656393	2.90763184932	0.373479623288	3.62850144055	34.351222032	5.58156960265	0.490867188127	18.9155928695	3.23033233975	2.36468472902	0.113874583685	3.36978455701	0.0333492959959	79.5479000541	5.67607762557
2104	378.818275114	1753.99875537	319.445162674	253.988898402	539.222271689	79.305902968	16.8549126712	9.02731603881	7.92897368721	94.4268436073	22.1731472603	162.341381279	17.1816255708	0.0	14.9203127854	4.22590656393	2.90763184932	0.373479623288	3.62850144055	34.351222032	5.58156960265	0.490867188127	18.9155928695	3.23033233975	2.36468472902	0.113874583685	3.36978455701	0.0333492959959	79.5479000541	5.67607762557
2105	378.818275114	1753.99875537	319.445162674	253.988898402	539.222271689	79.305902968	16.8549126712	9.02731603881	7.92897368721	94.4268436073	22.1731472603	162.341381279	17.1816255708	0.0	14.9203127854	4.22590656393	2.90763184932	0.373479623288	3.62850144055	34.351222032	5.58156960265	0.490867188127	18.9155928695	3.23033233975	2.36468472902	0.113874583685	3.36978455701	0.0333492959959	79.5479000541	5.67607762557
2106	378.818275114	1753.99875537	319.445162674	253.988898402	539.222271689	79.305902968	16.8549126712	9.02731603881	7.92897368721	94.4268436073	22.1731472603	162.341381279	17.1816255708	0.0	14.9203127854	4.22590656393	2.90763184932	0.373479623288	3.62850144055	34.351222032	5.58156960265	0.490867188127	18.9155928695	3.23033233975	2.36468472902	0.113874583685	3.36978455701	0.0333492959959	79.5479000541	5.67607762557
2107	378.818275114	1753.99875537	319.445162674	253.988898402	539.222271689	79.305902968	16.8549126712	9.02731603881	7.92897368721	94.4268436073	22.1731472603	162.341381279	17.1816255708	0.0	14.9203127854	4.22590656393	2.90763184932	0.373479623288	3.62850144055	34.351222032	5.58156960265	0.490867188127	18.9155928695	3.23033233975	2.36468472902	0.113874583685	3.36978455701	0.0333492959959	79.5479000541	5.67607762557
2108	378.818275114	1753.99875537	319.445162674	253.988898402	539.222271689	79.305902968	16.8549126712	9.02731603881	7.92897368721	94.4268436073	22.1731472603	162.341381279	17.1816255708	0.0	14.9203127854	4.22590656393	2.90763184932	0.373479623288	3.62850144055	34.351222032	5.58156960265	0.490867188127	18.9155928695	3.23033233975	2.36468472902	0.113874583685	3.36978455701	0.0333492959959	79.5479000541	5.67607762557
2109	378.818275114	1753.99875537	319.445162674	253.988898402	539.222271689	79.305902968	16.8549126712	9.02731603881	7.92897368721	94.4268436073	22.1731472603	162.341381279	17.1816255708	0.0	14.9203127854	4.22590656393	2.90763184932	0.373479623288	3.62850144055	34.351222032	5.58156960265	0.490867188127	18.9155928695	3.23033233975	2.36468472902	0.113874583685	3.36978455701	0.0333492959959	79.5479000541	5.67607762557
2110	378.818275114	1753.99875537	319.445162674	253.988898402	539.222271689	79.305902968	16.8549126712	9.02731603881	7.92897368721	94.4268436073	22.1731472603	162.341381279	17.1816255708	0.0	14.9203127854	4.22590656393	2.90763184932	0.373479623288	3.62850144055	34.351222032	5.58156960265	0.490867188127	18.9155928695	3.23033233975	2.36468472902	0.113874583685	3.36978455701	0.0333492959959	79.5479000541	5.67607762557
2111	378.818275114	1753.99875537	319.445162674	253.988898402	539.222271689	79.305902968	16.8549126712	9.02731603881	7.92897368721	94.4268436073	22.1731472603	162.341381279	17.1816255708	0.0	14.9203127854	4.22590656393	2.90763184932	0.373479623288	3.62850144055	34.351222032	5.58156960265	0.490867188127	18.9155928695	3.23033233975	2.36468472902	0.113874583685	3.36978455701	0.0333492959959	79.5479000541	5.67607762557
2112	378.818275114	1753.99875537	319.445162674	253.988898402	539.222271689	79.305902968	16.8549126712	9.02731603881	7.92897368721	94.4268436073	22.1731472603	162.341381279	17.1816255708	0.0	14.9203127854	4.22590656393	2.90763184932	0.373479623288	3.62850144055	34.351222032	5.58156960265	0.490867188127	18.9155928695	3.23033233975	2.36468472902	0.113874583685	3.36978455701	0.0333492959959	79.5479000541	5.67607762557
2113	378.818275114	1753.99875537	319.445162674	253.988898402	539.222271689	79.305902968	16.8549126712	9.02731603881	7.92897368721	94.4268436073	22.1731472603	162.341381279	17.1816255708	0.0	14.9203127854	4.22590656393	2.90763184932	0.373479623288	3.62850144055	34.351222032	5.58156960265	0.490867188127	18.9155928695	3.23033233975	2.36468472902	0.113874583685	3.36978455701	0.0333492959959	79.5479000541	5.67607762557
2114	378.818275114	1753.99875537	319.445162674	253.988898402	539.222271689	79.305902968	16.8549126712	9.02731603881	7.92897368721	94.4268436073	22.1731472603	162.341381279	17.1816255708	0.0	14.9203127854	4.22590656393	2.90763184932	0.373479623288	3.62850144055	34.351222032	5.58156960265	0.490867188127	18.9155928695	3.23033233975	2.36468472902	0.113874583685	3.36978455701	0.0333492959959	79.5479000541	5.67607762557
2115	378.818275114	1753.99875537	319.445162674	253.988898402	539.222271689	79.305902968	16.8549126712	9.02731603881	7.92897368721	94.4268436073	22.1731472603	162.341381279	17.1816255708	0.0	14.9203127854	4.22590656393	2.90763184932	0.373479623288	3.62850144055	34.351222032	5.58156960265	0.490867188127	18.9155928695	3.23033233975	2.36468472902	0.113874583685	3.36978455701	0.0333492959959	79.5479000541	5.67607762557
2116	378.818275114	1753.99875537	319.445162674	253.988898402	539.222271689	79.305902968	16.8549126712	9.02731603881	7.92897368721	94.4268436073	22.1731472603	162.341381279	17.1816255708	0.0	14.9203127854	4.22590656393	2.90763184932	0.373479623288	3.62850144055	34.351222032	5.58156960265	0.490867188127	18.9155928695	3.23033233975	2.36468472902	0.113874583685	3.36978455701	0.0333492959959	79.5479000541	5.67607762557
2117	378.818275114	1753.99875537	319.445162674	253.988898402	539.222271689	79.305902968	16.8549126712	9.02731603881	7.92897368721	94.4268436073	22.1731472603	162.341381279	17.1816255708	0.0	14.9203127854	4.22590656393	2.90763184932	0.373479623288	3.62850144055	34.351222032	5.58156960265	0.490867188127	18.9155928695	3.23033233975	2.36468472902	0.113874583685	3.36978455701	0.0333492959959	79.5479000541	5.67607762557
2118	378.818275114	1753.99875537	319.445162674	253.988898402	539.222271689	79.305902968	16.8549126712	9.02731603881	7.92897368721	94.4268436073	22.1731472603	162.341381279	17.1816255708	0.0	14.9203127854	4.22590656393	2.90763184932	0.373479623288	3.62850144055	34.351222032	5.58156960265	0.490867188127	18.9155928695	3.23033233975	2.36468472902	0.113874583685	3.36978455701	0.0333492959959	79.5479000541	5.67607762557
2119	378.818275114	1753.99875537	319.445162674	253.988898402	539.222271689	79.305902968	16.8549126712	9.02731603881	7.92897368721	94.4268436073	22.1731472603	162.341381279	17.1816255708	0.0	14.9203127854	4.22590656393	2.90763184932	0.373479623288	3.62850144055	34.351222032	5.58156960265	0.490867188127	18.9155928695	3.23033233975	2.36468472902	0.113874583685	3.36978455701	0.0333492959959	79.5479000541	5.67607762557
2120	378.818275114	1753.99875537	319.445162674	253.988898402	539.222271689	79.305902968	16.8549126712	9.02731603881	7.92897368721	94.4268436073	22.1731472603	162.341381279	17.1816255708	0.0	14.9203127854	4.22590656393	2.90763184932	0.373479623288	3.62850144055	34.351222032	5.58156960265	0.490867188127	18.9155928695	3.23033233975	2.36468472902	0.113874583685	3.36978455701	0.0333492959959	79.5479000541	5.67607762557
2121	378.818275114	1753.99875537	319.445162674	253.988898402	539.222271689	79.305902968	16.8549126712	9.02731603881	7.92897368721	94.4268436073	22.1731472603	162.341381279	17.1816255708	0.0	14.9203127854	4.22590656393	2.90763184932	0.373479623288	3.62850144055	34.351222032	5.58156960265	0.490867188127	18.9155928695	3.23033233975	2.36468472902	0.113874583685	3.36978455701	0.0333492959959	79.5479000541	5.67607762557
2122	378.818275114	1753.99875537	319.445162674	253.988898402	539.222271689	79.305902968	16.8549126712	9.02731603881	7.92897368721	94.4268436073	22.1731472603	162.341381279	17.1816255708	0.0	14.9203127854	4.22590656393	2.90763184932	0.373479623288	3.62850144055	34.351222032	5.58156960265	0.490867188127	18.9155928695	3.23033233975	2.36468472902	0.113874583685	3.36978455701	0.0333492959959	79.5479000541	5.67607762557
2123	378.818275114	1753.99875537	319.445162674	253.988898402	539.222271689	79.305902968	16.8549126712	9.02731603881	7.92897368721	94.4268436073	22.1731472603	162.341381279	17.1816255708	0.0	14.9203127854	4.22590656393	2.90763184932	0.373479623288	3.62850144055	34.351222032	5.58156960265	0.490867188127	18.9155928695	3.23033233975	2.36468472902	0.113874583685	3.36978455701	0.0333492959959	79.5479000541	5.67607762557
2124	378.818275114	1753.99875537	319.445162674	253.988898402	539.222271689	79.305902968	16.8549126712	9.02731603881	7.92897368721	94.4268436073	22.1731472603	162.341381279	17.1816255708	0.0	14.9203127854	4.22590656393	2.90763184932	0.373479623288	3.62850144055	34.351222032	5.58156960265	0.490867188127	18.9155928695	3.23033233975	2.36468472902	0.113874583685	3.36978455701	0.0333492959959	79.5479000541	5.67607762557
2125	378.818275114	1753.99875537	319.445162674	253.988898402	539.222271689	79.305902968	16.8549126712	9.02731603881	7.92897368721	94.4268436073	22.1731472603	162.341381279	17.1816255708	0.0	14.9203127854	4.22590656393	2.90763184932	0.373479623288	3.62850144055	34.351222032	5.58156960265	0.490867188127	18.9155928695	3.23033233975	2.36468472902	0.113874583685	3.36978455701	0.0333492959959	79.5479000541	5.67607762557
2126	378.818275114	1753.99875537	319.445162674	253.988898402	539.222271689	79.305902968	16.8549126712	9.02731603881	7.92897368721	94.4268436073	22.1731472603	162.341381279	17.1816255708	0.0	14.9203127854	4.22590656393	2.90763184932	0.373479623288	3.62850144055	34.351222032	5.58156960265	0.490867188127	18.9155928695	3.23033233975	2.36468472902	0.113874583685	3.36978455701	0.0333492959959	79.5479000541	5.67607762557
2127	378.818275114	1753.99875537	319.445162674	253.988898402	539.222271689	79.305902968	16.8549126712	9.02731603881	7.92897368721	94.4268436073	22.1731472603	162.341381279	17.1816255708	0.0	14.9203127854	4.22590656393	2.90763184932	0.373479623288	3.62850144055	34.351222032	5.58156960265	0.490867188127	18.9155928695	3.23033233975	2.36468472902	0.113874583685	3.36978455701	0.0333492959959	79.5479000541	5.67607762557
2128	378.818275114	1753.99875537	319.445162674	253.988898402	539.222271689	79.305902968	16.8549126712	9.02731603881	7.92897368721	94.4268436073	22.1731472603	162.341381279	17.1816255708	0.0	14.9203127854	4.22590656393	2.90763184932	0.373479623288	3.62850144055	34.351222032	5.58156960265	0.490867188127	18.9155928695	3.23033233975	2.36468472902	0.113874583685	3.36978455701	0.0333492959959	79.5479000541	5.67607762557
2129	378.818275114	1753.99875537	319.445162674	253.988898402	539.222271689	79.305902968	16.8549126712	9.02731603881	7.92897368721	94.4268436073	22.1731472603	162.341381279	17.1816255708	0.0	14.9203127854	4.22590656393	2.90763184932	0.373479623288	3.62850144055	34.351222032	5.58156960265	0.490867188127	18.9155928695	3.23033233975	2.36468472902	0.113874583685	3.36978455701	0.0333492959959	79.5479000541	5.67607762557
2130	378.818275114	1753.99875537	319.445162674	253.988898402	539.222271689	79.305902968	16.8549126712	9.02731603881	7.92897368721	94.4268436073	22.1731472603	162.341381279	17.1816255708	0.0	14.9203127854	4.22590656393	2.90763184932	0.373479623288	3.62850144055	34.351222032	5.58156960265	0.490867188127	18.9155928695	3.23033233975	2.36468472902	0.113874583685	3.36978455701	0.0333492959959	79.5479000541	5.67607762557
2131	378.818275114	1753.99875537	319.445162674	253.988898402	539.222271689	79.305902968	16.8549126712	9.02731603881	7.92897368721	94.4268436073	22.1731472603	162.341381279	17.1816255708	0.0	14.9203127854	4.22590656393	2.90763184932	0.373479623288	3.62850144055	34.351222032	5.58156960265	0.490867188127	18.9155928695	3.23033233975	2.36468472902	0.113874583685	3.36978455701	0.0333492959959	79.5479000541	5.67607762557
2132	378.818275114	1753.99875537	319.445162674	253.988898402	539.222271689	79.305902968	16.8549126712	9.02731603881	7.92897368721	94.4268436073	22.1731472603	162.341381279	17.1816255708	0.0	14.9203127854	4.22590656393	2.90763184932	0.373479623288	3.62850144055	34.351222032	5.58156960265	0.490867188127	18.9155928695	3.23033233975	2.36468472902	0.113874583685	3.36978455701	0.0333492959959	79.5479000541	5.67607762557
2133	378.818275114	1753.99875537	319.445162674	253.988898402	539.222271689	79.305902968	16.8549126712	9.02731603881	7.92897368721	94.4268436073	22.1731472603	162.341381279	17.1816255708	0.0	14.9203127854	4.22590656393	2.90763184932	0.373479623288	3.62850144055	34.351222032	5.58156960265	0.490867188127	18.9155928695	3.23033233975	2.36468472902	0.113874583685	3.36978455701	0.0333492959959	79.5479000541	5.67607762557
2134	378.818275114	1753.99875537	319.445162674	253.988898402	539.222271689	79.305902968	16.8549126712	9.02731603881	7.92897368721	94.4268436073	22.1731472603	162.341381279	17.1816255708	0.0	14.9203127854	4.22590656393	2.90763184932	0.373479623288	3.62850144055	34.351222032	5.58156960265	0.490867188127	18.9155928695	3.23033233975	2.36468472902	0.113874583685	3.36978455701	0.0333492959959	79.5479000541	5.67607762557
2135	378.818275114	1753.99875537	319.445162674	253.988898402	539.222271689	79.305902968	16.8549126712	9.02731603881	7.92897368721	94.4268436073	22.1731472603	162.341381279	17.1816255708	0.0	14.9203127854	4.22590656393	2.90763184932	0.373479623288	3.62850144055	34.351222032	5.58156960265	0.490867188127	18.9155928695	3.23033233975	2.36468472902	0.113874583685	3.36978455701	0.0333492959959	79.5479000541	5.67607762557
2136	378.818275114	1753.99875537	319.445162674	253.988898402	539.222271689	79.305902968	16.8549126712	9.02731603881	7.92897368721	94.4268436073	22.1731472603	162.341381279	17.1816255708	0.0	14.9203127854	4.22590656393	2.90763184932	0.373479623288	3.62850144055	34.351222032	5.58156960265	0.490867188127	18.9155928695	3.23033233975	2.36468472902	0.113874583685	3.36978455701	0.0333492959959	79.5479000541	5.67607762557
2137	378.818275114	1753.99875537	319.445162674	253.988898402	539.222271689	79.305902968	16.8549126712	9.02731603881	7.92897368721	94.4268436073	22.1731472603	162.341381279	17.1816255708	0.0	14.9203127854	4.22590656393	2.90763184932	0.373479623288	3.62850144055	34.351222032	5.58156960265	0.490867188127	18.9155928695	3.23033233975	2.36468472902	0.113874583685	3.36978455701	0.0333492959959	79.5479000541	5.67607762557
2138	378.818275114	1753.99875537	319.445162674	253.988898402	539.222271689	79.305902968	16.8549126712	9.02731603881	7.92897368721	94.4268436073	22.1731472603	162.341381279	17.1816255708	0.0	14.9203127854	4.22590656393	2.90763184932	0.373479623288	3.62850144055	34.351222032	5.58156960265	0.490867188127	18.9155928695	3.23033233975	2.36468472902	0.113874583685	3.36978455701	0.0333492959959	79.5479000541	5.67607762557
2139	378.818275114	1753.99875537	319.445162674	253.988898402	539.222271689	79.305902968	16.8549126712	9.02731603881	7.92897368721	94.4268436073	22.1731472603	162.341381279	17.1816255708	0.0	14.9203127854	4.22590656393	2.90763184932	0.373479623288	3.62850144055	34.351222032	5.58156960265	0.490867188127	18.9155928695	3.23033233975	2.36468472902	0.113874583685	3.36978455701	0.0333492959959	79.5479000541	5.67607762557
2140	378.818275114	1753.99875537	319.445162674	253.988898402	539.222271689	79.305902968	16.8549126712	9.02731603881	7.92897368721	94.4268436073	22.1731472603	162.341381279	17.1816255708	0.0	14.9203127854	4.22590656393	2.90763184932	0.373479623288	3.62850144055	34.351222032	5.58156960265	0.490867188127	18.9155928695	3.23033233975	2.36468472902	0.113874583685	3.36978455701	0.0333492959959	79.5479000541	5.67607762557
2141	378.818275114	1753.99875537	319.445162674	253.988898402	539.222271689	79.305902968	16.8549126712	9.02731603881	7.92897368721	94.4268436073	22.1731472603	162.341381279	17.1816255708	0.0	14.9203127854	4.22590656393	2.90763184932	0.373479623288	3.62850144055	34.351222032	5.58156960265	0.490867188127	18.9155928695	3.23033233975	2.36468472902	0.113874583685	3.36978455701	0.0333492959959	79.5479000541	5.67607762557
2142	378.818275114	1753.99875537	319.445162674	253.988898402	539.222271689	79.305902968	16.8549126712	9.02731603881	7.92897368721	94.4268436073	22.1731472603	162.341381279	17.1816255708	0.0	14.9203127854	4.22590656393	2.90763184932	0.373479623288	3.62850144055	34.351222032	5.58156960265	0.490867188127	18.9155928695	3.23033233975	2.36468472902	0.113874583685	3.36978455701	0.0333492959959	79.5479000541	5.67607762557
2143	378.818275114	1753.99875537	319.445162674	253.988898402	539.222271689	79.305902968	16.8549126712	9.02731603881	7.92897368721	94.4268436073	22.1731472603	162.341381279	17.1816255708	0.0	14.9203127854	4.22590656393	2.90763184932	0.373479623288	3.62850144055	34.351222032	5.58156960265	0.490867188127	18.9155928695	3.23033233975	2.36468472902	0.113874583685	3.36978455701	0.0333492959959	79.5479000541	5.67607762557
2144	378.818275114	1753.99875537	319.445162674	253.988898402	539.222271689	79.305902968	16.8549126712	9.02731603881	7.92897368721	94.4268436073	22.1731472603	162.341381279	17.1816255708	0.0	14.9203127854	4.22590656393	2.90763184932	0.373479623288	3.62850144055	34.351222032	5.58156960265	0.490867188127	18.9155928695	3.23033233975	2.36468472902	0.113874583685	3.36978455701	0.0333492959959	79.5479000541	5.67607762557
2145	378.818275114	1753.99875537	319.445162674	253.988898402	539.222271689	79.305902968	16.8549126712	9.02731603881	7.92897368721	94.4268436073	22.1731472603	162.341381279	17.1816255708	0.0	14.9203127854	4.22590656393	2.90763184932	0.373479623288	3.62850144055	34.351222032	5.58156960265	0.490867188127	18.9155928695	3.23033233975	2.36468472902	0.113874583685	3.36978455701	0.0333492959959	79.5479000541	5.67607762557
2146	378.818275114	1753.99875537	319.445162674	253.988898402	539.222271689	79.305902968	16.8549126712	9.02731603881	7.92897368721	94.4268436073	22.1731472603	162.341381279	17.1816255708	0.0	14.9203127854	4.22590656393	2.90763184932	0.373479623288	3.62850144055	34.351222032	5.58156960265	0.490867188127	18.9155928695	3.23033233975	2.36468472902	0.113874583685	3.36978455701	0.0333492959959	79.5479000541	5.67607762557
2147	378.818275114	1753.99875537	319.445162674	253.988898402	539.222271689	79.305902968	16.8549126712	9.02731603881	7.92897368721	94.4268436073	22.1731472603	162.341381279	17.1816255708	0.0	14.9203127854	4.22590656393	2.90763184932	0.373479623288	3.62850144055	34.351222032	5.58156960265	0.490867188127	18.9155928695	3.23033233975	2.36468472902	0.113874583685	3.36978455701	0.0333492959959	79.5479000541	5.67607762557
2148	378.818275114	1753.99875537	319.445162674	253.988898402	539.222271689	79.305902968	16.8549126712	9.02731603881	7.92897368721	94.4268436073	22.1731472603	162.341381279	17.1816255708	0.0	14.9203127854	4.22590656393	2.90763184932	0.373479623288	3.62850144055	34.351222032	5.58156960265	0.490867188127	18.9155928695	3.23033233975	2.36468472902	0.113874583685	3.36978455701	0.0333492959959	79.5479000541	5.67607762557
2149	378.818275114	1753.99875537	319.445162674	253.988898402	539.222271689	79.305902968	16.8549126712	9.02731603881	7.92897368721	94.4268436073	22.1731472603	162.341381279	17.1816255708	0.0	14.9203127854	4.22590656393	2.90763184932	0.373479623288	3.62850144055	34.351222032	5.58156960265	0.490867188127	18.9155928695	3.23033233975	2.36468472902	0.113874583685	3.36978455701	0.0333492959959	79.5479000541	5.67607762557
2150	378.818275114	1753.99875537	319.445162674	253.988898402	539.222271689	79.305902968	16.8549126712	9.02731603881	7.92897368721	94.4268436073	22.1731472603	162.341381279	17.1816255708	0.0	14.9203127854	4.22590656393	2.90763184932	0.373479623288	3.62850144055	34.351222032	5.58156960265	0.490867188127	18.9155928695	3.23033233975	2.36468472902	0.113874583685	3.36978455701	0.0333492959959	79.5479000541	5.67607762557
2151	378.818275114	1753.99875537	319.445162674	253.988898402	539.222271689	79.305902968	16.8549126712	9.02731603881	7.92897368721	94.4268436073	22.1731472603	162.341381279	17.1816255708	0.0	14.9203127854	4.22590656393	2.90763184932	0.373479623288	3.62850144055	34.351222032	5.58156960265	0.490867188127	18.9155928695	3.23033233975	2.36468472902	0.113874583685	3.36978455701	0.0333492959959	79.5479000541	5.67607762557
2152	378.818275114	1753.99875537	319.445162674	253.988898402	539.222271689	79.305902968	16.8549126712	9.02731603881	7.92897368721	94.4268436073	22.1731472603	162.341381279	17.1816255708	0.0	14.9203127854	4.22590656393	2.90763184932	0.373479623288	3.62850144055	34.351222032	5.58156960265	0.490867188127	18.9155928695	3.23033233975	2.36468472902	0.113874583685	3.36978455701	0.0333492959959	79.5479000541	5.67607762557
2153	378.818275114	1753.99875537	319.445162674	253.988898402	539.222271689	79.305902968	16.8549126712	9.02731603881	7.92897368721	94.4268436073	22.1731472603	162.341381279	17.1816255708	0.0	14.9203127854	4.22590656393	2.90763184932	0.373479623288	3.62850144055	34.351222032	5.58156960265	0.490867188127	18.9155928695	3.23033233975	2.36468472902	0.113874583685	3.36978455701	0.0333492959959	79.5479000541	5.67607762557
2154	378.818275114	1753.99875537	319.445162674	253.988898402	539.222271689	79.305902968	16.8549126712	9.02731603881	7.92897368721	94.4268436073	22.1731472603	162.341381279	17.1816255708	0.0	14.9203127854	4.22590656393	2.90763184932	0.373479623288	3.62850144055	34.351222032	5.58156960265	0.490867188127	18.9155928695	3.23033233975	2.36468472902	0.113874583685	3.36978455701	0.0333492959959	79.5479000541	5.67607762557
2155	378.818275114	1753.99875537	319.445162674	253.988898402	539.222271689	79.305902968	16.8549126712	9.02731603881	7.92897368721	94.4268436073	22.1731472603	162.341381279	17.1816255708	0.0	14.9203127854	4.22590656393	2.90763184932	0.373479623288	3.62850144055	34.351222032	5.58156960265	0.490867188127	18.9155928695	3.23033233975	2.36468472902	0.113874583685	3.36978455701	0.0333492959959	79.5479000541	5.67607762557
2156	378.818275114	1753.99875537	319.445162674	253.988898402	539.222271689	79.305902968	16.8549126712	9.02731603881	7.92897368721	94.4268436073	22.1731472603	162.341381279	17.1816255708	0.0	14.9203127854	4.22590656393	2.90763184932	0.373479623288	3.62850144055	34.351222032	5.58156960265	0.490867188127	18.9155928695	3.23033233975	2.36468472902	0.113874583685	3.36978455701	0.0333492959959	79.5479000541	5.67607762557
2157	378.818275114	1753.99875537	319.445162674	253.988898402	539.222271689	79.305902968	16.8549126712	9.02731603881	7.92897368721	94.4268436073	22.1731472603	162.341381279	17.1816255708	0.0	14.9203127854	4.22590656393	2.90763184932	0.373479623288	3.62850144055	34.351222032	5.58156960265	0.490867188127	18.9155928695	3.23033233975	2.36468472902	0.113874583685	3.36978455701	0.0333492959959	79.5479000541	5.67607762557
2158	378.818275114	1753.99875537	319.445162674	253.988898402	539.222271689	79.305902968	16.8549126712	9.02731603881	7.92897368721	94.4268436073	22.1731472603	162.341381279	17.1816255708	0.0	14.9203127854	4.22590656393	2.90763184932	0.373479623288	3.62850144055	34.351222032	5.58156960265	0.490867188127	18.9155928695	3.23033233975	2.36468472902	0.113874583685	3.36978455701	0.0333492959959	79.5479000541	5.67607762557
2159	378.818275114	1753.99875537	319.445162674	253.988898402	539.222271689	79.305902968	16.8549126712	9.02731603881	7.92897368721	94.4268436073	22.1731472603	162.341381279	17.1816255708	0.0	14.9203127854	4.22590656393	2.90763184932	0.373479623288	3.62850144055	34.351222032	5.58156960265	0.490867188127	18.9155928695	3.23033233975	2.36468472902	0.113874583685	3.36978455701	0.0333492959959	79.5479000541	5.67607762557
2160	378.818275114	1753.99875537	319.445162674	253.988898402	539.222271689	79.305902968	16.8549126712	9.02731603881	7.92897368721	94.4268436073	22.1731472603	162.341381279	17.1816255708	0.0	14.9203127854	4.22590656393	2.90763184932	0.373479623288	3.62850144055	34.351222032	5.58156960265	0.490867188127	18.9155928695	3.23033233975	2.36468472902	0.113874583685	3.36978455701	0.0333492959959	79.5479000541	5.67607762557
2161	378.818275114	1753.99875537	319.445162674	253.988898402	539.222271689	79.305902968	16.8549126712	9.02731603881	7.92897368721	94.4268436073	22.1731472603	162.341381279	17.1816255708	0.0	14.9203127854	4.22590656393	2.90763184932	0.373479623288	3.62850144055	34.351222032	5.58156960265	0.490867188127	18.9155928695	3.23033233975	2.36468472902	0.113874583685	3.36978455701	0.0333492959959	79.5479000541	5.67607762557
2162	378.818275114	1753.99875537	319.445162674	253.988898402	539.222271689	79.305902968	16.8549126712	9.02731603881	7.92897368721	94.4268436073	22.1731472603	162.341381279	17.1816255708	0.0	14.9203127854	4.22590656393	2.90763184932	0.373479623288	3.62850144055	34.351222032	5.58156960265	0.490867188127	18.9155928695	3.23033233975	2.36468472902	0.113874583685	3.36978455701	0.0333492959959	79.5479000541	5.67607762557
2163	378.818275114	1753.99875537	319.445162674	253.988898402	539.222271689	79.305902968	16.8549126712	9.02731603881	7.92897368721	94.4268436073	22.1731472603	162.341381279	17.1816255708	0.0	14.9203127854	4.22590656393	2.90763184932	0.373479623288	3.62850144055	34.351222032	5.58156960265	0.490867188127	18.9155928695	3.23033233975	2.36468472902	0.113874583685	3.36978455701	0.0333492959959	79.5479000541	5.67607762557
2164	378.818275114	1753.99875537	319.445162674	253.988898402	539.222271689	79.305902968	16.8549126712	9.02731603881	7.92897368721	94.4268436073	22.1731472603	162.341381279	17.1816255708	0.0	14.9203127854	4.22590656393	2.90763184932	0.373479623288	3.62850144055	34.351222032	5.58156960265	0.490867188127	18.9155928695	3.23033233975	2.36468472902	0.113874583685	3.36978455701	0.0333492959959	79.5479000541	5.67607762557
2165	378.818275114	1753.99875537	319.445162674	253.988898402	539.222271689	79.305902968	16.8549126712	9.02731603881	7.92897368721	94.4268436073	22.1731472603	162.341381279	17.1816255708	0.0	14.9203127854	4.22590656393	2.90763184932	0.373479623288	3.62850144055	34.351222032	5.58156960265	0.490867188127	18.9155928695	3.23033233975	2.36468472902	0.113874583685	3.36978455701	0.0333492959959	79.5479000541	5.67607762557
2166	378.818275114	1753.99875537	319.445162674	253.988898402	539.222271689	79.305902968	16.8549126712	9.02731603881	7.92897368721	94.4268436073	22.1731472603	162.341381279	17.1816255708	0.0	14.9203127854	4.22590656393	2.90763184932	0.373479623288	3.62850144055	34.351222032	5.58156960265	0.490867188127	18.9155928695	3.23033233975	2.36468472902	0.113874583685	3.36978455701	0.0333492959959	79.5479000541	5.67607762557
2167	378.818275114	1753.99875537	319.445162674	253.988898402	539.222271689	79.305902968	16.8549126712	9.02731603881	7.92897368721	94.4268436073	22.1731472603	162.341381279	17.1816255708	0.0	14.9203127854	4.22590656393	2.90763184932	0.373479623288	3.62850144055	34.351222032	5.58156960265	0.490867188127	18.9155928695	3.23033233975	2.36468472902	0.113874583685	3.36978455701	0.0333492959959	79.5479000541	5.67607762557
2168	378.818275114	1753.99875537	319.445162674	253.988898402	539.222271689	79.305902968	16.8549126712	9.02731603881	7.92897368721	94.4268436073	22.1731472603	162.341381279	17.1816255708	0.0	14.9203127854	4.22590656393	2.90763184932	0.373479623288	3.62850144055	34.351222032	5.58156960265	0.490867188127	18.9155928695	3.23033233975	2.36468472902	0.113874583685	3.36978455701	0.0333492959959	79.5479000541	5.67607762557
2169	378.818275114	1753.99875537	319.445162674	253.988898402	539.222271689	79.305902968	16.8549126712	9.02731603881	7.92897368721	94.4268436073	22.1731472603	162.341381279	17.1816255708	0.0	14.9203127854	4.22590656393	2.90763184932	0.373479623288	3.62850144055	34.351222032	5.58156960265	0.490867188127	18.9155928695	3.23033233975	2.36468472902	0.113874583685	3.36978455701	0.0333492959959	79.5479000541	5.67607762557
2170	378.818275114	1753.99875537	319.445162674	253.988898402	539.222271689	79.305902968	16.8549126712	9.02731603881	7.92897368721	94.4268436073	22.1731472603	162.341381279	17.1816255708	0.0	14.9203127854	4.22590656393	2.90763184932	0.373479623288	3.62850144055	34.351222032	5.58156960265	0.490867188127	18.9155928695	3.23033233975	2.36468472902	0.113874583685	3.36978455701	0.0333492959959	79.5479000541	5.67607762557
2171	378.818275114	1753.99875537	319.445162674	253.988898402	539.222271689	79.305902968	16.8549126712	9.02731603881	7.92897368721	94.4268436073	22.1731472603	162.341381279	17.1816255708	0.0	14.9203127854	4.22590656393	2.90763184932	0.373479623288	3.62850144055	34.351222032	5.58156960265	0.490867188127	18.9155928695	3.23033233975	2.36468472902	0.113874583685	3.36978455701	0.0333492959959	79.5479000541	5.67607762557
2172	378.818275114	1753.99875537	319.445162674	253.988898402	539.222271689	79.305902968	16.8549126712	9.02731603881	7.92897368721	94.4268436073	22.1731472603	162.341381279	17.1816255708	0.0	14.9203127854	4.22590656393	2.90763184932	0.373479623288	3.62850144055	34.351222032	5.58156960265	0.490867188127	18.9155928695	3.23033233975	2.36468472902	0.113874583685	3.36978455701	0.0333492959959	79.5479000541	5.67607762557
2173	378.818275114	1753.99875537	319.445162674	253.988898402	539.222271689	79.305902968	16.8549126712	9.02731603881	7.92897368721	94.4268436073	22.1731472603	162.341381279	17.1816255708	0.0	14.9203127854	4.22590656393	2.90763184932	0.373479623288	3.62850144055	34.351222032	5.58156960265	0.490867188127	18.9155928695	3.23033233975	2.36468472902	0.113874583685	3.36978455701	0.0333492959959	79.5479000541	5.67607762557
2174	378.818275114	1753.99875537	319.445162674	253.988898402	539.222271689	79.305902968	16.8549126712	9.02731603881	7.92897368721	94.4268436073	22.1731472603	162.341381279	17.1816255708	0.0	14.9203127854	4.22590656393	2.90763184932	0.373479623288	3.62850144055	34.351222032	5.58156960265	0.490867188127	18.9155928695	3.23033233975	2.36468472902	0.113874583685	3.36978455701	0.0333492959959	79.5479000541	5.67607762557
2175	378.818275114	1753.99875537	319.445162674	253.988898402	539.222271689	79.305902968	16.8549126712	9.02731603881	7.92897368721	94.4268436073	22.1731472603	162.341381279	17.1816255708	0.0	14.9203127854	4.22590656393	2.90763184932	0.373479623288	3.62850144055	34.351222032	5.58156960265	0.490867188127	18.9155928695	3.23033233975	2.36468472902	0.113874583685	3.36978455701	0.0333492959959	79.5479000541	5.67607762557
2176	378.818275114	1753.99875537	319.445162674	253.988898402	539.222271689	79.305902968	16.8549126712	9.02731603881	7.92897368721	94.4268436073	22.1731472603	162.341381279	17.1816255708	0.0	14.9203127854	4.22590656393	2.90763184932	0.373479623288	3.62850144055	34.351222032	5.58156960265	0.490867188127	18.9155928695	3.23033233975	2.36468472902	0.113874583685	3.36978455701	0.0333492959959	79.5479000541	5.67607762557
2177	378.818275114	1753.99875537	319.445162674	253.988898402	539.222271689	79.305902968	16.8549126712	9.02731603881	7.92897368721	94.4268436073	22.1731472603	162.341381279	17.1816255708	0.0	14.9203127854	4.22590656393	2.90763184932	0.373479623288	3.62850144055	34.351222032	5.58156960265	0.490867188127	18.9155928695	3.23033233975	2.36468472902	0.113874583685	3.36978455701	0.0333492959959	79.5479000541	5.67607762557
2178	378.818275114	1753.99875537	319.445162674	253.988898402	539.222271689	79.305902968	16.8549126712	9.02731603881	7.92897368721	94.4268436073	22.1731472603	162.341381279	17.1816255708	0.0	14.9203127854	4.22590656393	2.90763184932	0.373479623288	3.62850144055	34.351222032	5.58156960265	0.490867188127	18.9155928695	3.23033233975	2.36468472902	0.113874583685	3.36978455701	0.0333492959959	79.5479000541	5.67607762557
2179	378.818275114	1753.99875537	319.445162674	253.988898402	539.222271689	79.305902968	16.8549126712	9.02731603881	7.92897368721	94.4268436073	22.1731472603	162.341381279	17.1816255708	0.0	14.9203127854	4.22590656393	2.90763184932	0.373479623288	3.62850144055	34.351222032	5.58156960265	0.490867188127	18.9155928695	3.23033233975	2.36468472902	0.113874583685	3.36978455701	0.0333492959959	79.5479000541	5.67607762557
2180	378.818275114	1753.99875537	319.445162674	253.988898402	539.222271689	79.305902968	16.8549126712	9.02731603881	7.92897368721	94.4268436073	22.1731472603	162.341381279	17.1816255708	0.0	14.9203127854	4.22590656393	2.90763184932	0.373479623288	3.62850144055	34.351222032	5.58156960265	0.490867188127	18.9155928695	3.23033233975	2.36468472902	0.113874583685	3.36978455701	0.0333492959959	79.5479000541	5.67607762557
2181	378.818275114	1753.99875537	319.445162674	253.988898402	539.222271689	79.305902968	16.8549126712	9.02731603881	7.92897368721	94.4268436073	22.1731472603	162.341381279	17.1816255708	0.0	14.9203127854	4.22590656393	2.90763184932	0.373479623288	3.62850144055	34.351222032	5.58156960265	0.490867188127	18.9155928695	3.23033233975	2.36468472902	0.113874583685	3.36978455701	0.0333492959959	79.5479000541	5.67607762557
2182	378.818275114	1753.99875537	319.445162674	253.988898402	539.222271689	79.305902968	16.8549126712	9.02731603881	7.92897368721	94.4268436073	22.1731472603	162.341381279	17.1816255708	0.0	14.9203127854	4.22590656393	2.90763184932	0.373479623288	3.62850144055	34.351222032	5.58156960265	0.490867188127	18.9155928695	3.23033233975	2.36468472902	0.113874583685	3.36978455701	0.0333492959959	79.5479000541	5.67607762557
2183	378.818275114	1753.99875537	319.445162674	253.988898402	539.222271689	79.305902968	16.8549126712	9.02731603881	7.92897368721	94.4268436073	22.1731472603	162.341381279	17.1816255708	0.0	14.9203127854	4.22590656393	2.90763184932	0.373479623288	3.62850144055	34.351222032	5.58156960265	0.490867188127	18.9155928695	3.23033233975	2.36468472902	0.113874583685	3.36978455701	0.0333492959959	79.5479000541	5.67607762557
2184	378.818275114	1753.99875537	319.445162674	253.988898402	539.222271689	79.305902968	16.8549126712	9.02731603881	7.92897368721	94.4268436073	22.1731472603	162.341381279	17.1816255708	0.0	14.9203127854	4.22590656393	2.90763184932	0.373479623288	3.62850144055	34.351222032	5.58156960265	0.490867188127	18.9155928695	3.23033233975	2.36468472902	0.113874583685	3.36978455701	0.0333492959959	79.5479000541	5.67607762557
2185	378.818275114	1753.99875537	319.445162674	253.988898402	539.222271689	79.305902968	16.8549126712	9.02731603881	7.92897368721	94.4268436073	22.1731472603	162.341381279	17.1816255708	0.0	14.9203127854	4.22590656393	2.90763184932	0.373479623288	3.62850144055	34.351222032	5.58156960265	0.490867188127	18.9155928695	3.23033233975	2.36468472902	0.113874583685	3.36978455701	0.0333492959959	79.5479000541	5.67607762557
2186	378.818275114	1753.99875537	319.445162674	253.988898402	539.222271689	79.305902968	16.8549126712	9.02731603881	7.92897368721	94.4268436073	22.1731472603	162.341381279	17.1816255708	0.0	14.9203127854	4.22590656393	2.90763184932	0.373479623288	3.62850144055	34.351222032	5.58156960265	0.490867188127	18.9155928695	3.23033233975	2.36468472902	0.113874583685	3.36978455701	0.0333492959959	79.5479000541	5.67607762557
2187	378.818275114	1753.99875537	319.445162674	253.988898402	539.222271689	79.305902968	16.8549126712	9.02731603881	7.92897368721	94.4268436073	22.1731472603	162.341381279	17.1816255708	0.0	14.9203127854	4.22590656393	2.90763184932	0.373479623288	3.62850144055	34.351222032	5.58156960265	0.490867188127	18.9155928695	3.23033233975	2.36468472902	0.113874583685	3.36978455701	0.0333492959959	79.5479000541	5.67607762557
2188	378.818275114	1753.99875537	319.445162674	253.988898402	539.222271689	79.305902968	16.8549126712	9.02731603881	7.92897368721	94.4268436073	22.1731472603	162.341381279	17.1816255708	0.0	14.9203127854	4.22590656393	2.90763184932	0.373479623288	3.62850144055	34.351222032	5.58156960265	0.490867188127	18.9155928695	3.23033233975	2.36468472902	0.113874583685	3.36978455701	0.0333492959959	79.5479000541	5.67607762557
2189	378.818275114	1753.99875537	319.445162674	253.988898402	539.222271689	79.305902968	16.8549126712	9.02731603881	7.92897368721	94.4268436073	22.1731472603	162.341381279	17.1816255708	0.0	14.9203127854	4.22590656393	2.90763184932	0.373479623288	3.62850144055	34.351222032	5.58156960265	0.490867188127	18.9155928695	3.23033233975	2.36468472902	0.113874583685	3.36978455701	0.0333492959959	79.5479000541	5.67607762557
2190	378.818275114	1753.99875537	319.445162674	253.988898402	539.222271689	79.305902968	16.8549126712	9.02731603881	7.92897368721	94.4268436073	22.1731472603	162.341381279	17.1816255708	0.0	14.9203127854	4.22590656393	2.90763184932	0.373479623288	3.62850144055	34.351222032	5.58156960265	0.490867188127	18.9155928695	3.23033233975	2.36468472902	0.113874583685	3.36978455701	0.0333492959959	79.5479000541	5.67607762557
2191	378.818275114	1753.99875537	319.445162674	253.988898402	539.222271689	79.305902968	16.8549126712	9.02731603881	7.92897368721	94.4268436073	22.1731472603	162.341381279	17.1816255708	0.0	14.9203127854	4.22590656393	2.90763184932	0.373479623288	3.62850144055	34.351222032	5.58156960265	0.490867188127	18.9155928695	3.23033233975	2.36468472902	0.113874583685	3.36978455701	0.0333492959959	79.5479000541	5.67607762557
2192	378.818275114	1753.99875537	319.445162674	253.988898402	539.222271689	79.305902968	16.8549126712	9.02731603881	7.92897368721	94.4268436073	22.1731472603	162.341381279	17.1816255708	0.0	14.9203127854	4.22590656393	2.90763184932	0.373479623288	3.62850144055	34.351222032	5.58156960265	0.490867188127	18.9155928695	3.23033233975	2.36468472902	0.113874583685	3.36978455701	0.0333492959959	79.5479000541	5.67607762557
2193	378.818275114	1753.99875537	319.445162674	253.988898402	539.222271689	79.305902968	16.8549126712	9.02731603881	7.92897368721	94.4268436073	22.1731472603	162.341381279	17.1816255708	0.0	14.9203127854	4.22590656393	2.90763184932	0.373479623288	3.62850144055	34.351222032	5.58156960265	0.490867188127	18.9155928695	3.23033233975	2.36468472902	0.113874583685	3.36978455701	0.0333492959959	79.5479000541	5.67607762557
2194	378.818275114	1753.99875537	319.445162674	253.988898402	539.222271689	79.305902968	16.8549126712	9.02731603881	7.92897368721	94.4268436073	22.1731472603	162.341381279	17.1816255708	0.0	14.9203127854	4.22590656393	2.90763184932	0.373479623288	3.62850144055	34.351222032	5.58156960265	0.490867188127	18.9155928695	3.23033233975	2.36468472902	0.113874583685	3.36978455701	0.0333492959959	79.5479000541	5.67607762557
2195	378.818275114	1753.99875537	319.445162674	253.988898402	539.222271689	79.305902968	16.8549126712	9.02731603881	7.92897368721	94.4268436073	22.1731472603	162.341381279	17.1816255708	0.0	14.9203127854	4.22590656393	2.90763184932	0.373479623288	3.62850144055	34.351222032	5.58156960265	0.490867188127	18.9155928695	3.23033233975	2.36468472902	0.113874583685	3.36978455701	0.0333492959959	79.5479000541	5.67607762557
2196	378.818275114	1753.99875537	319.445162674	253.988898402	539.222271689	79.305902968	16.8549126712	9.02731603881	7.92897368721	94.4268436073	22.1731472603	162.341381279	17.1816255708	0.0	14.9203127854	4.22590656393	2.90763184932	0.373479623288	3.62850144055	34.351222032	5.58156960265	0.490867188127	18.9155928695	3.23033233975	2.36468472902	0.113874583685	3.36978455701	0.0333492959959	79.5479000541	5.67607762557
2197	378.818275114	1753.99875537	319.445162674	253.988898402	539.222271689	79.305902968	16.8549126712	9.02731603881	7.92897368721	94.4268436073	22.1731472603	162.341381279	17.1816255708	0.0	14.9203127854	4.22590656393	2.90763184932	0.373479623288	3.62850144055	34.351222032	5.58156960265	0.490867188127	18.9155928695	3.23033233975	2.36468472902	0.113874583685	3.36978455701	0.0333492959959	79.5479000541	5.67607762557
2198	378.818275114	1753.99875537	319.445162674	253.988898402	539.222271689	79.305902968	16.8549126712	9.02731603881	7.92897368721	94.4268436073	22.1731472603	162.341381279	17.1816255708	0.0	14.9203127854	4.22590656393	2.90763184932	0.373479623288	3.62850144055	34.351222032	5.58156960265	0.490867188127	18.9155928695	3.23033233975	2.36468472902	0.113874583685	3.36978455701	0.0333492959959	79.5479000541	5.67607762557
2199	378.818275114	1753.99875537	319.445162674	253.988898402	539.222271689	79.305902968	16.8549126712	9.02731603881	7.92897368721	94.4268436073	22.1731472603	162.341381279	17.1816255708	0.0	14.9203127854	4.22590656393	2.90763184932	0.373479623288	3.62850144055	34.351222032	5.58156960265	0.490867188127	18.9155928695	3.23033233975	2.36468472902	0.113874583685	3.36978455701	0.0333492959959	79.5479000541	5.67607762557
2200	378.818275114	1753.99875537	319.445162674	253.988898402	539.222271689	79.305902968	16.8549126712	9.02731603881	7.92897368721	94.4268436073	22.1731472603	162.341381279	17.1816255708	0.0	14.9203127854	4.22590656393	2.90763184932	0.373479623288	3.62850144055	34.351222032	5.58156960265	0.490867188127	18.9155928695	3.23033233975	2.36468472902	0.113874583685	3.36978455701	0.0333492959959	79.5479000541	5.67607762557
2201	378.818275114	1753.99875537	319.445162674	253.988898402	539.222271689	79.305902968	16.8549126712	9.02731603881	7.92897368721	94.4268436073	22.1731472603	162.341381279	17.1816255708	0.0	14.9203127854	4.22590656393	2.90763184932	0.373479623288	3.62850144055	34.351222032	5.58156960265	0.490867188127	18.9155928695	3.23033233975	2.36468472902	0.113874583685	3.36978455701	0.0333492959959	79.5479000541	5.67607762557
2202	378.818275114	1753.99875537	319.445162674	253.988898402	539.222271689	79.305902968	16.8549126712	9.02731603881	7.92897368721	94.4268436073	22.1731472603	162.341381279	17.1816255708	0.0	14.9203127854	4.22590656393	2.90763184932	0.373479623288	3.62850144055	34.351222032	5.58156960265	0.490867188127	18.9155928695	3.23033233975	2.36468472902	0.113874583685	3.36978455701	0.0333492959959	79.5479000541	5.67607762557
2203	378.818275114	1753.99875537	319.445162674	253.988898402	539.222271689	79.305902968	16.8549126712	9.02731603881	7.92897368721	94.4268436073	22.1731472603	162.341381279	17.1816255708	0.0	14.9203127854	4.22590656393	2.90763184932	0.373479623288	3.62850144055	34.351222032	5.58156960265	0.490867188127	18.9155928695	3.23033233975	2.36468472902	0.113874583685	3.36978455701	0.0333492959959	79.5479000541	5.67607762557
2204	378.818275114	1753.99875537	319.445162674	253.988898402	539.222271689	79.305902968	16.8549126712	9.02731603881	7.92897368721	94.4268436073	22.1731472603	162.341381279	17.1816255708	0.0	14.9203127854	4.22590656393	2.90763184932	0.373479623288	3.62850144055	34.351222032	5.58156960265	0.490867188127	18.9155928695	3.23033233975	2.36468472902	0.113874583685	3.36978455701	0.0333492959959	79.5479000541	5.67607762557
2205	378.818275114	1753.99875537	319.445162674	253.988898402	539.222271689	79.305902968	16.8549126712	9.02731603881	7.92897368721	94.4268436073	22.1731472603	162.341381279	17.1816255708	0.0	14.9203127854	4.22590656393	2.90763184932	0.373479623288	3.62850144055	34.351222032	5.58156960265	0.490867188127	18.9155928695	3.23033233975	2.36468472902	0.113874583685	3.36978455701	0.0333492959959	79.5479000541	5.67607762557
2206	378.818275114	1753.99875537	319.445162674	253.988898402	539.222271689	79.305902968	16.8549126712	9.02731603881	7.92897368721	94.4268436073	22.1731472603	162.341381279	17.1816255708	0.0	14.9203127854	4.22590656393	2.90763184932	0.373479623288	3.62850144055	34.351222032	5.58156960265	0.490867188127	18.9155928695	3.23033233975	2.36468472902	0.113874583685	3.36978455701	0.0333492959959	79.5479000541	5.67607762557
2207	378.818275114	1753.99875537	319.445162674	253.988898402	539.222271689	79.305902968	16.8549126712	9.02731603881	7.92897368721	94.4268436073	22.1731472603	162.341381279	17.1816255708	0.0	14.9203127854	4.22590656393	2.90763184932	0.373479623288	3.62850144055	34.351222032	5.58156960265	0.490867188127	18.9155928695	3.23033233975	2.36468472902	0.113874583685	3.36978455701	0.0333492959959	79.5479000541	5.67607762557
2208	378.818275114	1753.99875537	319.445162674	253.988898402	539.222271689	79.305902968	16.8549126712	9.02731603881	7.92897368721	94.4268436073	22.1731472603	162.341381279	17.1816255708	0.0	14.9203127854	4.22590656393	2.90763184932	0.373479623288	3.62850144055	34.351222032	5.58156960265	0.490867188127	18.9155928695	3.23033233975	2.36468472902	0.113874583685	3.36978455701	0.0333492959959	79.5479000541	5.67607762557
2209	378.818275114	1753.99875537	319.445162674	253.988898402	539.222271689	79.305902968	16.8549126712	9.02731603881	7.92897368721	94.4268436073	22.1731472603	162.341381279	17.1816255708	0.0	14.9203127854	4.22590656393	2.90763184932	0.373479623288	3.62850144055	34.351222032	5.58156960265	0.490867188127	18.9155928695	3.23033233975	2.36468472902	0.113874583685	3.36978455701	0.0333492959959	79.5479000541	5.67607762557
2210	378.818275114	1753.99875537	319.445162674	253.988898402	539.222271689	79.305902968	16.8549126712	9.02731603881	7.92897368721	94.4268436073	22.1731472603	162.341381279	17.1816255708	0.0	14.9203127854	4.22590656393	2.90763184932	0.373479623288	3.62850144055	34.351222032	5.58156960265	0.490867188127	18.9155928695	3.23033233975	2.36468472902	0.113874583685	3.36978455701	0.0333492959959	79.5479000541	5.67607762557
2211	378.818275114	1753.99875537	319.445162674	253.988898402	539.222271689	79.305902968	16.8549126712	9.02731603881	7.92897368721	94.4268436073	22.1731472603	162.341381279	17.1816255708	0.0	14.9203127854	4.22590656393	2.90763184932	0.373479623288	3.62850144055	34.351222032	5.58156960265	0.490867188127	18.9155928695	3.23033233975	2.36468472902	0.113874583685	3.36978455701	0.0333492959959	79.5479000541	5.67607762557
2212	378.818275114	1753.99875537	319.445162674	253.988898402	539.222271689	79.305902968	16.8549126712	9.02731603881	7.92897368721	94.4268436073	22.1731472603	162.341381279	17.1816255708	0.0	14.9203127854	4.22590656393	2.90763184932	0.373479623288	3.62850144055	34.351222032	5.58156960265	0.490867188127	18.9155928695	3.23033233975	2.36468472902	0.113874583685	3.36978455701	0.0333492959959	79.5479000541	5.67607762557
2213	378.818275114	1753.99875537	319.445162674	253.988898402	539.222271689	79.305902968	16.8549126712	9.02731603881	7.92897368721	94.4268436073	22.1731472603	162.341381279	17.1816255708	0.0	14.9203127854	4.22590656393	2.90763184932	0.373479623288	3.62850144055	34.351222032	5.58156960265	0.490867188127	18.9155928695	3.23033233975	2.36468472902	0.113874583685	3.36978455701	0.0333492959959	79.5479000541	5.67607762557
2214	378.818275114	1753.99875537	319.445162674	253.988898402	539.222271689	79.305902968	16.8549126712	9.02731603881	7.92897368721	94.4268436073	22.1731472603	162.341381279	17.1816255708	0.0	14.9203127854	4.22590656393	2.90763184932	0.373479623288	3.62850144055	34.351222032	5.58156960265	0.490867188127	18.9155928695	3.23033233975	2.36468472902	0.113874583685	3.36978455701	0.0333492959959	79.5479000541	5.67607762557
2215	378.818275114	1753.99875537	319.445162674	253.988898402	539.222271689	79.305902968	16.8549126712	9.02731603881	7.92897368721	94.4268436073	22.1731472603	162.341381279	17.1816255708	0.0	14.9203127854	4.22590656393	2.90763184932	0.373479623288	3.62850144055	34.351222032	5.58156960265	0.490867188127	18.9155928695	3.23033233975	2.36468472902	0.113874583685	3.36978455701	0.0333492959959	79.5479000541	5.67607762557
2216	378.818275114	1753.99875537	319.445162674	253.988898402	539.222271689	79.305902968	16.8549126712	9.02731603881	7.92897368721	94.4268436073	22.1731472603	162.341381279	17.1816255708	0.0	14.9203127854	4.22590656393	2.90763184932	0.373479623288	3.62850144055	34.351222032	5.58156960265	0.490867188127	18.9155928695	3.23033233975	2.36468472902	0.113874583685	3.36978455701	0.0333492959959	79.5479000541	5.67607762557
2217	378.818275114	1753.99875537	319.445162674	253.988898402	539.222271689	79.305902968	16.8549126712	9.02731603881	7.92897368721	94.4268436073	22.1731472603	162.341381279	17.1816255708	0.0	14.9203127854	4.22590656393	2.90763184932	0.373479623288	3.62850144055	34.351222032	5.58156960265	0.490867188127	18.9155928695	3.23033233975	2.36468472902	0.113874583685	3.36978455701	0.0333492959959	79.5479000541	5.67607762557
2218	378.818275114	1753.99875537	319.445162674	253.988898402	539.222271689	79.305902968	16.8549126712	9.02731603881	7.92897368721	94.4268436073	22.1731472603	162.341381279	17.1816255708	0.0	14.9203127854	4.22590656393	2.90763184932	0.373479623288	3.62850144055	34.351222032	5.58156960265	0.490867188127	18.9155928695	3.23033233975	2.36468472902	0.113874583685	3.36978455701	0.0333492959959	79.5479000541	5.67607762557
2219	378.818275114	1753.99875537	319.445162674	253.988898402	539.222271689	79.305902968	16.8549126712	9.02731603881	7.92897368721	94.4268436073	22.1731472603	162.341381279	17.1816255708	0.0	14.9203127854	4.22590656393	2.90763184932	0.373479623288	3.62850144055	34.351222032	5.58156960265	0.490867188127	18.9155928695	3.23033233975	2.36468472902	0.113874583685	3.36978455701	0.0333492959959	79.5479000541	5.67607762557
2220	378.818275114	1753.99875537	319.445162674	253.988898402	539.222271689	79.305902968	16.8549126712	9.02731603881	7.92897368721	94.4268436073	22.1731472603	162.341381279	17.1816255708	0.0	14.9203127854	4.22590656393	2.90763184932	0.373479623288	3.62850144055	34.351222032	5.58156960265	0.490867188127	18.9155928695	3.23033233975	2.36468472902	0.113874583685	3.36978455701	0.0333492959959	79.5479000541	5.67607762557
2221	378.818275114	1753.99875537	319.445162674	253.988898402	539.222271689	79.305902968	16.8549126712	9.02731603881	7.92897368721	94.4268436073	22.1731472603	162.341381279	17.1816255708	0.0	14.9203127854	4.22590656393	2.90763184932	0.373479623288	3.62850144055	34.351222032	5.58156960265	0.490867188127	18.9155928695	3.23033233975	2.36468472902	0.113874583685	3.36978455701	0.0333492959959	79.5479000541	5.67607762557
2222	378.818275114	1753.99875537	319.445162674	253.988898402	539.222271689	79.305902968	16.8549126712	9.02731603881	7.92897368721	94.4268436073	22.1731472603	162.341381279	17.1816255708	0.0	14.9203127854	4.22590656393	2.90763184932	0.373479623288	3.62850144055	34.351222032	5.58156960265	0.490867188127	18.9155928695	3.23033233975	2.36468472902	0.113874583685	3.36978455701	0.0333492959959	79.5479000541	5.67607762557
2223	378.818275114	1753.99875537	319.445162674	253.988898402	539.222271689	79.305902968	16.8549126712	9.02731603881	7.92897368721	94.4268436073	22.1731472603	162.341381279	17.1816255708	0.0	14.9203127854	4.22590656393	2.90763184932	0.373479623288	3.62850144055	34.351222032	5.58156960265	0.490867188127	18.9155928695	3.23033233975	2.36468472902	0.113874583685	3.36978455701	0.0333492959959	79.5479000541	5.67607762557
2224	378.818275114	1753.99875537	319.445162674	253.988898402	539.222271689	79.305902968	16.8549126712	9.02731603881	7.92897368721	94.4268436073	22.1731472603	162.341381279	17.1816255708	0.0	14.9203127854	4.22590656393	2.90763184932	0.373479623288	3.62850144055	34.351222032	5.58156960265	0.490867188127	18.9155928695	3.23033233975	2.36468472902	0.113874583685	3.36978455701	0.0333492959959	79.5479000541	5.67607762557
2225	378.818275114	1753.99875537	319.445162674	253.988898402	539.222271689	79.305902968	16.8549126712	9.02731603881	7.92897368721	94.4268436073	22.1731472603	162.341381279	17.1816255708	0.0	14.9203127854	4.22590656393	2.90763184932	0.373479623288	3.62850144055	34.351222032	5.58156960265	0.490867188127	18.9155928695	3.23033233975	2.36468472902	0.113874583685	3.36978455701	0.0333492959959	79.5479000541	5.67607762557
2226	378.818275114	1753.99875537	319.445162674	253.988898402	539.222271689	79.305902968	16.8549126712	9.02731603881	7.92897368721	94.4268436073	22.1731472603	162.341381279	17.1816255708	0.0	14.9203127854	4.22590656393	2.90763184932	0.373479623288	3.62850144055	34.351222032	5.58156960265	0.490867188127	18.9155928695	3.23033233975	2.36468472902	0.113874583685	3.36978455701	0.0333492959959	79.5479000541	5.67607762557
2227	378.818275114	1753.99875537	319.445162674	253.988898402	539.222271689	79.305902968	16.8549126712	9.02731603881	7.92897368721	94.4268436073	22.1731472603	162.341381279	17.1816255708	0.0	14.9203127854	4.22590656393	2.90763184932	0.373479623288	3.62850144055	34.351222032	5.58156960265	0.490867188127	18.9155928695	3.23033233975	2.36468472902	0.113874583685	3.36978455701	0.0333492959959	79.5479000541	5.67607762557
2228	378.818275114	1753.99875537	319.445162674	253.988898402	539.222271689	79.305902968	16.8549126712	9.02731603881	7.92897368721	94.4268436073	22.1731472603	162.341381279	17.1816255708	0.0	14.9203127854	4.22590656393	2.90763184932	0.373479623288	3.62850144055	34.351222032	5.58156960265	0.490867188127	18.9155928695	3.23033233975	2.36468472902	0.113874583685	3.36978455701	0.0333492959959	79.5479000541	5.67607762557
2229	378.818275114	1753.99875537	319.445162674	253.988898402	539.222271689	79.305902968	16.8549126712	9.02731603881	7.92897368721	94.4268436073	22.1731472603	162.341381279	17.1816255708	0.0	14.9203127854	4.22590656393	2.90763184932	0.373479623288	3.62850144055	34.351222032	5.58156960265	0.490867188127	18.9155928695	3.23033233975	2.36468472902	0.113874583685	3.36978455701	0.0333492959959	79.5479000541	5.67607762557
2230	378.818275114	1753.99875537	319.445162674	253.988898402	539.222271689	79.305902968	16.8549126712	9.02731603881	7.92897368721	94.4268436073	22.1731472603	162.341381279	17.1816255708	0.0	14.9203127854	4.22590656393	2.90763184932	0.373479623288	3.62850144055	34.351222032	5.58156960265	0.490867188127	18.9155928695	3.23033233975	2.36468472902	0.113874583685	3.36978455701	0.0333492959959	79.5479000541	5.67607762557
2231	378.818275114	1753.99875537	319.445162674	253.988898402	539.222271689	79.305902968	16.8549126712	9.02731603881	7.92897368721	94.4268436073	22.1731472603	162.341381279	17.1816255708	0.0	14.9203127854	4.22590656393	2.90763184932	0.373479623288	3.62850144055	34.351222032	5.58156960265	0.490867188127	18.9155928695	3.23033233975	2.36468472902	0.113874583685	3.36978455701	0.0333492959959	79.5479000541	5.67607762557
2232	378.818275114	1753.99875537	319.445162674	253.988898402	539.222271689	79.305902968	16.8549126712	9.02731603881	7.92897368721	94.4268436073	22.1731472603	162.341381279	17.1816255708	0.0	14.9203127854	4.22590656393	2.90763184932	0.373479623288	3.62850144055	34.351222032	5.58156960265	0.490867188127	18.9155928695	3.23033233975	2.36468472902	0.113874583685	3.36978455701	0.0333492959959	79.5479000541	5.67607762557
2233	378.818275114	1753.99875537	319.445162674	253.988898402	539.222271689	79.305902968	16.8549126712	9.02731603881	7.92897368721	94.4268436073	22.1731472603	162.341381279	17.1816255708	0.0	14.9203127854	4.22590656393	2.90763184932	0.373479623288	3.62850144055	34.351222032	5.58156960265	0.490867188127	18.9155928695	3.23033233975	2.36468472902	0.113874583685	3.36978455701	0.0333492959959	79.5479000541	5.67607762557
2234	378.818275114	1753.99875537	319.445162674	253.988898402	539.222271689	79.305902968	16.8549126712	9.02731603881	7.92897368721	94.4268436073	22.1731472603	162.341381279	17.1816255708	0.0	14.9203127854	4.22590656393	2.90763184932	0.373479623288	3.62850144055	34.351222032	5.58156960265	0.490867188127	18.9155928695	3.23033233975	2.36468472902	0.113874583685	3.36978455701	0.0333492959959	79.5479000541	5.67607762557
2235	378.818275114	1753.99875537	319.445162674	253.988898402	539.222271689	79.305902968	16.8549126712	9.02731603881	7.92897368721	94.4268436073	22.1731472603	162.341381279	17.1816255708	0.0	14.9203127854	4.22590656393	2.90763184932	0.373479623288	3.62850144055	34.351222032	5.58156960265	0.490867188127	18.9155928695	3.23033233975	2.36468472902	0.113874583685	3.36978455701	0.0333492959959	79.5479000541	5.67607762557
2236	378.818275114	1753.99875537	319.445162674	253.988898402	539.222271689	79.305902968	16.8549126712	9.02731603881	7.92897368721	94.4268436073	22.1731472603	162.341381279	17.1816255708	0.0	14.9203127854	4.22590656393	2.90763184932	0.373479623288	3.62850144055	34.351222032	5.58156960265	0.490867188127	18.9155928695	3.23033233975	2.36468472902	0.113874583685	3.36978455701	0.0333492959959	79.5479000541	5.67607762557
2237	378.818275114	1753.99875537	319.445162674	253.988898402	539.222271689	79.305902968	16.8549126712	9.02731603881	7.92897368721	94.4268436073	22.1731472603	162.341381279	17.1816255708	0.0	14.9203127854	4.22590656393	2.90763184932	0.373479623288	3.62850144055	34.351222032	5.58156960265	0.490867188127	18.9155928695	3.23033233975	2.36468472902	0.113874583685	3.36978455701	0.0333492959959	79.5479000541	5.67607762557
2238	378.818275114	1753.99875537	319.445162674	253.988898402	539.222271689	79.305902968	16.8549126712	9.02731603881	7.92897368721	94.4268436073	22.1731472603	162.341381279	17.1816255708	0.0	14.9203127854	4.22590656393	2.90763184932	0.373479623288	3.62850144055	34.351222032	5.58156960265	0.490867188127	18.9155928695	3.23033233975	2.36468472902	0.113874583685	3.36978455701	0.0333492959959	79.5479000541	5.67607762557
2239	378.818275114	1753.99875537	319.445162674	253.988898402	539.222271689	79.305902968	16.8549126712	9.02731603881	7.92897368721	94.4268436073	22.1731472603	162.341381279	17.1816255708	0.0	14.9203127854	4.22590656393	2.90763184932	0.373479623288	3.62850144055	34.351222032	5.58156960265	0.490867188127	18.9155928695	3.23033233975	2.36468472902	0.113874583685	3.36978455701	0.0333492959959	79.5479000541	5.67607762557
2240	378.818275114	1753.99875537	319.445162674	253.988898402	539.222271689	79.305902968	16.8549126712	9.02731603881	7.92897368721	94.4268436073	22.1731472603	162.341381279	17.1816255708	0.0	14.9203127854	4.22590656393	2.90763184932	0.373479623288	3.62850144055	34.351222032	5.58156960265	0.490867188127	18.9155928695	3.23033233975	2.36468472902	0.113874583685	3.36978455701	0.0333492959959	79.5479000541	5.67607762557
2241	378.818275114	1753.99875537	319.445162674	253.988898402	539.222271689	79.305902968	16.8549126712	9.02731603881	7.92897368721	94.4268436073	22.1731472603	162.341381279	17.1816255708	0.0	14.9203127854	4.22590656393	2.90763184932	0.373479623288	3.62850144055	34.351222032	5.58156960265	0.490867188127	18.9155928695	3.23033233975	2.36468472902	0.113874583685	3.36978455701	0.0333492959959	79.5479000541	5.67607762557
2242	378.818275114	1753.99875537	319.445162674	253.988898402	539.222271689	79.305902968	16.8549126712	9.02731603881	7.92897368721	94.4268436073	22.1731472603	162.341381279	17.1816255708	0.0	14.9203127854	4.22590656393	2.90763184932	0.373479623288	3.62850144055	34.351222032	5.58156960265	0.490867188127	18.9155928695	3.23033233975	2.36468472902	0.113874583685	3.36978455701	0.0333492959959	79.5479000541	5.67607762557
2243	378.818275114	1753.99875537	319.445162674	253.988898402	539.222271689	79.305902968	16.8549126712	9.02731603881	7.92897368721	94.4268436073	22.1731472603	162.341381279	17.1816255708	0.0	14.9203127854	4.22590656393	2.90763184932	0.373479623288	3.62850144055	34.351222032	5.58156960265	0.490867188127	18.9155928695	3.23033233975	2.36468472902	0.113874583685	3.36978455701	0.0333492959959	79.5479000541	5.67607762557
2244	378.818275114	1753.99875537	319.445162674	253.988898402	539.222271689	79.305902968	16.8549126712	9.02731603881	7.92897368721	94.4268436073	22.1731472603	162.341381279	17.1816255708	0.0	14.9203127854	4.22590656393	2.90763184932	0.373479623288	3.62850144055	34.351222032	5.58156960265	0.490867188127	18.9155928695	3.23033233975	2.36468472902	0.113874583685	3.36978455701	0.0333492959959	79.5479000541	5.67607762557
2245	378.818275114	1753.99875537	319.445162674	253.988898402	539.222271689	79.305902968	16.8549126712	9.02731603881	7.92897368721	94.4268436073	22.1731472603	162.341381279	17.1816255708	0.0	14.9203127854	4.22590656393	2.90763184932	0.373479623288	3.62850144055	34.351222032	5.58156960265	0.490867188127	18.9155928695	3.23033233975	2.36468472902	0.113874583685	3.36978455701	0.0333492959959	79.5479000541	5.67607762557
2246	378.818275114	1753.99875537	319.445162674	253.988898402	539.222271689	79.305902968	16.8549126712	9.02731603881	7.92897368721	94.4268436073	22.1731472603	162.341381279	17.1816255708	0.0	14.9203127854	4.22590656393	2.90763184932	0.373479623288	3.62850144055	34.351222032	5.58156960265	0.490867188127	18.9155928695	3.23033233975	2.36468472902	0.113874583685	3.36978455701	0.0333492959959	79.5479000541	5.67607762557
2247	378.818275114	1753.99875537	319.445162674	253.988898402	539.222271689	79.305902968	16.8549126712	9.02731603881	7.92897368721	94.4268436073	22.1731472603	162.341381279	17.1816255708	0.0	14.9203127854	4.22590656393	2.90763184932	0.373479623288	3.62850144055	34.351222032	5.58156960265	0.490867188127	18.9155928695	3.23033233975	2.36468472902	0.113874583685	3.36978455701	0.0333492959959	79.5479000541	5.67607762557
2248	378.818275114	1753.99875537	319.445162674	253.988898402	539.222271689	79.305902968	16.8549126712	9.02731603881	7.92897368721	94.4268436073	22.1731472603	162.341381279	17.1816255708	0.0	14.9203127854	4.22590656393	2.90763184932	0.373479623288	3.62850144055	34.351222032	5.58156960265	0.490867188127	18.9155928695	3.23033233975	2.36468472902	0.113874583685	3.36978455701	0.0333492959959	79.5479000541	5.67607762557
2249	378.818275114	1753.99875537	319.445162674	253.988898402	539.222271689	79.305902968	16.8549126712	9.02731603881	7.92897368721	94.4268436073	22.1731472603	162.341381279	17.1816255708	0.0	14.9203127854	4.22590656393	2.90763184932	0.373479623288	3.62850144055	34.351222032	5.58156960265	0.490867188127	18.9155928695	3.23033233975	2.36468472902	0.113874583685	3.36978455701	0.0333492959959	79.5479000541	5.67607762557
2250	378.818275114	1753.99875537	319.445162674	253.988898402	539.222271689	79.305902968	16.8549126712	9.02731603881	7.92897368721	94.4268436073	22.1731472603	162.341381279	17.1816255708	0.0	14.9203127854	4.22590656393	2.90763184932	0.373479623288	3.62850144055	34.351222032	5.58156960265	0.490867188127	18.9155928695	3.23033233975	2.36468472902	0.113874583685	3.36978455701	0.0333492959959	79.5479000541	5.67607762557
2251	378.818275114	1753.99875537	319.445162674	253.988898402	539.222271689	79.305902968	16.8549126712	9.02731603881	7.92897368721	94.4268436073	22.1731472603	162.341381279	17.1816255708	0.0	14.9203127854	4.22590656393	2.90763184932	0.373479623288	3.62850144055	34.351222032	5.58156960265	0.490867188127	18.9155928695	3.23033233975	2.36468472902	0.113874583685	3.36978455701	0.0333492959959	79.5479000541	5.67607762557
2252	378.818275114	1753.99875537	319.445162674	253.988898402	539.222271689	79.305902968	16.8549126712	9.02731603881	7.92897368721	94.4268436073	22.1731472603	162.341381279	17.1816255708	0.0	14.9203127854	4.22590656393	2.90763184932	0.373479623288	3.62850144055	34.351222032	5.58156960265	0.490867188127	18.9155928695	3.23033233975	2.36468472902	0.113874583685	3.36978455701	0.0333492959959	79.5479000541	5.67607762557
2253	378.818275114	1753.99875537	319.445162674	253.988898402	539.222271689	79.305902968	16.8549126712	9.02731603881	7.92897368721	94.4268436073	22.1731472603	162.341381279	17.1816255708	0.0	14.9203127854	4.22590656393	2.90763184932	0.373479623288	3.62850144055	34.351222032	5.58156960265	0.490867188127	18.9155928695	3.23033233975	2.36468472902	0.113874583685	3.36978455701	0.0333492959959	79.5479000541	5.67607762557
2254	378.818275114	1753.99875537	319.445162674	253.988898402	539.222271689	79.305902968	16.8549126712	9.02731603881	7.92897368721	94.4268436073	22.1731472603	162.341381279	17.1816255708	0.0	14.9203127854	4.22590656393	2.90763184932	0.373479623288	3.62850144055	34.351222032	5.58156960265	0.490867188127	18.9155928695	3.23033233975	2.36468472902	0.113874583685	3.36978455701	0.0333492959959	79.5479000541	5.67607762557
2255	378.818275114	1753.99875537	319.445162674	253.988898402	539.222271689	79.305902968	16.8549126712	9.02731603881	7.92897368721	94.4268436073	22.1731472603	162.341381279	17.1816255708	0.0	14.9203127854	4.22590656393	2.90763184932	0.373479623288	3.62850144055	34.351222032	5.58156960265	0.490867188127	18.9155928695	3.23033233975	2.36468472902	0.113874583685	3.36978455701	0.0333492959959	79.5479000541	5.67607762557
2256	378.818275114	1753.99875537	319.445162674	253.988898402	539.222271689	79.305902968	16.8549126712	9.02731603881	7.92897368721	94.4268436073	22.1731472603	162.341381279	17.1816255708	0.0	14.9203127854	4.22590656393	2.90763184932	0.373479623288	3.62850144055	34.351222032	5.58156960265	0.490867188127	18.9155928695	3.23033233975	2.36468472902	0.113874583685	3.36978455701	0.0333492959959	79.5479000541	5.67607762557
2257	378.818275114	1753.99875537	319.445162674	253.988898402	539.222271689	79.305902968	16.8549126712	9.02731603881	7.92897368721	94.4268436073	22.1731472603	162.341381279	17.1816255708	0.0	14.9203127854	4.22590656393	2.90763184932	0.373479623288	3.62850144055	34.351222032	5.58156960265	0.490867188127	18.9155928695	3.23033233975	2.36468472902	0.113874583685	3.36978455701	0.0333492959959	79.5479000541	5.67607762557
2258	378.818275114	1753.99875537	319.445162674	253.988898402	539.222271689	79.305902968	16.8549126712	9.02731603881	7.92897368721	94.4268436073	22.1731472603	162.341381279	17.1816255708	0.0	14.9203127854	4.22590656393	2.90763184932	0.373479623288	3.62850144055	34.351222032	5.58156960265	0.490867188127	18.9155928695	3.23033233975	2.36468472902	0.113874583685	3.36978455701	0.0333492959959	79.5479000541	5.67607762557
2259	378.818275114	1753.99875537	319.445162674	253.988898402	539.222271689	79.305902968	16.8549126712	9.02731603881	7.92897368721	94.4268436073	22.1731472603	162.341381279	17.1816255708	0.0	14.9203127854	4.22590656393	2.90763184932	0.373479623288	3.62850144055	34.351222032	5.58156960265	0.490867188127	18.9155928695	3.23033233975	2.36468472902	0.113874583685	3.36978455701	0.0333492959959	79.5479000541	5.67607762557
2260	378.818275114	1753.99875537	319.445162674	253.988898402	539.222271689	79.305902968	16.8549126712	9.02731603881	7.92897368721	94.4268436073	22.1731472603	162.341381279	17.1816255708	0.0	14.9203127854	4.22590656393	2.90763184932	0.373479623288	3.62850144055	34.351222032	5.58156960265	0.490867188127	18.9155928695	3.23033233975	2.36468472902	0.113874583685	3.36978455701	0.0333492959959	79.5479000541	5.67607762557
2261	378.818275114	1753.99875537	319.445162674	253.988898402	539.222271689	79.305902968	16.8549126712	9.02731603881	7.92897368721	94.4268436073	22.1731472603	162.341381279	17.1816255708	0.0	14.9203127854	4.22590656393	2.90763184932	0.373479623288	3.62850144055	34.351222032	5.58156960265	0.490867188127	18.9155928695	3.23033233975	2.36468472902	0.113874583685	3.36978455701	0.0333492959959	79.5479000541	5.67607762557
2262	378.818275114	1753.99875537	319.445162674	253.988898402	539.222271689	79.305902968	16.8549126712	9.02731603881	7.92897368721	94.4268436073	22.1731472603	162.341381279	17.1816255708	0.0	14.9203127854	4.22590656393	2.90763184932	0.373479623288	3.62850144055	34.351222032	5.58156960265	0.490867188127	18.9155928695	3.23033233975	2.36468472902	0.113874583685	3.36978455701	0.0333492959959	79.5479000541	5.67607762557
2263	378.818275114	1753.99875537	319.445162674	253.988898402	539.222271689	79.305902968	16.8549126712	9.02731603881	7.92897368721	94.4268436073	22.1731472603	162.341381279	17.1816255708	0.0	14.9203127854	4.22590656393	2.90763184932	0.373479623288	3.62850144055	34.351222032	5.58156960265	0.490867188127	18.9155928695	3.23033233975	2.36468472902	0.113874583685	3.36978455701	0.0333492959959	79.5479000541	5.67607762557
2264	378.818275114	1753.99875537	319.445162674	253.988898402	539.222271689	79.305902968	16.8549126712	9.02731603881	7.92897368721	94.4268436073	22.1731472603	162.341381279	17.1816255708	0.0	14.9203127854	4.22590656393	2.90763184932	0.373479623288	3.62850144055	34.351222032	5.58156960265	0.490867188127	18.9155928695	3.23033233975	2.36468472902	0.113874583685	3.36978455701	0.0333492959959	79.5479000541	5.67607762557
2265	378.818275114	1753.99875537	319.445162674	253.988898402	539.222271689	79.305902968	16.8549126712	9.02731603881	7.92897368721	94.4268436073	22.1731472603	162.341381279	17.1816255708	0.0	14.9203127854	4.22590656393	2.90763184932	0.373479623288	3.62850144055	34.351222032	5.58156960265	0.490867188127	18.9155928695	3.23033233975	2.36468472902	0.113874583685	3.36978455701	0.0333492959959	79.5479000541	5.67607762557
2266	378.818275114	1753.99875537	319.445162674	253.988898402	539.222271689	79.305902968	16.8549126712	9.02731603881	7.92897368721	94.4268436073	22.1731472603	162.341381279	17.1816255708	0.0	14.9203127854	4.22590656393	2.90763184932	0.373479623288	3.62850144055	34.351222032	5.58156960265	0.490867188127	18.9155928695	3.23033233975	2.36468472902	0.113874583685	3.36978455701	0.0333492959959	79.5479000541	5.67607762557
2267	378.818275114	1753.99875537	319.445162674	253.988898402	539.222271689	79.305902968	16.8549126712	9.02731603881	7.92897368721	94.4268436073	22.1731472603	162.341381279	17.1816255708	0.0	14.9203127854	4.22590656393	2.90763184932	0.373479623288	3.62850144055	34.351222032	5.58156960265	0.490867188127	18.9155928695	3.23033233975	2.36468472902	0.113874583685	3.36978455701	0.0333492959959	79.5479000541	5.67607762557
2268	378.818275114	1753.99875537	319.445162674	253.988898402	539.222271689	79.305902968	16.8549126712	9.02731603881	7.92897368721	94.4268436073	22.1731472603	162.341381279	17.1816255708	0.0	14.9203127854	4.22590656393	2.90763184932	0.373479623288	3.62850144055	34.351222032	5.58156960265	0.490867188127	18.9155928695	3.23033233975	2.36468472902	0.113874583685	3.36978455701	0.0333492959959	79.5479000541	5.67607762557
2269	378.818275114	1753.99875537	319.445162674	253.988898402	539.222271689	79.305902968	16.8549126712	9.02731603881	7.92897368721	94.4268436073	22.1731472603	162.341381279	17.1816255708	0.0	14.9203127854	4.22590656393	2.90763184932	0.373479623288	3.62850144055	34.351222032	5.58156960265	0.490867188127	18.9155928695	3.23033233975	2.36468472902	0.113874583685	3.36978455701	0.0333492959959	79.5479000541	5.67607762557
2270	378.818275114	1753.99875537	319.445162674	253.988898402	539.222271689	79.305902968	16.8549126712	9.02731603881	7.92897368721	94.4268436073	22.1731472603	162.341381279	17.1816255708	0.0	14.9203127854	4.22590656393	2.90763184932	0.373479623288	3.62850144055	34.351222032	5.58156960265	0.490867188127	18.9155928695	3.23033233975	2.36468472902	0.113874583685	3.36978455701	0.0333492959959	79.5479000541	5.67607762557
2271	378.818275114	1753.99875537	319.445162674	253.988898402	539.222271689	79.305902968	16.8549126712	9.02731603881	7.92897368721	94.4268436073	22.1731472603	162.341381279	17.1816255708	0.0	14.9203127854	4.22590656393	2.90763184932	0.373479623288	3.62850144055	34.351222032	5.58156960265	0.490867188127	18.9155928695	3.23033233975	2.36468472902	0.113874583685	3.36978455701	0.0333492959959	79.5479000541	5.67607762557
2272	378.818275114	1753.99875537	319.445162674	253.988898402	539.222271689	79.305902968	16.8549126712	9.02731603881	7.92897368721	94.4268436073	22.1731472603	162.341381279	17.1816255708	0.0	14.9203127854	4.22590656393	2.90763184932	0.373479623288	3.62850144055	34.351222032	5.58156960265	0.490867188127	18.9155928695	3.23033233975	2.36468472902	0.113874583685	3.36978455701	0.0333492959959	79.5479000541	5.67607762557
2273	378.818275114	1753.99875537	319.445162674	253.988898402	539.222271689	79.305902968	16.8549126712	9.02731603881	7.92897368721	94.4268436073	22.1731472603	162.341381279	17.1816255708	0.0	14.9203127854	4.22590656393	2.90763184932	0.373479623288	3.62850144055	34.351222032	5.58156960265	0.490867188127	18.9155928695	3.23033233975	2.36468472902	0.113874583685	3.36978455701	0.0333492959959	79.5479000541	5.67607762557
2274	378.818275114	1753.99875537	319.445162674	253.988898402	539.222271689	79.305902968	16.8549126712	9.02731603881	7.92897368721	94.4268436073	22.1731472603	162.341381279	17.1816255708	0.0	14.9203127854	4.22590656393	2.90763184932	0.373479623288	3.62850144055	34.351222032	5.58156960265	0.490867188127	18.9155928695	3.23033233975	2.36468472902	0.113874583685	3.36978455701	0.0333492959959	79.5479000541	5.67607762557
2275	378.818275114	1753.99875537	319.445162674	253.988898402	539.222271689	79.305902968	16.8549126712	9.02731603881	7.92897368721	94.4268436073	22.1731472603	162.341381279	17.1816255708	0.0	14.9203127854	4.22590656393	2.90763184932	0.373479623288	3.62850144055	34.351222032	5.58156960265	0.490867188127	18.9155928695	3.23033233975	2.36468472902	0.113874583685	3.36978455701	0.0333492959959	79.5479000541	5.67607762557
2276	378.818275114	1753.99875537	319.445162674	253.988898402	539.222271689	79.305902968	16.8549126712	9.02731603881	7.92897368721	94.4268436073	22.1731472603	162.341381279	17.1816255708	0.0	14.9203127854	4.22590656393	2.90763184932	0.373479623288	3.62850144055	34.351222032	5.58156960265	0.490867188127	18.9155928695	3.23033233975	2.36468472902	0.113874583685	3.36978455701	0.0333492959959	79.5479000541	5.67607762557
2277	378.818275114	1753.99875537	319.445162674	253.988898402	539.222271689	79.305902968	16.8549126712	9.02731603881	7.92897368721	94.4268436073	22.1731472603	162.341381279	17.1816255708	0.0	14.9203127854	4.22590656393	2.90763184932	0.373479623288	3.62850144055	34.351222032	5.58156960265	0.490867188127	18.9155928695	3.23033233975	2.36468472902	0.113874583685	3.36978455701	0.0333492959959	79.5479000541	5.67607762557
2278	378.818275114	1753.99875537	319.445162674	253.988898402	539.222271689	79.305902968	16.8549126712	9.02731603881	7.92897368721	94.4268436073	22.1731472603	162.341381279	17.1816255708	0.0	14.9203127854	4.22590656393	2.90763184932	0.373479623288	3.62850144055	34.351222032	5.58156960265	0.490867188127	18.9155928695	3.23033233975	2.36468472902	0.113874583685	3.36978455701	0.0333492959959	79.5479000541	5.67607762557
2279	378.818275114	1753.99875537	319.445162674	253.988898402	539.222271689	79.305902968	16.8549126712	9.02731603881	7.92897368721	94.4268436073	22.1731472603	162.341381279	17.1816255708	0.0	14.9203127854	4.22590656393	2.90763184932	0.373479623288	3.62850144055	34.351222032	5.58156960265	0.490867188127	18.9155928695	3.23033233975	2.36468472902	0.113874583685	3.36978455701	0.0333492959959	79.5479000541	5.67607762557
2280	378.818275114	1753.99875537	319.445162674	253.988898402	539.222271689	79.305902968	16.8549126712	9.02731603881	7.92897368721	94.4268436073	22.1731472603	162.341381279	17.1816255708	0.0	14.9203127854	4.22590656393	2.90763184932	0.373479623288	3.62850144055	34.351222032	5.58156960265	0.490867188127	18.9155928695	3.23033233975	2.36468472902	0.113874583685	3.36978455701	0.0333492959959	79.5479000541	5.67607762557
2281	378.818275114	1753.99875537	319.445162674	253.988898402	539.222271689	79.305902968	16.8549126712	9.02731603881	7.92897368721	94.4268436073	22.1731472603	162.341381279	17.1816255708	0.0	14.9203127854	4.22590656393	2.90763184932	0.373479623288	3.62850144055	34.351222032	5.58156960265	0.490867188127	18.9155928695	3.23033233975	2.36468472902	0.113874583685	3.36978455701	0.0333492959959	79.5479000541	5.67607762557
2282	378.818275114	1753.99875537	319.445162674	253.988898402	539.222271689	79.305902968	16.8549126712	9.02731603881	7.92897368721	94.4268436073	22.1731472603	162.341381279	17.1816255708	0.0	14.9203127854	4.22590656393	2.90763184932	0.373479623288	3.62850144055	34.351222032	5.58156960265	0.490867188127	18.9155928695	3.23033233975	2.36468472902	0.113874583685	3.36978455701	0.0333492959959	79.5479000541	5.67607762557
2283	378.818275114	1753.99875537	319.445162674	253.988898402	539.222271689	79.305902968	16.8549126712	9.02731603881	7.92897368721	94.4268436073	22.1731472603	162.341381279	17.1816255708	0.0	14.9203127854	4.22590656393	2.90763184932	0.373479623288	3.62850144055	34.351222032	5.58156960265	0.490867188127	18.9155928695	3.23033233975	2.36468472902	0.113874583685	3.36978455701	0.0333492959959	79.5479000541	5.67607762557
2284	378.818275114	1753.99875537	319.445162674	253.988898402	539.222271689	79.305902968	16.8549126712	9.02731603881	7.92897368721	94.4268436073	22.1731472603	162.341381279	17.1816255708	0.0	14.9203127854	4.22590656393	2.90763184932	0.373479623288	3.62850144055	34.351222032	5.58156960265	0.490867188127	18.9155928695	3.23033233975	2.36468472902	0.113874583685	3.36978455701	0.0333492959959	79.5479000541	5.67607762557
2285	378.818275114	1753.99875537	319.445162674	253.988898402	539.222271689	79.305902968	16.8549126712	9.02731603881	7.92897368721	94.4268436073	22.1731472603	162.341381279	17.1816255708	0.0	14.9203127854	4.22590656393	2.90763184932	0.373479623288	3.62850144055	34.351222032	5.58156960265	0.490867188127	18.9155928695	3.23033233975	2.36468472902	0.113874583685	3.36978455701	0.0333492959959	79.5479000541	5.67607762557
2286	378.818275114	1753.99875537	319.445162674	253.988898402	539.222271689	79.305902968	16.8549126712	9.02731603881	7.92897368721	94.4268436073	22.1731472603	162.341381279	17.1816255708	0.0	14.9203127854	4.22590656393	2.90763184932	0.373479623288	3.62850144055	34.351222032	5.58156960265	0.490867188127	18.9155928695	3.23033233975	2.36468472902	0.113874583685	3.36978455701	0.0333492959959	79.5479000541	5.67607762557
2287	378.818275114	1753.99875537	319.445162674	253.988898402	539.222271689	79.305902968	16.8549126712	9.02731603881	7.92897368721	94.4268436073	22.1731472603	162.341381279	17.1816255708	0.0	14.9203127854	4.22590656393	2.90763184932	0.373479623288	3.62850144055	34.351222032	5.58156960265	0.490867188127	18.9155928695	3.23033233975	2.36468472902	0.113874583685	3.36978455701	0.0333492959959	79.5479000541	5.67607762557
2288	378.818275114	1753.99875537	319.445162674	253.988898402	539.222271689	79.305902968	16.8549126712	9.02731603881	7.92897368721	94.4268436073	22.1731472603	162.341381279	17.1816255708	0.0	14.9203127854	4.22590656393	2.90763184932	0.373479623288	3.62850144055	34.351222032	5.58156960265	0.490867188127	18.9155928695	3.23033233975	2.36468472902	0.113874583685	3.36978455701	0.0333492959959	79.5479000541	5.67607762557
2289	378.818275114	1753.99875537	319.445162674	253.988898402	539.222271689	79.305902968	16.8549126712	9.02731603881	7.92897368721	94.4268436073	22.1731472603	162.341381279	17.1816255708	0.0	14.9203127854	4.22590656393	2.90763184932	0.373479623288	3.62850144055	34.351222032	5.58156960265	0.490867188127	18.9155928695	3.23033233975	2.36468472902	0.113874583685	3.36978455701	0.0333492959959	79.5479000541	5.67607762557
2290	378.818275114	1753.99875537	319.445162674	253.988898402	539.222271689	79.305902968	16.8549126712	9.02731603881	7.92897368721	94.4268436073	22.1731472603	162.341381279	17.1816255708	0.0	14.9203127854	4.22590656393	2.90763184932	0.373479623288	3.62850144055	34.351222032	5.58156960265	0.490867188127	18.9155928695	3.23033233975	2.36468472902	0.113874583685	3.36978455701	0.0333492959959	79.5479000541	5.67607762557
2291	378.818275114	1753.99875537	319.445162674	253.988898402	539.222271689	79.305902968	16.8549126712	9.02731603881	7.92897368721	94.4268436073	22.1731472603	162.341381279	17.1816255708	0.0	14.9203127854	4.22590656393	2.90763184932	0.373479623288	3.62850144055	34.351222032	5.58156960265	0.490867188127	18.9155928695	3.23033233975	2.36468472902	0.113874583685	3.36978455701	0.0333492959959	79.5479000541	5.67607762557
2292	378.818275114	1753.99875537	319.445162674	253.988898402	539.222271689	79.305902968	16.8549126712	9.02731603881	7.92897368721	94.4268436073	22.1731472603	162.341381279	17.1816255708	0.0	14.9203127854	4.22590656393	2.90763184932	0.373479623288	3.62850144055	34.351222032	5.58156960265	0.490867188127	18.9155928695	3.23033233975	2.36468472902	0.113874583685	3.36978455701	0.0333492959959	79.5479000541	5.67607762557
2293	378.818275114	1753.99875537	319.445162674	253.988898402	539.222271689	79.305902968	16.8549126712	9.02731603881	7.92897368721	94.4268436073	22.1731472603	162.341381279	17.1816255708	0.0	14.9203127854	4.22590656393	2.90763184932	0.373479623288	3.62850144055	34.351222032	5.58156960265	0.490867188127	18.9155928695	3.23033233975	2.36468472902	0.113874583685	3.36978455701	0.0333492959959	79.5479000541	5.67607762557
2294	378.818275114	1753.99875537	319.445162674	253.988898402	539.222271689	79.305902968	16.8549126712	9.02731603881	7.92897368721	94.4268436073	22.1731472603	162.341381279	17.1816255708	0.0	14.9203127854	4.22590656393	2.90763184932	0.373479623288	3.62850144055	34.351222032	5.58156960265	0.490867188127	18.9155928695	3.23033233975	2.36468472902	0.113874583685	3.36978455701	0.0333492959959	79.5479000541	5.67607762557
2295	378.818275114	1753.99875537	319.445162674	253.988898402	539.222271689	79.305902968	16.8549126712	9.02731603881	7.92897368721	94.4268436073	22.1731472603	162.341381279	17.1816255708	0.0	14.9203127854	4.22590656393	2.90763184932	0.373479623288	3.62850144055	34.351222032	5.58156960265	0.490867188127	18.9155928695	3.23033233975	2.36468472902	0.113874583685	3.36978455701	0.0333492959959	79.5479000541	5.67607762557
2296	378.818275114	1753.99875537	319.445162674	253.988898402	539.222271689	79.305902968	16.8549126712	9.02731603881	7.92897368721	94.4268436073	22.1731472603	162.341381279	17.1816255708	0.0	14.9203127854	4.22590656393	2.90763184932	0.373479623288	3.62850144055	34.351222032	5.58156960265	0.490867188127	18.9155928695	3.23033233975	2.36468472902	0.113874583685	3.36978455701	0.0333492959959	79.5479000541	5.67607762557
2297	378.818275114	1753.99875537	319.445162674	253.988898402	539.222271689	79.305902968	16.8549126712	9.02731603881	7.92897368721	94.4268436073	22.1731472603	162.341381279	17.1816255708	0.0	14.9203127854	4.22590656393	2.90763184932	0.373479623288	3.62850144055	34.351222032	5.58156960265	0.490867188127	18.9155928695	3.23033233975	2.36468472902	0.113874583685	3.36978455701	0.0333492959959	79.5479000541	5.67607762557
2298	378.818275114	1753.99875537	319.445162674	253.988898402	539.222271689	79.305902968	16.8549126712	9.02731603881	7.92897368721	94.4268436073	22.1731472603	162.341381279	17.1816255708	0.0	14.9203127854	4.22590656393	2.90763184932	0.373479623288	3.62850144055	34.351222032	5.58156960265	0.490867188127	18.9155928695	3.23033233975	2.36468472902	0.113874583685	3.36978455701	0.0333492959959	79.5479000541	5.67607762557
2299	378.818275114	1753.99875537	319.445162674	253.988898402	539.222271689	79.305902968	16.8549126712	9.02731603881	7.92897368721	94.4268436073	22.1731472603	162.341381279	17.1816255708	0.0	14.9203127854	4.22590656393	2.90763184932	0.373479623288	3.62850144055	34.351222032	5.58156960265	0.490867188127	18.9155928695	3.23033233975	2.36468472902	0.113874583685	3.36978455701	0.0333492959959	79.5479000541	5.67607762557
2300	378.818275114	1753.99875537	319.445162674	253.988898402	539.222271689	79.305902968	16.8549126712	9.02731603881	7.92897368721	94.4268436073	22.1731472603	162.341381279	17.1816255708	0.0	14.9203127854	4.22590656393	2.90763184932	0.373479623288	3.62850144055	34.351222032	5.58156960265	0.490867188127	18.9155928695	3.23033233975	2.36468472902	0.113874583685	3.36978455701	0.0333492959959	79.5479000541	5.67607762557
2301	378.818275114	1753.99875537	319.445162674	253.988898402	539.222271689	79.305902968	16.8549126712	9.02731603881	7.92897368721	94.4268436073	22.1731472603	162.341381279	17.1816255708	0.0	14.9203127854	4.22590656393	2.90763184932	0.373479623288	3.62850144055	34.351222032	5.58156960265	0.490867188127	18.9155928695	3.23033233975	2.36468472902	0.113874583685	3.36978455701	0.0333492959959	79.5479000541	5.67607762557
2302	378.818275114	1753.99875537	319.445162674	253.988898402	539.222271689	79.305902968	16.8549126712	9.02731603881	7.92897368721	94.4268436073	22.1731472603	162.341381279	17.1816255708	0.0	14.9203127854	4.22590656393	2.90763184932	0.373479623288	3.62850144055	34.351222032	5.58156960265	0.490867188127	18.9155928695	3.23033233975	2.36468472902	0.113874583685	3.36978455701	0.0333492959959	79.5479000541	5.67607762557
2303	378.818275114	1753.99875537	319.445162674	253.988898402	539.222271689	79.305902968	16.8549126712	9.02731603881	7.92897368721	94.4268436073	22.1731472603	162.341381279	17.1816255708	0.0	14.9203127854	4.22590656393	2.90763184932	0.373479623288	3.62850144055	34.351222032	5.58156960265	0.490867188127	18.9155928695	3.23033233975	2.36468472902	0.113874583685	3.36978455701	0.0333492959959	79.5479000541	5.67607762557
2304	378.818275114	1753.99875537	319.445162674	253.988898402	539.222271689	79.305902968	16.8549126712	9.02731603881	7.92897368721	94.4268436073	22.1731472603	162.341381279	17.1816255708	0.0	14.9203127854	4.22590656393	2.90763184932	0.373479623288	3.62850144055	34.351222032	5.58156960265	0.490867188127	18.9155928695	3.23033233975	2.36468472902	0.113874583685	3.36978455701	0.0333492959959	79.5479000541	5.67607762557
2305	378.818275114	1753.99875537	319.445162674	253.988898402	539.222271689	79.305902968	16.8549126712	9.02731603881	7.92897368721	94.4268436073	22.1731472603	162.341381279	17.1816255708	0.0	14.9203127854	4.22590656393	2.90763184932	0.373479623288	3.62850144055	34.351222032	5.58156960265	0.490867188127	18.9155928695	3.23033233975	2.36468472902	0.113874583685	3.36978455701	0.0333492959959	79.5479000541	5.67607762557
2306	378.818275114	1753.99875537	319.445162674	253.988898402	539.222271689	79.305902968	16.8549126712	9.02731603881	7.92897368721	94.4268436073	22.1731472603	162.341381279	17.1816255708	0.0	14.9203127854	4.22590656393	2.90763184932	0.373479623288	3.62850144055	34.351222032	5.58156960265	0.490867188127	18.9155928695	3.23033233975	2.36468472902	0.113874583685	3.36978455701	0.0333492959959	79.5479000541	5.67607762557
2307	378.818275114	1753.99875537	319.445162674	253.988898402	539.222271689	79.305902968	16.8549126712	9.02731603881	7.92897368721	94.4268436073	22.1731472603	162.341381279	17.1816255708	0.0	14.9203127854	4.22590656393	2.90763184932	0.373479623288	3.62850144055	34.351222032	5.58156960265	0.490867188127	18.9155928695	3.23033233975	2.36468472902	0.113874583685	3.36978455701	0.0333492959959	79.5479000541	5.67607762557
2308	378.818275114	1753.99875537	319.445162674	253.988898402	539.222271689	79.305902968	16.8549126712	9.02731603881	7.92897368721	94.4268436073	22.1731472603	162.341381279	17.1816255708	0.0	14.9203127854	4.22590656393	2.90763184932	0.373479623288	3.62850144055	34.351222032	5.58156960265	0.490867188127	18.9155928695	3.23033233975	2.36468472902	0.113874583685	3.36978455701	0.0333492959959	79.5479000541	5.67607762557
2309	378.818275114	1753.99875537	319.445162674	253.988898402	539.222271689	79.305902968	16.8549126712	9.02731603881	7.92897368721	94.4268436073	22.1731472603	162.341381279	17.1816255708	0.0	14.9203127854	4.22590656393	2.90763184932	0.373479623288	3.62850144055	34.351222032	5.58156960265	0.490867188127	18.9155928695	3.23033233975	2.36468472902	0.113874583685	3.36978455701	0.0333492959959	79.5479000541	5.67607762557
2310	378.818275114	1753.99875537	319.445162674	253.988898402	539.222271689	79.305902968	16.8549126712	9.02731603881	7.92897368721	94.4268436073	22.1731472603	162.341381279	17.1816255708	0.0	14.9203127854	4.22590656393	2.90763184932	0.373479623288	3.62850144055	34.351222032	5.58156960265	0.490867188127	18.9155928695	3.23033233975	2.36468472902	0.113874583685	3.36978455701	0.0333492959959	79.5479000541	5.67607762557
2311	378.818275114	1753.99875537	319.445162674	253.988898402	539.222271689	79.305902968	16.8549126712	9.02731603881	7.92897368721	94.4268436073	22.1731472603	162.341381279	17.1816255708	0.0	14.9203127854	4.22590656393	2.90763184932	0.373479623288	3.62850144055	34.351222032	5.58156960265	0.490867188127	18.9155928695	3.23033233975	2.36468472902	0.113874583685	3.36978455701	0.0333492959959	79.5479000541	5.67607762557
2312	378.818275114	1753.99875537	319.445162674	253.988898402	539.222271689	79.305902968	16.8549126712	9.02731603881	7.92897368721	94.4268436073	22.1731472603	162.341381279	17.1816255708	0.0	14.9203127854	4.22590656393	2.90763184932	0.373479623288	3.62850144055	34.351222032	5.58156960265	0.490867188127	18.9155928695	3.23033233975	2.36468472902	0.113874583685	3.36978455701	0.0333492959959	79.5479000541	5.67607762557
2313	378.818275114	1753.99875537	319.445162674	253.988898402	539.222271689	79.305902968	16.8549126712	9.02731603881	7.92897368721	94.4268436073	22.1731472603	162.341381279	17.1816255708	0.0	14.9203127854	4.22590656393	2.90763184932	0.373479623288	3.62850144055	34.351222032	5.58156960265	0.490867188127	18.9155928695	3.23033233975	2.36468472902	0.113874583685	3.36978455701	0.0333492959959	79.5479000541	5.67607762557
2314	378.818275114	1753.99875537	319.445162674	253.988898402	539.222271689	79.305902968	16.8549126712	9.02731603881	7.92897368721	94.4268436073	22.1731472603	162.341381279	17.1816255708	0.0	14.9203127854	4.22590656393	2.90763184932	0.373479623288	3.62850144055	34.351222032	5.58156960265	0.490867188127	18.9155928695	3.23033233975	2.36468472902	0.113874583685	3.36978455701	0.0333492959959	79.5479000541	5.67607762557
2315	378.818275114	1753.99875537	319.445162674	253.988898402	539.222271689	79.305902968	16.8549126712	9.02731603881	7.92897368721	94.4268436073	22.1731472603	162.341381279	17.1816255708	0.0	14.9203127854	4.22590656393	2.90763184932	0.373479623288	3.62850144055	34.351222032	5.58156960265	0.490867188127	18.9155928695	3.23033233975	2.36468472902	0.113874583685	3.36978455701	0.0333492959959	79.5479000541	5.67607762557
2316	378.818275114	1753.99875537	319.445162674	253.988898402	539.222271689	79.305902968	16.8549126712	9.02731603881	7.92897368721	94.4268436073	22.1731472603	162.341381279	17.1816255708	0.0	14.9203127854	4.22590656393	2.90763184932	0.373479623288	3.62850144055	34.351222032	5.58156960265	0.490867188127	18.9155928695	3.23033233975	2.36468472902	0.113874583685	3.36978455701	0.0333492959959	79.5479000541	5.67607762557
2317	378.818275114	1753.99875537	319.445162674	253.988898402	539.222271689	79.305902968	16.8549126712	9.02731603881	7.92897368721	94.4268436073	22.1731472603	162.341381279	17.1816255708	0.0	14.9203127854	4.22590656393	2.90763184932	0.373479623288	3.62850144055	34.351222032	5.58156960265	0.490867188127	18.9155928695	3.23033233975	2.36468472902	0.113874583685	3.36978455701	0.0333492959959	79.5479000541	5.67607762557
2318	378.818275114	1753.99875537	319.445162674	253.988898402	539.222271689	79.305902968	16.8549126712	9.02731603881	7.92897368721	94.4268436073	22.1731472603	162.341381279	17.1816255708	0.0	14.9203127854	4.22590656393	2.90763184932	0.373479623288	3.62850144055	34.351222032	5.58156960265	0.490867188127	18.9155928695	3.23033233975	2.36468472902	0.113874583685	3.36978455701	0.0333492959959	79.5479000541	5.67607762557
2319	378.818275114	1753.99875537	319.445162674	253.988898402	539.222271689	79.305902968	16.8549126712	9.02731603881	7.92897368721	94.4268436073	22.1731472603	162.341381279	17.1816255708	0.0	14.9203127854	4.22590656393	2.90763184932	0.373479623288	3.62850144055	34.351222032	5.58156960265	0.490867188127	18.9155928695	3.23033233975	2.36468472902	0.113874583685	3.36978455701	0.0333492959959	79.5479000541	5.67607762557
2320	378.818275114	1753.99875537	319.445162674	253.988898402	539.222271689	79.305902968	16.8549126712	9.02731603881	7.92897368721	94.4268436073	22.1731472603	162.341381279	17.1816255708	0.0	14.9203127854	4.22590656393	2.90763184932	0.373479623288	3.62850144055	34.351222032	5.58156960265	0.490867188127	18.9155928695	3.23033233975	2.36468472902	0.113874583685	3.36978455701	0.0333492959959	79.5479000541	5.67607762557
2321	378.818275114	1753.99875537	319.445162674	253.988898402	539.222271689	79.305902968	16.8549126712	9.02731603881	7.92897368721	94.4268436073	22.1731472603	162.341381279	17.1816255708	0.0	14.9203127854	4.22590656393	2.90763184932	0.373479623288	3.62850144055	34.351222032	5.58156960265	0.490867188127	18.9155928695	3.23033233975	2.36468472902	0.113874583685	3.36978455701	0.0333492959959	79.5479000541	5.67607762557
2322	378.818275114	1753.99875537	319.445162674	253.988898402	539.222271689	79.305902968	16.8549126712	9.02731603881	7.92897368721	94.4268436073	22.1731472603	162.341381279	17.1816255708	0.0	14.9203127854	4.22590656393	2.90763184932	0.373479623288	3.62850144055	34.351222032	5.58156960265	0.490867188127	18.9155928695	3.23033233975	2.36468472902	0.113874583685	3.36978455701	0.0333492959959	79.5479000541	5.67607762557
2323	378.818275114	1753.99875537	319.445162674	253.988898402	539.222271689	79.305902968	16.8549126712	9.02731603881	7.92897368721	94.4268436073	22.1731472603	162.341381279	17.1816255708	0.0	14.9203127854	4.22590656393	2.90763184932	0.373479623288	3.62850144055	34.351222032	5.58156960265	0.490867188127	18.9155928695	3.23033233975	2.36468472902	0.113874583685	3.36978455701	0.0333492959959	79.5479000541	5.67607762557
2324	378.818275114	1753.99875537	319.445162674	253.988898402	539.222271689	79.305902968	16.8549126712	9.02731603881	7.92897368721	94.4268436073	22.1731472603	162.341381279	17.1816255708	0.0	14.9203127854	4.22590656393	2.90763184932	0.373479623288	3.62850144055	34.351222032	5.58156960265	0.490867188127	18.9155928695	3.23033233975	2.36468472902	0.113874583685	3.36978455701	0.0333492959959	79.5479000541	5.67607762557
2325	378.818275114	1753.99875537	319.445162674	253.988898402	539.222271689	79.305902968	16.8549126712	9.02731603881	7.92897368721	94.4268436073	22.1731472603	162.341381279	17.1816255708	0.0	14.9203127854	4.22590656393	2.90763184932	0.373479623288	3.62850144055	34.351222032	5.58156960265	0.490867188127	18.9155928695	3.23033233975	2.36468472902	0.113874583685	3.36978455701	0.0333492959959	79.5479000541	5.67607762557
2326	378.818275114	1753.99875537	319.445162674	253.988898402	539.222271689	79.305902968	16.8549126712	9.02731603881	7.92897368721	94.4268436073	22.1731472603	162.341381279	17.1816255708	0.0	14.9203127854	4.22590656393	2.90763184932	0.373479623288	3.62850144055	34.351222032	5.58156960265	0.490867188127	18.9155928695	3.23033233975	2.36468472902	0.113874583685	3.36978455701	0.0333492959959	79.5479000541	5.67607762557
2327	378.818275114	1753.99875537	319.445162674	253.988898402	539.222271689	79.305902968	16.8549126712	9.02731603881	7.92897368721	94.4268436073	22.1731472603	162.341381279	17.1816255708	0.0	14.9203127854	4.22590656393	2.90763184932	0.373479623288	3.62850144055	34.351222032	5.58156960265	0.490867188127	18.9155928695	3.23033233975	2.36468472902	0.113874583685	3.36978455701	0.0333492959959	79.5479000541	5.67607762557
2328	378.818275114	1753.99875537	319.445162674	253.988898402	539.222271689	79.305902968	16.8549126712	9.02731603881	7.92897368721	94.4268436073	22.1731472603	162.341381279	17.1816255708	0.0	14.9203127854	4.22590656393	2.90763184932	0.373479623288	3.62850144055	34.351222032	5.58156960265	0.490867188127	18.9155928695	3.23033233975	2.36468472902	0.113874583685	3.36978455701	0.0333492959959	79.5479000541	5.67607762557
2329	378.818275114	1753.99875537	319.445162674	253.988898402	539.222271689	79.305902968	16.8549126712	9.02731603881	7.92897368721	94.4268436073	22.1731472603	162.341381279	17.1816255708	0.0	14.9203127854	4.22590656393	2.90763184932	0.373479623288	3.62850144055	34.351222032	5.58156960265	0.490867188127	18.9155928695	3.23033233975	2.36468472902	0.113874583685	3.36978455701	0.0333492959959	79.5479000541	5.67607762557
2330	378.818275114	1753.99875537	319.445162674	253.988898402	539.222271689	79.305902968	16.8549126712	9.02731603881	7.92897368721	94.4268436073	22.1731472603	162.341381279	17.1816255708	0.0	14.9203127854	4.22590656393	2.90763184932	0.373479623288	3.62850144055	34.351222032	5.58156960265	0.490867188127	18.9155928695	3.23033233975	2.36468472902	0.113874583685	3.36978455701	0.0333492959959	79.5479000541	5.67607762557
2331	378.818275114	1753.99875537	319.445162674	253.988898402	539.222271689	79.305902968	16.8549126712	9.02731603881	7.92897368721	94.4268436073	22.1731472603	162.341381279	17.1816255708	0.0	14.9203127854	4.22590656393	2.90763184932	0.373479623288	3.62850144055	34.351222032	5.58156960265	0.490867188127	18.9155928695	3.23033233975	2.36468472902	0.113874583685	3.36978455701	0.0333492959959	79.5479000541	5.67607762557
2332	378.818275114	1753.99875537	319.445162674	253.988898402	539.222271689	79.305902968	16.8549126712	9.02731603881	7.92897368721	94.4268436073	22.1731472603	162.341381279	17.1816255708	0.0	14.9203127854	4.22590656393	2.90763184932	0.373479623288	3.62850144055	34.351222032	5.58156960265	0.490867188127	18.9155928695	3.23033233975	2.36468472902	0.113874583685	3.36978455701	0.0333492959959	79.5479000541	5.67607762557
2333	378.818275114	1753.99875537	319.445162674	253.988898402	539.222271689	79.305902968	16.8549126712	9.02731603881	7.92897368721	94.4268436073	22.1731472603	162.341381279	17.1816255708	0.0	14.9203127854	4.22590656393	2.90763184932	0.373479623288	3.62850144055	34.351222032	5.58156960265	0.490867188127	18.9155928695	3.23033233975	2.36468472902	0.113874583685	3.36978455701	0.0333492959959	79.5479000541	5.67607762557
2334	378.818275114	1753.99875537	319.445162674	253.988898402	539.222271689	79.305902968	16.8549126712	9.02731603881	7.92897368721	94.4268436073	22.1731472603	162.341381279	17.1816255708	0.0	14.9203127854	4.22590656393	2.90763184932	0.373479623288	3.62850144055	34.351222032	5.58156960265	0.490867188127	18.9155928695	3.23033233975	2.36468472902	0.113874583685	3.36978455701	0.0333492959959	79.5479000541	5.67607762557
2335	378.818275114	1753.99875537	319.445162674	253.988898402	539.222271689	79.305902968	16.8549126712	9.02731603881	7.92897368721	94.4268436073	22.1731472603	162.341381279	17.1816255708	0.0	14.9203127854	4.22590656393	2.90763184932	0.373479623288	3.62850144055	34.351222032	5.58156960265	0.490867188127	18.9155928695	3.23033233975	2.36468472902	0.113874583685	3.36978455701	0.0333492959959	79.5479000541	5.67607762557
2336	378.818275114	1753.99875537	319.445162674	253.988898402	539.222271689	79.305902968	16.8549126712	9.02731603881	7.92897368721	94.4268436073	22.1731472603	162.341381279	17.1816255708	0.0	14.9203127854	4.22590656393	2.90763184932	0.373479623288	3.62850144055	34.351222032	5.58156960265	0.490867188127	18.9155928695	3.23033233975	2.36468472902	0.113874583685	3.36978455701	0.0333492959959	79.5479000541	5.67607762557
2337	378.818275114	1753.99875537	319.445162674	253.988898402	539.222271689	79.305902968	16.8549126712	9.02731603881	7.92897368721	94.4268436073	22.1731472603	162.341381279	17.1816255708	0.0	14.9203127854	4.22590656393	2.90763184932	0.373479623288	3.62850144055	34.351222032	5.58156960265	0.490867188127	18.9155928695	3.23033233975	2.36468472902	0.113874583685	3.36978455701	0.0333492959959	79.5479000541	5.67607762557
2338	378.818275114	1753.99875537	319.445162674	253.988898402	539.222271689	79.305902968	16.8549126712	9.02731603881	7.92897368721	94.4268436073	22.1731472603	162.341381279	17.1816255708	0.0	14.9203127854	4.22590656393	2.90763184932	0.373479623288	3.62850144055	34.351222032	5.58156960265	0.490867188127	18.9155928695	3.23033233975	2.36468472902	0.113874583685	3.36978455701	0.0333492959959	79.5479000541	5.67607762557
2339	378.818275114	1753.99875537	319.445162674	253.988898402	539.222271689	79.305902968	16.8549126712	9.02731603881	7.92897368721	94.4268436073	22.1731472603	162.341381279	17.1816255708	0.0	14.9203127854	4.22590656393	2.90763184932	0.373479623288	3.62850144055	34.351222032	5.58156960265	0.490867188127	18.9155928695	3.23033233975	2.36468472902	0.113874583685	3.36978455701	0.0333492959959	79.5479000541	5.67607762557
2340	378.818275114	1753.99875537	319.445162674	253.988898402	539.222271689	79.305902968	16.8549126712	9.02731603881	7.92897368721	94.4268436073	22.1731472603	162.341381279	17.1816255708	0.0	14.9203127854	4.22590656393	2.90763184932	0.373479623288	3.62850144055	34.351222032	5.58156960265	0.490867188127	18.9155928695	3.23033233975	2.36468472902	0.113874583685	3.36978455701	0.0333492959959	79.5479000541	5.67607762557
2341	378.818275114	1753.99875537	319.445162674	253.988898402	539.222271689	79.305902968	16.8549126712	9.02731603881	7.92897368721	94.4268436073	22.1731472603	162.341381279	17.1816255708	0.0	14.9203127854	4.22590656393	2.90763184932	0.373479623288	3.62850144055	34.351222032	5.58156960265	0.490867188127	18.9155928695	3.23033233975	2.36468472902	0.113874583685	3.36978455701	0.0333492959959	79.5479000541	5.67607762557
2342	378.818275114	1753.99875537	319.445162674	253.988898402	539.222271689	79.305902968	16.8549126712	9.02731603881	7.92897368721	94.4268436073	22.1731472603	162.341381279	17.1816255708	0.0	14.9203127854	4.22590656393	2.90763184932	0.373479623288	3.62850144055	34.351222032	5.58156960265	0.490867188127	18.9155928695	3.23033233975	2.36468472902	0.113874583685	3.36978455701	0.0333492959959	79.5479000541	5.67607762557
2343	378.818275114	1753.99875537	319.445162674	253.988898402	539.222271689	79.305902968	16.8549126712	9.02731603881	7.92897368721	94.4268436073	22.1731472603	162.341381279	17.1816255708	0.0	14.9203127854	4.22590656393	2.90763184932	0.373479623288	3.62850144055	34.351222032	5.58156960265	0.490867188127	18.9155928695	3.23033233975	2.36468472902	0.113874583685	3.36978455701	0.0333492959959	79.5479000541	5.67607762557
2344	378.818275114	1753.99875537	319.445162674	253.988898402	539.222271689	79.305902968	16.8549126712	9.02731603881	7.92897368721	94.4268436073	22.1731472603	162.341381279	17.1816255708	0.0	14.9203127854	4.22590656393	2.90763184932	0.373479623288	3.62850144055	34.351222032	5.58156960265	0.490867188127	18.9155928695	3.23033233975	2.36468472902	0.113874583685	3.36978455701	0.0333492959959	79.5479000541	5.67607762557
2345	378.818275114	1753.99875537	319.445162674	253.988898402	539.222271689	79.305902968	16.8549126712	9.02731603881	7.92897368721	94.4268436073	22.1731472603	162.341381279	17.1816255708	0.0	14.9203127854	4.22590656393	2.90763184932	0.373479623288	3.62850144055	34.351222032	5.58156960265	0.490867188127	18.9155928695	3.23033233975	2.36468472902	0.113874583685	3.36978455701	0.0333492959959	79.5479000541	5.67607762557
2346	378.818275114	1753.99875537	319.445162674	253.988898402	539.222271689	79.305902968	16.8549126712	9.02731603881	7.92897368721	94.4268436073	22.1731472603	162.341381279	17.1816255708	0.0	14.9203127854	4.22590656393	2.90763184932	0.373479623288	3.62850144055	34.351222032	5.58156960265	0.490867188127	18.9155928695	3.23033233975	2.36468472902	0.113874583685	3.36978455701	0.0333492959959	79.5479000541	5.67607762557
2347	378.818275114	1753.99875537	319.445162674	253.988898402	539.222271689	79.305902968	16.8549126712	9.02731603881	7.92897368721	94.4268436073	22.1731472603	162.341381279	17.1816255708	0.0	14.9203127854	4.22590656393	2.90763184932	0.373479623288	3.62850144055	34.351222032	5.58156960265	0.490867188127	18.9155928695	3.23033233975	2.36468472902	0.113874583685	3.36978455701	0.0333492959959	79.5479000541	5.67607762557
2348	378.818275114	1753.99875537	319.445162674	253.988898402	539.222271689	79.305902968	16.8549126712	9.02731603881	7.92897368721	94.4268436073	22.1731472603	162.341381279	17.1816255708	0.0	14.9203127854	4.22590656393	2.90763184932	0.373479623288	3.62850144055	34.351222032	5.58156960265	0.490867188127	18.9155928695	3.23033233975	2.36468472902	0.113874583685	3.36978455701	0.0333492959959	79.5479000541	5.67607762557
2349	378.818275114	1753.99875537	319.445162674	253.988898402	539.222271689	79.305902968	16.8549126712	9.02731603881	7.92897368721	94.4268436073	22.1731472603	162.341381279	17.1816255708	0.0	14.9203127854	4.22590656393	2.90763184932	0.373479623288	3.62850144055	34.351222032	5.58156960265	0.490867188127	18.9155928695	3.23033233975	2.36468472902	0.113874583685	3.36978455701	0.0333492959959	79.5479000541	5.67607762557
2350	378.818275114	1753.99875537	319.445162674	253.988898402	539.222271689	79.305902968	16.8549126712	9.02731603881	7.92897368721	94.4268436073	22.1731472603	162.341381279	17.1816255708	0.0	14.9203127854	4.22590656393	2.90763184932	0.373479623288	3.62850144055	34.351222032	5.58156960265	0.490867188127	18.9155928695	3.23033233975	2.36468472902	0.113874583685	3.36978455701	0.0333492959959	79.5479000541	5.67607762557
2351	378.818275114	1753.99875537	319.445162674	253.988898402	539.222271689	79.305902968	16.8549126712	9.02731603881	7.92897368721	94.4268436073	22.1731472603	162.341381279	17.1816255708	0.0	14.9203127854	4.22590656393	2.90763184932	0.373479623288	3.62850144055	34.351222032	5.58156960265	0.490867188127	18.9155928695	3.23033233975	2.36468472902	0.113874583685	3.36978455701	0.0333492959959	79.5479000541	5.67607762557
2352	378.818275114	1753.99875537	319.445162674	253.988898402	539.222271689	79.305902968	16.8549126712	9.02731603881	7.92897368721	94.4268436073	22.1731472603	162.341381279	17.1816255708	0.0	14.9203127854	4.22590656393	2.90763184932	0.373479623288	3.62850144055	34.351222032	5.58156960265	0.490867188127	18.9155928695	3.23033233975	2.36468472902	0.113874583685	3.36978455701	0.0333492959959	79.5479000541	5.67607762557
2353	378.818275114	1753.99875537	319.445162674	253.988898402	539.222271689	79.305902968	16.8549126712	9.02731603881	7.92897368721	94.4268436073	22.1731472603	162.341381279	17.1816255708	0.0	14.9203127854	4.22590656393	2.90763184932	0.373479623288	3.62850144055	34.351222032	5.58156960265	0.490867188127	18.9155928695	3.23033233975	2.36468472902	0.113874583685	3.36978455701	0.0333492959959	79.5479000541	5.67607762557
2354	378.818275114	1753.99875537	319.445162674	253.988898402	539.222271689	79.305902968	16.8549126712	9.02731603881	7.92897368721	94.4268436073	22.1731472603	162.341381279	17.1816255708	0.0	14.9203127854	4.22590656393	2.90763184932	0.373479623288	3.62850144055	34.351222032	5.58156960265	0.490867188127	18.9155928695	3.23033233975	2.36468472902	0.113874583685	3.36978455701	0.0333492959959	79.5479000541	5.67607762557
2355	378.818275114	1753.99875537	319.445162674	253.988898402	539.222271689	79.305902968	16.8549126712	9.02731603881	7.92897368721	94.4268436073	22.1731472603	162.341381279	17.1816255708	0.0	14.9203127854	4.22590656393	2.90763184932	0.373479623288	3.62850144055	34.351222032	5.58156960265	0.490867188127	18.9155928695	3.23033233975	2.36468472902	0.113874583685	3.36978455701	0.0333492959959	79.5479000541	5.67607762557
2356	378.818275114	1753.99875537	319.445162674	253.988898402	539.222271689	79.305902968	16.8549126712	9.02731603881	7.92897368721	94.4268436073	22.1731472603	162.341381279	17.1816255708	0.0	14.9203127854	4.22590656393	2.90763184932	0.373479623288	3.62850144055	34.351222032	5.58156960265	0.490867188127	18.9155928695	3.23033233975	2.36468472902	0.113874583685	3.36978455701	0.0333492959959	79.5479000541	5.67607762557
2357	378.818275114	1753.99875537	319.445162674	253.988898402	539.222271689	79.305902968	16.8549126712	9.02731603881	7.92897368721	94.4268436073	22.1731472603	162.341381279	17.1816255708	0.0	14.9203127854	4.22590656393	2.90763184932	0.373479623288	3.62850144055	34.351222032	5.58156960265	0.490867188127	18.9155928695	3.23033233975	2.36468472902	0.113874583685	3.36978455701	0.0333492959959	79.5479000541	5.67607762557
2358	378.818275114	1753.99875537	319.445162674	253.988898402	539.222271689	79.305902968	16.8549126712	9.02731603881	7.92897368721	94.4268436073	22.1731472603	162.341381279	17.1816255708	0.0	14.9203127854	4.22590656393	2.90763184932	0.373479623288	3.62850144055	34.351222032	5.58156960265	0.490867188127	18.9155928695	3.23033233975	2.36468472902	0.113874583685	3.36978455701	0.0333492959959	79.5479000541	5.67607762557
2359	378.818275114	1753.99875537	319.445162674	253.988898402	539.222271689	79.305902968	16.8549126712	9.02731603881	7.92897368721	94.4268436073	22.1731472603	162.341381279	17.1816255708	0.0	14.9203127854	4.22590656393	2.90763184932	0.373479623288	3.62850144055	34.351222032	5.58156960265	0.490867188127	18.9155928695	3.23033233975	2.36468472902	0.113874583685	3.36978455701	0.0333492959959	79.5479000541	5.67607762557
2360	378.818275114	1753.99875537	319.445162674	253.988898402	539.222271689	79.305902968	16.8549126712	9.02731603881	7.92897368721	94.4268436073	22.1731472603	162.341381279	17.1816255708	0.0	14.9203127854	4.22590656393	2.90763184932	0.373479623288	3.62850144055	34.351222032	5.58156960265	0.490867188127	18.9155928695	3.23033233975	2.36468472902	0.113874583685	3.36978455701	0.0333492959959	79.5479000541	5.67607762557
2361	378.818275114	1753.99875537	319.445162674	253.988898402	539.222271689	79.305902968	16.8549126712	9.02731603881	7.92897368721	94.4268436073	22.1731472603	162.341381279	17.1816255708	0.0	14.9203127854	4.22590656393	2.90763184932	0.373479623288	3.62850144055	34.351222032	5.58156960265	0.490867188127	18.9155928695	3.23033233975	2.36468472902	0.113874583685	3.36978455701	0.0333492959959	79.5479000541	5.67607762557
2362	378.818275114	1753.99875537	319.445162674	253.988898402	539.222271689	79.305902968	16.8549126712	9.02731603881	7.92897368721	94.4268436073	22.1731472603	162.341381279	17.1816255708	0.0	14.9203127854	4.22590656393	2.90763184932	0.373479623288	3.62850144055	34.351222032	5.58156960265	0.490867188127	18.9155928695	3.23033233975	2.36468472902	0.113874583685	3.36978455701	0.0333492959959	79.5479000541	5.67607762557
2363	378.818275114	1753.99875537	319.445162674	253.988898402	539.222271689	79.305902968	16.8549126712	9.02731603881	7.92897368721	94.4268436073	22.1731472603	162.341381279	17.1816255708	0.0	14.9203127854	4.22590656393	2.90763184932	0.373479623288	3.62850144055	34.351222032	5.58156960265	0.490867188127	18.9155928695	3.23033233975	2.36468472902	0.113874583685	3.36978455701	0.0333492959959	79.5479000541	5.67607762557
2364	378.818275114	1753.99875537	319.445162674	253.988898402	539.222271689	79.305902968	16.8549126712	9.02731603881	7.92897368721	94.4268436073	22.1731472603	162.341381279	17.1816255708	0.0	14.9203127854	4.22590656393	2.90763184932	0.373479623288	3.62850144055	34.351222032	5.58156960265	0.490867188127	18.9155928695	3.23033233975	2.36468472902	0.113874583685	3.36978455701	0.0333492959959	79.5479000541	5.67607762557
2365	378.818275114	1753.99875537	319.445162674	253.988898402	539.222271689	79.305902968	16.8549126712	9.02731603881	7.92897368721	94.4268436073	22.1731472603	162.341381279	17.1816255708	0.0	14.9203127854	4.22590656393	2.90763184932	0.373479623288	3.62850144055	34.351222032	5.58156960265	0.490867188127	18.9155928695	3.23033233975	2.36468472902	0.113874583685	3.36978455701	0.0333492959959	79.5479000541	5.67607762557
2366	378.818275114	1753.99875537	319.445162674	253.988898402	539.222271689	79.305902968	16.8549126712	9.02731603881	7.92897368721	94.4268436073	22.1731472603	162.341381279	17.1816255708	0.0	14.9203127854	4.22590656393	2.90763184932	0.373479623288	3.62850144055	34.351222032	5.58156960265	0.490867188127	18.9155928695	3.23033233975	2.36468472902	0.113874583685	3.36978455701	0.0333492959959	79.5479000541	5.67607762557
2367	378.818275114	1753.99875537	319.445162674	253.988898402	539.222271689	79.305902968	16.8549126712	9.02731603881	7.92897368721	94.4268436073	22.1731472603	162.341381279	17.1816255708	0.0	14.9203127854	4.22590656393	2.90763184932	0.373479623288	3.62850144055	34.351222032	5.58156960265	0.490867188127	18.9155928695	3.23033233975	2.36468472902	0.113874583685	3.36978455701	0.0333492959959	79.5479000541	5.67607762557
2368	378.818275114	1753.99875537	319.445162674	253.988898402	539.222271689	79.305902968	16.8549126712	9.02731603881	7.92897368721	94.4268436073	22.1731472603	162.341381279	17.1816255708	0.0	14.9203127854	4.22590656393	2.90763184932	0.373479623288	3.62850144055	34.351222032	5.58156960265	0.490867188127	18.9155928695	3.23033233975	2.36468472902	0.113874583685	3.36978455701	0.0333492959959	79.5479000541	5.67607762557
2369	378.818275114	1753.99875537	319.445162674	253.988898402	539.222271689	79.305902968	16.8549126712	9.02731603881	7.92897368721	94.4268436073	22.1731472603	162.341381279	17.1816255708	0.0	14.9203127854	4.22590656393	2.90763184932	0.373479623288	3.62850144055	34.351222032	5.58156960265	0.490867188127	18.9155928695	3.23033233975	2.36468472902	0.113874583685	3.36978455701	0.0333492959959	79.5479000541	5.67607762557
2370	378.818275114	1753.99875537	319.445162674	253.988898402	539.222271689	79.305902968	16.8549126712	9.02731603881	7.92897368721	94.4268436073	22.1731472603	162.341381279	17.1816255708	0.0	14.9203127854	4.22590656393	2.90763184932	0.373479623288	3.62850144055	34.351222032	5.58156960265	0.490867188127	18.9155928695	3.23033233975	2.36468472902	0.113874583685	3.36978455701	0.0333492959959	79.5479000541	5.67607762557
2371	378.818275114	1753.99875537	319.445162674	253.988898402	539.222271689	79.305902968	16.8549126712	9.02731603881	7.92897368721	94.4268436073	22.1731472603	162.341381279	17.1816255708	0.0	14.9203127854	4.22590656393	2.90763184932	0.373479623288	3.62850144055	34.351222032	5.58156960265	0.490867188127	18.9155928695	3.23033233975	2.36468472902	0.113874583685	3.36978455701	0.0333492959959	79.5479000541	5.67607762557
2372	378.818275114	1753.99875537	319.445162674	253.988898402	539.222271689	79.305902968	16.8549126712	9.02731603881	7.92897368721	94.4268436073	22.1731472603	162.341381279	17.1816255708	0.0	14.9203127854	4.22590656393	2.90763184932	0.373479623288	3.62850144055	34.351222032	5.58156960265	0.490867188127	18.9155928695	3.23033233975	2.36468472902	0.113874583685	3.36978455701	0.0333492959959	79.5479000541	5.67607762557
2373	378.818275114	1753.99875537	319.445162674	253.988898402	539.222271689	79.305902968	16.8549126712	9.02731603881	7.92897368721	94.4268436073	22.1731472603	162.341381279	17.1816255708	0.0	14.9203127854	4.22590656393	2.90763184932	0.373479623288	3.62850144055	34.351222032	5.58156960265	0.490867188127	18.9155928695	3.23033233975	2.36468472902	0.113874583685	3.36978455701	0.0333492959959	79.5479000541	5.67607762557
2374	378.818275114	1753.99875537	319.445162674	253.988898402	539.222271689	79.305902968	16.8549126712	9.02731603881	7.92897368721	94.4268436073	22.1731472603	162.341381279	17.1816255708	0.0	14.9203127854	4.22590656393	2.90763184932	0.373479623288	3.62850144055	34.351222032	5.58156960265	0.490867188127	18.9155928695	3.23033233975	2.36468472902	0.113874583685	3.36978455701	0.0333492959959	79.5479000541	5.67607762557
2375	378.818275114	1753.99875537	319.445162674	253.988898402	539.222271689	79.305902968	16.8549126712	9.02731603881	7.92897368721	94.4268436073	22.1731472603	162.341381279	17.1816255708	0.0	14.9203127854	4.22590656393	2.90763184932	0.373479623288	3.62850144055	34.351222032	5.58156960265	0.490867188127	18.9155928695	3.23033233975	2.36468472902	0.113874583685	3.36978455701	0.0333492959959	79.5479000541	5.67607762557
2376	378.818275114	1753.99875537	319.445162674	253.988898402	539.222271689	79.305902968	16.8549126712	9.02731603881	7.92897368721	94.4268436073	22.1731472603	162.341381279	17.1816255708	0.0	14.9203127854	4.22590656393	2.90763184932	0.373479623288	3.62850144055	34.351222032	5.58156960265	0.490867188127	18.9155928695	3.23033233975	2.36468472902	0.113874583685	3.36978455701	0.0333492959959	79.5479000541	5.67607762557
2377	378.818275114	1753.99875537	319.445162674	253.988898402	539.222271689	79.305902968	16.8549126712	9.02731603881	7.92897368721	94.4268436073	22.1731472603	162.341381279	17.1816255708	0.0	14.9203127854	4.22590656393	2.90763184932	0.373479623288	3.62850144055	34.351222032	5.58156960265	0.490867188127	18.9155928695	3.23033233975	2.36468472902	0.113874583685	3.36978455701	0.0333492959959	79.5479000541	5.67607762557
2378	378.818275114	1753.99875537	319.445162674	253.988898402	539.222271689	79.305902968	16.8549126712	9.02731603881	7.92897368721	94.4268436073	22.1731472603	162.341381279	17.1816255708	0.0	14.9203127854	4.22590656393	2.90763184932	0.373479623288	3.62850144055	34.351222032	5.58156960265	0.490867188127	18.9155928695	3.23033233975	2.36468472902	0.113874583685	3.36978455701	0.0333492959959	79.5479000541	5.67607762557
2379	378.818275114	1753.99875537	319.445162674	253.988898402	539.222271689	79.305902968	16.8549126712	9.02731603881	7.92897368721	94.4268436073	22.1731472603	162.341381279	17.1816255708	0.0	14.9203127854	4.22590656393	2.90763184932	0.373479623288	3.62850144055	34.351222032	5.58156960265	0.490867188127	18.9155928695	3.23033233975	2.36468472902	0.113874583685	3.36978455701	0.0333492959959	79.5479000541	5.67607762557
2380	378.818275114	1753.99875537	319.445162674	253.988898402	539.222271689	79.305902968	16.8549126712	9.02731603881	7.92897368721	94.4268436073	22.1731472603	162.341381279	17.1816255708	0.0	14.9203127854	4.22590656393	2.90763184932	0.373479623288	3.62850144055	34.351222032	5.58156960265	0.490867188127	18.9155928695	3.23033233975	2.36468472902	0.113874583685	3.36978455701	0.0333492959959	79.5479000541	5.67607762557
2381	378.818275114	1753.99875537	319.445162674	253.988898402	539.222271689	79.305902968	16.8549126712	9.02731603881	7.92897368721	94.4268436073	22.1731472603	162.341381279	17.1816255708	0.0	14.9203127854	4.22590656393	2.90763184932	0.373479623288	3.62850144055	34.351222032	5.58156960265	0.490867188127	18.9155928695	3.23033233975	2.36468472902	0.113874583685	3.36978455701	0.0333492959959	79.5479000541	5.67607762557
2382	378.818275114	1753.99875537	319.445162674	253.988898402	539.222271689	79.305902968	16.8549126712	9.02731603881	7.92897368721	94.4268436073	22.1731472603	162.341381279	17.1816255708	0.0	14.9203127854	4.22590656393	2.90763184932	0.373479623288	3.62850144055	34.351222032	5.58156960265	0.490867188127	18.9155928695	3.23033233975	2.36468472902	0.113874583685	3.36978455701	0.0333492959959	79.5479000541	5.67607762557
2383	378.818275114	1753.99875537	319.445162674	253.988898402	539.222271689	79.305902968	16.8549126712	9.02731603881	7.92897368721	94.4268436073	22.1731472603	162.341381279	17.1816255708	0.0	14.9203127854	4.22590656393	2.90763184932	0.373479623288	3.62850144055	34.351222032	5.58156960265	0.490867188127	18.9155928695	3.23033233975	2.36468472902	0.113874583685	3.36978455701	0.0333492959959	79.5479000541	5.67607762557
2384	378.818275114	1753.99875537	319.445162674	253.988898402	539.222271689	79.305902968	16.8549126712	9.02731603881	7.92897368721	94.4268436073	22.1731472603	162.341381279	17.1816255708	0.0	14.9203127854	4.22590656393	2.90763184932	0.373479623288	3.62850144055	34.351222032	5.58156960265	0.490867188127	18.9155928695	3.23033233975	2.36468472902	0.113874583685	3.36978455701	0.0333492959959	79.5479000541	5.67607762557
2385	378.818275114	1753.99875537	319.445162674	253.988898402	539.222271689	79.305902968	16.8549126712	9.02731603881	7.92897368721	94.4268436073	22.1731472603	162.341381279	17.1816255708	0.0	14.9203127854	4.22590656393	2.90763184932	0.373479623288	3.62850144055	34.351222032	5.58156960265	0.490867188127	18.9155928695	3.23033233975	2.36468472902	0.113874583685	3.36978455701	0.0333492959959	79.5479000541	5.67607762557
2386	378.818275114	1753.99875537	319.445162674	253.988898402	539.222271689	79.305902968	16.8549126712	9.02731603881	7.92897368721	94.4268436073	22.1731472603	162.341381279	17.1816255708	0.0	14.9203127854	4.22590656393	2.90763184932	0.373479623288	3.62850144055	34.351222032	5.58156960265	0.490867188127	18.9155928695	3.23033233975	2.36468472902	0.113874583685	3.36978455701	0.0333492959959	79.5479000541	5.67607762557
2387	378.818275114	1753.99875537	319.445162674	253.988898402	539.222271689	79.305902968	16.8549126712	9.02731603881	7.92897368721	94.4268436073	22.1731472603	162.341381279	17.1816255708	0.0	14.9203127854	4.22590656393	2.90763184932	0.373479623288	3.62850144055	34.351222032	5.58156960265	0.490867188127	18.9155928695	3.23033233975	2.36468472902	0.113874583685	3.36978455701	0.0333492959959	79.5479000541	5.67607762557
2388	378.818275114	1753.99875537	319.445162674	253.988898402	539.222271689	79.305902968	16.8549126712	9.02731603881	7.92897368721	94.4268436073	22.1731472603	162.341381279	17.1816255708	0.0	14.9203127854	4.22590656393	2.90763184932	0.373479623288	3.62850144055	34.351222032	5.58156960265	0.490867188127	18.9155928695	3.23033233975	2.36468472902	0.113874583685	3.36978455701	0.0333492959959	79.5479000541	5.67607762557
2389	378.818275114	1753.99875537	319.445162674	253.988898402	539.222271689	79.305902968	16.8549126712	9.02731603881	7.92897368721	94.4268436073	22.1731472603	162.341381279	17.1816255708	0.0	14.9203127854	4.22590656393	2.90763184932	0.373479623288	3.62850144055	34.351222032	5.58156960265	0.490867188127	18.9155928695	3.23033233975	2.36468472902	0.113874583685	3.36978455701	0.0333492959959	79.5479000541	5.67607762557
2390	378.818275114	1753.99875537	319.445162674	253.988898402	539.222271689	79.305902968	16.8549126712	9.02731603881	7.92897368721	94.4268436073	22.1731472603	162.341381279	17.1816255708	0.0	14.9203127854	4.22590656393	2.90763184932	0.373479623288	3.62850144055	34.351222032	5.58156960265	0.490867188127	18.9155928695	3.23033233975	2.36468472902	0.113874583685	3.36978455701	0.0333492959959	79.5479000541	5.67607762557
2391	378.818275114	1753.99875537	319.445162674	253.988898402	539.222271689	79.305902968	16.8549126712	9.02731603881	7.92897368721	94.4268436073	22.1731472603	162.341381279	17.1816255708	0.0	14.9203127854	4.22590656393	2.90763184932	0.373479623288	3.62850144055	34.351222032	5.58156960265	0.490867188127	18.9155928695	3.23033233975	2.36468472902	0.113874583685	3.36978455701	0.0333492959959	79.5479000541	5.67607762557
2392	378.818275114	1753.99875537	319.445162674	253.988898402	539.222271689	79.305902968	16.8549126712	9.02731603881	7.92897368721	94.4268436073	22.1731472603	162.341381279	17.1816255708	0.0	14.9203127854	4.22590656393	2.90763184932	0.373479623288	3.62850144055	34.351222032	5.58156960265	0.490867188127	18.9155928695	3.23033233975	2.36468472902	0.113874583685	3.36978455701	0.0333492959959	79.5479000541	5.67607762557
2393	378.818275114	1753.99875537	319.445162674	253.988898402	539.222271689	79.305902968	16.8549126712	9.02731603881	7.92897368721	94.4268436073	22.1731472603	162.341381279	17.1816255708	0.0	14.9203127854	4.22590656393	2.90763184932	0.373479623288	3.62850144055	34.351222032	5.58156960265	0.490867188127	18.9155928695	3.23033233975	2.36468472902	0.113874583685	3.36978455701	0.0333492959959	79.5479000541	5.67607762557
2394	378.818275114	1753.99875537	319.445162674	253.988898402	539.222271689	79.305902968	16.8549126712	9.02731603881	7.92897368721	94.4268436073	22.1731472603	162.341381279	17.1816255708	0.0	14.9203127854	4.22590656393	2.90763184932	0.373479623288	3.62850144055	34.351222032	5.58156960265	0.490867188127	18.9155928695	3.23033233975	2.36468472902	0.113874583685	3.36978455701	0.0333492959959	79.5479000541	5.67607762557
2395	378.818275114	1753.99875537	319.445162674	253.988898402	539.222271689	79.305902968	16.8549126712	9.02731603881	7.92897368721	94.4268436073	22.1731472603	162.341381279	17.1816255708	0.0	14.9203127854	4.22590656393	2.90763184932	0.373479623288	3.62850144055	34.351222032	5.58156960265	0.490867188127	18.9155928695	3.23033233975	2.36468472902	0.113874583685	3.36978455701	0.0333492959959	79.5479000541	5.67607762557
2396	378.818275114	1753.99875537	319.445162674	253.988898402	539.222271689	79.305902968	16.8549126712	9.02731603881	7.92897368721	94.4268436073	22.1731472603	162.341381279	17.1816255708	0.0	14.9203127854	4.22590656393	2.90763184932	0.373479623288	3.62850144055	34.351222032	5.58156960265	0.490867188127	18.9155928695	3.23033233975	2.36468472902	0.113874583685	3.36978455701	0.0333492959959	79.5479000541	5.67607762557
2397	378.818275114	1753.99875537	319.445162674	253.988898402	539.222271689	79.305902968	16.8549126712	9.02731603881	7.92897368721	94.4268436073	22.1731472603	162.341381279	17.1816255708	0.0	14.9203127854	4.22590656393	2.90763184932	0.373479623288	3.62850144055	34.351222032	5.58156960265	0.490867188127	18.9155928695	3.23033233975	2.36468472902	0.113874583685	3.36978455701	0.0333492959959	79.5479000541	5.67607762557
2398	378.818275114	1753.99875537	319.445162674	253.988898402	539.222271689	79.305902968	16.8549126712	9.02731603881	7.92897368721	94.4268436073	22.1731472603	162.341381279	17.1816255708	0.0	14.9203127854	4.22590656393	2.90763184932	0.373479623288	3.62850144055	34.351222032	5.58156960265	0.490867188127	18.9155928695	3.23033233975	2.36468472902	0.113874583685	3.36978455701	0.0333492959959	79.5479000541	5.67607762557
2399	378.818275114	1753.99875537	319.445162674	253.988898402	539.222271689	79.305902968	16.8549126712	9.02731603881	7.92897368721	94.4268436073	22.1731472603	162.341381279	17.1816255708	0.0	14.9203127854	4.22590656393	2.90763184932	0.373479623288	3.62850144055	34.351222032	5.58156960265	0.490867188127	18.9155928695	3.23033233975	2.36468472902	0.113874583685	3.36978455701	0.0333492959959	79.5479000541	5.67607762557
2400	378.818275114	1753.99875537	319.445162674	253.988898402	539.222271689	79.305902968	16.8549126712	9.02731603881	7.92897368721	94.4268436073	22.1731472603	162.341381279	17.1816255708	0.0	14.9203127854	4.22590656393	2.90763184932	0.373479623288	3.62850144055	34.351222032	5.58156960265	0.490867188127	18.9155928695	3.23033233975	2.36468472902	0.113874583685	3.36978455701	0.0333492959959	79.5479000541	5.67607762557
2401	378.818275114	1753.99875537	319.445162674	253.988898402	539.222271689	79.305902968	16.8549126712	9.02731603881	7.92897368721	94.4268436073	22.1731472603	162.341381279	17.1816255708	0.0	14.9203127854	4.22590656393	2.90763184932	0.373479623288	3.62850144055	34.351222032	5.58156960265	0.490867188127	18.9155928695	3.23033233975	2.36468472902	0.113874583685	3.36978455701	0.0333492959959	79.5479000541	5.67607762557
2402	378.818275114	1753.99875537	319.445162674	253.988898402	539.222271689	79.305902968	16.8549126712	9.02731603881	7.92897368721	94.4268436073	22.1731472603	162.341381279	17.1816255708	0.0	14.9203127854	4.22590656393	2.90763184932	0.373479623288	3.62850144055	34.351222032	5.58156960265	0.490867188127	18.9155928695	3.23033233975	2.36468472902	0.113874583685	3.36978455701	0.0333492959959	79.5479000541	5.67607762557
2403	378.818275114	1753.99875537	319.445162674	253.988898402	539.222271689	79.305902968	16.8549126712	9.02731603881	7.92897368721	94.4268436073	22.1731472603	162.341381279	17.1816255708	0.0	14.9203127854	4.22590656393	2.90763184932	0.373479623288	3.62850144055	34.351222032	5.58156960265	0.490867188127	18.9155928695	3.23033233975	2.36468472902	0.113874583685	3.36978455701	0.0333492959959	79.5479000541	5.67607762557
2404	378.818275114	1753.99875537	319.445162674	253.988898402	539.222271689	79.305902968	16.8549126712	9.02731603881	7.92897368721	94.4268436073	22.1731472603	162.341381279	17.1816255708	0.0	14.9203127854	4.22590656393	2.90763184932	0.373479623288	3.62850144055	34.351222032	5.58156960265	0.490867188127	18.9155928695	3.23033233975	2.36468472902	0.113874583685	3.36978455701	0.0333492959959	79.5479000541	5.67607762557
2405	378.818275114	1753.99875537	319.445162674	253.988898402	539.222271689	79.305902968	16.8549126712	9.02731603881	7.92897368721	94.4268436073	22.1731472603	162.341381279	17.1816255708	0.0	14.9203127854	4.22590656393	2.90763184932	0.373479623288	3.62850144055	34.351222032	5.58156960265	0.490867188127	18.9155928695	3.23033233975	2.36468472902	0.113874583685	3.36978455701	0.0333492959959	79.5479000541	5.67607762557
2406	378.818275114	1753.99875537	319.445162674	253.988898402	539.222271689	79.305902968	16.8549126712	9.02731603881	7.92897368721	94.4268436073	22.1731472603	162.341381279	17.1816255708	0.0	14.9203127854	4.22590656393	2.90763184932	0.373479623288	3.62850144055	34.351222032	5.58156960265	0.490867188127	18.9155928695	3.23033233975	2.36468472902	0.113874583685	3.36978455701	0.0333492959959	79.5479000541	5.67607762557
2407	378.818275114	1753.99875537	319.445162674	253.988898402	539.222271689	79.305902968	16.8549126712	9.02731603881	7.92897368721	94.4268436073	22.1731472603	162.341381279	17.1816255708	0.0	14.9203127854	4.22590656393	2.90763184932	0.373479623288	3.62850144055	34.351222032	5.58156960265	0.490867188127	18.9155928695	3.23033233975	2.36468472902	0.113874583685	3.36978455701	0.0333492959959	79.5479000541	5.67607762557
2408	378.818275114	1753.99875537	319.445162674	253.988898402	539.222271689	79.305902968	16.8549126712	9.02731603881	7.92897368721	94.4268436073	22.1731472603	162.341381279	17.1816255708	0.0	14.9203127854	4.22590656393	2.90763184932	0.373479623288	3.62850144055	34.351222032	5.58156960265	0.490867188127	18.9155928695	3.23033233975	2.36468472902	0.113874583685	3.36978455701	0.0333492959959	79.5479000541	5.67607762557
2409	378.818275114	1753.99875537	319.445162674	253.988898402	539.222271689	79.305902968	16.8549126712	9.02731603881	7.92897368721	94.4268436073	22.1731472603	162.341381279	17.1816255708	0.0	14.9203127854	4.22590656393	2.90763184932	0.373479623288	3.62850144055	34.351222032	5.58156960265	0.490867188127	18.9155928695	3.23033233975	2.36468472902	0.113874583685	3.36978455701	0.0333492959959	79.5479000541	5.67607762557
2410	378.818275114	1753.99875537	319.445162674	253.988898402	539.222271689	79.305902968	16.8549126712	9.02731603881	7.92897368721	94.4268436073	22.1731472603	162.341381279	17.1816255708	0.0	14.9203127854	4.22590656393	2.90763184932	0.373479623288	3.62850144055	34.351222032	5.58156960265	0.490867188127	18.9155928695	3.23033233975	2.36468472902	0.113874583685	3.36978455701	0.0333492959959	79.5479000541	5.67607762557
2411	378.818275114	1753.99875537	319.445162674	253.988898402	539.222271689	79.305902968	16.8549126712	9.02731603881	7.92897368721	94.4268436073	22.1731472603	162.341381279	17.1816255708	0.0	14.9203127854	4.22590656393	2.90763184932	0.373479623288	3.62850144055	34.351222032	5.58156960265	0.490867188127	18.9155928695	3.23033233975	2.36468472902	0.113874583685	3.36978455701	0.0333492959959	79.5479000541	5.67607762557
2412	378.818275114	1753.99875537	319.445162674	253.988898402	539.222271689	79.305902968	16.8549126712	9.02731603881	7.92897368721	94.4268436073	22.1731472603	162.341381279	17.1816255708	0.0	14.9203127854	4.22590656393	2.90763184932	0.373479623288	3.62850144055	34.351222032	5.58156960265	0.490867188127	18.9155928695	3.23033233975	2.36468472902	0.113874583685	3.36978455701	0.0333492959959	79.5479000541	5.67607762557
2413	378.818275114	1753.99875537	319.445162674	253.988898402	539.222271689	79.305902968	16.8549126712	9.02731603881	7.92897368721	94.4268436073	22.1731472603	162.341381279	17.1816255708	0.0	14.9203127854	4.22590656393	2.90763184932	0.373479623288	3.62850144055	34.351222032	5.58156960265	0.490867188127	18.9155928695	3.23033233975	2.36468472902	0.113874583685	3.36978455701	0.0333492959959	79.5479000541	5.67607762557
2414	378.818275114	1753.99875537	319.445162674	253.988898402	539.222271689	79.305902968	16.8549126712	9.02731603881	7.92897368721	94.4268436073	22.1731472603	162.341381279	17.1816255708	0.0	14.9203127854	4.22590656393	2.90763184932	0.373479623288	3.62850144055	34.351222032	5.58156960265	0.490867188127	18.9155928695	3.23033233975	2.36468472902	0.113874583685	3.36978455701	0.0333492959959	79.5479000541	5.67607762557
2415	378.818275114	1753.99875537	319.445162674	253.988898402	539.222271689	79.305902968	16.8549126712	9.02731603881	7.92897368721	94.4268436073	22.1731472603	162.341381279	17.1816255708	0.0	14.9203127854	4.22590656393	2.90763184932	0.373479623288	3.62850144055	34.351222032	5.58156960265	0.490867188127	18.9155928695	3.23033233975	2.36468472902	0.113874583685	3.36978455701	0.0333492959959	79.5479000541	5.67607762557
2416	378.818275114	1753.99875537	319.445162674	253.988898402	539.222271689	79.305902968	16.8549126712	9.02731603881	7.92897368721	94.4268436073	22.1731472603	162.341381279	17.1816255708	0.0	14.9203127854	4.22590656393	2.90763184932	0.373479623288	3.62850144055	34.351222032	5.58156960265	0.490867188127	18.9155928695	3.23033233975	2.36468472902	0.113874583685	3.36978455701	0.0333492959959	79.5479000541	5.67607762557
2417	378.818275114	1753.99875537	319.445162674	253.988898402	539.222271689	79.305902968	16.8549126712	9.02731603881	7.92897368721	94.4268436073	22.1731472603	162.341381279	17.1816255708	0.0	14.9203127854	4.22590656393	2.90763184932	0.373479623288	3.62850144055	34.351222032	5.58156960265	0.490867188127	18.9155928695	3.23033233975	2.36468472902	0.113874583685	3.36978455701	0.0333492959959	79.5479000541	5.67607762557
2418	378.818275114	1753.99875537	319.445162674	253.988898402	539.222271689	79.305902968	16.8549126712	9.02731603881	7.92897368721	94.4268436073	22.1731472603	162.341381279	17.1816255708	0.0	14.9203127854	4.22590656393	2.90763184932	0.373479623288	3.62850144055	34.351222032	5.58156960265	0.490867188127	18.9155928695	3.23033233975	2.36468472902	0.113874583685	3.36978455701	0.0333492959959	79.5479000541	5.67607762557
2419	378.818275114	1753.99875537	319.445162674	253.988898402	539.222271689	79.305902968	16.8549126712	9.02731603881	7.92897368721	94.4268436073	22.1731472603	162.341381279	17.1816255708	0.0	14.9203127854	4.22590656393	2.90763184932	0.373479623288	3.62850144055	34.351222032	5.58156960265	0.490867188127	18.9155928695	3.23033233975	2.36468472902	0.113874583685	3.36978455701	0.0333492959959	79.5479000541	5.67607762557
2420	378.818275114	1753.99875537	319.445162674	253.988898402	539.222271689	79.305902968	16.8549126712	9.02731603881	7.92897368721	94.4268436073	22.1731472603	162.341381279	17.1816255708	0.0	14.9203127854	4.22590656393	2.90763184932	0.373479623288	3.62850144055	34.351222032	5.58156960265	0.490867188127	18.9155928695	3.23033233975	2.36468472902	0.113874583685	3.36978455701	0.0333492959959	79.5479000541	5.67607762557
2421	378.818275114	1753.99875537	319.445162674	253.988898402	539.222271689	79.305902968	16.8549126712	9.02731603881	7.92897368721	94.4268436073	22.1731472603	162.341381279	17.1816255708	0.0	14.9203127854	4.22590656393	2.90763184932	0.373479623288	3.62850144055	34.351222032	5.58156960265	0.490867188127	18.9155928695	3.23033233975	2.36468472902	0.113874583685	3.36978455701	0.0333492959959	79.5479000541	5.67607762557
2422	378.818275114	1753.99875537	319.445162674	253.988898402	539.222271689	79.305902968	16.8549126712	9.02731603881	7.92897368721	94.4268436073	22.1731472603	162.341381279	17.1816255708	0.0	14.9203127854	4.22590656393	2.90763184932	0.373479623288	3.62850144055	34.351222032	5.58156960265	0.490867188127	18.9155928695	3.23033233975	2.36468472902	0.113874583685	3.36978455701	0.0333492959959	79.5479000541	5.67607762557
2423	378.818275114	1753.99875537	319.445162674	253.988898402	539.222271689	79.305902968	16.8549126712	9.02731603881	7.92897368721	94.4268436073	22.1731472603	162.341381279	17.1816255708	0.0	14.9203127854	4.22590656393	2.90763184932	0.373479623288	3.62850144055	34.351222032	5.58156960265	0.490867188127	18.9155928695	3.23033233975	2.36468472902	0.113874583685	3.36978455701	0.0333492959959	79.5479000541	5.67607762557
2424	378.818275114	1753.99875537	319.445162674	253.988898402	539.222271689	79.305902968	16.8549126712	9.02731603881	7.92897368721	94.4268436073	22.1731472603	162.341381279	17.1816255708	0.0	14.9203127854	4.22590656393	2.90763184932	0.373479623288	3.62850144055	34.351222032	5.58156960265	0.490867188127	18.9155928695	3.23033233975	2.36468472902	0.113874583685	3.36978455701	0.0333492959959	79.5479000541	5.67607762557
2425	378.818275114	1753.99875537	319.445162674	253.988898402	539.222271689	79.305902968	16.8549126712	9.02731603881	7.92897368721	94.4268436073	22.1731472603	162.341381279	17.1816255708	0.0	14.9203127854	4.22590656393	2.90763184932	0.373479623288	3.62850144055	34.351222032	5.58156960265	0.490867188127	18.9155928695	3.23033233975	2.36468472902	0.113874583685	3.36978455701	0.0333492959959	79.5479000541	5.67607762557
2426	378.818275114	1753.99875537	319.445162674	253.988898402	539.222271689	79.305902968	16.8549126712	9.02731603881	7.92897368721	94.4268436073	22.1731472603	162.341381279	17.1816255708	0.0	14.9203127854	4.22590656393	2.90763184932	0.373479623288	3.62850144055	34.351222032	5.58156960265	0.490867188127	18.9155928695	3.23033233975	2.36468472902	0.113874583685	3.36978455701	0.0333492959959	79.5479000541	5.67607762557
2427	378.818275114	1753.99875537	319.445162674	253.988898402	539.222271689	79.305902968	16.8549126712	9.02731603881	7.92897368721	94.4268436073	22.1731472603	162.341381279	17.1816255708	0.0	14.9203127854	4.22590656393	2.90763184932	0.373479623288	3.62850144055	34.351222032	5.58156960265	0.490867188127	18.9155928695	3.23033233975	2.36468472902	0.113874583685	3.36978455701	0.0333492959959	79.5479000541	5.67607762557
2428	378.818275114	1753.99875537	319.445162674	253.988898402	539.222271689	79.305902968	16.8549126712	9.02731603881	7.92897368721	94.4268436073	22.1731472603	162.341381279	17.1816255708	0.0	14.9203127854	4.22590656393	2.90763184932	0.373479623288	3.62850144055	34.351222032	5.58156960265	0.490867188127	18.9155928695	3.23033233975	2.36468472902	0.113874583685	3.36978455701	0.0333492959959	79.5479000541	5.67607762557
2429	378.818275114	1753.99875537	319.445162674	253.988898402	539.222271689	79.305902968	16.8549126712	9.02731603881	7.92897368721	94.4268436073	22.1731472603	162.341381279	17.1816255708	0.0	14.9203127854	4.22590656393	2.90763184932	0.373479623288	3.62850144055	34.351222032	5.58156960265	0.490867188127	18.9155928695	3.23033233975	2.36468472902	0.113874583685	3.36978455701	0.0333492959959	79.5479000541	5.67607762557
2430	378.818275114	1753.99875537	319.445162674	253.988898402	539.222271689	79.305902968	16.8549126712	9.02731603881	7.92897368721	94.4268436073	22.1731472603	162.341381279	17.1816255708	0.0	14.9203127854	4.22590656393	2.90763184932	0.373479623288	3.62850144055	34.351222032	5.58156960265	0.490867188127	18.9155928695	3.23033233975	2.36468472902	0.113874583685	3.36978455701	0.0333492959959	79.5479000541	5.67607762557
2431	378.818275114	1753.99875537	319.445162674	253.988898402	539.222271689	79.305902968	16.8549126712	9.02731603881	7.92897368721	94.4268436073	22.1731472603	162.341381279	17.1816255708	0.0	14.9203127854	4.22590656393	2.90763184932	0.373479623288	3.62850144055	34.351222032	5.58156960265	0.490867188127	18.9155928695	3.23033233975	2.36468472902	0.113874583685	3.36978455701	0.0333492959959	79.5479000541	5.67607762557
2432	378.818275114	1753.99875537	319.445162674	253.988898402	539.222271689	79.305902968	16.8549126712	9.02731603881	7.92897368721	94.4268436073	22.1731472603	162.341381279	17.1816255708	0.0	14.9203127854	4.22590656393	2.90763184932	0.373479623288	3.62850144055	34.351222032	5.58156960265	0.490867188127	18.9155928695	3.23033233975	2.36468472902	0.113874583685	3.36978455701	0.0333492959959	79.5479000541	5.67607762557
2433	378.818275114	1753.99875537	319.445162674	253.988898402	539.222271689	79.305902968	16.8549126712	9.02731603881	7.92897368721	94.4268436073	22.1731472603	162.341381279	17.1816255708	0.0	14.9203127854	4.22590656393	2.90763184932	0.373479623288	3.62850144055	34.351222032	5.58156960265	0.490867188127	18.9155928695	3.23033233975	2.36468472902	0.113874583685	3.36978455701	0.0333492959959	79.5479000541	5.67607762557
2434	378.818275114	1753.99875537	319.445162674	253.988898402	539.222271689	79.305902968	16.8549126712	9.02731603881	7.92897368721	94.4268436073	22.1731472603	162.341381279	17.1816255708	0.0	14.9203127854	4.22590656393	2.90763184932	0.373479623288	3.62850144055	34.351222032	5.58156960265	0.490867188127	18.9155928695	3.23033233975	2.36468472902	0.113874583685	3.36978455701	0.0333492959959	79.5479000541	5.67607762557
2435	378.818275114	1753.99875537	319.445162674	253.988898402	539.222271689	79.305902968	16.8549126712	9.02731603881	7.92897368721	94.4268436073	22.1731472603	162.341381279	17.1816255708	0.0	14.9203127854	4.22590656393	2.90763184932	0.373479623288	3.62850144055	34.351222032	5.58156960265	0.490867188127	18.9155928695	3.23033233975	2.36468472902	0.113874583685	3.36978455701	0.0333492959959	79.5479000541	5.67607762557
2436	378.818275114	1753.99875537	319.445162674	253.988898402	539.222271689	79.305902968	16.8549126712	9.02731603881	7.92897368721	94.4268436073	22.1731472603	162.341381279	17.1816255708	0.0	14.9203127854	4.22590656393	2.90763184932	0.373479623288	3.62850144055	34.351222032	5.58156960265	0.490867188127	18.9155928695	3.23033233975	2.36468472902	0.113874583685	3.36978455701	0.0333492959959	79.5479000541	5.67607762557
2437	378.818275114	1753.99875537	319.445162674	253.988898402	539.222271689	79.305902968	16.8549126712	9.02731603881	7.92897368721	94.4268436073	22.1731472603	162.341381279	17.1816255708	0.0	14.9203127854	4.22590656393	2.90763184932	0.373479623288	3.62850144055	34.351222032	5.58156960265	0.490867188127	18.9155928695	3.23033233975	2.36468472902	0.113874583685	3.36978455701	0.0333492959959	79.5479000541	5.67607762557
2438	378.818275114	1753.99875537	319.445162674	253.988898402	539.222271689	79.305902968	16.8549126712	9.02731603881	7.92897368721	94.4268436073	22.1731472603	162.341381279	17.1816255708	0.0	14.9203127854	4.22590656393	2.90763184932	0.373479623288	3.62850144055	34.351222032	5.58156960265	0.490867188127	18.9155928695	3.23033233975	2.36468472902	0.113874583685	3.36978455701	0.0333492959959	79.5479000541	5.67607762557
2439	378.818275114	1753.99875537	319.445162674	253.988898402	539.222271689	79.305902968	16.8549126712	9.02731603881	7.92897368721	94.4268436073	22.1731472603	162.341381279	17.1816255708	0.0	14.9203127854	4.22590656393	2.90763184932	0.373479623288	3.62850144055	34.351222032	5.58156960265	0.490867188127	18.9155928695	3.23033233975	2.36468472902	0.113874583685	3.36978455701	0.0333492959959	79.5479000541	5.67607762557
2440	378.818275114	1753.99875537	319.445162674	253.988898402	539.222271689	79.305902968	16.8549126712	9.02731603881	7.92897368721	94.4268436073	22.1731472603	162.341381279	17.1816255708	0.0	14.9203127854	4.22590656393	2.90763184932	0.373479623288	3.62850144055	34.351222032	5.58156960265	0.490867188127	18.9155928695	3.23033233975	2.36468472902	0.113874583685	3.36978455701	0.0333492959959	79.5479000541	5.67607762557
2441	378.818275114	1753.99875537	319.445162674	253.988898402	539.222271689	79.305902968	16.8549126712	9.02731603881	7.92897368721	94.4268436073	22.1731472603	162.341381279	17.1816255708	0.0	14.9203127854	4.22590656393	2.90763184932	0.373479623288	3.62850144055	34.351222032	5.58156960265	0.490867188127	18.9155928695	3.23033233975	2.36468472902	0.113874583685	3.36978455701	0.0333492959959	79.5479000541	5.67607762557
2442	378.818275114	1753.99875537	319.445162674	253.988898402	539.222271689	79.305902968	16.8549126712	9.02731603881	7.92897368721	94.4268436073	22.1731472603	162.341381279	17.1816255708	0.0	14.9203127854	4.22590656393	2.90763184932	0.373479623288	3.62850144055	34.351222032	5.58156960265	0.490867188127	18.9155928695	3.23033233975	2.36468472902	0.113874583685	3.36978455701	0.0333492959959	79.5479000541	5.67607762557
2443	378.818275114	1753.99875537	319.445162674	253.988898402	539.222271689	79.305902968	16.8549126712	9.02731603881	7.92897368721	94.4268436073	22.1731472603	162.341381279	17.1816255708	0.0	14.9203127854	4.22590656393	2.90763184932	0.373479623288	3.62850144055	34.351222032	5.58156960265	0.490867188127	18.9155928695	3.23033233975	2.36468472902	0.113874583685	3.36978455701	0.0333492959959	79.5479000541	5.67607762557
2444	378.818275114	1753.99875537	319.445162674	253.988898402	539.222271689	79.305902968	16.8549126712	9.02731603881	7.92897368721	94.4268436073	22.1731472603	162.341381279	17.1816255708	0.0	14.9203127854	4.22590656393	2.90763184932	0.373479623288	3.62850144055	34.351222032	5.58156960265	0.490867188127	18.9155928695	3.23033233975	2.36468472902	0.113874583685	3.36978455701	0.0333492959959	79.5479000541	5.67607762557
2445	378.818275114	1753.99875537	319.445162674	253.988898402	539.222271689	79.305902968	16.8549126712	9.02731603881	7.92897368721	94.4268436073	22.1731472603	162.341381279	17.1816255708	0.0	14.9203127854	4.22590656393	2.90763184932	0.373479623288	3.62850144055	34.351222032	5.58156960265	0.490867188127	18.9155928695	3.23033233975	2.36468472902	0.113874583685	3.36978455701	0.0333492959959	79.5479000541	5.67607762557
2446	378.818275114	1753.99875537	319.445162674	253.988898402	539.222271689	79.305902968	16.8549126712	9.02731603881	7.92897368721	94.4268436073	22.1731472603	162.341381279	17.1816255708	0.0	14.9203127854	4.22590656393	2.90763184932	0.373479623288	3.62850144055	34.351222032	5.58156960265	0.490867188127	18.9155928695	3.23033233975	2.36468472902	0.113874583685	3.36978455701	0.0333492959959	79.5479000541	5.67607762557
2447	378.818275114	1753.99875537	319.445162674	253.988898402	539.222271689	79.305902968	16.8549126712	9.02731603881	7.92897368721	94.4268436073	22.1731472603	162.341381279	17.1816255708	0.0	14.9203127854	4.22590656393	2.90763184932	0.373479623288	3.62850144055	34.351222032	5.58156960265	0.490867188127	18.9155928695	3.23033233975	2.36468472902	0.113874583685	3.36978455701	0.0333492959959	79.5479000541	5.67607762557
2448	378.818275114	1753.99875537	319.445162674	253.988898402	539.222271689	79.305902968	16.8549126712	9.02731603881	7.92897368721	94.4268436073	22.1731472603	162.341381279	17.1816255708	0.0	14.9203127854	4.22590656393	2.90763184932	0.373479623288	3.62850144055	34.351222032	5.58156960265	0.490867188127	18.9155928695	3.23033233975	2.36468472902	0.113874583685	3.36978455701	0.0333492959959	79.5479000541	5.67607762557
2449	378.818275114	1753.99875537	319.445162674	253.988898402	539.222271689	79.305902968	16.8549126712	9.02731603881	7.92897368721	94.4268436073	22.1731472603	162.341381279	17.1816255708	0.0	14.9203127854	4.22590656393	2.90763184932	0.373479623288	3.62850144055	34.351222032	5.58156960265	0.490867188127	18.9155928695	3.23033233975	2.36468472902	0.113874583685	3.36978455701	0.0333492959959	79.5479000541	5.67607762557
2450	378.818275114	1753.99875537	319.445162674	253.988898402	539.222271689	79.305902968	16.8549126712	9.02731603881	7.92897368721	94.4268436073	22.1731472603	162.341381279	17.1816255708	0.0	14.9203127854	4.22590656393	2.90763184932	0.373479623288	3.62850144055	34.351222032	5.58156960265	0.490867188127	18.9155928695	3.23033233975	2.36468472902	0.113874583685	3.36978455701	0.0333492959959	79.5479000541	5.67607762557
2451	378.818275114	1753.99875537	319.445162674	253.988898402	539.222271689	79.305902968	16.8549126712	9.02731603881	7.92897368721	94.4268436073	22.1731472603	162.341381279	17.1816255708	0.0	14.9203127854	4.22590656393	2.90763184932	0.373479623288	3.62850144055	34.351222032	5.58156960265	0.490867188127	18.9155928695	3.23033233975	2.36468472902	0.113874583685	3.36978455701	0.0333492959959	79.5479000541	5.67607762557
2452	378.818275114	1753.99875537	319.445162674	253.988898402	539.222271689	79.305902968	16.8549126712	9.02731603881	7.92897368721	94.4268436073	22.1731472603	162.341381279	17.1816255708	0.0	14.9203127854	4.22590656393	2.90763184932	0.373479623288	3.62850144055	34.351222032	5.58156960265	0.490867188127	18.9155928695	3.23033233975	2.36468472902	0.113874583685	3.36978455701	0.0333492959959	79.5479000541	5.67607762557
2453	378.818275114	1753.99875537	319.445162674	253.988898402	539.222271689	79.305902968	16.8549126712	9.02731603881	7.92897368721	94.4268436073	22.1731472603	162.341381279	17.1816255708	0.0	14.9203127854	4.22590656393	2.90763184932	0.373479623288	3.62850144055	34.351222032	5.58156960265	0.490867188127	18.9155928695	3.23033233975	2.36468472902	0.113874583685	3.36978455701	0.0333492959959	79.5479000541	5.67607762557
2454	378.818275114	1753.99875537	319.445162674	253.988898402	539.222271689	79.305902968	16.8549126712	9.02731603881	7.92897368721	94.4268436073	22.1731472603	162.341381279	17.1816255708	0.0	14.9203127854	4.22590656393	2.90763184932	0.373479623288	3.62850144055	34.351222032	5.58156960265	0.490867188127	18.9155928695	3.23033233975	2.36468472902	0.113874583685	3.36978455701	0.0333492959959	79.5479000541	5.67607762557
2455	378.818275114	1753.99875537	319.445162674	253.988898402	539.222271689	79.305902968	16.8549126712	9.02731603881	7.92897368721	94.4268436073	22.1731472603	162.341381279	17.1816255708	0.0	14.9203127854	4.22590656393	2.90763184932	0.373479623288	3.62850144055	34.351222032	5.58156960265	0.490867188127	18.9155928695	3.23033233975	2.36468472902	0.113874583685	3.36978455701	0.0333492959959	79.5479000541	5.67607762557
2456	378.818275114	1753.99875537	319.445162674	253.988898402	539.222271689	79.305902968	16.8549126712	9.02731603881	7.92897368721	94.4268436073	22.1731472603	162.341381279	17.1816255708	0.0	14.9203127854	4.22590656393	2.90763184932	0.373479623288	3.62850144055	34.351222032	5.58156960265	0.490867188127	18.9155928695	3.23033233975	2.36468472902	0.113874583685	3.36978455701	0.0333492959959	79.5479000541	5.67607762557
2457	378.818275114	1753.99875537	319.445162674	253.988898402	539.222271689	79.305902968	16.8549126712	9.02731603881	7.92897368721	94.4268436073	22.1731472603	162.341381279	17.1816255708	0.0	14.9203127854	4.22590656393	2.90763184932	0.373479623288	3.62850144055	34.351222032	5.58156960265	0.490867188127	18.9155928695	3.23033233975	2.36468472902	0.113874583685	3.36978455701	0.0333492959959	79.5479000541	5.67607762557
2458	378.818275114	1753.99875537	319.445162674	253.988898402	539.222271689	79.305902968	16.8549126712	9.02731603881	7.92897368721	94.4268436073	22.1731472603	162.341381279	17.1816255708	0.0	14.9203127854	4.22590656393	2.90763184932	0.373479623288	3.62850144055	34.351222032	5.58156960265	0.490867188127	18.9155928695	3.23033233975	2.36468472902	0.113874583685	3.36978455701	0.0333492959959	79.5479000541	5.67607762557
2459	378.818275114	1753.99875537	319.445162674	253.988898402	539.222271689	79.305902968	16.8549126712	9.02731603881	7.92897368721	94.4268436073	22.1731472603	162.341381279	17.1816255708	0.0	14.9203127854	4.22590656393	2.90763184932	0.373479623288	3.62850144055	34.351222032	5.58156960265	0.490867188127	18.9155928695	3.23033233975	2.36468472902	0.113874583685	3.36978455701	0.0333492959959	79.5479000541	5.67607762557
2460	378.818275114	1753.99875537	319.445162674	253.988898402	539.222271689	79.305902968	16.8549126712	9.02731603881	7.92897368721	94.4268436073	22.1731472603	162.341381279	17.1816255708	0.0	14.9203127854	4.22590656393	2.90763184932	0.373479623288	3.62850144055	34.351222032	5.58156960265	0.490867188127	18.9155928695	3.23033233975	2.36468472902	0.113874583685	3.36978455701	0.0333492959959	79.5479000541	5.67607762557
2461	378.818275114	1753.99875537	319.445162674	253.988898402	539.222271689	79.305902968	16.8549126712	9.02731603881	7.92897368721	94.4268436073	22.1731472603	162.341381279	17.1816255708	0.0	14.9203127854	4.22590656393	2.90763184932	0.373479623288	3.62850144055	34.351222032	5.58156960265	0.490867188127	18.9155928695	3.23033233975	2.36468472902	0.113874583685	3.36978455701	0.0333492959959	79.5479000541	5.67607762557
2462	378.818275114	1753.99875537	319.445162674	253.988898402	539.222271689	79.305902968	16.8549126712	9.02731603881	7.92897368721	94.4268436073	22.1731472603	162.341381279	17.1816255708	0.0	14.9203127854	4.22590656393	2.90763184932	0.373479623288	3.62850144055	34.351222032	5.58156960265	0.490867188127	18.9155928695	3.23033233975	2.36468472902	0.113874583685	3.36978455701	0.0333492959959	79.5479000541	5.67607762557
2463	378.818275114	1753.99875537	319.445162674	253.988898402	539.222271689	79.305902968	16.8549126712	9.02731603881	7.92897368721	94.4268436073	22.1731472603	162.341381279	17.1816255708	0.0	14.9203127854	4.22590656393	2.90763184932	0.373479623288	3.62850144055	34.351222032	5.58156960265	0.490867188127	18.9155928695	3.23033233975	2.36468472902	0.113874583685	3.36978455701	0.0333492959959	79.5479000541	5.67607762557
2464	378.818275114	1753.99875537	319.445162674	253.988898402	539.222271689	79.305902968	16.8549126712	9.02731603881	7.92897368721	94.4268436073	22.1731472603	162.341381279	17.1816255708	0.0	14.9203127854	4.22590656393	2.90763184932	0.373479623288	3.62850144055	34.351222032	5.58156960265	0.490867188127	18.9155928695	3.23033233975	2.36468472902	0.113874583685	3.36978455701	0.0333492959959	79.5479000541	5.67607762557
2465	378.818275114	1753.99875537	319.445162674	253.988898402	539.222271689	79.305902968	16.8549126712	9.02731603881	7.92897368721	94.4268436073	22.1731472603	162.341381279	17.1816255708	0.0	14.9203127854	4.22590656393	2.90763184932	0.373479623288	3.62850144055	34.351222032	5.58156960265	0.490867188127	18.9155928695	3.23033233975	2.36468472902	0.113874583685	3.36978455701	0.0333492959959	79.5479000541	5.67607762557
2466	378.818275114	1753.99875537	319.445162674	253.988898402	539.222271689	79.305902968	16.8549126712	9.02731603881	7.92897368721	94.4268436073	22.1731472603	162.341381279	17.1816255708	0.0	14.9203127854	4.22590656393	2.90763184932	0.373479623288	3.62850144055	34.351222032	5.58156960265	0.490867188127	18.9155928695	3.23033233975	2.36468472902	0.113874583685	3.36978455701	0.0333492959959	79.5479000541	5.67607762557
2467	378.818275114	1753.99875537	319.445162674	253.988898402	539.222271689	79.305902968	16.8549126712	9.02731603881	7.92897368721	94.4268436073	22.1731472603	162.341381279	17.1816255708	0.0	14.9203127854	4.22590656393	2.90763184932	0.373479623288	3.62850144055	34.351222032	5.58156960265	0.490867188127	18.9155928695	3.23033233975	2.36468472902	0.113874583685	3.36978455701	0.0333492959959	79.5479000541	5.67607762557
2468	378.818275114	1753.99875537	319.445162674	253.988898402	539.222271689	79.305902968	16.8549126712	9.02731603881	7.92897368721	94.4268436073	22.1731472603	162.341381279	17.1816255708	0.0	14.9203127854	4.22590656393	2.90763184932	0.373479623288	3.62850144055	34.351222032	5.58156960265	0.490867188127	18.9155928695	3.23033233975	2.36468472902	0.113874583685	3.36978455701	0.0333492959959	79.5479000541	5.67607762557
2469	378.818275114	1753.99875537	319.445162674	253.988898402	539.222271689	79.305902968	16.8549126712	9.02731603881	7.92897368721	94.4268436073	22.1731472603	162.341381279	17.1816255708	0.0	14.9203127854	4.22590656393	2.90763184932	0.373479623288	3.62850144055	34.351222032	5.58156960265	0.490867188127	18.9155928695	3.23033233975	2.36468472902	0.113874583685	3.36978455701	0.0333492959959	79.5479000541	5.67607762557
2470	378.818275114	1753.99875537	319.445162674	253.988898402	539.222271689	79.305902968	16.8549126712	9.02731603881	7.92897368721	94.4268436073	22.1731472603	162.341381279	17.1816255708	0.0	14.9203127854	4.22590656393	2.90763184932	0.373479623288	3.62850144055	34.351222032	5.58156960265	0.490867188127	18.9155928695	3.23033233975	2.36468472902	0.113874583685	3.36978455701	0.0333492959959	79.5479000541	5.67607762557
2471	378.818275114	1753.99875537	319.445162674	253.988898402	539.222271689	79.305902968	16.8549126712	9.02731603881	7.92897368721	94.4268436073	22.1731472603	162.341381279	17.1816255708	0.0	14.9203127854	4.22590656393	2.90763184932	0.373479623288	3.62850144055	34.351222032	5.58156960265	0.490867188127	18.9155928695	3.23033233975	2.36468472902	0.113874583685	3.36978455701	0.0333492959959	79.5479000541	5.67607762557
2472	378.818275114	1753.99875537	319.445162674	253.988898402	539.222271689	79.305902968	16.8549126712	9.02731603881	7.92897368721	94.4268436073	22.1731472603	162.341381279	17.1816255708	0.0	14.9203127854	4.22590656393	2.90763184932	0.373479623288	3.62850144055	34.351222032	5.58156960265	0.490867188127	18.9155928695	3.23033233975	2.36468472902	0.113874583685	3.36978455701	0.0333492959959	79.5479000541	5.67607762557
2473	378.818275114	1753.99875537	319.445162674	253.988898402	539.222271689	79.305902968	16.8549126712	9.02731603881	7.92897368721	94.4268436073	22.1731472603	162.341381279	17.1816255708	0.0	14.9203127854	4.22590656393	2.90763184932	0.373479623288	3.62850144055	34.351222032	5.58156960265	0.490867188127	18.9155928695	3.23033233975	2.36468472902	0.113874583685	3.36978455701	0.0333492959959	79.5479000541	5.67607762557
2474	378.818275114	1753.99875537	319.445162674	253.988898402	539.222271689	79.305902968	16.8549126712	9.02731603881	7.92897368721	94.4268436073	22.1731472603	162.341381279	17.1816255708	0.0	14.9203127854	4.22590656393	2.90763184932	0.373479623288	3.62850144055	34.351222032	5.58156960265	0.490867188127	18.9155928695	3.23033233975	2.36468472902	0.113874583685	3.36978455701	0.0333492959959	79.5479000541	5.67607762557
2475	378.818275114	1753.99875537	319.445162674	253.988898402	539.222271689	79.305902968	16.8549126712	9.02731603881	7.92897368721	94.4268436073	22.1731472603	162.341381279	17.1816255708	0.0	14.9203127854	4.22590656393	2.90763184932	0.373479623288	3.62850144055	34.351222032	5.58156960265	0.490867188127	18.9155928695	3.23033233975	2.36468472902	0.113874583685	3.36978455701	0.0333492959959	79.5479000541	5.67607762557
2476	378.818275114	1753.99875537	319.445162674	253.988898402	539.222271689	79.305902968	16.8549126712	9.02731603881	7.92897368721	94.4268436073	22.1731472603	162.341381279	17.1816255708	0.0	14.9203127854	4.22590656393	2.90763184932	0.373479623288	3.62850144055	34.351222032	5.58156960265	0.490867188127	18.9155928695	3.23033233975	2.36468472902	0.113874583685	3.36978455701	0.0333492959959	79.5479000541	5.67607762557
2477	378.818275114	1753.99875537	319.445162674	253.988898402	539.222271689	79.305902968	16.8549126712	9.02731603881	7.92897368721	94.4268436073	22.1731472603	162.341381279	17.1816255708	0.0	14.9203127854	4.22590656393	2.90763184932	0.373479623288	3.62850144055	34.351222032	5.58156960265	0.490867188127	18.9155928695	3.23033233975	2.36468472902	0.113874583685	3.36978455701	0.0333492959959	79.5479000541	5.67607762557
2478	378.818275114	1753.99875537	319.445162674	253.988898402	539.222271689	79.305902968	16.8549126712	9.02731603881	7.92897368721	94.4268436073	22.1731472603	162.341381279	17.1816255708	0.0	14.9203127854	4.22590656393	2.90763184932	0.373479623288	3.62850144055	34.351222032	5.58156960265	0.490867188127	18.9155928695	3.23033233975	2.36468472902	0.113874583685	3.36978455701	0.0333492959959	79.5479000541	5.67607762557
2479	378.818275114	1753.99875537	319.445162674	253.988898402	539.222271689	79.305902968	16.8549126712	9.02731603881	7.92897368721	94.4268436073	22.1731472603	162.341381279	17.1816255708	0.0	14.9203127854	4.22590656393	2.90763184932	0.373479623288	3.62850144055	34.351222032	5.58156960265	0.490867188127	18.9155928695	3.23033233975	2.36468472902	0.113874583685	3.36978455701	0.0333492959959	79.5479000541	5.67607762557
2480	378.818275114	1753.99875537	319.445162674	253.988898402	539.222271689	79.305902968	16.8549126712	9.02731603881	7.92897368721	94.4268436073	22.1731472603	162.341381279	17.1816255708	0.0	14.9203127854	4.22590656393	2.90763184932	0.373479623288	3.62850144055	34.351222032	5.58156960265	0.490867188127	18.9155928695	3.23033233975	2.36468472902	0.113874583685	3.36978455701	0.0333492959959	79.5479000541	5.67607762557
2481	378.818275114	1753.99875537	319.445162674	253.988898402	539.222271689	79.305902968	16.8549126712	9.02731603881	7.92897368721	94.4268436073	22.1731472603	162.341381279	17.1816255708	0.0	14.9203127854	4.22590656393	2.90763184932	0.373479623288	3.62850144055	34.351222032	5.58156960265	0.490867188127	18.9155928695	3.23033233975	2.36468472902	0.113874583685	3.36978455701	0.0333492959959	79.5479000541	5.67607762557
2482	378.818275114	1753.99875537	319.445162674	253.988898402	539.222271689	79.305902968	16.8549126712	9.02731603881	7.92897368721	94.4268436073	22.1731472603	162.341381279	17.1816255708	0.0	14.9203127854	4.22590656393	2.90763184932	0.373479623288	3.62850144055	34.351222032	5.58156960265	0.490867188127	18.9155928695	3.23033233975	2.36468472902	0.113874583685	3.36978455701	0.0333492959959	79.5479000541	5.67607762557
2483	378.818275114	1753.99875537	319.445162674	253.988898402	539.222271689	79.305902968	16.8549126712	9.02731603881	7.92897368721	94.4268436073	22.1731472603	162.341381279	17.1816255708	0.0	14.9203127854	4.22590656393	2.90763184932	0.373479623288	3.62850144055	34.351222032	5.58156960265	0.490867188127	18.9155928695	3.23033233975	2.36468472902	0.113874583685	3.36978455701	0.0333492959959	79.5479000541	5.67607762557
2484	378.818275114	1753.99875537	319.445162674	253.988898402	539.222271689	79.305902968	16.8549126712	9.02731603881	7.92897368721	94.4268436073	22.1731472603	162.341381279	17.1816255708	0.0	14.9203127854	4.22590656393	2.90763184932	0.373479623288	3.62850144055	34.351222032	5.58156960265	0.490867188127	18.9155928695	3.23033233975	2.36468472902	0.113874583685	3.36978455701	0.0333492959959	79.5479000541	5.67607762557
2485	378.818275114	1753.99875537	319.445162674	253.988898402	539.222271689	79.305902968	16.8549126712	9.02731603881	7.92897368721	94.4268436073	22.1731472603	162.341381279	17.1816255708	0.0	14.9203127854	4.22590656393	2.90763184932	0.373479623288	3.62850144055	34.351222032	5.58156960265	0.490867188127	18.9155928695	3.23033233975	2.36468472902	0.113874583685	3.36978455701	0.0333492959959	79.5479000541	5.67607762557
2486	378.818275114	1753.99875537	319.445162674	253.988898402	539.222271689	79.305902968	16.8549126712	9.02731603881	7.92897368721	94.4268436073	22.1731472603	162.341381279	17.1816255708	0.0	14.9203127854	4.22590656393	2.90763184932	0.373479623288	3.62850144055	34.351222032	5.58156960265	0.490867188127	18.9155928695	3.23033233975	2.36468472902	0.113874583685	3.36978455701	0.0333492959959	79.5479000541	5.67607762557
2487	378.818275114	1753.99875537	319.445162674	253.988898402	539.222271689	79.305902968	16.8549126712	9.02731603881	7.92897368721	94.4268436073	22.1731472603	162.341381279	17.1816255708	0.0	14.9203127854	4.22590656393	2.90763184932	0.373479623288	3.62850144055	34.351222032	5.58156960265	0.490867188127	18.9155928695	3.23033233975	2.36468472902	0.113874583685	3.36978455701	0.0333492959959	79.5479000541	5.67607762557
2488	378.818275114	1753.99875537	319.445162674	253.988898402	539.222271689	79.305902968	16.8549126712	9.02731603881	7.92897368721	94.4268436073	22.1731472603	162.341381279	17.1816255708	0.0	14.9203127854	4.22590656393	2.90763184932	0.373479623288	3.62850144055	34.351222032	5.58156960265	0.490867188127	18.9155928695	3.23033233975	2.36468472902	0.113874583685	3.36978455701	0.0333492959959	79.5479000541	5.67607762557
2489	378.818275114	1753.99875537	319.445162674	253.988898402	539.222271689	79.305902968	16.8549126712	9.02731603881	7.92897368721	94.4268436073	22.1731472603	162.341381279	17.1816255708	0.0	14.9203127854	4.22590656393	2.90763184932	0.373479623288	3.62850144055	34.351222032	5.58156960265	0.490867188127	18.9155928695	3.23033233975	2.36468472902	0.113874583685	3.36978455701	0.0333492959959	79.5479000541	5.67607762557
2490	378.818275114	1753.99875537	319.445162674	253.988898402	539.222271689	79.305902968	16.8549126712	9.02731603881	7.92897368721	94.4268436073	22.1731472603	162.341381279	17.1816255708	0.0	14.9203127854	4.22590656393	2.90763184932	0.373479623288	3.62850144055	34.351222032	5.58156960265	0.490867188127	18.9155928695	3.23033233975	2.36468472902	0.113874583685	3.36978455701	0.0333492959959	79.5479000541	5.67607762557
2491	378.818275114	1753.99875537	319.445162674	253.988898402	539.222271689	79.305902968	16.8549126712	9.02731603881	7.92897368721	94.4268436073	22.1731472603	162.341381279	17.1816255708	0.0	14.9203127854	4.22590656393	2.90763184932	0.373479623288	3.62850144055	34.351222032	5.58156960265	0.490867188127	18.9155928695	3.23033233975	2.36468472902	0.113874583685	3.36978455701	0.0333492959959	79.5479000541	5.67607762557
2492	378.818275114	1753.99875537	319.445162674	253.988898402	539.222271689	79.305902968	16.8549126712	9.02731603881	7.92897368721	94.4268436073	22.1731472603	162.341381279	17.1816255708	0.0	14.9203127854	4.22590656393	2.90763184932	0.373479623288	3.62850144055	34.351222032	5.58156960265	0.490867188127	18.9155928695	3.23033233975	2.36468472902	0.113874583685	3.36978455701	0.0333492959959	79.5479000541	5.67607762557
2493	378.818275114	1753.99875537	319.445162674	253.988898402	539.222271689	79.305902968	16.8549126712	9.02731603881	7.92897368721	94.4268436073	22.1731472603	162.341381279	17.1816255708	0.0	14.9203127854	4.22590656393	2.90763184932	0.373479623288	3.62850144055	34.351222032	5.58156960265	0.490867188127	18.9155928695	3.23033233975	2.36468472902	0.113874583685	3.36978455701	0.0333492959959	79.5479000541	5.67607762557
2494	378.818275114	1753.99875537	319.445162674	253.988898402	539.222271689	79.305902968	16.8549126712	9.02731603881	7.92897368721	94.4268436073	22.1731472603	162.341381279	17.1816255708	0.0	14.9203127854	4.22590656393	2.90763184932	0.373479623288	3.62850144055	34.351222032	5.58156960265	0.490867188127	18.9155928695	3.23033233975	2.36468472902	0.113874583685	3.36978455701	0.0333492959959	79.5479000541	5.67607762557
2495	378.818275114	1753.99875537	319.445162674	253.988898402	539.222271689	79.305902968	16.8549126712	9.02731603881	7.92897368721	94.4268436073	22.1731472603	162.341381279	17.1816255708	0.0	14.9203127854	4.22590656393	2.90763184932	0.373479623288	3.62850144055	34.351222032	5.58156960265	0.490867188127	18.9155928695	3.23033233975	2.36468472902	0.113874583685	3.36978455701	0.0333492959959	79.5479000541	5.67607762557
2496	378.818275114	1753.99875537	319.445162674	253.988898402	539.222271689	79.305902968	16.8549126712	9.02731603881	7.92897368721	94.4268436073	22.1731472603	162.341381279	17.1816255708	0.0	14.9203127854	4.22590656393	2.90763184932	0.373479623288	3.62850144055	34.351222032	5.58156960265	0.490867188127	18.9155928695	3.23033233975	2.36468472902	0.113874583685	3.36978455701	0.0333492959959	79.5479000541	5.67607762557
2497	378.818275114	1753.99875537	319.445162674	253.988898402	539.222271689	79.305902968	16.8549126712	9.02731603881	7.92897368721	94.4268436073	22.1731472603	162.341381279	17.1816255708	0.0	14.9203127854	4.22590656393	2.90763184932	0.373479623288	3.62850144055	34.351222032	5.58156960265	0.490867188127	18.9155928695	3.23033233975	2.36468472902	0.113874583685	3.36978455701	0.0333492959959	79.5479000541	5.67607762557
2498	378.818275114	1753.99875537	319.445162674	253.988898402	539.222271689	79.305902968	16.8549126712	9.02731603881	7.92897368721	94.4268436073	22.1731472603	162.341381279	17.1816255708	0.0	14.9203127854	4.22590656393	2.90763184932	0.373479623288	3.62850144055	34.351222032	5.58156960265	0.490867188127	18.9155928695	3.23033233975	2.36468472902	0.113874583685	3.36978455701	0.0333492959959	79.5479000541	5.67607762557
2499	378.818275114	1753.99875537	319.445162674	253.988898402	539.222271689	79.305902968	16.8549126712	9.02731603881	7.92897368721	94.4268436073	22.1731472603	162.341381279	17.1816255708	0.0	14.9203127854	4.22590656393	2.90763184932	0.373479623288	3.62850144055	34.351222032	5.58156960265	0.490867188127	18.9155928695	3.23033233975	2.36468472902	0.113874583685	3.36978455701	0.0333492959959	79.5479000541	5.67607762557
2500	378.818275114	1753.99875537	319.445162674	253.988898402	539.222271689	79.305902968	16.8549126712	9.02731603881	7.92897368721	94.4268436073	22.1731472603	162.341381279	17.1816255708	0.0	14.9203127854	4.22590656393	2.90763184932	0.373479623288	3.62850144055	34.351222032	5.58156960265	0.490867188127	18.9155928695	3.23033233975	2.36468472902	0.113874583685	3.36978455701	0.0333492959959	79.5479000541	5.67607762557
