Component 	 CO2 	 CO2 	 CH4	N2O	SO2	CFC-11	CFC-12	CFC-113	CFC-114	CFC-115	CH3Br	CCl4	CH3CCl3	HCFC-22	HCFC-141b	HCFC-123	HCFC-142b	H-1211	H-1301	H-2402	HFC125	HFC134a	HFC143a	HFC227ea	HFC23	HFC245fa	HFC32	HFC4310mee	C2F6	C6F14	CF4	SF6	NOx	CO	NMVOC	NH3	BMB_AEROS_BC	BMB_AEROS_OC	BC	OC 
Unit 	 Pg_C	Pg_C	Tg	Tg_N	Tg_S	Gg	Gg	Gg	Gg	Gg	Gg	Gg	Gg	Gg	Gg	Gg	Gg	Gg	Gg	Gg	Gg	Gg	Gg	Gg	Gg	Gg	Gg	Gg	Gg	Gg	Gg	Gg	Mt_N	Mt	Mt	Mt	Tg	Tg	Tg	Tg
Description 	 fossil_fuel 	 landuse 	 total	 total	 total	 total	 total	 total	 total	 total	 total	 total	 total	 total	 total	 total	 total	 total	 total	 total	 total	 total	 total	 total	 total	 total	 total	 total	 total	 total	 total	 total	 total	 total	 total	 total	 total	 total	 total	 total
Reference	historical-cmip5	historical-cmip5	historical-cmip5	historical-cmip5	historical-cmip5	historical-cmip5	historical-cmip5	historical-cmip5	historical-cmip5	historical-cmip5	historical-cmip5	historical-cmip5	historical-cmip5	historical-cmip5	historical-cmip5	No data	historical-cmip5	historical-cmip5	historical-cmip5	historical-cmip5	historical-cmip5	historical-cmip5	historical-cmip5	historical-cmip5	historical-cmip5	historical-cmip5	historical-cmip5	historical-cmip5	historical-cmip5	historical-cmip5	historical-cmip5	historical-cmip5	historical-cmip5	historical-cmip5	historical-cmip5	historical-cmip5	historical-cmip5 old	historical-cmip5 old
1750 	 0.00000000 	 0.00000000 	 0.00000000 	 0.00000000 	 0.00000000 	 0.00000000 	 0.00000000 	 0.00000000 	 0.00000000 	 0.00000000 	 0.00000000 	 0.00000000 	 0.00000000 	 0.00000000 	 0.00000000 	 0.00000000 	 0.00000000 	 0.00000000 	 0.00000000 	 0.00000000 	 0.00000000 	 0.00000000 	 0.00000000 	 0.00000000 	 0.00000000 	 0.00000000 	 0.00000000 	 0.00000000 	 0.00000000 	 0.00000000 	 0.00000000 	 0.00000000 	 0.00000000 	 0.00000000 	 0.00000000 	 0.00000000 	 0.00000000 	 0.00000000 	 0.00000000 	 0.00000000
1751 	 0.00000000 	 0.00000000 	 0.00000000 	 0.00000000 	 0.00000000 	 0.00000000 	 0.00000000 	 0.00000000 	 0.00000000 	 0.00000000 	 0.00000000 	 0.00000000 	 0.00000000 	 0.00000000 	 0.00000000 	 0.00000000 	 0.00000000 	 0.00000000 	 0.00000000 	 0.00000000 	 0.00000000 	 0.00000000 	 0.00000000 	 0.00000000 	 0.00000000 	 0.00000000 	 0.00000000 	 0.00000000 	 0.00000000 	 0.00000000 	 0.00000000 	 0.00000000 	 0.00000000 	 0.00000000 	 0.00000000 	 0.00000000 	 0.00000000 	 0.00000000 	 0.00000000 	 0.00000000
1752 	 0.00000000 	 0.00000000 	 0.00000000 	 0.00000000 	 0.00000000 	 0.00000000 	 0.00000000 	 0.00000000 	 0.00000000 	 0.00000000 	 0.00000000 	 0.00000000 	 0.00000000 	 0.00000000 	 0.00000000 	 0.00000000 	 0.00000000 	 0.00000000 	 0.00000000 	 0.00000000 	 0.00000000 	 0.00000000 	 0.00000000 	 0.00000000 	 0.00000000 	 0.00000000 	 0.00000000 	 0.00000000 	 0.00000000 	 0.00000000 	 0.00000000 	 0.00000000 	 0.00000000 	 0.00000000 	 0.00000000 	 0.00000000 	 0.00000000 	 0.00000000 	 0.00000000 	 0.00000000
1753 	 0.00000000 	 0.00000000 	 0.00000000 	 0.00000000 	 0.00000000 	 0.00000000 	 0.00000000 	 0.00000000 	 0.00000000 	 0.00000000 	 0.00000000 	 0.00000000 	 0.00000000 	 0.00000000 	 0.00000000 	 0.00000000 	 0.00000000 	 0.00000000 	 0.00000000 	 0.00000000 	 0.00000000 	 0.00000000 	 0.00000000 	 0.00000000 	 0.00000000 	 0.00000000 	 0.00000000 	 0.00000000 	 0.00000000 	 0.00000000 	 0.00000000 	 0.00000000 	 0.00000000 	 0.00000000 	 0.00000000 	 0.00000000 	 0.00000000 	 0.00000000 	 0.00000000 	 0.00000000
1754 	 0.00000000 	 0.00000000 	 0.00000000 	 0.00000000 	 0.00000000 	 0.00000000 	 0.00000000 	 0.00000000 	 0.00000000 	 0.00000000 	 0.00000000 	 0.00000000 	 0.00000000 	 0.00000000 	 0.00000000 	 0.00000000 	 0.00000000 	 0.00000000 	 0.00000000 	 0.00000000 	 0.00000000 	 0.00000000 	 0.00000000 	 0.00000000 	 0.00000000 	 0.00000000 	 0.00000000 	 0.00000000 	 0.00000000 	 0.00000000 	 0.00000000 	 0.00000000 	 0.00000000 	 0.00000000 	 0.00000000 	 0.00000000 	 0.00000000 	 0.00000000 	 0.00000000 	 0.00000000
1755 	 0.00000000 	 0.00000000 	 0.00000000 	 0.00000000 	 0.00000000 	 0.00000000 	 0.00000000 	 0.00000000 	 0.00000000 	 0.00000000 	 0.00000000 	 0.00000000 	 0.00000000 	 0.00000000 	 0.00000000 	 0.00000000 	 0.00000000 	 0.00000000 	 0.00000000 	 0.00000000 	 0.00000000 	 0.00000000 	 0.00000000 	 0.00000000 	 0.00000000 	 0.00000000 	 0.00000000 	 0.00000000 	 0.00000000 	 0.00000000 	 0.00000000 	 0.00000000 	 0.00000000 	 0.00000000 	 0.00000000 	 0.00000000 	 0.00000000 	 0.00000000 	 0.00000000 	 0.00000000
1756 	 0.00000000 	 0.00000000 	 0.00000000 	 0.00000000 	 0.00000000 	 0.00000000 	 0.00000000 	 0.00000000 	 0.00000000 	 0.00000000 	 0.00000000 	 0.00000000 	 0.00000000 	 0.00000000 	 0.00000000 	 0.00000000 	 0.00000000 	 0.00000000 	 0.00000000 	 0.00000000 	 0.00000000 	 0.00000000 	 0.00000000 	 0.00000000 	 0.00000000 	 0.00000000 	 0.00000000 	 0.00000000 	 0.00000000 	 0.00000000 	 0.00000000 	 0.00000000 	 0.00000000 	 0.00000000 	 0.00000000 	 0.00000000 	 0.00000000 	 0.00000000 	 0.00000000 	 0.00000000
1757 	 0.00000000 	 0.00000000 	 0.00000000 	 0.00000000 	 0.00000000 	 0.00000000 	 0.00000000 	 0.00000000 	 0.00000000 	 0.00000000 	 0.00000000 	 0.00000000 	 0.00000000 	 0.00000000 	 0.00000000 	 0.00000000 	 0.00000000 	 0.00000000 	 0.00000000 	 0.00000000 	 0.00000000 	 0.00000000 	 0.00000000 	 0.00000000 	 0.00000000 	 0.00000000 	 0.00000000 	 0.00000000 	 0.00000000 	 0.00000000 	 0.00000000 	 0.00000000 	 0.00000000 	 0.00000000 	 0.00000000 	 0.00000000 	 0.00000000 	 0.00000000 	 0.00000000 	 0.00000000
1758 	 0.00000000 	 0.00000000 	 0.00000000 	 0.00000000 	 0.00000000 	 0.00000000 	 0.00000000 	 0.00000000 	 0.00000000 	 0.00000000 	 0.00000000 	 0.00000000 	 0.00000000 	 0.00000000 	 0.00000000 	 0.00000000 	 0.00000000 	 0.00000000 	 0.00000000 	 0.00000000 	 0.00000000 	 0.00000000 	 0.00000000 	 0.00000000 	 0.00000000 	 0.00000000 	 0.00000000 	 0.00000000 	 0.00000000 	 0.00000000 	 0.00000000 	 0.00000000 	 0.00000000 	 0.00000000 	 0.00000000 	 0.00000000 	 0.00000000 	 0.00000000 	 0.00000000 	 0.00000000
1759 	 0.00000000 	 0.00000000 	 0.00000000 	 0.00000000 	 0.00000000 	 0.00000000 	 0.00000000 	 0.00000000 	 0.00000000 	 0.00000000 	 0.00000000 	 0.00000000 	 0.00000000 	 0.00000000 	 0.00000000 	 0.00000000 	 0.00000000 	 0.00000000 	 0.00000000 	 0.00000000 	 0.00000000 	 0.00000000 	 0.00000000 	 0.00000000 	 0.00000000 	 0.00000000 	 0.00000000 	 0.00000000 	 0.00000000 	 0.00000000 	 0.00000000 	 0.00000000 	 0.00000000 	 0.00000000 	 0.00000000 	 0.00000000 	 0.00000000 	 0.00000000 	 0.00000000 	 0.00000000
1760 	 0.00000000 	 0.00000000 	 0.00000000 	 0.00000000 	 0.00000000 	 0.00000000 	 0.00000000 	 0.00000000 	 0.00000000 	 0.00000000 	 0.00000000 	 0.00000000 	 0.00000000 	 0.00000000 	 0.00000000 	 0.00000000 	 0.00000000 	 0.00000000 	 0.00000000 	 0.00000000 	 0.00000000 	 0.00000000 	 0.00000000 	 0.00000000 	 0.00000000 	 0.00000000 	 0.00000000 	 0.00000000 	 0.00000000 	 0.00000000 	 0.00000000 	 0.00000000 	 0.00000000 	 0.00000000 	 0.00000000 	 0.00000000 	 0.00000000 	 0.00000000 	 0.00000000 	 0.00000000
1761 	 0.00000000 	 0.00000000 	 0.00000000 	 0.00000000 	 0.00000000 	 0.00000000 	 0.00000000 	 0.00000000 	 0.00000000 	 0.00000000 	 0.00000000 	 0.00000000 	 0.00000000 	 0.00000000 	 0.00000000 	 0.00000000 	 0.00000000 	 0.00000000 	 0.00000000 	 0.00000000 	 0.00000000 	 0.00000000 	 0.00000000 	 0.00000000 	 0.00000000 	 0.00000000 	 0.00000000 	 0.00000000 	 0.00000000 	 0.00000000 	 0.00000000 	 0.00000000 	 0.00000000 	 0.00000000 	 0.00000000 	 0.00000000 	 0.00000000 	 0.00000000 	 0.00000000 	 0.00000000
1762 	 0.00000000 	 0.00000000 	 0.00000000 	 0.00000000 	 0.00000000 	 0.00000000 	 0.00000000 	 0.00000000 	 0.00000000 	 0.00000000 	 0.00000000 	 0.00000000 	 0.00000000 	 0.00000000 	 0.00000000 	 0.00000000 	 0.00000000 	 0.00000000 	 0.00000000 	 0.00000000 	 0.00000000 	 0.00000000 	 0.00000000 	 0.00000000 	 0.00000000 	 0.00000000 	 0.00000000 	 0.00000000 	 0.00000000 	 0.00000000 	 0.00000000 	 0.00000000 	 0.00000000 	 0.00000000 	 0.00000000 	 0.00000000 	 0.00000000 	 0.00000000 	 0.00000000 	 0.00000000
1763 	 0.00000000 	 0.00000000 	 0.00000000 	 0.00000000 	 0.00000000 	 0.00000000 	 0.00000000 	 0.00000000 	 0.00000000 	 0.00000000 	 0.00000000 	 0.00000000 	 0.00000000 	 0.00000000 	 0.00000000 	 0.00000000 	 0.00000000 	 0.00000000 	 0.00000000 	 0.00000000 	 0.00000000 	 0.00000000 	 0.00000000 	 0.00000000 	 0.00000000 	 0.00000000 	 0.00000000 	 0.00000000 	 0.00000000 	 0.00000000 	 0.00000000 	 0.00000000 	 0.00000000 	 0.00000000 	 0.00000000 	 0.00000000 	 0.00000000 	 0.00000000 	 0.00000000 	 0.00000000
1764 	 0.00000000 	 0.00000000 	 0.00000000 	 0.00000000 	 0.00000000 	 0.00000000 	 0.00000000 	 0.00000000 	 0.00000000 	 0.00000000 	 0.00000000 	 0.00000000 	 0.00000000 	 0.00000000 	 0.00000000 	 0.00000000 	 0.00000000 	 0.00000000 	 0.00000000 	 0.00000000 	 0.00000000 	 0.00000000 	 0.00000000 	 0.00000000 	 0.00000000 	 0.00000000 	 0.00000000 	 0.00000000 	 0.00000000 	 0.00000000 	 0.00000000 	 0.00000000 	 0.00000000 	 0.00000000 	 0.00000000 	 0.00000000 	 0.00000000 	 0.00000000 	 0.00000000 	 0.00000000
1765 	 0.00300000 	 0.00000000 	 0.00000000 	 0.00000000 	 0.00000000 	 0.00000000 	 0.00000000 	 0.00000000 	 0.00000000 	 0.00000000 	 157.26700000 	 0.00000000 	 0.00000000 	 0.00000000 	 0.00000000 	 0.00000000 	 0.00000000 	 0.00000000 	 0.00000000 	 0.00000000 	 0.00000000 	 0.00000000 	 0.00000000 	 0.00000000 	 0.00000000 	 0.00000000 	 0.00000000 	 0.00000000 	 0.00000000 	 0.00000000 	 0.01076274 	 0.00000000 	 0.00000000 	 0.00000000 	 0.00000000 	 1.01251598 	 0.00000000 	 0.00000000 	 0.00000000 	 0.00000000
1766 	 0.00300000 	 0.00533830 	 1.96326190 	 0.00518812 	 0.09908041 	 0.00000000 	 0.00000000 	 0.00000000 	 0.00000000 	 0.00000000 	 157.26700000 	 0.00000000 	 0.00000000 	 0.00000000 	 0.00000000 	 0.00000000 	 0.00000000 	 0.00000000 	 0.00000000 	 0.00000000 	 0.00000000 	 0.00000000 	 0.00000000 	 0.00000000 	 0.00000000 	 0.00000000 	 0.00000000 	 0.00000000 	 0.00000000 	 0.00000000 	 0.01075207 	 0.00000000 	 0.10937648 	 9.05022130 	 1.59687470 	 1.03727998 	 0.00000000 	 0.00000000 	 0.10699800 	 0.56591996
1767 	 0.00300000 	 0.01067659 	 2.43644810 	 0.01011103 	 0.11653911 	 0.00000000 	 0.00000000 	 0.00000000 	 0.00000000 	 0.00000000 	 157.26700000 	 0.00000000 	 0.00000000 	 0.00000000 	 0.00000000 	 0.00000000 	 0.00000000 	 0.00000000 	 0.00000000 	 0.00000000 	 0.00000000 	 0.00000000 	 0.00000000 	 0.00000000 	 0.00000000 	 0.00000000 	 0.00000000 	 0.00000000 	 0.00000000 	 0.00000000 	 0.01074795 	 0.00000000 	 0.16784622 	 12.96084400 	 2.29231640 	 1.06148896 	 0.00000000 	 0.00000000 	 0.13338260 	 0.78146771
1768 	 0.00300000 	 0.01601489 	 2.91110500 	 0.01503421 	 0.13407837 	 0.00000000 	 0.00000000 	 0.00000000 	 0.00000000 	 0.00000000 	 157.26700000 	 0.00000000 	 0.00000000 	 0.00000000 	 0.00000000 	 0.00000000 	 0.00000000 	 0.00000000 	 0.00000000 	 0.00000000 	 0.00000000 	 0.00000000 	 0.00000000 	 0.00000000 	 0.00000000 	 0.00000000 	 0.00000000 	 0.00000000 	 0.00000000 	 0.00000000 	 0.01074382 	 0.00000000 	 0.22636620 	 16.87653900 	 2.98864780 	 1.08515184 	 0.00000000 	 0.00000000 	 0.15984677 	 0.99736131
1769 	 0.00300000 	 0.02135319 	 3.38727820 	 0.01995765 	 0.15170069 	 0.00000000 	 0.00000000 	 0.00000000 	 0.00000000 	 0.00000000 	 157.26700000 	 0.00000000 	 0.00000000 	 0.00000000 	 0.00000000 	 0.00000000 	 0.00000000 	 0.00000000 	 0.00000000 	 0.00000000 	 0.00000000 	 0.00000000 	 0.00000000 	 0.00000000 	 0.00000000 	 0.00000000 	 0.00000000 	 0.00000000 	 0.00000000 	 0.00000000 	 0.01073969 	 0.00000000 	 0.28493799 	 20.79746500 	 3.68589660 	 1.10827749 	 0.00000000 	 0.00000000 	 0.18639296 	 1.21361140
1770 	 0.00300000 	 0.02669148 	 3.86501460 	 0.02488137 	 0.16940863 	 0.00000000 	 0.00000000 	 0.00000000 	 0.00000000 	 0.00000000 	 157.26700000 	 0.00000000 	 0.00000000 	 0.00000000 	 0.00000000 	 0.00000000 	 0.00000000 	 0.00000000 	 0.00000000 	 0.00000000 	 0.00000000 	 0.00000000 	 0.00000000 	 0.00000000 	 0.00000000 	 0.00000000 	 0.00000000 	 0.00000000 	 0.00000000 	 0.00000000 	 0.01073555 	 0.00000000 	 0.34356319 	 24.72378200 	 4.38409090 	 1.13087481 	 0.00000000 	 0.00000000 	 0.21302373 	 1.43022910
1771 	 0.00400000 	 0.03202978 	 4.34436250 	 0.02980539 	 0.18720485 	 0.00000000 	 0.00000000 	 0.00000000 	 0.00000000 	 0.00000000 	 157.26700000 	 0.00000000 	 0.00000000 	 0.00000000 	 0.00000000 	 0.00000000 	 0.00000000 	 0.00000000 	 0.00000000 	 0.00000000 	 0.00000000 	 0.00000000 	 0.00000000 	 0.00000000 	 0.00000000 	 0.00000000 	 0.00000000 	 0.00000000 	 0.00000000 	 0.00000000 	 0.01073140 	 0.00000000 	 0.40224344 	 28.65565800 	 5.08326020 	 1.15664657 	 0.00000000 	 0.00000000 	 0.23974168 	 1.64722570
1772 	 0.00400000 	 0.03736807 	 4.82537180 	 0.03472969 	 0.20509208 	 0.00000000 	 0.00000000 	 0.00000000 	 0.00000000 	 0.00000000 	 157.26700000 	 0.00000000 	 0.00000000 	 0.00000000 	 0.00000000 	 0.00000000 	 0.00000000 	 0.00000000 	 0.00000000 	 0.00000000 	 0.00000000 	 0.00000000 	 0.00000000 	 0.00000000 	 0.00000000 	 0.00000000 	 0.00000000 	 0.00000000 	 0.00000000 	 0.00000000 	 0.01072725 	 0.00000000 	 0.46098045 	 32.59326400 	 5.78343460 	 1.17821388 	 0.00000000 	 0.00000000 	 0.26654951 	 1.86461300
1773 	 0.00400000 	 0.04270637 	 5.30809380 	 0.03965430 	 0.22307312 	 0.00000000 	 0.00000000 	 0.00000000 	 0.00000000 	 0.00000000 	 157.26700000 	 0.00000000 	 0.00000000 	 0.00000000 	 0.00000000 	 0.00000000 	 0.00000000 	 0.00000000 	 0.00000000 	 0.00000000 	 0.00000000 	 0.00000000 	 0.00000000 	 0.00000000 	 0.00000000 	 0.00000000 	 0.00000000 	 0.00000000 	 0.00000000 	 0.00000000 	 0.01072310 	 0.00000000 	 0.51977597 	 36.53677800 	 6.48464510 	 1.19927950 	 0.00000000 	 0.00000000 	 0.29345000 	 2.08240300
1774 	 0.00400000 	 0.04804467 	 5.79258160 	 0.04457923 	 0.24115088 	 0.00000000 	 0.00000000 	 0.00000000 	 0.00000000 	 0.00000000 	 157.26700000 	 0.00000000 	 0.00000000 	 0.00000000 	 0.00000000 	 0.00000000 	 0.00000000 	 0.00000000 	 0.00000000 	 0.00000000 	 0.00000000 	 0.00000000 	 0.00000000 	 0.00000000 	 0.00000000 	 0.00000000 	 0.00000000 	 0.00000000 	 0.00000000 	 0.00000000 	 0.01071894 	 0.00000000 	 0.57863182 	 40.48638200 	 7.18692380 	 1.21985236 	 0.00000000 	 0.00000000 	 0.32044601 	 2.30060820
1775 	 0.00400000 	 0.05338296 	 6.27888960 	 0.04950448 	 0.25932835 	 0.00000000 	 0.00000000 	 0.00000000 	 0.00000000 	 0.00000000 	 157.26700000 	 0.00000000 	 0.00000000 	 0.00000000 	 0.00000000 	 0.00000000 	 0.00000000 	 0.00000000 	 0.00000000 	 0.00000000 	 0.00000000 	 0.00000000 	 0.00000000 	 0.00000000 	 0.00000000 	 0.00000000 	 0.00000000 	 0.00000000 	 0.00000000 	 0.00000000 	 0.01071477 	 0.00000000 	 0.63754986 	 44.44226500 	 7.89030370 	 1.23994126 	 0.00000000 	 0.00000000 	 0.34754051 	 2.51924140
1776 	 0.00400000 	 0.05872126 	 6.76707430 	 0.05443006 	 0.27760862 	 0.00000000 	 0.00000000 	 0.00000000 	 0.00000000 	 0.00000000 	 157.26700000 	 0.00000000 	 0.00000000 	 0.00000000 	 0.00000000 	 0.00000000 	 0.00000000 	 0.00000000 	 0.00000000 	 0.00000000 	 0.00000000 	 0.00000000 	 0.00000000 	 0.00000000 	 0.00000000 	 0.00000000 	 0.00000000 	 0.00000000 	 0.00000000 	 0.00000000 	 0.01071059 	 0.00000000 	 0.69653200 	 48.40462000 	 8.59481880 	 1.25955526 	 0.00000000 	 0.00000000 	 0.37473653 	 2.73831590
1777 	 0.00400000 	 0.06405956 	 7.25719370 	 0.05935599 	 0.29599487 	 0.00000000 	 0.00000000 	 0.00000000 	 0.00000000 	 0.00000000 	 157.26700000 	 0.00000000 	 0.00000000 	 0.00000000 	 0.00000000 	 0.00000000 	 0.00000000 	 0.00000000 	 0.00000000 	 0.00000000 	 0.00000000 	 0.00000000 	 0.00000000 	 0.00000000 	 0.00000000 	 0.00000000 	 0.00000000 	 0.00000000 	 0.00000000 	 0.00000000 	 0.01070641 	 0.00000000 	 0.75558025 	 52.37364900 	 9.30050440 	 1.27870309 	 0.00000000 	 0.00000000 	 0.40203721 	 2.95784520
1778 	 0.00400000 	 0.06939785 	 7.74930760 	 0.06428227 	 0.31449037 	 0.00000000 	 0.00000000 	 0.00000000 	 0.00000000 	 0.00000000 	 157.26700000 	 0.00000000 	 0.00000000 	 0.00000000 	 0.00000000 	 0.00000000 	 0.00000000 	 0.00000000 	 0.00000000 	 0.00000000 	 0.00000000 	 0.00000000 	 0.00000000 	 0.00000000 	 0.00000000 	 0.00000000 	 0.00000000 	 0.00000000 	 0.00000000 	 0.00000000 	 0.01070222 	 0.00000000 	 0.81469663 	 56.34955700 	 10.00739700 	 1.29739361 	 0.00000000 	 0.00000000 	 0.42944580 	 3.17784360
1779 	 0.00400000 	 0.07473615 	 8.24347760 	 0.06920892 	 0.33309849 	 0.00000000 	 0.00000000 	 0.00000000 	 0.00000000 	 0.00000000 	 157.26700000 	 0.00000000 	 0.00000000 	 0.00000000 	 0.00000000 	 0.00000000 	 0.00000000 	 0.00000000 	 0.00000000 	 0.00000000 	 0.00000000 	 0.00000000 	 0.00000000 	 0.00000000 	 0.00000000 	 0.00000000 	 0.00000000 	 0.00000000 	 0.00000000 	 0.00000000 	 0.01069803 	 0.00000000 	 0.87388326 	 60.33255800 	 10.71553300 	 1.31563583 	 0.00000000 	 0.00000000 	 0.45696563 	 3.39832540
1780 	 0.00400000 	 0.08007444 	 8.73976740 	 0.07413594 	 0.35182273 	 0.00000000 	 0.00000000 	 0.00000000 	 0.00000000 	 0.00000000 	 157.26700000 	 0.00000000 	 0.00000000 	 0.00000000 	 0.00000000 	 0.00000000 	 0.00000000 	 0.00000000 	 0.00000000 	 0.00000000 	 0.00000000 	 0.00000000 	 0.00000000 	 0.00000000 	 0.00000000 	 0.00000000 	 0.00000000 	 0.00000000 	 0.00000000 	 0.00000000 	 0.01069383 	 0.00000000 	 0.93314232 	 64.32287000 	 11.42495100 	 1.33343859 	 0.00000000 	 0.00000000 	 0.48460014 	 3.61930570
1781 	 0.00500000 	 0.08541274 	 9.23824260 	 0.07906336 	 0.37066668 	 0.00000000 	 0.00000000 	 0.00000000 	 0.00000000 	 0.00000000 	 157.26700000 	 0.00000000 	 0.00000000 	 0.00000000 	 0.00000000 	 0.00000000 	 0.00000000 	 0.00000000 	 0.00000000 	 0.00000000 	 0.00000000 	 0.00000000 	 0.00000000 	 0.00000000 	 0.00000000 	 0.00000000 	 0.00000000 	 0.00000000 	 0.00000000 	 0.00000000 	 0.01068962 	 0.00000000 	 0.99247603 	 68.32072000 	 12.13569200 	 1.35450463 	 0.00000000 	 0.00000000 	 0.51235288 	 3.84079990
1782 	 0.00500000 	 0.09075104 	 9.73897060 	 0.08399117 	 0.38963404 	 0.00000000 	 0.00000000 	 0.00000000 	 0.00000000 	 0.00000000 	 157.26700000 	 0.00000000 	 0.00000000 	 0.00000000 	 0.00000000 	 0.00000000 	 0.00000000 	 0.00000000 	 0.00000000 	 0.00000000 	 0.00000000 	 0.00000000 	 0.00000000 	 0.00000000 	 0.00000000 	 0.00000000 	 0.00000000 	 0.00000000 	 0.00000000 	 0.00000000 	 0.01068540 	 0.00000000 	 1.05188667 	 72.32634000 	 12.84779500 	 1.37145521 	 0.00000000 	 0.00000000 	 0.54022750 	 4.06282380
1783 	 0.00500000 	 0.09608933 	 10.24202100 	 0.08891940 	 0.40872863 	 0.00000000 	 0.00000000 	 0.00000000 	 0.00000000 	 0.00000000 	 157.26700000 	 0.00000000 	 0.00000000 	 0.00000000 	 0.00000000 	 0.00000000 	 0.00000000 	 0.00000000 	 0.00000000 	 0.00000000 	 0.00000000 	 0.00000000 	 0.00000000 	 0.00000000 	 0.00000000 	 0.00000000 	 0.00000000 	 0.00000000 	 0.00000000 	 0.00000000 	 0.01068117 	 0.00000000 	 1.11137670 	 76.33997200 	 13.56130300 	 1.38799293 	 0.00000000 	 0.00000000 	 0.56822778 	 4.28539380
1784 	 0.00500000 	 0.10142763 	 10.74746600 	 0.09384806 	 0.42795436 	 0.00000000 	 0.00000000 	 0.00000000 	 0.00000000 	 0.00000000 	 157.26700000 	 0.00000000 	 0.00000000 	 0.00000000 	 0.00000000 	 0.00000000 	 0.00000000 	 0.00000000 	 0.00000000 	 0.00000000 	 0.00000000 	 0.00000000 	 0.00000000 	 0.00000000 	 0.00000000 	 0.00000000 	 0.00000000 	 0.00000000 	 0.00000000 	 0.00000000 	 0.01067694 	 0.00000000 	 1.17094854 	 80.36186300 	 14.27626000 	 1.40412666 	 0.00000000 	 0.00000000 	 0.59635759 	 4.50852680
1785 	 0.00500000 	 0.10676593 	 11.25538000 	 0.09877715 	 0.44731532 	 0.00000000 	 0.00000000 	 0.00000000 	 0.00000000 	 0.00000000 	 157.26700000 	 0.00000000 	 0.00000000 	 0.00000000 	 0.00000000 	 0.00000000 	 0.00000000 	 0.00000000 	 0.00000000 	 0.00000000 	 0.00000000 	 0.00000000 	 0.00000000 	 0.00000000 	 0.00000000 	 0.00000000 	 0.00000000 	 0.00000000 	 0.00000000 	 0.00000000 	 0.01067269 	 0.00000000 	 1.23060479 	 84.39226800 	 14.99271100 	 1.41986550 	 0.00000000 	 0.00000000 	 0.62462095 	 4.73224030
1786 	 0.00500000 	 0.11210422 	 11.76583900 	 0.10370670 	 0.46681568 	 0.00000000 	 0.00000000 	 0.00000000 	 0.00000000 	 0.00000000 	 157.26700000 	 0.00000000 	 0.00000000 	 0.00000000 	 0.00000000 	 0.00000000 	 0.00000000 	 0.00000000 	 0.00000000 	 0.00000000 	 0.00000000 	 0.00000000 	 0.00000000 	 0.00000000 	 0.00000000 	 0.00000000 	 0.00000000 	 0.00000000 	 0.00000000 	 0.00000000 	 0.01066844 	 0.00000000 	 1.29034783 	 88.43145100 	 15.71070100 	 1.43521820 	 0.00000000 	 0.00000000 	 0.65302198 	 4.95655220
1787 	 0.00500000 	 0.11744252 	 12.27892100 	 0.10863672 	 0.48645975 	 0.00000000 	 0.00000000 	 0.00000000 	 0.00000000 	 0.00000000 	 157.26700000 	 0.00000000 	 0.00000000 	 0.00000000 	 0.00000000 	 0.00000000 	 0.00000000 	 0.00000000 	 0.00000000 	 0.00000000 	 0.00000000 	 0.00000000 	 0.00000000 	 0.00000000 	 0.00000000 	 0.00000000 	 0.00000000 	 0.00000000 	 0.00000000 	 0.00000000 	 0.01066417 	 0.00000000 	 1.35018057 	 92.47968300 	 16.43027800 	 1.45019350 	 0.00000000 	 0.00000000 	 0.68156496 	 5.18148090
1788 	 0.00500000 	 0.12278082 	 12.79470700 	 0.11356721 	 0.50625196 	 0.00000000 	 0.00000000 	 0.00000000 	 0.00000000 	 0.00000000 	 157.26700000 	 0.00000000 	 0.00000000 	 0.00000000 	 0.00000000 	 0.00000000 	 0.00000000 	 0.00000000 	 0.00000000 	 0.00000000 	 0.00000000 	 0.00000000 	 0.00000000 	 0.00000000 	 0.00000000 	 0.00000000 	 0.00000000 	 0.00000000 	 0.00000000 	 0.00000000 	 0.01065990 	 0.00000000 	 1.41010571 	 96.53724400 	 17.15149100 	 1.46480063 	 0.00000000 	 0.00000000 	 0.71025425 	 5.40704560
1789 	 0.00500000 	 0.12811911 	 13.31328200 	 0.11849820 	 0.52619692 	 0.00000000 	 0.00000000 	 0.00000000 	 0.00000000 	 0.00000000 	 157.26700000 	 0.00000000 	 0.00000000 	 0.00000000 	 0.00000000 	 0.00000000 	 0.00000000 	 0.00000000 	 0.00000000 	 0.00000000 	 0.00000000 	 0.00000000 	 0.00000000 	 0.00000000 	 0.00000000 	 0.00000000 	 0.00000000 	 0.00000000 	 0.00000000 	 0.00000000 	 0.01065561 	 0.00000000 	 1.47012613 	 100.60442000 	 17.87439100 	 1.47904821 	 0.00000000 	 0.00000000 	 0.73909439 	 5.63326600
1790 	 0.00500000 	 0.13345741 	 13.83473200 	 0.12342970 	 0.54629934 	 0.00000000 	 0.00000000 	 0.00000000 	 0.00000000 	 0.00000000 	 157.26700000 	 0.00000000 	 0.00000000 	 0.00000000 	 0.00000000 	 0.00000000 	 0.00000000 	 0.00000000 	 0.00000000 	 0.00000000 	 0.00000000 	 0.00000000 	 0.00000000 	 0.00000000 	 0.00000000 	 0.00000000 	 0.00000000 	 0.00000000 	 0.00000000 	 0.00000000 	 0.01065132 	 0.00000000 	 1.53024475 	 104.68152000 	 18.59903000 	 1.49294522 	 0.00000000 	 0.00000000 	 0.76809005 	 5.86016230
1791 	 0.00600000 	 0.13879570 	 14.35914500 	 0.12836173 	 0.56656409 	 0.00000000 	 0.00000000 	 0.00000000 	 0.00000000 	 0.00000000 	 157.26700000 	 0.00000000 	 0.00000000 	 0.00000000 	 0.00000000 	 0.00000000 	 0.00000000 	 0.00000000 	 0.00000000 	 0.00000000 	 0.00000000 	 0.00000000 	 0.00000000 	 0.00000000 	 0.00000000 	 0.00000000 	 0.00000000 	 0.00000000 	 0.00000000 	 0.00000000 	 0.01064701 	 0.00000000 	 1.59046455 	 108.76883000 	 19.32546200 	 1.51019439 	 0.00000000 	 0.00000000 	 0.79724604 	 6.08775540
1792 	 0.00600000 	 0.14413400 	 14.88661300 	 0.13329431 	 0.58699618 	 0.00000000 	 0.00000000 	 0.00000000 	 0.00000000 	 0.00000000 	 157.26700000 	 0.00000000 	 0.00000000 	 0.00000000 	 0.00000000 	 0.00000000 	 0.00000000 	 0.00000000 	 0.00000000 	 0.00000000 	 0.00000000 	 0.00000000 	 0.00000000 	 0.00000000 	 0.00000000 	 0.00000000 	 0.00000000 	 0.00000000 	 0.00000000 	 0.00000000 	 0.01064270 	 0.00000000 	 1.65078883 	 112.86668000 	 20.05374200 	 1.52341687 	 0.00000000 	 0.00000000 	 0.82656730 	 6.31606690
1793 	 0.00600000 	 0.14947230 	 15.41723100 	 0.13822745 	 0.60760081 	 0.00000000 	 0.00000000 	 0.00000000 	 0.00000000 	 0.00000000 	 157.26700000 	 0.00000000 	 0.00000000 	 0.00000000 	 0.00000000 	 0.00000000 	 0.00000000 	 0.00000000 	 0.00000000 	 0.00000000 	 0.00000000 	 0.00000000 	 0.00000000 	 0.00000000 	 0.00000000 	 0.00000000 	 0.00000000 	 0.00000000 	 0.00000000 	 0.00000000 	 0.01063836 	 0.00000000 	 1.71122058 	 116.97540000 	 20.78392700 	 1.53631550 	 0.00000000 	 0.00000000 	 0.85605896 	 6.54511890
1794 	 0.00600000 	 0.15481059 	 15.95109600 	 0.14316116 	 0.62838330 	 0.00000000 	 0.00000000 	 0.00000000 	 0.00000000 	 0.00000000 	 157.26700000 	 0.00000000 	 0.00000000 	 0.00000000 	 0.00000000 	 0.00000000 	 0.00000000 	 0.00000000 	 0.00000000 	 0.00000000 	 0.00000000 	 0.00000000 	 0.00000000 	 0.00000000 	 0.00000000 	 0.00000000 	 0.00000000 	 0.00000000 	 0.00000000 	 0.00000000 	 0.01063402 	 0.00000000 	 1.77176341 	 121.09532000 	 21.51607700 	 1.54889902 	 0.00000000 	 0.00000000 	 0.88572629 	 6.77493450
1795 	 0.00600000 	 0.16014889 	 16.48830800 	 0.14809547 	 0.64934915 	 0.00000000 	 0.00000000 	 0.00000000 	 0.00000000 	 0.00000000 	 157.26700000 	 0.00000000 	 0.00000000 	 0.00000000 	 0.00000000 	 0.00000000 	 0.00000000 	 0.00000000 	 0.00000000 	 0.00000000 	 0.00000000 	 0.00000000 	 0.00000000 	 0.00000000 	 0.00000000 	 0.00000000 	 0.00000000 	 0.00000000 	 0.00000000 	 0.00000000 	 0.01062967 	 0.00000000 	 1.83242051 	 125.22678000 	 22.25025200 	 1.56117642 	 0.00000000 	 0.00000000 	 0.91557471 	 7.00553720
1796 	 0.00600000 	 0.16548719 	 17.02897100 	 0.15303038 	 0.67050402 	 0.00000000 	 0.00000000 	 0.00000000 	 0.00000000 	 0.00000000 	 157.26700000 	 0.00000000 	 0.00000000 	 0.00000000 	 0.00000000 	 0.00000000 	 0.00000000 	 0.00000000 	 0.00000000 	 0.00000000 	 0.00000000 	 0.00000000 	 0.00000000 	 0.00000000 	 0.00000000 	 0.00000000 	 0.00000000 	 0.00000000 	 0.00000000 	 0.00000000 	 0.01062530 	 0.00000000 	 1.89319557 	 129.37015000 	 22.98651400 	 1.57315656 	 0.00000000 	 0.00000000 	 0.94560984 	 7.23695130
1797 	 0.00700000 	 0.17082548 	 17.57319200 	 0.15796594 	 0.69185379 	 0.00000000 	 0.00000000 	 0.00000000 	 0.00000000 	 0.00000000 	 157.26700000 	 0.00000000 	 0.00000000 	 0.00000000 	 0.00000000 	 0.00000000 	 0.00000000 	 0.00000000 	 0.00000000 	 0.00000000 	 0.00000000 	 0.00000000 	 0.00000000 	 0.00000000 	 0.00000000 	 0.00000000 	 0.00000000 	 0.00000000 	 0.00000000 	 0.00000000 	 0.01062091 	 0.00000000 	 1.95409210 	 133.52578000 	 23.72492900 	 1.58854229 	 0.00000000 	 0.00000000 	 0.97583743 	 7.46920200
1798 	 0.00700000 	 0.17616378 	 18.12108100 	 0.16290215 	 0.71340446 	 0.00000000 	 0.00000000 	 0.00000000 	 0.00000000 	 0.00000000 	 157.26700000 	 0.00000000 	 0.00000000 	 0.00000000 	 0.00000000 	 0.00000000 	 0.00000000 	 0.00000000 	 0.00000000 	 0.00000000 	 0.00000000 	 0.00000000 	 0.00000000 	 0.00000000 	 0.00000000 	 0.00000000 	 0.00000000 	 0.00000000 	 0.00000000 	 0.00000000 	 0.01061652 	 0.00000000 	 2.01511398 	 137.69407000 	 24.46556300 	 1.59995451 	 0.00000000 	 0.00000000 	 1.00626350 	 7.70231510
1799 	 0.00700000 	 0.18150207 	 18.67275100 	 0.16783904 	 0.73516225 	 0.00000000 	 0.00000000 	 0.00000000 	 0.00000000 	 0.00000000 	 157.26700000 	 0.00000000 	 0.00000000 	 0.00000000 	 0.00000000 	 0.00000000 	 0.00000000 	 0.00000000 	 0.00000000 	 0.00000000 	 0.00000000 	 0.00000000 	 0.00000000 	 0.00000000 	 0.00000000 	 0.00000000 	 0.00000000 	 0.00000000 	 0.00000000 	 0.00000000 	 0.01061211 	 0.00000000 	 2.07626501 	 141.87540000 	 25.20848400 	 1.61109631 	 0.00000000 	 0.00000000 	 1.03689400 	 7.93631730
1800 	 0.00800000 	 0.18684037 	 19.22831900 	 0.17277661 	 0.75713357 	 0.00000000 	 0.00000000 	 0.00000000 	 0.00000000 	 0.00000000 	 157.26700000 	 0.00000000 	 0.00000000 	 0.00000000 	 0.00000000 	 0.00000000 	 0.00000000 	 0.00000000 	 0.00000000 	 0.00000000 	 0.00000000 	 0.00000000 	 0.00000000 	 0.00000000 	 0.00000000 	 0.00000000 	 0.00000000 	 0.00000000 	 0.00000000 	 0.00000000 	 0.01060768 	 0.00000000 	 2.13754919 	 146.07018000 	 25.95376300 	 1.62567017 	 0.00000000 	 0.00000000 	 1.06773550 	 8.17123610
1801 	 0.00800000 	 0.19217867 	 19.78790600 	 0.17771490 	 0.77932503 	 0.00000000 	 0.00000000 	 0.00000000 	 0.00000000 	 0.00000000 	 157.26700000 	 0.00000000 	 0.00000000 	 0.00000000 	 0.00000000 	 0.00000000 	 0.00000000 	 0.00000000 	 0.00000000 	 0.00000000 	 0.00000000 	 0.00000000 	 0.00000000 	 0.00000000 	 0.00000000 	 0.00000000 	 0.00000000 	 0.00000000 	 0.00000000 	 0.00000000 	 0.01060324 	 0.00000000 	 2.19897072 	 150.27882000 	 26.70147300 	 1.63629736 	 0.00000000 	 0.00000000 	 1.09879440 	 8.40709990
1802 	 0.01000000 	 0.19751696 	 20.35163500 	 0.18265393 	 0.80174342 	 0.00000000 	 0.00000000 	 0.00000000 	 0.00000000 	 0.00000000 	 157.26700000 	 0.00000000 	 0.00000000 	 0.00000000 	 0.00000000 	 0.00000000 	 0.00000000 	 0.00000000 	 0.00000000 	 0.00000000 	 0.00000000 	 0.00000000 	 0.00000000 	 0.00000000 	 0.00000000 	 0.00000000 	 0.00000000 	 0.00000000 	 0.00000000 	 0.00000000 	 0.01059878 	 0.00000000 	 2.26053378 	 154.50174000 	 27.45169000 	 1.65406843 	 0.00000000 	 0.00000000 	 1.13007740 	 8.64393780
1803 	 0.00900000 	 0.20285526 	 20.91963600 	 0.18759372 	 0.82439576 	 0.00000000 	 0.00000000 	 0.00000000 	 0.00000000 	 0.00000000 	 157.26700000 	 0.00000000 	 0.00000000 	 0.00000000 	 0.00000000 	 0.00000000 	 0.00000000 	 0.00000000 	 0.00000000 	 0.00000000 	 0.00000000 	 0.00000000 	 0.00000000 	 0.00000000 	 0.00000000 	 0.00000000 	 0.00000000 	 0.00000000 	 0.00000000 	 0.00000000 	 0.01059431 	 0.00000000 	 2.32224277 	 158.73940000 	 28.20449100 	 1.66052284 	 0.00000000 	 0.00000000 	 1.16159150 	 8.88178000
1804 	 0.00900000 	 0.20819356 	 21.49204000 	 0.19253429 	 0.84728931 	 0.00000000 	 0.00000000 	 0.00000000 	 0.00000000 	 0.00000000 	 157.26700000 	 0.00000000 	 0.00000000 	 0.00000000 	 0.00000000 	 0.00000000 	 0.00000000 	 0.00000000 	 0.00000000 	 0.00000000 	 0.00000000 	 0.00000000 	 0.00000000 	 0.00000000 	 0.00000000 	 0.00000000 	 0.00000000 	 0.00000000 	 0.00000000 	 0.00000000 	 0.01058981 	 0.00000000 	 2.38410219 	 162.99225000 	 28.95995500 	 1.67044489 	 0.00000000 	 0.00000000 	 1.19334380 	 9.12065760
1805 	 0.00900000 	 0.21353185 	 22.06898400 	 0.19747567 	 0.87043150 	 0.00000000 	 0.00000000 	 0.00000000 	 0.00000000 	 0.00000000 	 157.26700000 	 0.00000000 	 0.00000000 	 0.00000000 	 0.00000000 	 0.00000000 	 0.00000000 	 0.00000000 	 0.00000000 	 0.00000000 	 0.00000000 	 0.00000000 	 0.00000000 	 0.00000000 	 0.00000000 	 0.00000000 	 0.00000000 	 0.00000000 	 0.00000000 	 0.00000000 	 0.01058530 	 0.00000000 	 2.44611664 	 167.26075000 	 29.71816500 	 1.68014971 	 0.00000000 	 0.00000000 	 1.22534170 	 9.36060250
1806 	 0.01000000 	 0.21887015 	 22.65060700 	 0.20241789 	 0.89383004 	 0.00000000 	 0.00000000 	 0.00000000 	 0.00000000 	 0.00000000 	 157.26700000 	 0.00000000 	 0.00000000 	 0.00000000 	 0.00000000 	 0.00000000 	 0.00000000 	 0.00000000 	 0.00000000 	 0.00000000 	 0.00000000 	 0.00000000 	 0.00000000 	 0.00000000 	 0.00000000 	 0.00000000 	 0.00000000 	 0.00000000 	 0.00000000 	 0.00000000 	 0.01058078 	 0.00000000 	 2.50829110 	 171.54540000 	 30.47920700 	 1.69334001 	 0.00000000 	 0.00000000 	 1.25759280 	 9.60164790
1807 	 0.01000000 	 0.22420845 	 23.23705500 	 0.20736096 	 0.91749285 	 0.00000000 	 0.00000000 	 0.00000000 	 0.00000000 	 0.00000000 	 157.26700000 	 0.00000000 	 0.00000000 	 0.00000000 	 0.00000000 	 0.00000000 	 0.00000000 	 0.00000000 	 0.00000000 	 0.00000000 	 0.00000000 	 0.00000000 	 0.00000000 	 0.00000000 	 0.00000000 	 0.00000000 	 0.00000000 	 0.00000000 	 0.00000000 	 0.00000000 	 0.01057623 	 0.00000000 	 2.57063028 	 175.84668000 	 31.24316700 	 1.70263694 	 0.00000000 	 0.00000000 	 1.29010480 	 9.84382760
1808 	 0.01000000 	 0.22954674 	 23.82847600 	 0.21230491 	 0.94142811 	 0.00000000 	 0.00000000 	 0.00000000 	 0.00000000 	 0.00000000 	 157.26700000 	 0.00000000 	 0.00000000 	 0.00000000 	 0.00000000 	 0.00000000 	 0.00000000 	 0.00000000 	 0.00000000 	 0.00000000 	 0.00000000 	 0.00000000 	 0.00000000 	 0.00000000 	 0.00000000 	 0.00000000 	 0.00000000 	 0.00000000 	 0.00000000 	 0.00000000 	 0.01057166 	 0.00000000 	 2.63313935 	 180.16513000 	 32.01013600 	 1.71174336 	 0.00000000 	 0.00000000 	 1.32288600 	 10.08717700
1809 	 0.01000000 	 0.23488504 	 24.42502500 	 0.21724979 	 0.96564423 	 0.00000000 	 0.00000000 	 0.00000000 	 0.00000000 	 0.00000000 	 157.26700000 	 0.00000000 	 0.00000000 	 0.00000000 	 0.00000000 	 0.00000000 	 0.00000000 	 0.00000000 	 0.00000000 	 0.00000000 	 0.00000000 	 0.00000000 	 0.00000000 	 0.00000000 	 0.00000000 	 0.00000000 	 0.00000000 	 0.00000000 	 0.00000000 	 0.00000000 	 0.01056707 	 0.00000000 	 2.69582363 	 184.50125000 	 32.78020700 	 1.72066799 	 0.00000000 	 0.00000000 	 1.35594450 	 10.33173200
1810 	 0.01000000 	 0.24022333 	 25.02686000 	 0.22219560 	 0.99014993 	 0.00000000 	 0.00000000 	 0.00000000 	 0.00000000 	 0.00000000 	 157.26700000 	 0.00000000 	 0.00000000 	 0.00000000 	 0.00000000 	 0.00000000 	 0.00000000 	 0.00000000 	 0.00000000 	 0.00000000 	 0.00000000 	 0.00000000 	 0.00000000 	 0.00000000 	 0.00000000 	 0.00000000 	 0.00000000 	 0.00000000 	 0.00000000 	 0.00000000 	 0.01056247 	 0.00000000 	 2.75868851 	 188.85561000 	 33.55347600 	 1.72941971 	 0.00000000 	 0.00000000 	 1.38928910 	 10.57753000
1811 	 0.01100000 	 0.24556163 	 25.63414500 	 0.22714238 	 1.01495416 	 0.00000000 	 0.00000000 	 0.00000000 	 0.00000000 	 0.00000000 	 157.26700000 	 0.00000000 	 0.00000000 	 0.00000000 	 0.00000000 	 0.00000000 	 0.00000000 	 0.00000000 	 0.00000000 	 0.00000000 	 0.00000000 	 0.00000000 	 0.00000000 	 0.00000000 	 0.00000000 	 0.00000000 	 0.00000000 	 0.00000000 	 0.00000000 	 0.00000000 	 0.01055784 	 0.00000000 	 2.82173957 	 193.22877000 	 34.33004200 	 1.74170149 	 0.00000000 	 0.00000000 	 1.42292840 	 10.82460900
1812 	 0.01100000 	 0.25089993 	 26.24704800 	 0.23209015 	 1.04006608 	 0.00000000 	 0.00000000 	 0.00000000 	 0.00000000 	 0.00000000 	 157.26700000 	 0.00000000 	 0.00000000 	 0.00000000 	 0.00000000 	 0.00000000 	 0.00000000 	 0.00000000 	 0.00000000 	 0.00000000 	 0.00000000 	 0.00000000 	 0.00000000 	 0.00000000 	 0.00000000 	 0.00000000 	 0.00000000 	 0.00000000 	 0.00000000 	 0.00000000 	 0.01055319 	 0.00000000 	 2.88498260 	 197.62131000 	 35.11000600 	 1.75013434 	 0.00000000 	 0.00000000 	 1.45687170 	 11.07300900
1813 	 0.01100000 	 0.25623822 	 26.86574300 	 0.23703897 	 1.06549524 	 0.00000000 	 0.00000000 	 0.00000000 	 0.00000000 	 0.00000000 	 157.26700000 	 0.00000000 	 0.00000000 	 0.00000000 	 0.00000000 	 0.00000000 	 0.00000000 	 0.00000000 	 0.00000000 	 0.00000000 	 0.00000000 	 0.00000000 	 0.00000000 	 0.00000000 	 0.00000000 	 0.00000000 	 0.00000000 	 0.00000000 	 0.00000000 	 0.00000000 	 0.01054851 	 0.00000000 	 2.94842352 	 202.03382000 	 35.89347400 	 1.75842099 	 0.00000000 	 0.00000000 	 1.49112840 	 11.32277200
1814 	 0.01100000 	 0.26157652 	 27.49040800 	 0.24198884 	 1.09125155 	 0.00000000 	 0.00000000 	 0.00000000 	 0.00000000 	 0.00000000 	 157.26700000 	 0.00000000 	 0.00000000 	 0.00000000 	 0.00000000 	 0.00000000 	 0.00000000 	 0.00000000 	 0.00000000 	 0.00000000 	 0.00000000 	 0.00000000 	 0.00000000 	 0.00000000 	 0.00000000 	 0.00000000 	 0.00000000 	 0.00000000 	 0.00000000 	 0.00000000 	 0.01054381 	 0.00000000 	 3.01206840 	 206.46693000 	 36.68055500 	 1.76657042 	 0.00000000 	 0.00000000 	 1.52570810 	 11.57393800
1815 	 0.01200000 	 0.26691482 	 28.12123000 	 0.24693981 	 1.11734503 	 0.00000000 	 0.00000000 	 0.00000000 	 0.00000000 	 0.00000000 	 157.26700000 	 0.00000000 	 0.00000000 	 0.00000000 	 0.00000000 	 0.00000000 	 0.00000000 	 0.00000000 	 0.00000000 	 0.00000000 	 0.00000000 	 0.00000000 	 0.00000000 	 0.00000000 	 0.00000000 	 0.00000000 	 0.00000000 	 0.00000000 	 0.00000000 	 0.00000000 	 0.01053909 	 0.00000000 	 3.07592354 	 210.92127000 	 37.47135900 	 1.77828536 	 0.00000000 	 0.00000000 	 1.56062080 	 11.82655200
1816 	 0.01300000 	 0.27225311 	 28.75839800 	 0.25189191 	 1.14378611 	 0.00000000 	 0.00000000 	 0.00000000 	 0.00000000 	 0.00000000 	 157.26700000 	 0.00000000 	 0.00000000 	 0.00000000 	 0.00000000 	 0.00000000 	 0.00000000 	 0.00000000 	 0.00000000 	 0.00000000 	 0.00000000 	 0.00000000 	 0.00000000 	 0.00000000 	 0.00000000 	 0.00000000 	 0.00000000 	 0.00000000 	 0.00000000 	 0.00000000 	 0.01053435 	 0.00000000 	 3.13999553 	 215.39751000 	 38.26600300 	 1.78988070 	 0.00000000 	 0.00000000 	 1.59587680 	 12.08065800
1817 	 0.01400000 	 0.27759141 	 29.40210800 	 0.25684518 	 1.17058560 	 0.00000000 	 0.00000000 	 0.00000000 	 0.00000000 	 0.00000000 	 157.26700000 	 0.00000000 	 0.00000000 	 0.00000000 	 0.00000000 	 0.00000000 	 0.00000000 	 0.00000000 	 0.00000000 	 0.00000000 	 0.00000000 	 0.00000000 	 0.00000000 	 0.00000000 	 0.00000000 	 0.00000000 	 0.00000000 	 0.00000000 	 0.00000000 	 0.00000000 	 0.01052957 	 0.00000000 	 3.20429106 	 219.89630000 	 39.06460500 	 1.80136554 	 0.00000000 	 0.00000000 	 1.63148680 	 12.33630200
1818 	 0.01400000 	 0.28292970 	 30.05256300 	 0.26179963 	 1.19775453 	 0.00000000 	 0.00000000 	 0.00000000 	 0.00000000 	 0.00000000 	 157.26700000 	 0.00000000 	 0.00000000 	 0.00000000 	 0.00000000 	 0.00000000 	 0.00000000 	 0.00000000 	 0.00000000 	 0.00000000 	 0.00000000 	 0.00000000 	 0.00000000 	 0.00000000 	 0.00000000 	 0.00000000 	 0.00000000 	 0.00000000 	 0.00000000 	 0.00000000 	 0.01052478 	 0.00000000 	 3.26881693 	 224.41836000 	 39.86728600 	 1.80905464 	 0.00000000 	 0.00000000 	 1.66746160 	 12.59353200
1819 	 0.01400000 	 0.28826800 	 30.70997100 	 0.26675534 	 1.22530432 	 0.00000000 	 0.00000000 	 0.00000000 	 0.00000000 	 0.00000000 	 157.26700000 	 0.00000000 	 0.00000000 	 0.00000000 	 0.00000000 	 0.00000000 	 0.00000000 	 0.00000000 	 0.00000000 	 0.00000000 	 0.00000000 	 0.00000000 	 0.00000000 	 0.00000000 	 0.00000000 	 0.00000000 	 0.00000000 	 0.00000000 	 0.00000000 	 0.00000000 	 0.01051995 	 0.00000000 	 3.33358043 	 228.96441000 	 40.67417500 	 1.81665096 	 0.00000000 	 0.00000000 	 1.70381270 	 12.85239700
1820 	 0.01400000 	 0.29360630 	 31.37454800 	 0.27171232 	 1.25324679 	 0.00000000 	 0.00000000 	 0.00000000 	 0.00000000 	 0.00000000 	 157.26700000 	 0.00000000 	 0.00000000 	 0.00000000 	 0.00000000 	 0.00000000 	 0.00000000 	 0.00000000 	 0.00000000 	 0.00000000 	 0.00000000 	 0.00000000 	 0.00000000 	 0.00000000 	 0.00000000 	 0.00000000 	 0.00000000 	 0.00000000 	 0.00000000 	 0.00000000 	 0.01051509 	 0.00000000 	 3.39858875 	 233.53518000 	 41.48539900 	 1.82416339 	 0.00000000 	 0.00000000 	 1.74055160 	 13.11294800
1821 	 0.01400000 	 0.29894459 	 32.04651400 	 0.27667061 	 1.28159407 	 0.00000000 	 0.00000000 	 0.00000000 	 0.00000000 	 0.00000000 	 157.26700000 	 0.00000000 	 0.00000000 	 0.00000000 	 0.00000000 	 0.00000000 	 0.00000000 	 0.00000000 	 0.00000000 	 0.00000000 	 0.00000000 	 0.00000000 	 0.00000000 	 0.00000000 	 0.00000000 	 0.00000000 	 0.00000000 	 0.00000000 	 0.00000000 	 0.00000000 	 0.01051021 	 0.00000000 	 3.46384969 	 238.13144000 	 42.30109500 	 1.83160076 	 0.00000000 	 0.00000000 	 1.77769020 	 13.37523600
1822 	 0.01500000 	 0.30428289 	 32.72610000 	 0.28163026 	 1.31035869 	 0.00000000 	 0.00000000 	 0.00000000 	 0.00000000 	 0.00000000 	 157.26700000 	 0.00000000 	 0.00000000 	 0.00000000 	 0.00000000 	 0.00000000 	 0.00000000 	 0.00000000 	 0.00000000 	 0.00000000 	 0.00000000 	 0.00000000 	 0.00000000 	 0.00000000 	 0.00000000 	 0.00000000 	 0.00000000 	 0.00000000 	 0.00000000 	 0.00000000 	 0.01050529 	 0.00000000 	 3.52937082 	 242.75398000 	 43.12139900 	 1.84266582 	 0.00000000 	 0.00000000 	 1.81524100 	 13.63931600
1823 	 0.01600000 	 0.30962119 	 33.41353900 	 0.28659130 	 1.33955356 	 0.00000000 	 0.00000000 	 0.00000000 	 0.00000000 	 0.00000000 	 157.26700000 	 0.00000000 	 0.00000000 	 0.00000000 	 0.00000000 	 0.00000000 	 0.00000000 	 0.00000000 	 0.00000000 	 0.00000000 	 0.00000000 	 0.00000000 	 0.00000000 	 0.00000000 	 0.00000000 	 0.00000000 	 0.00000000 	 0.00000000 	 0.00000000 	 0.00000000 	 0.01050034 	 0.00000000 	 3.59516024 	 247.40361000 	 43.94645500 	 1.85367356 	 0.00000000 	 0.00000000 	 1.85321680 	 13.90524300
1824 	 0.01600000 	 0.31495948 	 34.10907600 	 0.29155379 	 1.36919192 	 0.00000000 	 0.00000000 	 0.00000000 	 0.00000000 	 0.00000000 	 157.26700000 	 0.00000000 	 0.00000000 	 0.00000000 	 0.00000000 	 0.00000000 	 0.00000000 	 0.00000000 	 0.00000000 	 0.00000000 	 0.00000000 	 0.00000000 	 0.00000000 	 0.00000000 	 0.00000000 	 0.00000000 	 0.00000000 	 0.00000000 	 0.00000000 	 0.00000000 	 0.01049536 	 0.00000000 	 3.66122635 	 252.08117000 	 44.77641000 	 1.86093900 	 0.00000000 	 0.00000000 	 1.89163060 	 14.17307400
1825 	 0.01700000 	 0.32029778 	 34.81296000 	 0.29651776 	 1.39928749 	 0.00000000 	 0.00000000 	 0.00000000 	 0.00000000 	 0.00000000 	 157.26700000 	 0.00000000 	 0.00000000 	 0.00000000 	 0.00000000 	 0.00000000 	 0.00000000 	 0.00000000 	 0.00000000 	 0.00000000 	 0.00000000 	 0.00000000 	 0.00000000 	 0.00000000 	 0.00000000 	 0.00000000 	 0.00000000 	 0.00000000 	 0.00000000 	 0.00000000 	 0.01049035 	 0.00000000 	 3.72757764 	 256.78752000 	 45.61141400 	 1.87185883 	 0.00000000 	 0.00000000 	 1.93049600 	 14.44286700
1826 	 0.01700000 	 0.32563608 	 35.52545000 	 0.30148327 	 1.42985450 	 0.00000000 	 0.00000000 	 0.00000000 	 0.00000000 	 0.00000000 	 157.26700000 	 0.00000000 	 0.00000000 	 0.00000000 	 0.00000000 	 0.00000000 	 0.00000000 	 0.00000000 	 0.00000000 	 0.00000000 	 0.00000000 	 0.00000000 	 0.00000000 	 0.00000000 	 0.00000000 	 0.00000000 	 0.00000000 	 0.00000000 	 0.00000000 	 0.00000000 	 0.01048531 	 0.00000000 	 3.79422288 	 261.52355000 	 46.45162500 	 1.87905420 	 0.00000000 	 0.00000000 	 1.96982700 	 14.71468400
1827 	 0.01800000 	 0.33097437 	 36.24681300 	 0.30645036 	 1.46090758 	 0.00000000 	 0.00000000 	 0.00000000 	 0.00000000 	 0.00000000 	 157.26700000 	 0.00000000 	 0.00000000 	 0.00000000 	 0.00000000 	 0.00000000 	 0.00000000 	 0.00000000 	 0.00000000 	 0.00000000 	 0.00000000 	 0.00000000 	 0.00000000 	 0.00000000 	 0.00000000 	 0.00000000 	 0.00000000 	 0.00000000 	 0.00000000 	 0.00000000 	 0.01048022 	 0.00000000 	 3.86117128 	 266.29019000 	 47.29720200 	 1.88992169 	 0.00000000 	 0.00000000 	 2.00963800 	 14.98858700
1828 	 0.01800000 	 0.33631267 	 36.97732100 	 0.31141906 	 1.49246157 	 0.00000000 	 0.00000000 	 0.00000000 	 0.00000000 	 0.00000000 	 157.26700000 	 0.00000000 	 0.00000000 	 0.00000000 	 0.00000000 	 0.00000000 	 0.00000000 	 0.00000000 	 0.00000000 	 0.00000000 	 0.00000000 	 0.00000000 	 0.00000000 	 0.00000000 	 0.00000000 	 0.00000000 	 0.00000000 	 0.00000000 	 0.00000000 	 0.00000000 	 0.01047510 	 0.00000000 	 3.92843213 	 271.08837000 	 48.14831300 	 1.89708258 	 0.00000000 	 0.00000000 	 2.04994380 	 15.26464100
1829 	 0.01800000 	 0.34165096 	 37.71725900 	 0.31638945 	 1.52453208 	 0.00000000 	 0.00000000 	 0.00000000 	 0.00000000 	 0.00000000 	 157.26700000 	 0.00000000 	 0.00000000 	 0.00000000 	 0.00000000 	 0.00000000 	 0.00000000 	 0.00000000 	 0.00000000 	 0.00000000 	 0.00000000 	 0.00000000 	 0.00000000 	 0.00000000 	 0.00000000 	 0.00000000 	 0.00000000 	 0.00000000 	 0.00000000 	 0.00000000 	 0.01046995 	 0.00000000 	 3.99601520 	 275.91908000 	 49.00512800 	 1.90423934 	 0.00000000 	 0.00000000 	 2.09075970 	 15.54291200
1830 	 0.02400000 	 0.34698926 	 38.46691700 	 0.32136158 	 1.55713505 	 0.00000000 	 0.00000000 	 0.00000000 	 0.00000000 	 0.00000000 	 157.26700000 	 0.00000000 	 0.00000000 	 0.00000000 	 0.00000000 	 0.00000000 	 0.00000000 	 0.00000000 	 0.00000000 	 0.00000000 	 0.00000000 	 0.00000000 	 0.00000000 	 0.00000000 	 0.00000000 	 0.00000000 	 0.00000000 	 0.00000000 	 0.00000000 	 0.00000000 	 0.01046475 	 0.00000000 	 4.06393029 	 280.78331000 	 49.86782400 	 1.93356446 	 0.00000000 	 0.00000000 	 2.13210150 	 15.82346900
1831 	 0.02300000 	 0.35232756 	 39.22659700 	 0.32633548 	 1.59028703 	 0.00000000 	 0.00000000 	 0.00000000 	 0.00000000 	 0.00000000 	 157.26700000 	 0.00000000 	 0.00000000 	 0.00000000 	 0.00000000 	 0.00000000 	 0.00000000 	 0.00000000 	 0.00000000 	 0.00000000 	 0.00000000 	 0.00000000 	 0.00000000 	 0.00000000 	 0.00000000 	 0.00000000 	 0.00000000 	 0.00000000 	 0.00000000 	 0.00000000 	 0.01045952 	 0.00000000 	 4.13218770 	 285.68212000 	 50.73658200 	 1.93704618 	 0.00000000 	 0.00000000 	 2.17398550 	 16.10638200
1832 	 0.02300000 	 0.35766585 	 39.99660900 	 0.33131122 	 1.62400483 	 0.00000000 	 0.00000000 	 0.00000000 	 0.00000000 	 0.00000000 	 157.26700000 	 0.00000000 	 0.00000000 	 0.00000000 	 0.00000000 	 0.00000000 	 0.00000000 	 0.00000000 	 0.00000000 	 0.00000000 	 0.00000000 	 0.00000000 	 0.00000000 	 0.00000000 	 0.00000000 	 0.00000000 	 0.00000000 	 0.00000000 	 0.00000000 	 0.00000000 	 0.01045424 	 0.00000000 	 4.20079819 	 290.61656000 	 51.61159100 	 1.94424446 	 0.00000000 	 0.00000000 	 2.21642840 	 16.39172400
1833 	 0.02400000 	 0.36300415 	 40.77727100 	 0.33628887 	 1.65830619 	 0.00000000 	 0.00000000 	 0.00000000 	 0.00000000 	 0.00000000 	 157.26700000 	 0.00000000 	 0.00000000 	 0.00000000 	 0.00000000 	 0.00000000 	 0.00000000 	 0.00000000 	 0.00000000 	 0.00000000 	 0.00000000 	 0.00000000 	 0.00000000 	 0.00000000 	 0.00000000 	 0.00000000 	 0.00000000 	 0.00000000 	 0.00000000 	 0.00000000 	 0.01044892 	 0.00000000 	 4.26977248 	 295.58773000 	 52.49304300 	 1.95516818 	 0.00000000 	 0.00000000 	 2.25944750 	 16.67957100
1834 	 0.02400000 	 0.36834245 	 41.56891400 	 0.34126846 	 1.69320886 	 0.00000000 	 0.00000000 	 0.00000000 	 0.00000000 	 0.00000000 	 157.26700000 	 0.00000000 	 0.00000000 	 0.00000000 	 0.00000000 	 0.00000000 	 0.00000000 	 0.00000000 	 0.00000000 	 0.00000000 	 0.00000000 	 0.00000000 	 0.00000000 	 0.00000000 	 0.00000000 	 0.00000000 	 0.00000000 	 0.00000000 	 0.00000000 	 0.00000000 	 0.01044356 	 0.00000000 	 4.33912193 	 300.59678000 	 53.38113700 	 1.96243859 	 0.00000000 	 0.00000000 	 2.30306070 	 16.97000000
1835 	 0.02500000 	 0.37368074 	 42.37187600 	 0.34625006 	 1.72873176 	 0.00000000 	 0.00000000 	 0.00000000 	 0.00000000 	 0.00000000 	 157.26700000 	 0.00000000 	 0.00000000 	 0.00000000 	 0.00000000 	 0.00000000 	 0.00000000 	 0.00000000 	 0.00000000 	 0.00000000 	 0.00000000 	 0.00000000 	 0.00000000 	 0.00000000 	 0.00000000 	 0.00000000 	 0.00000000 	 0.00000000 	 0.00000000 	 0.00000000 	 0.01043815 	 0.00000000 	 4.40885814 	 305.64487000 	 54.27608000 	 1.97345216 	 0.00000000 	 0.00000000 	 2.34728620 	 17.26309000
1836 	 0.02900000 	 0.37901904 	 43.18650900 	 0.35123374 	 1.76489384 	 0.00000000 	 0.00000000 	 0.00000000 	 0.00000000 	 0.00000000 	 157.26700000 	 0.00000000 	 0.00000000 	 0.00000000 	 0.00000000 	 0.00000000 	 0.00000000 	 0.00000000 	 0.00000000 	 0.00000000 	 0.00000000 	 0.00000000 	 0.00000000 	 0.00000000 	 0.00000000 	 0.00000000 	 0.00000000 	 0.00000000 	 0.00000000 	 0.00000000 	 0.01043269 	 0.00000000 	 4.47899299 	 310.73322000 	 55.17808200 	 1.99560571 	 0.00000000 	 0.00000000 	 2.39214320 	 17.55892500
1837 	 0.02900000 	 0.38435733 	 44.01317300 	 0.35621957 	 1.80171494 	 0.00000000 	 0.00000000 	 0.00000000 	 0.00000000 	 0.00000000 	 157.26700000 	 0.00000000 	 0.00000000 	 0.00000000 	 0.00000000 	 0.00000000 	 0.00000000 	 0.00000000 	 0.00000000 	 0.00000000 	 0.00000000 	 0.00000000 	 0.00000000 	 0.00000000 	 0.00000000 	 0.00000000 	 0.00000000 	 0.00000000 	 0.00000000 	 0.00000000 	 0.01042719 	 0.00000000 	 4.54953888 	 315.86307000 	 56.08736300 	 2.00305086 	 0.00000000 	 0.00000000 	 2.43765100 	 17.85758800
1838 	 0.03000000 	 0.38969563 	 44.85224000 	 0.36120761 	 1.83921539 	 0.00000000 	 0.00000000 	 0.00000000 	 0.00000000 	 0.00000000 	 157.26700000 	 0.00000000 	 0.00000000 	 0.00000000 	 0.00000000 	 0.00000000 	 0.00000000 	 0.00000000 	 0.00000000 	 0.00000000 	 0.00000000 	 0.00000000 	 0.00000000 	 0.00000000 	 0.00000000 	 0.00000000 	 0.00000000 	 0.00000000 	 0.00000000 	 0.00000000 	 0.01042163 	 0.00000000 	 4.62050848 	 321.03569000 	 57.00414700 	 2.01426589 	 0.00000000 	 0.00000000 	 2.48382980 	 18.15916800
1839 	 0.03100000 	 0.39503393 	 45.70409300 	 0.36619791 	 1.87741634 	 0.00000000 	 0.00000000 	 0.00000000 	 0.00000000 	 0.00000000 	 157.26700000 	 0.00000000 	 0.00000000 	 0.00000000 	 0.00000000 	 0.00000000 	 0.00000000 	 0.00000000 	 0.00000000 	 0.00000000 	 0.00000000 	 0.00000000 	 0.00000000 	 0.00000000 	 0.00000000 	 0.00000000 	 0.00000000 	 0.00000000 	 0.00000000 	 0.00000000 	 0.01041603 	 0.00000000 	 4.69191498 	 326.25242000 	 57.92866700 	 2.02556591 	 0.00000000 	 0.00000000 	 2.53070040 	 18.46375500
1840 	 0.03300000 	 0.40037222 	 46.56912900 	 0.37119057 	 1.91633933 	 0.00000000 	 0.00000000 	 0.00000000 	 0.00000000 	 0.00000000 	 157.26700000 	 0.00000000 	 0.00000000 	 0.00000000 	 0.00000000 	 0.00000000 	 0.00000000 	 0.00000000 	 0.00000000 	 0.00000000 	 0.00000000 	 0.00000000 	 0.00000000 	 0.00000000 	 0.00000000 	 0.00000000 	 0.00000000 	 0.00000000 	 0.00000000 	 0.00000000 	 0.01041037 	 0.00000000 	 4.76377186 	 331.51462000 	 58.86116100 	 2.04065353 	 0.00000000 	 0.00000000 	 2.57828410 	 18.77144100
1841 	 0.03400000 	 0.40571052 	 47.44775500 	 0.37618564 	 1.95600671 	 0.00000000 	 0.00000000 	 0.00000000 	 0.00000000 	 0.00000000 	 157.26700000 	 0.00000000 	 0.00000000 	 0.00000000 	 0.00000000 	 0.00000000 	 0.00000000 	 0.00000000 	 0.00000000 	 0.00000000 	 0.00000000 	 0.00000000 	 0.00000000 	 0.00000000 	 0.00000000 	 0.00000000 	 0.00000000 	 0.00000000 	 0.00000000 	 0.00000000 	 0.01040466 	 0.00000000 	 4.83609291 	 336.82369000 	 59.80187600 	 2.05215002 	 0.00000000 	 0.00000000 	 2.62660310 	 19.08232300
1842 	 0.03600000 	 0.41104882 	 48.34039000 	 0.38118321 	 1.99644161 	 0.00000000 	 0.00000000 	 0.00000000 	 0.00000000 	 0.00000000 	 157.26700000 	 0.00000000 	 0.00000000 	 0.00000000 	 0.00000000 	 0.00000000 	 0.00000000 	 0.00000000 	 0.00000000 	 0.00000000 	 0.00000000 	 0.00000000 	 0.00000000 	 0.00000000 	 0.00000000 	 0.00000000 	 0.00000000 	 0.00000000 	 0.00000000 	 0.00000000 	 0.01039889 	 0.00000000 	 4.90889272 	 342.18109000 	 60.75106700 	 2.06745209 	 0.00000000 	 0.00000000 	 2.67568000 	 19.39649900
1843 	 0.03700000 	 0.41638711 	 49.24746900 	 0.38618335 	 2.03766760 	 0.00000000 	 0.00000000 	 0.00000000 	 0.00000000 	 0.00000000 	 157.26700000 	 0.00000000 	 0.00000000 	 0.00000000 	 0.00000000 	 0.00000000 	 0.00000000 	 0.00000000 	 0.00000000 	 0.00000000 	 0.00000000 	 0.00000000 	 0.00000000 	 0.00000000 	 0.00000000 	 0.00000000 	 0.00000000 	 0.00000000 	 0.00000000 	 0.00000000 	 0.01039306 	 0.00000000 	 4.98218586 	 347.58830000 	 61.70899600 	 2.07918063 	 0.00000000 	 0.00000000 	 2.72553830 	 19.71407100
1844 	 0.03900000 	 0.42172541 	 50.16943900 	 0.39118614 	 2.07970922 	 0.00000000 	 0.00000000 	 0.00000000 	 0.00000000 	 0.00000000 	 157.26700000 	 0.00000000 	 0.00000000 	 0.00000000 	 0.00000000 	 0.00000000 	 0.00000000 	 0.00000000 	 0.00000000 	 0.00000000 	 0.00000000 	 0.00000000 	 0.00000000 	 0.00000000 	 0.00000000 	 0.00000000 	 0.00000000 	 0.00000000 	 0.00000000 	 0.00000000 	 0.01038717 	 0.00000000 	 5.05598782 	 353.04688000 	 62.67593200 	 2.09473235 	 0.00000000 	 0.00000000 	 2.77620210 	 20.03514400
1845 	 0.04300000 	 0.42706371 	 51.10675900 	 0.39619166 	 2.12259171 	 0.00000000 	 0.00000000 	 0.00000000 	 0.00000000 	 0.00000000 	 157.26700000 	 0.00000000 	 0.00000000 	 0.00000000 	 0.00000000 	 0.00000000 	 0.00000000 	 0.00000000 	 0.00000000 	 0.00000000 	 0.00000000 	 0.00000000 	 0.00000000 	 0.00000000 	 0.00000000 	 0.00000000 	 0.00000000 	 0.00000000 	 0.00000000 	 0.00000000 	 0.01038122 	 0.00000000 	 5.13031418 	 358.55840000 	 63.65215600 	 2.11781021 	 0.00000000 	 0.00000000 	 2.82769640 	 20.35982700
1846 	 0.04300000 	 0.43240200 	 52.05990400 	 0.40119999 	 2.16634113 	 0.00000000 	 0.00000000 	 0.00000000 	 0.00000000 	 0.00000000 	 157.26700000 	 0.00000000 	 0.00000000 	 0.00000000 	 0.00000000 	 0.00000000 	 0.00000000 	 0.00000000 	 0.00000000 	 0.00000000 	 0.00000000 	 0.00000000 	 0.00000000 	 0.00000000 	 0.00000000 	 0.00000000 	 0.00000000 	 0.00000000 	 0.00000000 	 0.00000000 	 0.01037521 	 0.00000000 	 5.20518112 	 364.12450000 	 64.63795200 	 2.12625958 	 0.00000000 	 0.00000000 	 2.88004690 	 20.68823100
1847 	 0.04600000 	 0.43774030 	 53.02936500 	 0.40621124 	 2.21098414 	 0.00000000 	 0.00000000 	 0.00000000 	 0.00000000 	 0.00000000 	 157.26700000 	 0.00000000 	 0.00000000 	 0.00000000 	 0.00000000 	 0.00000000 	 0.00000000 	 0.00000000 	 0.00000000 	 0.00000000 	 0.00000000 	 0.00000000 	 0.00000000 	 0.00000000 	 0.00000000 	 0.00000000 	 0.00000000 	 0.00000000 	 0.00000000 	 0.00000000 	 0.01036913 	 0.00000000 	 5.28060552 	 369.74689000 	 65.63361900 	 2.14594679 	 0.00000000 	 0.00000000 	 2.93328010 	 21.02047100
1848 	 0.04700000 	 0.44307859 	 54.01564400 	 0.41122547 	 2.25654849 	 0.00000000 	 0.00000000 	 0.00000000 	 0.00000000 	 0.00000000 	 157.26700000 	 0.00000000 	 0.00000000 	 0.00000000 	 0.00000000 	 0.00000000 	 0.00000000 	 0.00000000 	 0.00000000 	 0.00000000 	 0.00000000 	 0.00000000 	 0.00000000 	 0.00000000 	 0.00000000 	 0.00000000 	 0.00000000 	 0.00000000 	 0.00000000 	 0.00000000 	 0.01036298 	 0.00000000 	 5.35660456 	 375.42728000 	 66.63946100 	 2.15841095 	 0.00000000 	 0.00000000 	 2.98742310 	 21.35666600
1849 	 0.05000000 	 0.44841689 	 55.01926400 	 0.41624279 	 2.30306273 	 0.00000000 	 0.00000000 	 0.00000000 	 0.00000000 	 0.00000000 	 157.26700000 	 0.00000000 	 0.00000000 	 0.00000000 	 0.00000000 	 0.00000000 	 0.00000000 	 0.00000000 	 0.00000000 	 0.00000000 	 0.00000000 	 0.00000000 	 0.00000000 	 0.00000000 	 0.00000000 	 0.00000000 	 0.00000000 	 0.00000000 	 0.00000000 	 0.00000000 	 0.01035677 	 0.00000000 	 5.43319593 	 381.16749000 	 67.65579200 	 2.17843683 	 0.00000000 	 0.00000000 	 3.04250430 	 21.69693900
1850 	 0.05400000 	 0.45375519 	 56.04075900 	 0.42126329 	 2.35055613 	 0.00000000 	 0.00000000 	 0.00000000 	 0.00000000 	 0.00000000 	 157.26700000 	 1.39500000 	 0.00000000 	 0.00000000 	 0.00000000 	 0.00000000 	 0.00000000 	 0.00000000 	 0.00000000 	 0.00000000 	 0.00000000 	 0.00000000 	 0.00000000 	 0.00000000 	 0.00000000 	 0.00000000 	 0.00000000 	 0.00000000 	 0.00000000 	 0.00000000 	 0.01035048 	 0.00000000 	 5.51039800 	 386.96935000 	 68.68293800 	 2.20233919 	 0.00000000 	 0.00000000 	 3.09855250 	 22.04141400
1851 	 0.05400000 	 0.44678569 	 56.46132000 	 0.42715673 	 2.40608456 	 0.00000000 	 0.00000000 	 0.00000000 	 0.00000000 	 0.00000000 	 157.26700000 	 1.44700000 	 0.00000000 	 0.00000000 	 0.00000000 	 0.00000000 	 0.00000000 	 0.00000000 	 0.00000000 	 0.00000000 	 0.00000000 	 0.00000000 	 0.00000000 	 0.00000000 	 0.00000000 	 0.00000000 	 0.00000000 	 0.00000000 	 0.00000000 	 0.00000000 	 0.01035091 	 0.00000000 	 5.53598982 	 387.46072000 	 68.72776500 	 2.24268784 	 0.00000000 	 0.00000000 	 3.11874170 	 22.10506400
1852 	 0.05700000 	 0.49862282 	 56.88188000 	 0.46439510 	 2.46161300 	 0.00000000 	 0.00000000 	 0.00000000 	 0.00000000 	 0.00000000 	 157.26700000 	 1.50200000 	 0.00000000 	 0.00000000 	 0.00000000 	 0.00000000 	 0.00000000 	 0.00000000 	 0.00000000 	 0.00000000 	 0.00000000 	 0.00000000 	 0.00000000 	 0.00000000 	 0.00000000 	 0.00000000 	 0.00000000 	 0.00000000 	 0.00000000 	 0.00000000 	 0.01035134 	 0.00000000 	 5.56158173 	 387.95209000 	 68.77259200 	 2.42212066 	 0.00000000 	 0.00000000 	 3.13893090 	 22.16871400
1853 	 0.05900000 	 0.49735449 	 57.30244100 	 0.46450858 	 2.51714143 	 0.00000000 	 0.00000000 	 0.00000000 	 0.00000000 	 0.00000000 	 157.26700000 	 1.55400000 	 0.00000000 	 0.00000000 	 0.00000000 	 0.00000000 	 0.00000000 	 0.00000000 	 0.00000000 	 0.00000000 	 0.00000000 	 0.00000000 	 0.00000000 	 0.00000000 	 0.00000000 	 0.00000000 	 0.00000000 	 0.00000000 	 0.00000000 	 0.00000000 	 0.01035177 	 0.00000000 	 5.58717355 	 388.44346000 	 68.81741800 	 2.42955670 	 0.00000000 	 0.00000000 	 3.15912000 	 22.23236300
1854 	 0.06900000 	 0.49581708 	 57.72300100 	 0.46417108 	 2.57266987 	 0.00000000 	 0.00000000 	 0.00000000 	 0.00000000 	 0.00000000 	 157.26700000 	 1.60700000 	 0.00000000 	 0.00000000 	 0.00000000 	 0.00000000 	 0.00000000 	 0.00000000 	 0.00000000 	 0.00000000 	 0.00000000 	 0.00000000 	 0.00000000 	 0.00000000 	 0.00000000 	 0.00000000 	 0.00000000 	 0.00000000 	 0.00000000 	 0.00000000 	 0.01035220 	 0.00000000 	 5.61276537 	 388.93483000 	 68.86224500 	 2.46536866 	 0.00000000 	 0.00000000 	 3.17930920 	 22.29601300
1855 	 0.07100000 	 0.49367925 	 58.14356200 	 0.46301436 	 2.62819830 	 0.00000000 	 0.00000000 	 0.00000000 	 0.00000000 	 0.00000000 	 157.26700000 	 1.65700000 	 0.00000000 	 0.00000000 	 0.00000000 	 0.00000000 	 0.00000000 	 0.00000000 	 0.00000000 	 0.00000000 	 0.00000000 	 0.00000000 	 0.00000000 	 0.00000000 	 0.00000000 	 0.00000000 	 0.00000000 	 0.00000000 	 0.00000000 	 0.00000000 	 0.01035264 	 0.00000000 	 5.63835719 	 389.42621000 	 68.90707200 	 2.46805369 	 0.00000000 	 0.00000000 	 3.19949830 	 22.35966300
1856 	 0.07600000 	 0.49893488 	 58.56412200 	 0.46702610 	 2.68372684 	 0.00000000 	 0.00000000 	 0.00000000 	 0.00000000 	 0.00000000 	 157.26700000 	 1.71200000 	 0.00000000 	 0.00000000 	 0.00000000 	 0.00000000 	 0.00000000 	 0.00000000 	 0.00000000 	 0.00000000 	 0.00000000 	 0.00000000 	 0.00000000 	 0.00000000 	 0.00000000 	 0.00000000 	 0.00000000 	 0.00000000 	 0.00000000 	 0.00000000 	 0.01035307 	 0.00000000 	 5.66394901 	 389.91758000 	 68.95189900 	 2.50357021 	 0.00000000 	 0.00000000 	 3.21968750 	 22.42331200
1857 	 0.07700000 	 0.50423200 	 58.98468300 	 0.47099518 	 2.73925528 	 0.00000000 	 0.00000000 	 0.00000000 	 0.00000000 	 0.00000000 	 157.26700000 	 1.76500000 	 0.00000000 	 0.00000000 	 0.00000000 	 0.00000000 	 0.00000000 	 0.00000000 	 0.00000000 	 0.00000000 	 0.00000000 	 0.00000000 	 0.00000000 	 0.00000000 	 0.00000000 	 0.00000000 	 0.00000000 	 0.00000000 	 0.00000000 	 0.00000000 	 0.01035350 	 0.00000000 	 5.68954093 	 390.40895000 	 68.99672600 	 2.52383579 	 0.00000000 	 0.00000000 	 3.23987670 	 22.48696200
1858 	 0.07800000 	 0.50923298 	 59.40524300 	 0.47475974 	 2.79478371 	 0.00000000 	 0.00000000 	 0.00000000 	 0.00000000 	 0.00000000 	 157.26700000 	 1.81500000 	 0.00000000 	 0.00000000 	 0.00000000 	 0.00000000 	 0.00000000 	 0.00000000 	 0.00000000 	 0.00000000 	 0.00000000 	 0.00000000 	 0.00000000 	 0.00000000 	 0.00000000 	 0.00000000 	 0.00000000 	 0.00000000 	 0.00000000 	 0.00000000 	 0.01035393 	 0.00000000 	 5.71513275 	 390.90032000 	 69.04155300 	 2.54308149 	 0.00000000 	 0.00000000 	 3.26006580 	 22.55061100
1859 	 0.08300000 	 0.51425389 	 59.82580400 	 0.47849269 	 2.85031215 	 0.00000000 	 0.00000000 	 0.00000000 	 0.00000000 	 0.00000000 	 157.26700000 	 1.87000000 	 0.00000000 	 0.00000000 	 0.00000000 	 0.00000000 	 0.00000000 	 0.00000000 	 0.00000000 	 0.00000000 	 0.00000000 	 0.00000000 	 0.00000000 	 0.00000000 	 0.00000000 	 0.00000000 	 0.00000000 	 0.00000000 	 0.00000000 	 0.00000000 	 0.01035436 	 0.00000000 	 5.74072457 	 391.39169000 	 69.08638000 	 2.57789336 	 0.00000000 	 0.00000000 	 3.28025500 	 22.61426100
1860 	 0.09100000 	 0.51896689 	 60.24636400 	 0.48230096 	 2.90584058 	 0.00000000 	 0.00000000 	 0.00000000 	 0.00000000 	 0.00000000 	 157.26700000 	 1.92300000 	 0.00000000 	 0.00000000 	 0.00000000 	 0.00000000 	 0.00000000 	 0.00000000 	 0.00000000 	 0.00000000 	 0.00000000 	 0.00000000 	 0.00000000 	 0.00000000 	 0.00000000 	 0.00000000 	 0.00000000 	 0.00000000 	 0.00000000 	 0.00000000 	 0.01035479 	 0.00000000 	 5.76631638 	 391.88307000 	 69.13120600 	 2.62525924 	 0.00000000 	 0.00000000 	 3.30044410 	 22.67791100
1861 	 0.09500000 	 0.52822360 	 59.61446800 	 0.50470619 	 2.99866346 	 0.00000000 	 0.00000000 	 0.00000000 	 0.00000000 	 0.00000000 	 157.26700000 	 1.97300000 	 0.00000000 	 0.00000000 	 0.00000000 	 0.00000000 	 0.00000000 	 0.00000000 	 0.00000000 	 0.00000000 	 0.00000000 	 0.00000000 	 0.00000000 	 0.00000000 	 0.00000000 	 0.00000000 	 0.00000000 	 0.00000000 	 0.00000000 	 0.00000000 	 0.01035496 	 0.00000000 	 5.80619336 	 392.89610000 	 69.26904400 	 2.76079114 	 0.00000000 	 0.00000000 	 3.32441380 	 22.73452800
1862 	 0.09700000 	 0.47371663 	 58.98257300 	 0.47084360 	 3.09148633 	 0.00000000 	 0.00000000 	 0.00000000 	 0.00000000 	 0.00000000 	 157.26700000 	 2.02800000 	 0.00000000 	 0.00000000 	 0.00000000 	 0.00000000 	 0.00000000 	 0.00000000 	 0.00000000 	 0.00000000 	 0.00000000 	 0.00000000 	 0.00000000 	 0.00000000 	 0.00000000 	 0.00000000 	 0.00000000 	 0.00000000 	 0.00000000 	 0.00000000 	 0.01035513 	 0.00000000 	 5.84607033 	 393.90914000 	 69.40688100 	 2.61777730 	 0.00000000 	 0.00000000 	 3.34838350 	 22.79114400
1863 	 0.10400000 	 0.47374912 	 58.35067700 	 0.47417824 	 3.18430911 	 0.00000000 	 0.00000000 	 0.00000000 	 0.00000000 	 0.00000000 	 157.26700000 	 2.08100000 	 0.00000000 	 0.00000000 	 0.00000000 	 0.00000000 	 0.00000000 	 0.00000000 	 0.00000000 	 0.00000000 	 0.00000000 	 0.00000000 	 0.00000000 	 0.00000000 	 0.00000000 	 0.00000000 	 0.00000000 	 0.00000000 	 0.00000000 	 0.00000000 	 0.01035530 	 0.00000000 	 5.88594721 	 394.92218000 	 69.54471900 	 2.66211379 	 0.00000000 	 0.00000000 	 3.37235320 	 22.84776100
1864 	 0.11200000 	 0.47413825 	 57.71878100 	 0.47758495 	 3.27713198 	 0.00000000 	 0.00000000 	 0.00000000 	 0.00000000 	 0.00000000 	 157.26700000 	 2.13400000 	 0.00000000 	 0.00000000 	 0.00000000 	 0.00000000 	 0.00000000 	 0.00000000 	 0.00000000 	 0.00000000 	 0.00000000 	 0.00000000 	 0.00000000 	 0.00000000 	 0.00000000 	 0.00000000 	 0.00000000 	 0.00000000 	 0.00000000 	 0.00000000 	 0.01035547 	 0.00000000 	 5.92582418 	 395.93522000 	 69.68255600 	 2.70778890 	 0.00000000 	 0.00000000 	 3.39632290 	 22.90437800
1865 	 0.11900000 	 0.47479536 	 57.08688500 	 0.48117455 	 3.36995486 	 0.00000000 	 0.00000000 	 0.00000000 	 0.00000000 	 0.00000000 	 157.26700000 	 2.18400000 	 0.00000000 	 0.00000000 	 0.00000000 	 0.00000000 	 0.00000000 	 0.00000000 	 0.00000000 	 0.00000000 	 0.00000000 	 0.00000000 	 0.00000000 	 0.00000000 	 0.00000000 	 0.00000000 	 0.00000000 	 0.00000000 	 0.00000000 	 0.00000000 	 0.01035564 	 0.00000000 	 5.96570106 	 396.94826000 	 69.82039300 	 2.75100181 	 0.00000000 	 0.00000000 	 3.42029260 	 22.96099500
1866 	 0.12200000 	 0.47491218 	 56.45499000 	 0.48392785 	 3.46277773 	 0.00000000 	 0.00000000 	 0.00000000 	 0.00000000 	 0.00000000 	 157.26700000 	 2.23900000 	 0.00000000 	 0.00000000 	 0.00000000 	 0.00000000 	 0.00000000 	 0.00000000 	 0.00000000 	 0.00000000 	 0.00000000 	 0.00000000 	 0.00000000 	 0.00000000 	 0.00000000 	 0.00000000 	 0.00000000 	 0.00000000 	 0.00000000 	 0.00000000 	 0.01035580 	 0.00000000 	 6.00557803 	 397.96130000 	 69.95823100 	 2.77730919 	 0.00000000 	 0.00000000 	 3.44426230 	 23.01761200
1867 	 0.13022269 	 0.47338353 	 55.82309400 	 0.48444639 	 3.55560051 	 0.00000000 	 0.00000000 	 0.00000000 	 0.00000000 	 0.00000000 	 157.26700000 	 2.29100000 	 0.00000000 	 0.00000000 	 0.00000000 	 0.00000000 	 0.00000000 	 0.00000000 	 0.00000000 	 0.00000000 	 0.00000000 	 0.00000000 	 0.00000000 	 0.00000000 	 0.00000000 	 0.00000000 	 0.00000000 	 0.00000000 	 0.00000000 	 0.00000000 	 0.01035597 	 0.00000000 	 6.04545500 	 398.97434000 	 70.09606800 	 2.81563265 	 0.00000000 	 0.00000000 	 3.46823190 	 23.07422900
1868 	 0.13525196 	 0.47198274 	 55.19119800 	 0.48567554 	 3.64842338 	 0.00000000 	 0.00000000 	 0.00000000 	 0.00000000 	 0.00000000 	 157.26700000 	 2.34100000 	 0.00000000 	 0.00000000 	 0.00000000 	 0.00000000 	 0.00000000 	 0.00000000 	 0.00000000 	 0.00000000 	 0.00000000 	 0.00000000 	 0.00000000 	 0.00000000 	 0.00000000 	 0.00000000 	 0.00000000 	 0.00000000 	 0.00000000 	 0.00000000 	 0.01035615 	 0.00000000 	 6.08533188 	 399.98738000 	 70.23390500 	 2.83800926 	 0.00000000 	 0.00000000 	 3.49220160 	 23.13084600
1869 	 0.14228123 	 0.47048522 	 54.55930300 	 0.48658334 	 3.74124626 	 0.00000000 	 0.00000000 	 0.00000000 	 0.00000000 	 0.00000000 	 157.26700000 	 2.38600000 	 0.00000000 	 0.00000000 	 0.00000000 	 0.00000000 	 0.00000000 	 0.00000000 	 0.00000000 	 0.00000000 	 0.00000000 	 0.00000000 	 0.00000000 	 0.00000000 	 0.00000000 	 0.00000000 	 0.00000000 	 0.00000000 	 0.00000000 	 0.00000000 	 0.01035632 	 0.00000000 	 6.12520885 	 401.00042000 	 70.37174300 	 2.86912109 	 0.00000000 	 0.00000000 	 3.51617130 	 23.18746300
1870 	 0.14731051 	 0.46933399 	 53.92740700 	 0.48746484 	 3.83406913 	 0.00000000 	 0.00000000 	 0.00000000 	 0.00000000 	 0.00000000 	 157.26700000 	 2.45200000 	 0.00000000 	 0.00000000 	 0.00000000 	 0.00000000 	 0.00000000 	 0.00000000 	 0.00000000 	 0.00000000 	 0.00000000 	 0.00000000 	 0.00000000 	 0.00000000 	 0.00000000 	 0.00000000 	 0.00000000 	 0.00000000 	 0.00000000 	 0.00000000 	 0.01035649 	 0.00000000 	 6.16508583 	 402.01346000 	 70.50958000 	 2.89292060 	 0.00000000 	 0.00000000 	 3.54014100 	 23.24407900
1871 	 0.15633978 	 0.48732546 	 56.68386900 	 0.58468198 	 4.00115444 	 0.00000000 	 0.00000000 	 0.00000000 	 0.00000000 	 0.00000000 	 157.26700000 	 2.50500000 	 0.00000000 	 0.00000000 	 0.00000000 	 0.00000000 	 0.00000000 	 0.00000000 	 0.00000000 	 0.00000000 	 0.00000000 	 0.00000000 	 0.00000000 	 0.00000000 	 0.00000000 	 0.00000000 	 0.00000000 	 0.00000000 	 0.00000000 	 0.00000000 	 0.01035689 	 0.00000000 	 6.21006067 	 403.03248000 	 70.65333100 	 3.47366792 	 0.00000000 	 0.00000000 	 3.56245300 	 23.28384400
1872 	 0.17336905 	 0.56696435 	 59.44033100 	 0.66635882 	 4.16823974 	 0.00000000 	 0.00000000 	 0.00000000 	 0.00000000 	 0.00000000 	 157.26700000 	 2.55700000 	 0.00000000 	 0.00000000 	 0.00000000 	 0.00000000 	 0.00000000 	 0.00000000 	 0.00000000 	 0.00000000 	 0.00000000 	 0.00000000 	 0.00000000 	 0.00000000 	 0.00000000 	 0.00000000 	 0.00000000 	 0.00000000 	 0.00000000 	 0.00000000 	 0.01035730 	 0.00000000 	 6.25503561 	 404.05150000 	 70.79708200 	 3.93449178 	 0.00000000 	 0.00000000 	 3.58476510 	 23.32360800
1873 	 0.18439832 	 0.57690133 	 62.19679300 	 0.69597283 	 4.33532504 	 0.00000000 	 0.00000000 	 0.00000000 	 0.00000000 	 0.00000000 	 157.26700000 	 2.61000000 	 0.00000000 	 0.00000000 	 0.00000000 	 0.00000000 	 0.00000000 	 0.00000000 	 0.00000000 	 0.00000000 	 0.00000000 	 0.00000000 	 0.00000000 	 0.00000000 	 0.00000000 	 0.00000000 	 0.00000000 	 0.00000000 	 0.00000000 	 0.00000000 	 0.01035771 	 0.00000000 	 6.30001055 	 405.07052000 	 70.94083400 	 4.13265641 	 0.00000000 	 0.00000000 	 3.60707710 	 23.36337300
1874 	 0.17442760 	 0.58328394 	 64.95325500 	 0.70834530 	 4.50241035 	 0.00000000 	 0.00000000 	 0.00000000 	 0.00000000 	 0.00000000 	 157.26700000 	 2.66300000 	 0.00000000 	 0.00000000 	 0.00000000 	 0.00000000 	 0.00000000 	 0.00000000 	 0.00000000 	 0.00000000 	 0.00000000 	 0.00000000 	 0.00000000 	 0.00000000 	 0.00000000 	 0.00000000 	 0.00000000 	 0.00000000 	 0.00000000 	 0.00000000 	 0.01035811 	 0.00000000 	 6.34498549 	 406.08954000 	 71.08458500 	 4.16154621 	 0.00000000 	 0.00000000 	 3.62938910 	 23.40313800
1875 	 0.18845687 	 0.58996960 	 67.70971700 	 0.71993180 	 4.66949565 	 0.00000000 	 0.00000000 	 0.00000000 	 0.00000000 	 0.00000000 	 157.26700000 	 2.85000000 	 0.00000000 	 0.00000000 	 0.00000000 	 0.00000000 	 0.00000000 	 0.00000000 	 0.00000000 	 0.00000000 	 0.00000000 	 0.00000000 	 0.00000000 	 0.00000000 	 0.00000000 	 0.00000000 	 0.00000000 	 0.00000000 	 0.00000000 	 0.00000000 	 0.01035852 	 0.00000000 	 6.38996033 	 407.10856000 	 71.22833600 	 4.27101734 	 0.00000000 	 0.00000000 	 3.65170120 	 23.44290200
1876 	 0.19148614 	 0.59639187 	 70.46618000 	 0.74481753 	 4.83658095 	 0.00000000 	 0.00000000 	 0.00000000 	 0.00000000 	 0.00000000 	 157.26700000 	 2.98900000 	 0.00000000 	 0.00000000 	 0.00000000 	 0.00000000 	 0.00000000 	 0.00000000 	 0.00000000 	 0.00000000 	 0.00000000 	 0.00000000 	 0.00000000 	 0.00000000 	 0.00000000 	 0.00000000 	 0.00000000 	 0.00000000 	 0.00000000 	 0.00000000 	 0.01035893 	 0.00000000 	 6.43493527 	 408.12758000 	 71.37208700 	 4.41702536 	 0.00000000 	 0.00000000 	 3.67401320 	 23.48266700
1877 	 0.19451541 	 0.60262312 	 73.22264200 	 0.75589978 	 5.00366626 	 0.00000000 	 0.00000000 	 0.00000000 	 0.00000000 	 0.00000000 	 157.26700000 	 3.13000000 	 0.00000000 	 0.00000000 	 0.00000000 	 0.00000000 	 0.00000000 	 0.00000000 	 0.00000000 	 0.00000000 	 0.00000000 	 0.00000000 	 0.00000000 	 0.00000000 	 0.00000000 	 0.00000000 	 0.00000000 	 0.00000000 	 0.00000000 	 0.00000000 	 0.01035934 	 0.00000000 	 6.47991022 	 409.14660000 	 71.51583800 	 4.48781361 	 0.00000000 	 0.00000000 	 3.69632530 	 23.52243100
1878 	 0.19600000 	 0.60905070 	 75.97910400 	 0.76560816 	 5.17075156 	 0.00000000 	 0.00000000 	 0.00000000 	 0.00000000 	 0.00000000 	 157.26700000 	 3.27500000 	 0.00000000 	 0.00000000 	 0.00000000 	 0.00000000 	 0.00000000 	 0.00000000 	 0.00000000 	 0.00000000 	 0.00000000 	 0.00000000 	 0.00000000 	 0.00000000 	 0.00000000 	 0.00000000 	 0.00000000 	 0.00000000 	 0.00000000 	 0.00000000 	 0.01035975 	 0.00000000 	 6.52488516 	 410.16562000 	 71.65958900 	 4.54829244 	 0.00000000 	 0.00000000 	 3.71863730 	 23.56219600
1879 	 0.21000000 	 0.61534752 	 78.73556600 	 0.77446837 	 5.33783686 	 0.00000000 	 0.00000000 	 0.00000000 	 0.00000000 	 0.00000000 	 157.26700000 	 3.39600000 	 0.00000000 	 0.00000000 	 0.00000000 	 0.00000000 	 0.00000000 	 0.00000000 	 0.00000000 	 0.00000000 	 0.00000000 	 0.00000000 	 0.00000000 	 0.00000000 	 0.00000000 	 0.00000000 	 0.00000000 	 0.00000000 	 0.00000000 	 0.00000000 	 0.01036016 	 0.00000000 	 6.56986000 	 411.18464000 	 71.80334000 	 4.65121190 	 0.00000000 	 0.00000000 	 3.74094930 	 23.60196000
1880 	 0.23600000 	 0.62124317 	 81.49202800 	 0.78367322 	 5.50492217 	 0.00000000 	 0.00000000 	 0.00000000 	 0.00000000 	 0.00000000 	 157.26700000 	 3.57300000 	 0.00000000 	 0.00000000 	 0.00000000 	 0.00000000 	 0.00000000 	 0.00000000 	 0.00000000 	 0.00000000 	 0.00000000 	 0.00000000 	 0.00000000 	 0.00000000 	 0.00000000 	 0.00000000 	 0.00000000 	 0.00000000 	 0.00000000 	 0.00000000 	 0.01036057 	 0.00000000 	 6.61483494 	 412.20366000 	 71.94709100 	 4.79887936 	 0.00000000 	 0.00000000 	 3.76326140 	 23.64172500
1881 	 0.24300000 	 0.64887292 	 84.35946100 	 0.81111472 	 5.77384604 	 0.00000000 	 0.00000000 	 0.00000000 	 0.00000000 	 0.00000000 	 157.26700000 	 3.72600000 	 0.00000000 	 0.00000000 	 0.00000000 	 0.00000000 	 0.00000000 	 0.00000000 	 0.00000000 	 0.00000000 	 0.00000000 	 0.00000000 	 0.00000000 	 0.00000000 	 0.00000000 	 0.00000000 	 0.00000000 	 0.00000000 	 0.00000000 	 0.00000000 	 0.01036129 	 0.00000000 	 6.66831775 	 413.25581000 	 72.09983500 	 4.94372993 	 0.00000000 	 0.00000000 	 3.79257060 	 23.67544200
1882 	 0.25600000 	 0.60466403 	 87.22689300 	 0.78481162 	 6.04276992 	 0.00000000 	 0.00000000 	 0.00000000 	 0.00000000 	 0.00000000 	 157.26700000 	 3.88300000 	 0.00000000 	 0.00000000 	 0.00000000 	 0.00000000 	 0.00000000 	 0.00000000 	 0.00000000 	 0.00000000 	 0.00000000 	 0.00000000 	 0.00000000 	 0.00000000 	 0.00000000 	 0.00000000 	 0.00000000 	 0.00000000 	 0.00000000 	 0.00000000 	 0.01036200 	 0.00000000 	 6.72180045 	 414.30795000 	 72.25257900 	 4.88127205 	 0.00000000 	 0.00000000 	 3.82187980 	 23.70915800
1883 	 0.27200000 	 0.60851762 	 90.09432600 	 0.79210318 	 6.31169369 	 0.00000000 	 0.00000000 	 0.00000000 	 0.00000000 	 0.00000000 	 157.26700000 	 4.04300000 	 0.00000000 	 0.00000000 	 0.00000000 	 0.00000000 	 0.00000000 	 0.00000000 	 0.00000000 	 0.00000000 	 0.00000000 	 0.00000000 	 0.00000000 	 0.00000000 	 0.00000000 	 0.00000000 	 0.00000000 	 0.00000000 	 0.00000000 	 0.00000000 	 0.01036272 	 0.00000000 	 6.77528326 	 415.36010000 	 72.40532300 	 4.97678959 	 0.00000000 	 0.00000000 	 3.85118900 	 23.74287500
1884 	 0.27500000 	 0.61212775 	 92.96175800 	 0.79829407 	 6.58061757 	 0.00000000 	 0.00000000 	 0.00000000 	 0.00000000 	 0.00000000 	 157.26700000 	 4.23300000 	 0.00000000 	 0.00000000 	 0.00000000 	 0.00000000 	 0.00000000 	 0.00000000 	 0.00000000 	 0.00000000 	 0.00000000 	 0.00000000 	 0.00000000 	 0.00000000 	 0.00000000 	 0.00000000 	 0.00000000 	 0.00000000 	 0.00000000 	 0.00000000 	 0.01036344 	 0.00000000 	 6.82876607 	 416.41225000 	 72.55806700 	 5.01905996 	 0.00000000 	 0.00000000 	 3.88049820 	 23.77659200
1885 	 0.27699999 	 0.61523611 	 95.82919100 	 0.80407410 	 6.84954134 	 0.00000000 	 0.00000000 	 0.00000000 	 0.00000000 	 0.00000000 	 157.26700000 	 4.42700000 	 0.00000000 	 0.00000000 	 0.00000000 	 0.00000000 	 0.00000000 	 0.00000000 	 0.00000000 	 0.00000000 	 0.00000000 	 0.00000000 	 0.00000000 	 0.00000000 	 0.00000000 	 0.00000000 	 0.00000000 	 0.00000000 	 0.00000000 	 0.00000000 	 0.01036416 	 0.00000000 	 6.88224877 	 417.46439000 	 72.71081100 	 5.05703226 	 0.00000000 	 0.00000000 	 3.90980740 	 23.81030900
1886 	 0.28099999 	 0.61714413 	 98.69662400 	 0.82572150 	 7.11846521 	 0.00000000 	 0.00000000 	 0.00000000 	 0.00000000 	 0.00000000 	 157.26700000 	 4.62500000 	 0.00000000 	 0.00000000 	 0.00000000 	 0.00000000 	 0.00000000 	 0.00000000 	 0.00000000 	 0.00000000 	 0.00000000 	 0.00000000 	 0.00000000 	 0.00000000 	 0.00000000 	 0.00000000 	 0.00000000 	 0.00000000 	 0.00000000 	 0.00000000 	 0.01036488 	 0.00000000 	 6.93573158 	 418.51654000 	 72.86355500 	 5.19215409 	 0.00000000 	 0.00000000 	 3.93911660 	 23.84402600
1887 	 0.29500000 	 0.61616314 	 101.56406000 	 0.83172093 	 7.38738909 	 0.00000000 	 0.00000000 	 0.00000000 	 0.00000000 	 0.00000000 	 157.26700000 	 4.82700000 	 0.00000000 	 0.00000000 	 0.00000000 	 0.00000000 	 0.00000000 	 0.00000000 	 0.00000000 	 0.00000000 	 0.00000000 	 0.00000000 	 0.00000000 	 0.00000000 	 0.00000000 	 0.00000000 	 0.00000000 	 0.00000000 	 0.00000000 	 0.00000000 	 0.01036560 	 0.00000000 	 6.98921439 	 419.56869000 	 73.01629900 	 5.28600186 	 0.00000000 	 0.00000000 	 3.96842580 	 23.87774200
1888 	 0.32699999 	 0.61473356 	 104.43149000 	 0.83657980 	 7.65631286 	 0.00000000 	 0.00000000 	 0.00000000 	 0.00000000 	 0.00000000 	 157.26700000 	 5.03300000 	 0.00000000 	 0.00000000 	 0.00000000 	 0.00000000 	 0.00000000 	 0.00000000 	 0.00000000 	 0.00000000 	 0.00000000 	 0.00000000 	 0.00000000 	 0.00000000 	 0.00000000 	 0.00000000 	 0.00000000 	 0.00000000 	 0.00000000 	 0.00000000 	 0.01036632 	 0.00000000 	 7.04269709 	 420.62083000 	 73.16904300 	 5.43377047 	 0.00000000 	 0.00000000 	 3.99773500 	 23.91145900
1889 	 0.32699999 	 0.61320020 	 107.29892000 	 0.84095905 	 7.92523674 	 0.00000000 	 0.00000000 	 0.00000000 	 0.00000000 	 0.00000000 	 157.26700000 	 5.27000000 	 0.00000000 	 0.00000000 	 0.00000000 	 0.00000000 	 0.00000000 	 0.00000000 	 0.00000000 	 0.00000000 	 0.00000000 	 0.00000000 	 0.00000000 	 0.00000000 	 0.00000000 	 0.00000000 	 0.00000000 	 0.00000000 	 0.00000000 	 0.00000000 	 0.01036705 	 0.00000000 	 7.09617990 	 421.67298000 	 73.32178700 	 5.46236957 	 0.00000000 	 0.00000000 	 4.02704430 	 23.94517600
1890 	 0.35599999 	 0.61175412 	 110.16635000 	 0.84504232 	 8.19416051 	 0.00000000 	 0.00000000 	 0.00000000 	 0.00000000 	 0.00000000 	 157.26700000 	 5.48500000 	 0.00000000 	 0.00000000 	 0.00000000 	 0.00000000 	 0.00000000 	 0.00000000 	 0.00000000 	 0.00000000 	 0.00000000 	 0.00000000 	 0.00000000 	 0.00000000 	 0.00000000 	 0.00000000 	 0.00000000 	 0.00000000 	 0.00000000 	 0.00000000 	 0.01036777 	 0.00000000 	 7.14966271 	 422.72513000 	 73.47453100 	 5.59020848 	 0.00000000 	 0.00000000 	 4.05635350 	 23.97889300
1891 	 0.37199999 	 0.61024855 	 111.52362000 	 0.85049541 	 8.58450755 	 0.00000000 	 0.00000000 	 0.00000000 	 0.00000000 	 0.00000000 	 157.26700000 	 5.73100000 	 0.00000000 	 0.00000000 	 0.00000000 	 0.00000000 	 0.00000000 	 0.00000000 	 0.00000000 	 0.00000000 	 0.00000000 	 0.00000000 	 0.00000000 	 0.00000000 	 0.00000000 	 0.00000000 	 0.00000000 	 0.00000000 	 0.00000000 	 0.00000000 	 0.01036872 	 0.00000000 	 7.22759364 	 424.29312000 	 73.70033800 	 5.68658804 	 0.00000000 	 0.00000000 	 4.08828450 	 24.01137500
1892 	 0.37399999 	 0.62319119 	 112.88089000 	 0.85693002 	 8.97485458 	 0.00000000 	 0.00000000 	 0.00000000 	 0.00000000 	 0.00000000 	 157.26700000 	 6.01000000 	 0.00000000 	 0.00000000 	 0.00000000 	 0.00000000 	 0.00000000 	 0.00000000 	 0.00000000 	 0.00000000 	 0.00000000 	 0.00000000 	 0.00000000 	 0.00000000 	 0.00000000 	 0.00000000 	 0.00000000 	 0.00000000 	 0.00000000 	 0.00000000 	 0.01036968 	 0.00000000 	 7.30552458 	 425.86111000 	 73.92614500 	 5.77412735 	 0.00000000 	 0.00000000 	 4.12021540 	 24.04385700
1893 	 0.36999999 	 0.62440331 	 114.23816000 	 0.86426409 	 9.36520162 	 0.00000000 	 0.00000000 	 0.00000000 	 0.00000000 	 0.00000000 	 157.26700000 	 6.26700000 	 0.00000000 	 0.00000000 	 0.00000000 	 0.00000000 	 0.00000000 	 0.00000000 	 0.00000000 	 0.00000000 	 0.00000000 	 0.00000000 	 0.00000000 	 0.00000000 	 0.00000000 	 0.00000000 	 0.00000000 	 0.00000000 	 0.00000000 	 0.00000000 	 0.01037064 	 0.00000000 	 7.38345561 	 427.42911000 	 74.15195300 	 5.85497097 	 0.00000000 	 0.00000000 	 4.15214640 	 24.07633900
1894 	 0.38299999 	 0.64036719 	 115.59543000 	 0.87244604 	 9.75554865 	 0.00000000 	 0.00000000 	 0.00000000 	 0.00000000 	 0.00000000 	 157.26700000 	 6.52900000 	 0.00000000 	 0.00000000 	 0.00000000 	 0.00000000 	 0.00000000 	 0.00000000 	 0.00000000 	 0.00000000 	 0.00000000 	 0.00000000 	 0.00000000 	 0.00000000 	 0.00000000 	 0.00000000 	 0.00000000 	 0.00000000 	 0.00000000 	 0.00000000 	 0.01037160 	 0.00000000 	 7.46138654 	 428.99710000 	 74.37776000 	 5.93126381 	 0.00000000 	 0.00000000 	 4.18407740 	 24.10882100
1895 	 0.40599999 	 0.64441851 	 116.95270000 	 0.88137802 	 10.14589529 	 0.00000000 	 0.00000000 	 0.00000000 	 0.00000000 	 0.00000000 	 157.26700000 	 6.82400000 	 0.00000000 	 0.00000000 	 0.00000000 	 0.00000000 	 0.00000000 	 0.00000000 	 0.00000000 	 0.00000000 	 0.00000000 	 0.00000000 	 0.00000000 	 0.00000000 	 0.00000000 	 0.00000000 	 0.00000000 	 0.00000000 	 0.00000000 	 0.00000000 	 0.01037256 	 0.00000000 	 7.53931748 	 430.56509000 	 74.60356700 	 6.00515055 	 0.00000000 	 0.00000000 	 4.21600840 	 24.14130300
1896 	 0.41899999 	 0.64627840 	 118.30997000 	 0.89090864 	 10.53624242 	 0.00000000 	 0.00000000 	 0.00000000 	 0.00000000 	 0.00000000 	 157.26700000 	 7.15100000 	 0.00000000 	 0.00000000 	 0.00000000 	 0.00000000 	 0.00000000 	 0.00000000 	 0.00000000 	 0.00000000 	 0.00000000 	 0.00000000 	 0.00000000 	 0.00000000 	 0.00000000 	 0.00000000 	 0.00000000 	 0.00000000 	 0.00000000 	 0.00000000 	 0.01037352 	 0.00000000 	 7.61724841 	 432.13309000 	 74.82937400 	 6.07877609 	 0.00000000 	 0.00000000 	 4.24793940 	 24.17378500
1897 	 0.43999999 	 0.64956412 	 119.66724000 	 0.90088648 	 10.92658956 	 0.00000000 	 0.00000000 	 0.00000000 	 0.00000000 	 0.00000000 	 157.26700000 	 7.43200000 	 0.00000000 	 0.00000000 	 0.00000000 	 0.00000000 	 0.00000000 	 0.00000000 	 0.00000000 	 0.00000000 	 0.00000000 	 0.00000000 	 0.00000000 	 0.00000000 	 0.00000000 	 0.00000000 	 0.00000000 	 0.00000000 	 0.00000000 	 0.00000000 	 0.01037448 	 0.00000000 	 7.69517945 	 433.70108000 	 75.05518100 	 6.15428499 	 0.00000000 	 0.00000000 	 4.27987040 	 24.20626700
1898 	 0.46499999 	 0.65100098 	 121.02451000 	 0.91116015 	 11.31693670 	 0.00000000 	 0.00000000 	 0.00000000 	 0.00000000 	 0.00000000 	 157.26700000 	 7.79800000 	 0.00000000 	 0.00000000 	 0.00000000 	 0.00000000 	 0.00000000 	 0.00000000 	 0.00000000 	 0.00000000 	 0.00000000 	 0.00000000 	 0.00000000 	 0.00000000 	 0.00000000 	 0.00000000 	 0.00000000 	 0.00000000 	 0.00000000 	 0.00000000 	 0.01037544 	 0.00000000 	 7.77311038 	 435.26907000 	 75.28098900 	 6.23382216 	 0.00000000 	 0.00000000 	 4.31180140 	 24.23874900
1899 	 0.50699999 	 0.65220446 	 122.38178000 	 0.92157823 	 11.70728383 	 0.00000000 	 0.00000000 	 0.00000000 	 0.00000000 	 0.00000000 	 157.26700000 	 8.11900000 	 0.00000000 	 0.00000000 	 0.00000000 	 0.00000000 	 0.00000000 	 0.00000000 	 0.00000000 	 0.00000000 	 0.00000000 	 0.00000000 	 0.00000000 	 0.00000000 	 0.00000000 	 0.00000000 	 0.00000000 	 0.00000000 	 0.95911885 	 0.00000000 	 0.01037639 	 0.00000000 	 7.85104132 	 436.83707000 	 75.50679600 	 6.31953240 	 0.00000000 	 0.00000000 	 4.34373240 	 24.27123200
1900 	 0.53399999 	 0.65320628 	 123.73905000 	 0.93198933 	 12.09763097 	 0.00000000 	 0.00000000 	 0.00000000 	 0.00000000 	 0.00000000 	 157.26700000 	 8.47300000 	 0.00000000 	 0.00000000 	 0.00000000 	 0.00000000 	 0.00000000 	 0.00000000 	 0.00000000 	 0.00000000 	 0.00000000 	 0.00000000 	 0.00000000 	 0.00000000 	 0.00000000 	 0.00000000 	 0.00000000 	 0.00000000 	 0.05057585 	 0.00000000 	 0.01037734 	 0.00000000 	 7.92897225 	 438.40506000 	 75.73260300 	 6.41356025 	 0.00000000 	 0.00000000 	 4.37566330 	 24.30371400
1901 	 0.55199999 	 0.70294318 	 124.84150000 	 0.94412709 	 12.65513976 	 0.00000000 	 0.00000000 	 0.00000000 	 0.00000000 	 0.00000000 	 157.26700000 	 8.59200000 	 0.00000000 	 0.00000000 	 0.00000000 	 0.00000000 	 0.00000000 	 0.00000000 	 0.00000000 	 0.00000000 	 0.00000000 	 0.00000000 	 0.00000000 	 0.00000000 	 0.00000000 	 0.00000000 	 0.00000000 	 0.00000000 	 0.05323773 	 0.00000000 	 0.01037972 	 0.00000000 	 8.03494460 	 439.89156000 	 75.92047700 	 6.51896984 	 0.00000000 	 0.00000000 	 4.41738490 	 24.33651500
1902 	 0.56599999 	 0.70297364 	 125.94396000 	 0.95938212 	 13.21264755 	 0.00000000 	 0.00000000 	 0.00000000 	 0.00000000 	 0.00000000 	 157.26700000 	 8.76200000 	 0.00000000 	 0.00000000 	 0.00000000 	 0.00000000 	 0.00000000 	 0.00000000 	 0.00000000 	 0.00000000 	 0.00000000 	 0.00000000 	 0.00000000 	 0.00000000 	 0.00000000 	 0.00000000 	 0.00000000 	 0.00000000 	 0.05603972 	 0.00000000 	 0.01038210 	 0.00000000 	 8.14091695 	 441.37806000 	 76.10835100 	 6.63566489 	 0.00000000 	 0.00000000 	 4.45910640 	 24.36931600
1903 	 0.61699999 	 0.72667096 	 127.04642000 	 0.97708842 	 13.77015634 	 0.00000000 	 0.00000000 	 0.00000000 	 0.00000000 	 0.00000000 	 157.26700000 	 8.90600000 	 0.00000000 	 0.00000000 	 0.00000000 	 0.00000000 	 0.00000000 	 0.00000000 	 0.00000000 	 0.00000000 	 0.00000000 	 0.00000000 	 0.00000000 	 0.00000000 	 0.00000000 	 0.00000000 	 0.00000000 	 0.00000000 	 0.05898918 	 0.00000000 	 0.01038448 	 0.00000000 	 8.24688930 	 442.86456000 	 76.29622400 	 6.76104972 	 0.00000000 	 0.00000000 	 4.50082800 	 24.40211700
1904 	 0.62399999 	 0.74829324 	 128.14887000 	 0.99665919 	 14.32766513 	 0.00000000 	 0.00000000 	 0.00000000 	 0.00000000 	 0.00000000 	 157.26700000 	 9.10200000 	 0.00000000 	 0.00000000 	 0.00000000 	 0.00000000 	 0.00000000 	 0.00000000 	 0.00000000 	 0.00000000 	 0.00000000 	 0.00000000 	 0.00000000 	 0.00000000 	 0.00000000 	 0.00000000 	 0.00000000 	 0.00000000 	 0.06209387 	 0.00000000 	 0.01038685 	 0.00000000 	 8.35286165 	 444.35106000 	 76.48409800 	 6.89252881 	 0.00000000 	 0.00000000 	 4.54254950 	 24.43491800
1905 	 0.66299999 	 0.76981521 	 129.25133000 	 1.01754751 	 14.88517393 	 0.00000000 	 0.00000000 	 0.00000000 	 0.00000000 	 0.00000000 	 157.26700000 	 9.62300000 	 0.00000000 	 0.00000000 	 0.00000000 	 0.00000000 	 0.00000000 	 0.00000000 	 0.00000000 	 0.00000000 	 0.00000000 	 0.00000000 	 0.00000000 	 0.00000000 	 0.00000000 	 0.00000000 	 0.00000000 	 0.00000000 	 0.06536197 	 0.00000000 	 0.01038923 	 0.00000000 	 8.45883400 	 445.83756000 	 76.67197200 	 7.02750663 	 0.00000000 	 0.00000000 	 4.58427110 	 24.46771900
1906 	 0.70699999 	 0.79653384 	 130.35378000 	 1.03914716 	 15.44268172 	 0.00000000 	 0.00000000 	 0.00000000 	 0.00000000 	 0.00000000 	 157.26700000 	 12.09300000 	 0.00000000 	 0.00000000 	 0.00000000 	 0.00000000 	 0.00000000 	 0.00000000 	 0.00000000 	 0.00000000 	 0.00000000 	 0.00000000 	 0.00000000 	 0.00000000 	 0.00000000 	 0.00000000 	 0.00000000 	 0.00000000 	 0.06880208 	 0.00000000 	 0.01039160 	 0.00000000 	 8.56480635 	 447.32406000 	 76.85984600 	 7.16338751 	 0.00000000 	 0.00000000 	 4.62599260 	 24.50052000
1907 	 0.78399999 	 0.80376274 	 131.45624000 	 1.06085205 	 16.00019051 	 0.00000000 	 0.00000000 	 0.00000000 	 0.00000000 	 0.00000000 	 157.26700000 	 12.36300000 	 0.00000000 	 0.00000000 	 0.00000000 	 0.00000000 	 0.00000000 	 0.00000000 	 0.00000000 	 0.00000000 	 0.00000000 	 0.00000000 	 0.00000000 	 0.00000000 	 0.00000000 	 0.00000000 	 0.00000000 	 0.00000000 	 0.07242324 	 0.00000000 	 0.01039398 	 0.00000000 	 8.67077870 	 448.81056000 	 77.04772000 	 7.29757604 	 0.00000000 	 0.00000000 	 4.66771420 	 24.53332100
1908 	 0.74999999 	 0.81141278 	 132.55870000 	 1.08205593 	 16.55769930 	 0.00000000 	 0.00000000 	 0.00000000 	 0.00000000 	 0.00000000 	 157.26700000 	 12.63300000 	 0.00000000 	 0.00000000 	 0.00000000 	 0.00000000 	 0.00000000 	 0.00000000 	 0.00000000 	 0.00000000 	 0.00000000 	 0.00000000 	 0.00000000 	 0.00000000 	 0.00000000 	 0.00000000 	 0.00000000 	 0.00000000 	 0.07623499 	 0.00000000 	 0.01039636 	 0.00000000 	 8.77675105 	 450.29706000 	 77.23559300 	 7.42747656 	 0.00000000 	 0.00000000 	 4.70943570 	 24.56612200
1909 	 0.78499999 	 0.81737807 	 133.66115000 	 1.10215274 	 17.11520709 	 0.00000000 	 0.00000000 	 0.00000000 	 0.00000000 	 0.00000000 	 157.26700000 	 12.90300000 	 0.00000000 	 0.00000000 	 0.00000000 	 0.00000000 	 0.00000000 	 0.00000000 	 0.00000000 	 0.00000000 	 0.00000000 	 0.00000000 	 0.00000000 	 0.00000000 	 0.00000000 	 0.00000000 	 0.00000000 	 0.00000000 	 0.08024735 	 0.00000000 	 0.01039873 	 0.00000000 	 8.88272340 	 451.78356000 	 77.42346700 	 7.55049341 	 0.00000000 	 0.00000000 	 4.75115730 	 24.59892300
1910 	 0.81899999 	 0.82198169 	 134.76361000 	 1.12053633 	 17.67271588 	 0.00000000 	 0.00000000 	 0.00000000 	 0.00000000 	 0.00000000 	 157.26700000 	 13.14600000 	 0.00000000 	 0.00000000 	 0.00000000 	 0.00000000 	 0.00000000 	 0.00000000 	 0.00000000 	 0.00000000 	 0.00000000 	 0.00000000 	 0.00000000 	 0.00000000 	 0.00000000 	 0.00000000 	 0.00000000 	 0.00000000 	 0.08447090 	 0.00000000 	 0.01040112 	 0.00000000 	 8.98869575 	 453.27006000 	 77.61134100 	 7.66403131 	 0.00000000 	 0.00000000 	 4.79287880 	 24.63172400
1911 	 0.83599999 	 0.77889405 	 135.96943000 	 1.13832136 	 17.85706585 	 0.00000000 	 0.00000000 	 0.00000000 	 0.00000000 	 0.00000000 	 157.26700000 	 14.00700000 	 0.00000000 	 0.00000000 	 0.00000000 	 0.00000000 	 0.00000000 	 0.00000000 	 0.00000000 	 0.00000000 	 0.00000000 	 0.00000000 	 0.00000000 	 0.00000000 	 0.00000000 	 0.00000000 	 0.00000000 	 0.00000000 	 0.08891673 	 0.00000000 	 0.01040639 	 0.00000000 	 9.04660799 	 451.75965000 	 77.27272500 	 7.76846523 	 0.00000000 	 0.00000000 	 4.79495160 	 24.42745400
1912 	 0.87899999 	 0.74784844 	 137.17525000 	 1.15689814 	 18.04141581 	 0.00000000 	 0.00000000 	 0.00000000 	 0.00000000 	 0.00000000 	 157.26700000 	 19.89500000 	 0.00000000 	 0.00000000 	 0.00000000 	 0.00000000 	 0.00000000 	 0.00000000 	 0.00000000 	 0.00000000 	 0.00000000 	 0.00000000 	 0.00000000 	 0.00000000 	 0.00000000 	 0.00000000 	 0.00000000 	 0.00000000 	 0.09359656 	 0.00000000 	 0.01041167 	 0.00000000 	 9.10452023 	 450.24925000 	 76.93410900 	 7.86694599 	 0.00000000 	 0.00000000 	 4.79702440 	 24.22318400
1913 	 0.94299999 	 0.72297977 	 138.38107000 	 1.17607397 	 18.22576678 	 0.00000000 	 0.00000000 	 0.00000000 	 0.00000000 	 0.00000000 	 157.26700000 	 19.02500000 	 0.00000000 	 0.00000000 	 0.00000000 	 0.00000000 	 0.00000000 	 0.00000000 	 0.00000000 	 0.00000000 	 0.00000000 	 0.00000000 	 0.00000000 	 0.00000000 	 0.00000000 	 0.00000000 	 0.00000000 	 0.00000000 	 0.09852270 	 0.00000000 	 0.01041695 	 0.00000000 	 9.16243257 	 448.73884000 	 76.59549200 	 7.96104147 	 0.00000000 	 0.00000000 	 4.79909720 	 24.01891400
1914 	 0.84999999 	 0.71479152 	 139.58690000 	 1.19557752 	 18.41011674 	 0.00000000 	 0.00000000 	 0.00000000 	 0.00000000 	 0.00000000 	 157.26700000 	 11.08200000 	 0.00000000 	 0.00000000 	 0.00000000 	 0.00000000 	 0.00000000 	 0.00000000 	 0.00000000 	 0.00000000 	 0.00000000 	 0.00000000 	 0.00000000 	 0.00000000 	 0.00000000 	 0.00000000 	 0.00000000 	 0.00000000 	 0.10370810 	 0.00000000 	 0.01042223 	 0.00000000 	 9.22034481 	 447.22844000 	 76.25687600 	 8.05231945 	 0.00000000 	 0.00000000 	 4.80117000 	 23.81464500
1915 	 0.83799999 	 0.70574964 	 140.79272000 	 1.21514953 	 18.59446670 	 0.00000000 	 0.00000000 	 0.00000000 	 0.00000000 	 0.00000000 	 157.26700000 	 11.21600000 	 0.00000000 	 0.00000000 	 0.00000000 	 0.00000000 	 0.00000000 	 0.00000000 	 0.00000000 	 0.00000000 	 0.00000000 	 0.00000000 	 0.00000000 	 0.00000000 	 0.00000000 	 0.00000000 	 0.00000000 	 0.00000000 	 0.10916642 	 0.00000000 	 0.01042752 	 0.00000000 	 9.27825715 	 445.71803000 	 75.91826000 	 8.14234781 	 0.00000000 	 0.00000000 	 4.80324280 	 23.61037500
1916 	 0.90099999 	 0.70811648 	 141.99854000 	 1.23461580 	 18.77881667 	 0.00000000 	 0.00000000 	 0.00000000 	 0.00000000 	 0.00000000 	 157.26700000 	 18.61400000 	 0.00000000 	 0.00000000 	 0.00000000 	 0.00000000 	 0.00000000 	 0.00000000 	 0.00000000 	 0.00000000 	 0.00000000 	 0.00000000 	 0.00000000 	 0.00000000 	 0.00000000 	 0.00000000 	 0.00000000 	 0.00000000 	 0.11491202 	 0.00000000 	 0.01043280 	 0.00000000 	 9.33616938 	 444.20762000 	 75.57964400 	 8.23269431 	 0.00000000 	 0.00000000 	 4.80531560 	 23.40610500
1917 	 0.95499999 	 0.71119630 	 143.20436000 	 1.25380213 	 18.96316663 	 0.00000000 	 0.00000000 	 0.00000000 	 0.00000000 	 0.00000000 	 157.26700000 	 22.14300000 	 0.00000000 	 0.00000000 	 0.00000000 	 0.00000000 	 0.00000000 	 0.00000000 	 0.00000000 	 0.00000000 	 0.00000000 	 0.00000000 	 0.00000000 	 0.00000000 	 0.00000000 	 0.00000000 	 0.00000000 	 0.00000000 	 0.12096002 	 0.00000000 	 0.01043810 	 0.00000000 	 9.39408172 	 442.69722000 	 75.24102800 	 8.32492696 	 0.00000000 	 0.00000000 	 4.80738850 	 23.20183600
1918 	 0.93599999 	 0.71430427 	 144.41019000 	 1.27253422 	 19.14751660 	 0.00000000 	 0.00000000 	 0.00000000 	 0.00000000 	 0.00000000 	 157.26700000 	 22.69600000 	 0.00000000 	 0.00000000 	 0.00000000 	 0.00000000 	 0.00000000 	 0.00000000 	 0.00000000 	 0.00000000 	 0.00000000 	 0.00000000 	 0.00000000 	 0.00000000 	 0.00000000 	 0.00000000 	 0.00000000 	 0.00000000 	 0.12732636 	 0.00000000 	 0.01044339 	 0.00000000 	 9.45199396 	 441.18681000 	 74.90241200 	 8.42061340 	 0.00000000 	 0.00000000 	 4.80946130 	 22.99756600
1919 	 0.80599999 	 0.71965435 	 145.61601000 	 1.29063797 	 19.33186656 	 0.00000000 	 0.00000000 	 0.00000000 	 0.00000000 	 0.00000000 	 157.26700000 	 23.19600000 	 0.00000000 	 0.00000000 	 0.00000000 	 0.00000000 	 0.00000000 	 0.00000000 	 0.00000000 	 0.00000000 	 0.00000000 	 0.00000000 	 0.00000000 	 0.00000000 	 0.00000000 	 0.00000000 	 0.00000000 	 0.00000000 	 0.13402771 	 0.00000000 	 0.01044868 	 0.00000000 	 9.50990620 	 439.67641000 	 74.56379500 	 8.52132152 	 0.00000000 	 0.00000000 	 4.81153410 	 22.79329600
1920 	 0.93199999 	 0.72128338 	 146.82183000 	 1.30793908 	 19.51621652 	 0.00000000 	 0.00000000 	 0.00000000 	 0.00000000 	 0.00000000 	 157.26700000 	 23.80200000 	 0.00000000 	 0.00000000 	 0.00000000 	 0.00000000 	 0.00000000 	 0.00000000 	 0.00000000 	 0.00000000 	 0.00000000 	 0.00000000 	 0.00000000 	 0.00000000 	 0.00000000 	 0.00000000 	 0.00000000 	 0.00000000 	 0.14108183 	 0.00000000 	 0.01045398 	 0.00000000 	 9.56781854 	 438.16600000 	 74.22517900 	 8.62861909 	 0.00000000 	 0.00000000 	 4.81360690 	 22.58902700
1921 	 0.80299999 	 0.75741661 	 147.86155000 	 1.32503480 	 19.90361177 	 0.00000000 	 0.00000000 	 0.00000000 	 0.00000000 	 0.00000000 	 157.26700000 	 24.30400000 	 0.00000000 	 0.00000000 	 0.00000000 	 0.00000000 	 0.00000000 	 0.00000000 	 0.00000000 	 0.00000000 	 0.00000000 	 0.00000000 	 0.00000000 	 0.00000000 	 0.00000000 	 0.00000000 	 0.00000000 	 0.00000000 	 0.14850719 	 0.00000000 	 0.01045230 	 0.00000000 	 9.63467924 	 440.99557000 	 74.68028000 	 8.74522500 	 0.00000000 	 0.00000000 	 4.79871430 	 22.60524700
1922 	 0.84499999 	 0.74794090 	 148.90128000 	 1.34250741 	 20.29100601 	 0.00000000 	 0.00000000 	 0.00000000 	 0.00000000 	 0.00000000 	 157.26700000 	 24.56300000 	 0.00000000 	 0.00000000 	 0.00000000 	 0.00000000 	 0.00000000 	 0.00000000 	 0.00000000 	 0.00000000 	 0.00000000 	 0.00000000 	 0.00000000 	 0.00000000 	 0.00000000 	 0.00000000 	 0.00000000 	 0.00000000 	 0.15632334 	 0.00000000 	 0.98417991 	 0.00000000 	 9.70154004 	 443.82514000 	 75.13538000 	 8.87136391 	 0.00000000 	 0.00000000 	 4.78382180 	 22.62146700
1923 	 0.96999999 	 0.75328819 	 149.94100000 	 1.36016082 	 20.67840125 	 0.00000000 	 0.00000000 	 0.00000000 	 0.00000000 	 0.00000000 	 157.26700000 	 25.35000000 	 0.00000000 	 0.00000000 	 0.00000000 	 0.00000000 	 0.00000000 	 0.00000000 	 0.00000000 	 0.00000000 	 0.00000000 	 0.00000000 	 0.00000000 	 0.00000000 	 0.00000000 	 0.00000000 	 0.00000000 	 0.00000000 	 0.16455089 	 0.00000000 	 1.16488490 	 0.00000000 	 9.76840074 	 446.65471000 	 75.59048000 	 9.00486236 	 0.00000000 	 0.00000000 	 4.76892930 	 22.63768800
1924 	 0.96299999 	 0.75686059 	 150.98072000 	 1.37883105 	 21.06579550 	 0.00000000 	 0.00000000 	 0.00000000 	 0.00000000 	 0.00000000 	 157.26700000 	 25.87800000 	 0.00000000 	 0.00000000 	 0.00000000 	 0.00000000 	 0.00000000 	 0.00000000 	 0.00000000 	 0.00000000 	 0.00000000 	 0.00000000 	 0.00000000 	 0.00000000 	 0.00000000 	 0.00000000 	 0.00000000 	 0.00000000 	 0.17321146 	 0.00000000 	 1.22566530 	 0.00000000 	 9.83526154 	 449.48427000 	 76.04558100 	 9.14354702 	 0.00000000 	 0.00000000 	 4.75403670 	 22.65390800
1925 	 0.97499999 	 0.75808855 	 152.02045000 	 1.39909746 	 21.45319074 	 0.00000000 	 0.00000000 	 0.00000000 	 0.00000000 	 0.00000000 	 157.26700000 	 28.82700000 	 0.00000000 	 0.00000000 	 0.00000000 	 0.00000000 	 0.00000000 	 0.00000000 	 0.00000000 	 0.00000000 	 0.00000000 	 0.00000000 	 0.00000000 	 0.00000000 	 0.00000000 	 0.00000000 	 0.00000000 	 0.00000000 	 0.18232786 	 0.00000000 	 1.28964340 	 0.00000000 	 9.90212224 	 452.31384000 	 76.50068100 	 9.28524445 	 0.00000000 	 0.00000000 	 4.73914420 	 22.67012800
1926 	 0.98299999 	 0.76148327 	 153.06017000 	 1.42037879 	 21.84058498 	 0.00000000 	 0.00000000 	 0.00000000 	 0.00000000 	 0.00000000 	 157.26700000 	 29.44600000 	 0.00000000 	 0.00000000 	 0.00000000 	 0.00000000 	 0.00000000 	 0.00000000 	 0.00000000 	 0.00000000 	 0.00000000 	 0.00000000 	 0.00000000 	 0.00000000 	 0.00000000 	 0.00000000 	 0.00000000 	 0.00000000 	 0.19192405 	 0.00000000 	 1.35698970 	 0.00000000 	 9.96898304 	 455.14341000 	 76.95578200 	 9.42778131 	 0.00000000 	 0.00000000 	 4.72425170 	 22.68634900
1927 	 1.06200000 	 0.79718283 	 154.09989000 	 1.44209388 	 22.22798023 	 0.00000000 	 0.00000000 	 0.00000000 	 0.00000000 	 0.00000000 	 157.26700000 	 30.06500000 	 0.00000000 	 0.00000000 	 0.00000000 	 0.00000000 	 0.00000000 	 0.00000000 	 0.00000000 	 0.00000000 	 0.00000000 	 0.00000000 	 0.00000000 	 0.00000000 	 0.00000000 	 0.00000000 	 0.00000000 	 0.00000000 	 0.20202532 	 0.00000000 	 1.42788270 	 0.00000000 	 10.03584334 	 457.97298000 	 77.41088200 	 9.56898416 	 0.00000000 	 0.00000000 	 4.70935910 	 22.70256900
1928 	 1.06500000 	 0.79967141 	 155.13962000 	 1.46366134 	 22.61537447 	 0.00000000 	 0.00000000 	 0.00000000 	 0.00000000 	 0.00000000 	 157.26700000 	 30.68500000 	 0.00000000 	 0.00000000 	 0.00000000 	 0.00000000 	 0.00000000 	 0.00000000 	 0.00000000 	 0.00000000 	 0.00000000 	 0.00000000 	 0.00000000 	 0.00000000 	 0.00000000 	 0.00000000 	 0.00000000 	 0.00000000 	 0.21265824 	 0.00000000 	 1.50250360 	 0.00000000 	 10.10270484 	 460.80254000 	 77.86598200 	 9.70667955 	 0.00000000 	 0.00000000 	 4.69446660 	 22.71878900
1929 	 1.14500000 	 0.82422601 	 156.17934000 	 1.48450003 	 23.00276971 	 0.00000000 	 0.00000000 	 0.00000000 	 0.00000000 	 0.00000000 	 157.26700000 	 31.57300000 	 0.00000000 	 0.00000000 	 0.00000000 	 0.00000000 	 0.00000000 	 0.00000000 	 0.00000000 	 0.00000000 	 0.00000000 	 0.00000000 	 0.00000000 	 0.00000000 	 0.00000000 	 0.00000000 	 0.00000000 	 0.00000000 	 0.22385079 	 0.00000000 	 1.58105440 	 0.00000000 	 10.16956534 	 463.63211000 	 78.32108300 	 9.83869414 	 0.00000000 	 0.00000000 	 4.67957410 	 22.73501000
1930 	 1.05300000 	 0.89587975 	 157.21906000 	 1.50402876 	 23.39016395 	 0.00000000 	 0.00000000 	 0.00000000 	 0.00000000 	 0.00000000 	 157.26700000 	 31.93300000 	 0.00000000 	 0.00000000 	 0.00000000 	 0.00000000 	 0.00000000 	 0.00000000 	 0.00000000 	 0.00000000 	 0.00000000 	 0.00000000 	 0.00000000 	 0.00000000 	 0.74681988 	 0.00000000 	 0.00000000 	 0.00000000 	 0.23563239 	 0.00000000 	 1.66373750 	 0.00000000 	 10.23642584 	 466.46168000 	 78.77618300 	 9.96285461 	 0.00000000 	 0.00000000 	 4.66468150 	 22.75123000
1931 	 0.93999999 	 0.90334082 	 158.34545000 	 1.52175353 	 23.80246591 	 0.00000000 	 0.09700000 	 0.00000000 	 0.00000000 	 0.00000000 	 157.26700000 	 32.55300000 	 0.00000000 	 0.00000000 	 0.00000000 	 0.00000000 	 0.00000000 	 0.00000000 	 0.00000000 	 0.00000000 	 0.00000000 	 0.00000000 	 0.00000000 	 0.00000000 	 0.06769055 	 0.00000000 	 0.00000000 	 0.00000000 	 0.24803412 	 0.00000000 	 1.75077640 	 0.00000000 	 10.29069475 	 468.03074000 	 78.90944600 	 10.07680829 	 0.00000000 	 0.00000000 	 4.66709640 	 22.74858700
1932 	 0.84699999 	 0.81222597 	 159.47183000 	 1.53763805 	 24.21476687 	 0.00000000 	 0.09700000 	 0.00000000 	 0.00000000 	 0.00000000 	 157.26700000 	 33.97900000 	 0.00000000 	 0.00000000 	 0.00000000 	 0.00000000 	 0.00000000 	 0.00000000 	 0.00000000 	 0.00000000 	 0.00000000 	 0.00000000 	 0.00000000 	 0.00000000 	 0.07357674 	 0.00000000 	 0.00000000 	 0.00000000 	 0.26108852 	 0.00000000 	 1.84239530 	 0.00000000 	 10.34496466 	 469.59980000 	 79.04270900 	 10.18176726 	 0.00000000 	 0.00000000 	 4.66951130 	 22.74594300
1933 	 0.89299999 	 0.80858849 	 160.59821000 	 1.55178736 	 24.62706883 	 0.00000000 	 0.09700000 	 0.00000000 	 0.00000000 	 0.00000000 	 157.26700000 	 41.89300000 	 0.00000000 	 0.00000000 	 0.00000000 	 0.00000000 	 0.00000000 	 0.00000000 	 0.00000000 	 0.00000000 	 0.00000000 	 0.00000000 	 0.00000000 	 0.00000000 	 0.07997479 	 0.00000000 	 0.00000000 	 0.00000000 	 0.27483004 	 0.00000000 	 1.93883690 	 0.00000000 	 10.39923356 	 471.16886000 	 79.17597300 	 10.28090579 	 0.00000000 	 0.00000000 	 4.67192620 	 22.74330000
1934 	 0.97299999 	 0.79686256 	 161.72460000 	 1.56441824 	 25.03937078 	 0.00000000 	 0.19400000 	 0.00000000 	 0.11700000 	 0.00000000 	 157.26700000 	 42.81700000 	 0.00000000 	 0.00000000 	 0.00000000 	 0.00000000 	 0.00000000 	 0.00000000 	 0.00000000 	 0.00000000 	 0.00000000 	 0.00000000 	 0.00000000 	 0.00000000 	 0.08692920 	 0.00000000 	 0.00000000 	 0.00000000 	 0.28929476 	 0.00000000 	 2.04035280 	 0.00000000 	 10.45350247 	 472.73791000 	 79.30923600 	 10.37739767 	 0.00000000 	 0.00000000 	 4.67434100 	 22.74065600
1935 	 1.02700000 	 0.79471575 	 162.85098000 	 1.57622009 	 25.45167174 	 0.00000000 	 0.29100000 	 0.00000000 	 0.11700000 	 0.00000000 	 157.26700000 	 43.74000000 	 0.00000000 	 0.00000000 	 0.00000000 	 0.00000000 	 0.00000000 	 0.00000000 	 0.00000000 	 0.00000000 	 0.00000000 	 0.00000000 	 0.00000000 	 0.00000000 	 0.09448834 	 0.00000000 	 0.00000000 	 0.00000000 	 0.30452082 	 0.00000000 	 2.14721240 	 0.00000000 	 10.50777138 	 474.30697000 	 79.44249900 	 10.47441716 	 0.00000000 	 0.00000000 	 4.67675590 	 22.73801300
1936 	 1.13000000 	 0.80129993 	 163.97736000 	 1.58800715 	 25.86397370 	 0.00000000 	 0.48500000 	 0.00000000 	 0.11700000 	 0.00000000 	 157.26700000 	 44.66400000 	 0.00000000 	 0.00000000 	 0.00000000 	 0.00000000 	 0.00000000 	 0.00000000 	 0.00000000 	 0.00000000 	 0.00000000 	 0.00000000 	 0.00000000 	 0.00000000 	 0.10270482 	 0.00000000 	 0.00000000 	 0.00000000 	 0.32054821 	 0.00000000 	 2.25969770 	 0.00000000 	 10.56204029 	 475.87603000 	 79.57576200 	 10.57513815 	 0.00000000 	 0.00000000 	 4.67917080 	 22.73536900
1937 	 1.20900000 	 0.77969902 	 165.10375000 	 1.60059365 	 26.27627566 	 0.00000000 	 0.77600000 	 0.00000000 	 0.23400000 	 0.00000000 	 157.26700000 	 45.58800000 	 0.00000000 	 0.00000000 	 0.00000000 	 0.00000000 	 0.00000000 	 0.00000000 	 0.00000000 	 0.00000000 	 0.00000000 	 0.00000000 	 0.00000000 	 0.00000000 	 0.11163575 	 0.00000000 	 0.00000000 	 0.00000000 	 0.33741917 	 0.00000000 	 2.37810040 	 0.00000000 	 10.61631019 	 477.44509000 	 79.70902500 	 10.68273467 	 0.00000000 	 0.00000000 	 4.68158570 	 22.73272600
1938 	 1.14200000 	 0.78188222 	 166.23013000 	 1.61479373 	 26.68857661 	 0.16100000 	 1.16400000 	 0.00000000 	 0.23400000 	 0.00000000 	 157.26700000 	 46.51200000 	 0.00000000 	 0.16500000 	 0.00000000 	 0.00000000 	 0.00000000 	 0.00000000 	 0.00000000 	 0.00000000 	 0.00000000 	 0.00000000 	 0.00000000 	 0.00000000 	 0.12134333 	 0.00000000 	 0.00000000 	 0.00000000 	 0.35517808 	 0.00000000 	 2.50273810 	 0.00000000 	 10.67057910 	 479.01415000 	 79.84228800 	 10.80038086 	 0.00000000 	 0.00000000 	 4.68400050 	 22.73008200
1939 	 1.19200000 	 0.77944376 	 167.35651000 	 1.63142173 	 27.10087857 	 0.16100000 	 1.64900000 	 0.00000000 	 0.35100000 	 0.00000000 	 157.26700000 	 47.43600000 	 0.00000000 	 0.33000000 	 0.00000000 	 0.00000000 	 0.00000000 	 0.00000000 	 0.00000000 	 0.00000000 	 0.00000000 	 0.00000000 	 0.00000000 	 0.00000000 	 0.13189502 	 0.00000000 	 0.00000000 	 0.00000000 	 0.37387169 	 0.00000000 	 2.63393280 	 0.00000000 	 10.72484801 	 480.58321000 	 79.97555200 	 10.93125063 	 0.00000000 	 0.00000000 	 4.68641540 	 22.72743900
1940 	 1.29900000 	 0.76683237 	 168.48290000 	 1.65129167 	 27.51317953 	 0.16100000 	 2.23100000 	 0.00000000 	 0.46800000 	 0.00000000 	 157.26700000 	 50.78100000 	 0.00000000 	 0.49600000 	 0.00000000 	 0.00000000 	 0.00000000 	 0.00000000 	 0.00000000 	 0.00000000 	 0.00000000 	 0.00000000 	 0.00000000 	 0.00000000 	 0.14336429 	 0.00000000 	 0.00000000 	 0.00000000 	 0.39354912 	 0.00000000 	 2.77203350 	 0.00000000 	 10.77911691 	 482.15227000 	 80.10881500 	 11.07851823 	 0.00000000 	 0.00000000 	 4.68883030 	 22.72479500
1941 	 1.33400000 	 0.75036458 	 170.03046000 	 1.69923285 	 27.89612288 	 0.16100000 	 2.91000000 	 0.00000000 	 0.58500000 	 0.00000000 	 157.26700000 	 52.60300000 	 0.00000000 	 0.66100000 	 0.00000000 	 0.00000000 	 0.00000000 	 0.00000000 	 0.00000000 	 0.00000000 	 0.00000000 	 0.00000000 	 0.00000000 	 0.00000000 	 0.15583315 	 0.00000000 	 0.00000000 	 0.00000000 	 0.41426223 	 0.00000000 	 2.91740660 	 0.00000000 	 11.11070253 	 488.55777000 	 81.24331000 	 11.25082598 	 0.00000000 	 0.00000000 	 4.69324300 	 22.68764000
1942 	 1.34200000 	 0.76904970 	 171.57803000 	 1.79283624 	 28.27906524 	 0.16100000 	 3.58900000 	 0.00000000 	 0.81900000 	 0.00000000 	 157.26700000 	 53.91800000 	 0.00000000 	 0.82600000 	 0.00000000 	 0.00000000 	 0.00000000 	 0.00000000 	 0.00000000 	 0.00000000 	 0.00000000 	 0.00000000 	 0.00000000 	 0.00000000 	 0.16938647 	 0.00000000 	 0.00000000 	 0.00000000 	 0.39468287 	 0.00000000 	 3.07043140 	 0.00000000 	 11.44228814 	 494.96327000 	 82.37780500 	 11.45328529 	 0.00000000 	 0.00000000 	 4.69765580 	 22.65048400
1943 	 1.39100000 	 0.76376560 	 173.12559000 	 1.92205925 	 28.66200860 	 0.32200000 	 4.36500000 	 0.00000000 	 1.17000000 	 0.00000000 	 157.26700000 	 54.70500000 	 0.00000000 	 0.99100000 	 0.00000000 	 0.00000000 	 0.00000000 	 0.00000000 	 0.00000000 	 0.00000000 	 0.00000000 	 0.00000000 	 0.00000000 	 0.00000000 	 0.18411857 	 0.00000000 	 0.00000000 	 0.00000000 	 0.37832187 	 0.00000000 	 3.23150970 	 0.00000000 	 11.77387275 	 501.36878000 	 83.51230000 	 11.68377348 	 0.00000000 	 0.00000000 	 4.70206860 	 22.61332800
1944 	 1.38300000 	 0.76839864 	 174.67315000 	 2.08548731 	 29.04495095 	 0.32200000 	 5.91700000 	 0.00000000 	 1.52100000 	 0.00000000 	 157.26700000 	 55.75000000 	 0.00000000 	 1.15700000 	 0.00000000 	 0.00000000 	 0.00000000 	 0.00000000 	 0.00000000 	 0.00000000 	 0.00000000 	 0.00000000 	 0.00000000 	 0.00000000 	 0.20013198 	 0.00000000 	 0.00000000 	 0.00000000 	 0.36407640 	 0.00000000 	 3.40106360 	 0.00000000 	 12.10545836 	 507.77428000 	 84.64679600 	 11.94016760 	 0.00000000 	 0.00000000 	 4.70648130 	 22.57617300
1945 	 1.16000000 	 0.76914739 	 176.22072000 	 2.27909891 	 29.42789431 	 0.48300000 	 7.76000000 	 1.86800000 	 3.86100000 	 0.00000000 	 157.26700000 	 56.79600000 	 0.00000000 	 1.32200000 	 0.00000000 	 0.00000000 	 0.00000000 	 0.00000000 	 0.00000000 	 0.00000000 	 0.00000000 	 0.00000000 	 0.00000000 	 0.00000000 	 0.21753811 	 0.00000000 	 0.00000000 	 0.00000000 	 0.35194679 	 0.00000000 	 3.57954400 	 0.00000000 	 12.43704397 	 514.17979000 	 85.78129100 	 12.22034557 	 0.00000000 	 0.00000000 	 4.71089410 	 22.53901700
1946 	 1.23800000 	 0.84214892 	 177.76828000 	 2.48894044 	 29.81083667 	 0.96600000 	 13.48300000 	 4.20300000 	 6.31800000 	 0.00000000 	 157.26700000 	 59.18700000 	 0.00000000 	 1.48700000 	 0.00000000 	 0.00000000 	 0.00000000 	 0.00000000 	 0.00000000 	 0.00000000 	 0.00000000 	 0.00000000 	 0.00000000 	 0.00000000 	 0.23645812 	 0.00000000 	 0.00000000 	 0.00000000 	 0.34193311 	 0.00000000 	 3.76741670 	 0.00000000 	 12.76862859 	 520.58529000 	 86.91578600 	 12.52218300 	 0.00000000 	 0.00000000 	 4.71530690 	 22.50186100
1947 	 1.39200000 	 0.87017994 	 179.31584000 	 2.70105876 	 30.19378003 	 2.09300000 	 20.66100000 	 5.13700000 	 6.90300000 	 0.00000000 	 157.26700000 	 67.27800000 	 0.00000000 	 1.65200000 	 0.00000000 	 0.00000000 	 0.00000000 	 0.00000000 	 0.00000000 	 0.00000000 	 0.00000000 	 0.00000000 	 0.00000000 	 0.00000000 	 0.25702368 	 0.00000000 	 0.00000000 	 0.00000000 	 0.33403572 	 0.00000000 	 3.96517740 	 0.00000000 	 13.10021420 	 526.99079000 	 88.05028100 	 12.84355829 	 0.00000000 	 0.00000000 	 4.71971960 	 22.46470500
1948 	 1.46900000 	 0.87513044 	 180.86341000 	 2.90150055 	 30.57672238 	 3.70300000 	 24.05600000 	 6.07100000 	 7.25400000 	 0.00000000 	 157.26700000 	 68.36900000 	 0.00000000 	 1.81700000 	 0.00000000 	 0.00000000 	 0.00000000 	 0.00000000 	 0.00000000 	 0.00000000 	 0.00000000 	 0.00000000 	 0.00000000 	 0.00000000 	 0.27937786 	 0.00000000 	 0.00000000 	 0.00000000 	 0.32825472 	 0.00000000 	 4.17334720 	 0.00000000 	 13.43179981 	 533.39630000 	 89.18477700 	 13.18234886 	 0.00000000 	 0.00000000 	 4.72413240 	 22.42755000
1949 	 1.41900000 	 0.88212641 	 182.41097000 	 3.07631330 	 30.95966474 	 6.11800000 	 25.80200000 	 6.53800000 	 7.72200000 	 0.00000000 	 157.26700000 	 74.34000000 	 0.00000000 	 1.98300000 	 0.00000000 	 0.00000000 	 0.00000000 	 0.00000000 	 0.00000000 	 0.00000000 	 0.00000000 	 0.00000000 	 0.00000000 	 0.00000000 	 0.30367628 	 0.00000000 	 0.00000000 	 0.00000000 	 0.32459037 	 0.00000000 	 4.39247020 	 0.00000000 	 13.76338442 	 539.80180000 	 90.31927200 	 13.53643214 	 0.00000000 	 0.00000000 	 4.72854520 	 22.39039400
1950 	 1.63000000 	 0.89233465 	 183.95853000 	 3.21154528 	 31.34260810 	 8.85500000 	 28.61500000 	 7.93900000 	 8.07300000 	 0.00000000 	 157.26700000 	 65.00000000 	 0.00000000 	 2.14800000 	 0.00000000 	 0.00000000 	 0.00000000 	 0.00000000 	 0.00000000 	 0.00000000 	 0.00000000 	 0.00000000 	 0.00000000 	 0.00000000 	 0.33008802 	 0.00000000 	 0.00000000 	 0.00000000 	 0.32304286 	 0.00000000 	 4.62313000 	 0.26190788 	 14.09497003 	 546.20731000 	 91.45376700 	 13.90368436 	 0.00000000 	 0.00000000 	 4.73295790 	 22.35323800
1951 	 1.76800000 	 1.08852010 	 189.11003000 	 3.31670576 	 32.93268190 	 8.15800000 	 33.85400000 	 1.88900000 	 7.10200000 	 0.00000000 	 157.26700000 	 65.00000000 	 0.00000000 	 2.31300000 	 0.00000000 	 0.00000000 	 0.00000000 	 0.00000000 	 0.00000000 	 0.00000000 	 0.00000000 	 0.00000000 	 0.00000000 	 0.00000000 	 0.35878218 	 0.00000000 	 0.00000000 	 0.00000000 	 0.32361242 	 0.00000000 	 4.86591600 	 0.26198971 	 14.51188401 	 558.44614000 	 94.84835300 	 14.30991271 	 0.00000000 	 0.00000000 	 4.77332760 	 22.54128800
1952 	 1.79600000 	 1.10963780 	 194.26153000 	 3.40915690 	 34.52275670 	 11.74200000 	 35.20000000 	 2.13900000 	 7.28800000 	 0.00000000 	 157.92700000 	 70.00000000 	 0.00000000 	 2.47800000 	 0.00000000 	 0.00000000 	 0.00000000 	 0.00000000 	 0.00000000 	 0.00000000 	 0.00000000 	 0.00000000 	 0.00000000 	 0.00000000 	 0.38997068 	 0.00000000 	 0.00000000 	 0.00000000 	 0.32629927 	 0.00000000 	 5.12147900 	 0.26207156 	 14.92879800 	 570.68497000 	 98.24293800 	 14.77676429 	 0.00000000 	 0.00000000 	 4.81369730 	 22.72933800
1953 	 1.84100000 	 1.10451710 	 199.41303000 	 3.48672854 	 36.11283050 	 15.98500000 	 39.58200000 	 2.43700000 	 7.43000000 	 0.00000000 	 158.60400000 	 75.00000000 	 0.00000000 	 2.64400000 	 0.00000000 	 0.00000000 	 0.00000000 	 0.00000000 	 0.00000000 	 0.00000000 	 0.00000000 	 0.00000000 	 0.00000000 	 0.00000000 	 0.42387036 	 0.00000000 	 0.00000000 	 0.00000000 	 0.33110360 	 0.00000000 	 5.39049590 	 0.26215339 	 15.34571198 	 582.92380000 	 101.63752000 	 15.29587629 	 0.00000000 	 0.00000000 	 4.85406700 	 22.91738800
1954 	 1.86500000 	 1.15214160 	 204.56453000 	 3.55231784 	 37.70290530 	 19.85500000 	 44.80200000 	 2.78500000 	 7.43100000 	 0.00000000 	 159.30000000 	 80.00000000 	 1.21400000 	 2.80900000 	 0.00000000 	 0.00000000 	 0.00000000 	 0.00000000 	 0.00000000 	 0.00000000 	 0.00000000 	 0.00000000 	 0.00000000 	 0.00000000 	 0.46071690 	 0.00000000 	 0.00000000 	 0.00000000 	 0.33802563 	 0.00000000 	 5.67366920 	 0.26223522 	 15.76262596 	 595.16263000 	 105.03211000 	 15.85888593 	 0.00000000 	 0.00000000 	 4.89443670 	 23.10543800
1955 	 2.04300000 	 1.19118550 	 209.71603000 	 3.61204579 	 39.29297910 	 24.60400000 	 50.34300000 	 3.23300000 	 7.38800000 	 0.00000000 	 160.01400000 	 85.00000000 	 3.51200000 	 2.97400000 	 0.00000000 	 0.00000000 	 0.00000000 	 0.00000000 	 0.00000000 	 0.00000000 	 0.00000000 	 0.00000000 	 0.00000000 	 0.00000000 	 0.50076650 	 0.00000000 	 0.00000000 	 0.00000000 	 0.34706557 	 0.00000000 	 5.97174910 	 0.26231705 	 16.17953994 	 607.40145000 	 108.42670000 	 16.45743164 	 0.00000000 	 0.00000000 	 4.93480640 	 23.29348700
1956 	 2.17800000 	 1.24468830 	 214.86753000 	 3.66858257 	 40.88305390 	 30.68500000 	 58.66400000 	 3.73000000 	 7.30200000 	 0.00000000 	 160.74800000 	 90.00000000 	 6.22400000 	 3.48000000 	 0.00000000 	 0.00000000 	 0.00000000 	 0.00000000 	 0.00000000 	 0.00000000 	 0.00000000 	 0.00000000 	 0.00000000 	 0.00000000 	 0.54429755 	 0.00000000 	 0.00000000 	 0.00000000 	 0.35822365 	 0.00000000 	 6.28551620 	 0.26239889 	 16.59645392 	 619.64028000 	 111.82128000 	 17.08314821 	 0.00000000 	 0.00000000 	 4.97517610 	 23.48153700
1957 	 2.27000000 	 1.27187180 	 220.01902000 	 3.72460224 	 42.47312770 	 34.37500000 	 66.68900000 	 4.22700000 	 7.25000000 	 0.00000000 	 161.50200000 	 95.00000000 	 9.46900000 	 4.25100000 	 0.00000000 	 0.00000000 	 0.00000000 	 0.00000000 	 0.00000000 	 0.00000000 	 0.00000000 	 0.00000000 	 0.00000000 	 0.00000000 	 0.59161270 	 0.00000000 	 0.00000000 	 0.00000000 	 0.37150001 	 0.00000000 	 6.61579690 	 0.26248072 	 17.01336790 	 631.87911000 	 115.21587000 	 17.72767529 	 0.00000000 	 0.00000000 	 5.01554580 	 23.66958700
1958 	 2.33000000 	 1.31958170 	 225.17052000 	 3.78278227 	 44.06320250 	 32.23500000 	 69.93000000 	 4.82400000 	 7.22100000 	 0.00000000 	 162.27700000 	 100.00000000 	 10.77200000 	 6.00800000 	 0.00000000 	 0.00000000 	 0.00000000 	 0.00000000 	 0.00000000 	 0.00000000 	 0.00000000 	 0.00000000 	 0.00000000 	 0.00000000 	 0.64304094 	 0.00000000 	 0.00000000 	 0.00000000 	 0.38689499 	 0.00000000 	 6.96346150 	 0.26256255 	 17.43028189 	 644.11794000 	 118.61045000 	 18.38264886 	 0.00000000 	 0.00000000 	 5.05591550 	 23.85763700
1959 	 2.46200000 	 1.20359570 	 230.32202000 	 3.84580244 	 45.65327630 	 33.01500000 	 78.14900000 	 5.57000000 	 7.17600000 	 0.00000000 	 163.07300000 	 105.00000000 	 14.71700000 	 7.06000000 	 0.00000000 	 0.00000000 	 0.00000000 	 0.00000000 	 0.00000000 	 0.00000000 	 0.00000000 	 0.00000000 	 0.00000000 	 0.00000000 	 0.69893975 	 0.00000000 	 0.00000000 	 0.00000000 	 0.40440867 	 0.00000000 	 7.32942660 	 0.26264438 	 17.84719587 	 656.35677000 	 122.00504000 	 19.03970614 	 0.00000000 	 0.00000000 	 5.09628520 	 24.04568600
1960 	 2.57700000 	 1.19228330 	 235.47352000 	 3.91634351 	 47.24335111 	 43.34200000 	 93.09000000 	 6.36600000 	 6.60000000 	 0.00000000 	 163.89200000 	 110.00000000 	 18.34800000 	 7.65900000 	 0.00000000 	 0.00000000 	 0.00000000 	 0.00000000 	 0.00000000 	 0.00000000 	 0.00000000 	 0.00000000 	 0.00000000 	 0.00000000 	 0.75969781 	 0.00000000 	 0.00000000 	 0.00000000 	 0.42404135 	 0.00000000 	 7.71465080 	 0.52463411 	 18.26410985 	 668.59560000 	 125.39962000 	 19.69048557 	 0.00000000 	 0.00000000 	 5.13665490 	 24.23373600
1961 	 2.59400000 	 1.24432180 	 238.52217000 	 4.02170577 	 48.86830152 	 55.72200000 	 104.60000000 	 7.21200000 	 6.88000000 	 0.00000000 	 164.73500000 	 115.00000000 	 20.07700000 	 9.42600000 	 0.00000000 	 0.00000000 	 0.00000000 	 0.00000000 	 0.00000000 	 0.00000000 	 0.00000000 	 0.00000000 	 0.00000000 	 0.00000000 	 0.82576341 	 0.00000000 	 0.00000000 	 0.00000000 	 0.44579320 	 0.00000000 	 8.12016070 	 0.52479777 	 18.93747341 	 682.67558000 	 129.24133000 	 20.35053850 	 0.00000000 	 0.00000000 	 5.17959970 	 24.50223700
1962 	 2.70000000 	 1.23557170 	 241.57083000 	 4.18125704 	 50.49325294 	 69.88100000 	 120.66800000 	 8.24800000 	 7.16800000 	 0.00000000 	 165.60100000 	 119.00000000 	 28.22000000 	 11.57300000 	 0.00000000 	 0.00000000 	 0.00000000 	 0.00000000 	 0.00000000 	 0.00000000 	 0.00000000 	 0.00000000 	 0.00000000 	 0.00000000 	 0.89757430 	 0.00000000 	 0.00000000 	 0.00000000 	 0.46966444 	 0.00000000 	 8.54701320 	 0.78686933 	 19.61083597 	 696.75555000 	 133.08303000 	 21.03877014 	 0.00000000 	 0.00000000 	 5.22254450 	 24.77073700
1963 	 2.84800000 	 1.24429470 	 244.61948000 	 4.38580409 	 52.11820435 	 85.53900000 	 141.74400000 	 9.47600000 	 7.42100000 	 0.00000000 	 166.49300000 	 123.00000000 	 31.46000000 	 14.39600000 	 0.00000000 	 0.00000000 	 0.00000000 	 0.00500000 	 0.00100000 	 0.00700000 	 0.00000000 	 0.00000000 	 0.00000000 	 0.00000000 	 0.97563006 	 0.00000000 	 0.00000000 	 0.00000000 	 0.49565531 	 0.00000000 	 14.98495600 	 0.52520694 	 20.28419853 	 710.83553000 	 136.92473000 	 21.75185093 	 0.00000000 	 0.00000000 	 5.26548930 	 25.03923800
1964 	 3.00800000 	 1.25158790 	 247.66813000 	 4.63481932 	 53.74315577 	 101.53800000 	 164.92100000 	 10.85300000 	 7.69200000 	 0.22500000 	 167.41000000 	 127.00000000 	 36.19700000 	 16.78200000 	 0.00000000 	 0.00000000 	 0.00000000 	 0.01400000 	 0.00300000 	 0.01400000 	 0.00000000 	 0.00000000 	 0.00000000 	 0.00000000 	 1.06047380 	 0.00000000 	 0.00000000 	 0.00000000 	 0.52376596 	 0.00000000 	 13.48809900 	 0.52537061 	 20.95756210 	 724.91551000 	 140.76643000 	 22.48644764 	 0.00000000 	 0.00000000 	 5.30843410 	 25.30773800
1965 	 3.14500000 	 1.26425580 	 250.71679000 	 4.89401992 	 55.36810718 	 115.75000000 	 185.93300000 	 12.42600000 	 7.97500000 	 0.44400000 	 168.35500000 	 127.00000000 	 48.09600000 	 20.51400000 	 0.00000000 	 0.00000000 	 0.00000000 	 0.03200000 	 0.00500000 	 0.02800000 	 0.00000000 	 0.00000000 	 0.00000000 	 0.00000000 	 1.15269580 	 0.00000000 	 0.00000000 	 0.00000000 	 0.55399667 	 0.00000000 	 13.48836900 	 0.52553427 	 21.63092466 	 738.99548000 	 144.60813000 	 23.23922950 	 0.00000000 	 0.00000000 	 5.35137890 	 25.57623900
1966 	 3.30500000 	 1.29369680 	 253.76544000 	 5.19261410 	 56.99305860 	 129.62300000 	 208.57100000 	 14.24600000 	 8.30500000 	 0.63300000 	 169.32800000 	 127.00000000 	 69.56700000 	 24.51200000 	 0.00000000 	 0.00000000 	 0.00000000 	 0.05800000 	 0.00800000 	 0.04800000 	 0.00000000 	 0.00000000 	 0.00000000 	 0.00000000 	 1.25293770 	 0.00000000 	 0.00000000 	 0.00000000 	 0.58634761 	 0.00000000 	 13.48863900 	 0.52569795 	 22.30428722 	 753.07546000 	 148.44984000 	 24.00686693 	 0.00000000 	 0.00000000 	 5.39432370 	 25.84473900
1967 	 3.41100000 	 1.29762540 	 256.81409000 	 5.45435944 	 58.61801002 	 147.11900000 	 235.26900000 	 16.31300000 	 8.62300000 	 0.82500000 	 170.32900000 	 127.00000000 	 94.13700000 	 29.81700000 	 0.00000000 	 0.00000000 	 0.00000000 	 0.10000000 	 0.01300000 	 0.07500000 	 0.00000000 	 0.00000000 	 0.00000000 	 0.00000000 	 1.36189700 	 0.00000000 	 0.00000000 	 0.00000000 	 0.62081899 	 0.00000000 	 13.48890900 	 1.04967730 	 22.97765078 	 767.15544000 	 152.29154000 	 24.78602550 	 0.00000000 	 0.00000000 	 5.43726850 	 26.11324000
1968 	 3.58800000 	 1.23520280 	 259.86274000 	 5.61653272 	 60.24296143 	 167.58600000 	 263.95300000 	 18.67800000 	 8.97400000 	 1.04300000 	 171.36000000 	 127.00000000 	 114.76700000 	 36.21600000 	 0.00000000 	 0.00000000 	 0.00000000 	 0.15800000 	 0.01600000 	 0.10900000 	 0.00000000 	 0.00000000 	 0.00000000 	 0.00000000 	 1.48033170 	 0.00000000 	 0.00000000 	 0.00000000 	 0.65741104 	 0.00000000 	 13.48918000 	 0.52618894 	 23.65101334 	 781.23541000 	 156.13324000 	 25.57337564 	 0.00000000 	 0.00000000 	 5.48021330 	 26.38174100
1969 	 3.80000000 	 1.23838790 	 262.91140000 	 5.78152538 	 61.86791285 	 194.51300000 	 294.48600000 	 21.38800000 	 9.34400000 	 1.28300000 	 172.42300000 	 127.00000000 	 134.87500000 	 39.38100000 	 0.00000000 	 0.00000000 	 0.00000000 	 0.22900000 	 0.02400000 	 0.15000000 	 0.00000000 	 0.00000000 	 0.00000000 	 0.00000000 	 1.60906570 	 0.00000000 	 0.00000000 	 0.00000000 	 0.69612398 	 0.00000000 	 13.48944900 	 0.78826050 	 24.32437691 	 795.31539000 	 159.97494000 	 26.36558536 	 0.00000000 	 0.00000000 	 5.52315810 	 26.65024100
1970 	 4.07600000 	 1.19711290 	 265.96005000 	 5.93348270 	 63.49286426 	 221.11900000 	 321.74300000 	 24.49400000 	 9.68700000 	 1.53700000 	 173.51800000 	 127.00000000 	 141.32600000 	 43.65200000 	 0.00000000 	 0.00000000 	 0.00000000 	 0.32900000 	 0.04300000 	 0.19700000 	 0.05544628 	 0.00000000 	 0.35640391 	 0.00000000 	 1.74899480 	 0.00000000 	 0.00000000 	 0.00000000 	 0.73695798 	 0.00000000 	 11.99256400 	 0.78850599 	 24.99773947 	 809.39537000 	 163.81664000 	 27.15932507 	 0.00000000 	 0.00000000 	 5.56610290 	 26.91874200
1971 	 4.23100000 	 1.07089130 	 270.02505000 	 5.60177306 	 63.67295473 	 243.13700000 	 346.60900000 	 28.09400000 	 10.05200000 	 1.80300000 	 174.64600000 	 127.00000000 	 170.13300000 	 47.74600000 	 0.00000000 	 0.00000000 	 0.61300000 	 0.46100000 	 0.10000000 	 0.25200000 	 0.05731851 	 0.00000000 	 0.36316592 	 0.00000000 	 1.90112800 	 0.00000000 	 0.00000000 	 0.00000000 	 0.77991330 	 0.00000000 	 13.48996700 	 1.05065940 	 25.78017623 	 825.18291000 	 167.16131000 	 27.98012879 	 0.00000000 	 0.00000000 	 5.70387250 	 27.22179400
1972 	 4.39900000 	 1.04706210 	 274.09004000 	 5.91474911 	 63.85304519 	 274.26000000 	 378.47100000 	 32.23600000 	 10.47100000 	 2.12700000 	 175.80900000 	 127.00000000 	 214.16800000 	 54.79000000 	 0.00000000 	 0.00000000 	 0.61300000 	 0.63000000 	 0.17000000 	 0.31300000 	 0.05919290 	 0.00000000 	 0.36993573 	 0.00000000 	 2.06649400 	 0.00000000 	 0.00000000 	 0.00000000 	 0.82499011 	 0.00000000 	 13.49024400 	 0.78907883 	 26.56261399 	 840.97046000 	 170.50597000 	 28.84611000 	 0.00000000 	 0.00000000 	 5.84164210 	 27.52484600
1973 	 4.63499990 	 1.03309870 	 278.15504000 	 6.04145007 	 64.03313665 	 314.04000000 	 419.23900000 	 36.92000000 	 10.88300000 	 2.49500000 	 177.00700000 	 127.00000000 	 266.20900000 	 61.91200000 	 0.00000000 	 0.00000000 	 0.61300000 	 0.83900000 	 0.27700000 	 0.39100000 	 0.06106945 	 0.00000000 	 0.37671337 	 0.00000000 	 2.24624420 	 0.00000000 	 0.00000000 	 0.00000000 	 0.87218868 	 0.00000000 	 13.49052300 	 1.05123220 	 27.34505076 	 856.75800000 	 173.85064000 	 29.74280171 	 0.00000000 	 0.00000000 	 5.97941170 	 27.82789800
1974 	 4.64400000 	 1.03873710 	 282.22003000 	 5.93720557 	 64.21322711 	 345.88100000 	 454.70100000 	 42.29500000 	 11.29000000 	 2.92100000 	 178.24300000 	 127.00000000 	 305.48900000 	 62.54300000 	 0.00000000 	 0.00000000 	 0.61300000 	 1.08600000 	 0.37200000 	 0.46800000 	 0.06294817 	 0.00000000 	 0.38349883 	 0.00000000 	 2.44162970 	 0.00000000 	 0.00000000 	 0.00000000 	 0.92150920 	 0.00000000 	 11.99364500 	 1.05155950 	 28.12748852 	 872.54555000 	 177.19531000 	 30.65573571 	 0.00000000 	 0.00000000 	 6.11718130 	 28.13095000
1975 	 4.61500000 	 1.03158760 	 286.28503000 	 6.13746017 	 64.39331758 	 335.74100000 	 442.83400000 	 48.50500000 	 11.73400000 	 3.39100000 	 179.51700000 	 127.00000000 	 308.99200000 	 70.48700000 	 0.00000000 	 0.00000000 	 0.61300000 	 1.36500000 	 0.52400000 	 0.54400000 	 0.06482906 	 0.00000000 	 0.39029213 	 0.00000000 	 2.65401050 	 0.00000000 	 0.00000000 	 0.00000000 	 0.97295172 	 0.00000000 	 13.49105000 	 1.05188690 	 28.90992628 	 888.33310000 	 180.53997000 	 31.57044257 	 0.00000000 	 0.00000000 	 6.25495090 	 28.43400200
1976 	 4.88300000 	 1.09060770 	 290.35002000 	 6.30065637 	 64.57340804 	 343.24000000 	 432.28000000 	 55.55200000 	 12.20000000 	 3.94300000 	 180.83000000 	 127.00000000 	 382.30000000 	 78.51000000 	 0.00000000 	 0.00000000 	 0.61300000 	 1.76700000 	 0.78300000 	 0.62100000 	 0.06671212 	 0.00000000 	 0.39709328 	 0.00000000 	 2.88486470 	 0.00000000 	 0.00000000 	 0.00000000 	 1.02651670 	 0.00000000 	 13.49132800 	 1.57603000 	 29.69236304 	 904.12064000 	 183.88464000 	 32.47245771 	 0.00000000 	 0.00000000 	 6.39272050 	 28.73705500
1977 	 5.02900000 	 1.09398740 	 294.41502000 	 6.53067105 	 64.75349950 	 330.71100000 	 419.44700000 	 63.63400000 	 12.68000000 	 4.58200000 	 182.18500000 	 127.00000000 	 462.11200000 	 85.78900000 	 0.00000000 	 0.00000000 	 0.61300000 	 2.03500000 	 1.00600000 	 0.69700000 	 0.06859736 	 0.00000000 	 0.40390227 	 0.00000000 	 3.56608040 	 0.00000000 	 0.00000000 	 0.00000000 	 1.08220440 	 0.00000000 	 11.99445200 	 1.83842890 	 30.47480081 	 919.90819000 	 187.22930000 	 33.34731171 	 0.00000000 	 0.00000000 	 6.53049010 	 29.04010700
1978 	 5.10500000 	 1.09037000 	 298.48002000 	 6.61559040 	 64.93358996 	 359.00900000 	 424.49800000 	 72.89600000 	 13.16800000 	 5.33700000 	 183.58100000 	 127.00000000 	 587.31900000 	 92.01200000 	 0.00000000 	 0.00000000 	 0.61300000 	 2.45400000 	 1.25300000 	 0.77400000 	 0.07048477 	 0.00000000 	 0.05429956 	 0.00000000 	 3.79640080 	 0.00000000 	 0.00000000 	 0.00000000 	 1.14001460 	 0.00000000 	 13.49185700 	 2.36281750 	 31.25723757 	 935.69573000 	 190.57397000 	 34.18053636 	 0.00000000 	 0.00000000 	 6.66825970 	 29.34315900
1979 	 5.38700000 	 1.06471270 	 302.54501000 	 7.00376856 	 65.11368043 	 274.35700000 	 357.26600000 	 83.48900000 	 13.66100000 	 6.22800000 	 185.02200000 	 127.00000000 	 489.71200000 	 99.32100000 	 0.00000000 	 0.00000000 	 0.61300000 	 2.92800000 	 1.54800000 	 0.85000000 	 0.07237436 	 0.00000000 	 0.05433095 	 0.00000000 	 4.02754110 	 0.00000000 	 0.00000000 	 0.00000000 	 1.19994810 	 0.00000000 	 11.99498100 	 2.88736980 	 32.03967533 	 951.48328000 	 193.91864000 	 34.95766343 	 0.00000000 	 0.00000000 	 6.80602930 	 29.64621100
1980 	 5.33200000 	 1.02520960 	 306.61001000 	 7.05735722 	 65.29377089 	 304.99800000 	 432.04400000 	 95.64100000 	 14.19400000 	 7.00600000 	 186.50600000 	 121.84900000 	 550.70700000 	 104.97300000 	 0.00000000 	 0.00000000 	 0.61300000 	 3.45300000 	 1.80500000 	 0.92700000 	 0.01881443 	 0.00000000 	 0.76720931 	 0.00000000 	 4.25950230 	 0.00000000 	 0.00000000 	 0.00000000 	 1.26200430 	 0.00000000 	 13.49238700 	 3.15017780 	 32.82211210 	 967.27082000 	 197.26330000 	 35.66422714 	 0.00000000 	 0.00000000 	 6.94379890 	 29.94926300
1981 	 5.16800000 	 1.04486210 	 310.01251000 	 6.83784263 	 65.17397077 	 289.52900000 	 386.34700000 	 104.42100000 	 14.12100000 	 7.74300000 	 188.03800000 	 110.09300000 	 505.09700000 	 106.40600000 	 0.00000000 	 0.00000000 	 1.25000000 	 3.94600000 	 2.13900000 	 1.00300000 	 0.06628837 	 0.00000000 	 0.78079292 	 0.00000000 	 4.49215740 	 0.00000000 	 0.00000000 	 0.00000000 	 1.32618460 	 0.00000000 	 11.99549900 	 3.41306770 	 33.31911944 	 980.44470000 	 199.79888000 	 36.34582150 	 0.00000000 	 0.00000000 	 7.02100480 	 30.45633400
1982 	 5.12700000 	 1.19040550 	 313.41500000 	 7.11491781 	 65.05416964 	 252.41900000 	 400.31700000 	 108.94300000 	 13.90500000 	 8.39900000 	 189.61600000 	 123.80700000 	 505.34300000 	 116.82100000 	 0.00000000 	 0.00000000 	 0.96100000 	 4.52200000 	 2.64500000 	 1.10500000 	 0.07359413 	 0.00000000 	 0.08152829 	 0.00000000 	 4.72561420 	 0.00000000 	 0.00000000 	 0.00000000 	 1.39248800 	 0.00000000 	 13.49289300 	 3.67603940 	 33.81612678 	 993.61858000 	 202.33446000 	 37.04590579 	 0.00000000 	 0.00000000 	 7.09821070 	 30.96340400
1983 	 5.11000000 	 1.22552010 	 316.81750000 	 7.21277316 	 64.93436952 	 299.09200000 	 408.41600000 	 120.93000000 	 14.25200000 	 9.20700000 	 191.24300000 	 135.72900000 	 553.71800000 	 125.34300000 	 0.00000000 	 0.00000000 	 1.16500000 	 5.16800000 	 2.98000000 	 1.18300000 	 0.07349674 	 0.00000000 	 0.79436576 	 0.00000000 	 4.95987290 	 0.00000000 	 0.00000000 	 0.00000000 	 1.46091530 	 0.00000000 	 11.99600400 	 3.93909300 	 34.31313312 	 1006.79250000 	 204.87003000 	 37.74680971 	 0.00000000 	 0.00000000 	 7.17541650 	 31.47047500
1984 	 5.29000000 	 1.26008330 	 320.22000000 	 7.04410390 	 64.81456940 	 310.90100000 	 432.12500000 	 177.39700000 	 14.78100000 	 9.71000000 	 192.92000000 	 134.86700000 	 569.47600000 	 130.44700000 	 0.00000000 	 0.00000000 	 1.33100000 	 6.03200000 	 3.47500000 	 1.26200000 	 0.01826308 	 0.00000000 	 0.80794309 	 0.00000000 	 5.19493320 	 0.00000000 	 0.00000000 	 0.00000000 	 1.53146690 	 0.00000000 	 11.99624200 	 3.94032050 	 34.81014046 	 1019.96630000 	 207.40561000 	 38.43086179 	 0.00000000 	 0.00000000 	 7.25262240 	 31.97754600
1985 	 5.44400000 	 1.27534490 	 323.62250000 	 7.01291463 	 64.69476827 	 315.32700000 	 407.66900000 	 128.62200000 	 15.70500000 	 9.79200000 	 194.64800000 	 109.71400000 	 546.71400000 	 138.36700000 	 0.00000000 	 0.00000000 	 1.01100000 	 7.08300000 	 3.99700000 	 1.35500000 	 -0.08068116 	 0.00000000 	 0.10867413 	 0.00000000 	 5.43079470 	 0.00000000 	 0.00000000 	 0.00000000 	 1.60414260 	 0.00000000 	 11.99648000 	 4.72727170 	 35.30714781 	 1033.14020000 	 209.94119000 	 39.08039050 	 0.00000000 	 0.00000000 	 7.32982820 	 32.48461600
1986 	 5.61000000 	 1.28720230 	 327.02500000 	 7.06645142 	 64.57496815 	 388.34600000 	 502.71200000 	 169.10300000 	 16.37900000 	 10.15200000 	 196.42700000 	 149.93100000 	 539.07600000 	 146.04800000 	 0.00000000 	 0.00000000 	 3.57500000 	 8.22000000 	 4.57900000 	 1.43400000 	 0.07529205 	 0.00000000 	 0.82150728 	 0.00000000 	 5.66745730 	 0.00000000 	 0.00000000 	 0.00000000 	 1.67894300 	 0.00000000 	 13.49387400 	 4.99065250 	 35.80415515 	 1046.31410000 	 212.47677000 	 39.67772557 	 0.00000000 	 0.00000000 	 7.40703410 	 32.99168700
1987 	 5.75300000 	 1.29400860 	 330.42749000 	 7.45740899 	 64.45516703 	 387.27700000 	 453.23800000 	 250.22200000 	 16.66700000 	 10.80700000 	 198.25900000 	 115.60800000 	 647.60800000 	 162.88300000 	 0.00000000 	 0.00000000 	 3.77300000 	 9.65600000 	 5.10900000 	 1.50400000 	 0.17780496 	 0.00000000 	 1.54792090 	 0.00000000 	 5.90492080 	 0.00000000 	 0.00000000 	 0.00000000 	 1.75586750 	 0.00000000 	 11.99698600 	 4.73029940 	 36.30116149 	 1059.48800000 	 215.01235000 	 40.20519550 	 0.00000000 	 0.00000000 	 7.48424000 	 33.49875700
1988 	 5.96400000 	 1.31672480 	 333.82999000 	 7.19839198 	 64.33536691 	 303.81600000 	 507.99000000 	 245.07000000 	 16.59300000 	 11.49300000 	 200.14600000 	 135.66700000 	 635.81600000 	 180.11300000 	 0.00000000 	 0.00000000 	 4.45800000 	 11.36200000 	 5.69600000 	 1.72800000 	 0.18118326 	 0.00000000 	 0.86222749 	 0.00000000 	 6.14318470 	 0.00000000 	 0.00000000 	 0.00000000 	 1.83491760 	 0.00000000 	 11.99722400 	 4.99368040 	 36.79816883 	 1072.66180000 	 217.54792000 	 40.64512757 	 0.00000000 	 0.00000000 	 7.56144580 	 34.00582800
1989 	 6.08900000 	 1.32364360 	 337.23249000 	 7.32685053 	 64.21556578 	 301.47700000 	 385.52000000 	 204.10900000 	 15.72500000 	 12.26000000 	 202.08700000 	 118.14600000 	 564.76700000 	 186.15000000 	 0.00000000 	 0.00000000 	 6.17400000 	 11.60500000 	 5.48200000 	 1.73000000 	 0.18829422 	 0.94505787 	 0.87579234 	 0.00000000 	 6.38224920 	 0.00000000 	 0.00000000 	 0.00000000 	 1.91609240 	 0.00000000 	 11.99746200 	 5.51905100 	 37.29517617 	 1085.83570000 	 220.08350000 	 40.97985271 	 0.00000000 	 0.00000000 	 7.63865170 	 34.51289800
1990 	 6.14400000 	 1.31948330 	 340.63499000 	 7.58134653 	 64.09576566 	 291.46400000 	 405.61700000 	 203.13100000 	 14.02200000 	 12.36300000 	 204.08200000 	 143.17100000 	 694.14200000 	 195.69000000 	 0.00000000 	 0.00000000 	 11.32200000 	 11.70200000 	 5.11900000 	 1.73000000 	 0.18594167 	 1.01015420 	 0.88920979 	 0.00000000 	 6.62182330 	 0.00000000 	 0.00000000 	 0.00000000 	 2.07356780 	 0.00000000 	 11.99768300 	 5.52076950 	 37.79218352 	 1099.00960000 	 222.61908000 	 41.19169821 	 0.00000000 	 0.00000000 	 7.71585750 	 35.01996900
1991 	 6.23500000 	 1.38097990 	 336.59218000 	 7.39813318 	 63.08107733 	 190.40500000 	 309.88400000 	 198.92800000 	 13.24300000 	 12.13500000 	 206.13300000 	 70.60700000 	 573.57600000 	 204.80100000 	 0.00000000 	 0.00000000 	 16.55600000 	 11.42600000 	 4.09400000 	 1.73500000 	 0.19092079 	 2.17764480 	 0.90261206 	 0.00471002 	 6.86217760 	 0.00000000 	 0.00000000 	 0.00000000 	 2.37291010 	 0.00000000 	 11.99790500 	 5.78439590 	 37.82483316 	 1095.90870000 	 221.41947000 	 41.31731486 	 0.00000000 	 0.00000000 	 7.72475180 	 35.07232200
1992 	 6.11800000 	 1.30353040 	 332.54937000 	 7.79447577 	 62.06638901 	 203.23000000 	 303.36900000 	 121.34300000 	 10.32400000 	 12.01800000 	 208.24000000 	 91.02200000 	 554.98600000 	 185.99400000 	 0.00000000 	 0.00000000 	 20.91100000 	 9.34300000 	 2.74000000 	 1.71500000 	 0.28889991 	 4.20798920 	 1.62865360 	 0.00471003 	 7.10298500 	 0.00000000 	 0.00000000 	 0.00000000 	 2.37314690 	 0.00000000 	 11.99811100 	 5.78619620 	 37.85748380 	 1092.80780000 	 220.21986000 	 41.42356971 	 0.00000000 	 0.00000000 	 7.73364600 	 35.12467500
1993 	 6.12400000 	 1.29810060 	 328.50656000 	 7.30892448 	 61.05170068 	 144.94000000 	 228.99900000 	 67.85700000 	 8.32200000 	 11.68100000 	 210.40200000 	 85.43600000 	 372.23200000 	 188.09200000 	 23.10100000 	 0.00000000 	 22.50000000 	 10.23000000 	 3.34400000 	 1.70000000 	 0.37681630 	 8.41615790 	 2.36859650 	 0.18499007 	 7.34531020 	 0.00000000 	 0.00000000 	 0.00000000 	 2.37338370 	 0.00000000 	 11.99835400 	 6.31181230 	 37.89013444 	 1089.70700000 	 219.02026000 	 41.53811693 	 0.00000000 	 0.00000000 	 7.74254030 	 35.17702800
1994 	 6.24200000 	 1.28959560 	 324.46375000 	 7.50299422 	 60.03701236 	 127.13700000 	 232.72200000 	 61.06500000 	 6.10500000 	 11.01100000 	 212.61900000 	 77.28900000 	 244.23600000 	 179.10100000 	 33.84400000 	 0.00000000 	 25.59900000 	 9.10500000 	 4.75000000 	 1.68000000 	 1.82510480 	 21.39907700 	 3.83475840 	 0.18199010 	 7.58820700 	 0.00000000 	 0.00000000 	 0.00000000 	 2.37362050 	 0.00000000 	 11.99858700 	 5.00423690 	 37.92278409 	 1086.60610000 	 217.82065000 	 41.68861307 	 0.00000000 	 0.00000000 	 7.75143450 	 35.22938100
1995 	 6.37200000 	 1.27501040 	 320.42094000 	 7.61474973 	 59.02232403 	 119.23500000 	 194.71000000 	 22.97800000 	 4.78400000 	 9.08300000 	 200.19900000 	 85.02100000 	 201.63700000 	 243.23800000 	 41.96100000 	 0.00000000 	 24.27500000 	 10.03500000 	 3.99100000 	 1.30000000 	 2.98021770 	 29.72610100 	 6.04096280 	 0.09999479 	 10.21152800 	 0.00000000 	 0.00000000 	 0.00000000 	 2.37385730 	 0.00000000 	 10.50167400 	 6.05342320 	 37.95543473 	 1083.50520000 	 216.62104000 	 41.90271107 	 0.00000000 	 0.00000000 	 7.76032880 	 35.28173500
1996 	 6.51000000 	 1.25110250 	 316.37814000 	 7.64769119 	 58.00763570 	 115.43700000 	 178.90700000 	 27.96200000 	 2.94300000 	 7.01900000 	 201.83400000 	 70.40300000 	 89.18400000 	 211.18100000 	 51.43100000 	 0.00000000 	 26.41100000 	 10.74300000 	 2.69100000 	 0.85000000 	 3.41888120 	 40.58485900 	 6.14998760 	 0.43697783 	 10.24818200 	 0.00000000 	 0.00000000 	 0.00000000 	 2.37409410 	 0.00000000 	 11.99907100 	 6.05530540 	 37.98808537 	 1080.40430000 	 215.42143000 	 42.45207579 	 0.00000000 	 0.00000000 	 7.76922300 	 35.33408800
1997 	 6.61900000 	 1.21813970 	 312.33533000 	 7.90523274 	 56.99294738 	 95.38800000 	 160.98100000 	 18.66300000 	 1.88600000 	 5.42900000 	 207.69600000 	 74.42300000 	 62.53000000 	 208.61400000 	 46.63900000 	 0.00000000 	 22.49300000 	 9.90900000 	 2.59400000 	 0.70000000 	 5.35404900 	 50.64356700 	 6.25874930 	 0.40797848 	 10.28439900 	 0.00000000 	 0.00000000 	 0.00000000 	 2.37433090 	 0.00000000 	 11.99932200 	 4.48574030 	 38.02073501 	 1077.30340000 	 214.22182000 	 43.51231600 	 0.00000000 	 0.00000000 	 7.77811730 	 35.38644100
1998 	 6.58800000 	 1.21484310 	 308.29252000 	 7.89121446 	 55.97825905 	 92.40100000 	 152.71500000 	 14.83100000 	 1.19900000 	 4.22300000 	 206.94600000 	 84.36100000 	 29.41200000 	 249.91200000 	 58.13100000 	 0.00000000 	 27.68300000 	 9.83700000 	 2.49100000 	 0.71000000 	 7.20318120 	 59.65212600 	 6.36768290 	 0.92795208 	 10.32070400 	 0.00000000 	 0.08730541 	 0.00000000 	 2.37456770 	 0.00000000 	 11.99957500 	 4.74903930 	 38.05338566 	 1074.20260000 	 213.02222000 	 44.96700357 	 0.00000000 	 0.00000000 	 7.78701150 	 35.43879400
1999 	 6.56900000 	 1.18278920 	 304.24971000 	 7.52268377 	 54.96357073 	 94.93100000 	 145.16900000 	 14.36200000 	 0.78400000 	 3.32000000 	 195.93800000 	 69.24200000 	 24.66800000 	 230.91000000 	 55.81700000 	 0.00000000 	 28.04700000 	 9.80600000 	 2.39000000 	 0.63100000 	 8.15316770 	 67.04399700 	 6.47752490 	 1.35393000 	 10.35765500 	 0.00000000 	 0.78573737 	 0.00000000 	 2.37480450 	 0.00000000 	 10.50269200 	 6.32195970 	 38.08603530 	 1071.10170000 	 211.82261000 	 46.69971279 	 0.00000000 	 0.00000000 	 7.79590580 	 35.49114700
2000 	 6.73500000 	 1.14880000 	 300.20690000 	 7.45233909 	 53.94888240 	 99.22700000 	 140.71200000 	 17.77700000 	 0.56700000 	 2.60900000 	 186.20600000 	 74.13200000 	 18.58400000 	 229.63800000 	 55.60200000 	 0.00000000 	 26.29600000 	 8.83400000 	 2.29500000 	 0.56200000 	 8.53810000 	 75.03930000 	 6.23400000 	 1.95090000 	 10.39490000 	 17.92570000 	 4.00000000 	 0.00000000 	 2.37490000 	 0.46240000 	 12.00010000 	 5.53820000 	 38.11868594 	 1068.00080000 	 210.62300000 	 48.59401429 	 0.00000000 	 0.00000000 	 7.80480000 	 35.54350000
2001 	 6.89590000 	 1.13200000 	 303.40920000 	 7.49871257 	 54.52793820 	 81.83900000 	 117.20200000 	 12.05100000 	 0.45000000 	 2.06900000 	 181.52500000 	 65.19500000 	 13.25300000 	 240.39200000 	 53.81000000 	 0.00000000 	 28.00100000 	 8.66900000 	 2.20900000 	 0.50000000 	 9.03010000 	 84.04090000 	 7.49470000 	 1.64490000 	 10.43280000 	 19.71830000 	 5.39870000 	 0.64710000 	 2.43450000 	 0.46510000 	 11.92500000 	 5.69900000 	 38.24504137 	 1066.74480000 	 211.59380000 	 49.04694286 	 0.00000000 	 0.00000000 	 7.89450000 	 35.71430000
2002 	 6.94900000 	 1.23170000 	 306.57880000 	 7.54438646 	 55.10609220 	 81.40800000 	 100.25800000 	 6.01900000 	 0.42300000 	 1.60900000 	 181.88700000 	 69.56500000 	 13.48700000 	 251.14600000 	 52.01800000 	 0.00000000 	 22.43000000 	 8.52400000 	 2.13100000 	 0.44500000 	 9.88520000 	 94.71610000 	 8.73890000 	 2.50800000 	 10.47080000 	 21.51090000 	 6.79750000 	 1.29400000 	 2.49150000 	 0.40580000 	 11.84810000 	 5.85960000 	 38.37139680 	 1065.46910000 	 212.56320000 	 49.49987143 	 0.00000000 	 0.00000000 	 7.98420000 	 35.88450000
2003 	 7.28600000 	 1.22570000 	 309.71640000 	 7.58986046 	 55.68274320 	 90.86500000 	 107.74500000 	 2.60400000 	 0.37000000 	 1.28800000 	 177.53900000 	 69.38100000 	 8.44400000 	 261.90000000 	 50.22500000 	 0.00000000 	 23.23200000 	 7.77000000 	 2.05700000 	 0.39600000 	 12.07880000 	 101.41570000 	 9.97760000 	 3.34100000 	 10.50830000 	 23.30350000 	 8.19600000 	 1.94110000 	 2.54630000 	 0.39390000 	 11.76930000 	 6.02010000 	 38.49775223 	 1064.17410000 	 213.53110000 	 49.95304286 	 0.00000000 	 0.00000000 	 8.07340000 	 36.05430000
2004 	 7.67190000 	 1.24290000 	 312.82400000 	 7.63503463 	 56.25839220 	 78.18200000 	 87.64700000 	 5.23700000 	 0.37800000 	 1.04600000 	 174.26000000 	 67.38300000 	 10.87400000 	 272.65400000 	 48.43300000 	 0.00000000 	 23.34800000 	 7.65300000 	 1.98700000 	 0.35300000 	 12.50730000 	 113.92970000 	 11.21360000 	 4.26900000 	 10.54540000 	 25.09600000 	 9.59470000 	 2.58820000 	 2.59900000 	 0.40620000 	 11.68850000 	 6.18050000 	 38.62420754 	 1062.85960000 	 214.49770000 	 50.40585000 	 0.00000000 	 0.00000000 	 8.16230000 	 36.22320000
2005 	 7.97100000 	 1.19550000 	 315.90270000 	 7.67970909 	 56.83293900 	 49.49000000 	 51.55200000 	 0.85400000 	 0.22700000 	 0.78500000 	 168.84100000 	 65.00000000 	 10.87400000 	 283.40800000 	 46.64100000 	 0.00000000 	 26.45800000 	 7.51800000 	 1.92000000 	 0.31400000 	 13.75910000 	 120.93340000 	 12.44830000 	 4.89010000 	 10.81160000 	 26.88850000 	 10.99350000 	 3.23510000 	 2.64940000 	 0.43580000 	 11.60590000 	 6.34070000 	 38.75046309 	 1061.52550000 	 215.46280000 	 50.85877857 	 0.00000000 	 0.00000000 	 8.25120000 	 36.39170000
2006 	 7.97100000 	 1.19550000 	 315.90270000 	 7.67970909 	 56.83293900 	 49.49000000 	 51.55200000 	 0.85400000 	 0.22700000 	 0.78500000 	 168.84100000 	 65.00000000 	 10.87400000 	 283.40800000 	 46.64100000 	 0.00000000 	 26.45800000 	 7.51800000 	 1.92000000 	 0.31400000 	 13.75910000 	 120.93340000 	 12.44830000 	 4.89010000 	 10.81160000 	 26.88850000 	 10.99350000 	 3.23510000 	 2.64940000 	 0.43580000 	 11.60590000 	 6.34070000 	 38.75046309 	 1061.52550000 	 215.46280000 	 50.85877857 	 0.00000000 	 0.00000000 	 8.25120000 	 36.39170000
2007 	 7.97100000 	 1.19550000 	 315.90270000 	 7.67970909 	 56.83293900 	 49.49000000 	 51.55200000 	 0.85400000 	 0.22700000 	 0.78500000 	 168.84100000 	 65.00000000 	 10.87400000 	 283.40800000 	 46.64100000 	 0.00000000 	 26.45800000 	 7.51800000 	 1.92000000 	 0.31400000 	 13.75910000 	 120.93340000 	 12.44830000 	 4.89010000 	 10.81160000 	 26.88850000 	 10.99350000 	 3.23510000 	 2.64940000 	 0.43580000 	 11.60590000 	 6.34070000 	 38.75046309 	 1061.52550000 	 215.46280000 	 50.85877857 	 0.00000000 	 0.00000000 	 8.25120000 	 36.39170000
2008 	 7.97100000 	 1.19550000 	 315.90270000 	 7.67970909 	 56.83293900 	 49.49000000 	 51.55200000 	 0.85400000 	 0.22700000 	 0.78500000 	 168.84100000 	 65.00000000 	 10.87400000 	 283.40800000 	 46.64100000 	 0.00000000 	 26.45800000 	 7.51800000 	 1.92000000 	 0.31400000 	 13.75910000 	 120.93340000 	 12.44830000 	 4.89010000 	 10.81160000 	 26.88850000 	 10.99350000 	 3.23510000 	 2.64940000 	 0.43580000 	 11.60590000 	 6.34070000 	 38.75046309 	 1061.52550000 	 215.46280000 	 50.85877857 	 0.00000000 	 0.00000000 	 8.25120000 	 36.39170000
2009 	 7.97100000 	 1.19550000 	 315.90270000 	 7.67970909 	 56.83293900 	 49.49000000 	 51.55200000 	 0.85400000 	 0.22700000 	 0.78500000 	 168.84100000 	 65.00000000 	 10.87400000 	 283.40800000 	 46.64100000 	 0.00000000 	 26.45800000 	 7.51800000 	 1.92000000 	 0.31400000 	 13.75910000 	 120.93340000 	 12.44830000 	 4.89010000 	 10.81160000 	 26.88850000 	 10.99350000 	 3.23510000 	 2.64940000 	 0.43580000 	 11.60590000 	 6.34070000 	 38.75046309 	 1061.52550000 	 215.46280000 	 50.85877857 	 0.00000000 	 0.00000000 	 8.25120000 	 36.39170000
2010 	 7.97100000 	 1.19550000 	 315.90270000 	 7.67970909 	 56.83293900 	 49.49000000 	 51.55200000 	 0.85400000 	 0.22700000 	 0.78500000 	 168.84100000 	 65.00000000 	 10.87400000 	 283.40800000 	 46.64100000 	 0.00000000 	 26.45800000 	 7.51800000 	 1.92000000 	 0.31400000 	 13.75910000 	 120.93340000 	 12.44830000 	 4.89010000 	 10.81160000 	 26.88850000 	 10.99350000 	 3.23510000 	 2.64940000 	 0.43580000 	 11.60590000 	 6.34070000 	 38.75046309 	 1061.52550000 	 215.46280000 	 50.85877857 	 0.00000000 	 0.00000000 	 8.25120000 	 36.39170000
2011 	 7.97100000 	 1.19550000 	 315.90270000 	 7.67970909 	 56.83293900 	 49.49000000 	 51.55200000 	 0.85400000 	 0.22700000 	 0.78500000 	 168.84100000 	 65.00000000 	 10.87400000 	 283.40800000 	 46.64100000 	 0.00000000 	 26.45800000 	 7.51800000 	 1.92000000 	 0.31400000 	 13.75910000 	 120.93340000 	 12.44830000 	 4.89010000 	 10.81160000 	 26.88850000 	 10.99350000 	 3.23510000 	 2.64940000 	 0.43580000 	 11.60590000 	 6.34070000 	 38.75046309 	 1061.52550000 	 215.46280000 	 50.85877857 	 0.00000000 	 0.00000000 	 8.25120000 	 36.39170000
2012 	 7.97100000 	 1.19550000 	 315.90270000 	 7.67970909 	 56.83293900 	 49.49000000 	 51.55200000 	 0.85400000 	 0.22700000 	 0.78500000 	 168.84100000 	 65.00000000 	 10.87400000 	 283.40800000 	 46.64100000 	 0.00000000 	 26.45800000 	 7.51800000 	 1.92000000 	 0.31400000 	 13.75910000 	 120.93340000 	 12.44830000 	 4.89010000 	 10.81160000 	 26.88850000 	 10.99350000 	 3.23510000 	 2.64940000 	 0.43580000 	 11.60590000 	 6.34070000 	 38.75046309 	 1061.52550000 	 215.46280000 	 50.85877857 	 0.00000000 	 0.00000000 	 8.25120000 	 36.39170000
2013 	 7.97100000 	 1.19550000 	 315.90270000 	 7.67970909 	 56.83293900 	 49.49000000 	 51.55200000 	 0.85400000 	 0.22700000 	 0.78500000 	 168.84100000 	 65.00000000 	 10.87400000 	 283.40800000 	 46.64100000 	 0.00000000 	 26.45800000 	 7.51800000 	 1.92000000 	 0.31400000 	 13.75910000 	 120.93340000 	 12.44830000 	 4.89010000 	 10.81160000 	 26.88850000 	 10.99350000 	 3.23510000 	 2.64940000 	 0.43580000 	 11.60590000 	 6.34070000 	 38.75046309 	 1061.52550000 	 215.46280000 	 50.85877857 	 0.00000000 	 0.00000000 	 8.25120000 	 36.39170000
2014 	 7.97100000 	 1.19550000 	 315.90270000 	 7.67970909 	 56.83293900 	 49.49000000 	 51.55200000 	 0.85400000 	 0.22700000 	 0.78500000 	 168.84100000 	 65.00000000 	 10.87400000 	 283.40800000 	 46.64100000 	 0.00000000 	 26.45800000 	 7.51800000 	 1.92000000 	 0.31400000 	 13.75910000 	 120.93340000 	 12.44830000 	 4.89010000 	 10.81160000 	 26.88850000 	 10.99350000 	 3.23510000 	 2.64940000 	 0.43580000 	 11.60590000 	 6.34070000 	 38.75046309 	 1061.52550000 	 215.46280000 	 50.85877857 	 0.00000000 	 0.00000000 	 8.25120000 	 36.39170000
2015 	 7.97100000 	 1.19550000 	 315.90270000 	 7.67970909 	 56.83293900 	 49.49000000 	 51.55200000 	 0.85400000 	 0.22700000 	 0.78500000 	 168.84100000 	 65.00000000 	 10.87400000 	 283.40800000 	 46.64100000 	 0.00000000 	 26.45800000 	 7.51800000 	 1.92000000 	 0.31400000 	 13.75910000 	 120.93340000 	 12.44830000 	 4.89010000 	 10.81160000 	 26.88850000 	 10.99350000 	 3.23510000 	 2.64940000 	 0.43580000 	 11.60590000 	 6.34070000 	 38.75046309 	 1061.52550000 	 215.46280000 	 50.85877857 	 0.00000000 	 0.00000000 	 8.25120000 	 36.39170000
2016 	 7.97100000 	 1.19550000 	 315.90270000 	 7.67970909 	 56.83293900 	 49.49000000 	 51.55200000 	 0.85400000 	 0.22700000 	 0.78500000 	 168.84100000 	 65.00000000 	 10.87400000 	 283.40800000 	 46.64100000 	 0.00000000 	 26.45800000 	 7.51800000 	 1.92000000 	 0.31400000 	 13.75910000 	 120.93340000 	 12.44830000 	 4.89010000 	 10.81160000 	 26.88850000 	 10.99350000 	 3.23510000 	 2.64940000 	 0.43580000 	 11.60590000 	 6.34070000 	 38.75046309 	 1061.52550000 	 215.46280000 	 50.85877857 	 0.00000000 	 0.00000000 	 8.25120000 	 36.39170000
2017 	 7.97100000 	 1.19550000 	 315.90270000 	 7.67970909 	 56.83293900 	 49.49000000 	 51.55200000 	 0.85400000 	 0.22700000 	 0.78500000 	 168.84100000 	 65.00000000 	 10.87400000 	 283.40800000 	 46.64100000 	 0.00000000 	 26.45800000 	 7.51800000 	 1.92000000 	 0.31400000 	 13.75910000 	 120.93340000 	 12.44830000 	 4.89010000 	 10.81160000 	 26.88850000 	 10.99350000 	 3.23510000 	 2.64940000 	 0.43580000 	 11.60590000 	 6.34070000 	 38.75046309 	 1061.52550000 	 215.46280000 	 50.85877857 	 0.00000000 	 0.00000000 	 8.25120000 	 36.39170000
2018 	 7.97100000 	 1.19550000 	 315.90270000 	 7.67970909 	 56.83293900 	 49.49000000 	 51.55200000 	 0.85400000 	 0.22700000 	 0.78500000 	 168.84100000 	 65.00000000 	 10.87400000 	 283.40800000 	 46.64100000 	 0.00000000 	 26.45800000 	 7.51800000 	 1.92000000 	 0.31400000 	 13.75910000 	 120.93340000 	 12.44830000 	 4.89010000 	 10.81160000 	 26.88850000 	 10.99350000 	 3.23510000 	 2.64940000 	 0.43580000 	 11.60590000 	 6.34070000 	 38.75046309 	 1061.52550000 	 215.46280000 	 50.85877857 	 0.00000000 	 0.00000000 	 8.25120000 	 36.39170000
2019 	 7.97100000 	 1.19550000 	 315.90270000 	 7.67970909 	 56.83293900 	 49.49000000 	 51.55200000 	 0.85400000 	 0.22700000 	 0.78500000 	 168.84100000 	 65.00000000 	 10.87400000 	 283.40800000 	 46.64100000 	 0.00000000 	 26.45800000 	 7.51800000 	 1.92000000 	 0.31400000 	 13.75910000 	 120.93340000 	 12.44830000 	 4.89010000 	 10.81160000 	 26.88850000 	 10.99350000 	 3.23510000 	 2.64940000 	 0.43580000 	 11.60590000 	 6.34070000 	 38.75046309 	 1061.52550000 	 215.46280000 	 50.85877857 	 0.00000000 	 0.00000000 	 8.25120000 	 36.39170000
2020 	 7.97100000 	 1.19550000 	 315.90270000 	 7.67970909 	 56.83293900 	 49.49000000 	 51.55200000 	 0.85400000 	 0.22700000 	 0.78500000 	 168.84100000 	 65.00000000 	 10.87400000 	 283.40800000 	 46.64100000 	 0.00000000 	 26.45800000 	 7.51800000 	 1.92000000 	 0.31400000 	 13.75910000 	 120.93340000 	 12.44830000 	 4.89010000 	 10.81160000 	 26.88850000 	 10.99350000 	 3.23510000 	 2.64940000 	 0.43580000 	 11.60590000 	 6.34070000 	 38.75046309 	 1061.52550000 	 215.46280000 	 50.85877857 	 0.00000000 	 0.00000000 	 8.25120000 	 36.39170000
2021 	 7.97100000 	 1.19550000 	 315.90270000 	 7.67970909 	 56.83293900 	 49.49000000 	 51.55200000 	 0.85400000 	 0.22700000 	 0.78500000 	 168.84100000 	 65.00000000 	 10.87400000 	 283.40800000 	 46.64100000 	 0.00000000 	 26.45800000 	 7.51800000 	 1.92000000 	 0.31400000 	 13.75910000 	 120.93340000 	 12.44830000 	 4.89010000 	 10.81160000 	 26.88850000 	 10.99350000 	 3.23510000 	 2.64940000 	 0.43580000 	 11.60590000 	 6.34070000 	 38.75046309 	 1061.52550000 	 215.46280000 	 50.85877857 	 0.00000000 	 0.00000000 	 8.25120000 	 36.39170000
2022 	 7.97100000 	 1.19550000 	 315.90270000 	 7.67970909 	 56.83293900 	 49.49000000 	 51.55200000 	 0.85400000 	 0.22700000 	 0.78500000 	 168.84100000 	 65.00000000 	 10.87400000 	 283.40800000 	 46.64100000 	 0.00000000 	 26.45800000 	 7.51800000 	 1.92000000 	 0.31400000 	 13.75910000 	 120.93340000 	 12.44830000 	 4.89010000 	 10.81160000 	 26.88850000 	 10.99350000 	 3.23510000 	 2.64940000 	 0.43580000 	 11.60590000 	 6.34070000 	 38.75046309 	 1061.52550000 	 215.46280000 	 50.85877857 	 0.00000000 	 0.00000000 	 8.25120000 	 36.39170000
2023 	 7.97100000 	 1.19550000 	 315.90270000 	 7.67970909 	 56.83293900 	 49.49000000 	 51.55200000 	 0.85400000 	 0.22700000 	 0.78500000 	 168.84100000 	 65.00000000 	 10.87400000 	 283.40800000 	 46.64100000 	 0.00000000 	 26.45800000 	 7.51800000 	 1.92000000 	 0.31400000 	 13.75910000 	 120.93340000 	 12.44830000 	 4.89010000 	 10.81160000 	 26.88850000 	 10.99350000 	 3.23510000 	 2.64940000 	 0.43580000 	 11.60590000 	 6.34070000 	 38.75046309 	 1061.52550000 	 215.46280000 	 50.85877857 	 0.00000000 	 0.00000000 	 8.25120000 	 36.39170000
2024 	 7.97100000 	 1.19550000 	 315.90270000 	 7.67970909 	 56.83293900 	 49.49000000 	 51.55200000 	 0.85400000 	 0.22700000 	 0.78500000 	 168.84100000 	 65.00000000 	 10.87400000 	 283.40800000 	 46.64100000 	 0.00000000 	 26.45800000 	 7.51800000 	 1.92000000 	 0.31400000 	 13.75910000 	 120.93340000 	 12.44830000 	 4.89010000 	 10.81160000 	 26.88850000 	 10.99350000 	 3.23510000 	 2.64940000 	 0.43580000 	 11.60590000 	 6.34070000 	 38.75046309 	 1061.52550000 	 215.46280000 	 50.85877857 	 0.00000000 	 0.00000000 	 8.25120000 	 36.39170000
2025 	 7.97100000 	 1.19550000 	 315.90270000 	 7.67970909 	 56.83293900 	 49.49000000 	 51.55200000 	 0.85400000 	 0.22700000 	 0.78500000 	 168.84100000 	 65.00000000 	 10.87400000 	 283.40800000 	 46.64100000 	 0.00000000 	 26.45800000 	 7.51800000 	 1.92000000 	 0.31400000 	 13.75910000 	 120.93340000 	 12.44830000 	 4.89010000 	 10.81160000 	 26.88850000 	 10.99350000 	 3.23510000 	 2.64940000 	 0.43580000 	 11.60590000 	 6.34070000 	 38.75046309 	 1061.52550000 	 215.46280000 	 50.85877857 	 0.00000000 	 0.00000000 	 8.25120000 	 36.39170000
2026 	 7.97100000 	 1.19550000 	 315.90270000 	 7.67970909 	 56.83293900 	 49.49000000 	 51.55200000 	 0.85400000 	 0.22700000 	 0.78500000 	 168.84100000 	 65.00000000 	 10.87400000 	 283.40800000 	 46.64100000 	 0.00000000 	 26.45800000 	 7.51800000 	 1.92000000 	 0.31400000 	 13.75910000 	 120.93340000 	 12.44830000 	 4.89010000 	 10.81160000 	 26.88850000 	 10.99350000 	 3.23510000 	 2.64940000 	 0.43580000 	 11.60590000 	 6.34070000 	 38.75046309 	 1061.52550000 	 215.46280000 	 50.85877857 	 0.00000000 	 0.00000000 	 8.25120000 	 36.39170000
2027 	 7.97100000 	 1.19550000 	 315.90270000 	 7.67970909 	 56.83293900 	 49.49000000 	 51.55200000 	 0.85400000 	 0.22700000 	 0.78500000 	 168.84100000 	 65.00000000 	 10.87400000 	 283.40800000 	 46.64100000 	 0.00000000 	 26.45800000 	 7.51800000 	 1.92000000 	 0.31400000 	 13.75910000 	 120.93340000 	 12.44830000 	 4.89010000 	 10.81160000 	 26.88850000 	 10.99350000 	 3.23510000 	 2.64940000 	 0.43580000 	 11.60590000 	 6.34070000 	 38.75046309 	 1061.52550000 	 215.46280000 	 50.85877857 	 0.00000000 	 0.00000000 	 8.25120000 	 36.39170000
2028 	 7.97100000 	 1.19550000 	 315.90270000 	 7.67970909 	 56.83293900 	 49.49000000 	 51.55200000 	 0.85400000 	 0.22700000 	 0.78500000 	 168.84100000 	 65.00000000 	 10.87400000 	 283.40800000 	 46.64100000 	 0.00000000 	 26.45800000 	 7.51800000 	 1.92000000 	 0.31400000 	 13.75910000 	 120.93340000 	 12.44830000 	 4.89010000 	 10.81160000 	 26.88850000 	 10.99350000 	 3.23510000 	 2.64940000 	 0.43580000 	 11.60590000 	 6.34070000 	 38.75046309 	 1061.52550000 	 215.46280000 	 50.85877857 	 0.00000000 	 0.00000000 	 8.25120000 	 36.39170000
2029 	 7.97100000 	 1.19550000 	 315.90270000 	 7.67970909 	 56.83293900 	 49.49000000 	 51.55200000 	 0.85400000 	 0.22700000 	 0.78500000 	 168.84100000 	 65.00000000 	 10.87400000 	 283.40800000 	 46.64100000 	 0.00000000 	 26.45800000 	 7.51800000 	 1.92000000 	 0.31400000 	 13.75910000 	 120.93340000 	 12.44830000 	 4.89010000 	 10.81160000 	 26.88850000 	 10.99350000 	 3.23510000 	 2.64940000 	 0.43580000 	 11.60590000 	 6.34070000 	 38.75046309 	 1061.52550000 	 215.46280000 	 50.85877857 	 0.00000000 	 0.00000000 	 8.25120000 	 36.39170000
2030 	 7.97100000 	 1.19550000 	 315.90270000 	 7.67970909 	 56.83293900 	 49.49000000 	 51.55200000 	 0.85400000 	 0.22700000 	 0.78500000 	 168.84100000 	 65.00000000 	 10.87400000 	 283.40800000 	 46.64100000 	 0.00000000 	 26.45800000 	 7.51800000 	 1.92000000 	 0.31400000 	 13.75910000 	 120.93340000 	 12.44830000 	 4.89010000 	 10.81160000 	 26.88850000 	 10.99350000 	 3.23510000 	 2.64940000 	 0.43580000 	 11.60590000 	 6.34070000 	 38.75046309 	 1061.52550000 	 215.46280000 	 50.85877857 	 0.00000000 	 0.00000000 	 8.25120000 	 36.39170000
2031 	 7.97100000 	 1.19550000 	 315.90270000 	 7.67970909 	 56.83293900 	 49.49000000 	 51.55200000 	 0.85400000 	 0.22700000 	 0.78500000 	 168.84100000 	 65.00000000 	 10.87400000 	 283.40800000 	 46.64100000 	 0.00000000 	 26.45800000 	 7.51800000 	 1.92000000 	 0.31400000 	 13.75910000 	 120.93340000 	 12.44830000 	 4.89010000 	 10.81160000 	 26.88850000 	 10.99350000 	 3.23510000 	 2.64940000 	 0.43580000 	 11.60590000 	 6.34070000 	 38.75046309 	 1061.52550000 	 215.46280000 	 50.85877857 	 0.00000000 	 0.00000000 	 8.25120000 	 36.39170000
2032 	 7.97100000 	 1.19550000 	 315.90270000 	 7.67970909 	 56.83293900 	 49.49000000 	 51.55200000 	 0.85400000 	 0.22700000 	 0.78500000 	 168.84100000 	 65.00000000 	 10.87400000 	 283.40800000 	 46.64100000 	 0.00000000 	 26.45800000 	 7.51800000 	 1.92000000 	 0.31400000 	 13.75910000 	 120.93340000 	 12.44830000 	 4.89010000 	 10.81160000 	 26.88850000 	 10.99350000 	 3.23510000 	 2.64940000 	 0.43580000 	 11.60590000 	 6.34070000 	 38.75046309 	 1061.52550000 	 215.46280000 	 50.85877857 	 0.00000000 	 0.00000000 	 8.25120000 	 36.39170000
2033 	 7.97100000 	 1.19550000 	 315.90270000 	 7.67970909 	 56.83293900 	 49.49000000 	 51.55200000 	 0.85400000 	 0.22700000 	 0.78500000 	 168.84100000 	 65.00000000 	 10.87400000 	 283.40800000 	 46.64100000 	 0.00000000 	 26.45800000 	 7.51800000 	 1.92000000 	 0.31400000 	 13.75910000 	 120.93340000 	 12.44830000 	 4.89010000 	 10.81160000 	 26.88850000 	 10.99350000 	 3.23510000 	 2.64940000 	 0.43580000 	 11.60590000 	 6.34070000 	 38.75046309 	 1061.52550000 	 215.46280000 	 50.85877857 	 0.00000000 	 0.00000000 	 8.25120000 	 36.39170000
2034 	 7.97100000 	 1.19550000 	 315.90270000 	 7.67970909 	 56.83293900 	 49.49000000 	 51.55200000 	 0.85400000 	 0.22700000 	 0.78500000 	 168.84100000 	 65.00000000 	 10.87400000 	 283.40800000 	 46.64100000 	 0.00000000 	 26.45800000 	 7.51800000 	 1.92000000 	 0.31400000 	 13.75910000 	 120.93340000 	 12.44830000 	 4.89010000 	 10.81160000 	 26.88850000 	 10.99350000 	 3.23510000 	 2.64940000 	 0.43580000 	 11.60590000 	 6.34070000 	 38.75046309 	 1061.52550000 	 215.46280000 	 50.85877857 	 0.00000000 	 0.00000000 	 8.25120000 	 36.39170000
2035 	 7.97100000 	 1.19550000 	 315.90270000 	 7.67970909 	 56.83293900 	 49.49000000 	 51.55200000 	 0.85400000 	 0.22700000 	 0.78500000 	 168.84100000 	 65.00000000 	 10.87400000 	 283.40800000 	 46.64100000 	 0.00000000 	 26.45800000 	 7.51800000 	 1.92000000 	 0.31400000 	 13.75910000 	 120.93340000 	 12.44830000 	 4.89010000 	 10.81160000 	 26.88850000 	 10.99350000 	 3.23510000 	 2.64940000 	 0.43580000 	 11.60590000 	 6.34070000 	 38.75046309 	 1061.52550000 	 215.46280000 	 50.85877857 	 0.00000000 	 0.00000000 	 8.25120000 	 36.39170000
2036 	 7.97100000 	 1.19550000 	 315.90270000 	 7.67970909 	 56.83293900 	 49.49000000 	 51.55200000 	 0.85400000 	 0.22700000 	 0.78500000 	 168.84100000 	 65.00000000 	 10.87400000 	 283.40800000 	 46.64100000 	 0.00000000 	 26.45800000 	 7.51800000 	 1.92000000 	 0.31400000 	 13.75910000 	 120.93340000 	 12.44830000 	 4.89010000 	 10.81160000 	 26.88850000 	 10.99350000 	 3.23510000 	 2.64940000 	 0.43580000 	 11.60590000 	 6.34070000 	 38.75046309 	 1061.52550000 	 215.46280000 	 50.85877857 	 0.00000000 	 0.00000000 	 8.25120000 	 36.39170000
2037 	 7.97100000 	 1.19550000 	 315.90270000 	 7.67970909 	 56.83293900 	 49.49000000 	 51.55200000 	 0.85400000 	 0.22700000 	 0.78500000 	 168.84100000 	 65.00000000 	 10.87400000 	 283.40800000 	 46.64100000 	 0.00000000 	 26.45800000 	 7.51800000 	 1.92000000 	 0.31400000 	 13.75910000 	 120.93340000 	 12.44830000 	 4.89010000 	 10.81160000 	 26.88850000 	 10.99350000 	 3.23510000 	 2.64940000 	 0.43580000 	 11.60590000 	 6.34070000 	 38.75046309 	 1061.52550000 	 215.46280000 	 50.85877857 	 0.00000000 	 0.00000000 	 8.25120000 	 36.39170000
2038 	 7.97100000 	 1.19550000 	 315.90270000 	 7.67970909 	 56.83293900 	 49.49000000 	 51.55200000 	 0.85400000 	 0.22700000 	 0.78500000 	 168.84100000 	 65.00000000 	 10.87400000 	 283.40800000 	 46.64100000 	 0.00000000 	 26.45800000 	 7.51800000 	 1.92000000 	 0.31400000 	 13.75910000 	 120.93340000 	 12.44830000 	 4.89010000 	 10.81160000 	 26.88850000 	 10.99350000 	 3.23510000 	 2.64940000 	 0.43580000 	 11.60590000 	 6.34070000 	 38.75046309 	 1061.52550000 	 215.46280000 	 50.85877857 	 0.00000000 	 0.00000000 	 8.25120000 	 36.39170000
2039 	 7.97100000 	 1.19550000 	 315.90270000 	 7.67970909 	 56.83293900 	 49.49000000 	 51.55200000 	 0.85400000 	 0.22700000 	 0.78500000 	 168.84100000 	 65.00000000 	 10.87400000 	 283.40800000 	 46.64100000 	 0.00000000 	 26.45800000 	 7.51800000 	 1.92000000 	 0.31400000 	 13.75910000 	 120.93340000 	 12.44830000 	 4.89010000 	 10.81160000 	 26.88850000 	 10.99350000 	 3.23510000 	 2.64940000 	 0.43580000 	 11.60590000 	 6.34070000 	 38.75046309 	 1061.52550000 	 215.46280000 	 50.85877857 	 0.00000000 	 0.00000000 	 8.25120000 	 36.39170000
2040 	 7.97100000 	 1.19550000 	 315.90270000 	 7.67970909 	 56.83293900 	 49.49000000 	 51.55200000 	 0.85400000 	 0.22700000 	 0.78500000 	 168.84100000 	 65.00000000 	 10.87400000 	 283.40800000 	 46.64100000 	 0.00000000 	 26.45800000 	 7.51800000 	 1.92000000 	 0.31400000 	 13.75910000 	 120.93340000 	 12.44830000 	 4.89010000 	 10.81160000 	 26.88850000 	 10.99350000 	 3.23510000 	 2.64940000 	 0.43580000 	 11.60590000 	 6.34070000 	 38.75046309 	 1061.52550000 	 215.46280000 	 50.85877857 	 0.00000000 	 0.00000000 	 8.25120000 	 36.39170000
2041 	 7.97100000 	 1.19550000 	 315.90270000 	 7.67970909 	 56.83293900 	 49.49000000 	 51.55200000 	 0.85400000 	 0.22700000 	 0.78500000 	 168.84100000 	 65.00000000 	 10.87400000 	 283.40800000 	 46.64100000 	 0.00000000 	 26.45800000 	 7.51800000 	 1.92000000 	 0.31400000 	 13.75910000 	 120.93340000 	 12.44830000 	 4.89010000 	 10.81160000 	 26.88850000 	 10.99350000 	 3.23510000 	 2.64940000 	 0.43580000 	 11.60590000 	 6.34070000 	 38.75046309 	 1061.52550000 	 215.46280000 	 50.85877857 	 0.00000000 	 0.00000000 	 8.25120000 	 36.39170000
2042 	 7.97100000 	 1.19550000 	 315.90270000 	 7.67970909 	 56.83293900 	 49.49000000 	 51.55200000 	 0.85400000 	 0.22700000 	 0.78500000 	 168.84100000 	 65.00000000 	 10.87400000 	 283.40800000 	 46.64100000 	 0.00000000 	 26.45800000 	 7.51800000 	 1.92000000 	 0.31400000 	 13.75910000 	 120.93340000 	 12.44830000 	 4.89010000 	 10.81160000 	 26.88850000 	 10.99350000 	 3.23510000 	 2.64940000 	 0.43580000 	 11.60590000 	 6.34070000 	 38.75046309 	 1061.52550000 	 215.46280000 	 50.85877857 	 0.00000000 	 0.00000000 	 8.25120000 	 36.39170000
2043 	 7.97100000 	 1.19550000 	 315.90270000 	 7.67970909 	 56.83293900 	 49.49000000 	 51.55200000 	 0.85400000 	 0.22700000 	 0.78500000 	 168.84100000 	 65.00000000 	 10.87400000 	 283.40800000 	 46.64100000 	 0.00000000 	 26.45800000 	 7.51800000 	 1.92000000 	 0.31400000 	 13.75910000 	 120.93340000 	 12.44830000 	 4.89010000 	 10.81160000 	 26.88850000 	 10.99350000 	 3.23510000 	 2.64940000 	 0.43580000 	 11.60590000 	 6.34070000 	 38.75046309 	 1061.52550000 	 215.46280000 	 50.85877857 	 0.00000000 	 0.00000000 	 8.25120000 	 36.39170000
2044 	 7.97100000 	 1.19550000 	 315.90270000 	 7.67970909 	 56.83293900 	 49.49000000 	 51.55200000 	 0.85400000 	 0.22700000 	 0.78500000 	 168.84100000 	 65.00000000 	 10.87400000 	 283.40800000 	 46.64100000 	 0.00000000 	 26.45800000 	 7.51800000 	 1.92000000 	 0.31400000 	 13.75910000 	 120.93340000 	 12.44830000 	 4.89010000 	 10.81160000 	 26.88850000 	 10.99350000 	 3.23510000 	 2.64940000 	 0.43580000 	 11.60590000 	 6.34070000 	 38.75046309 	 1061.52550000 	 215.46280000 	 50.85877857 	 0.00000000 	 0.00000000 	 8.25120000 	 36.39170000
2045 	 7.97100000 	 1.19550000 	 315.90270000 	 7.67970909 	 56.83293900 	 49.49000000 	 51.55200000 	 0.85400000 	 0.22700000 	 0.78500000 	 168.84100000 	 65.00000000 	 10.87400000 	 283.40800000 	 46.64100000 	 0.00000000 	 26.45800000 	 7.51800000 	 1.92000000 	 0.31400000 	 13.75910000 	 120.93340000 	 12.44830000 	 4.89010000 	 10.81160000 	 26.88850000 	 10.99350000 	 3.23510000 	 2.64940000 	 0.43580000 	 11.60590000 	 6.34070000 	 38.75046309 	 1061.52550000 	 215.46280000 	 50.85877857 	 0.00000000 	 0.00000000 	 8.25120000 	 36.39170000
2046 	 7.97100000 	 1.19550000 	 315.90270000 	 7.67970909 	 56.83293900 	 49.49000000 	 51.55200000 	 0.85400000 	 0.22700000 	 0.78500000 	 168.84100000 	 65.00000000 	 10.87400000 	 283.40800000 	 46.64100000 	 0.00000000 	 26.45800000 	 7.51800000 	 1.92000000 	 0.31400000 	 13.75910000 	 120.93340000 	 12.44830000 	 4.89010000 	 10.81160000 	 26.88850000 	 10.99350000 	 3.23510000 	 2.64940000 	 0.43580000 	 11.60590000 	 6.34070000 	 38.75046309 	 1061.52550000 	 215.46280000 	 50.85877857 	 0.00000000 	 0.00000000 	 8.25120000 	 36.39170000
2047 	 7.97100000 	 1.19550000 	 315.90270000 	 7.67970909 	 56.83293900 	 49.49000000 	 51.55200000 	 0.85400000 	 0.22700000 	 0.78500000 	 168.84100000 	 65.00000000 	 10.87400000 	 283.40800000 	 46.64100000 	 0.00000000 	 26.45800000 	 7.51800000 	 1.92000000 	 0.31400000 	 13.75910000 	 120.93340000 	 12.44830000 	 4.89010000 	 10.81160000 	 26.88850000 	 10.99350000 	 3.23510000 	 2.64940000 	 0.43580000 	 11.60590000 	 6.34070000 	 38.75046309 	 1061.52550000 	 215.46280000 	 50.85877857 	 0.00000000 	 0.00000000 	 8.25120000 	 36.39170000
2048 	 7.97100000 	 1.19550000 	 315.90270000 	 7.67970909 	 56.83293900 	 49.49000000 	 51.55200000 	 0.85400000 	 0.22700000 	 0.78500000 	 168.84100000 	 65.00000000 	 10.87400000 	 283.40800000 	 46.64100000 	 0.00000000 	 26.45800000 	 7.51800000 	 1.92000000 	 0.31400000 	 13.75910000 	 120.93340000 	 12.44830000 	 4.89010000 	 10.81160000 	 26.88850000 	 10.99350000 	 3.23510000 	 2.64940000 	 0.43580000 	 11.60590000 	 6.34070000 	 38.75046309 	 1061.52550000 	 215.46280000 	 50.85877857 	 0.00000000 	 0.00000000 	 8.25120000 	 36.39170000
2049 	 7.97100000 	 1.19550000 	 315.90270000 	 7.67970909 	 56.83293900 	 49.49000000 	 51.55200000 	 0.85400000 	 0.22700000 	 0.78500000 	 168.84100000 	 65.00000000 	 10.87400000 	 283.40800000 	 46.64100000 	 0.00000000 	 26.45800000 	 7.51800000 	 1.92000000 	 0.31400000 	 13.75910000 	 120.93340000 	 12.44830000 	 4.89010000 	 10.81160000 	 26.88850000 	 10.99350000 	 3.23510000 	 2.64940000 	 0.43580000 	 11.60590000 	 6.34070000 	 38.75046309 	 1061.52550000 	 215.46280000 	 50.85877857 	 0.00000000 	 0.00000000 	 8.25120000 	 36.39170000
2050 	 7.97100000 	 1.19550000 	 315.90270000 	 7.67970909 	 56.83293900 	 49.49000000 	 51.55200000 	 0.85400000 	 0.22700000 	 0.78500000 	 168.84100000 	 65.00000000 	 10.87400000 	 283.40800000 	 46.64100000 	 0.00000000 	 26.45800000 	 7.51800000 	 1.92000000 	 0.31400000 	 13.75910000 	 120.93340000 	 12.44830000 	 4.89010000 	 10.81160000 	 26.88850000 	 10.99350000 	 3.23510000 	 2.64940000 	 0.43580000 	 11.60590000 	 6.34070000 	 38.75046309 	 1061.52550000 	 215.46280000 	 50.85877857 	 0.00000000 	 0.00000000 	 8.25120000 	 36.39170000
2051 	 7.97100000 	 1.19550000 	 315.90270000 	 7.67970909 	 56.83293900 	 49.49000000 	 51.55200000 	 0.85400000 	 0.22700000 	 0.78500000 	 168.84100000 	 65.00000000 	 10.87400000 	 283.40800000 	 46.64100000 	 0.00000000 	 26.45800000 	 7.51800000 	 1.92000000 	 0.31400000 	 13.75910000 	 120.93340000 	 12.44830000 	 4.89010000 	 10.81160000 	 26.88850000 	 10.99350000 	 3.23510000 	 2.64940000 	 0.43580000 	 11.60590000 	 6.34070000 	 38.75046309 	 1061.52550000 	 215.46280000 	 50.85877857 	 0.00000000 	 0.00000000 	 8.25120000 	 36.39170000
2052 	 7.97100000 	 1.19550000 	 315.90270000 	 7.67970909 	 56.83293900 	 49.49000000 	 51.55200000 	 0.85400000 	 0.22700000 	 0.78500000 	 168.84100000 	 65.00000000 	 10.87400000 	 283.40800000 	 46.64100000 	 0.00000000 	 26.45800000 	 7.51800000 	 1.92000000 	 0.31400000 	 13.75910000 	 120.93340000 	 12.44830000 	 4.89010000 	 10.81160000 	 26.88850000 	 10.99350000 	 3.23510000 	 2.64940000 	 0.43580000 	 11.60590000 	 6.34070000 	 38.75046309 	 1061.52550000 	 215.46280000 	 50.85877857 	 0.00000000 	 0.00000000 	 8.25120000 	 36.39170000
2053 	 7.97100000 	 1.19550000 	 315.90270000 	 7.67970909 	 56.83293900 	 49.49000000 	 51.55200000 	 0.85400000 	 0.22700000 	 0.78500000 	 168.84100000 	 65.00000000 	 10.87400000 	 283.40800000 	 46.64100000 	 0.00000000 	 26.45800000 	 7.51800000 	 1.92000000 	 0.31400000 	 13.75910000 	 120.93340000 	 12.44830000 	 4.89010000 	 10.81160000 	 26.88850000 	 10.99350000 	 3.23510000 	 2.64940000 	 0.43580000 	 11.60590000 	 6.34070000 	 38.75046309 	 1061.52550000 	 215.46280000 	 50.85877857 	 0.00000000 	 0.00000000 	 8.25120000 	 36.39170000
2054 	 7.97100000 	 1.19550000 	 315.90270000 	 7.67970909 	 56.83293900 	 49.49000000 	 51.55200000 	 0.85400000 	 0.22700000 	 0.78500000 	 168.84100000 	 65.00000000 	 10.87400000 	 283.40800000 	 46.64100000 	 0.00000000 	 26.45800000 	 7.51800000 	 1.92000000 	 0.31400000 	 13.75910000 	 120.93340000 	 12.44830000 	 4.89010000 	 10.81160000 	 26.88850000 	 10.99350000 	 3.23510000 	 2.64940000 	 0.43580000 	 11.60590000 	 6.34070000 	 38.75046309 	 1061.52550000 	 215.46280000 	 50.85877857 	 0.00000000 	 0.00000000 	 8.25120000 	 36.39170000
2055 	 7.97100000 	 1.19550000 	 315.90270000 	 7.67970909 	 56.83293900 	 49.49000000 	 51.55200000 	 0.85400000 	 0.22700000 	 0.78500000 	 168.84100000 	 65.00000000 	 10.87400000 	 283.40800000 	 46.64100000 	 0.00000000 	 26.45800000 	 7.51800000 	 1.92000000 	 0.31400000 	 13.75910000 	 120.93340000 	 12.44830000 	 4.89010000 	 10.81160000 	 26.88850000 	 10.99350000 	 3.23510000 	 2.64940000 	 0.43580000 	 11.60590000 	 6.34070000 	 38.75046309 	 1061.52550000 	 215.46280000 	 50.85877857 	 0.00000000 	 0.00000000 	 8.25120000 	 36.39170000
2056 	 7.97100000 	 1.19550000 	 315.90270000 	 7.67970909 	 56.83293900 	 49.49000000 	 51.55200000 	 0.85400000 	 0.22700000 	 0.78500000 	 168.84100000 	 65.00000000 	 10.87400000 	 283.40800000 	 46.64100000 	 0.00000000 	 26.45800000 	 7.51800000 	 1.92000000 	 0.31400000 	 13.75910000 	 120.93340000 	 12.44830000 	 4.89010000 	 10.81160000 	 26.88850000 	 10.99350000 	 3.23510000 	 2.64940000 	 0.43580000 	 11.60590000 	 6.34070000 	 38.75046309 	 1061.52550000 	 215.46280000 	 50.85877857 	 0.00000000 	 0.00000000 	 8.25120000 	 36.39170000
2057 	 7.97100000 	 1.19550000 	 315.90270000 	 7.67970909 	 56.83293900 	 49.49000000 	 51.55200000 	 0.85400000 	 0.22700000 	 0.78500000 	 168.84100000 	 65.00000000 	 10.87400000 	 283.40800000 	 46.64100000 	 0.00000000 	 26.45800000 	 7.51800000 	 1.92000000 	 0.31400000 	 13.75910000 	 120.93340000 	 12.44830000 	 4.89010000 	 10.81160000 	 26.88850000 	 10.99350000 	 3.23510000 	 2.64940000 	 0.43580000 	 11.60590000 	 6.34070000 	 38.75046309 	 1061.52550000 	 215.46280000 	 50.85877857 	 0.00000000 	 0.00000000 	 8.25120000 	 36.39170000
2058 	 7.97100000 	 1.19550000 	 315.90270000 	 7.67970909 	 56.83293900 	 49.49000000 	 51.55200000 	 0.85400000 	 0.22700000 	 0.78500000 	 168.84100000 	 65.00000000 	 10.87400000 	 283.40800000 	 46.64100000 	 0.00000000 	 26.45800000 	 7.51800000 	 1.92000000 	 0.31400000 	 13.75910000 	 120.93340000 	 12.44830000 	 4.89010000 	 10.81160000 	 26.88850000 	 10.99350000 	 3.23510000 	 2.64940000 	 0.43580000 	 11.60590000 	 6.34070000 	 38.75046309 	 1061.52550000 	 215.46280000 	 50.85877857 	 0.00000000 	 0.00000000 	 8.25120000 	 36.39170000
2059 	 7.97100000 	 1.19550000 	 315.90270000 	 7.67970909 	 56.83293900 	 49.49000000 	 51.55200000 	 0.85400000 	 0.22700000 	 0.78500000 	 168.84100000 	 65.00000000 	 10.87400000 	 283.40800000 	 46.64100000 	 0.00000000 	 26.45800000 	 7.51800000 	 1.92000000 	 0.31400000 	 13.75910000 	 120.93340000 	 12.44830000 	 4.89010000 	 10.81160000 	 26.88850000 	 10.99350000 	 3.23510000 	 2.64940000 	 0.43580000 	 11.60590000 	 6.34070000 	 38.75046309 	 1061.52550000 	 215.46280000 	 50.85877857 	 0.00000000 	 0.00000000 	 8.25120000 	 36.39170000
2060 	 7.97100000 	 1.19550000 	 315.90270000 	 7.67970909 	 56.83293900 	 49.49000000 	 51.55200000 	 0.85400000 	 0.22700000 	 0.78500000 	 168.84100000 	 65.00000000 	 10.87400000 	 283.40800000 	 46.64100000 	 0.00000000 	 26.45800000 	 7.51800000 	 1.92000000 	 0.31400000 	 13.75910000 	 120.93340000 	 12.44830000 	 4.89010000 	 10.81160000 	 26.88850000 	 10.99350000 	 3.23510000 	 2.64940000 	 0.43580000 	 11.60590000 	 6.34070000 	 38.75046309 	 1061.52550000 	 215.46280000 	 50.85877857 	 0.00000000 	 0.00000000 	 8.25120000 	 36.39170000
2061 	 7.97100000 	 1.19550000 	 315.90270000 	 7.67970909 	 56.83293900 	 49.49000000 	 51.55200000 	 0.85400000 	 0.22700000 	 0.78500000 	 168.84100000 	 65.00000000 	 10.87400000 	 283.40800000 	 46.64100000 	 0.00000000 	 26.45800000 	 7.51800000 	 1.92000000 	 0.31400000 	 13.75910000 	 120.93340000 	 12.44830000 	 4.89010000 	 10.81160000 	 26.88850000 	 10.99350000 	 3.23510000 	 2.64940000 	 0.43580000 	 11.60590000 	 6.34070000 	 38.75046309 	 1061.52550000 	 215.46280000 	 50.85877857 	 0.00000000 	 0.00000000 	 8.25120000 	 36.39170000
2062 	 7.97100000 	 1.19550000 	 315.90270000 	 7.67970909 	 56.83293900 	 49.49000000 	 51.55200000 	 0.85400000 	 0.22700000 	 0.78500000 	 168.84100000 	 65.00000000 	 10.87400000 	 283.40800000 	 46.64100000 	 0.00000000 	 26.45800000 	 7.51800000 	 1.92000000 	 0.31400000 	 13.75910000 	 120.93340000 	 12.44830000 	 4.89010000 	 10.81160000 	 26.88850000 	 10.99350000 	 3.23510000 	 2.64940000 	 0.43580000 	 11.60590000 	 6.34070000 	 38.75046309 	 1061.52550000 	 215.46280000 	 50.85877857 	 0.00000000 	 0.00000000 	 8.25120000 	 36.39170000
2063 	 7.97100000 	 1.19550000 	 315.90270000 	 7.67970909 	 56.83293900 	 49.49000000 	 51.55200000 	 0.85400000 	 0.22700000 	 0.78500000 	 168.84100000 	 65.00000000 	 10.87400000 	 283.40800000 	 46.64100000 	 0.00000000 	 26.45800000 	 7.51800000 	 1.92000000 	 0.31400000 	 13.75910000 	 120.93340000 	 12.44830000 	 4.89010000 	 10.81160000 	 26.88850000 	 10.99350000 	 3.23510000 	 2.64940000 	 0.43580000 	 11.60590000 	 6.34070000 	 38.75046309 	 1061.52550000 	 215.46280000 	 50.85877857 	 0.00000000 	 0.00000000 	 8.25120000 	 36.39170000
2064 	 7.97100000 	 1.19550000 	 315.90270000 	 7.67970909 	 56.83293900 	 49.49000000 	 51.55200000 	 0.85400000 	 0.22700000 	 0.78500000 	 168.84100000 	 65.00000000 	 10.87400000 	 283.40800000 	 46.64100000 	 0.00000000 	 26.45800000 	 7.51800000 	 1.92000000 	 0.31400000 	 13.75910000 	 120.93340000 	 12.44830000 	 4.89010000 	 10.81160000 	 26.88850000 	 10.99350000 	 3.23510000 	 2.64940000 	 0.43580000 	 11.60590000 	 6.34070000 	 38.75046309 	 1061.52550000 	 215.46280000 	 50.85877857 	 0.00000000 	 0.00000000 	 8.25120000 	 36.39170000
2065 	 7.97100000 	 1.19550000 	 315.90270000 	 7.67970909 	 56.83293900 	 49.49000000 	 51.55200000 	 0.85400000 	 0.22700000 	 0.78500000 	 168.84100000 	 65.00000000 	 10.87400000 	 283.40800000 	 46.64100000 	 0.00000000 	 26.45800000 	 7.51800000 	 1.92000000 	 0.31400000 	 13.75910000 	 120.93340000 	 12.44830000 	 4.89010000 	 10.81160000 	 26.88850000 	 10.99350000 	 3.23510000 	 2.64940000 	 0.43580000 	 11.60590000 	 6.34070000 	 38.75046309 	 1061.52550000 	 215.46280000 	 50.85877857 	 0.00000000 	 0.00000000 	 8.25120000 	 36.39170000
2066 	 7.97100000 	 1.19550000 	 315.90270000 	 7.67970909 	 56.83293900 	 49.49000000 	 51.55200000 	 0.85400000 	 0.22700000 	 0.78500000 	 168.84100000 	 65.00000000 	 10.87400000 	 283.40800000 	 46.64100000 	 0.00000000 	 26.45800000 	 7.51800000 	 1.92000000 	 0.31400000 	 13.75910000 	 120.93340000 	 12.44830000 	 4.89010000 	 10.81160000 	 26.88850000 	 10.99350000 	 3.23510000 	 2.64940000 	 0.43580000 	 11.60590000 	 6.34070000 	 38.75046309 	 1061.52550000 	 215.46280000 	 50.85877857 	 0.00000000 	 0.00000000 	 8.25120000 	 36.39170000
2067 	 7.97100000 	 1.19550000 	 315.90270000 	 7.67970909 	 56.83293900 	 49.49000000 	 51.55200000 	 0.85400000 	 0.22700000 	 0.78500000 	 168.84100000 	 65.00000000 	 10.87400000 	 283.40800000 	 46.64100000 	 0.00000000 	 26.45800000 	 7.51800000 	 1.92000000 	 0.31400000 	 13.75910000 	 120.93340000 	 12.44830000 	 4.89010000 	 10.81160000 	 26.88850000 	 10.99350000 	 3.23510000 	 2.64940000 	 0.43580000 	 11.60590000 	 6.34070000 	 38.75046309 	 1061.52550000 	 215.46280000 	 50.85877857 	 0.00000000 	 0.00000000 	 8.25120000 	 36.39170000
2068 	 7.97100000 	 1.19550000 	 315.90270000 	 7.67970909 	 56.83293900 	 49.49000000 	 51.55200000 	 0.85400000 	 0.22700000 	 0.78500000 	 168.84100000 	 65.00000000 	 10.87400000 	 283.40800000 	 46.64100000 	 0.00000000 	 26.45800000 	 7.51800000 	 1.92000000 	 0.31400000 	 13.75910000 	 120.93340000 	 12.44830000 	 4.89010000 	 10.81160000 	 26.88850000 	 10.99350000 	 3.23510000 	 2.64940000 	 0.43580000 	 11.60590000 	 6.34070000 	 38.75046309 	 1061.52550000 	 215.46280000 	 50.85877857 	 0.00000000 	 0.00000000 	 8.25120000 	 36.39170000
2069 	 7.97100000 	 1.19550000 	 315.90270000 	 7.67970909 	 56.83293900 	 49.49000000 	 51.55200000 	 0.85400000 	 0.22700000 	 0.78500000 	 168.84100000 	 65.00000000 	 10.87400000 	 283.40800000 	 46.64100000 	 0.00000000 	 26.45800000 	 7.51800000 	 1.92000000 	 0.31400000 	 13.75910000 	 120.93340000 	 12.44830000 	 4.89010000 	 10.81160000 	 26.88850000 	 10.99350000 	 3.23510000 	 2.64940000 	 0.43580000 	 11.60590000 	 6.34070000 	 38.75046309 	 1061.52550000 	 215.46280000 	 50.85877857 	 0.00000000 	 0.00000000 	 8.25120000 	 36.39170000
2070 	 7.97100000 	 1.19550000 	 315.90270000 	 7.67970909 	 56.83293900 	 49.49000000 	 51.55200000 	 0.85400000 	 0.22700000 	 0.78500000 	 168.84100000 	 65.00000000 	 10.87400000 	 283.40800000 	 46.64100000 	 0.00000000 	 26.45800000 	 7.51800000 	 1.92000000 	 0.31400000 	 13.75910000 	 120.93340000 	 12.44830000 	 4.89010000 	 10.81160000 	 26.88850000 	 10.99350000 	 3.23510000 	 2.64940000 	 0.43580000 	 11.60590000 	 6.34070000 	 38.75046309 	 1061.52550000 	 215.46280000 	 50.85877857 	 0.00000000 	 0.00000000 	 8.25120000 	 36.39170000
2071 	 7.97100000 	 1.19550000 	 315.90270000 	 7.67970909 	 56.83293900 	 49.49000000 	 51.55200000 	 0.85400000 	 0.22700000 	 0.78500000 	 168.84100000 	 65.00000000 	 10.87400000 	 283.40800000 	 46.64100000 	 0.00000000 	 26.45800000 	 7.51800000 	 1.92000000 	 0.31400000 	 13.75910000 	 120.93340000 	 12.44830000 	 4.89010000 	 10.81160000 	 26.88850000 	 10.99350000 	 3.23510000 	 2.64940000 	 0.43580000 	 11.60590000 	 6.34070000 	 38.75046309 	 1061.52550000 	 215.46280000 	 50.85877857 	 0.00000000 	 0.00000000 	 8.25120000 	 36.39170000
2072 	 7.97100000 	 1.19550000 	 315.90270000 	 7.67970909 	 56.83293900 	 49.49000000 	 51.55200000 	 0.85400000 	 0.22700000 	 0.78500000 	 168.84100000 	 65.00000000 	 10.87400000 	 283.40800000 	 46.64100000 	 0.00000000 	 26.45800000 	 7.51800000 	 1.92000000 	 0.31400000 	 13.75910000 	 120.93340000 	 12.44830000 	 4.89010000 	 10.81160000 	 26.88850000 	 10.99350000 	 3.23510000 	 2.64940000 	 0.43580000 	 11.60590000 	 6.34070000 	 38.75046309 	 1061.52550000 	 215.46280000 	 50.85877857 	 0.00000000 	 0.00000000 	 8.25120000 	 36.39170000
2073 	 7.97100000 	 1.19550000 	 315.90270000 	 7.67970909 	 56.83293900 	 49.49000000 	 51.55200000 	 0.85400000 	 0.22700000 	 0.78500000 	 168.84100000 	 65.00000000 	 10.87400000 	 283.40800000 	 46.64100000 	 0.00000000 	 26.45800000 	 7.51800000 	 1.92000000 	 0.31400000 	 13.75910000 	 120.93340000 	 12.44830000 	 4.89010000 	 10.81160000 	 26.88850000 	 10.99350000 	 3.23510000 	 2.64940000 	 0.43580000 	 11.60590000 	 6.34070000 	 38.75046309 	 1061.52550000 	 215.46280000 	 50.85877857 	 0.00000000 	 0.00000000 	 8.25120000 	 36.39170000
2074 	 7.97100000 	 1.19550000 	 315.90270000 	 7.67970909 	 56.83293900 	 49.49000000 	 51.55200000 	 0.85400000 	 0.22700000 	 0.78500000 	 168.84100000 	 65.00000000 	 10.87400000 	 283.40800000 	 46.64100000 	 0.00000000 	 26.45800000 	 7.51800000 	 1.92000000 	 0.31400000 	 13.75910000 	 120.93340000 	 12.44830000 	 4.89010000 	 10.81160000 	 26.88850000 	 10.99350000 	 3.23510000 	 2.64940000 	 0.43580000 	 11.60590000 	 6.34070000 	 38.75046309 	 1061.52550000 	 215.46280000 	 50.85877857 	 0.00000000 	 0.00000000 	 8.25120000 	 36.39170000
2075 	 7.97100000 	 1.19550000 	 315.90270000 	 7.67970909 	 56.83293900 	 49.49000000 	 51.55200000 	 0.85400000 	 0.22700000 	 0.78500000 	 168.84100000 	 65.00000000 	 10.87400000 	 283.40800000 	 46.64100000 	 0.00000000 	 26.45800000 	 7.51800000 	 1.92000000 	 0.31400000 	 13.75910000 	 120.93340000 	 12.44830000 	 4.89010000 	 10.81160000 	 26.88850000 	 10.99350000 	 3.23510000 	 2.64940000 	 0.43580000 	 11.60590000 	 6.34070000 	 38.75046309 	 1061.52550000 	 215.46280000 	 50.85877857 	 0.00000000 	 0.00000000 	 8.25120000 	 36.39170000
2076 	 7.97100000 	 1.19550000 	 315.90270000 	 7.67970909 	 56.83293900 	 49.49000000 	 51.55200000 	 0.85400000 	 0.22700000 	 0.78500000 	 168.84100000 	 65.00000000 	 10.87400000 	 283.40800000 	 46.64100000 	 0.00000000 	 26.45800000 	 7.51800000 	 1.92000000 	 0.31400000 	 13.75910000 	 120.93340000 	 12.44830000 	 4.89010000 	 10.81160000 	 26.88850000 	 10.99350000 	 3.23510000 	 2.64940000 	 0.43580000 	 11.60590000 	 6.34070000 	 38.75046309 	 1061.52550000 	 215.46280000 	 50.85877857 	 0.00000000 	 0.00000000 	 8.25120000 	 36.39170000
2077 	 7.97100000 	 1.19550000 	 315.90270000 	 7.67970909 	 56.83293900 	 49.49000000 	 51.55200000 	 0.85400000 	 0.22700000 	 0.78500000 	 168.84100000 	 65.00000000 	 10.87400000 	 283.40800000 	 46.64100000 	 0.00000000 	 26.45800000 	 7.51800000 	 1.92000000 	 0.31400000 	 13.75910000 	 120.93340000 	 12.44830000 	 4.89010000 	 10.81160000 	 26.88850000 	 10.99350000 	 3.23510000 	 2.64940000 	 0.43580000 	 11.60590000 	 6.34070000 	 38.75046309 	 1061.52550000 	 215.46280000 	 50.85877857 	 0.00000000 	 0.00000000 	 8.25120000 	 36.39170000
2078 	 7.97100000 	 1.19550000 	 315.90270000 	 7.67970909 	 56.83293900 	 49.49000000 	 51.55200000 	 0.85400000 	 0.22700000 	 0.78500000 	 168.84100000 	 65.00000000 	 10.87400000 	 283.40800000 	 46.64100000 	 0.00000000 	 26.45800000 	 7.51800000 	 1.92000000 	 0.31400000 	 13.75910000 	 120.93340000 	 12.44830000 	 4.89010000 	 10.81160000 	 26.88850000 	 10.99350000 	 3.23510000 	 2.64940000 	 0.43580000 	 11.60590000 	 6.34070000 	 38.75046309 	 1061.52550000 	 215.46280000 	 50.85877857 	 0.00000000 	 0.00000000 	 8.25120000 	 36.39170000
2079 	 7.97100000 	 1.19550000 	 315.90270000 	 7.67970909 	 56.83293900 	 49.49000000 	 51.55200000 	 0.85400000 	 0.22700000 	 0.78500000 	 168.84100000 	 65.00000000 	 10.87400000 	 283.40800000 	 46.64100000 	 0.00000000 	 26.45800000 	 7.51800000 	 1.92000000 	 0.31400000 	 13.75910000 	 120.93340000 	 12.44830000 	 4.89010000 	 10.81160000 	 26.88850000 	 10.99350000 	 3.23510000 	 2.64940000 	 0.43580000 	 11.60590000 	 6.34070000 	 38.75046309 	 1061.52550000 	 215.46280000 	 50.85877857 	 0.00000000 	 0.00000000 	 8.25120000 	 36.39170000
2080 	 7.97100000 	 1.19550000 	 315.90270000 	 7.67970909 	 56.83293900 	 49.49000000 	 51.55200000 	 0.85400000 	 0.22700000 	 0.78500000 	 168.84100000 	 65.00000000 	 10.87400000 	 283.40800000 	 46.64100000 	 0.00000000 	 26.45800000 	 7.51800000 	 1.92000000 	 0.31400000 	 13.75910000 	 120.93340000 	 12.44830000 	 4.89010000 	 10.81160000 	 26.88850000 	 10.99350000 	 3.23510000 	 2.64940000 	 0.43580000 	 11.60590000 	 6.34070000 	 38.75046309 	 1061.52550000 	 215.46280000 	 50.85877857 	 0.00000000 	 0.00000000 	 8.25120000 	 36.39170000
2081 	 7.97100000 	 1.19550000 	 315.90270000 	 7.67970909 	 56.83293900 	 49.49000000 	 51.55200000 	 0.85400000 	 0.22700000 	 0.78500000 	 168.84100000 	 65.00000000 	 10.87400000 	 283.40800000 	 46.64100000 	 0.00000000 	 26.45800000 	 7.51800000 	 1.92000000 	 0.31400000 	 13.75910000 	 120.93340000 	 12.44830000 	 4.89010000 	 10.81160000 	 26.88850000 	 10.99350000 	 3.23510000 	 2.64940000 	 0.43580000 	 11.60590000 	 6.34070000 	 38.75046309 	 1061.52550000 	 215.46280000 	 50.85877857 	 0.00000000 	 0.00000000 	 8.25120000 	 36.39170000
2082 	 7.97100000 	 1.19550000 	 315.90270000 	 7.67970909 	 56.83293900 	 49.49000000 	 51.55200000 	 0.85400000 	 0.22700000 	 0.78500000 	 168.84100000 	 65.00000000 	 10.87400000 	 283.40800000 	 46.64100000 	 0.00000000 	 26.45800000 	 7.51800000 	 1.92000000 	 0.31400000 	 13.75910000 	 120.93340000 	 12.44830000 	 4.89010000 	 10.81160000 	 26.88850000 	 10.99350000 	 3.23510000 	 2.64940000 	 0.43580000 	 11.60590000 	 6.34070000 	 38.75046309 	 1061.52550000 	 215.46280000 	 50.85877857 	 0.00000000 	 0.00000000 	 8.25120000 	 36.39170000
2083 	 7.97100000 	 1.19550000 	 315.90270000 	 7.67970909 	 56.83293900 	 49.49000000 	 51.55200000 	 0.85400000 	 0.22700000 	 0.78500000 	 168.84100000 	 65.00000000 	 10.87400000 	 283.40800000 	 46.64100000 	 0.00000000 	 26.45800000 	 7.51800000 	 1.92000000 	 0.31400000 	 13.75910000 	 120.93340000 	 12.44830000 	 4.89010000 	 10.81160000 	 26.88850000 	 10.99350000 	 3.23510000 	 2.64940000 	 0.43580000 	 11.60590000 	 6.34070000 	 38.75046309 	 1061.52550000 	 215.46280000 	 50.85877857 	 0.00000000 	 0.00000000 	 8.25120000 	 36.39170000
2084 	 7.97100000 	 1.19550000 	 315.90270000 	 7.67970909 	 56.83293900 	 49.49000000 	 51.55200000 	 0.85400000 	 0.22700000 	 0.78500000 	 168.84100000 	 65.00000000 	 10.87400000 	 283.40800000 	 46.64100000 	 0.00000000 	 26.45800000 	 7.51800000 	 1.92000000 	 0.31400000 	 13.75910000 	 120.93340000 	 12.44830000 	 4.89010000 	 10.81160000 	 26.88850000 	 10.99350000 	 3.23510000 	 2.64940000 	 0.43580000 	 11.60590000 	 6.34070000 	 38.75046309 	 1061.52550000 	 215.46280000 	 50.85877857 	 0.00000000 	 0.00000000 	 8.25120000 	 36.39170000
2085 	 7.97100000 	 1.19550000 	 315.90270000 	 7.67970909 	 56.83293900 	 49.49000000 	 51.55200000 	 0.85400000 	 0.22700000 	 0.78500000 	 168.84100000 	 65.00000000 	 10.87400000 	 283.40800000 	 46.64100000 	 0.00000000 	 26.45800000 	 7.51800000 	 1.92000000 	 0.31400000 	 13.75910000 	 120.93340000 	 12.44830000 	 4.89010000 	 10.81160000 	 26.88850000 	 10.99350000 	 3.23510000 	 2.64940000 	 0.43580000 	 11.60590000 	 6.34070000 	 38.75046309 	 1061.52550000 	 215.46280000 	 50.85877857 	 0.00000000 	 0.00000000 	 8.25120000 	 36.39170000
2086 	 7.97100000 	 1.19550000 	 315.90270000 	 7.67970909 	 56.83293900 	 49.49000000 	 51.55200000 	 0.85400000 	 0.22700000 	 0.78500000 	 168.84100000 	 65.00000000 	 10.87400000 	 283.40800000 	 46.64100000 	 0.00000000 	 26.45800000 	 7.51800000 	 1.92000000 	 0.31400000 	 13.75910000 	 120.93340000 	 12.44830000 	 4.89010000 	 10.81160000 	 26.88850000 	 10.99350000 	 3.23510000 	 2.64940000 	 0.43580000 	 11.60590000 	 6.34070000 	 38.75046309 	 1061.52550000 	 215.46280000 	 50.85877857 	 0.00000000 	 0.00000000 	 8.25120000 	 36.39170000
2087 	 7.97100000 	 1.19550000 	 315.90270000 	 7.67970909 	 56.83293900 	 49.49000000 	 51.55200000 	 0.85400000 	 0.22700000 	 0.78500000 	 168.84100000 	 65.00000000 	 10.87400000 	 283.40800000 	 46.64100000 	 0.00000000 	 26.45800000 	 7.51800000 	 1.92000000 	 0.31400000 	 13.75910000 	 120.93340000 	 12.44830000 	 4.89010000 	 10.81160000 	 26.88850000 	 10.99350000 	 3.23510000 	 2.64940000 	 0.43580000 	 11.60590000 	 6.34070000 	 38.75046309 	 1061.52550000 	 215.46280000 	 50.85877857 	 0.00000000 	 0.00000000 	 8.25120000 	 36.39170000
2088 	 7.97100000 	 1.19550000 	 315.90270000 	 7.67970909 	 56.83293900 	 49.49000000 	 51.55200000 	 0.85400000 	 0.22700000 	 0.78500000 	 168.84100000 	 65.00000000 	 10.87400000 	 283.40800000 	 46.64100000 	 0.00000000 	 26.45800000 	 7.51800000 	 1.92000000 	 0.31400000 	 13.75910000 	 120.93340000 	 12.44830000 	 4.89010000 	 10.81160000 	 26.88850000 	 10.99350000 	 3.23510000 	 2.64940000 	 0.43580000 	 11.60590000 	 6.34070000 	 38.75046309 	 1061.52550000 	 215.46280000 	 50.85877857 	 0.00000000 	 0.00000000 	 8.25120000 	 36.39170000
2089 	 7.97100000 	 1.19550000 	 315.90270000 	 7.67970909 	 56.83293900 	 49.49000000 	 51.55200000 	 0.85400000 	 0.22700000 	 0.78500000 	 168.84100000 	 65.00000000 	 10.87400000 	 283.40800000 	 46.64100000 	 0.00000000 	 26.45800000 	 7.51800000 	 1.92000000 	 0.31400000 	 13.75910000 	 120.93340000 	 12.44830000 	 4.89010000 	 10.81160000 	 26.88850000 	 10.99350000 	 3.23510000 	 2.64940000 	 0.43580000 	 11.60590000 	 6.34070000 	 38.75046309 	 1061.52550000 	 215.46280000 	 50.85877857 	 0.00000000 	 0.00000000 	 8.25120000 	 36.39170000
2090 	 7.97100000 	 1.19550000 	 315.90270000 	 7.67970909 	 56.83293900 	 49.49000000 	 51.55200000 	 0.85400000 	 0.22700000 	 0.78500000 	 168.84100000 	 65.00000000 	 10.87400000 	 283.40800000 	 46.64100000 	 0.00000000 	 26.45800000 	 7.51800000 	 1.92000000 	 0.31400000 	 13.75910000 	 120.93340000 	 12.44830000 	 4.89010000 	 10.81160000 	 26.88850000 	 10.99350000 	 3.23510000 	 2.64940000 	 0.43580000 	 11.60590000 	 6.34070000 	 38.75046309 	 1061.52550000 	 215.46280000 	 50.85877857 	 0.00000000 	 0.00000000 	 8.25120000 	 36.39170000
2091 	 7.97100000 	 1.19550000 	 315.90270000 	 7.67970909 	 56.83293900 	 49.49000000 	 51.55200000 	 0.85400000 	 0.22700000 	 0.78500000 	 168.84100000 	 65.00000000 	 10.87400000 	 283.40800000 	 46.64100000 	 0.00000000 	 26.45800000 	 7.51800000 	 1.92000000 	 0.31400000 	 13.75910000 	 120.93340000 	 12.44830000 	 4.89010000 	 10.81160000 	 26.88850000 	 10.99350000 	 3.23510000 	 2.64940000 	 0.43580000 	 11.60590000 	 6.34070000 	 38.75046309 	 1061.52550000 	 215.46280000 	 50.85877857 	 0.00000000 	 0.00000000 	 8.25120000 	 36.39170000
2092 	 7.97100000 	 1.19550000 	 315.90270000 	 7.67970909 	 56.83293900 	 49.49000000 	 51.55200000 	 0.85400000 	 0.22700000 	 0.78500000 	 168.84100000 	 65.00000000 	 10.87400000 	 283.40800000 	 46.64100000 	 0.00000000 	 26.45800000 	 7.51800000 	 1.92000000 	 0.31400000 	 13.75910000 	 120.93340000 	 12.44830000 	 4.89010000 	 10.81160000 	 26.88850000 	 10.99350000 	 3.23510000 	 2.64940000 	 0.43580000 	 11.60590000 	 6.34070000 	 38.75046309 	 1061.52550000 	 215.46280000 	 50.85877857 	 0.00000000 	 0.00000000 	 8.25120000 	 36.39170000
2093 	 7.97100000 	 1.19550000 	 315.90270000 	 7.67970909 	 56.83293900 	 49.49000000 	 51.55200000 	 0.85400000 	 0.22700000 	 0.78500000 	 168.84100000 	 65.00000000 	 10.87400000 	 283.40800000 	 46.64100000 	 0.00000000 	 26.45800000 	 7.51800000 	 1.92000000 	 0.31400000 	 13.75910000 	 120.93340000 	 12.44830000 	 4.89010000 	 10.81160000 	 26.88850000 	 10.99350000 	 3.23510000 	 2.64940000 	 0.43580000 	 11.60590000 	 6.34070000 	 38.75046309 	 1061.52550000 	 215.46280000 	 50.85877857 	 0.00000000 	 0.00000000 	 8.25120000 	 36.39170000
2094 	 7.97100000 	 1.19550000 	 315.90270000 	 7.67970909 	 56.83293900 	 49.49000000 	 51.55200000 	 0.85400000 	 0.22700000 	 0.78500000 	 168.84100000 	 65.00000000 	 10.87400000 	 283.40800000 	 46.64100000 	 0.00000000 	 26.45800000 	 7.51800000 	 1.92000000 	 0.31400000 	 13.75910000 	 120.93340000 	 12.44830000 	 4.89010000 	 10.81160000 	 26.88850000 	 10.99350000 	 3.23510000 	 2.64940000 	 0.43580000 	 11.60590000 	 6.34070000 	 38.75046309 	 1061.52550000 	 215.46280000 	 50.85877857 	 0.00000000 	 0.00000000 	 8.25120000 	 36.39170000
2095 	 7.97100000 	 1.19550000 	 315.90270000 	 7.67970909 	 56.83293900 	 49.49000000 	 51.55200000 	 0.85400000 	 0.22700000 	 0.78500000 	 168.84100000 	 65.00000000 	 10.87400000 	 283.40800000 	 46.64100000 	 0.00000000 	 26.45800000 	 7.51800000 	 1.92000000 	 0.31400000 	 13.75910000 	 120.93340000 	 12.44830000 	 4.89010000 	 10.81160000 	 26.88850000 	 10.99350000 	 3.23510000 	 2.64940000 	 0.43580000 	 11.60590000 	 6.34070000 	 38.75046309 	 1061.52550000 	 215.46280000 	 50.85877857 	 0.00000000 	 0.00000000 	 8.25120000 	 36.39170000
2096 	 7.97100000 	 1.19550000 	 315.90270000 	 7.67970909 	 56.83293900 	 49.49000000 	 51.55200000 	 0.85400000 	 0.22700000 	 0.78500000 	 168.84100000 	 65.00000000 	 10.87400000 	 283.40800000 	 46.64100000 	 0.00000000 	 26.45800000 	 7.51800000 	 1.92000000 	 0.31400000 	 13.75910000 	 120.93340000 	 12.44830000 	 4.89010000 	 10.81160000 	 26.88850000 	 10.99350000 	 3.23510000 	 2.64940000 	 0.43580000 	 11.60590000 	 6.34070000 	 38.75046309 	 1061.52550000 	 215.46280000 	 50.85877857 	 0.00000000 	 0.00000000 	 8.25120000 	 36.39170000
2097 	 7.97100000 	 1.19550000 	 315.90270000 	 7.67970909 	 56.83293900 	 49.49000000 	 51.55200000 	 0.85400000 	 0.22700000 	 0.78500000 	 168.84100000 	 65.00000000 	 10.87400000 	 283.40800000 	 46.64100000 	 0.00000000 	 26.45800000 	 7.51800000 	 1.92000000 	 0.31400000 	 13.75910000 	 120.93340000 	 12.44830000 	 4.89010000 	 10.81160000 	 26.88850000 	 10.99350000 	 3.23510000 	 2.64940000 	 0.43580000 	 11.60590000 	 6.34070000 	 38.75046309 	 1061.52550000 	 215.46280000 	 50.85877857 	 0.00000000 	 0.00000000 	 8.25120000 	 36.39170000
2098 	 7.97100000 	 1.19550000 	 315.90270000 	 7.67970909 	 56.83293900 	 49.49000000 	 51.55200000 	 0.85400000 	 0.22700000 	 0.78500000 	 168.84100000 	 65.00000000 	 10.87400000 	 283.40800000 	 46.64100000 	 0.00000000 	 26.45800000 	 7.51800000 	 1.92000000 	 0.31400000 	 13.75910000 	 120.93340000 	 12.44830000 	 4.89010000 	 10.81160000 	 26.88850000 	 10.99350000 	 3.23510000 	 2.64940000 	 0.43580000 	 11.60590000 	 6.34070000 	 38.75046309 	 1061.52550000 	 215.46280000 	 50.85877857 	 0.00000000 	 0.00000000 	 8.25120000 	 36.39170000
2099 	 7.97100000 	 1.19550000 	 315.90270000 	 7.67970909 	 56.83293900 	 49.49000000 	 51.55200000 	 0.85400000 	 0.22700000 	 0.78500000 	 168.84100000 	 65.00000000 	 10.87400000 	 283.40800000 	 46.64100000 	 0.00000000 	 26.45800000 	 7.51800000 	 1.92000000 	 0.31400000 	 13.75910000 	 120.93340000 	 12.44830000 	 4.89010000 	 10.81160000 	 26.88850000 	 10.99350000 	 3.23510000 	 2.64940000 	 0.43580000 	 11.60590000 	 6.34070000 	 38.75046309 	 1061.52550000 	 215.46280000 	 50.85877857 	 0.00000000 	 0.00000000 	 8.25120000 	 36.39170000
2100 	 7.97100000 	 1.19550000 	 315.90270000 	 7.67970909 	 56.83293900 	 49.49000000 	 51.55200000 	 0.85400000 	 0.22700000 	 0.78500000 	 168.84100000 	 65.00000000 	 10.87400000 	 283.40800000 	 46.64100000 	 0.00000000 	 26.45800000 	 7.51800000 	 1.92000000 	 0.31400000 	 13.75910000 	 120.93340000 	 12.44830000 	 4.89010000 	 10.81160000 	 26.88850000 	 10.99350000 	 3.23510000 	 2.64940000 	 0.43580000 	 11.60590000 	 6.34070000 	 38.75046309 	 1061.52550000 	 215.46280000 	 50.85877857 	 0.00000000 	 0.00000000 	 8.25120000 	 36.39170000
2101 	 7.97100000 	 1.19550000 	 315.90270000 	 7.67970909 	 56.83293900 	 49.49000000 	 51.55200000 	 0.85400000 	 0.22700000 	 0.78500000 	 168.84100000 	 65.00000000 	 10.87400000 	 283.40800000 	 46.64100000 	 0.00000000 	 26.45800000 	 7.51800000 	 1.92000000 	 0.31400000 	 13.75910000 	 120.93340000 	 12.44830000 	 4.89010000 	 10.81160000 	 26.88850000 	 10.99350000 	 3.23510000 	 2.64940000 	 0.43580000 	 11.60590000 	 6.34070000 	 38.75046309 	 1061.52550000 	 215.46280000 	 50.85877857 	 0.00000000 	 0.00000000 	 8.25120000 	 36.39170000
2102 	 7.97100000 	 1.19550000 	 315.90270000 	 7.67970909 	 56.83293900 	 49.49000000 	 51.55200000 	 0.85400000 	 0.22700000 	 0.78500000 	 168.84100000 	 65.00000000 	 10.87400000 	 283.40800000 	 46.64100000 	 0.00000000 	 26.45800000 	 7.51800000 	 1.92000000 	 0.31400000 	 13.75910000 	 120.93340000 	 12.44830000 	 4.89010000 	 10.81160000 	 26.88850000 	 10.99350000 	 3.23510000 	 2.64940000 	 0.43580000 	 11.60590000 	 6.34070000 	 38.75046309 	 1061.52550000 	 215.46280000 	 50.85877857 	 0.00000000 	 0.00000000 	 8.25120000 	 36.39170000
2103 	 7.97100000 	 1.19550000 	 315.90270000 	 7.67970909 	 56.83293900 	 49.49000000 	 51.55200000 	 0.85400000 	 0.22700000 	 0.78500000 	 168.84100000 	 65.00000000 	 10.87400000 	 283.40800000 	 46.64100000 	 0.00000000 	 26.45800000 	 7.51800000 	 1.92000000 	 0.31400000 	 13.75910000 	 120.93340000 	 12.44830000 	 4.89010000 	 10.81160000 	 26.88850000 	 10.99350000 	 3.23510000 	 2.64940000 	 0.43580000 	 11.60590000 	 6.34070000 	 38.75046309 	 1061.52550000 	 215.46280000 	 50.85877857 	 0.00000000 	 0.00000000 	 8.25120000 	 36.39170000
2104 	 7.97100000 	 1.19550000 	 315.90270000 	 7.67970909 	 56.83293900 	 49.49000000 	 51.55200000 	 0.85400000 	 0.22700000 	 0.78500000 	 168.84100000 	 65.00000000 	 10.87400000 	 283.40800000 	 46.64100000 	 0.00000000 	 26.45800000 	 7.51800000 	 1.92000000 	 0.31400000 	 13.75910000 	 120.93340000 	 12.44830000 	 4.89010000 	 10.81160000 	 26.88850000 	 10.99350000 	 3.23510000 	 2.64940000 	 0.43580000 	 11.60590000 	 6.34070000 	 38.75046309 	 1061.52550000 	 215.46280000 	 50.85877857 	 0.00000000 	 0.00000000 	 8.25120000 	 36.39170000
2105 	 7.97100000 	 1.19550000 	 315.90270000 	 7.67970909 	 56.83293900 	 49.49000000 	 51.55200000 	 0.85400000 	 0.22700000 	 0.78500000 	 168.84100000 	 65.00000000 	 10.87400000 	 283.40800000 	 46.64100000 	 0.00000000 	 26.45800000 	 7.51800000 	 1.92000000 	 0.31400000 	 13.75910000 	 120.93340000 	 12.44830000 	 4.89010000 	 10.81160000 	 26.88850000 	 10.99350000 	 3.23510000 	 2.64940000 	 0.43580000 	 11.60590000 	 6.34070000 	 38.75046309 	 1061.52550000 	 215.46280000 	 50.85877857 	 0.00000000 	 0.00000000 	 8.25120000 	 36.39170000
2106 	 7.97100000 	 1.19550000 	 315.90270000 	 7.67970909 	 56.83293900 	 49.49000000 	 51.55200000 	 0.85400000 	 0.22700000 	 0.78500000 	 168.84100000 	 65.00000000 	 10.87400000 	 283.40800000 	 46.64100000 	 0.00000000 	 26.45800000 	 7.51800000 	 1.92000000 	 0.31400000 	 13.75910000 	 120.93340000 	 12.44830000 	 4.89010000 	 10.81160000 	 26.88850000 	 10.99350000 	 3.23510000 	 2.64940000 	 0.43580000 	 11.60590000 	 6.34070000 	 38.75046309 	 1061.52550000 	 215.46280000 	 50.85877857 	 0.00000000 	 0.00000000 	 8.25120000 	 36.39170000
2107 	 7.97100000 	 1.19550000 	 315.90270000 	 7.67970909 	 56.83293900 	 49.49000000 	 51.55200000 	 0.85400000 	 0.22700000 	 0.78500000 	 168.84100000 	 65.00000000 	 10.87400000 	 283.40800000 	 46.64100000 	 0.00000000 	 26.45800000 	 7.51800000 	 1.92000000 	 0.31400000 	 13.75910000 	 120.93340000 	 12.44830000 	 4.89010000 	 10.81160000 	 26.88850000 	 10.99350000 	 3.23510000 	 2.64940000 	 0.43580000 	 11.60590000 	 6.34070000 	 38.75046309 	 1061.52550000 	 215.46280000 	 50.85877857 	 0.00000000 	 0.00000000 	 8.25120000 	 36.39170000
2108 	 7.97100000 	 1.19550000 	 315.90270000 	 7.67970909 	 56.83293900 	 49.49000000 	 51.55200000 	 0.85400000 	 0.22700000 	 0.78500000 	 168.84100000 	 65.00000000 	 10.87400000 	 283.40800000 	 46.64100000 	 0.00000000 	 26.45800000 	 7.51800000 	 1.92000000 	 0.31400000 	 13.75910000 	 120.93340000 	 12.44830000 	 4.89010000 	 10.81160000 	 26.88850000 	 10.99350000 	 3.23510000 	 2.64940000 	 0.43580000 	 11.60590000 	 6.34070000 	 38.75046309 	 1061.52550000 	 215.46280000 	 50.85877857 	 0.00000000 	 0.00000000 	 8.25120000 	 36.39170000
2109 	 7.97100000 	 1.19550000 	 315.90270000 	 7.67970909 	 56.83293900 	 49.49000000 	 51.55200000 	 0.85400000 	 0.22700000 	 0.78500000 	 168.84100000 	 65.00000000 	 10.87400000 	 283.40800000 	 46.64100000 	 0.00000000 	 26.45800000 	 7.51800000 	 1.92000000 	 0.31400000 	 13.75910000 	 120.93340000 	 12.44830000 	 4.89010000 	 10.81160000 	 26.88850000 	 10.99350000 	 3.23510000 	 2.64940000 	 0.43580000 	 11.60590000 	 6.34070000 	 38.75046309 	 1061.52550000 	 215.46280000 	 50.85877857 	 0.00000000 	 0.00000000 	 8.25120000 	 36.39170000
2110 	 7.97100000 	 1.19550000 	 315.90270000 	 7.67970909 	 56.83293900 	 49.49000000 	 51.55200000 	 0.85400000 	 0.22700000 	 0.78500000 	 168.84100000 	 65.00000000 	 10.87400000 	 283.40800000 	 46.64100000 	 0.00000000 	 26.45800000 	 7.51800000 	 1.92000000 	 0.31400000 	 13.75910000 	 120.93340000 	 12.44830000 	 4.89010000 	 10.81160000 	 26.88850000 	 10.99350000 	 3.23510000 	 2.64940000 	 0.43580000 	 11.60590000 	 6.34070000 	 38.75046309 	 1061.52550000 	 215.46280000 	 50.85877857 	 0.00000000 	 0.00000000 	 8.25120000 	 36.39170000
2111 	 7.97100000 	 1.19550000 	 315.90270000 	 7.67970909 	 56.83293900 	 49.49000000 	 51.55200000 	 0.85400000 	 0.22700000 	 0.78500000 	 168.84100000 	 65.00000000 	 10.87400000 	 283.40800000 	 46.64100000 	 0.00000000 	 26.45800000 	 7.51800000 	 1.92000000 	 0.31400000 	 13.75910000 	 120.93340000 	 12.44830000 	 4.89010000 	 10.81160000 	 26.88850000 	 10.99350000 	 3.23510000 	 2.64940000 	 0.43580000 	 11.60590000 	 6.34070000 	 38.75046309 	 1061.52550000 	 215.46280000 	 50.85877857 	 0.00000000 	 0.00000000 	 8.25120000 	 36.39170000
2112 	 7.97100000 	 1.19550000 	 315.90270000 	 7.67970909 	 56.83293900 	 49.49000000 	 51.55200000 	 0.85400000 	 0.22700000 	 0.78500000 	 168.84100000 	 65.00000000 	 10.87400000 	 283.40800000 	 46.64100000 	 0.00000000 	 26.45800000 	 7.51800000 	 1.92000000 	 0.31400000 	 13.75910000 	 120.93340000 	 12.44830000 	 4.89010000 	 10.81160000 	 26.88850000 	 10.99350000 	 3.23510000 	 2.64940000 	 0.43580000 	 11.60590000 	 6.34070000 	 38.75046309 	 1061.52550000 	 215.46280000 	 50.85877857 	 0.00000000 	 0.00000000 	 8.25120000 	 36.39170000
2113 	 7.97100000 	 1.19550000 	 315.90270000 	 7.67970909 	 56.83293900 	 49.49000000 	 51.55200000 	 0.85400000 	 0.22700000 	 0.78500000 	 168.84100000 	 65.00000000 	 10.87400000 	 283.40800000 	 46.64100000 	 0.00000000 	 26.45800000 	 7.51800000 	 1.92000000 	 0.31400000 	 13.75910000 	 120.93340000 	 12.44830000 	 4.89010000 	 10.81160000 	 26.88850000 	 10.99350000 	 3.23510000 	 2.64940000 	 0.43580000 	 11.60590000 	 6.34070000 	 38.75046309 	 1061.52550000 	 215.46280000 	 50.85877857 	 0.00000000 	 0.00000000 	 8.25120000 	 36.39170000
2114 	 7.97100000 	 1.19550000 	 315.90270000 	 7.67970909 	 56.83293900 	 49.49000000 	 51.55200000 	 0.85400000 	 0.22700000 	 0.78500000 	 168.84100000 	 65.00000000 	 10.87400000 	 283.40800000 	 46.64100000 	 0.00000000 	 26.45800000 	 7.51800000 	 1.92000000 	 0.31400000 	 13.75910000 	 120.93340000 	 12.44830000 	 4.89010000 	 10.81160000 	 26.88850000 	 10.99350000 	 3.23510000 	 2.64940000 	 0.43580000 	 11.60590000 	 6.34070000 	 38.75046309 	 1061.52550000 	 215.46280000 	 50.85877857 	 0.00000000 	 0.00000000 	 8.25120000 	 36.39170000
2115 	 7.97100000 	 1.19550000 	 315.90270000 	 7.67970909 	 56.83293900 	 49.49000000 	 51.55200000 	 0.85400000 	 0.22700000 	 0.78500000 	 168.84100000 	 65.00000000 	 10.87400000 	 283.40800000 	 46.64100000 	 0.00000000 	 26.45800000 	 7.51800000 	 1.92000000 	 0.31400000 	 13.75910000 	 120.93340000 	 12.44830000 	 4.89010000 	 10.81160000 	 26.88850000 	 10.99350000 	 3.23510000 	 2.64940000 	 0.43580000 	 11.60590000 	 6.34070000 	 38.75046309 	 1061.52550000 	 215.46280000 	 50.85877857 	 0.00000000 	 0.00000000 	 8.25120000 	 36.39170000
2116 	 7.97100000 	 1.19550000 	 315.90270000 	 7.67970909 	 56.83293900 	 49.49000000 	 51.55200000 	 0.85400000 	 0.22700000 	 0.78500000 	 168.84100000 	 65.00000000 	 10.87400000 	 283.40800000 	 46.64100000 	 0.00000000 	 26.45800000 	 7.51800000 	 1.92000000 	 0.31400000 	 13.75910000 	 120.93340000 	 12.44830000 	 4.89010000 	 10.81160000 	 26.88850000 	 10.99350000 	 3.23510000 	 2.64940000 	 0.43580000 	 11.60590000 	 6.34070000 	 38.75046309 	 1061.52550000 	 215.46280000 	 50.85877857 	 0.00000000 	 0.00000000 	 8.25120000 	 36.39170000
2117 	 7.97100000 	 1.19550000 	 315.90270000 	 7.67970909 	 56.83293900 	 49.49000000 	 51.55200000 	 0.85400000 	 0.22700000 	 0.78500000 	 168.84100000 	 65.00000000 	 10.87400000 	 283.40800000 	 46.64100000 	 0.00000000 	 26.45800000 	 7.51800000 	 1.92000000 	 0.31400000 	 13.75910000 	 120.93340000 	 12.44830000 	 4.89010000 	 10.81160000 	 26.88850000 	 10.99350000 	 3.23510000 	 2.64940000 	 0.43580000 	 11.60590000 	 6.34070000 	 38.75046309 	 1061.52550000 	 215.46280000 	 50.85877857 	 0.00000000 	 0.00000000 	 8.25120000 	 36.39170000
2118 	 7.97100000 	 1.19550000 	 315.90270000 	 7.67970909 	 56.83293900 	 49.49000000 	 51.55200000 	 0.85400000 	 0.22700000 	 0.78500000 	 168.84100000 	 65.00000000 	 10.87400000 	 283.40800000 	 46.64100000 	 0.00000000 	 26.45800000 	 7.51800000 	 1.92000000 	 0.31400000 	 13.75910000 	 120.93340000 	 12.44830000 	 4.89010000 	 10.81160000 	 26.88850000 	 10.99350000 	 3.23510000 	 2.64940000 	 0.43580000 	 11.60590000 	 6.34070000 	 38.75046309 	 1061.52550000 	 215.46280000 	 50.85877857 	 0.00000000 	 0.00000000 	 8.25120000 	 36.39170000
2119 	 7.97100000 	 1.19550000 	 315.90270000 	 7.67970909 	 56.83293900 	 49.49000000 	 51.55200000 	 0.85400000 	 0.22700000 	 0.78500000 	 168.84100000 	 65.00000000 	 10.87400000 	 283.40800000 	 46.64100000 	 0.00000000 	 26.45800000 	 7.51800000 	 1.92000000 	 0.31400000 	 13.75910000 	 120.93340000 	 12.44830000 	 4.89010000 	 10.81160000 	 26.88850000 	 10.99350000 	 3.23510000 	 2.64940000 	 0.43580000 	 11.60590000 	 6.34070000 	 38.75046309 	 1061.52550000 	 215.46280000 	 50.85877857 	 0.00000000 	 0.00000000 	 8.25120000 	 36.39170000
2120 	 7.97100000 	 1.19550000 	 315.90270000 	 7.67970909 	 56.83293900 	 49.49000000 	 51.55200000 	 0.85400000 	 0.22700000 	 0.78500000 	 168.84100000 	 65.00000000 	 10.87400000 	 283.40800000 	 46.64100000 	 0.00000000 	 26.45800000 	 7.51800000 	 1.92000000 	 0.31400000 	 13.75910000 	 120.93340000 	 12.44830000 	 4.89010000 	 10.81160000 	 26.88850000 	 10.99350000 	 3.23510000 	 2.64940000 	 0.43580000 	 11.60590000 	 6.34070000 	 38.75046309 	 1061.52550000 	 215.46280000 	 50.85877857 	 0.00000000 	 0.00000000 	 8.25120000 	 36.39170000
2121 	 7.97100000 	 1.19550000 	 315.90270000 	 7.67970909 	 56.83293900 	 49.49000000 	 51.55200000 	 0.85400000 	 0.22700000 	 0.78500000 	 168.84100000 	 65.00000000 	 10.87400000 	 283.40800000 	 46.64100000 	 0.00000000 	 26.45800000 	 7.51800000 	 1.92000000 	 0.31400000 	 13.75910000 	 120.93340000 	 12.44830000 	 4.89010000 	 10.81160000 	 26.88850000 	 10.99350000 	 3.23510000 	 2.64940000 	 0.43580000 	 11.60590000 	 6.34070000 	 38.75046309 	 1061.52550000 	 215.46280000 	 50.85877857 	 0.00000000 	 0.00000000 	 8.25120000 	 36.39170000
2122 	 7.97100000 	 1.19550000 	 315.90270000 	 7.67970909 	 56.83293900 	 49.49000000 	 51.55200000 	 0.85400000 	 0.22700000 	 0.78500000 	 168.84100000 	 65.00000000 	 10.87400000 	 283.40800000 	 46.64100000 	 0.00000000 	 26.45800000 	 7.51800000 	 1.92000000 	 0.31400000 	 13.75910000 	 120.93340000 	 12.44830000 	 4.89010000 	 10.81160000 	 26.88850000 	 10.99350000 	 3.23510000 	 2.64940000 	 0.43580000 	 11.60590000 	 6.34070000 	 38.75046309 	 1061.52550000 	 215.46280000 	 50.85877857 	 0.00000000 	 0.00000000 	 8.25120000 	 36.39170000
2123 	 7.97100000 	 1.19550000 	 315.90270000 	 7.67970909 	 56.83293900 	 49.49000000 	 51.55200000 	 0.85400000 	 0.22700000 	 0.78500000 	 168.84100000 	 65.00000000 	 10.87400000 	 283.40800000 	 46.64100000 	 0.00000000 	 26.45800000 	 7.51800000 	 1.92000000 	 0.31400000 	 13.75910000 	 120.93340000 	 12.44830000 	 4.89010000 	 10.81160000 	 26.88850000 	 10.99350000 	 3.23510000 	 2.64940000 	 0.43580000 	 11.60590000 	 6.34070000 	 38.75046309 	 1061.52550000 	 215.46280000 	 50.85877857 	 0.00000000 	 0.00000000 	 8.25120000 	 36.39170000
2124 	 7.97100000 	 1.19550000 	 315.90270000 	 7.67970909 	 56.83293900 	 49.49000000 	 51.55200000 	 0.85400000 	 0.22700000 	 0.78500000 	 168.84100000 	 65.00000000 	 10.87400000 	 283.40800000 	 46.64100000 	 0.00000000 	 26.45800000 	 7.51800000 	 1.92000000 	 0.31400000 	 13.75910000 	 120.93340000 	 12.44830000 	 4.89010000 	 10.81160000 	 26.88850000 	 10.99350000 	 3.23510000 	 2.64940000 	 0.43580000 	 11.60590000 	 6.34070000 	 38.75046309 	 1061.52550000 	 215.46280000 	 50.85877857 	 0.00000000 	 0.00000000 	 8.25120000 	 36.39170000
2125 	 7.97100000 	 1.19550000 	 315.90270000 	 7.67970909 	 56.83293900 	 49.49000000 	 51.55200000 	 0.85400000 	 0.22700000 	 0.78500000 	 168.84100000 	 65.00000000 	 10.87400000 	 283.40800000 	 46.64100000 	 0.00000000 	 26.45800000 	 7.51800000 	 1.92000000 	 0.31400000 	 13.75910000 	 120.93340000 	 12.44830000 	 4.89010000 	 10.81160000 	 26.88850000 	 10.99350000 	 3.23510000 	 2.64940000 	 0.43580000 	 11.60590000 	 6.34070000 	 38.75046309 	 1061.52550000 	 215.46280000 	 50.85877857 	 0.00000000 	 0.00000000 	 8.25120000 	 36.39170000
2126 	 7.97100000 	 1.19550000 	 315.90270000 	 7.67970909 	 56.83293900 	 49.49000000 	 51.55200000 	 0.85400000 	 0.22700000 	 0.78500000 	 168.84100000 	 65.00000000 	 10.87400000 	 283.40800000 	 46.64100000 	 0.00000000 	 26.45800000 	 7.51800000 	 1.92000000 	 0.31400000 	 13.75910000 	 120.93340000 	 12.44830000 	 4.89010000 	 10.81160000 	 26.88850000 	 10.99350000 	 3.23510000 	 2.64940000 	 0.43580000 	 11.60590000 	 6.34070000 	 38.75046309 	 1061.52550000 	 215.46280000 	 50.85877857 	 0.00000000 	 0.00000000 	 8.25120000 	 36.39170000
2127 	 7.97100000 	 1.19550000 	 315.90270000 	 7.67970909 	 56.83293900 	 49.49000000 	 51.55200000 	 0.85400000 	 0.22700000 	 0.78500000 	 168.84100000 	 65.00000000 	 10.87400000 	 283.40800000 	 46.64100000 	 0.00000000 	 26.45800000 	 7.51800000 	 1.92000000 	 0.31400000 	 13.75910000 	 120.93340000 	 12.44830000 	 4.89010000 	 10.81160000 	 26.88850000 	 10.99350000 	 3.23510000 	 2.64940000 	 0.43580000 	 11.60590000 	 6.34070000 	 38.75046309 	 1061.52550000 	 215.46280000 	 50.85877857 	 0.00000000 	 0.00000000 	 8.25120000 	 36.39170000
2128 	 7.97100000 	 1.19550000 	 315.90270000 	 7.67970909 	 56.83293900 	 49.49000000 	 51.55200000 	 0.85400000 	 0.22700000 	 0.78500000 	 168.84100000 	 65.00000000 	 10.87400000 	 283.40800000 	 46.64100000 	 0.00000000 	 26.45800000 	 7.51800000 	 1.92000000 	 0.31400000 	 13.75910000 	 120.93340000 	 12.44830000 	 4.89010000 	 10.81160000 	 26.88850000 	 10.99350000 	 3.23510000 	 2.64940000 	 0.43580000 	 11.60590000 	 6.34070000 	 38.75046309 	 1061.52550000 	 215.46280000 	 50.85877857 	 0.00000000 	 0.00000000 	 8.25120000 	 36.39170000
2129 	 7.97100000 	 1.19550000 	 315.90270000 	 7.67970909 	 56.83293900 	 49.49000000 	 51.55200000 	 0.85400000 	 0.22700000 	 0.78500000 	 168.84100000 	 65.00000000 	 10.87400000 	 283.40800000 	 46.64100000 	 0.00000000 	 26.45800000 	 7.51800000 	 1.92000000 	 0.31400000 	 13.75910000 	 120.93340000 	 12.44830000 	 4.89010000 	 10.81160000 	 26.88850000 	 10.99350000 	 3.23510000 	 2.64940000 	 0.43580000 	 11.60590000 	 6.34070000 	 38.75046309 	 1061.52550000 	 215.46280000 	 50.85877857 	 0.00000000 	 0.00000000 	 8.25120000 	 36.39170000
2130 	 7.97100000 	 1.19550000 	 315.90270000 	 7.67970909 	 56.83293900 	 49.49000000 	 51.55200000 	 0.85400000 	 0.22700000 	 0.78500000 	 168.84100000 	 65.00000000 	 10.87400000 	 283.40800000 	 46.64100000 	 0.00000000 	 26.45800000 	 7.51800000 	 1.92000000 	 0.31400000 	 13.75910000 	 120.93340000 	 12.44830000 	 4.89010000 	 10.81160000 	 26.88850000 	 10.99350000 	 3.23510000 	 2.64940000 	 0.43580000 	 11.60590000 	 6.34070000 	 38.75046309 	 1061.52550000 	 215.46280000 	 50.85877857 	 0.00000000 	 0.00000000 	 8.25120000 	 36.39170000
2131 	 7.97100000 	 1.19550000 	 315.90270000 	 7.67970909 	 56.83293900 	 49.49000000 	 51.55200000 	 0.85400000 	 0.22700000 	 0.78500000 	 168.84100000 	 65.00000000 	 10.87400000 	 283.40800000 	 46.64100000 	 0.00000000 	 26.45800000 	 7.51800000 	 1.92000000 	 0.31400000 	 13.75910000 	 120.93340000 	 12.44830000 	 4.89010000 	 10.81160000 	 26.88850000 	 10.99350000 	 3.23510000 	 2.64940000 	 0.43580000 	 11.60590000 	 6.34070000 	 38.75046309 	 1061.52550000 	 215.46280000 	 50.85877857 	 0.00000000 	 0.00000000 	 8.25120000 	 36.39170000
2132 	 7.97100000 	 1.19550000 	 315.90270000 	 7.67970909 	 56.83293900 	 49.49000000 	 51.55200000 	 0.85400000 	 0.22700000 	 0.78500000 	 168.84100000 	 65.00000000 	 10.87400000 	 283.40800000 	 46.64100000 	 0.00000000 	 26.45800000 	 7.51800000 	 1.92000000 	 0.31400000 	 13.75910000 	 120.93340000 	 12.44830000 	 4.89010000 	 10.81160000 	 26.88850000 	 10.99350000 	 3.23510000 	 2.64940000 	 0.43580000 	 11.60590000 	 6.34070000 	 38.75046309 	 1061.52550000 	 215.46280000 	 50.85877857 	 0.00000000 	 0.00000000 	 8.25120000 	 36.39170000
2133 	 7.97100000 	 1.19550000 	 315.90270000 	 7.67970909 	 56.83293900 	 49.49000000 	 51.55200000 	 0.85400000 	 0.22700000 	 0.78500000 	 168.84100000 	 65.00000000 	 10.87400000 	 283.40800000 	 46.64100000 	 0.00000000 	 26.45800000 	 7.51800000 	 1.92000000 	 0.31400000 	 13.75910000 	 120.93340000 	 12.44830000 	 4.89010000 	 10.81160000 	 26.88850000 	 10.99350000 	 3.23510000 	 2.64940000 	 0.43580000 	 11.60590000 	 6.34070000 	 38.75046309 	 1061.52550000 	 215.46280000 	 50.85877857 	 0.00000000 	 0.00000000 	 8.25120000 	 36.39170000
2134 	 7.97100000 	 1.19550000 	 315.90270000 	 7.67970909 	 56.83293900 	 49.49000000 	 51.55200000 	 0.85400000 	 0.22700000 	 0.78500000 	 168.84100000 	 65.00000000 	 10.87400000 	 283.40800000 	 46.64100000 	 0.00000000 	 26.45800000 	 7.51800000 	 1.92000000 	 0.31400000 	 13.75910000 	 120.93340000 	 12.44830000 	 4.89010000 	 10.81160000 	 26.88850000 	 10.99350000 	 3.23510000 	 2.64940000 	 0.43580000 	 11.60590000 	 6.34070000 	 38.75046309 	 1061.52550000 	 215.46280000 	 50.85877857 	 0.00000000 	 0.00000000 	 8.25120000 	 36.39170000
2135 	 7.97100000 	 1.19550000 	 315.90270000 	 7.67970909 	 56.83293900 	 49.49000000 	 51.55200000 	 0.85400000 	 0.22700000 	 0.78500000 	 168.84100000 	 65.00000000 	 10.87400000 	 283.40800000 	 46.64100000 	 0.00000000 	 26.45800000 	 7.51800000 	 1.92000000 	 0.31400000 	 13.75910000 	 120.93340000 	 12.44830000 	 4.89010000 	 10.81160000 	 26.88850000 	 10.99350000 	 3.23510000 	 2.64940000 	 0.43580000 	 11.60590000 	 6.34070000 	 38.75046309 	 1061.52550000 	 215.46280000 	 50.85877857 	 0.00000000 	 0.00000000 	 8.25120000 	 36.39170000
2136 	 7.97100000 	 1.19550000 	 315.90270000 	 7.67970909 	 56.83293900 	 49.49000000 	 51.55200000 	 0.85400000 	 0.22700000 	 0.78500000 	 168.84100000 	 65.00000000 	 10.87400000 	 283.40800000 	 46.64100000 	 0.00000000 	 26.45800000 	 7.51800000 	 1.92000000 	 0.31400000 	 13.75910000 	 120.93340000 	 12.44830000 	 4.89010000 	 10.81160000 	 26.88850000 	 10.99350000 	 3.23510000 	 2.64940000 	 0.43580000 	 11.60590000 	 6.34070000 	 38.75046309 	 1061.52550000 	 215.46280000 	 50.85877857 	 0.00000000 	 0.00000000 	 8.25120000 	 36.39170000
2137 	 7.97100000 	 1.19550000 	 315.90270000 	 7.67970909 	 56.83293900 	 49.49000000 	 51.55200000 	 0.85400000 	 0.22700000 	 0.78500000 	 168.84100000 	 65.00000000 	 10.87400000 	 283.40800000 	 46.64100000 	 0.00000000 	 26.45800000 	 7.51800000 	 1.92000000 	 0.31400000 	 13.75910000 	 120.93340000 	 12.44830000 	 4.89010000 	 10.81160000 	 26.88850000 	 10.99350000 	 3.23510000 	 2.64940000 	 0.43580000 	 11.60590000 	 6.34070000 	 38.75046309 	 1061.52550000 	 215.46280000 	 50.85877857 	 0.00000000 	 0.00000000 	 8.25120000 	 36.39170000
2138 	 7.97100000 	 1.19550000 	 315.90270000 	 7.67970909 	 56.83293900 	 49.49000000 	 51.55200000 	 0.85400000 	 0.22700000 	 0.78500000 	 168.84100000 	 65.00000000 	 10.87400000 	 283.40800000 	 46.64100000 	 0.00000000 	 26.45800000 	 7.51800000 	 1.92000000 	 0.31400000 	 13.75910000 	 120.93340000 	 12.44830000 	 4.89010000 	 10.81160000 	 26.88850000 	 10.99350000 	 3.23510000 	 2.64940000 	 0.43580000 	 11.60590000 	 6.34070000 	 38.75046309 	 1061.52550000 	 215.46280000 	 50.85877857 	 0.00000000 	 0.00000000 	 8.25120000 	 36.39170000
2139 	 7.97100000 	 1.19550000 	 315.90270000 	 7.67970909 	 56.83293900 	 49.49000000 	 51.55200000 	 0.85400000 	 0.22700000 	 0.78500000 	 168.84100000 	 65.00000000 	 10.87400000 	 283.40800000 	 46.64100000 	 0.00000000 	 26.45800000 	 7.51800000 	 1.92000000 	 0.31400000 	 13.75910000 	 120.93340000 	 12.44830000 	 4.89010000 	 10.81160000 	 26.88850000 	 10.99350000 	 3.23510000 	 2.64940000 	 0.43580000 	 11.60590000 	 6.34070000 	 38.75046309 	 1061.52550000 	 215.46280000 	 50.85877857 	 0.00000000 	 0.00000000 	 8.25120000 	 36.39170000
2140 	 7.97100000 	 1.19550000 	 315.90270000 	 7.67970909 	 56.83293900 	 49.49000000 	 51.55200000 	 0.85400000 	 0.22700000 	 0.78500000 	 168.84100000 	 65.00000000 	 10.87400000 	 283.40800000 	 46.64100000 	 0.00000000 	 26.45800000 	 7.51800000 	 1.92000000 	 0.31400000 	 13.75910000 	 120.93340000 	 12.44830000 	 4.89010000 	 10.81160000 	 26.88850000 	 10.99350000 	 3.23510000 	 2.64940000 	 0.43580000 	 11.60590000 	 6.34070000 	 38.75046309 	 1061.52550000 	 215.46280000 	 50.85877857 	 0.00000000 	 0.00000000 	 8.25120000 	 36.39170000
2141 	 7.97100000 	 1.19550000 	 315.90270000 	 7.67970909 	 56.83293900 	 49.49000000 	 51.55200000 	 0.85400000 	 0.22700000 	 0.78500000 	 168.84100000 	 65.00000000 	 10.87400000 	 283.40800000 	 46.64100000 	 0.00000000 	 26.45800000 	 7.51800000 	 1.92000000 	 0.31400000 	 13.75910000 	 120.93340000 	 12.44830000 	 4.89010000 	 10.81160000 	 26.88850000 	 10.99350000 	 3.23510000 	 2.64940000 	 0.43580000 	 11.60590000 	 6.34070000 	 38.75046309 	 1061.52550000 	 215.46280000 	 50.85877857 	 0.00000000 	 0.00000000 	 8.25120000 	 36.39170000
2142 	 7.97100000 	 1.19550000 	 315.90270000 	 7.67970909 	 56.83293900 	 49.49000000 	 51.55200000 	 0.85400000 	 0.22700000 	 0.78500000 	 168.84100000 	 65.00000000 	 10.87400000 	 283.40800000 	 46.64100000 	 0.00000000 	 26.45800000 	 7.51800000 	 1.92000000 	 0.31400000 	 13.75910000 	 120.93340000 	 12.44830000 	 4.89010000 	 10.81160000 	 26.88850000 	 10.99350000 	 3.23510000 	 2.64940000 	 0.43580000 	 11.60590000 	 6.34070000 	 38.75046309 	 1061.52550000 	 215.46280000 	 50.85877857 	 0.00000000 	 0.00000000 	 8.25120000 	 36.39170000
2143 	 7.97100000 	 1.19550000 	 315.90270000 	 7.67970909 	 56.83293900 	 49.49000000 	 51.55200000 	 0.85400000 	 0.22700000 	 0.78500000 	 168.84100000 	 65.00000000 	 10.87400000 	 283.40800000 	 46.64100000 	 0.00000000 	 26.45800000 	 7.51800000 	 1.92000000 	 0.31400000 	 13.75910000 	 120.93340000 	 12.44830000 	 4.89010000 	 10.81160000 	 26.88850000 	 10.99350000 	 3.23510000 	 2.64940000 	 0.43580000 	 11.60590000 	 6.34070000 	 38.75046309 	 1061.52550000 	 215.46280000 	 50.85877857 	 0.00000000 	 0.00000000 	 8.25120000 	 36.39170000
2144 	 7.97100000 	 1.19550000 	 315.90270000 	 7.67970909 	 56.83293900 	 49.49000000 	 51.55200000 	 0.85400000 	 0.22700000 	 0.78500000 	 168.84100000 	 65.00000000 	 10.87400000 	 283.40800000 	 46.64100000 	 0.00000000 	 26.45800000 	 7.51800000 	 1.92000000 	 0.31400000 	 13.75910000 	 120.93340000 	 12.44830000 	 4.89010000 	 10.81160000 	 26.88850000 	 10.99350000 	 3.23510000 	 2.64940000 	 0.43580000 	 11.60590000 	 6.34070000 	 38.75046309 	 1061.52550000 	 215.46280000 	 50.85877857 	 0.00000000 	 0.00000000 	 8.25120000 	 36.39170000
2145 	 7.97100000 	 1.19550000 	 315.90270000 	 7.67970909 	 56.83293900 	 49.49000000 	 51.55200000 	 0.85400000 	 0.22700000 	 0.78500000 	 168.84100000 	 65.00000000 	 10.87400000 	 283.40800000 	 46.64100000 	 0.00000000 	 26.45800000 	 7.51800000 	 1.92000000 	 0.31400000 	 13.75910000 	 120.93340000 	 12.44830000 	 4.89010000 	 10.81160000 	 26.88850000 	 10.99350000 	 3.23510000 	 2.64940000 	 0.43580000 	 11.60590000 	 6.34070000 	 38.75046309 	 1061.52550000 	 215.46280000 	 50.85877857 	 0.00000000 	 0.00000000 	 8.25120000 	 36.39170000
2146 	 7.97100000 	 1.19550000 	 315.90270000 	 7.67970909 	 56.83293900 	 49.49000000 	 51.55200000 	 0.85400000 	 0.22700000 	 0.78500000 	 168.84100000 	 65.00000000 	 10.87400000 	 283.40800000 	 46.64100000 	 0.00000000 	 26.45800000 	 7.51800000 	 1.92000000 	 0.31400000 	 13.75910000 	 120.93340000 	 12.44830000 	 4.89010000 	 10.81160000 	 26.88850000 	 10.99350000 	 3.23510000 	 2.64940000 	 0.43580000 	 11.60590000 	 6.34070000 	 38.75046309 	 1061.52550000 	 215.46280000 	 50.85877857 	 0.00000000 	 0.00000000 	 8.25120000 	 36.39170000
2147 	 7.97100000 	 1.19550000 	 315.90270000 	 7.67970909 	 56.83293900 	 49.49000000 	 51.55200000 	 0.85400000 	 0.22700000 	 0.78500000 	 168.84100000 	 65.00000000 	 10.87400000 	 283.40800000 	 46.64100000 	 0.00000000 	 26.45800000 	 7.51800000 	 1.92000000 	 0.31400000 	 13.75910000 	 120.93340000 	 12.44830000 	 4.89010000 	 10.81160000 	 26.88850000 	 10.99350000 	 3.23510000 	 2.64940000 	 0.43580000 	 11.60590000 	 6.34070000 	 38.75046309 	 1061.52550000 	 215.46280000 	 50.85877857 	 0.00000000 	 0.00000000 	 8.25120000 	 36.39170000
2148 	 7.97100000 	 1.19550000 	 315.90270000 	 7.67970909 	 56.83293900 	 49.49000000 	 51.55200000 	 0.85400000 	 0.22700000 	 0.78500000 	 168.84100000 	 65.00000000 	 10.87400000 	 283.40800000 	 46.64100000 	 0.00000000 	 26.45800000 	 7.51800000 	 1.92000000 	 0.31400000 	 13.75910000 	 120.93340000 	 12.44830000 	 4.89010000 	 10.81160000 	 26.88850000 	 10.99350000 	 3.23510000 	 2.64940000 	 0.43580000 	 11.60590000 	 6.34070000 	 38.75046309 	 1061.52550000 	 215.46280000 	 50.85877857 	 0.00000000 	 0.00000000 	 8.25120000 	 36.39170000
2149 	 7.97100000 	 1.19550000 	 315.90270000 	 7.67970909 	 56.83293900 	 49.49000000 	 51.55200000 	 0.85400000 	 0.22700000 	 0.78500000 	 168.84100000 	 65.00000000 	 10.87400000 	 283.40800000 	 46.64100000 	 0.00000000 	 26.45800000 	 7.51800000 	 1.92000000 	 0.31400000 	 13.75910000 	 120.93340000 	 12.44830000 	 4.89010000 	 10.81160000 	 26.88850000 	 10.99350000 	 3.23510000 	 2.64940000 	 0.43580000 	 11.60590000 	 6.34070000 	 38.75046309 	 1061.52550000 	 215.46280000 	 50.85877857 	 0.00000000 	 0.00000000 	 8.25120000 	 36.39170000
2150 	 7.97100000 	 1.19550000 	 315.90270000 	 7.67970909 	 56.83293900 	 49.49000000 	 51.55200000 	 0.85400000 	 0.22700000 	 0.78500000 	 168.84100000 	 65.00000000 	 10.87400000 	 283.40800000 	 46.64100000 	 0.00000000 	 26.45800000 	 7.51800000 	 1.92000000 	 0.31400000 	 13.75910000 	 120.93340000 	 12.44830000 	 4.89010000 	 10.81160000 	 26.88850000 	 10.99350000 	 3.23510000 	 2.64940000 	 0.43580000 	 11.60590000 	 6.34070000 	 38.75046309 	 1061.52550000 	 215.46280000 	 50.85877857 	 0.00000000 	 0.00000000 	 8.25120000 	 36.39170000
2151 	 7.97100000 	 1.19550000 	 315.90270000 	 7.67970909 	 56.83293900 	 49.49000000 	 51.55200000 	 0.85400000 	 0.22700000 	 0.78500000 	 168.84100000 	 65.00000000 	 10.87400000 	 283.40800000 	 46.64100000 	 0.00000000 	 26.45800000 	 7.51800000 	 1.92000000 	 0.31400000 	 13.75910000 	 120.93340000 	 12.44830000 	 4.89010000 	 10.81160000 	 26.88850000 	 10.99350000 	 3.23510000 	 2.64940000 	 0.43580000 	 11.60590000 	 6.34070000 	 38.75046309 	 1061.52550000 	 215.46280000 	 50.85877857 	 0.00000000 	 0.00000000 	 8.25120000 	 36.39170000
2152 	 7.97100000 	 1.19550000 	 315.90270000 	 7.67970909 	 56.83293900 	 49.49000000 	 51.55200000 	 0.85400000 	 0.22700000 	 0.78500000 	 168.84100000 	 65.00000000 	 10.87400000 	 283.40800000 	 46.64100000 	 0.00000000 	 26.45800000 	 7.51800000 	 1.92000000 	 0.31400000 	 13.75910000 	 120.93340000 	 12.44830000 	 4.89010000 	 10.81160000 	 26.88850000 	 10.99350000 	 3.23510000 	 2.64940000 	 0.43580000 	 11.60590000 	 6.34070000 	 38.75046309 	 1061.52550000 	 215.46280000 	 50.85877857 	 0.00000000 	 0.00000000 	 8.25120000 	 36.39170000
2153 	 7.97100000 	 1.19550000 	 315.90270000 	 7.67970909 	 56.83293900 	 49.49000000 	 51.55200000 	 0.85400000 	 0.22700000 	 0.78500000 	 168.84100000 	 65.00000000 	 10.87400000 	 283.40800000 	 46.64100000 	 0.00000000 	 26.45800000 	 7.51800000 	 1.92000000 	 0.31400000 	 13.75910000 	 120.93340000 	 12.44830000 	 4.89010000 	 10.81160000 	 26.88850000 	 10.99350000 	 3.23510000 	 2.64940000 	 0.43580000 	 11.60590000 	 6.34070000 	 38.75046309 	 1061.52550000 	 215.46280000 	 50.85877857 	 0.00000000 	 0.00000000 	 8.25120000 	 36.39170000
2154 	 7.97100000 	 1.19550000 	 315.90270000 	 7.67970909 	 56.83293900 	 49.49000000 	 51.55200000 	 0.85400000 	 0.22700000 	 0.78500000 	 168.84100000 	 65.00000000 	 10.87400000 	 283.40800000 	 46.64100000 	 0.00000000 	 26.45800000 	 7.51800000 	 1.92000000 	 0.31400000 	 13.75910000 	 120.93340000 	 12.44830000 	 4.89010000 	 10.81160000 	 26.88850000 	 10.99350000 	 3.23510000 	 2.64940000 	 0.43580000 	 11.60590000 	 6.34070000 	 38.75046309 	 1061.52550000 	 215.46280000 	 50.85877857 	 0.00000000 	 0.00000000 	 8.25120000 	 36.39170000
2155 	 7.97100000 	 1.19550000 	 315.90270000 	 7.67970909 	 56.83293900 	 49.49000000 	 51.55200000 	 0.85400000 	 0.22700000 	 0.78500000 	 168.84100000 	 65.00000000 	 10.87400000 	 283.40800000 	 46.64100000 	 0.00000000 	 26.45800000 	 7.51800000 	 1.92000000 	 0.31400000 	 13.75910000 	 120.93340000 	 12.44830000 	 4.89010000 	 10.81160000 	 26.88850000 	 10.99350000 	 3.23510000 	 2.64940000 	 0.43580000 	 11.60590000 	 6.34070000 	 38.75046309 	 1061.52550000 	 215.46280000 	 50.85877857 	 0.00000000 	 0.00000000 	 8.25120000 	 36.39170000
2156 	 7.97100000 	 1.19550000 	 315.90270000 	 7.67970909 	 56.83293900 	 49.49000000 	 51.55200000 	 0.85400000 	 0.22700000 	 0.78500000 	 168.84100000 	 65.00000000 	 10.87400000 	 283.40800000 	 46.64100000 	 0.00000000 	 26.45800000 	 7.51800000 	 1.92000000 	 0.31400000 	 13.75910000 	 120.93340000 	 12.44830000 	 4.89010000 	 10.81160000 	 26.88850000 	 10.99350000 	 3.23510000 	 2.64940000 	 0.43580000 	 11.60590000 	 6.34070000 	 38.75046309 	 1061.52550000 	 215.46280000 	 50.85877857 	 0.00000000 	 0.00000000 	 8.25120000 	 36.39170000
2157 	 7.97100000 	 1.19550000 	 315.90270000 	 7.67970909 	 56.83293900 	 49.49000000 	 51.55200000 	 0.85400000 	 0.22700000 	 0.78500000 	 168.84100000 	 65.00000000 	 10.87400000 	 283.40800000 	 46.64100000 	 0.00000000 	 26.45800000 	 7.51800000 	 1.92000000 	 0.31400000 	 13.75910000 	 120.93340000 	 12.44830000 	 4.89010000 	 10.81160000 	 26.88850000 	 10.99350000 	 3.23510000 	 2.64940000 	 0.43580000 	 11.60590000 	 6.34070000 	 38.75046309 	 1061.52550000 	 215.46280000 	 50.85877857 	 0.00000000 	 0.00000000 	 8.25120000 	 36.39170000
2158 	 7.97100000 	 1.19550000 	 315.90270000 	 7.67970909 	 56.83293900 	 49.49000000 	 51.55200000 	 0.85400000 	 0.22700000 	 0.78500000 	 168.84100000 	 65.00000000 	 10.87400000 	 283.40800000 	 46.64100000 	 0.00000000 	 26.45800000 	 7.51800000 	 1.92000000 	 0.31400000 	 13.75910000 	 120.93340000 	 12.44830000 	 4.89010000 	 10.81160000 	 26.88850000 	 10.99350000 	 3.23510000 	 2.64940000 	 0.43580000 	 11.60590000 	 6.34070000 	 38.75046309 	 1061.52550000 	 215.46280000 	 50.85877857 	 0.00000000 	 0.00000000 	 8.25120000 	 36.39170000
2159 	 7.97100000 	 1.19550000 	 315.90270000 	 7.67970909 	 56.83293900 	 49.49000000 	 51.55200000 	 0.85400000 	 0.22700000 	 0.78500000 	 168.84100000 	 65.00000000 	 10.87400000 	 283.40800000 	 46.64100000 	 0.00000000 	 26.45800000 	 7.51800000 	 1.92000000 	 0.31400000 	 13.75910000 	 120.93340000 	 12.44830000 	 4.89010000 	 10.81160000 	 26.88850000 	 10.99350000 	 3.23510000 	 2.64940000 	 0.43580000 	 11.60590000 	 6.34070000 	 38.75046309 	 1061.52550000 	 215.46280000 	 50.85877857 	 0.00000000 	 0.00000000 	 8.25120000 	 36.39170000
2160 	 7.97100000 	 1.19550000 	 315.90270000 	 7.67970909 	 56.83293900 	 49.49000000 	 51.55200000 	 0.85400000 	 0.22700000 	 0.78500000 	 168.84100000 	 65.00000000 	 10.87400000 	 283.40800000 	 46.64100000 	 0.00000000 	 26.45800000 	 7.51800000 	 1.92000000 	 0.31400000 	 13.75910000 	 120.93340000 	 12.44830000 	 4.89010000 	 10.81160000 	 26.88850000 	 10.99350000 	 3.23510000 	 2.64940000 	 0.43580000 	 11.60590000 	 6.34070000 	 38.75046309 	 1061.52550000 	 215.46280000 	 50.85877857 	 0.00000000 	 0.00000000 	 8.25120000 	 36.39170000
2161 	 7.97100000 	 1.19550000 	 315.90270000 	 7.67970909 	 56.83293900 	 49.49000000 	 51.55200000 	 0.85400000 	 0.22700000 	 0.78500000 	 168.84100000 	 65.00000000 	 10.87400000 	 283.40800000 	 46.64100000 	 0.00000000 	 26.45800000 	 7.51800000 	 1.92000000 	 0.31400000 	 13.75910000 	 120.93340000 	 12.44830000 	 4.89010000 	 10.81160000 	 26.88850000 	 10.99350000 	 3.23510000 	 2.64940000 	 0.43580000 	 11.60590000 	 6.34070000 	 38.75046309 	 1061.52550000 	 215.46280000 	 50.85877857 	 0.00000000 	 0.00000000 	 8.25120000 	 36.39170000
2162 	 7.97100000 	 1.19550000 	 315.90270000 	 7.67970909 	 56.83293900 	 49.49000000 	 51.55200000 	 0.85400000 	 0.22700000 	 0.78500000 	 168.84100000 	 65.00000000 	 10.87400000 	 283.40800000 	 46.64100000 	 0.00000000 	 26.45800000 	 7.51800000 	 1.92000000 	 0.31400000 	 13.75910000 	 120.93340000 	 12.44830000 	 4.89010000 	 10.81160000 	 26.88850000 	 10.99350000 	 3.23510000 	 2.64940000 	 0.43580000 	 11.60590000 	 6.34070000 	 38.75046309 	 1061.52550000 	 215.46280000 	 50.85877857 	 0.00000000 	 0.00000000 	 8.25120000 	 36.39170000
2163 	 7.97100000 	 1.19550000 	 315.90270000 	 7.67970909 	 56.83293900 	 49.49000000 	 51.55200000 	 0.85400000 	 0.22700000 	 0.78500000 	 168.84100000 	 65.00000000 	 10.87400000 	 283.40800000 	 46.64100000 	 0.00000000 	 26.45800000 	 7.51800000 	 1.92000000 	 0.31400000 	 13.75910000 	 120.93340000 	 12.44830000 	 4.89010000 	 10.81160000 	 26.88850000 	 10.99350000 	 3.23510000 	 2.64940000 	 0.43580000 	 11.60590000 	 6.34070000 	 38.75046309 	 1061.52550000 	 215.46280000 	 50.85877857 	 0.00000000 	 0.00000000 	 8.25120000 	 36.39170000
2164 	 7.97100000 	 1.19550000 	 315.90270000 	 7.67970909 	 56.83293900 	 49.49000000 	 51.55200000 	 0.85400000 	 0.22700000 	 0.78500000 	 168.84100000 	 65.00000000 	 10.87400000 	 283.40800000 	 46.64100000 	 0.00000000 	 26.45800000 	 7.51800000 	 1.92000000 	 0.31400000 	 13.75910000 	 120.93340000 	 12.44830000 	 4.89010000 	 10.81160000 	 26.88850000 	 10.99350000 	 3.23510000 	 2.64940000 	 0.43580000 	 11.60590000 	 6.34070000 	 38.75046309 	 1061.52550000 	 215.46280000 	 50.85877857 	 0.00000000 	 0.00000000 	 8.25120000 	 36.39170000
2165 	 7.97100000 	 1.19550000 	 315.90270000 	 7.67970909 	 56.83293900 	 49.49000000 	 51.55200000 	 0.85400000 	 0.22700000 	 0.78500000 	 168.84100000 	 65.00000000 	 10.87400000 	 283.40800000 	 46.64100000 	 0.00000000 	 26.45800000 	 7.51800000 	 1.92000000 	 0.31400000 	 13.75910000 	 120.93340000 	 12.44830000 	 4.89010000 	 10.81160000 	 26.88850000 	 10.99350000 	 3.23510000 	 2.64940000 	 0.43580000 	 11.60590000 	 6.34070000 	 38.75046309 	 1061.52550000 	 215.46280000 	 50.85877857 	 0.00000000 	 0.00000000 	 8.25120000 	 36.39170000
2166 	 7.97100000 	 1.19550000 	 315.90270000 	 7.67970909 	 56.83293900 	 49.49000000 	 51.55200000 	 0.85400000 	 0.22700000 	 0.78500000 	 168.84100000 	 65.00000000 	 10.87400000 	 283.40800000 	 46.64100000 	 0.00000000 	 26.45800000 	 7.51800000 	 1.92000000 	 0.31400000 	 13.75910000 	 120.93340000 	 12.44830000 	 4.89010000 	 10.81160000 	 26.88850000 	 10.99350000 	 3.23510000 	 2.64940000 	 0.43580000 	 11.60590000 	 6.34070000 	 38.75046309 	 1061.52550000 	 215.46280000 	 50.85877857 	 0.00000000 	 0.00000000 	 8.25120000 	 36.39170000
2167 	 7.97100000 	 1.19550000 	 315.90270000 	 7.67970909 	 56.83293900 	 49.49000000 	 51.55200000 	 0.85400000 	 0.22700000 	 0.78500000 	 168.84100000 	 65.00000000 	 10.87400000 	 283.40800000 	 46.64100000 	 0.00000000 	 26.45800000 	 7.51800000 	 1.92000000 	 0.31400000 	 13.75910000 	 120.93340000 	 12.44830000 	 4.89010000 	 10.81160000 	 26.88850000 	 10.99350000 	 3.23510000 	 2.64940000 	 0.43580000 	 11.60590000 	 6.34070000 	 38.75046309 	 1061.52550000 	 215.46280000 	 50.85877857 	 0.00000000 	 0.00000000 	 8.25120000 	 36.39170000
2168 	 7.97100000 	 1.19550000 	 315.90270000 	 7.67970909 	 56.83293900 	 49.49000000 	 51.55200000 	 0.85400000 	 0.22700000 	 0.78500000 	 168.84100000 	 65.00000000 	 10.87400000 	 283.40800000 	 46.64100000 	 0.00000000 	 26.45800000 	 7.51800000 	 1.92000000 	 0.31400000 	 13.75910000 	 120.93340000 	 12.44830000 	 4.89010000 	 10.81160000 	 26.88850000 	 10.99350000 	 3.23510000 	 2.64940000 	 0.43580000 	 11.60590000 	 6.34070000 	 38.75046309 	 1061.52550000 	 215.46280000 	 50.85877857 	 0.00000000 	 0.00000000 	 8.25120000 	 36.39170000
2169 	 7.97100000 	 1.19550000 	 315.90270000 	 7.67970909 	 56.83293900 	 49.49000000 	 51.55200000 	 0.85400000 	 0.22700000 	 0.78500000 	 168.84100000 	 65.00000000 	 10.87400000 	 283.40800000 	 46.64100000 	 0.00000000 	 26.45800000 	 7.51800000 	 1.92000000 	 0.31400000 	 13.75910000 	 120.93340000 	 12.44830000 	 4.89010000 	 10.81160000 	 26.88850000 	 10.99350000 	 3.23510000 	 2.64940000 	 0.43580000 	 11.60590000 	 6.34070000 	 38.75046309 	 1061.52550000 	 215.46280000 	 50.85877857 	 0.00000000 	 0.00000000 	 8.25120000 	 36.39170000
2170 	 7.97100000 	 1.19550000 	 315.90270000 	 7.67970909 	 56.83293900 	 49.49000000 	 51.55200000 	 0.85400000 	 0.22700000 	 0.78500000 	 168.84100000 	 65.00000000 	 10.87400000 	 283.40800000 	 46.64100000 	 0.00000000 	 26.45800000 	 7.51800000 	 1.92000000 	 0.31400000 	 13.75910000 	 120.93340000 	 12.44830000 	 4.89010000 	 10.81160000 	 26.88850000 	 10.99350000 	 3.23510000 	 2.64940000 	 0.43580000 	 11.60590000 	 6.34070000 	 38.75046309 	 1061.52550000 	 215.46280000 	 50.85877857 	 0.00000000 	 0.00000000 	 8.25120000 	 36.39170000
2171 	 7.97100000 	 1.19550000 	 315.90270000 	 7.67970909 	 56.83293900 	 49.49000000 	 51.55200000 	 0.85400000 	 0.22700000 	 0.78500000 	 168.84100000 	 65.00000000 	 10.87400000 	 283.40800000 	 46.64100000 	 0.00000000 	 26.45800000 	 7.51800000 	 1.92000000 	 0.31400000 	 13.75910000 	 120.93340000 	 12.44830000 	 4.89010000 	 10.81160000 	 26.88850000 	 10.99350000 	 3.23510000 	 2.64940000 	 0.43580000 	 11.60590000 	 6.34070000 	 38.75046309 	 1061.52550000 	 215.46280000 	 50.85877857 	 0.00000000 	 0.00000000 	 8.25120000 	 36.39170000
2172 	 7.97100000 	 1.19550000 	 315.90270000 	 7.67970909 	 56.83293900 	 49.49000000 	 51.55200000 	 0.85400000 	 0.22700000 	 0.78500000 	 168.84100000 	 65.00000000 	 10.87400000 	 283.40800000 	 46.64100000 	 0.00000000 	 26.45800000 	 7.51800000 	 1.92000000 	 0.31400000 	 13.75910000 	 120.93340000 	 12.44830000 	 4.89010000 	 10.81160000 	 26.88850000 	 10.99350000 	 3.23510000 	 2.64940000 	 0.43580000 	 11.60590000 	 6.34070000 	 38.75046309 	 1061.52550000 	 215.46280000 	 50.85877857 	 0.00000000 	 0.00000000 	 8.25120000 	 36.39170000
2173 	 7.97100000 	 1.19550000 	 315.90270000 	 7.67970909 	 56.83293900 	 49.49000000 	 51.55200000 	 0.85400000 	 0.22700000 	 0.78500000 	 168.84100000 	 65.00000000 	 10.87400000 	 283.40800000 	 46.64100000 	 0.00000000 	 26.45800000 	 7.51800000 	 1.92000000 	 0.31400000 	 13.75910000 	 120.93340000 	 12.44830000 	 4.89010000 	 10.81160000 	 26.88850000 	 10.99350000 	 3.23510000 	 2.64940000 	 0.43580000 	 11.60590000 	 6.34070000 	 38.75046309 	 1061.52550000 	 215.46280000 	 50.85877857 	 0.00000000 	 0.00000000 	 8.25120000 	 36.39170000
2174 	 7.97100000 	 1.19550000 	 315.90270000 	 7.67970909 	 56.83293900 	 49.49000000 	 51.55200000 	 0.85400000 	 0.22700000 	 0.78500000 	 168.84100000 	 65.00000000 	 10.87400000 	 283.40800000 	 46.64100000 	 0.00000000 	 26.45800000 	 7.51800000 	 1.92000000 	 0.31400000 	 13.75910000 	 120.93340000 	 12.44830000 	 4.89010000 	 10.81160000 	 26.88850000 	 10.99350000 	 3.23510000 	 2.64940000 	 0.43580000 	 11.60590000 	 6.34070000 	 38.75046309 	 1061.52550000 	 215.46280000 	 50.85877857 	 0.00000000 	 0.00000000 	 8.25120000 	 36.39170000
2175 	 7.97100000 	 1.19550000 	 315.90270000 	 7.67970909 	 56.83293900 	 49.49000000 	 51.55200000 	 0.85400000 	 0.22700000 	 0.78500000 	 168.84100000 	 65.00000000 	 10.87400000 	 283.40800000 	 46.64100000 	 0.00000000 	 26.45800000 	 7.51800000 	 1.92000000 	 0.31400000 	 13.75910000 	 120.93340000 	 12.44830000 	 4.89010000 	 10.81160000 	 26.88850000 	 10.99350000 	 3.23510000 	 2.64940000 	 0.43580000 	 11.60590000 	 6.34070000 	 38.75046309 	 1061.52550000 	 215.46280000 	 50.85877857 	 0.00000000 	 0.00000000 	 8.25120000 	 36.39170000
2176 	 7.97100000 	 1.19550000 	 315.90270000 	 7.67970909 	 56.83293900 	 49.49000000 	 51.55200000 	 0.85400000 	 0.22700000 	 0.78500000 	 168.84100000 	 65.00000000 	 10.87400000 	 283.40800000 	 46.64100000 	 0.00000000 	 26.45800000 	 7.51800000 	 1.92000000 	 0.31400000 	 13.75910000 	 120.93340000 	 12.44830000 	 4.89010000 	 10.81160000 	 26.88850000 	 10.99350000 	 3.23510000 	 2.64940000 	 0.43580000 	 11.60590000 	 6.34070000 	 38.75046309 	 1061.52550000 	 215.46280000 	 50.85877857 	 0.00000000 	 0.00000000 	 8.25120000 	 36.39170000
2177 	 7.97100000 	 1.19550000 	 315.90270000 	 7.67970909 	 56.83293900 	 49.49000000 	 51.55200000 	 0.85400000 	 0.22700000 	 0.78500000 	 168.84100000 	 65.00000000 	 10.87400000 	 283.40800000 	 46.64100000 	 0.00000000 	 26.45800000 	 7.51800000 	 1.92000000 	 0.31400000 	 13.75910000 	 120.93340000 	 12.44830000 	 4.89010000 	 10.81160000 	 26.88850000 	 10.99350000 	 3.23510000 	 2.64940000 	 0.43580000 	 11.60590000 	 6.34070000 	 38.75046309 	 1061.52550000 	 215.46280000 	 50.85877857 	 0.00000000 	 0.00000000 	 8.25120000 	 36.39170000
2178 	 7.97100000 	 1.19550000 	 315.90270000 	 7.67970909 	 56.83293900 	 49.49000000 	 51.55200000 	 0.85400000 	 0.22700000 	 0.78500000 	 168.84100000 	 65.00000000 	 10.87400000 	 283.40800000 	 46.64100000 	 0.00000000 	 26.45800000 	 7.51800000 	 1.92000000 	 0.31400000 	 13.75910000 	 120.93340000 	 12.44830000 	 4.89010000 	 10.81160000 	 26.88850000 	 10.99350000 	 3.23510000 	 2.64940000 	 0.43580000 	 11.60590000 	 6.34070000 	 38.75046309 	 1061.52550000 	 215.46280000 	 50.85877857 	 0.00000000 	 0.00000000 	 8.25120000 	 36.39170000
2179 	 7.97100000 	 1.19550000 	 315.90270000 	 7.67970909 	 56.83293900 	 49.49000000 	 51.55200000 	 0.85400000 	 0.22700000 	 0.78500000 	 168.84100000 	 65.00000000 	 10.87400000 	 283.40800000 	 46.64100000 	 0.00000000 	 26.45800000 	 7.51800000 	 1.92000000 	 0.31400000 	 13.75910000 	 120.93340000 	 12.44830000 	 4.89010000 	 10.81160000 	 26.88850000 	 10.99350000 	 3.23510000 	 2.64940000 	 0.43580000 	 11.60590000 	 6.34070000 	 38.75046309 	 1061.52550000 	 215.46280000 	 50.85877857 	 0.00000000 	 0.00000000 	 8.25120000 	 36.39170000
2180 	 7.97100000 	 1.19550000 	 315.90270000 	 7.67970909 	 56.83293900 	 49.49000000 	 51.55200000 	 0.85400000 	 0.22700000 	 0.78500000 	 168.84100000 	 65.00000000 	 10.87400000 	 283.40800000 	 46.64100000 	 0.00000000 	 26.45800000 	 7.51800000 	 1.92000000 	 0.31400000 	 13.75910000 	 120.93340000 	 12.44830000 	 4.89010000 	 10.81160000 	 26.88850000 	 10.99350000 	 3.23510000 	 2.64940000 	 0.43580000 	 11.60590000 	 6.34070000 	 38.75046309 	 1061.52550000 	 215.46280000 	 50.85877857 	 0.00000000 	 0.00000000 	 8.25120000 	 36.39170000
2181 	 7.97100000 	 1.19550000 	 315.90270000 	 7.67970909 	 56.83293900 	 49.49000000 	 51.55200000 	 0.85400000 	 0.22700000 	 0.78500000 	 168.84100000 	 65.00000000 	 10.87400000 	 283.40800000 	 46.64100000 	 0.00000000 	 26.45800000 	 7.51800000 	 1.92000000 	 0.31400000 	 13.75910000 	 120.93340000 	 12.44830000 	 4.89010000 	 10.81160000 	 26.88850000 	 10.99350000 	 3.23510000 	 2.64940000 	 0.43580000 	 11.60590000 	 6.34070000 	 38.75046309 	 1061.52550000 	 215.46280000 	 50.85877857 	 0.00000000 	 0.00000000 	 8.25120000 	 36.39170000
2182 	 7.97100000 	 1.19550000 	 315.90270000 	 7.67970909 	 56.83293900 	 49.49000000 	 51.55200000 	 0.85400000 	 0.22700000 	 0.78500000 	 168.84100000 	 65.00000000 	 10.87400000 	 283.40800000 	 46.64100000 	 0.00000000 	 26.45800000 	 7.51800000 	 1.92000000 	 0.31400000 	 13.75910000 	 120.93340000 	 12.44830000 	 4.89010000 	 10.81160000 	 26.88850000 	 10.99350000 	 3.23510000 	 2.64940000 	 0.43580000 	 11.60590000 	 6.34070000 	 38.75046309 	 1061.52550000 	 215.46280000 	 50.85877857 	 0.00000000 	 0.00000000 	 8.25120000 	 36.39170000
2183 	 7.97100000 	 1.19550000 	 315.90270000 	 7.67970909 	 56.83293900 	 49.49000000 	 51.55200000 	 0.85400000 	 0.22700000 	 0.78500000 	 168.84100000 	 65.00000000 	 10.87400000 	 283.40800000 	 46.64100000 	 0.00000000 	 26.45800000 	 7.51800000 	 1.92000000 	 0.31400000 	 13.75910000 	 120.93340000 	 12.44830000 	 4.89010000 	 10.81160000 	 26.88850000 	 10.99350000 	 3.23510000 	 2.64940000 	 0.43580000 	 11.60590000 	 6.34070000 	 38.75046309 	 1061.52550000 	 215.46280000 	 50.85877857 	 0.00000000 	 0.00000000 	 8.25120000 	 36.39170000
2184 	 7.97100000 	 1.19550000 	 315.90270000 	 7.67970909 	 56.83293900 	 49.49000000 	 51.55200000 	 0.85400000 	 0.22700000 	 0.78500000 	 168.84100000 	 65.00000000 	 10.87400000 	 283.40800000 	 46.64100000 	 0.00000000 	 26.45800000 	 7.51800000 	 1.92000000 	 0.31400000 	 13.75910000 	 120.93340000 	 12.44830000 	 4.89010000 	 10.81160000 	 26.88850000 	 10.99350000 	 3.23510000 	 2.64940000 	 0.43580000 	 11.60590000 	 6.34070000 	 38.75046309 	 1061.52550000 	 215.46280000 	 50.85877857 	 0.00000000 	 0.00000000 	 8.25120000 	 36.39170000
2185 	 7.97100000 	 1.19550000 	 315.90270000 	 7.67970909 	 56.83293900 	 49.49000000 	 51.55200000 	 0.85400000 	 0.22700000 	 0.78500000 	 168.84100000 	 65.00000000 	 10.87400000 	 283.40800000 	 46.64100000 	 0.00000000 	 26.45800000 	 7.51800000 	 1.92000000 	 0.31400000 	 13.75910000 	 120.93340000 	 12.44830000 	 4.89010000 	 10.81160000 	 26.88850000 	 10.99350000 	 3.23510000 	 2.64940000 	 0.43580000 	 11.60590000 	 6.34070000 	 38.75046309 	 1061.52550000 	 215.46280000 	 50.85877857 	 0.00000000 	 0.00000000 	 8.25120000 	 36.39170000
2186 	 7.97100000 	 1.19550000 	 315.90270000 	 7.67970909 	 56.83293900 	 49.49000000 	 51.55200000 	 0.85400000 	 0.22700000 	 0.78500000 	 168.84100000 	 65.00000000 	 10.87400000 	 283.40800000 	 46.64100000 	 0.00000000 	 26.45800000 	 7.51800000 	 1.92000000 	 0.31400000 	 13.75910000 	 120.93340000 	 12.44830000 	 4.89010000 	 10.81160000 	 26.88850000 	 10.99350000 	 3.23510000 	 2.64940000 	 0.43580000 	 11.60590000 	 6.34070000 	 38.75046309 	 1061.52550000 	 215.46280000 	 50.85877857 	 0.00000000 	 0.00000000 	 8.25120000 	 36.39170000
2187 	 7.97100000 	 1.19550000 	 315.90270000 	 7.67970909 	 56.83293900 	 49.49000000 	 51.55200000 	 0.85400000 	 0.22700000 	 0.78500000 	 168.84100000 	 65.00000000 	 10.87400000 	 283.40800000 	 46.64100000 	 0.00000000 	 26.45800000 	 7.51800000 	 1.92000000 	 0.31400000 	 13.75910000 	 120.93340000 	 12.44830000 	 4.89010000 	 10.81160000 	 26.88850000 	 10.99350000 	 3.23510000 	 2.64940000 	 0.43580000 	 11.60590000 	 6.34070000 	 38.75046309 	 1061.52550000 	 215.46280000 	 50.85877857 	 0.00000000 	 0.00000000 	 8.25120000 	 36.39170000
2188 	 7.97100000 	 1.19550000 	 315.90270000 	 7.67970909 	 56.83293900 	 49.49000000 	 51.55200000 	 0.85400000 	 0.22700000 	 0.78500000 	 168.84100000 	 65.00000000 	 10.87400000 	 283.40800000 	 46.64100000 	 0.00000000 	 26.45800000 	 7.51800000 	 1.92000000 	 0.31400000 	 13.75910000 	 120.93340000 	 12.44830000 	 4.89010000 	 10.81160000 	 26.88850000 	 10.99350000 	 3.23510000 	 2.64940000 	 0.43580000 	 11.60590000 	 6.34070000 	 38.75046309 	 1061.52550000 	 215.46280000 	 50.85877857 	 0.00000000 	 0.00000000 	 8.25120000 	 36.39170000
2189 	 7.97100000 	 1.19550000 	 315.90270000 	 7.67970909 	 56.83293900 	 49.49000000 	 51.55200000 	 0.85400000 	 0.22700000 	 0.78500000 	 168.84100000 	 65.00000000 	 10.87400000 	 283.40800000 	 46.64100000 	 0.00000000 	 26.45800000 	 7.51800000 	 1.92000000 	 0.31400000 	 13.75910000 	 120.93340000 	 12.44830000 	 4.89010000 	 10.81160000 	 26.88850000 	 10.99350000 	 3.23510000 	 2.64940000 	 0.43580000 	 11.60590000 	 6.34070000 	 38.75046309 	 1061.52550000 	 215.46280000 	 50.85877857 	 0.00000000 	 0.00000000 	 8.25120000 	 36.39170000
2190 	 7.97100000 	 1.19550000 	 315.90270000 	 7.67970909 	 56.83293900 	 49.49000000 	 51.55200000 	 0.85400000 	 0.22700000 	 0.78500000 	 168.84100000 	 65.00000000 	 10.87400000 	 283.40800000 	 46.64100000 	 0.00000000 	 26.45800000 	 7.51800000 	 1.92000000 	 0.31400000 	 13.75910000 	 120.93340000 	 12.44830000 	 4.89010000 	 10.81160000 	 26.88850000 	 10.99350000 	 3.23510000 	 2.64940000 	 0.43580000 	 11.60590000 	 6.34070000 	 38.75046309 	 1061.52550000 	 215.46280000 	 50.85877857 	 0.00000000 	 0.00000000 	 8.25120000 	 36.39170000
2191 	 7.97100000 	 1.19550000 	 315.90270000 	 7.67970909 	 56.83293900 	 49.49000000 	 51.55200000 	 0.85400000 	 0.22700000 	 0.78500000 	 168.84100000 	 65.00000000 	 10.87400000 	 283.40800000 	 46.64100000 	 0.00000000 	 26.45800000 	 7.51800000 	 1.92000000 	 0.31400000 	 13.75910000 	 120.93340000 	 12.44830000 	 4.89010000 	 10.81160000 	 26.88850000 	 10.99350000 	 3.23510000 	 2.64940000 	 0.43580000 	 11.60590000 	 6.34070000 	 38.75046309 	 1061.52550000 	 215.46280000 	 50.85877857 	 0.00000000 	 0.00000000 	 8.25120000 	 36.39170000
2192 	 7.97100000 	 1.19550000 	 315.90270000 	 7.67970909 	 56.83293900 	 49.49000000 	 51.55200000 	 0.85400000 	 0.22700000 	 0.78500000 	 168.84100000 	 65.00000000 	 10.87400000 	 283.40800000 	 46.64100000 	 0.00000000 	 26.45800000 	 7.51800000 	 1.92000000 	 0.31400000 	 13.75910000 	 120.93340000 	 12.44830000 	 4.89010000 	 10.81160000 	 26.88850000 	 10.99350000 	 3.23510000 	 2.64940000 	 0.43580000 	 11.60590000 	 6.34070000 	 38.75046309 	 1061.52550000 	 215.46280000 	 50.85877857 	 0.00000000 	 0.00000000 	 8.25120000 	 36.39170000
2193 	 7.97100000 	 1.19550000 	 315.90270000 	 7.67970909 	 56.83293900 	 49.49000000 	 51.55200000 	 0.85400000 	 0.22700000 	 0.78500000 	 168.84100000 	 65.00000000 	 10.87400000 	 283.40800000 	 46.64100000 	 0.00000000 	 26.45800000 	 7.51800000 	 1.92000000 	 0.31400000 	 13.75910000 	 120.93340000 	 12.44830000 	 4.89010000 	 10.81160000 	 26.88850000 	 10.99350000 	 3.23510000 	 2.64940000 	 0.43580000 	 11.60590000 	 6.34070000 	 38.75046309 	 1061.52550000 	 215.46280000 	 50.85877857 	 0.00000000 	 0.00000000 	 8.25120000 	 36.39170000
2194 	 7.97100000 	 1.19550000 	 315.90270000 	 7.67970909 	 56.83293900 	 49.49000000 	 51.55200000 	 0.85400000 	 0.22700000 	 0.78500000 	 168.84100000 	 65.00000000 	 10.87400000 	 283.40800000 	 46.64100000 	 0.00000000 	 26.45800000 	 7.51800000 	 1.92000000 	 0.31400000 	 13.75910000 	 120.93340000 	 12.44830000 	 4.89010000 	 10.81160000 	 26.88850000 	 10.99350000 	 3.23510000 	 2.64940000 	 0.43580000 	 11.60590000 	 6.34070000 	 38.75046309 	 1061.52550000 	 215.46280000 	 50.85877857 	 0.00000000 	 0.00000000 	 8.25120000 	 36.39170000
2195 	 7.97100000 	 1.19550000 	 315.90270000 	 7.67970909 	 56.83293900 	 49.49000000 	 51.55200000 	 0.85400000 	 0.22700000 	 0.78500000 	 168.84100000 	 65.00000000 	 10.87400000 	 283.40800000 	 46.64100000 	 0.00000000 	 26.45800000 	 7.51800000 	 1.92000000 	 0.31400000 	 13.75910000 	 120.93340000 	 12.44830000 	 4.89010000 	 10.81160000 	 26.88850000 	 10.99350000 	 3.23510000 	 2.64940000 	 0.43580000 	 11.60590000 	 6.34070000 	 38.75046309 	 1061.52550000 	 215.46280000 	 50.85877857 	 0.00000000 	 0.00000000 	 8.25120000 	 36.39170000
2196 	 7.97100000 	 1.19550000 	 315.90270000 	 7.67970909 	 56.83293900 	 49.49000000 	 51.55200000 	 0.85400000 	 0.22700000 	 0.78500000 	 168.84100000 	 65.00000000 	 10.87400000 	 283.40800000 	 46.64100000 	 0.00000000 	 26.45800000 	 7.51800000 	 1.92000000 	 0.31400000 	 13.75910000 	 120.93340000 	 12.44830000 	 4.89010000 	 10.81160000 	 26.88850000 	 10.99350000 	 3.23510000 	 2.64940000 	 0.43580000 	 11.60590000 	 6.34070000 	 38.75046309 	 1061.52550000 	 215.46280000 	 50.85877857 	 0.00000000 	 0.00000000 	 8.25120000 	 36.39170000
2197 	 7.97100000 	 1.19550000 	 315.90270000 	 7.67970909 	 56.83293900 	 49.49000000 	 51.55200000 	 0.85400000 	 0.22700000 	 0.78500000 	 168.84100000 	 65.00000000 	 10.87400000 	 283.40800000 	 46.64100000 	 0.00000000 	 26.45800000 	 7.51800000 	 1.92000000 	 0.31400000 	 13.75910000 	 120.93340000 	 12.44830000 	 4.89010000 	 10.81160000 	 26.88850000 	 10.99350000 	 3.23510000 	 2.64940000 	 0.43580000 	 11.60590000 	 6.34070000 	 38.75046309 	 1061.52550000 	 215.46280000 	 50.85877857 	 0.00000000 	 0.00000000 	 8.25120000 	 36.39170000
2198 	 7.97100000 	 1.19550000 	 315.90270000 	 7.67970909 	 56.83293900 	 49.49000000 	 51.55200000 	 0.85400000 	 0.22700000 	 0.78500000 	 168.84100000 	 65.00000000 	 10.87400000 	 283.40800000 	 46.64100000 	 0.00000000 	 26.45800000 	 7.51800000 	 1.92000000 	 0.31400000 	 13.75910000 	 120.93340000 	 12.44830000 	 4.89010000 	 10.81160000 	 26.88850000 	 10.99350000 	 3.23510000 	 2.64940000 	 0.43580000 	 11.60590000 	 6.34070000 	 38.75046309 	 1061.52550000 	 215.46280000 	 50.85877857 	 0.00000000 	 0.00000000 	 8.25120000 	 36.39170000
2199 	 7.97100000 	 1.19550000 	 315.90270000 	 7.67970909 	 56.83293900 	 49.49000000 	 51.55200000 	 0.85400000 	 0.22700000 	 0.78500000 	 168.84100000 	 65.00000000 	 10.87400000 	 283.40800000 	 46.64100000 	 0.00000000 	 26.45800000 	 7.51800000 	 1.92000000 	 0.31400000 	 13.75910000 	 120.93340000 	 12.44830000 	 4.89010000 	 10.81160000 	 26.88850000 	 10.99350000 	 3.23510000 	 2.64940000 	 0.43580000 	 11.60590000 	 6.34070000 	 38.75046309 	 1061.52550000 	 215.46280000 	 50.85877857 	 0.00000000 	 0.00000000 	 8.25120000 	 36.39170000
2200 	 7.97100000 	 1.19550000 	 315.90270000 	 7.67970909 	 56.83293900 	 49.49000000 	 51.55200000 	 0.85400000 	 0.22700000 	 0.78500000 	 168.84100000 	 65.00000000 	 10.87400000 	 283.40800000 	 46.64100000 	 0.00000000 	 26.45800000 	 7.51800000 	 1.92000000 	 0.31400000 	 13.75910000 	 120.93340000 	 12.44830000 	 4.89010000 	 10.81160000 	 26.88850000 	 10.99350000 	 3.23510000 	 2.64940000 	 0.43580000 	 11.60590000 	 6.34070000 	 38.75046309 	 1061.52550000 	 215.46280000 	 50.85877857 	 0.00000000 	 0.00000000 	 8.25120000 	 36.39170000
2201 	 7.97100000 	 1.19550000 	 315.90270000 	 7.67970909 	 56.83293900 	 49.49000000 	 51.55200000 	 0.85400000 	 0.22700000 	 0.78500000 	 168.84100000 	 65.00000000 	 10.87400000 	 283.40800000 	 46.64100000 	 0.00000000 	 26.45800000 	 7.51800000 	 1.92000000 	 0.31400000 	 13.75910000 	 120.93340000 	 12.44830000 	 4.89010000 	 10.81160000 	 26.88850000 	 10.99350000 	 3.23510000 	 2.64940000 	 0.43580000 	 11.60590000 	 6.34070000 	 38.75046309 	 1061.52550000 	 215.46280000 	 50.85877857 	 0.00000000 	 0.00000000 	 8.25120000 	 36.39170000
2202 	 7.97100000 	 1.19550000 	 315.90270000 	 7.67970909 	 56.83293900 	 49.49000000 	 51.55200000 	 0.85400000 	 0.22700000 	 0.78500000 	 168.84100000 	 65.00000000 	 10.87400000 	 283.40800000 	 46.64100000 	 0.00000000 	 26.45800000 	 7.51800000 	 1.92000000 	 0.31400000 	 13.75910000 	 120.93340000 	 12.44830000 	 4.89010000 	 10.81160000 	 26.88850000 	 10.99350000 	 3.23510000 	 2.64940000 	 0.43580000 	 11.60590000 	 6.34070000 	 38.75046309 	 1061.52550000 	 215.46280000 	 50.85877857 	 0.00000000 	 0.00000000 	 8.25120000 	 36.39170000
2203 	 7.97100000 	 1.19550000 	 315.90270000 	 7.67970909 	 56.83293900 	 49.49000000 	 51.55200000 	 0.85400000 	 0.22700000 	 0.78500000 	 168.84100000 	 65.00000000 	 10.87400000 	 283.40800000 	 46.64100000 	 0.00000000 	 26.45800000 	 7.51800000 	 1.92000000 	 0.31400000 	 13.75910000 	 120.93340000 	 12.44830000 	 4.89010000 	 10.81160000 	 26.88850000 	 10.99350000 	 3.23510000 	 2.64940000 	 0.43580000 	 11.60590000 	 6.34070000 	 38.75046309 	 1061.52550000 	 215.46280000 	 50.85877857 	 0.00000000 	 0.00000000 	 8.25120000 	 36.39170000
2204 	 7.97100000 	 1.19550000 	 315.90270000 	 7.67970909 	 56.83293900 	 49.49000000 	 51.55200000 	 0.85400000 	 0.22700000 	 0.78500000 	 168.84100000 	 65.00000000 	 10.87400000 	 283.40800000 	 46.64100000 	 0.00000000 	 26.45800000 	 7.51800000 	 1.92000000 	 0.31400000 	 13.75910000 	 120.93340000 	 12.44830000 	 4.89010000 	 10.81160000 	 26.88850000 	 10.99350000 	 3.23510000 	 2.64940000 	 0.43580000 	 11.60590000 	 6.34070000 	 38.75046309 	 1061.52550000 	 215.46280000 	 50.85877857 	 0.00000000 	 0.00000000 	 8.25120000 	 36.39170000
2205 	 7.97100000 	 1.19550000 	 315.90270000 	 7.67970909 	 56.83293900 	 49.49000000 	 51.55200000 	 0.85400000 	 0.22700000 	 0.78500000 	 168.84100000 	 65.00000000 	 10.87400000 	 283.40800000 	 46.64100000 	 0.00000000 	 26.45800000 	 7.51800000 	 1.92000000 	 0.31400000 	 13.75910000 	 120.93340000 	 12.44830000 	 4.89010000 	 10.81160000 	 26.88850000 	 10.99350000 	 3.23510000 	 2.64940000 	 0.43580000 	 11.60590000 	 6.34070000 	 38.75046309 	 1061.52550000 	 215.46280000 	 50.85877857 	 0.00000000 	 0.00000000 	 8.25120000 	 36.39170000
2206 	 7.97100000 	 1.19550000 	 315.90270000 	 7.67970909 	 56.83293900 	 49.49000000 	 51.55200000 	 0.85400000 	 0.22700000 	 0.78500000 	 168.84100000 	 65.00000000 	 10.87400000 	 283.40800000 	 46.64100000 	 0.00000000 	 26.45800000 	 7.51800000 	 1.92000000 	 0.31400000 	 13.75910000 	 120.93340000 	 12.44830000 	 4.89010000 	 10.81160000 	 26.88850000 	 10.99350000 	 3.23510000 	 2.64940000 	 0.43580000 	 11.60590000 	 6.34070000 	 38.75046309 	 1061.52550000 	 215.46280000 	 50.85877857 	 0.00000000 	 0.00000000 	 8.25120000 	 36.39170000
2207 	 7.97100000 	 1.19550000 	 315.90270000 	 7.67970909 	 56.83293900 	 49.49000000 	 51.55200000 	 0.85400000 	 0.22700000 	 0.78500000 	 168.84100000 	 65.00000000 	 10.87400000 	 283.40800000 	 46.64100000 	 0.00000000 	 26.45800000 	 7.51800000 	 1.92000000 	 0.31400000 	 13.75910000 	 120.93340000 	 12.44830000 	 4.89010000 	 10.81160000 	 26.88850000 	 10.99350000 	 3.23510000 	 2.64940000 	 0.43580000 	 11.60590000 	 6.34070000 	 38.75046309 	 1061.52550000 	 215.46280000 	 50.85877857 	 0.00000000 	 0.00000000 	 8.25120000 	 36.39170000
2208 	 7.97100000 	 1.19550000 	 315.90270000 	 7.67970909 	 56.83293900 	 49.49000000 	 51.55200000 	 0.85400000 	 0.22700000 	 0.78500000 	 168.84100000 	 65.00000000 	 10.87400000 	 283.40800000 	 46.64100000 	 0.00000000 	 26.45800000 	 7.51800000 	 1.92000000 	 0.31400000 	 13.75910000 	 120.93340000 	 12.44830000 	 4.89010000 	 10.81160000 	 26.88850000 	 10.99350000 	 3.23510000 	 2.64940000 	 0.43580000 	 11.60590000 	 6.34070000 	 38.75046309 	 1061.52550000 	 215.46280000 	 50.85877857 	 0.00000000 	 0.00000000 	 8.25120000 	 36.39170000
2209 	 7.97100000 	 1.19550000 	 315.90270000 	 7.67970909 	 56.83293900 	 49.49000000 	 51.55200000 	 0.85400000 	 0.22700000 	 0.78500000 	 168.84100000 	 65.00000000 	 10.87400000 	 283.40800000 	 46.64100000 	 0.00000000 	 26.45800000 	 7.51800000 	 1.92000000 	 0.31400000 	 13.75910000 	 120.93340000 	 12.44830000 	 4.89010000 	 10.81160000 	 26.88850000 	 10.99350000 	 3.23510000 	 2.64940000 	 0.43580000 	 11.60590000 	 6.34070000 	 38.75046309 	 1061.52550000 	 215.46280000 	 50.85877857 	 0.00000000 	 0.00000000 	 8.25120000 	 36.39170000
2210 	 7.97100000 	 1.19550000 	 315.90270000 	 7.67970909 	 56.83293900 	 49.49000000 	 51.55200000 	 0.85400000 	 0.22700000 	 0.78500000 	 168.84100000 	 65.00000000 	 10.87400000 	 283.40800000 	 46.64100000 	 0.00000000 	 26.45800000 	 7.51800000 	 1.92000000 	 0.31400000 	 13.75910000 	 120.93340000 	 12.44830000 	 4.89010000 	 10.81160000 	 26.88850000 	 10.99350000 	 3.23510000 	 2.64940000 	 0.43580000 	 11.60590000 	 6.34070000 	 38.75046309 	 1061.52550000 	 215.46280000 	 50.85877857 	 0.00000000 	 0.00000000 	 8.25120000 	 36.39170000
2211 	 7.97100000 	 1.19550000 	 315.90270000 	 7.67970909 	 56.83293900 	 49.49000000 	 51.55200000 	 0.85400000 	 0.22700000 	 0.78500000 	 168.84100000 	 65.00000000 	 10.87400000 	 283.40800000 	 46.64100000 	 0.00000000 	 26.45800000 	 7.51800000 	 1.92000000 	 0.31400000 	 13.75910000 	 120.93340000 	 12.44830000 	 4.89010000 	 10.81160000 	 26.88850000 	 10.99350000 	 3.23510000 	 2.64940000 	 0.43580000 	 11.60590000 	 6.34070000 	 38.75046309 	 1061.52550000 	 215.46280000 	 50.85877857 	 0.00000000 	 0.00000000 	 8.25120000 	 36.39170000
2212 	 7.97100000 	 1.19550000 	 315.90270000 	 7.67970909 	 56.83293900 	 49.49000000 	 51.55200000 	 0.85400000 	 0.22700000 	 0.78500000 	 168.84100000 	 65.00000000 	 10.87400000 	 283.40800000 	 46.64100000 	 0.00000000 	 26.45800000 	 7.51800000 	 1.92000000 	 0.31400000 	 13.75910000 	 120.93340000 	 12.44830000 	 4.89010000 	 10.81160000 	 26.88850000 	 10.99350000 	 3.23510000 	 2.64940000 	 0.43580000 	 11.60590000 	 6.34070000 	 38.75046309 	 1061.52550000 	 215.46280000 	 50.85877857 	 0.00000000 	 0.00000000 	 8.25120000 	 36.39170000
2213 	 7.97100000 	 1.19550000 	 315.90270000 	 7.67970909 	 56.83293900 	 49.49000000 	 51.55200000 	 0.85400000 	 0.22700000 	 0.78500000 	 168.84100000 	 65.00000000 	 10.87400000 	 283.40800000 	 46.64100000 	 0.00000000 	 26.45800000 	 7.51800000 	 1.92000000 	 0.31400000 	 13.75910000 	 120.93340000 	 12.44830000 	 4.89010000 	 10.81160000 	 26.88850000 	 10.99350000 	 3.23510000 	 2.64940000 	 0.43580000 	 11.60590000 	 6.34070000 	 38.75046309 	 1061.52550000 	 215.46280000 	 50.85877857 	 0.00000000 	 0.00000000 	 8.25120000 	 36.39170000
2214 	 7.97100000 	 1.19550000 	 315.90270000 	 7.67970909 	 56.83293900 	 49.49000000 	 51.55200000 	 0.85400000 	 0.22700000 	 0.78500000 	 168.84100000 	 65.00000000 	 10.87400000 	 283.40800000 	 46.64100000 	 0.00000000 	 26.45800000 	 7.51800000 	 1.92000000 	 0.31400000 	 13.75910000 	 120.93340000 	 12.44830000 	 4.89010000 	 10.81160000 	 26.88850000 	 10.99350000 	 3.23510000 	 2.64940000 	 0.43580000 	 11.60590000 	 6.34070000 	 38.75046309 	 1061.52550000 	 215.46280000 	 50.85877857 	 0.00000000 	 0.00000000 	 8.25120000 	 36.39170000
2215 	 7.97100000 	 1.19550000 	 315.90270000 	 7.67970909 	 56.83293900 	 49.49000000 	 51.55200000 	 0.85400000 	 0.22700000 	 0.78500000 	 168.84100000 	 65.00000000 	 10.87400000 	 283.40800000 	 46.64100000 	 0.00000000 	 26.45800000 	 7.51800000 	 1.92000000 	 0.31400000 	 13.75910000 	 120.93340000 	 12.44830000 	 4.89010000 	 10.81160000 	 26.88850000 	 10.99350000 	 3.23510000 	 2.64940000 	 0.43580000 	 11.60590000 	 6.34070000 	 38.75046309 	 1061.52550000 	 215.46280000 	 50.85877857 	 0.00000000 	 0.00000000 	 8.25120000 	 36.39170000
2216 	 7.97100000 	 1.19550000 	 315.90270000 	 7.67970909 	 56.83293900 	 49.49000000 	 51.55200000 	 0.85400000 	 0.22700000 	 0.78500000 	 168.84100000 	 65.00000000 	 10.87400000 	 283.40800000 	 46.64100000 	 0.00000000 	 26.45800000 	 7.51800000 	 1.92000000 	 0.31400000 	 13.75910000 	 120.93340000 	 12.44830000 	 4.89010000 	 10.81160000 	 26.88850000 	 10.99350000 	 3.23510000 	 2.64940000 	 0.43580000 	 11.60590000 	 6.34070000 	 38.75046309 	 1061.52550000 	 215.46280000 	 50.85877857 	 0.00000000 	 0.00000000 	 8.25120000 	 36.39170000
2217 	 7.97100000 	 1.19550000 	 315.90270000 	 7.67970909 	 56.83293900 	 49.49000000 	 51.55200000 	 0.85400000 	 0.22700000 	 0.78500000 	 168.84100000 	 65.00000000 	 10.87400000 	 283.40800000 	 46.64100000 	 0.00000000 	 26.45800000 	 7.51800000 	 1.92000000 	 0.31400000 	 13.75910000 	 120.93340000 	 12.44830000 	 4.89010000 	 10.81160000 	 26.88850000 	 10.99350000 	 3.23510000 	 2.64940000 	 0.43580000 	 11.60590000 	 6.34070000 	 38.75046309 	 1061.52550000 	 215.46280000 	 50.85877857 	 0.00000000 	 0.00000000 	 8.25120000 	 36.39170000
2218 	 7.97100000 	 1.19550000 	 315.90270000 	 7.67970909 	 56.83293900 	 49.49000000 	 51.55200000 	 0.85400000 	 0.22700000 	 0.78500000 	 168.84100000 	 65.00000000 	 10.87400000 	 283.40800000 	 46.64100000 	 0.00000000 	 26.45800000 	 7.51800000 	 1.92000000 	 0.31400000 	 13.75910000 	 120.93340000 	 12.44830000 	 4.89010000 	 10.81160000 	 26.88850000 	 10.99350000 	 3.23510000 	 2.64940000 	 0.43580000 	 11.60590000 	 6.34070000 	 38.75046309 	 1061.52550000 	 215.46280000 	 50.85877857 	 0.00000000 	 0.00000000 	 8.25120000 	 36.39170000
2219 	 7.97100000 	 1.19550000 	 315.90270000 	 7.67970909 	 56.83293900 	 49.49000000 	 51.55200000 	 0.85400000 	 0.22700000 	 0.78500000 	 168.84100000 	 65.00000000 	 10.87400000 	 283.40800000 	 46.64100000 	 0.00000000 	 26.45800000 	 7.51800000 	 1.92000000 	 0.31400000 	 13.75910000 	 120.93340000 	 12.44830000 	 4.89010000 	 10.81160000 	 26.88850000 	 10.99350000 	 3.23510000 	 2.64940000 	 0.43580000 	 11.60590000 	 6.34070000 	 38.75046309 	 1061.52550000 	 215.46280000 	 50.85877857 	 0.00000000 	 0.00000000 	 8.25120000 	 36.39170000
2220 	 7.97100000 	 1.19550000 	 315.90270000 	 7.67970909 	 56.83293900 	 49.49000000 	 51.55200000 	 0.85400000 	 0.22700000 	 0.78500000 	 168.84100000 	 65.00000000 	 10.87400000 	 283.40800000 	 46.64100000 	 0.00000000 	 26.45800000 	 7.51800000 	 1.92000000 	 0.31400000 	 13.75910000 	 120.93340000 	 12.44830000 	 4.89010000 	 10.81160000 	 26.88850000 	 10.99350000 	 3.23510000 	 2.64940000 	 0.43580000 	 11.60590000 	 6.34070000 	 38.75046309 	 1061.52550000 	 215.46280000 	 50.85877857 	 0.00000000 	 0.00000000 	 8.25120000 	 36.39170000
2221 	 7.97100000 	 1.19550000 	 315.90270000 	 7.67970909 	 56.83293900 	 49.49000000 	 51.55200000 	 0.85400000 	 0.22700000 	 0.78500000 	 168.84100000 	 65.00000000 	 10.87400000 	 283.40800000 	 46.64100000 	 0.00000000 	 26.45800000 	 7.51800000 	 1.92000000 	 0.31400000 	 13.75910000 	 120.93340000 	 12.44830000 	 4.89010000 	 10.81160000 	 26.88850000 	 10.99350000 	 3.23510000 	 2.64940000 	 0.43580000 	 11.60590000 	 6.34070000 	 38.75046309 	 1061.52550000 	 215.46280000 	 50.85877857 	 0.00000000 	 0.00000000 	 8.25120000 	 36.39170000
2222 	 7.97100000 	 1.19550000 	 315.90270000 	 7.67970909 	 56.83293900 	 49.49000000 	 51.55200000 	 0.85400000 	 0.22700000 	 0.78500000 	 168.84100000 	 65.00000000 	 10.87400000 	 283.40800000 	 46.64100000 	 0.00000000 	 26.45800000 	 7.51800000 	 1.92000000 	 0.31400000 	 13.75910000 	 120.93340000 	 12.44830000 	 4.89010000 	 10.81160000 	 26.88850000 	 10.99350000 	 3.23510000 	 2.64940000 	 0.43580000 	 11.60590000 	 6.34070000 	 38.75046309 	 1061.52550000 	 215.46280000 	 50.85877857 	 0.00000000 	 0.00000000 	 8.25120000 	 36.39170000
2223 	 7.97100000 	 1.19550000 	 315.90270000 	 7.67970909 	 56.83293900 	 49.49000000 	 51.55200000 	 0.85400000 	 0.22700000 	 0.78500000 	 168.84100000 	 65.00000000 	 10.87400000 	 283.40800000 	 46.64100000 	 0.00000000 	 26.45800000 	 7.51800000 	 1.92000000 	 0.31400000 	 13.75910000 	 120.93340000 	 12.44830000 	 4.89010000 	 10.81160000 	 26.88850000 	 10.99350000 	 3.23510000 	 2.64940000 	 0.43580000 	 11.60590000 	 6.34070000 	 38.75046309 	 1061.52550000 	 215.46280000 	 50.85877857 	 0.00000000 	 0.00000000 	 8.25120000 	 36.39170000
2224 	 7.97100000 	 1.19550000 	 315.90270000 	 7.67970909 	 56.83293900 	 49.49000000 	 51.55200000 	 0.85400000 	 0.22700000 	 0.78500000 	 168.84100000 	 65.00000000 	 10.87400000 	 283.40800000 	 46.64100000 	 0.00000000 	 26.45800000 	 7.51800000 	 1.92000000 	 0.31400000 	 13.75910000 	 120.93340000 	 12.44830000 	 4.89010000 	 10.81160000 	 26.88850000 	 10.99350000 	 3.23510000 	 2.64940000 	 0.43580000 	 11.60590000 	 6.34070000 	 38.75046309 	 1061.52550000 	 215.46280000 	 50.85877857 	 0.00000000 	 0.00000000 	 8.25120000 	 36.39170000
2225 	 7.97100000 	 1.19550000 	 315.90270000 	 7.67970909 	 56.83293900 	 49.49000000 	 51.55200000 	 0.85400000 	 0.22700000 	 0.78500000 	 168.84100000 	 65.00000000 	 10.87400000 	 283.40800000 	 46.64100000 	 0.00000000 	 26.45800000 	 7.51800000 	 1.92000000 	 0.31400000 	 13.75910000 	 120.93340000 	 12.44830000 	 4.89010000 	 10.81160000 	 26.88850000 	 10.99350000 	 3.23510000 	 2.64940000 	 0.43580000 	 11.60590000 	 6.34070000 	 38.75046309 	 1061.52550000 	 215.46280000 	 50.85877857 	 0.00000000 	 0.00000000 	 8.25120000 	 36.39170000
2226 	 7.97100000 	 1.19550000 	 315.90270000 	 7.67970909 	 56.83293900 	 49.49000000 	 51.55200000 	 0.85400000 	 0.22700000 	 0.78500000 	 168.84100000 	 65.00000000 	 10.87400000 	 283.40800000 	 46.64100000 	 0.00000000 	 26.45800000 	 7.51800000 	 1.92000000 	 0.31400000 	 13.75910000 	 120.93340000 	 12.44830000 	 4.89010000 	 10.81160000 	 26.88850000 	 10.99350000 	 3.23510000 	 2.64940000 	 0.43580000 	 11.60590000 	 6.34070000 	 38.75046309 	 1061.52550000 	 215.46280000 	 50.85877857 	 0.00000000 	 0.00000000 	 8.25120000 	 36.39170000
2227 	 7.97100000 	 1.19550000 	 315.90270000 	 7.67970909 	 56.83293900 	 49.49000000 	 51.55200000 	 0.85400000 	 0.22700000 	 0.78500000 	 168.84100000 	 65.00000000 	 10.87400000 	 283.40800000 	 46.64100000 	 0.00000000 	 26.45800000 	 7.51800000 	 1.92000000 	 0.31400000 	 13.75910000 	 120.93340000 	 12.44830000 	 4.89010000 	 10.81160000 	 26.88850000 	 10.99350000 	 3.23510000 	 2.64940000 	 0.43580000 	 11.60590000 	 6.34070000 	 38.75046309 	 1061.52550000 	 215.46280000 	 50.85877857 	 0.00000000 	 0.00000000 	 8.25120000 	 36.39170000
2228 	 7.97100000 	 1.19550000 	 315.90270000 	 7.67970909 	 56.83293900 	 49.49000000 	 51.55200000 	 0.85400000 	 0.22700000 	 0.78500000 	 168.84100000 	 65.00000000 	 10.87400000 	 283.40800000 	 46.64100000 	 0.00000000 	 26.45800000 	 7.51800000 	 1.92000000 	 0.31400000 	 13.75910000 	 120.93340000 	 12.44830000 	 4.89010000 	 10.81160000 	 26.88850000 	 10.99350000 	 3.23510000 	 2.64940000 	 0.43580000 	 11.60590000 	 6.34070000 	 38.75046309 	 1061.52550000 	 215.46280000 	 50.85877857 	 0.00000000 	 0.00000000 	 8.25120000 	 36.39170000
2229 	 7.97100000 	 1.19550000 	 315.90270000 	 7.67970909 	 56.83293900 	 49.49000000 	 51.55200000 	 0.85400000 	 0.22700000 	 0.78500000 	 168.84100000 	 65.00000000 	 10.87400000 	 283.40800000 	 46.64100000 	 0.00000000 	 26.45800000 	 7.51800000 	 1.92000000 	 0.31400000 	 13.75910000 	 120.93340000 	 12.44830000 	 4.89010000 	 10.81160000 	 26.88850000 	 10.99350000 	 3.23510000 	 2.64940000 	 0.43580000 	 11.60590000 	 6.34070000 	 38.75046309 	 1061.52550000 	 215.46280000 	 50.85877857 	 0.00000000 	 0.00000000 	 8.25120000 	 36.39170000
2230 	 7.97100000 	 1.19550000 	 315.90270000 	 7.67970909 	 56.83293900 	 49.49000000 	 51.55200000 	 0.85400000 	 0.22700000 	 0.78500000 	 168.84100000 	 65.00000000 	 10.87400000 	 283.40800000 	 46.64100000 	 0.00000000 	 26.45800000 	 7.51800000 	 1.92000000 	 0.31400000 	 13.75910000 	 120.93340000 	 12.44830000 	 4.89010000 	 10.81160000 	 26.88850000 	 10.99350000 	 3.23510000 	 2.64940000 	 0.43580000 	 11.60590000 	 6.34070000 	 38.75046309 	 1061.52550000 	 215.46280000 	 50.85877857 	 0.00000000 	 0.00000000 	 8.25120000 	 36.39170000
2231 	 7.97100000 	 1.19550000 	 315.90270000 	 7.67970909 	 56.83293900 	 49.49000000 	 51.55200000 	 0.85400000 	 0.22700000 	 0.78500000 	 168.84100000 	 65.00000000 	 10.87400000 	 283.40800000 	 46.64100000 	 0.00000000 	 26.45800000 	 7.51800000 	 1.92000000 	 0.31400000 	 13.75910000 	 120.93340000 	 12.44830000 	 4.89010000 	 10.81160000 	 26.88850000 	 10.99350000 	 3.23510000 	 2.64940000 	 0.43580000 	 11.60590000 	 6.34070000 	 38.75046309 	 1061.52550000 	 215.46280000 	 50.85877857 	 0.00000000 	 0.00000000 	 8.25120000 	 36.39170000
2232 	 7.97100000 	 1.19550000 	 315.90270000 	 7.67970909 	 56.83293900 	 49.49000000 	 51.55200000 	 0.85400000 	 0.22700000 	 0.78500000 	 168.84100000 	 65.00000000 	 10.87400000 	 283.40800000 	 46.64100000 	 0.00000000 	 26.45800000 	 7.51800000 	 1.92000000 	 0.31400000 	 13.75910000 	 120.93340000 	 12.44830000 	 4.89010000 	 10.81160000 	 26.88850000 	 10.99350000 	 3.23510000 	 2.64940000 	 0.43580000 	 11.60590000 	 6.34070000 	 38.75046309 	 1061.52550000 	 215.46280000 	 50.85877857 	 0.00000000 	 0.00000000 	 8.25120000 	 36.39170000
2233 	 7.97100000 	 1.19550000 	 315.90270000 	 7.67970909 	 56.83293900 	 49.49000000 	 51.55200000 	 0.85400000 	 0.22700000 	 0.78500000 	 168.84100000 	 65.00000000 	 10.87400000 	 283.40800000 	 46.64100000 	 0.00000000 	 26.45800000 	 7.51800000 	 1.92000000 	 0.31400000 	 13.75910000 	 120.93340000 	 12.44830000 	 4.89010000 	 10.81160000 	 26.88850000 	 10.99350000 	 3.23510000 	 2.64940000 	 0.43580000 	 11.60590000 	 6.34070000 	 38.75046309 	 1061.52550000 	 215.46280000 	 50.85877857 	 0.00000000 	 0.00000000 	 8.25120000 	 36.39170000
2234 	 7.97100000 	 1.19550000 	 315.90270000 	 7.67970909 	 56.83293900 	 49.49000000 	 51.55200000 	 0.85400000 	 0.22700000 	 0.78500000 	 168.84100000 	 65.00000000 	 10.87400000 	 283.40800000 	 46.64100000 	 0.00000000 	 26.45800000 	 7.51800000 	 1.92000000 	 0.31400000 	 13.75910000 	 120.93340000 	 12.44830000 	 4.89010000 	 10.81160000 	 26.88850000 	 10.99350000 	 3.23510000 	 2.64940000 	 0.43580000 	 11.60590000 	 6.34070000 	 38.75046309 	 1061.52550000 	 215.46280000 	 50.85877857 	 0.00000000 	 0.00000000 	 8.25120000 	 36.39170000
2235 	 7.97100000 	 1.19550000 	 315.90270000 	 7.67970909 	 56.83293900 	 49.49000000 	 51.55200000 	 0.85400000 	 0.22700000 	 0.78500000 	 168.84100000 	 65.00000000 	 10.87400000 	 283.40800000 	 46.64100000 	 0.00000000 	 26.45800000 	 7.51800000 	 1.92000000 	 0.31400000 	 13.75910000 	 120.93340000 	 12.44830000 	 4.89010000 	 10.81160000 	 26.88850000 	 10.99350000 	 3.23510000 	 2.64940000 	 0.43580000 	 11.60590000 	 6.34070000 	 38.75046309 	 1061.52550000 	 215.46280000 	 50.85877857 	 0.00000000 	 0.00000000 	 8.25120000 	 36.39170000
2236 	 7.97100000 	 1.19550000 	 315.90270000 	 7.67970909 	 56.83293900 	 49.49000000 	 51.55200000 	 0.85400000 	 0.22700000 	 0.78500000 	 168.84100000 	 65.00000000 	 10.87400000 	 283.40800000 	 46.64100000 	 0.00000000 	 26.45800000 	 7.51800000 	 1.92000000 	 0.31400000 	 13.75910000 	 120.93340000 	 12.44830000 	 4.89010000 	 10.81160000 	 26.88850000 	 10.99350000 	 3.23510000 	 2.64940000 	 0.43580000 	 11.60590000 	 6.34070000 	 38.75046309 	 1061.52550000 	 215.46280000 	 50.85877857 	 0.00000000 	 0.00000000 	 8.25120000 	 36.39170000
2237 	 7.97100000 	 1.19550000 	 315.90270000 	 7.67970909 	 56.83293900 	 49.49000000 	 51.55200000 	 0.85400000 	 0.22700000 	 0.78500000 	 168.84100000 	 65.00000000 	 10.87400000 	 283.40800000 	 46.64100000 	 0.00000000 	 26.45800000 	 7.51800000 	 1.92000000 	 0.31400000 	 13.75910000 	 120.93340000 	 12.44830000 	 4.89010000 	 10.81160000 	 26.88850000 	 10.99350000 	 3.23510000 	 2.64940000 	 0.43580000 	 11.60590000 	 6.34070000 	 38.75046309 	 1061.52550000 	 215.46280000 	 50.85877857 	 0.00000000 	 0.00000000 	 8.25120000 	 36.39170000
2238 	 7.97100000 	 1.19550000 	 315.90270000 	 7.67970909 	 56.83293900 	 49.49000000 	 51.55200000 	 0.85400000 	 0.22700000 	 0.78500000 	 168.84100000 	 65.00000000 	 10.87400000 	 283.40800000 	 46.64100000 	 0.00000000 	 26.45800000 	 7.51800000 	 1.92000000 	 0.31400000 	 13.75910000 	 120.93340000 	 12.44830000 	 4.89010000 	 10.81160000 	 26.88850000 	 10.99350000 	 3.23510000 	 2.64940000 	 0.43580000 	 11.60590000 	 6.34070000 	 38.75046309 	 1061.52550000 	 215.46280000 	 50.85877857 	 0.00000000 	 0.00000000 	 8.25120000 	 36.39170000
2239 	 7.97100000 	 1.19550000 	 315.90270000 	 7.67970909 	 56.83293900 	 49.49000000 	 51.55200000 	 0.85400000 	 0.22700000 	 0.78500000 	 168.84100000 	 65.00000000 	 10.87400000 	 283.40800000 	 46.64100000 	 0.00000000 	 26.45800000 	 7.51800000 	 1.92000000 	 0.31400000 	 13.75910000 	 120.93340000 	 12.44830000 	 4.89010000 	 10.81160000 	 26.88850000 	 10.99350000 	 3.23510000 	 2.64940000 	 0.43580000 	 11.60590000 	 6.34070000 	 38.75046309 	 1061.52550000 	 215.46280000 	 50.85877857 	 0.00000000 	 0.00000000 	 8.25120000 	 36.39170000
2240 	 7.97100000 	 1.19550000 	 315.90270000 	 7.67970909 	 56.83293900 	 49.49000000 	 51.55200000 	 0.85400000 	 0.22700000 	 0.78500000 	 168.84100000 	 65.00000000 	 10.87400000 	 283.40800000 	 46.64100000 	 0.00000000 	 26.45800000 	 7.51800000 	 1.92000000 	 0.31400000 	 13.75910000 	 120.93340000 	 12.44830000 	 4.89010000 	 10.81160000 	 26.88850000 	 10.99350000 	 3.23510000 	 2.64940000 	 0.43580000 	 11.60590000 	 6.34070000 	 38.75046309 	 1061.52550000 	 215.46280000 	 50.85877857 	 0.00000000 	 0.00000000 	 8.25120000 	 36.39170000
2241 	 7.97100000 	 1.19550000 	 315.90270000 	 7.67970909 	 56.83293900 	 49.49000000 	 51.55200000 	 0.85400000 	 0.22700000 	 0.78500000 	 168.84100000 	 65.00000000 	 10.87400000 	 283.40800000 	 46.64100000 	 0.00000000 	 26.45800000 	 7.51800000 	 1.92000000 	 0.31400000 	 13.75910000 	 120.93340000 	 12.44830000 	 4.89010000 	 10.81160000 	 26.88850000 	 10.99350000 	 3.23510000 	 2.64940000 	 0.43580000 	 11.60590000 	 6.34070000 	 38.75046309 	 1061.52550000 	 215.46280000 	 50.85877857 	 0.00000000 	 0.00000000 	 8.25120000 	 36.39170000
2242 	 7.97100000 	 1.19550000 	 315.90270000 	 7.67970909 	 56.83293900 	 49.49000000 	 51.55200000 	 0.85400000 	 0.22700000 	 0.78500000 	 168.84100000 	 65.00000000 	 10.87400000 	 283.40800000 	 46.64100000 	 0.00000000 	 26.45800000 	 7.51800000 	 1.92000000 	 0.31400000 	 13.75910000 	 120.93340000 	 12.44830000 	 4.89010000 	 10.81160000 	 26.88850000 	 10.99350000 	 3.23510000 	 2.64940000 	 0.43580000 	 11.60590000 	 6.34070000 	 38.75046309 	 1061.52550000 	 215.46280000 	 50.85877857 	 0.00000000 	 0.00000000 	 8.25120000 	 36.39170000
2243 	 7.97100000 	 1.19550000 	 315.90270000 	 7.67970909 	 56.83293900 	 49.49000000 	 51.55200000 	 0.85400000 	 0.22700000 	 0.78500000 	 168.84100000 	 65.00000000 	 10.87400000 	 283.40800000 	 46.64100000 	 0.00000000 	 26.45800000 	 7.51800000 	 1.92000000 	 0.31400000 	 13.75910000 	 120.93340000 	 12.44830000 	 4.89010000 	 10.81160000 	 26.88850000 	 10.99350000 	 3.23510000 	 2.64940000 	 0.43580000 	 11.60590000 	 6.34070000 	 38.75046309 	 1061.52550000 	 215.46280000 	 50.85877857 	 0.00000000 	 0.00000000 	 8.25120000 	 36.39170000
2244 	 7.97100000 	 1.19550000 	 315.90270000 	 7.67970909 	 56.83293900 	 49.49000000 	 51.55200000 	 0.85400000 	 0.22700000 	 0.78500000 	 168.84100000 	 65.00000000 	 10.87400000 	 283.40800000 	 46.64100000 	 0.00000000 	 26.45800000 	 7.51800000 	 1.92000000 	 0.31400000 	 13.75910000 	 120.93340000 	 12.44830000 	 4.89010000 	 10.81160000 	 26.88850000 	 10.99350000 	 3.23510000 	 2.64940000 	 0.43580000 	 11.60590000 	 6.34070000 	 38.75046309 	 1061.52550000 	 215.46280000 	 50.85877857 	 0.00000000 	 0.00000000 	 8.25120000 	 36.39170000
2245 	 7.97100000 	 1.19550000 	 315.90270000 	 7.67970909 	 56.83293900 	 49.49000000 	 51.55200000 	 0.85400000 	 0.22700000 	 0.78500000 	 168.84100000 	 65.00000000 	 10.87400000 	 283.40800000 	 46.64100000 	 0.00000000 	 26.45800000 	 7.51800000 	 1.92000000 	 0.31400000 	 13.75910000 	 120.93340000 	 12.44830000 	 4.89010000 	 10.81160000 	 26.88850000 	 10.99350000 	 3.23510000 	 2.64940000 	 0.43580000 	 11.60590000 	 6.34070000 	 38.75046309 	 1061.52550000 	 215.46280000 	 50.85877857 	 0.00000000 	 0.00000000 	 8.25120000 	 36.39170000
2246 	 7.97100000 	 1.19550000 	 315.90270000 	 7.67970909 	 56.83293900 	 49.49000000 	 51.55200000 	 0.85400000 	 0.22700000 	 0.78500000 	 168.84100000 	 65.00000000 	 10.87400000 	 283.40800000 	 46.64100000 	 0.00000000 	 26.45800000 	 7.51800000 	 1.92000000 	 0.31400000 	 13.75910000 	 120.93340000 	 12.44830000 	 4.89010000 	 10.81160000 	 26.88850000 	 10.99350000 	 3.23510000 	 2.64940000 	 0.43580000 	 11.60590000 	 6.34070000 	 38.75046309 	 1061.52550000 	 215.46280000 	 50.85877857 	 0.00000000 	 0.00000000 	 8.25120000 	 36.39170000
2247 	 7.97100000 	 1.19550000 	 315.90270000 	 7.67970909 	 56.83293900 	 49.49000000 	 51.55200000 	 0.85400000 	 0.22700000 	 0.78500000 	 168.84100000 	 65.00000000 	 10.87400000 	 283.40800000 	 46.64100000 	 0.00000000 	 26.45800000 	 7.51800000 	 1.92000000 	 0.31400000 	 13.75910000 	 120.93340000 	 12.44830000 	 4.89010000 	 10.81160000 	 26.88850000 	 10.99350000 	 3.23510000 	 2.64940000 	 0.43580000 	 11.60590000 	 6.34070000 	 38.75046309 	 1061.52550000 	 215.46280000 	 50.85877857 	 0.00000000 	 0.00000000 	 8.25120000 	 36.39170000
2248 	 7.97100000 	 1.19550000 	 315.90270000 	 7.67970909 	 56.83293900 	 49.49000000 	 51.55200000 	 0.85400000 	 0.22700000 	 0.78500000 	 168.84100000 	 65.00000000 	 10.87400000 	 283.40800000 	 46.64100000 	 0.00000000 	 26.45800000 	 7.51800000 	 1.92000000 	 0.31400000 	 13.75910000 	 120.93340000 	 12.44830000 	 4.89010000 	 10.81160000 	 26.88850000 	 10.99350000 	 3.23510000 	 2.64940000 	 0.43580000 	 11.60590000 	 6.34070000 	 38.75046309 	 1061.52550000 	 215.46280000 	 50.85877857 	 0.00000000 	 0.00000000 	 8.25120000 	 36.39170000
2249 	 7.97100000 	 1.19550000 	 315.90270000 	 7.67970909 	 56.83293900 	 49.49000000 	 51.55200000 	 0.85400000 	 0.22700000 	 0.78500000 	 168.84100000 	 65.00000000 	 10.87400000 	 283.40800000 	 46.64100000 	 0.00000000 	 26.45800000 	 7.51800000 	 1.92000000 	 0.31400000 	 13.75910000 	 120.93340000 	 12.44830000 	 4.89010000 	 10.81160000 	 26.88850000 	 10.99350000 	 3.23510000 	 2.64940000 	 0.43580000 	 11.60590000 	 6.34070000 	 38.75046309 	 1061.52550000 	 215.46280000 	 50.85877857 	 0.00000000 	 0.00000000 	 8.25120000 	 36.39170000
2250 	 7.97100000 	 1.19550000 	 315.90270000 	 7.67970909 	 56.83293900 	 49.49000000 	 51.55200000 	 0.85400000 	 0.22700000 	 0.78500000 	 168.84100000 	 65.00000000 	 10.87400000 	 283.40800000 	 46.64100000 	 0.00000000 	 26.45800000 	 7.51800000 	 1.92000000 	 0.31400000 	 13.75910000 	 120.93340000 	 12.44830000 	 4.89010000 	 10.81160000 	 26.88850000 	 10.99350000 	 3.23510000 	 2.64940000 	 0.43580000 	 11.60590000 	 6.34070000 	 38.75046309 	 1061.52550000 	 215.46280000 	 50.85877857 	 0.00000000 	 0.00000000 	 8.25120000 	 36.39170000
2251 	 7.97100000 	 1.19550000 	 315.90270000 	 7.67970909 	 56.83293900 	 49.49000000 	 51.55200000 	 0.85400000 	 0.22700000 	 0.78500000 	 168.84100000 	 65.00000000 	 10.87400000 	 283.40800000 	 46.64100000 	 0.00000000 	 26.45800000 	 7.51800000 	 1.92000000 	 0.31400000 	 13.75910000 	 120.93340000 	 12.44830000 	 4.89010000 	 10.81160000 	 26.88850000 	 10.99350000 	 3.23510000 	 2.64940000 	 0.43580000 	 11.60590000 	 6.34070000 	 38.75046309 	 1061.52550000 	 215.46280000 	 50.85877857 	 0.00000000 	 0.00000000 	 8.25120000 	 36.39170000
2252 	 7.97100000 	 1.19550000 	 315.90270000 	 7.67970909 	 56.83293900 	 49.49000000 	 51.55200000 	 0.85400000 	 0.22700000 	 0.78500000 	 168.84100000 	 65.00000000 	 10.87400000 	 283.40800000 	 46.64100000 	 0.00000000 	 26.45800000 	 7.51800000 	 1.92000000 	 0.31400000 	 13.75910000 	 120.93340000 	 12.44830000 	 4.89010000 	 10.81160000 	 26.88850000 	 10.99350000 	 3.23510000 	 2.64940000 	 0.43580000 	 11.60590000 	 6.34070000 	 38.75046309 	 1061.52550000 	 215.46280000 	 50.85877857 	 0.00000000 	 0.00000000 	 8.25120000 	 36.39170000
2253 	 7.97100000 	 1.19550000 	 315.90270000 	 7.67970909 	 56.83293900 	 49.49000000 	 51.55200000 	 0.85400000 	 0.22700000 	 0.78500000 	 168.84100000 	 65.00000000 	 10.87400000 	 283.40800000 	 46.64100000 	 0.00000000 	 26.45800000 	 7.51800000 	 1.92000000 	 0.31400000 	 13.75910000 	 120.93340000 	 12.44830000 	 4.89010000 	 10.81160000 	 26.88850000 	 10.99350000 	 3.23510000 	 2.64940000 	 0.43580000 	 11.60590000 	 6.34070000 	 38.75046309 	 1061.52550000 	 215.46280000 	 50.85877857 	 0.00000000 	 0.00000000 	 8.25120000 	 36.39170000
2254 	 7.97100000 	 1.19550000 	 315.90270000 	 7.67970909 	 56.83293900 	 49.49000000 	 51.55200000 	 0.85400000 	 0.22700000 	 0.78500000 	 168.84100000 	 65.00000000 	 10.87400000 	 283.40800000 	 46.64100000 	 0.00000000 	 26.45800000 	 7.51800000 	 1.92000000 	 0.31400000 	 13.75910000 	 120.93340000 	 12.44830000 	 4.89010000 	 10.81160000 	 26.88850000 	 10.99350000 	 3.23510000 	 2.64940000 	 0.43580000 	 11.60590000 	 6.34070000 	 38.75046309 	 1061.52550000 	 215.46280000 	 50.85877857 	 0.00000000 	 0.00000000 	 8.25120000 	 36.39170000
2255 	 7.97100000 	 1.19550000 	 315.90270000 	 7.67970909 	 56.83293900 	 49.49000000 	 51.55200000 	 0.85400000 	 0.22700000 	 0.78500000 	 168.84100000 	 65.00000000 	 10.87400000 	 283.40800000 	 46.64100000 	 0.00000000 	 26.45800000 	 7.51800000 	 1.92000000 	 0.31400000 	 13.75910000 	 120.93340000 	 12.44830000 	 4.89010000 	 10.81160000 	 26.88850000 	 10.99350000 	 3.23510000 	 2.64940000 	 0.43580000 	 11.60590000 	 6.34070000 	 38.75046309 	 1061.52550000 	 215.46280000 	 50.85877857 	 0.00000000 	 0.00000000 	 8.25120000 	 36.39170000
2256 	 7.97100000 	 1.19550000 	 315.90270000 	 7.67970909 	 56.83293900 	 49.49000000 	 51.55200000 	 0.85400000 	 0.22700000 	 0.78500000 	 168.84100000 	 65.00000000 	 10.87400000 	 283.40800000 	 46.64100000 	 0.00000000 	 26.45800000 	 7.51800000 	 1.92000000 	 0.31400000 	 13.75910000 	 120.93340000 	 12.44830000 	 4.89010000 	 10.81160000 	 26.88850000 	 10.99350000 	 3.23510000 	 2.64940000 	 0.43580000 	 11.60590000 	 6.34070000 	 38.75046309 	 1061.52550000 	 215.46280000 	 50.85877857 	 0.00000000 	 0.00000000 	 8.25120000 	 36.39170000
2257 	 7.97100000 	 1.19550000 	 315.90270000 	 7.67970909 	 56.83293900 	 49.49000000 	 51.55200000 	 0.85400000 	 0.22700000 	 0.78500000 	 168.84100000 	 65.00000000 	 10.87400000 	 283.40800000 	 46.64100000 	 0.00000000 	 26.45800000 	 7.51800000 	 1.92000000 	 0.31400000 	 13.75910000 	 120.93340000 	 12.44830000 	 4.89010000 	 10.81160000 	 26.88850000 	 10.99350000 	 3.23510000 	 2.64940000 	 0.43580000 	 11.60590000 	 6.34070000 	 38.75046309 	 1061.52550000 	 215.46280000 	 50.85877857 	 0.00000000 	 0.00000000 	 8.25120000 	 36.39170000
2258 	 7.97100000 	 1.19550000 	 315.90270000 	 7.67970909 	 56.83293900 	 49.49000000 	 51.55200000 	 0.85400000 	 0.22700000 	 0.78500000 	 168.84100000 	 65.00000000 	 10.87400000 	 283.40800000 	 46.64100000 	 0.00000000 	 26.45800000 	 7.51800000 	 1.92000000 	 0.31400000 	 13.75910000 	 120.93340000 	 12.44830000 	 4.89010000 	 10.81160000 	 26.88850000 	 10.99350000 	 3.23510000 	 2.64940000 	 0.43580000 	 11.60590000 	 6.34070000 	 38.75046309 	 1061.52550000 	 215.46280000 	 50.85877857 	 0.00000000 	 0.00000000 	 8.25120000 	 36.39170000
2259 	 7.97100000 	 1.19550000 	 315.90270000 	 7.67970909 	 56.83293900 	 49.49000000 	 51.55200000 	 0.85400000 	 0.22700000 	 0.78500000 	 168.84100000 	 65.00000000 	 10.87400000 	 283.40800000 	 46.64100000 	 0.00000000 	 26.45800000 	 7.51800000 	 1.92000000 	 0.31400000 	 13.75910000 	 120.93340000 	 12.44830000 	 4.89010000 	 10.81160000 	 26.88850000 	 10.99350000 	 3.23510000 	 2.64940000 	 0.43580000 	 11.60590000 	 6.34070000 	 38.75046309 	 1061.52550000 	 215.46280000 	 50.85877857 	 0.00000000 	 0.00000000 	 8.25120000 	 36.39170000
2260 	 7.97100000 	 1.19550000 	 315.90270000 	 7.67970909 	 56.83293900 	 49.49000000 	 51.55200000 	 0.85400000 	 0.22700000 	 0.78500000 	 168.84100000 	 65.00000000 	 10.87400000 	 283.40800000 	 46.64100000 	 0.00000000 	 26.45800000 	 7.51800000 	 1.92000000 	 0.31400000 	 13.75910000 	 120.93340000 	 12.44830000 	 4.89010000 	 10.81160000 	 26.88850000 	 10.99350000 	 3.23510000 	 2.64940000 	 0.43580000 	 11.60590000 	 6.34070000 	 38.75046309 	 1061.52550000 	 215.46280000 	 50.85877857 	 0.00000000 	 0.00000000 	 8.25120000 	 36.39170000
2261 	 7.97100000 	 1.19550000 	 315.90270000 	 7.67970909 	 56.83293900 	 49.49000000 	 51.55200000 	 0.85400000 	 0.22700000 	 0.78500000 	 168.84100000 	 65.00000000 	 10.87400000 	 283.40800000 	 46.64100000 	 0.00000000 	 26.45800000 	 7.51800000 	 1.92000000 	 0.31400000 	 13.75910000 	 120.93340000 	 12.44830000 	 4.89010000 	 10.81160000 	 26.88850000 	 10.99350000 	 3.23510000 	 2.64940000 	 0.43580000 	 11.60590000 	 6.34070000 	 38.75046309 	 1061.52550000 	 215.46280000 	 50.85877857 	 0.00000000 	 0.00000000 	 8.25120000 	 36.39170000
2262 	 7.97100000 	 1.19550000 	 315.90270000 	 7.67970909 	 56.83293900 	 49.49000000 	 51.55200000 	 0.85400000 	 0.22700000 	 0.78500000 	 168.84100000 	 65.00000000 	 10.87400000 	 283.40800000 	 46.64100000 	 0.00000000 	 26.45800000 	 7.51800000 	 1.92000000 	 0.31400000 	 13.75910000 	 120.93340000 	 12.44830000 	 4.89010000 	 10.81160000 	 26.88850000 	 10.99350000 	 3.23510000 	 2.64940000 	 0.43580000 	 11.60590000 	 6.34070000 	 38.75046309 	 1061.52550000 	 215.46280000 	 50.85877857 	 0.00000000 	 0.00000000 	 8.25120000 	 36.39170000
2263 	 7.97100000 	 1.19550000 	 315.90270000 	 7.67970909 	 56.83293900 	 49.49000000 	 51.55200000 	 0.85400000 	 0.22700000 	 0.78500000 	 168.84100000 	 65.00000000 	 10.87400000 	 283.40800000 	 46.64100000 	 0.00000000 	 26.45800000 	 7.51800000 	 1.92000000 	 0.31400000 	 13.75910000 	 120.93340000 	 12.44830000 	 4.89010000 	 10.81160000 	 26.88850000 	 10.99350000 	 3.23510000 	 2.64940000 	 0.43580000 	 11.60590000 	 6.34070000 	 38.75046309 	 1061.52550000 	 215.46280000 	 50.85877857 	 0.00000000 	 0.00000000 	 8.25120000 	 36.39170000
2264 	 7.97100000 	 1.19550000 	 315.90270000 	 7.67970909 	 56.83293900 	 49.49000000 	 51.55200000 	 0.85400000 	 0.22700000 	 0.78500000 	 168.84100000 	 65.00000000 	 10.87400000 	 283.40800000 	 46.64100000 	 0.00000000 	 26.45800000 	 7.51800000 	 1.92000000 	 0.31400000 	 13.75910000 	 120.93340000 	 12.44830000 	 4.89010000 	 10.81160000 	 26.88850000 	 10.99350000 	 3.23510000 	 2.64940000 	 0.43580000 	 11.60590000 	 6.34070000 	 38.75046309 	 1061.52550000 	 215.46280000 	 50.85877857 	 0.00000000 	 0.00000000 	 8.25120000 	 36.39170000
2265 	 7.97100000 	 1.19550000 	 315.90270000 	 7.67970909 	 56.83293900 	 49.49000000 	 51.55200000 	 0.85400000 	 0.22700000 	 0.78500000 	 168.84100000 	 65.00000000 	 10.87400000 	 283.40800000 	 46.64100000 	 0.00000000 	 26.45800000 	 7.51800000 	 1.92000000 	 0.31400000 	 13.75910000 	 120.93340000 	 12.44830000 	 4.89010000 	 10.81160000 	 26.88850000 	 10.99350000 	 3.23510000 	 2.64940000 	 0.43580000 	 11.60590000 	 6.34070000 	 38.75046309 	 1061.52550000 	 215.46280000 	 50.85877857 	 0.00000000 	 0.00000000 	 8.25120000 	 36.39170000
2266 	 7.97100000 	 1.19550000 	 315.90270000 	 7.67970909 	 56.83293900 	 49.49000000 	 51.55200000 	 0.85400000 	 0.22700000 	 0.78500000 	 168.84100000 	 65.00000000 	 10.87400000 	 283.40800000 	 46.64100000 	 0.00000000 	 26.45800000 	 7.51800000 	 1.92000000 	 0.31400000 	 13.75910000 	 120.93340000 	 12.44830000 	 4.89010000 	 10.81160000 	 26.88850000 	 10.99350000 	 3.23510000 	 2.64940000 	 0.43580000 	 11.60590000 	 6.34070000 	 38.75046309 	 1061.52550000 	 215.46280000 	 50.85877857 	 0.00000000 	 0.00000000 	 8.25120000 	 36.39170000
2267 	 7.97100000 	 1.19550000 	 315.90270000 	 7.67970909 	 56.83293900 	 49.49000000 	 51.55200000 	 0.85400000 	 0.22700000 	 0.78500000 	 168.84100000 	 65.00000000 	 10.87400000 	 283.40800000 	 46.64100000 	 0.00000000 	 26.45800000 	 7.51800000 	 1.92000000 	 0.31400000 	 13.75910000 	 120.93340000 	 12.44830000 	 4.89010000 	 10.81160000 	 26.88850000 	 10.99350000 	 3.23510000 	 2.64940000 	 0.43580000 	 11.60590000 	 6.34070000 	 38.75046309 	 1061.52550000 	 215.46280000 	 50.85877857 	 0.00000000 	 0.00000000 	 8.25120000 	 36.39170000
2268 	 7.97100000 	 1.19550000 	 315.90270000 	 7.67970909 	 56.83293900 	 49.49000000 	 51.55200000 	 0.85400000 	 0.22700000 	 0.78500000 	 168.84100000 	 65.00000000 	 10.87400000 	 283.40800000 	 46.64100000 	 0.00000000 	 26.45800000 	 7.51800000 	 1.92000000 	 0.31400000 	 13.75910000 	 120.93340000 	 12.44830000 	 4.89010000 	 10.81160000 	 26.88850000 	 10.99350000 	 3.23510000 	 2.64940000 	 0.43580000 	 11.60590000 	 6.34070000 	 38.75046309 	 1061.52550000 	 215.46280000 	 50.85877857 	 0.00000000 	 0.00000000 	 8.25120000 	 36.39170000
2269 	 7.97100000 	 1.19550000 	 315.90270000 	 7.67970909 	 56.83293900 	 49.49000000 	 51.55200000 	 0.85400000 	 0.22700000 	 0.78500000 	 168.84100000 	 65.00000000 	 10.87400000 	 283.40800000 	 46.64100000 	 0.00000000 	 26.45800000 	 7.51800000 	 1.92000000 	 0.31400000 	 13.75910000 	 120.93340000 	 12.44830000 	 4.89010000 	 10.81160000 	 26.88850000 	 10.99350000 	 3.23510000 	 2.64940000 	 0.43580000 	 11.60590000 	 6.34070000 	 38.75046309 	 1061.52550000 	 215.46280000 	 50.85877857 	 0.00000000 	 0.00000000 	 8.25120000 	 36.39170000
2270 	 7.97100000 	 1.19550000 	 315.90270000 	 7.67970909 	 56.83293900 	 49.49000000 	 51.55200000 	 0.85400000 	 0.22700000 	 0.78500000 	 168.84100000 	 65.00000000 	 10.87400000 	 283.40800000 	 46.64100000 	 0.00000000 	 26.45800000 	 7.51800000 	 1.92000000 	 0.31400000 	 13.75910000 	 120.93340000 	 12.44830000 	 4.89010000 	 10.81160000 	 26.88850000 	 10.99350000 	 3.23510000 	 2.64940000 	 0.43580000 	 11.60590000 	 6.34070000 	 38.75046309 	 1061.52550000 	 215.46280000 	 50.85877857 	 0.00000000 	 0.00000000 	 8.25120000 	 36.39170000
2271 	 7.97100000 	 1.19550000 	 315.90270000 	 7.67970909 	 56.83293900 	 49.49000000 	 51.55200000 	 0.85400000 	 0.22700000 	 0.78500000 	 168.84100000 	 65.00000000 	 10.87400000 	 283.40800000 	 46.64100000 	 0.00000000 	 26.45800000 	 7.51800000 	 1.92000000 	 0.31400000 	 13.75910000 	 120.93340000 	 12.44830000 	 4.89010000 	 10.81160000 	 26.88850000 	 10.99350000 	 3.23510000 	 2.64940000 	 0.43580000 	 11.60590000 	 6.34070000 	 38.75046309 	 1061.52550000 	 215.46280000 	 50.85877857 	 0.00000000 	 0.00000000 	 8.25120000 	 36.39170000
2272 	 7.97100000 	 1.19550000 	 315.90270000 	 7.67970909 	 56.83293900 	 49.49000000 	 51.55200000 	 0.85400000 	 0.22700000 	 0.78500000 	 168.84100000 	 65.00000000 	 10.87400000 	 283.40800000 	 46.64100000 	 0.00000000 	 26.45800000 	 7.51800000 	 1.92000000 	 0.31400000 	 13.75910000 	 120.93340000 	 12.44830000 	 4.89010000 	 10.81160000 	 26.88850000 	 10.99350000 	 3.23510000 	 2.64940000 	 0.43580000 	 11.60590000 	 6.34070000 	 38.75046309 	 1061.52550000 	 215.46280000 	 50.85877857 	 0.00000000 	 0.00000000 	 8.25120000 	 36.39170000
2273 	 7.97100000 	 1.19550000 	 315.90270000 	 7.67970909 	 56.83293900 	 49.49000000 	 51.55200000 	 0.85400000 	 0.22700000 	 0.78500000 	 168.84100000 	 65.00000000 	 10.87400000 	 283.40800000 	 46.64100000 	 0.00000000 	 26.45800000 	 7.51800000 	 1.92000000 	 0.31400000 	 13.75910000 	 120.93340000 	 12.44830000 	 4.89010000 	 10.81160000 	 26.88850000 	 10.99350000 	 3.23510000 	 2.64940000 	 0.43580000 	 11.60590000 	 6.34070000 	 38.75046309 	 1061.52550000 	 215.46280000 	 50.85877857 	 0.00000000 	 0.00000000 	 8.25120000 	 36.39170000
2274 	 7.97100000 	 1.19550000 	 315.90270000 	 7.67970909 	 56.83293900 	 49.49000000 	 51.55200000 	 0.85400000 	 0.22700000 	 0.78500000 	 168.84100000 	 65.00000000 	 10.87400000 	 283.40800000 	 46.64100000 	 0.00000000 	 26.45800000 	 7.51800000 	 1.92000000 	 0.31400000 	 13.75910000 	 120.93340000 	 12.44830000 	 4.89010000 	 10.81160000 	 26.88850000 	 10.99350000 	 3.23510000 	 2.64940000 	 0.43580000 	 11.60590000 	 6.34070000 	 38.75046309 	 1061.52550000 	 215.46280000 	 50.85877857 	 0.00000000 	 0.00000000 	 8.25120000 	 36.39170000
2275 	 7.97100000 	 1.19550000 	 315.90270000 	 7.67970909 	 56.83293900 	 49.49000000 	 51.55200000 	 0.85400000 	 0.22700000 	 0.78500000 	 168.84100000 	 65.00000000 	 10.87400000 	 283.40800000 	 46.64100000 	 0.00000000 	 26.45800000 	 7.51800000 	 1.92000000 	 0.31400000 	 13.75910000 	 120.93340000 	 12.44830000 	 4.89010000 	 10.81160000 	 26.88850000 	 10.99350000 	 3.23510000 	 2.64940000 	 0.43580000 	 11.60590000 	 6.34070000 	 38.75046309 	 1061.52550000 	 215.46280000 	 50.85877857 	 0.00000000 	 0.00000000 	 8.25120000 	 36.39170000
2276 	 7.97100000 	 1.19550000 	 315.90270000 	 7.67970909 	 56.83293900 	 49.49000000 	 51.55200000 	 0.85400000 	 0.22700000 	 0.78500000 	 168.84100000 	 65.00000000 	 10.87400000 	 283.40800000 	 46.64100000 	 0.00000000 	 26.45800000 	 7.51800000 	 1.92000000 	 0.31400000 	 13.75910000 	 120.93340000 	 12.44830000 	 4.89010000 	 10.81160000 	 26.88850000 	 10.99350000 	 3.23510000 	 2.64940000 	 0.43580000 	 11.60590000 	 6.34070000 	 38.75046309 	 1061.52550000 	 215.46280000 	 50.85877857 	 0.00000000 	 0.00000000 	 8.25120000 	 36.39170000
2277 	 7.97100000 	 1.19550000 	 315.90270000 	 7.67970909 	 56.83293900 	 49.49000000 	 51.55200000 	 0.85400000 	 0.22700000 	 0.78500000 	 168.84100000 	 65.00000000 	 10.87400000 	 283.40800000 	 46.64100000 	 0.00000000 	 26.45800000 	 7.51800000 	 1.92000000 	 0.31400000 	 13.75910000 	 120.93340000 	 12.44830000 	 4.89010000 	 10.81160000 	 26.88850000 	 10.99350000 	 3.23510000 	 2.64940000 	 0.43580000 	 11.60590000 	 6.34070000 	 38.75046309 	 1061.52550000 	 215.46280000 	 50.85877857 	 0.00000000 	 0.00000000 	 8.25120000 	 36.39170000
2278 	 7.97100000 	 1.19550000 	 315.90270000 	 7.67970909 	 56.83293900 	 49.49000000 	 51.55200000 	 0.85400000 	 0.22700000 	 0.78500000 	 168.84100000 	 65.00000000 	 10.87400000 	 283.40800000 	 46.64100000 	 0.00000000 	 26.45800000 	 7.51800000 	 1.92000000 	 0.31400000 	 13.75910000 	 120.93340000 	 12.44830000 	 4.89010000 	 10.81160000 	 26.88850000 	 10.99350000 	 3.23510000 	 2.64940000 	 0.43580000 	 11.60590000 	 6.34070000 	 38.75046309 	 1061.52550000 	 215.46280000 	 50.85877857 	 0.00000000 	 0.00000000 	 8.25120000 	 36.39170000
2279 	 7.97100000 	 1.19550000 	 315.90270000 	 7.67970909 	 56.83293900 	 49.49000000 	 51.55200000 	 0.85400000 	 0.22700000 	 0.78500000 	 168.84100000 	 65.00000000 	 10.87400000 	 283.40800000 	 46.64100000 	 0.00000000 	 26.45800000 	 7.51800000 	 1.92000000 	 0.31400000 	 13.75910000 	 120.93340000 	 12.44830000 	 4.89010000 	 10.81160000 	 26.88850000 	 10.99350000 	 3.23510000 	 2.64940000 	 0.43580000 	 11.60590000 	 6.34070000 	 38.75046309 	 1061.52550000 	 215.46280000 	 50.85877857 	 0.00000000 	 0.00000000 	 8.25120000 	 36.39170000
2280 	 7.97100000 	 1.19550000 	 315.90270000 	 7.67970909 	 56.83293900 	 49.49000000 	 51.55200000 	 0.85400000 	 0.22700000 	 0.78500000 	 168.84100000 	 65.00000000 	 10.87400000 	 283.40800000 	 46.64100000 	 0.00000000 	 26.45800000 	 7.51800000 	 1.92000000 	 0.31400000 	 13.75910000 	 120.93340000 	 12.44830000 	 4.89010000 	 10.81160000 	 26.88850000 	 10.99350000 	 3.23510000 	 2.64940000 	 0.43580000 	 11.60590000 	 6.34070000 	 38.75046309 	 1061.52550000 	 215.46280000 	 50.85877857 	 0.00000000 	 0.00000000 	 8.25120000 	 36.39170000
2281 	 7.97100000 	 1.19550000 	 315.90270000 	 7.67970909 	 56.83293900 	 49.49000000 	 51.55200000 	 0.85400000 	 0.22700000 	 0.78500000 	 168.84100000 	 65.00000000 	 10.87400000 	 283.40800000 	 46.64100000 	 0.00000000 	 26.45800000 	 7.51800000 	 1.92000000 	 0.31400000 	 13.75910000 	 120.93340000 	 12.44830000 	 4.89010000 	 10.81160000 	 26.88850000 	 10.99350000 	 3.23510000 	 2.64940000 	 0.43580000 	 11.60590000 	 6.34070000 	 38.75046309 	 1061.52550000 	 215.46280000 	 50.85877857 	 0.00000000 	 0.00000000 	 8.25120000 	 36.39170000
2282 	 7.97100000 	 1.19550000 	 315.90270000 	 7.67970909 	 56.83293900 	 49.49000000 	 51.55200000 	 0.85400000 	 0.22700000 	 0.78500000 	 168.84100000 	 65.00000000 	 10.87400000 	 283.40800000 	 46.64100000 	 0.00000000 	 26.45800000 	 7.51800000 	 1.92000000 	 0.31400000 	 13.75910000 	 120.93340000 	 12.44830000 	 4.89010000 	 10.81160000 	 26.88850000 	 10.99350000 	 3.23510000 	 2.64940000 	 0.43580000 	 11.60590000 	 6.34070000 	 38.75046309 	 1061.52550000 	 215.46280000 	 50.85877857 	 0.00000000 	 0.00000000 	 8.25120000 	 36.39170000
2283 	 7.97100000 	 1.19550000 	 315.90270000 	 7.67970909 	 56.83293900 	 49.49000000 	 51.55200000 	 0.85400000 	 0.22700000 	 0.78500000 	 168.84100000 	 65.00000000 	 10.87400000 	 283.40800000 	 46.64100000 	 0.00000000 	 26.45800000 	 7.51800000 	 1.92000000 	 0.31400000 	 13.75910000 	 120.93340000 	 12.44830000 	 4.89010000 	 10.81160000 	 26.88850000 	 10.99350000 	 3.23510000 	 2.64940000 	 0.43580000 	 11.60590000 	 6.34070000 	 38.75046309 	 1061.52550000 	 215.46280000 	 50.85877857 	 0.00000000 	 0.00000000 	 8.25120000 	 36.39170000
2284 	 7.97100000 	 1.19550000 	 315.90270000 	 7.67970909 	 56.83293900 	 49.49000000 	 51.55200000 	 0.85400000 	 0.22700000 	 0.78500000 	 168.84100000 	 65.00000000 	 10.87400000 	 283.40800000 	 46.64100000 	 0.00000000 	 26.45800000 	 7.51800000 	 1.92000000 	 0.31400000 	 13.75910000 	 120.93340000 	 12.44830000 	 4.89010000 	 10.81160000 	 26.88850000 	 10.99350000 	 3.23510000 	 2.64940000 	 0.43580000 	 11.60590000 	 6.34070000 	 38.75046309 	 1061.52550000 	 215.46280000 	 50.85877857 	 0.00000000 	 0.00000000 	 8.25120000 	 36.39170000
2285 	 7.97100000 	 1.19550000 	 315.90270000 	 7.67970909 	 56.83293900 	 49.49000000 	 51.55200000 	 0.85400000 	 0.22700000 	 0.78500000 	 168.84100000 	 65.00000000 	 10.87400000 	 283.40800000 	 46.64100000 	 0.00000000 	 26.45800000 	 7.51800000 	 1.92000000 	 0.31400000 	 13.75910000 	 120.93340000 	 12.44830000 	 4.89010000 	 10.81160000 	 26.88850000 	 10.99350000 	 3.23510000 	 2.64940000 	 0.43580000 	 11.60590000 	 6.34070000 	 38.75046309 	 1061.52550000 	 215.46280000 	 50.85877857 	 0.00000000 	 0.00000000 	 8.25120000 	 36.39170000
2286 	 7.97100000 	 1.19550000 	 315.90270000 	 7.67970909 	 56.83293900 	 49.49000000 	 51.55200000 	 0.85400000 	 0.22700000 	 0.78500000 	 168.84100000 	 65.00000000 	 10.87400000 	 283.40800000 	 46.64100000 	 0.00000000 	 26.45800000 	 7.51800000 	 1.92000000 	 0.31400000 	 13.75910000 	 120.93340000 	 12.44830000 	 4.89010000 	 10.81160000 	 26.88850000 	 10.99350000 	 3.23510000 	 2.64940000 	 0.43580000 	 11.60590000 	 6.34070000 	 38.75046309 	 1061.52550000 	 215.46280000 	 50.85877857 	 0.00000000 	 0.00000000 	 8.25120000 	 36.39170000
2287 	 7.97100000 	 1.19550000 	 315.90270000 	 7.67970909 	 56.83293900 	 49.49000000 	 51.55200000 	 0.85400000 	 0.22700000 	 0.78500000 	 168.84100000 	 65.00000000 	 10.87400000 	 283.40800000 	 46.64100000 	 0.00000000 	 26.45800000 	 7.51800000 	 1.92000000 	 0.31400000 	 13.75910000 	 120.93340000 	 12.44830000 	 4.89010000 	 10.81160000 	 26.88850000 	 10.99350000 	 3.23510000 	 2.64940000 	 0.43580000 	 11.60590000 	 6.34070000 	 38.75046309 	 1061.52550000 	 215.46280000 	 50.85877857 	 0.00000000 	 0.00000000 	 8.25120000 	 36.39170000
2288 	 7.97100000 	 1.19550000 	 315.90270000 	 7.67970909 	 56.83293900 	 49.49000000 	 51.55200000 	 0.85400000 	 0.22700000 	 0.78500000 	 168.84100000 	 65.00000000 	 10.87400000 	 283.40800000 	 46.64100000 	 0.00000000 	 26.45800000 	 7.51800000 	 1.92000000 	 0.31400000 	 13.75910000 	 120.93340000 	 12.44830000 	 4.89010000 	 10.81160000 	 26.88850000 	 10.99350000 	 3.23510000 	 2.64940000 	 0.43580000 	 11.60590000 	 6.34070000 	 38.75046309 	 1061.52550000 	 215.46280000 	 50.85877857 	 0.00000000 	 0.00000000 	 8.25120000 	 36.39170000
2289 	 7.97100000 	 1.19550000 	 315.90270000 	 7.67970909 	 56.83293900 	 49.49000000 	 51.55200000 	 0.85400000 	 0.22700000 	 0.78500000 	 168.84100000 	 65.00000000 	 10.87400000 	 283.40800000 	 46.64100000 	 0.00000000 	 26.45800000 	 7.51800000 	 1.92000000 	 0.31400000 	 13.75910000 	 120.93340000 	 12.44830000 	 4.89010000 	 10.81160000 	 26.88850000 	 10.99350000 	 3.23510000 	 2.64940000 	 0.43580000 	 11.60590000 	 6.34070000 	 38.75046309 	 1061.52550000 	 215.46280000 	 50.85877857 	 0.00000000 	 0.00000000 	 8.25120000 	 36.39170000
2290 	 7.97100000 	 1.19550000 	 315.90270000 	 7.67970909 	 56.83293900 	 49.49000000 	 51.55200000 	 0.85400000 	 0.22700000 	 0.78500000 	 168.84100000 	 65.00000000 	 10.87400000 	 283.40800000 	 46.64100000 	 0.00000000 	 26.45800000 	 7.51800000 	 1.92000000 	 0.31400000 	 13.75910000 	 120.93340000 	 12.44830000 	 4.89010000 	 10.81160000 	 26.88850000 	 10.99350000 	 3.23510000 	 2.64940000 	 0.43580000 	 11.60590000 	 6.34070000 	 38.75046309 	 1061.52550000 	 215.46280000 	 50.85877857 	 0.00000000 	 0.00000000 	 8.25120000 	 36.39170000
2291 	 7.97100000 	 1.19550000 	 315.90270000 	 7.67970909 	 56.83293900 	 49.49000000 	 51.55200000 	 0.85400000 	 0.22700000 	 0.78500000 	 168.84100000 	 65.00000000 	 10.87400000 	 283.40800000 	 46.64100000 	 0.00000000 	 26.45800000 	 7.51800000 	 1.92000000 	 0.31400000 	 13.75910000 	 120.93340000 	 12.44830000 	 4.89010000 	 10.81160000 	 26.88850000 	 10.99350000 	 3.23510000 	 2.64940000 	 0.43580000 	 11.60590000 	 6.34070000 	 38.75046309 	 1061.52550000 	 215.46280000 	 50.85877857 	 0.00000000 	 0.00000000 	 8.25120000 	 36.39170000
2292 	 7.97100000 	 1.19550000 	 315.90270000 	 7.67970909 	 56.83293900 	 49.49000000 	 51.55200000 	 0.85400000 	 0.22700000 	 0.78500000 	 168.84100000 	 65.00000000 	 10.87400000 	 283.40800000 	 46.64100000 	 0.00000000 	 26.45800000 	 7.51800000 	 1.92000000 	 0.31400000 	 13.75910000 	 120.93340000 	 12.44830000 	 4.89010000 	 10.81160000 	 26.88850000 	 10.99350000 	 3.23510000 	 2.64940000 	 0.43580000 	 11.60590000 	 6.34070000 	 38.75046309 	 1061.52550000 	 215.46280000 	 50.85877857 	 0.00000000 	 0.00000000 	 8.25120000 	 36.39170000
2293 	 7.97100000 	 1.19550000 	 315.90270000 	 7.67970909 	 56.83293900 	 49.49000000 	 51.55200000 	 0.85400000 	 0.22700000 	 0.78500000 	 168.84100000 	 65.00000000 	 10.87400000 	 283.40800000 	 46.64100000 	 0.00000000 	 26.45800000 	 7.51800000 	 1.92000000 	 0.31400000 	 13.75910000 	 120.93340000 	 12.44830000 	 4.89010000 	 10.81160000 	 26.88850000 	 10.99350000 	 3.23510000 	 2.64940000 	 0.43580000 	 11.60590000 	 6.34070000 	 38.75046309 	 1061.52550000 	 215.46280000 	 50.85877857 	 0.00000000 	 0.00000000 	 8.25120000 	 36.39170000
2294 	 7.97100000 	 1.19550000 	 315.90270000 	 7.67970909 	 56.83293900 	 49.49000000 	 51.55200000 	 0.85400000 	 0.22700000 	 0.78500000 	 168.84100000 	 65.00000000 	 10.87400000 	 283.40800000 	 46.64100000 	 0.00000000 	 26.45800000 	 7.51800000 	 1.92000000 	 0.31400000 	 13.75910000 	 120.93340000 	 12.44830000 	 4.89010000 	 10.81160000 	 26.88850000 	 10.99350000 	 3.23510000 	 2.64940000 	 0.43580000 	 11.60590000 	 6.34070000 	 38.75046309 	 1061.52550000 	 215.46280000 	 50.85877857 	 0.00000000 	 0.00000000 	 8.25120000 	 36.39170000
2295 	 7.97100000 	 1.19550000 	 315.90270000 	 7.67970909 	 56.83293900 	 49.49000000 	 51.55200000 	 0.85400000 	 0.22700000 	 0.78500000 	 168.84100000 	 65.00000000 	 10.87400000 	 283.40800000 	 46.64100000 	 0.00000000 	 26.45800000 	 7.51800000 	 1.92000000 	 0.31400000 	 13.75910000 	 120.93340000 	 12.44830000 	 4.89010000 	 10.81160000 	 26.88850000 	 10.99350000 	 3.23510000 	 2.64940000 	 0.43580000 	 11.60590000 	 6.34070000 	 38.75046309 	 1061.52550000 	 215.46280000 	 50.85877857 	 0.00000000 	 0.00000000 	 8.25120000 	 36.39170000
2296 	 7.97100000 	 1.19550000 	 315.90270000 	 7.67970909 	 56.83293900 	 49.49000000 	 51.55200000 	 0.85400000 	 0.22700000 	 0.78500000 	 168.84100000 	 65.00000000 	 10.87400000 	 283.40800000 	 46.64100000 	 0.00000000 	 26.45800000 	 7.51800000 	 1.92000000 	 0.31400000 	 13.75910000 	 120.93340000 	 12.44830000 	 4.89010000 	 10.81160000 	 26.88850000 	 10.99350000 	 3.23510000 	 2.64940000 	 0.43580000 	 11.60590000 	 6.34070000 	 38.75046309 	 1061.52550000 	 215.46280000 	 50.85877857 	 0.00000000 	 0.00000000 	 8.25120000 	 36.39170000
2297 	 7.97100000 	 1.19550000 	 315.90270000 	 7.67970909 	 56.83293900 	 49.49000000 	 51.55200000 	 0.85400000 	 0.22700000 	 0.78500000 	 168.84100000 	 65.00000000 	 10.87400000 	 283.40800000 	 46.64100000 	 0.00000000 	 26.45800000 	 7.51800000 	 1.92000000 	 0.31400000 	 13.75910000 	 120.93340000 	 12.44830000 	 4.89010000 	 10.81160000 	 26.88850000 	 10.99350000 	 3.23510000 	 2.64940000 	 0.43580000 	 11.60590000 	 6.34070000 	 38.75046309 	 1061.52550000 	 215.46280000 	 50.85877857 	 0.00000000 	 0.00000000 	 8.25120000 	 36.39170000
2298 	 7.97100000 	 1.19550000 	 315.90270000 	 7.67970909 	 56.83293900 	 49.49000000 	 51.55200000 	 0.85400000 	 0.22700000 	 0.78500000 	 168.84100000 	 65.00000000 	 10.87400000 	 283.40800000 	 46.64100000 	 0.00000000 	 26.45800000 	 7.51800000 	 1.92000000 	 0.31400000 	 13.75910000 	 120.93340000 	 12.44830000 	 4.89010000 	 10.81160000 	 26.88850000 	 10.99350000 	 3.23510000 	 2.64940000 	 0.43580000 	 11.60590000 	 6.34070000 	 38.75046309 	 1061.52550000 	 215.46280000 	 50.85877857 	 0.00000000 	 0.00000000 	 8.25120000 	 36.39170000
2299 	 7.97100000 	 1.19550000 	 315.90270000 	 7.67970909 	 56.83293900 	 49.49000000 	 51.55200000 	 0.85400000 	 0.22700000 	 0.78500000 	 168.84100000 	 65.00000000 	 10.87400000 	 283.40800000 	 46.64100000 	 0.00000000 	 26.45800000 	 7.51800000 	 1.92000000 	 0.31400000 	 13.75910000 	 120.93340000 	 12.44830000 	 4.89010000 	 10.81160000 	 26.88850000 	 10.99350000 	 3.23510000 	 2.64940000 	 0.43580000 	 11.60590000 	 6.34070000 	 38.75046309 	 1061.52550000 	 215.46280000 	 50.85877857 	 0.00000000 	 0.00000000 	 8.25120000 	 36.39170000
2300 	 7.97100000 	 1.19550000 	 315.90270000 	 7.67970909 	 56.83293900 	 49.49000000 	 51.55200000 	 0.85400000 	 0.22700000 	 0.78500000 	 168.84100000 	 65.00000000 	 10.87400000 	 283.40800000 	 46.64100000 	 0.00000000 	 26.45800000 	 7.51800000 	 1.92000000 	 0.31400000 	 13.75910000 	 120.93340000 	 12.44830000 	 4.89010000 	 10.81160000 	 26.88850000 	 10.99350000 	 3.23510000 	 2.64940000 	 0.43580000 	 11.60590000 	 6.34070000 	 38.75046309 	 1061.52550000 	 215.46280000 	 50.85877857 	 0.00000000 	 0.00000000 	 8.25120000 	 36.39170000
2301 	 7.97100000 	 1.19550000 	 315.90270000 	 7.67970909 	 56.83293900 	 49.49000000 	 51.55200000 	 0.85400000 	 0.22700000 	 0.78500000 	 168.84100000 	 65.00000000 	 10.87400000 	 283.40800000 	 46.64100000 	 0.00000000 	 26.45800000 	 7.51800000 	 1.92000000 	 0.31400000 	 13.75910000 	 120.93340000 	 12.44830000 	 4.89010000 	 10.81160000 	 26.88850000 	 10.99350000 	 3.23510000 	 2.64940000 	 0.43580000 	 11.60590000 	 6.34070000 	 38.75046309 	 1061.52550000 	 215.46280000 	 50.85877857 	 0.00000000 	 0.00000000 	 8.25120000 	 36.39170000
2302 	 7.97100000 	 1.19550000 	 315.90270000 	 7.67970909 	 56.83293900 	 49.49000000 	 51.55200000 	 0.85400000 	 0.22700000 	 0.78500000 	 168.84100000 	 65.00000000 	 10.87400000 	 283.40800000 	 46.64100000 	 0.00000000 	 26.45800000 	 7.51800000 	 1.92000000 	 0.31400000 	 13.75910000 	 120.93340000 	 12.44830000 	 4.89010000 	 10.81160000 	 26.88850000 	 10.99350000 	 3.23510000 	 2.64940000 	 0.43580000 	 11.60590000 	 6.34070000 	 38.75046309 	 1061.52550000 	 215.46280000 	 50.85877857 	 0.00000000 	 0.00000000 	 8.25120000 	 36.39170000
2303 	 7.97100000 	 1.19550000 	 315.90270000 	 7.67970909 	 56.83293900 	 49.49000000 	 51.55200000 	 0.85400000 	 0.22700000 	 0.78500000 	 168.84100000 	 65.00000000 	 10.87400000 	 283.40800000 	 46.64100000 	 0.00000000 	 26.45800000 	 7.51800000 	 1.92000000 	 0.31400000 	 13.75910000 	 120.93340000 	 12.44830000 	 4.89010000 	 10.81160000 	 26.88850000 	 10.99350000 	 3.23510000 	 2.64940000 	 0.43580000 	 11.60590000 	 6.34070000 	 38.75046309 	 1061.52550000 	 215.46280000 	 50.85877857 	 0.00000000 	 0.00000000 	 8.25120000 	 36.39170000
2304 	 7.97100000 	 1.19550000 	 315.90270000 	 7.67970909 	 56.83293900 	 49.49000000 	 51.55200000 	 0.85400000 	 0.22700000 	 0.78500000 	 168.84100000 	 65.00000000 	 10.87400000 	 283.40800000 	 46.64100000 	 0.00000000 	 26.45800000 	 7.51800000 	 1.92000000 	 0.31400000 	 13.75910000 	 120.93340000 	 12.44830000 	 4.89010000 	 10.81160000 	 26.88850000 	 10.99350000 	 3.23510000 	 2.64940000 	 0.43580000 	 11.60590000 	 6.34070000 	 38.75046309 	 1061.52550000 	 215.46280000 	 50.85877857 	 0.00000000 	 0.00000000 	 8.25120000 	 36.39170000
2305 	 7.97100000 	 1.19550000 	 315.90270000 	 7.67970909 	 56.83293900 	 49.49000000 	 51.55200000 	 0.85400000 	 0.22700000 	 0.78500000 	 168.84100000 	 65.00000000 	 10.87400000 	 283.40800000 	 46.64100000 	 0.00000000 	 26.45800000 	 7.51800000 	 1.92000000 	 0.31400000 	 13.75910000 	 120.93340000 	 12.44830000 	 4.89010000 	 10.81160000 	 26.88850000 	 10.99350000 	 3.23510000 	 2.64940000 	 0.43580000 	 11.60590000 	 6.34070000 	 38.75046309 	 1061.52550000 	 215.46280000 	 50.85877857 	 0.00000000 	 0.00000000 	 8.25120000 	 36.39170000
2306 	 7.97100000 	 1.19550000 	 315.90270000 	 7.67970909 	 56.83293900 	 49.49000000 	 51.55200000 	 0.85400000 	 0.22700000 	 0.78500000 	 168.84100000 	 65.00000000 	 10.87400000 	 283.40800000 	 46.64100000 	 0.00000000 	 26.45800000 	 7.51800000 	 1.92000000 	 0.31400000 	 13.75910000 	 120.93340000 	 12.44830000 	 4.89010000 	 10.81160000 	 26.88850000 	 10.99350000 	 3.23510000 	 2.64940000 	 0.43580000 	 11.60590000 	 6.34070000 	 38.75046309 	 1061.52550000 	 215.46280000 	 50.85877857 	 0.00000000 	 0.00000000 	 8.25120000 	 36.39170000
2307 	 7.97100000 	 1.19550000 	 315.90270000 	 7.67970909 	 56.83293900 	 49.49000000 	 51.55200000 	 0.85400000 	 0.22700000 	 0.78500000 	 168.84100000 	 65.00000000 	 10.87400000 	 283.40800000 	 46.64100000 	 0.00000000 	 26.45800000 	 7.51800000 	 1.92000000 	 0.31400000 	 13.75910000 	 120.93340000 	 12.44830000 	 4.89010000 	 10.81160000 	 26.88850000 	 10.99350000 	 3.23510000 	 2.64940000 	 0.43580000 	 11.60590000 	 6.34070000 	 38.75046309 	 1061.52550000 	 215.46280000 	 50.85877857 	 0.00000000 	 0.00000000 	 8.25120000 	 36.39170000
2308 	 7.97100000 	 1.19550000 	 315.90270000 	 7.67970909 	 56.83293900 	 49.49000000 	 51.55200000 	 0.85400000 	 0.22700000 	 0.78500000 	 168.84100000 	 65.00000000 	 10.87400000 	 283.40800000 	 46.64100000 	 0.00000000 	 26.45800000 	 7.51800000 	 1.92000000 	 0.31400000 	 13.75910000 	 120.93340000 	 12.44830000 	 4.89010000 	 10.81160000 	 26.88850000 	 10.99350000 	 3.23510000 	 2.64940000 	 0.43580000 	 11.60590000 	 6.34070000 	 38.75046309 	 1061.52550000 	 215.46280000 	 50.85877857 	 0.00000000 	 0.00000000 	 8.25120000 	 36.39170000
2309 	 7.97100000 	 1.19550000 	 315.90270000 	 7.67970909 	 56.83293900 	 49.49000000 	 51.55200000 	 0.85400000 	 0.22700000 	 0.78500000 	 168.84100000 	 65.00000000 	 10.87400000 	 283.40800000 	 46.64100000 	 0.00000000 	 26.45800000 	 7.51800000 	 1.92000000 	 0.31400000 	 13.75910000 	 120.93340000 	 12.44830000 	 4.89010000 	 10.81160000 	 26.88850000 	 10.99350000 	 3.23510000 	 2.64940000 	 0.43580000 	 11.60590000 	 6.34070000 	 38.75046309 	 1061.52550000 	 215.46280000 	 50.85877857 	 0.00000000 	 0.00000000 	 8.25120000 	 36.39170000
2310 	 7.97100000 	 1.19550000 	 315.90270000 	 7.67970909 	 56.83293900 	 49.49000000 	 51.55200000 	 0.85400000 	 0.22700000 	 0.78500000 	 168.84100000 	 65.00000000 	 10.87400000 	 283.40800000 	 46.64100000 	 0.00000000 	 26.45800000 	 7.51800000 	 1.92000000 	 0.31400000 	 13.75910000 	 120.93340000 	 12.44830000 	 4.89010000 	 10.81160000 	 26.88850000 	 10.99350000 	 3.23510000 	 2.64940000 	 0.43580000 	 11.60590000 	 6.34070000 	 38.75046309 	 1061.52550000 	 215.46280000 	 50.85877857 	 0.00000000 	 0.00000000 	 8.25120000 	 36.39170000
2311 	 7.97100000 	 1.19550000 	 315.90270000 	 7.67970909 	 56.83293900 	 49.49000000 	 51.55200000 	 0.85400000 	 0.22700000 	 0.78500000 	 168.84100000 	 65.00000000 	 10.87400000 	 283.40800000 	 46.64100000 	 0.00000000 	 26.45800000 	 7.51800000 	 1.92000000 	 0.31400000 	 13.75910000 	 120.93340000 	 12.44830000 	 4.89010000 	 10.81160000 	 26.88850000 	 10.99350000 	 3.23510000 	 2.64940000 	 0.43580000 	 11.60590000 	 6.34070000 	 38.75046309 	 1061.52550000 	 215.46280000 	 50.85877857 	 0.00000000 	 0.00000000 	 8.25120000 	 36.39170000
2312 	 7.97100000 	 1.19550000 	 315.90270000 	 7.67970909 	 56.83293900 	 49.49000000 	 51.55200000 	 0.85400000 	 0.22700000 	 0.78500000 	 168.84100000 	 65.00000000 	 10.87400000 	 283.40800000 	 46.64100000 	 0.00000000 	 26.45800000 	 7.51800000 	 1.92000000 	 0.31400000 	 13.75910000 	 120.93340000 	 12.44830000 	 4.89010000 	 10.81160000 	 26.88850000 	 10.99350000 	 3.23510000 	 2.64940000 	 0.43580000 	 11.60590000 	 6.34070000 	 38.75046309 	 1061.52550000 	 215.46280000 	 50.85877857 	 0.00000000 	 0.00000000 	 8.25120000 	 36.39170000
2313 	 7.97100000 	 1.19550000 	 315.90270000 	 7.67970909 	 56.83293900 	 49.49000000 	 51.55200000 	 0.85400000 	 0.22700000 	 0.78500000 	 168.84100000 	 65.00000000 	 10.87400000 	 283.40800000 	 46.64100000 	 0.00000000 	 26.45800000 	 7.51800000 	 1.92000000 	 0.31400000 	 13.75910000 	 120.93340000 	 12.44830000 	 4.89010000 	 10.81160000 	 26.88850000 	 10.99350000 	 3.23510000 	 2.64940000 	 0.43580000 	 11.60590000 	 6.34070000 	 38.75046309 	 1061.52550000 	 215.46280000 	 50.85877857 	 0.00000000 	 0.00000000 	 8.25120000 	 36.39170000
2314 	 7.97100000 	 1.19550000 	 315.90270000 	 7.67970909 	 56.83293900 	 49.49000000 	 51.55200000 	 0.85400000 	 0.22700000 	 0.78500000 	 168.84100000 	 65.00000000 	 10.87400000 	 283.40800000 	 46.64100000 	 0.00000000 	 26.45800000 	 7.51800000 	 1.92000000 	 0.31400000 	 13.75910000 	 120.93340000 	 12.44830000 	 4.89010000 	 10.81160000 	 26.88850000 	 10.99350000 	 3.23510000 	 2.64940000 	 0.43580000 	 11.60590000 	 6.34070000 	 38.75046309 	 1061.52550000 	 215.46280000 	 50.85877857 	 0.00000000 	 0.00000000 	 8.25120000 	 36.39170000
2315 	 7.97100000 	 1.19550000 	 315.90270000 	 7.67970909 	 56.83293900 	 49.49000000 	 51.55200000 	 0.85400000 	 0.22700000 	 0.78500000 	 168.84100000 	 65.00000000 	 10.87400000 	 283.40800000 	 46.64100000 	 0.00000000 	 26.45800000 	 7.51800000 	 1.92000000 	 0.31400000 	 13.75910000 	 120.93340000 	 12.44830000 	 4.89010000 	 10.81160000 	 26.88850000 	 10.99350000 	 3.23510000 	 2.64940000 	 0.43580000 	 11.60590000 	 6.34070000 	 38.75046309 	 1061.52550000 	 215.46280000 	 50.85877857 	 0.00000000 	 0.00000000 	 8.25120000 	 36.39170000
2316 	 7.97100000 	 1.19550000 	 315.90270000 	 7.67970909 	 56.83293900 	 49.49000000 	 51.55200000 	 0.85400000 	 0.22700000 	 0.78500000 	 168.84100000 	 65.00000000 	 10.87400000 	 283.40800000 	 46.64100000 	 0.00000000 	 26.45800000 	 7.51800000 	 1.92000000 	 0.31400000 	 13.75910000 	 120.93340000 	 12.44830000 	 4.89010000 	 10.81160000 	 26.88850000 	 10.99350000 	 3.23510000 	 2.64940000 	 0.43580000 	 11.60590000 	 6.34070000 	 38.75046309 	 1061.52550000 	 215.46280000 	 50.85877857 	 0.00000000 	 0.00000000 	 8.25120000 	 36.39170000
2317 	 7.97100000 	 1.19550000 	 315.90270000 	 7.67970909 	 56.83293900 	 49.49000000 	 51.55200000 	 0.85400000 	 0.22700000 	 0.78500000 	 168.84100000 	 65.00000000 	 10.87400000 	 283.40800000 	 46.64100000 	 0.00000000 	 26.45800000 	 7.51800000 	 1.92000000 	 0.31400000 	 13.75910000 	 120.93340000 	 12.44830000 	 4.89010000 	 10.81160000 	 26.88850000 	 10.99350000 	 3.23510000 	 2.64940000 	 0.43580000 	 11.60590000 	 6.34070000 	 38.75046309 	 1061.52550000 	 215.46280000 	 50.85877857 	 0.00000000 	 0.00000000 	 8.25120000 	 36.39170000
2318 	 7.97100000 	 1.19550000 	 315.90270000 	 7.67970909 	 56.83293900 	 49.49000000 	 51.55200000 	 0.85400000 	 0.22700000 	 0.78500000 	 168.84100000 	 65.00000000 	 10.87400000 	 283.40800000 	 46.64100000 	 0.00000000 	 26.45800000 	 7.51800000 	 1.92000000 	 0.31400000 	 13.75910000 	 120.93340000 	 12.44830000 	 4.89010000 	 10.81160000 	 26.88850000 	 10.99350000 	 3.23510000 	 2.64940000 	 0.43580000 	 11.60590000 	 6.34070000 	 38.75046309 	 1061.52550000 	 215.46280000 	 50.85877857 	 0.00000000 	 0.00000000 	 8.25120000 	 36.39170000
2319 	 7.97100000 	 1.19550000 	 315.90270000 	 7.67970909 	 56.83293900 	 49.49000000 	 51.55200000 	 0.85400000 	 0.22700000 	 0.78500000 	 168.84100000 	 65.00000000 	 10.87400000 	 283.40800000 	 46.64100000 	 0.00000000 	 26.45800000 	 7.51800000 	 1.92000000 	 0.31400000 	 13.75910000 	 120.93340000 	 12.44830000 	 4.89010000 	 10.81160000 	 26.88850000 	 10.99350000 	 3.23510000 	 2.64940000 	 0.43580000 	 11.60590000 	 6.34070000 	 38.75046309 	 1061.52550000 	 215.46280000 	 50.85877857 	 0.00000000 	 0.00000000 	 8.25120000 	 36.39170000
2320 	 7.97100000 	 1.19550000 	 315.90270000 	 7.67970909 	 56.83293900 	 49.49000000 	 51.55200000 	 0.85400000 	 0.22700000 	 0.78500000 	 168.84100000 	 65.00000000 	 10.87400000 	 283.40800000 	 46.64100000 	 0.00000000 	 26.45800000 	 7.51800000 	 1.92000000 	 0.31400000 	 13.75910000 	 120.93340000 	 12.44830000 	 4.89010000 	 10.81160000 	 26.88850000 	 10.99350000 	 3.23510000 	 2.64940000 	 0.43580000 	 11.60590000 	 6.34070000 	 38.75046309 	 1061.52550000 	 215.46280000 	 50.85877857 	 0.00000000 	 0.00000000 	 8.25120000 	 36.39170000
2321 	 7.97100000 	 1.19550000 	 315.90270000 	 7.67970909 	 56.83293900 	 49.49000000 	 51.55200000 	 0.85400000 	 0.22700000 	 0.78500000 	 168.84100000 	 65.00000000 	 10.87400000 	 283.40800000 	 46.64100000 	 0.00000000 	 26.45800000 	 7.51800000 	 1.92000000 	 0.31400000 	 13.75910000 	 120.93340000 	 12.44830000 	 4.89010000 	 10.81160000 	 26.88850000 	 10.99350000 	 3.23510000 	 2.64940000 	 0.43580000 	 11.60590000 	 6.34070000 	 38.75046309 	 1061.52550000 	 215.46280000 	 50.85877857 	 0.00000000 	 0.00000000 	 8.25120000 	 36.39170000
2322 	 7.97100000 	 1.19550000 	 315.90270000 	 7.67970909 	 56.83293900 	 49.49000000 	 51.55200000 	 0.85400000 	 0.22700000 	 0.78500000 	 168.84100000 	 65.00000000 	 10.87400000 	 283.40800000 	 46.64100000 	 0.00000000 	 26.45800000 	 7.51800000 	 1.92000000 	 0.31400000 	 13.75910000 	 120.93340000 	 12.44830000 	 4.89010000 	 10.81160000 	 26.88850000 	 10.99350000 	 3.23510000 	 2.64940000 	 0.43580000 	 11.60590000 	 6.34070000 	 38.75046309 	 1061.52550000 	 215.46280000 	 50.85877857 	 0.00000000 	 0.00000000 	 8.25120000 	 36.39170000
2323 	 7.97100000 	 1.19550000 	 315.90270000 	 7.67970909 	 56.83293900 	 49.49000000 	 51.55200000 	 0.85400000 	 0.22700000 	 0.78500000 	 168.84100000 	 65.00000000 	 10.87400000 	 283.40800000 	 46.64100000 	 0.00000000 	 26.45800000 	 7.51800000 	 1.92000000 	 0.31400000 	 13.75910000 	 120.93340000 	 12.44830000 	 4.89010000 	 10.81160000 	 26.88850000 	 10.99350000 	 3.23510000 	 2.64940000 	 0.43580000 	 11.60590000 	 6.34070000 	 38.75046309 	 1061.52550000 	 215.46280000 	 50.85877857 	 0.00000000 	 0.00000000 	 8.25120000 	 36.39170000
2324 	 7.97100000 	 1.19550000 	 315.90270000 	 7.67970909 	 56.83293900 	 49.49000000 	 51.55200000 	 0.85400000 	 0.22700000 	 0.78500000 	 168.84100000 	 65.00000000 	 10.87400000 	 283.40800000 	 46.64100000 	 0.00000000 	 26.45800000 	 7.51800000 	 1.92000000 	 0.31400000 	 13.75910000 	 120.93340000 	 12.44830000 	 4.89010000 	 10.81160000 	 26.88850000 	 10.99350000 	 3.23510000 	 2.64940000 	 0.43580000 	 11.60590000 	 6.34070000 	 38.75046309 	 1061.52550000 	 215.46280000 	 50.85877857 	 0.00000000 	 0.00000000 	 8.25120000 	 36.39170000
2325 	 7.97100000 	 1.19550000 	 315.90270000 	 7.67970909 	 56.83293900 	 49.49000000 	 51.55200000 	 0.85400000 	 0.22700000 	 0.78500000 	 168.84100000 	 65.00000000 	 10.87400000 	 283.40800000 	 46.64100000 	 0.00000000 	 26.45800000 	 7.51800000 	 1.92000000 	 0.31400000 	 13.75910000 	 120.93340000 	 12.44830000 	 4.89010000 	 10.81160000 	 26.88850000 	 10.99350000 	 3.23510000 	 2.64940000 	 0.43580000 	 11.60590000 	 6.34070000 	 38.75046309 	 1061.52550000 	 215.46280000 	 50.85877857 	 0.00000000 	 0.00000000 	 8.25120000 	 36.39170000
2326 	 7.97100000 	 1.19550000 	 315.90270000 	 7.67970909 	 56.83293900 	 49.49000000 	 51.55200000 	 0.85400000 	 0.22700000 	 0.78500000 	 168.84100000 	 65.00000000 	 10.87400000 	 283.40800000 	 46.64100000 	 0.00000000 	 26.45800000 	 7.51800000 	 1.92000000 	 0.31400000 	 13.75910000 	 120.93340000 	 12.44830000 	 4.89010000 	 10.81160000 	 26.88850000 	 10.99350000 	 3.23510000 	 2.64940000 	 0.43580000 	 11.60590000 	 6.34070000 	 38.75046309 	 1061.52550000 	 215.46280000 	 50.85877857 	 0.00000000 	 0.00000000 	 8.25120000 	 36.39170000
2327 	 7.97100000 	 1.19550000 	 315.90270000 	 7.67970909 	 56.83293900 	 49.49000000 	 51.55200000 	 0.85400000 	 0.22700000 	 0.78500000 	 168.84100000 	 65.00000000 	 10.87400000 	 283.40800000 	 46.64100000 	 0.00000000 	 26.45800000 	 7.51800000 	 1.92000000 	 0.31400000 	 13.75910000 	 120.93340000 	 12.44830000 	 4.89010000 	 10.81160000 	 26.88850000 	 10.99350000 	 3.23510000 	 2.64940000 	 0.43580000 	 11.60590000 	 6.34070000 	 38.75046309 	 1061.52550000 	 215.46280000 	 50.85877857 	 0.00000000 	 0.00000000 	 8.25120000 	 36.39170000
2328 	 7.97100000 	 1.19550000 	 315.90270000 	 7.67970909 	 56.83293900 	 49.49000000 	 51.55200000 	 0.85400000 	 0.22700000 	 0.78500000 	 168.84100000 	 65.00000000 	 10.87400000 	 283.40800000 	 46.64100000 	 0.00000000 	 26.45800000 	 7.51800000 	 1.92000000 	 0.31400000 	 13.75910000 	 120.93340000 	 12.44830000 	 4.89010000 	 10.81160000 	 26.88850000 	 10.99350000 	 3.23510000 	 2.64940000 	 0.43580000 	 11.60590000 	 6.34070000 	 38.75046309 	 1061.52550000 	 215.46280000 	 50.85877857 	 0.00000000 	 0.00000000 	 8.25120000 	 36.39170000
2329 	 7.97100000 	 1.19550000 	 315.90270000 	 7.67970909 	 56.83293900 	 49.49000000 	 51.55200000 	 0.85400000 	 0.22700000 	 0.78500000 	 168.84100000 	 65.00000000 	 10.87400000 	 283.40800000 	 46.64100000 	 0.00000000 	 26.45800000 	 7.51800000 	 1.92000000 	 0.31400000 	 13.75910000 	 120.93340000 	 12.44830000 	 4.89010000 	 10.81160000 	 26.88850000 	 10.99350000 	 3.23510000 	 2.64940000 	 0.43580000 	 11.60590000 	 6.34070000 	 38.75046309 	 1061.52550000 	 215.46280000 	 50.85877857 	 0.00000000 	 0.00000000 	 8.25120000 	 36.39170000
2330 	 7.97100000 	 1.19550000 	 315.90270000 	 7.67970909 	 56.83293900 	 49.49000000 	 51.55200000 	 0.85400000 	 0.22700000 	 0.78500000 	 168.84100000 	 65.00000000 	 10.87400000 	 283.40800000 	 46.64100000 	 0.00000000 	 26.45800000 	 7.51800000 	 1.92000000 	 0.31400000 	 13.75910000 	 120.93340000 	 12.44830000 	 4.89010000 	 10.81160000 	 26.88850000 	 10.99350000 	 3.23510000 	 2.64940000 	 0.43580000 	 11.60590000 	 6.34070000 	 38.75046309 	 1061.52550000 	 215.46280000 	 50.85877857 	 0.00000000 	 0.00000000 	 8.25120000 	 36.39170000
2331 	 7.97100000 	 1.19550000 	 315.90270000 	 7.67970909 	 56.83293900 	 49.49000000 	 51.55200000 	 0.85400000 	 0.22700000 	 0.78500000 	 168.84100000 	 65.00000000 	 10.87400000 	 283.40800000 	 46.64100000 	 0.00000000 	 26.45800000 	 7.51800000 	 1.92000000 	 0.31400000 	 13.75910000 	 120.93340000 	 12.44830000 	 4.89010000 	 10.81160000 	 26.88850000 	 10.99350000 	 3.23510000 	 2.64940000 	 0.43580000 	 11.60590000 	 6.34070000 	 38.75046309 	 1061.52550000 	 215.46280000 	 50.85877857 	 0.00000000 	 0.00000000 	 8.25120000 	 36.39170000
2332 	 7.97100000 	 1.19550000 	 315.90270000 	 7.67970909 	 56.83293900 	 49.49000000 	 51.55200000 	 0.85400000 	 0.22700000 	 0.78500000 	 168.84100000 	 65.00000000 	 10.87400000 	 283.40800000 	 46.64100000 	 0.00000000 	 26.45800000 	 7.51800000 	 1.92000000 	 0.31400000 	 13.75910000 	 120.93340000 	 12.44830000 	 4.89010000 	 10.81160000 	 26.88850000 	 10.99350000 	 3.23510000 	 2.64940000 	 0.43580000 	 11.60590000 	 6.34070000 	 38.75046309 	 1061.52550000 	 215.46280000 	 50.85877857 	 0.00000000 	 0.00000000 	 8.25120000 	 36.39170000
2333 	 7.97100000 	 1.19550000 	 315.90270000 	 7.67970909 	 56.83293900 	 49.49000000 	 51.55200000 	 0.85400000 	 0.22700000 	 0.78500000 	 168.84100000 	 65.00000000 	 10.87400000 	 283.40800000 	 46.64100000 	 0.00000000 	 26.45800000 	 7.51800000 	 1.92000000 	 0.31400000 	 13.75910000 	 120.93340000 	 12.44830000 	 4.89010000 	 10.81160000 	 26.88850000 	 10.99350000 	 3.23510000 	 2.64940000 	 0.43580000 	 11.60590000 	 6.34070000 	 38.75046309 	 1061.52550000 	 215.46280000 	 50.85877857 	 0.00000000 	 0.00000000 	 8.25120000 	 36.39170000
2334 	 7.97100000 	 1.19550000 	 315.90270000 	 7.67970909 	 56.83293900 	 49.49000000 	 51.55200000 	 0.85400000 	 0.22700000 	 0.78500000 	 168.84100000 	 65.00000000 	 10.87400000 	 283.40800000 	 46.64100000 	 0.00000000 	 26.45800000 	 7.51800000 	 1.92000000 	 0.31400000 	 13.75910000 	 120.93340000 	 12.44830000 	 4.89010000 	 10.81160000 	 26.88850000 	 10.99350000 	 3.23510000 	 2.64940000 	 0.43580000 	 11.60590000 	 6.34070000 	 38.75046309 	 1061.52550000 	 215.46280000 	 50.85877857 	 0.00000000 	 0.00000000 	 8.25120000 	 36.39170000
2335 	 7.97100000 	 1.19550000 	 315.90270000 	 7.67970909 	 56.83293900 	 49.49000000 	 51.55200000 	 0.85400000 	 0.22700000 	 0.78500000 	 168.84100000 	 65.00000000 	 10.87400000 	 283.40800000 	 46.64100000 	 0.00000000 	 26.45800000 	 7.51800000 	 1.92000000 	 0.31400000 	 13.75910000 	 120.93340000 	 12.44830000 	 4.89010000 	 10.81160000 	 26.88850000 	 10.99350000 	 3.23510000 	 2.64940000 	 0.43580000 	 11.60590000 	 6.34070000 	 38.75046309 	 1061.52550000 	 215.46280000 	 50.85877857 	 0.00000000 	 0.00000000 	 8.25120000 	 36.39170000
2336 	 7.97100000 	 1.19550000 	 315.90270000 	 7.67970909 	 56.83293900 	 49.49000000 	 51.55200000 	 0.85400000 	 0.22700000 	 0.78500000 	 168.84100000 	 65.00000000 	 10.87400000 	 283.40800000 	 46.64100000 	 0.00000000 	 26.45800000 	 7.51800000 	 1.92000000 	 0.31400000 	 13.75910000 	 120.93340000 	 12.44830000 	 4.89010000 	 10.81160000 	 26.88850000 	 10.99350000 	 3.23510000 	 2.64940000 	 0.43580000 	 11.60590000 	 6.34070000 	 38.75046309 	 1061.52550000 	 215.46280000 	 50.85877857 	 0.00000000 	 0.00000000 	 8.25120000 	 36.39170000
2337 	 7.97100000 	 1.19550000 	 315.90270000 	 7.67970909 	 56.83293900 	 49.49000000 	 51.55200000 	 0.85400000 	 0.22700000 	 0.78500000 	 168.84100000 	 65.00000000 	 10.87400000 	 283.40800000 	 46.64100000 	 0.00000000 	 26.45800000 	 7.51800000 	 1.92000000 	 0.31400000 	 13.75910000 	 120.93340000 	 12.44830000 	 4.89010000 	 10.81160000 	 26.88850000 	 10.99350000 	 3.23510000 	 2.64940000 	 0.43580000 	 11.60590000 	 6.34070000 	 38.75046309 	 1061.52550000 	 215.46280000 	 50.85877857 	 0.00000000 	 0.00000000 	 8.25120000 	 36.39170000
2338 	 7.97100000 	 1.19550000 	 315.90270000 	 7.67970909 	 56.83293900 	 49.49000000 	 51.55200000 	 0.85400000 	 0.22700000 	 0.78500000 	 168.84100000 	 65.00000000 	 10.87400000 	 283.40800000 	 46.64100000 	 0.00000000 	 26.45800000 	 7.51800000 	 1.92000000 	 0.31400000 	 13.75910000 	 120.93340000 	 12.44830000 	 4.89010000 	 10.81160000 	 26.88850000 	 10.99350000 	 3.23510000 	 2.64940000 	 0.43580000 	 11.60590000 	 6.34070000 	 38.75046309 	 1061.52550000 	 215.46280000 	 50.85877857 	 0.00000000 	 0.00000000 	 8.25120000 	 36.39170000
2339 	 7.97100000 	 1.19550000 	 315.90270000 	 7.67970909 	 56.83293900 	 49.49000000 	 51.55200000 	 0.85400000 	 0.22700000 	 0.78500000 	 168.84100000 	 65.00000000 	 10.87400000 	 283.40800000 	 46.64100000 	 0.00000000 	 26.45800000 	 7.51800000 	 1.92000000 	 0.31400000 	 13.75910000 	 120.93340000 	 12.44830000 	 4.89010000 	 10.81160000 	 26.88850000 	 10.99350000 	 3.23510000 	 2.64940000 	 0.43580000 	 11.60590000 	 6.34070000 	 38.75046309 	 1061.52550000 	 215.46280000 	 50.85877857 	 0.00000000 	 0.00000000 	 8.25120000 	 36.39170000
2340 	 7.97100000 	 1.19550000 	 315.90270000 	 7.67970909 	 56.83293900 	 49.49000000 	 51.55200000 	 0.85400000 	 0.22700000 	 0.78500000 	 168.84100000 	 65.00000000 	 10.87400000 	 283.40800000 	 46.64100000 	 0.00000000 	 26.45800000 	 7.51800000 	 1.92000000 	 0.31400000 	 13.75910000 	 120.93340000 	 12.44830000 	 4.89010000 	 10.81160000 	 26.88850000 	 10.99350000 	 3.23510000 	 2.64940000 	 0.43580000 	 11.60590000 	 6.34070000 	 38.75046309 	 1061.52550000 	 215.46280000 	 50.85877857 	 0.00000000 	 0.00000000 	 8.25120000 	 36.39170000
2341 	 7.97100000 	 1.19550000 	 315.90270000 	 7.67970909 	 56.83293900 	 49.49000000 	 51.55200000 	 0.85400000 	 0.22700000 	 0.78500000 	 168.84100000 	 65.00000000 	 10.87400000 	 283.40800000 	 46.64100000 	 0.00000000 	 26.45800000 	 7.51800000 	 1.92000000 	 0.31400000 	 13.75910000 	 120.93340000 	 12.44830000 	 4.89010000 	 10.81160000 	 26.88850000 	 10.99350000 	 3.23510000 	 2.64940000 	 0.43580000 	 11.60590000 	 6.34070000 	 38.75046309 	 1061.52550000 	 215.46280000 	 50.85877857 	 0.00000000 	 0.00000000 	 8.25120000 	 36.39170000
2342 	 7.97100000 	 1.19550000 	 315.90270000 	 7.67970909 	 56.83293900 	 49.49000000 	 51.55200000 	 0.85400000 	 0.22700000 	 0.78500000 	 168.84100000 	 65.00000000 	 10.87400000 	 283.40800000 	 46.64100000 	 0.00000000 	 26.45800000 	 7.51800000 	 1.92000000 	 0.31400000 	 13.75910000 	 120.93340000 	 12.44830000 	 4.89010000 	 10.81160000 	 26.88850000 	 10.99350000 	 3.23510000 	 2.64940000 	 0.43580000 	 11.60590000 	 6.34070000 	 38.75046309 	 1061.52550000 	 215.46280000 	 50.85877857 	 0.00000000 	 0.00000000 	 8.25120000 	 36.39170000
2343 	 7.97100000 	 1.19550000 	 315.90270000 	 7.67970909 	 56.83293900 	 49.49000000 	 51.55200000 	 0.85400000 	 0.22700000 	 0.78500000 	 168.84100000 	 65.00000000 	 10.87400000 	 283.40800000 	 46.64100000 	 0.00000000 	 26.45800000 	 7.51800000 	 1.92000000 	 0.31400000 	 13.75910000 	 120.93340000 	 12.44830000 	 4.89010000 	 10.81160000 	 26.88850000 	 10.99350000 	 3.23510000 	 2.64940000 	 0.43580000 	 11.60590000 	 6.34070000 	 38.75046309 	 1061.52550000 	 215.46280000 	 50.85877857 	 0.00000000 	 0.00000000 	 8.25120000 	 36.39170000
2344 	 7.97100000 	 1.19550000 	 315.90270000 	 7.67970909 	 56.83293900 	 49.49000000 	 51.55200000 	 0.85400000 	 0.22700000 	 0.78500000 	 168.84100000 	 65.00000000 	 10.87400000 	 283.40800000 	 46.64100000 	 0.00000000 	 26.45800000 	 7.51800000 	 1.92000000 	 0.31400000 	 13.75910000 	 120.93340000 	 12.44830000 	 4.89010000 	 10.81160000 	 26.88850000 	 10.99350000 	 3.23510000 	 2.64940000 	 0.43580000 	 11.60590000 	 6.34070000 	 38.75046309 	 1061.52550000 	 215.46280000 	 50.85877857 	 0.00000000 	 0.00000000 	 8.25120000 	 36.39170000
2345 	 7.97100000 	 1.19550000 	 315.90270000 	 7.67970909 	 56.83293900 	 49.49000000 	 51.55200000 	 0.85400000 	 0.22700000 	 0.78500000 	 168.84100000 	 65.00000000 	 10.87400000 	 283.40800000 	 46.64100000 	 0.00000000 	 26.45800000 	 7.51800000 	 1.92000000 	 0.31400000 	 13.75910000 	 120.93340000 	 12.44830000 	 4.89010000 	 10.81160000 	 26.88850000 	 10.99350000 	 3.23510000 	 2.64940000 	 0.43580000 	 11.60590000 	 6.34070000 	 38.75046309 	 1061.52550000 	 215.46280000 	 50.85877857 	 0.00000000 	 0.00000000 	 8.25120000 	 36.39170000
2346 	 7.97100000 	 1.19550000 	 315.90270000 	 7.67970909 	 56.83293900 	 49.49000000 	 51.55200000 	 0.85400000 	 0.22700000 	 0.78500000 	 168.84100000 	 65.00000000 	 10.87400000 	 283.40800000 	 46.64100000 	 0.00000000 	 26.45800000 	 7.51800000 	 1.92000000 	 0.31400000 	 13.75910000 	 120.93340000 	 12.44830000 	 4.89010000 	 10.81160000 	 26.88850000 	 10.99350000 	 3.23510000 	 2.64940000 	 0.43580000 	 11.60590000 	 6.34070000 	 38.75046309 	 1061.52550000 	 215.46280000 	 50.85877857 	 0.00000000 	 0.00000000 	 8.25120000 	 36.39170000
2347 	 7.97100000 	 1.19550000 	 315.90270000 	 7.67970909 	 56.83293900 	 49.49000000 	 51.55200000 	 0.85400000 	 0.22700000 	 0.78500000 	 168.84100000 	 65.00000000 	 10.87400000 	 283.40800000 	 46.64100000 	 0.00000000 	 26.45800000 	 7.51800000 	 1.92000000 	 0.31400000 	 13.75910000 	 120.93340000 	 12.44830000 	 4.89010000 	 10.81160000 	 26.88850000 	 10.99350000 	 3.23510000 	 2.64940000 	 0.43580000 	 11.60590000 	 6.34070000 	 38.75046309 	 1061.52550000 	 215.46280000 	 50.85877857 	 0.00000000 	 0.00000000 	 8.25120000 	 36.39170000
2348 	 7.97100000 	 1.19550000 	 315.90270000 	 7.67970909 	 56.83293900 	 49.49000000 	 51.55200000 	 0.85400000 	 0.22700000 	 0.78500000 	 168.84100000 	 65.00000000 	 10.87400000 	 283.40800000 	 46.64100000 	 0.00000000 	 26.45800000 	 7.51800000 	 1.92000000 	 0.31400000 	 13.75910000 	 120.93340000 	 12.44830000 	 4.89010000 	 10.81160000 	 26.88850000 	 10.99350000 	 3.23510000 	 2.64940000 	 0.43580000 	 11.60590000 	 6.34070000 	 38.75046309 	 1061.52550000 	 215.46280000 	 50.85877857 	 0.00000000 	 0.00000000 	 8.25120000 	 36.39170000
2349 	 7.97100000 	 1.19550000 	 315.90270000 	 7.67970909 	 56.83293900 	 49.49000000 	 51.55200000 	 0.85400000 	 0.22700000 	 0.78500000 	 168.84100000 	 65.00000000 	 10.87400000 	 283.40800000 	 46.64100000 	 0.00000000 	 26.45800000 	 7.51800000 	 1.92000000 	 0.31400000 	 13.75910000 	 120.93340000 	 12.44830000 	 4.89010000 	 10.81160000 	 26.88850000 	 10.99350000 	 3.23510000 	 2.64940000 	 0.43580000 	 11.60590000 	 6.34070000 	 38.75046309 	 1061.52550000 	 215.46280000 	 50.85877857 	 0.00000000 	 0.00000000 	 8.25120000 	 36.39170000
2350 	 7.97100000 	 1.19550000 	 315.90270000 	 7.67970909 	 56.83293900 	 49.49000000 	 51.55200000 	 0.85400000 	 0.22700000 	 0.78500000 	 168.84100000 	 65.00000000 	 10.87400000 	 283.40800000 	 46.64100000 	 0.00000000 	 26.45800000 	 7.51800000 	 1.92000000 	 0.31400000 	 13.75910000 	 120.93340000 	 12.44830000 	 4.89010000 	 10.81160000 	 26.88850000 	 10.99350000 	 3.23510000 	 2.64940000 	 0.43580000 	 11.60590000 	 6.34070000 	 38.75046309 	 1061.52550000 	 215.46280000 	 50.85877857 	 0.00000000 	 0.00000000 	 8.25120000 	 36.39170000
2351 	 7.97100000 	 1.19550000 	 315.90270000 	 7.67970909 	 56.83293900 	 49.49000000 	 51.55200000 	 0.85400000 	 0.22700000 	 0.78500000 	 168.84100000 	 65.00000000 	 10.87400000 	 283.40800000 	 46.64100000 	 0.00000000 	 26.45800000 	 7.51800000 	 1.92000000 	 0.31400000 	 13.75910000 	 120.93340000 	 12.44830000 	 4.89010000 	 10.81160000 	 26.88850000 	 10.99350000 	 3.23510000 	 2.64940000 	 0.43580000 	 11.60590000 	 6.34070000 	 38.75046309 	 1061.52550000 	 215.46280000 	 50.85877857 	 0.00000000 	 0.00000000 	 8.25120000 	 36.39170000
2352 	 7.97100000 	 1.19550000 	 315.90270000 	 7.67970909 	 56.83293900 	 49.49000000 	 51.55200000 	 0.85400000 	 0.22700000 	 0.78500000 	 168.84100000 	 65.00000000 	 10.87400000 	 283.40800000 	 46.64100000 	 0.00000000 	 26.45800000 	 7.51800000 	 1.92000000 	 0.31400000 	 13.75910000 	 120.93340000 	 12.44830000 	 4.89010000 	 10.81160000 	 26.88850000 	 10.99350000 	 3.23510000 	 2.64940000 	 0.43580000 	 11.60590000 	 6.34070000 	 38.75046309 	 1061.52550000 	 215.46280000 	 50.85877857 	 0.00000000 	 0.00000000 	 8.25120000 	 36.39170000
2353 	 7.97100000 	 1.19550000 	 315.90270000 	 7.67970909 	 56.83293900 	 49.49000000 	 51.55200000 	 0.85400000 	 0.22700000 	 0.78500000 	 168.84100000 	 65.00000000 	 10.87400000 	 283.40800000 	 46.64100000 	 0.00000000 	 26.45800000 	 7.51800000 	 1.92000000 	 0.31400000 	 13.75910000 	 120.93340000 	 12.44830000 	 4.89010000 	 10.81160000 	 26.88850000 	 10.99350000 	 3.23510000 	 2.64940000 	 0.43580000 	 11.60590000 	 6.34070000 	 38.75046309 	 1061.52550000 	 215.46280000 	 50.85877857 	 0.00000000 	 0.00000000 	 8.25120000 	 36.39170000
2354 	 7.97100000 	 1.19550000 	 315.90270000 	 7.67970909 	 56.83293900 	 49.49000000 	 51.55200000 	 0.85400000 	 0.22700000 	 0.78500000 	 168.84100000 	 65.00000000 	 10.87400000 	 283.40800000 	 46.64100000 	 0.00000000 	 26.45800000 	 7.51800000 	 1.92000000 	 0.31400000 	 13.75910000 	 120.93340000 	 12.44830000 	 4.89010000 	 10.81160000 	 26.88850000 	 10.99350000 	 3.23510000 	 2.64940000 	 0.43580000 	 11.60590000 	 6.34070000 	 38.75046309 	 1061.52550000 	 215.46280000 	 50.85877857 	 0.00000000 	 0.00000000 	 8.25120000 	 36.39170000
2355 	 7.97100000 	 1.19550000 	 315.90270000 	 7.67970909 	 56.83293900 	 49.49000000 	 51.55200000 	 0.85400000 	 0.22700000 	 0.78500000 	 168.84100000 	 65.00000000 	 10.87400000 	 283.40800000 	 46.64100000 	 0.00000000 	 26.45800000 	 7.51800000 	 1.92000000 	 0.31400000 	 13.75910000 	 120.93340000 	 12.44830000 	 4.89010000 	 10.81160000 	 26.88850000 	 10.99350000 	 3.23510000 	 2.64940000 	 0.43580000 	 11.60590000 	 6.34070000 	 38.75046309 	 1061.52550000 	 215.46280000 	 50.85877857 	 0.00000000 	 0.00000000 	 8.25120000 	 36.39170000
2356 	 7.97100000 	 1.19550000 	 315.90270000 	 7.67970909 	 56.83293900 	 49.49000000 	 51.55200000 	 0.85400000 	 0.22700000 	 0.78500000 	 168.84100000 	 65.00000000 	 10.87400000 	 283.40800000 	 46.64100000 	 0.00000000 	 26.45800000 	 7.51800000 	 1.92000000 	 0.31400000 	 13.75910000 	 120.93340000 	 12.44830000 	 4.89010000 	 10.81160000 	 26.88850000 	 10.99350000 	 3.23510000 	 2.64940000 	 0.43580000 	 11.60590000 	 6.34070000 	 38.75046309 	 1061.52550000 	 215.46280000 	 50.85877857 	 0.00000000 	 0.00000000 	 8.25120000 	 36.39170000
2357 	 7.97100000 	 1.19550000 	 315.90270000 	 7.67970909 	 56.83293900 	 49.49000000 	 51.55200000 	 0.85400000 	 0.22700000 	 0.78500000 	 168.84100000 	 65.00000000 	 10.87400000 	 283.40800000 	 46.64100000 	 0.00000000 	 26.45800000 	 7.51800000 	 1.92000000 	 0.31400000 	 13.75910000 	 120.93340000 	 12.44830000 	 4.89010000 	 10.81160000 	 26.88850000 	 10.99350000 	 3.23510000 	 2.64940000 	 0.43580000 	 11.60590000 	 6.34070000 	 38.75046309 	 1061.52550000 	 215.46280000 	 50.85877857 	 0.00000000 	 0.00000000 	 8.25120000 	 36.39170000
2358 	 7.97100000 	 1.19550000 	 315.90270000 	 7.67970909 	 56.83293900 	 49.49000000 	 51.55200000 	 0.85400000 	 0.22700000 	 0.78500000 	 168.84100000 	 65.00000000 	 10.87400000 	 283.40800000 	 46.64100000 	 0.00000000 	 26.45800000 	 7.51800000 	 1.92000000 	 0.31400000 	 13.75910000 	 120.93340000 	 12.44830000 	 4.89010000 	 10.81160000 	 26.88850000 	 10.99350000 	 3.23510000 	 2.64940000 	 0.43580000 	 11.60590000 	 6.34070000 	 38.75046309 	 1061.52550000 	 215.46280000 	 50.85877857 	 0.00000000 	 0.00000000 	 8.25120000 	 36.39170000
2359 	 7.97100000 	 1.19550000 	 315.90270000 	 7.67970909 	 56.83293900 	 49.49000000 	 51.55200000 	 0.85400000 	 0.22700000 	 0.78500000 	 168.84100000 	 65.00000000 	 10.87400000 	 283.40800000 	 46.64100000 	 0.00000000 	 26.45800000 	 7.51800000 	 1.92000000 	 0.31400000 	 13.75910000 	 120.93340000 	 12.44830000 	 4.89010000 	 10.81160000 	 26.88850000 	 10.99350000 	 3.23510000 	 2.64940000 	 0.43580000 	 11.60590000 	 6.34070000 	 38.75046309 	 1061.52550000 	 215.46280000 	 50.85877857 	 0.00000000 	 0.00000000 	 8.25120000 	 36.39170000
2360 	 7.97100000 	 1.19550000 	 315.90270000 	 7.67970909 	 56.83293900 	 49.49000000 	 51.55200000 	 0.85400000 	 0.22700000 	 0.78500000 	 168.84100000 	 65.00000000 	 10.87400000 	 283.40800000 	 46.64100000 	 0.00000000 	 26.45800000 	 7.51800000 	 1.92000000 	 0.31400000 	 13.75910000 	 120.93340000 	 12.44830000 	 4.89010000 	 10.81160000 	 26.88850000 	 10.99350000 	 3.23510000 	 2.64940000 	 0.43580000 	 11.60590000 	 6.34070000 	 38.75046309 	 1061.52550000 	 215.46280000 	 50.85877857 	 0.00000000 	 0.00000000 	 8.25120000 	 36.39170000
2361 	 7.97100000 	 1.19550000 	 315.90270000 	 7.67970909 	 56.83293900 	 49.49000000 	 51.55200000 	 0.85400000 	 0.22700000 	 0.78500000 	 168.84100000 	 65.00000000 	 10.87400000 	 283.40800000 	 46.64100000 	 0.00000000 	 26.45800000 	 7.51800000 	 1.92000000 	 0.31400000 	 13.75910000 	 120.93340000 	 12.44830000 	 4.89010000 	 10.81160000 	 26.88850000 	 10.99350000 	 3.23510000 	 2.64940000 	 0.43580000 	 11.60590000 	 6.34070000 	 38.75046309 	 1061.52550000 	 215.46280000 	 50.85877857 	 0.00000000 	 0.00000000 	 8.25120000 	 36.39170000
2362 	 7.97100000 	 1.19550000 	 315.90270000 	 7.67970909 	 56.83293900 	 49.49000000 	 51.55200000 	 0.85400000 	 0.22700000 	 0.78500000 	 168.84100000 	 65.00000000 	 10.87400000 	 283.40800000 	 46.64100000 	 0.00000000 	 26.45800000 	 7.51800000 	 1.92000000 	 0.31400000 	 13.75910000 	 120.93340000 	 12.44830000 	 4.89010000 	 10.81160000 	 26.88850000 	 10.99350000 	 3.23510000 	 2.64940000 	 0.43580000 	 11.60590000 	 6.34070000 	 38.75046309 	 1061.52550000 	 215.46280000 	 50.85877857 	 0.00000000 	 0.00000000 	 8.25120000 	 36.39170000
2363 	 7.97100000 	 1.19550000 	 315.90270000 	 7.67970909 	 56.83293900 	 49.49000000 	 51.55200000 	 0.85400000 	 0.22700000 	 0.78500000 	 168.84100000 	 65.00000000 	 10.87400000 	 283.40800000 	 46.64100000 	 0.00000000 	 26.45800000 	 7.51800000 	 1.92000000 	 0.31400000 	 13.75910000 	 120.93340000 	 12.44830000 	 4.89010000 	 10.81160000 	 26.88850000 	 10.99350000 	 3.23510000 	 2.64940000 	 0.43580000 	 11.60590000 	 6.34070000 	 38.75046309 	 1061.52550000 	 215.46280000 	 50.85877857 	 0.00000000 	 0.00000000 	 8.25120000 	 36.39170000
2364 	 7.97100000 	 1.19550000 	 315.90270000 	 7.67970909 	 56.83293900 	 49.49000000 	 51.55200000 	 0.85400000 	 0.22700000 	 0.78500000 	 168.84100000 	 65.00000000 	 10.87400000 	 283.40800000 	 46.64100000 	 0.00000000 	 26.45800000 	 7.51800000 	 1.92000000 	 0.31400000 	 13.75910000 	 120.93340000 	 12.44830000 	 4.89010000 	 10.81160000 	 26.88850000 	 10.99350000 	 3.23510000 	 2.64940000 	 0.43580000 	 11.60590000 	 6.34070000 	 38.75046309 	 1061.52550000 	 215.46280000 	 50.85877857 	 0.00000000 	 0.00000000 	 8.25120000 	 36.39170000
2365 	 7.97100000 	 1.19550000 	 315.90270000 	 7.67970909 	 56.83293900 	 49.49000000 	 51.55200000 	 0.85400000 	 0.22700000 	 0.78500000 	 168.84100000 	 65.00000000 	 10.87400000 	 283.40800000 	 46.64100000 	 0.00000000 	 26.45800000 	 7.51800000 	 1.92000000 	 0.31400000 	 13.75910000 	 120.93340000 	 12.44830000 	 4.89010000 	 10.81160000 	 26.88850000 	 10.99350000 	 3.23510000 	 2.64940000 	 0.43580000 	 11.60590000 	 6.34070000 	 38.75046309 	 1061.52550000 	 215.46280000 	 50.85877857 	 0.00000000 	 0.00000000 	 8.25120000 	 36.39170000
2366 	 7.97100000 	 1.19550000 	 315.90270000 	 7.67970909 	 56.83293900 	 49.49000000 	 51.55200000 	 0.85400000 	 0.22700000 	 0.78500000 	 168.84100000 	 65.00000000 	 10.87400000 	 283.40800000 	 46.64100000 	 0.00000000 	 26.45800000 	 7.51800000 	 1.92000000 	 0.31400000 	 13.75910000 	 120.93340000 	 12.44830000 	 4.89010000 	 10.81160000 	 26.88850000 	 10.99350000 	 3.23510000 	 2.64940000 	 0.43580000 	 11.60590000 	 6.34070000 	 38.75046309 	 1061.52550000 	 215.46280000 	 50.85877857 	 0.00000000 	 0.00000000 	 8.25120000 	 36.39170000
2367 	 7.97100000 	 1.19550000 	 315.90270000 	 7.67970909 	 56.83293900 	 49.49000000 	 51.55200000 	 0.85400000 	 0.22700000 	 0.78500000 	 168.84100000 	 65.00000000 	 10.87400000 	 283.40800000 	 46.64100000 	 0.00000000 	 26.45800000 	 7.51800000 	 1.92000000 	 0.31400000 	 13.75910000 	 120.93340000 	 12.44830000 	 4.89010000 	 10.81160000 	 26.88850000 	 10.99350000 	 3.23510000 	 2.64940000 	 0.43580000 	 11.60590000 	 6.34070000 	 38.75046309 	 1061.52550000 	 215.46280000 	 50.85877857 	 0.00000000 	 0.00000000 	 8.25120000 	 36.39170000
2368 	 7.97100000 	 1.19550000 	 315.90270000 	 7.67970909 	 56.83293900 	 49.49000000 	 51.55200000 	 0.85400000 	 0.22700000 	 0.78500000 	 168.84100000 	 65.00000000 	 10.87400000 	 283.40800000 	 46.64100000 	 0.00000000 	 26.45800000 	 7.51800000 	 1.92000000 	 0.31400000 	 13.75910000 	 120.93340000 	 12.44830000 	 4.89010000 	 10.81160000 	 26.88850000 	 10.99350000 	 3.23510000 	 2.64940000 	 0.43580000 	 11.60590000 	 6.34070000 	 38.75046309 	 1061.52550000 	 215.46280000 	 50.85877857 	 0.00000000 	 0.00000000 	 8.25120000 	 36.39170000
2369 	 7.97100000 	 1.19550000 	 315.90270000 	 7.67970909 	 56.83293900 	 49.49000000 	 51.55200000 	 0.85400000 	 0.22700000 	 0.78500000 	 168.84100000 	 65.00000000 	 10.87400000 	 283.40800000 	 46.64100000 	 0.00000000 	 26.45800000 	 7.51800000 	 1.92000000 	 0.31400000 	 13.75910000 	 120.93340000 	 12.44830000 	 4.89010000 	 10.81160000 	 26.88850000 	 10.99350000 	 3.23510000 	 2.64940000 	 0.43580000 	 11.60590000 	 6.34070000 	 38.75046309 	 1061.52550000 	 215.46280000 	 50.85877857 	 0.00000000 	 0.00000000 	 8.25120000 	 36.39170000
2370 	 7.97100000 	 1.19550000 	 315.90270000 	 7.67970909 	 56.83293900 	 49.49000000 	 51.55200000 	 0.85400000 	 0.22700000 	 0.78500000 	 168.84100000 	 65.00000000 	 10.87400000 	 283.40800000 	 46.64100000 	 0.00000000 	 26.45800000 	 7.51800000 	 1.92000000 	 0.31400000 	 13.75910000 	 120.93340000 	 12.44830000 	 4.89010000 	 10.81160000 	 26.88850000 	 10.99350000 	 3.23510000 	 2.64940000 	 0.43580000 	 11.60590000 	 6.34070000 	 38.75046309 	 1061.52550000 	 215.46280000 	 50.85877857 	 0.00000000 	 0.00000000 	 8.25120000 	 36.39170000
2371 	 7.97100000 	 1.19550000 	 315.90270000 	 7.67970909 	 56.83293900 	 49.49000000 	 51.55200000 	 0.85400000 	 0.22700000 	 0.78500000 	 168.84100000 	 65.00000000 	 10.87400000 	 283.40800000 	 46.64100000 	 0.00000000 	 26.45800000 	 7.51800000 	 1.92000000 	 0.31400000 	 13.75910000 	 120.93340000 	 12.44830000 	 4.89010000 	 10.81160000 	 26.88850000 	 10.99350000 	 3.23510000 	 2.64940000 	 0.43580000 	 11.60590000 	 6.34070000 	 38.75046309 	 1061.52550000 	 215.46280000 	 50.85877857 	 0.00000000 	 0.00000000 	 8.25120000 	 36.39170000
2372 	 7.97100000 	 1.19550000 	 315.90270000 	 7.67970909 	 56.83293900 	 49.49000000 	 51.55200000 	 0.85400000 	 0.22700000 	 0.78500000 	 168.84100000 	 65.00000000 	 10.87400000 	 283.40800000 	 46.64100000 	 0.00000000 	 26.45800000 	 7.51800000 	 1.92000000 	 0.31400000 	 13.75910000 	 120.93340000 	 12.44830000 	 4.89010000 	 10.81160000 	 26.88850000 	 10.99350000 	 3.23510000 	 2.64940000 	 0.43580000 	 11.60590000 	 6.34070000 	 38.75046309 	 1061.52550000 	 215.46280000 	 50.85877857 	 0.00000000 	 0.00000000 	 8.25120000 	 36.39170000
2373 	 7.97100000 	 1.19550000 	 315.90270000 	 7.67970909 	 56.83293900 	 49.49000000 	 51.55200000 	 0.85400000 	 0.22700000 	 0.78500000 	 168.84100000 	 65.00000000 	 10.87400000 	 283.40800000 	 46.64100000 	 0.00000000 	 26.45800000 	 7.51800000 	 1.92000000 	 0.31400000 	 13.75910000 	 120.93340000 	 12.44830000 	 4.89010000 	 10.81160000 	 26.88850000 	 10.99350000 	 3.23510000 	 2.64940000 	 0.43580000 	 11.60590000 	 6.34070000 	 38.75046309 	 1061.52550000 	 215.46280000 	 50.85877857 	 0.00000000 	 0.00000000 	 8.25120000 	 36.39170000
2374 	 7.97100000 	 1.19550000 	 315.90270000 	 7.67970909 	 56.83293900 	 49.49000000 	 51.55200000 	 0.85400000 	 0.22700000 	 0.78500000 	 168.84100000 	 65.00000000 	 10.87400000 	 283.40800000 	 46.64100000 	 0.00000000 	 26.45800000 	 7.51800000 	 1.92000000 	 0.31400000 	 13.75910000 	 120.93340000 	 12.44830000 	 4.89010000 	 10.81160000 	 26.88850000 	 10.99350000 	 3.23510000 	 2.64940000 	 0.43580000 	 11.60590000 	 6.34070000 	 38.75046309 	 1061.52550000 	 215.46280000 	 50.85877857 	 0.00000000 	 0.00000000 	 8.25120000 	 36.39170000
2375 	 7.97100000 	 1.19550000 	 315.90270000 	 7.67970909 	 56.83293900 	 49.49000000 	 51.55200000 	 0.85400000 	 0.22700000 	 0.78500000 	 168.84100000 	 65.00000000 	 10.87400000 	 283.40800000 	 46.64100000 	 0.00000000 	 26.45800000 	 7.51800000 	 1.92000000 	 0.31400000 	 13.75910000 	 120.93340000 	 12.44830000 	 4.89010000 	 10.81160000 	 26.88850000 	 10.99350000 	 3.23510000 	 2.64940000 	 0.43580000 	 11.60590000 	 6.34070000 	 38.75046309 	 1061.52550000 	 215.46280000 	 50.85877857 	 0.00000000 	 0.00000000 	 8.25120000 	 36.39170000
2376 	 7.97100000 	 1.19550000 	 315.90270000 	 7.67970909 	 56.83293900 	 49.49000000 	 51.55200000 	 0.85400000 	 0.22700000 	 0.78500000 	 168.84100000 	 65.00000000 	 10.87400000 	 283.40800000 	 46.64100000 	 0.00000000 	 26.45800000 	 7.51800000 	 1.92000000 	 0.31400000 	 13.75910000 	 120.93340000 	 12.44830000 	 4.89010000 	 10.81160000 	 26.88850000 	 10.99350000 	 3.23510000 	 2.64940000 	 0.43580000 	 11.60590000 	 6.34070000 	 38.75046309 	 1061.52550000 	 215.46280000 	 50.85877857 	 0.00000000 	 0.00000000 	 8.25120000 	 36.39170000
2377 	 7.97100000 	 1.19550000 	 315.90270000 	 7.67970909 	 56.83293900 	 49.49000000 	 51.55200000 	 0.85400000 	 0.22700000 	 0.78500000 	 168.84100000 	 65.00000000 	 10.87400000 	 283.40800000 	 46.64100000 	 0.00000000 	 26.45800000 	 7.51800000 	 1.92000000 	 0.31400000 	 13.75910000 	 120.93340000 	 12.44830000 	 4.89010000 	 10.81160000 	 26.88850000 	 10.99350000 	 3.23510000 	 2.64940000 	 0.43580000 	 11.60590000 	 6.34070000 	 38.75046309 	 1061.52550000 	 215.46280000 	 50.85877857 	 0.00000000 	 0.00000000 	 8.25120000 	 36.39170000
2378 	 7.97100000 	 1.19550000 	 315.90270000 	 7.67970909 	 56.83293900 	 49.49000000 	 51.55200000 	 0.85400000 	 0.22700000 	 0.78500000 	 168.84100000 	 65.00000000 	 10.87400000 	 283.40800000 	 46.64100000 	 0.00000000 	 26.45800000 	 7.51800000 	 1.92000000 	 0.31400000 	 13.75910000 	 120.93340000 	 12.44830000 	 4.89010000 	 10.81160000 	 26.88850000 	 10.99350000 	 3.23510000 	 2.64940000 	 0.43580000 	 11.60590000 	 6.34070000 	 38.75046309 	 1061.52550000 	 215.46280000 	 50.85877857 	 0.00000000 	 0.00000000 	 8.25120000 	 36.39170000
2379 	 7.97100000 	 1.19550000 	 315.90270000 	 7.67970909 	 56.83293900 	 49.49000000 	 51.55200000 	 0.85400000 	 0.22700000 	 0.78500000 	 168.84100000 	 65.00000000 	 10.87400000 	 283.40800000 	 46.64100000 	 0.00000000 	 26.45800000 	 7.51800000 	 1.92000000 	 0.31400000 	 13.75910000 	 120.93340000 	 12.44830000 	 4.89010000 	 10.81160000 	 26.88850000 	 10.99350000 	 3.23510000 	 2.64940000 	 0.43580000 	 11.60590000 	 6.34070000 	 38.75046309 	 1061.52550000 	 215.46280000 	 50.85877857 	 0.00000000 	 0.00000000 	 8.25120000 	 36.39170000
2380 	 7.97100000 	 1.19550000 	 315.90270000 	 7.67970909 	 56.83293900 	 49.49000000 	 51.55200000 	 0.85400000 	 0.22700000 	 0.78500000 	 168.84100000 	 65.00000000 	 10.87400000 	 283.40800000 	 46.64100000 	 0.00000000 	 26.45800000 	 7.51800000 	 1.92000000 	 0.31400000 	 13.75910000 	 120.93340000 	 12.44830000 	 4.89010000 	 10.81160000 	 26.88850000 	 10.99350000 	 3.23510000 	 2.64940000 	 0.43580000 	 11.60590000 	 6.34070000 	 38.75046309 	 1061.52550000 	 215.46280000 	 50.85877857 	 0.00000000 	 0.00000000 	 8.25120000 	 36.39170000
2381 	 7.97100000 	 1.19550000 	 315.90270000 	 7.67970909 	 56.83293900 	 49.49000000 	 51.55200000 	 0.85400000 	 0.22700000 	 0.78500000 	 168.84100000 	 65.00000000 	 10.87400000 	 283.40800000 	 46.64100000 	 0.00000000 	 26.45800000 	 7.51800000 	 1.92000000 	 0.31400000 	 13.75910000 	 120.93340000 	 12.44830000 	 4.89010000 	 10.81160000 	 26.88850000 	 10.99350000 	 3.23510000 	 2.64940000 	 0.43580000 	 11.60590000 	 6.34070000 	 38.75046309 	 1061.52550000 	 215.46280000 	 50.85877857 	 0.00000000 	 0.00000000 	 8.25120000 	 36.39170000
2382 	 7.97100000 	 1.19550000 	 315.90270000 	 7.67970909 	 56.83293900 	 49.49000000 	 51.55200000 	 0.85400000 	 0.22700000 	 0.78500000 	 168.84100000 	 65.00000000 	 10.87400000 	 283.40800000 	 46.64100000 	 0.00000000 	 26.45800000 	 7.51800000 	 1.92000000 	 0.31400000 	 13.75910000 	 120.93340000 	 12.44830000 	 4.89010000 	 10.81160000 	 26.88850000 	 10.99350000 	 3.23510000 	 2.64940000 	 0.43580000 	 11.60590000 	 6.34070000 	 38.75046309 	 1061.52550000 	 215.46280000 	 50.85877857 	 0.00000000 	 0.00000000 	 8.25120000 	 36.39170000
2383 	 7.97100000 	 1.19550000 	 315.90270000 	 7.67970909 	 56.83293900 	 49.49000000 	 51.55200000 	 0.85400000 	 0.22700000 	 0.78500000 	 168.84100000 	 65.00000000 	 10.87400000 	 283.40800000 	 46.64100000 	 0.00000000 	 26.45800000 	 7.51800000 	 1.92000000 	 0.31400000 	 13.75910000 	 120.93340000 	 12.44830000 	 4.89010000 	 10.81160000 	 26.88850000 	 10.99350000 	 3.23510000 	 2.64940000 	 0.43580000 	 11.60590000 	 6.34070000 	 38.75046309 	 1061.52550000 	 215.46280000 	 50.85877857 	 0.00000000 	 0.00000000 	 8.25120000 	 36.39170000
2384 	 7.97100000 	 1.19550000 	 315.90270000 	 7.67970909 	 56.83293900 	 49.49000000 	 51.55200000 	 0.85400000 	 0.22700000 	 0.78500000 	 168.84100000 	 65.00000000 	 10.87400000 	 283.40800000 	 46.64100000 	 0.00000000 	 26.45800000 	 7.51800000 	 1.92000000 	 0.31400000 	 13.75910000 	 120.93340000 	 12.44830000 	 4.89010000 	 10.81160000 	 26.88850000 	 10.99350000 	 3.23510000 	 2.64940000 	 0.43580000 	 11.60590000 	 6.34070000 	 38.75046309 	 1061.52550000 	 215.46280000 	 50.85877857 	 0.00000000 	 0.00000000 	 8.25120000 	 36.39170000
2385 	 7.97100000 	 1.19550000 	 315.90270000 	 7.67970909 	 56.83293900 	 49.49000000 	 51.55200000 	 0.85400000 	 0.22700000 	 0.78500000 	 168.84100000 	 65.00000000 	 10.87400000 	 283.40800000 	 46.64100000 	 0.00000000 	 26.45800000 	 7.51800000 	 1.92000000 	 0.31400000 	 13.75910000 	 120.93340000 	 12.44830000 	 4.89010000 	 10.81160000 	 26.88850000 	 10.99350000 	 3.23510000 	 2.64940000 	 0.43580000 	 11.60590000 	 6.34070000 	 38.75046309 	 1061.52550000 	 215.46280000 	 50.85877857 	 0.00000000 	 0.00000000 	 8.25120000 	 36.39170000
2386 	 7.97100000 	 1.19550000 	 315.90270000 	 7.67970909 	 56.83293900 	 49.49000000 	 51.55200000 	 0.85400000 	 0.22700000 	 0.78500000 	 168.84100000 	 65.00000000 	 10.87400000 	 283.40800000 	 46.64100000 	 0.00000000 	 26.45800000 	 7.51800000 	 1.92000000 	 0.31400000 	 13.75910000 	 120.93340000 	 12.44830000 	 4.89010000 	 10.81160000 	 26.88850000 	 10.99350000 	 3.23510000 	 2.64940000 	 0.43580000 	 11.60590000 	 6.34070000 	 38.75046309 	 1061.52550000 	 215.46280000 	 50.85877857 	 0.00000000 	 0.00000000 	 8.25120000 	 36.39170000
2387 	 7.97100000 	 1.19550000 	 315.90270000 	 7.67970909 	 56.83293900 	 49.49000000 	 51.55200000 	 0.85400000 	 0.22700000 	 0.78500000 	 168.84100000 	 65.00000000 	 10.87400000 	 283.40800000 	 46.64100000 	 0.00000000 	 26.45800000 	 7.51800000 	 1.92000000 	 0.31400000 	 13.75910000 	 120.93340000 	 12.44830000 	 4.89010000 	 10.81160000 	 26.88850000 	 10.99350000 	 3.23510000 	 2.64940000 	 0.43580000 	 11.60590000 	 6.34070000 	 38.75046309 	 1061.52550000 	 215.46280000 	 50.85877857 	 0.00000000 	 0.00000000 	 8.25120000 	 36.39170000
2388 	 7.97100000 	 1.19550000 	 315.90270000 	 7.67970909 	 56.83293900 	 49.49000000 	 51.55200000 	 0.85400000 	 0.22700000 	 0.78500000 	 168.84100000 	 65.00000000 	 10.87400000 	 283.40800000 	 46.64100000 	 0.00000000 	 26.45800000 	 7.51800000 	 1.92000000 	 0.31400000 	 13.75910000 	 120.93340000 	 12.44830000 	 4.89010000 	 10.81160000 	 26.88850000 	 10.99350000 	 3.23510000 	 2.64940000 	 0.43580000 	 11.60590000 	 6.34070000 	 38.75046309 	 1061.52550000 	 215.46280000 	 50.85877857 	 0.00000000 	 0.00000000 	 8.25120000 	 36.39170000
2389 	 7.97100000 	 1.19550000 	 315.90270000 	 7.67970909 	 56.83293900 	 49.49000000 	 51.55200000 	 0.85400000 	 0.22700000 	 0.78500000 	 168.84100000 	 65.00000000 	 10.87400000 	 283.40800000 	 46.64100000 	 0.00000000 	 26.45800000 	 7.51800000 	 1.92000000 	 0.31400000 	 13.75910000 	 120.93340000 	 12.44830000 	 4.89010000 	 10.81160000 	 26.88850000 	 10.99350000 	 3.23510000 	 2.64940000 	 0.43580000 	 11.60590000 	 6.34070000 	 38.75046309 	 1061.52550000 	 215.46280000 	 50.85877857 	 0.00000000 	 0.00000000 	 8.25120000 	 36.39170000
2390 	 7.97100000 	 1.19550000 	 315.90270000 	 7.67970909 	 56.83293900 	 49.49000000 	 51.55200000 	 0.85400000 	 0.22700000 	 0.78500000 	 168.84100000 	 65.00000000 	 10.87400000 	 283.40800000 	 46.64100000 	 0.00000000 	 26.45800000 	 7.51800000 	 1.92000000 	 0.31400000 	 13.75910000 	 120.93340000 	 12.44830000 	 4.89010000 	 10.81160000 	 26.88850000 	 10.99350000 	 3.23510000 	 2.64940000 	 0.43580000 	 11.60590000 	 6.34070000 	 38.75046309 	 1061.52550000 	 215.46280000 	 50.85877857 	 0.00000000 	 0.00000000 	 8.25120000 	 36.39170000
2391 	 7.97100000 	 1.19550000 	 315.90270000 	 7.67970909 	 56.83293900 	 49.49000000 	 51.55200000 	 0.85400000 	 0.22700000 	 0.78500000 	 168.84100000 	 65.00000000 	 10.87400000 	 283.40800000 	 46.64100000 	 0.00000000 	 26.45800000 	 7.51800000 	 1.92000000 	 0.31400000 	 13.75910000 	 120.93340000 	 12.44830000 	 4.89010000 	 10.81160000 	 26.88850000 	 10.99350000 	 3.23510000 	 2.64940000 	 0.43580000 	 11.60590000 	 6.34070000 	 38.75046309 	 1061.52550000 	 215.46280000 	 50.85877857 	 0.00000000 	 0.00000000 	 8.25120000 	 36.39170000
2392 	 7.97100000 	 1.19550000 	 315.90270000 	 7.67970909 	 56.83293900 	 49.49000000 	 51.55200000 	 0.85400000 	 0.22700000 	 0.78500000 	 168.84100000 	 65.00000000 	 10.87400000 	 283.40800000 	 46.64100000 	 0.00000000 	 26.45800000 	 7.51800000 	 1.92000000 	 0.31400000 	 13.75910000 	 120.93340000 	 12.44830000 	 4.89010000 	 10.81160000 	 26.88850000 	 10.99350000 	 3.23510000 	 2.64940000 	 0.43580000 	 11.60590000 	 6.34070000 	 38.75046309 	 1061.52550000 	 215.46280000 	 50.85877857 	 0.00000000 	 0.00000000 	 8.25120000 	 36.39170000
2393 	 7.97100000 	 1.19550000 	 315.90270000 	 7.67970909 	 56.83293900 	 49.49000000 	 51.55200000 	 0.85400000 	 0.22700000 	 0.78500000 	 168.84100000 	 65.00000000 	 10.87400000 	 283.40800000 	 46.64100000 	 0.00000000 	 26.45800000 	 7.51800000 	 1.92000000 	 0.31400000 	 13.75910000 	 120.93340000 	 12.44830000 	 4.89010000 	 10.81160000 	 26.88850000 	 10.99350000 	 3.23510000 	 2.64940000 	 0.43580000 	 11.60590000 	 6.34070000 	 38.75046309 	 1061.52550000 	 215.46280000 	 50.85877857 	 0.00000000 	 0.00000000 	 8.25120000 	 36.39170000
2394 	 7.97100000 	 1.19550000 	 315.90270000 	 7.67970909 	 56.83293900 	 49.49000000 	 51.55200000 	 0.85400000 	 0.22700000 	 0.78500000 	 168.84100000 	 65.00000000 	 10.87400000 	 283.40800000 	 46.64100000 	 0.00000000 	 26.45800000 	 7.51800000 	 1.92000000 	 0.31400000 	 13.75910000 	 120.93340000 	 12.44830000 	 4.89010000 	 10.81160000 	 26.88850000 	 10.99350000 	 3.23510000 	 2.64940000 	 0.43580000 	 11.60590000 	 6.34070000 	 38.75046309 	 1061.52550000 	 215.46280000 	 50.85877857 	 0.00000000 	 0.00000000 	 8.25120000 	 36.39170000
2395 	 7.97100000 	 1.19550000 	 315.90270000 	 7.67970909 	 56.83293900 	 49.49000000 	 51.55200000 	 0.85400000 	 0.22700000 	 0.78500000 	 168.84100000 	 65.00000000 	 10.87400000 	 283.40800000 	 46.64100000 	 0.00000000 	 26.45800000 	 7.51800000 	 1.92000000 	 0.31400000 	 13.75910000 	 120.93340000 	 12.44830000 	 4.89010000 	 10.81160000 	 26.88850000 	 10.99350000 	 3.23510000 	 2.64940000 	 0.43580000 	 11.60590000 	 6.34070000 	 38.75046309 	 1061.52550000 	 215.46280000 	 50.85877857 	 0.00000000 	 0.00000000 	 8.25120000 	 36.39170000
2396 	 7.97100000 	 1.19550000 	 315.90270000 	 7.67970909 	 56.83293900 	 49.49000000 	 51.55200000 	 0.85400000 	 0.22700000 	 0.78500000 	 168.84100000 	 65.00000000 	 10.87400000 	 283.40800000 	 46.64100000 	 0.00000000 	 26.45800000 	 7.51800000 	 1.92000000 	 0.31400000 	 13.75910000 	 120.93340000 	 12.44830000 	 4.89010000 	 10.81160000 	 26.88850000 	 10.99350000 	 3.23510000 	 2.64940000 	 0.43580000 	 11.60590000 	 6.34070000 	 38.75046309 	 1061.52550000 	 215.46280000 	 50.85877857 	 0.00000000 	 0.00000000 	 8.25120000 	 36.39170000
2397 	 7.97100000 	 1.19550000 	 315.90270000 	 7.67970909 	 56.83293900 	 49.49000000 	 51.55200000 	 0.85400000 	 0.22700000 	 0.78500000 	 168.84100000 	 65.00000000 	 10.87400000 	 283.40800000 	 46.64100000 	 0.00000000 	 26.45800000 	 7.51800000 	 1.92000000 	 0.31400000 	 13.75910000 	 120.93340000 	 12.44830000 	 4.89010000 	 10.81160000 	 26.88850000 	 10.99350000 	 3.23510000 	 2.64940000 	 0.43580000 	 11.60590000 	 6.34070000 	 38.75046309 	 1061.52550000 	 215.46280000 	 50.85877857 	 0.00000000 	 0.00000000 	 8.25120000 	 36.39170000
2398 	 7.97100000 	 1.19550000 	 315.90270000 	 7.67970909 	 56.83293900 	 49.49000000 	 51.55200000 	 0.85400000 	 0.22700000 	 0.78500000 	 168.84100000 	 65.00000000 	 10.87400000 	 283.40800000 	 46.64100000 	 0.00000000 	 26.45800000 	 7.51800000 	 1.92000000 	 0.31400000 	 13.75910000 	 120.93340000 	 12.44830000 	 4.89010000 	 10.81160000 	 26.88850000 	 10.99350000 	 3.23510000 	 2.64940000 	 0.43580000 	 11.60590000 	 6.34070000 	 38.75046309 	 1061.52550000 	 215.46280000 	 50.85877857 	 0.00000000 	 0.00000000 	 8.25120000 	 36.39170000
2399 	 7.97100000 	 1.19550000 	 315.90270000 	 7.67970909 	 56.83293900 	 49.49000000 	 51.55200000 	 0.85400000 	 0.22700000 	 0.78500000 	 168.84100000 	 65.00000000 	 10.87400000 	 283.40800000 	 46.64100000 	 0.00000000 	 26.45800000 	 7.51800000 	 1.92000000 	 0.31400000 	 13.75910000 	 120.93340000 	 12.44830000 	 4.89010000 	 10.81160000 	 26.88850000 	 10.99350000 	 3.23510000 	 2.64940000 	 0.43580000 	 11.60590000 	 6.34070000 	 38.75046309 	 1061.52550000 	 215.46280000 	 50.85877857 	 0.00000000 	 0.00000000 	 8.25120000 	 36.39170000
2400 	 7.97100000 	 1.19550000 	 315.90270000 	 7.67970909 	 56.83293900 	 49.49000000 	 51.55200000 	 0.85400000 	 0.22700000 	 0.78500000 	 168.84100000 	 65.00000000 	 10.87400000 	 283.40800000 	 46.64100000 	 0.00000000 	 26.45800000 	 7.51800000 	 1.92000000 	 0.31400000 	 13.75910000 	 120.93340000 	 12.44830000 	 4.89010000 	 10.81160000 	 26.88850000 	 10.99350000 	 3.23510000 	 2.64940000 	 0.43580000 	 11.60590000 	 6.34070000 	 38.75046309 	 1061.52550000 	 215.46280000 	 50.85877857 	 0.00000000 	 0.00000000 	 8.25120000 	 36.39170000
2401 	 7.97100000 	 1.19550000 	 315.90270000 	 7.67970909 	 56.83293900 	 49.49000000 	 51.55200000 	 0.85400000 	 0.22700000 	 0.78500000 	 168.84100000 	 65.00000000 	 10.87400000 	 283.40800000 	 46.64100000 	 0.00000000 	 26.45800000 	 7.51800000 	 1.92000000 	 0.31400000 	 13.75910000 	 120.93340000 	 12.44830000 	 4.89010000 	 10.81160000 	 26.88850000 	 10.99350000 	 3.23510000 	 2.64940000 	 0.43580000 	 11.60590000 	 6.34070000 	 38.75046309 	 1061.52550000 	 215.46280000 	 50.85877857 	 0.00000000 	 0.00000000 	 8.25120000 	 36.39170000
2402 	 7.97100000 	 1.19550000 	 315.90270000 	 7.67970909 	 56.83293900 	 49.49000000 	 51.55200000 	 0.85400000 	 0.22700000 	 0.78500000 	 168.84100000 	 65.00000000 	 10.87400000 	 283.40800000 	 46.64100000 	 0.00000000 	 26.45800000 	 7.51800000 	 1.92000000 	 0.31400000 	 13.75910000 	 120.93340000 	 12.44830000 	 4.89010000 	 10.81160000 	 26.88850000 	 10.99350000 	 3.23510000 	 2.64940000 	 0.43580000 	 11.60590000 	 6.34070000 	 38.75046309 	 1061.52550000 	 215.46280000 	 50.85877857 	 0.00000000 	 0.00000000 	 8.25120000 	 36.39170000
2403 	 7.97100000 	 1.19550000 	 315.90270000 	 7.67970909 	 56.83293900 	 49.49000000 	 51.55200000 	 0.85400000 	 0.22700000 	 0.78500000 	 168.84100000 	 65.00000000 	 10.87400000 	 283.40800000 	 46.64100000 	 0.00000000 	 26.45800000 	 7.51800000 	 1.92000000 	 0.31400000 	 13.75910000 	 120.93340000 	 12.44830000 	 4.89010000 	 10.81160000 	 26.88850000 	 10.99350000 	 3.23510000 	 2.64940000 	 0.43580000 	 11.60590000 	 6.34070000 	 38.75046309 	 1061.52550000 	 215.46280000 	 50.85877857 	 0.00000000 	 0.00000000 	 8.25120000 	 36.39170000
2404 	 7.97100000 	 1.19550000 	 315.90270000 	 7.67970909 	 56.83293900 	 49.49000000 	 51.55200000 	 0.85400000 	 0.22700000 	 0.78500000 	 168.84100000 	 65.00000000 	 10.87400000 	 283.40800000 	 46.64100000 	 0.00000000 	 26.45800000 	 7.51800000 	 1.92000000 	 0.31400000 	 13.75910000 	 120.93340000 	 12.44830000 	 4.89010000 	 10.81160000 	 26.88850000 	 10.99350000 	 3.23510000 	 2.64940000 	 0.43580000 	 11.60590000 	 6.34070000 	 38.75046309 	 1061.52550000 	 215.46280000 	 50.85877857 	 0.00000000 	 0.00000000 	 8.25120000 	 36.39170000
2405 	 7.97100000 	 1.19550000 	 315.90270000 	 7.67970909 	 56.83293900 	 49.49000000 	 51.55200000 	 0.85400000 	 0.22700000 	 0.78500000 	 168.84100000 	 65.00000000 	 10.87400000 	 283.40800000 	 46.64100000 	 0.00000000 	 26.45800000 	 7.51800000 	 1.92000000 	 0.31400000 	 13.75910000 	 120.93340000 	 12.44830000 	 4.89010000 	 10.81160000 	 26.88850000 	 10.99350000 	 3.23510000 	 2.64940000 	 0.43580000 	 11.60590000 	 6.34070000 	 38.75046309 	 1061.52550000 	 215.46280000 	 50.85877857 	 0.00000000 	 0.00000000 	 8.25120000 	 36.39170000
2406 	 7.97100000 	 1.19550000 	 315.90270000 	 7.67970909 	 56.83293900 	 49.49000000 	 51.55200000 	 0.85400000 	 0.22700000 	 0.78500000 	 168.84100000 	 65.00000000 	 10.87400000 	 283.40800000 	 46.64100000 	 0.00000000 	 26.45800000 	 7.51800000 	 1.92000000 	 0.31400000 	 13.75910000 	 120.93340000 	 12.44830000 	 4.89010000 	 10.81160000 	 26.88850000 	 10.99350000 	 3.23510000 	 2.64940000 	 0.43580000 	 11.60590000 	 6.34070000 	 38.75046309 	 1061.52550000 	 215.46280000 	 50.85877857 	 0.00000000 	 0.00000000 	 8.25120000 	 36.39170000
2407 	 7.97100000 	 1.19550000 	 315.90270000 	 7.67970909 	 56.83293900 	 49.49000000 	 51.55200000 	 0.85400000 	 0.22700000 	 0.78500000 	 168.84100000 	 65.00000000 	 10.87400000 	 283.40800000 	 46.64100000 	 0.00000000 	 26.45800000 	 7.51800000 	 1.92000000 	 0.31400000 	 13.75910000 	 120.93340000 	 12.44830000 	 4.89010000 	 10.81160000 	 26.88850000 	 10.99350000 	 3.23510000 	 2.64940000 	 0.43580000 	 11.60590000 	 6.34070000 	 38.75046309 	 1061.52550000 	 215.46280000 	 50.85877857 	 0.00000000 	 0.00000000 	 8.25120000 	 36.39170000
2408 	 7.97100000 	 1.19550000 	 315.90270000 	 7.67970909 	 56.83293900 	 49.49000000 	 51.55200000 	 0.85400000 	 0.22700000 	 0.78500000 	 168.84100000 	 65.00000000 	 10.87400000 	 283.40800000 	 46.64100000 	 0.00000000 	 26.45800000 	 7.51800000 	 1.92000000 	 0.31400000 	 13.75910000 	 120.93340000 	 12.44830000 	 4.89010000 	 10.81160000 	 26.88850000 	 10.99350000 	 3.23510000 	 2.64940000 	 0.43580000 	 11.60590000 	 6.34070000 	 38.75046309 	 1061.52550000 	 215.46280000 	 50.85877857 	 0.00000000 	 0.00000000 	 8.25120000 	 36.39170000
2409 	 7.97100000 	 1.19550000 	 315.90270000 	 7.67970909 	 56.83293900 	 49.49000000 	 51.55200000 	 0.85400000 	 0.22700000 	 0.78500000 	 168.84100000 	 65.00000000 	 10.87400000 	 283.40800000 	 46.64100000 	 0.00000000 	 26.45800000 	 7.51800000 	 1.92000000 	 0.31400000 	 13.75910000 	 120.93340000 	 12.44830000 	 4.89010000 	 10.81160000 	 26.88850000 	 10.99350000 	 3.23510000 	 2.64940000 	 0.43580000 	 11.60590000 	 6.34070000 	 38.75046309 	 1061.52550000 	 215.46280000 	 50.85877857 	 0.00000000 	 0.00000000 	 8.25120000 	 36.39170000
2410 	 7.97100000 	 1.19550000 	 315.90270000 	 7.67970909 	 56.83293900 	 49.49000000 	 51.55200000 	 0.85400000 	 0.22700000 	 0.78500000 	 168.84100000 	 65.00000000 	 10.87400000 	 283.40800000 	 46.64100000 	 0.00000000 	 26.45800000 	 7.51800000 	 1.92000000 	 0.31400000 	 13.75910000 	 120.93340000 	 12.44830000 	 4.89010000 	 10.81160000 	 26.88850000 	 10.99350000 	 3.23510000 	 2.64940000 	 0.43580000 	 11.60590000 	 6.34070000 	 38.75046309 	 1061.52550000 	 215.46280000 	 50.85877857 	 0.00000000 	 0.00000000 	 8.25120000 	 36.39170000
2411 	 7.97100000 	 1.19550000 	 315.90270000 	 7.67970909 	 56.83293900 	 49.49000000 	 51.55200000 	 0.85400000 	 0.22700000 	 0.78500000 	 168.84100000 	 65.00000000 	 10.87400000 	 283.40800000 	 46.64100000 	 0.00000000 	 26.45800000 	 7.51800000 	 1.92000000 	 0.31400000 	 13.75910000 	 120.93340000 	 12.44830000 	 4.89010000 	 10.81160000 	 26.88850000 	 10.99350000 	 3.23510000 	 2.64940000 	 0.43580000 	 11.60590000 	 6.34070000 	 38.75046309 	 1061.52550000 	 215.46280000 	 50.85877857 	 0.00000000 	 0.00000000 	 8.25120000 	 36.39170000
2412 	 7.97100000 	 1.19550000 	 315.90270000 	 7.67970909 	 56.83293900 	 49.49000000 	 51.55200000 	 0.85400000 	 0.22700000 	 0.78500000 	 168.84100000 	 65.00000000 	 10.87400000 	 283.40800000 	 46.64100000 	 0.00000000 	 26.45800000 	 7.51800000 	 1.92000000 	 0.31400000 	 13.75910000 	 120.93340000 	 12.44830000 	 4.89010000 	 10.81160000 	 26.88850000 	 10.99350000 	 3.23510000 	 2.64940000 	 0.43580000 	 11.60590000 	 6.34070000 	 38.75046309 	 1061.52550000 	 215.46280000 	 50.85877857 	 0.00000000 	 0.00000000 	 8.25120000 	 36.39170000
2413 	 7.97100000 	 1.19550000 	 315.90270000 	 7.67970909 	 56.83293900 	 49.49000000 	 51.55200000 	 0.85400000 	 0.22700000 	 0.78500000 	 168.84100000 	 65.00000000 	 10.87400000 	 283.40800000 	 46.64100000 	 0.00000000 	 26.45800000 	 7.51800000 	 1.92000000 	 0.31400000 	 13.75910000 	 120.93340000 	 12.44830000 	 4.89010000 	 10.81160000 	 26.88850000 	 10.99350000 	 3.23510000 	 2.64940000 	 0.43580000 	 11.60590000 	 6.34070000 	 38.75046309 	 1061.52550000 	 215.46280000 	 50.85877857 	 0.00000000 	 0.00000000 	 8.25120000 	 36.39170000
2414 	 7.97100000 	 1.19550000 	 315.90270000 	 7.67970909 	 56.83293900 	 49.49000000 	 51.55200000 	 0.85400000 	 0.22700000 	 0.78500000 	 168.84100000 	 65.00000000 	 10.87400000 	 283.40800000 	 46.64100000 	 0.00000000 	 26.45800000 	 7.51800000 	 1.92000000 	 0.31400000 	 13.75910000 	 120.93340000 	 12.44830000 	 4.89010000 	 10.81160000 	 26.88850000 	 10.99350000 	 3.23510000 	 2.64940000 	 0.43580000 	 11.60590000 	 6.34070000 	 38.75046309 	 1061.52550000 	 215.46280000 	 50.85877857 	 0.00000000 	 0.00000000 	 8.25120000 	 36.39170000
2415 	 7.97100000 	 1.19550000 	 315.90270000 	 7.67970909 	 56.83293900 	 49.49000000 	 51.55200000 	 0.85400000 	 0.22700000 	 0.78500000 	 168.84100000 	 65.00000000 	 10.87400000 	 283.40800000 	 46.64100000 	 0.00000000 	 26.45800000 	 7.51800000 	 1.92000000 	 0.31400000 	 13.75910000 	 120.93340000 	 12.44830000 	 4.89010000 	 10.81160000 	 26.88850000 	 10.99350000 	 3.23510000 	 2.64940000 	 0.43580000 	 11.60590000 	 6.34070000 	 38.75046309 	 1061.52550000 	 215.46280000 	 50.85877857 	 0.00000000 	 0.00000000 	 8.25120000 	 36.39170000
2416 	 7.97100000 	 1.19550000 	 315.90270000 	 7.67970909 	 56.83293900 	 49.49000000 	 51.55200000 	 0.85400000 	 0.22700000 	 0.78500000 	 168.84100000 	 65.00000000 	 10.87400000 	 283.40800000 	 46.64100000 	 0.00000000 	 26.45800000 	 7.51800000 	 1.92000000 	 0.31400000 	 13.75910000 	 120.93340000 	 12.44830000 	 4.89010000 	 10.81160000 	 26.88850000 	 10.99350000 	 3.23510000 	 2.64940000 	 0.43580000 	 11.60590000 	 6.34070000 	 38.75046309 	 1061.52550000 	 215.46280000 	 50.85877857 	 0.00000000 	 0.00000000 	 8.25120000 	 36.39170000
2417 	 7.97100000 	 1.19550000 	 315.90270000 	 7.67970909 	 56.83293900 	 49.49000000 	 51.55200000 	 0.85400000 	 0.22700000 	 0.78500000 	 168.84100000 	 65.00000000 	 10.87400000 	 283.40800000 	 46.64100000 	 0.00000000 	 26.45800000 	 7.51800000 	 1.92000000 	 0.31400000 	 13.75910000 	 120.93340000 	 12.44830000 	 4.89010000 	 10.81160000 	 26.88850000 	 10.99350000 	 3.23510000 	 2.64940000 	 0.43580000 	 11.60590000 	 6.34070000 	 38.75046309 	 1061.52550000 	 215.46280000 	 50.85877857 	 0.00000000 	 0.00000000 	 8.25120000 	 36.39170000
2418 	 7.97100000 	 1.19550000 	 315.90270000 	 7.67970909 	 56.83293900 	 49.49000000 	 51.55200000 	 0.85400000 	 0.22700000 	 0.78500000 	 168.84100000 	 65.00000000 	 10.87400000 	 283.40800000 	 46.64100000 	 0.00000000 	 26.45800000 	 7.51800000 	 1.92000000 	 0.31400000 	 13.75910000 	 120.93340000 	 12.44830000 	 4.89010000 	 10.81160000 	 26.88850000 	 10.99350000 	 3.23510000 	 2.64940000 	 0.43580000 	 11.60590000 	 6.34070000 	 38.75046309 	 1061.52550000 	 215.46280000 	 50.85877857 	 0.00000000 	 0.00000000 	 8.25120000 	 36.39170000
2419 	 7.97100000 	 1.19550000 	 315.90270000 	 7.67970909 	 56.83293900 	 49.49000000 	 51.55200000 	 0.85400000 	 0.22700000 	 0.78500000 	 168.84100000 	 65.00000000 	 10.87400000 	 283.40800000 	 46.64100000 	 0.00000000 	 26.45800000 	 7.51800000 	 1.92000000 	 0.31400000 	 13.75910000 	 120.93340000 	 12.44830000 	 4.89010000 	 10.81160000 	 26.88850000 	 10.99350000 	 3.23510000 	 2.64940000 	 0.43580000 	 11.60590000 	 6.34070000 	 38.75046309 	 1061.52550000 	 215.46280000 	 50.85877857 	 0.00000000 	 0.00000000 	 8.25120000 	 36.39170000
2420 	 7.97100000 	 1.19550000 	 315.90270000 	 7.67970909 	 56.83293900 	 49.49000000 	 51.55200000 	 0.85400000 	 0.22700000 	 0.78500000 	 168.84100000 	 65.00000000 	 10.87400000 	 283.40800000 	 46.64100000 	 0.00000000 	 26.45800000 	 7.51800000 	 1.92000000 	 0.31400000 	 13.75910000 	 120.93340000 	 12.44830000 	 4.89010000 	 10.81160000 	 26.88850000 	 10.99350000 	 3.23510000 	 2.64940000 	 0.43580000 	 11.60590000 	 6.34070000 	 38.75046309 	 1061.52550000 	 215.46280000 	 50.85877857 	 0.00000000 	 0.00000000 	 8.25120000 	 36.39170000
2421 	 7.97100000 	 1.19550000 	 315.90270000 	 7.67970909 	 56.83293900 	 49.49000000 	 51.55200000 	 0.85400000 	 0.22700000 	 0.78500000 	 168.84100000 	 65.00000000 	 10.87400000 	 283.40800000 	 46.64100000 	 0.00000000 	 26.45800000 	 7.51800000 	 1.92000000 	 0.31400000 	 13.75910000 	 120.93340000 	 12.44830000 	 4.89010000 	 10.81160000 	 26.88850000 	 10.99350000 	 3.23510000 	 2.64940000 	 0.43580000 	 11.60590000 	 6.34070000 	 38.75046309 	 1061.52550000 	 215.46280000 	 50.85877857 	 0.00000000 	 0.00000000 	 8.25120000 	 36.39170000
2422 	 7.97100000 	 1.19550000 	 315.90270000 	 7.67970909 	 56.83293900 	 49.49000000 	 51.55200000 	 0.85400000 	 0.22700000 	 0.78500000 	 168.84100000 	 65.00000000 	 10.87400000 	 283.40800000 	 46.64100000 	 0.00000000 	 26.45800000 	 7.51800000 	 1.92000000 	 0.31400000 	 13.75910000 	 120.93340000 	 12.44830000 	 4.89010000 	 10.81160000 	 26.88850000 	 10.99350000 	 3.23510000 	 2.64940000 	 0.43580000 	 11.60590000 	 6.34070000 	 38.75046309 	 1061.52550000 	 215.46280000 	 50.85877857 	 0.00000000 	 0.00000000 	 8.25120000 	 36.39170000
2423 	 7.97100000 	 1.19550000 	 315.90270000 	 7.67970909 	 56.83293900 	 49.49000000 	 51.55200000 	 0.85400000 	 0.22700000 	 0.78500000 	 168.84100000 	 65.00000000 	 10.87400000 	 283.40800000 	 46.64100000 	 0.00000000 	 26.45800000 	 7.51800000 	 1.92000000 	 0.31400000 	 13.75910000 	 120.93340000 	 12.44830000 	 4.89010000 	 10.81160000 	 26.88850000 	 10.99350000 	 3.23510000 	 2.64940000 	 0.43580000 	 11.60590000 	 6.34070000 	 38.75046309 	 1061.52550000 	 215.46280000 	 50.85877857 	 0.00000000 	 0.00000000 	 8.25120000 	 36.39170000
2424 	 7.97100000 	 1.19550000 	 315.90270000 	 7.67970909 	 56.83293900 	 49.49000000 	 51.55200000 	 0.85400000 	 0.22700000 	 0.78500000 	 168.84100000 	 65.00000000 	 10.87400000 	 283.40800000 	 46.64100000 	 0.00000000 	 26.45800000 	 7.51800000 	 1.92000000 	 0.31400000 	 13.75910000 	 120.93340000 	 12.44830000 	 4.89010000 	 10.81160000 	 26.88850000 	 10.99350000 	 3.23510000 	 2.64940000 	 0.43580000 	 11.60590000 	 6.34070000 	 38.75046309 	 1061.52550000 	 215.46280000 	 50.85877857 	 0.00000000 	 0.00000000 	 8.25120000 	 36.39170000
2425 	 7.97100000 	 1.19550000 	 315.90270000 	 7.67970909 	 56.83293900 	 49.49000000 	 51.55200000 	 0.85400000 	 0.22700000 	 0.78500000 	 168.84100000 	 65.00000000 	 10.87400000 	 283.40800000 	 46.64100000 	 0.00000000 	 26.45800000 	 7.51800000 	 1.92000000 	 0.31400000 	 13.75910000 	 120.93340000 	 12.44830000 	 4.89010000 	 10.81160000 	 26.88850000 	 10.99350000 	 3.23510000 	 2.64940000 	 0.43580000 	 11.60590000 	 6.34070000 	 38.75046309 	 1061.52550000 	 215.46280000 	 50.85877857 	 0.00000000 	 0.00000000 	 8.25120000 	 36.39170000
2426 	 7.97100000 	 1.19550000 	 315.90270000 	 7.67970909 	 56.83293900 	 49.49000000 	 51.55200000 	 0.85400000 	 0.22700000 	 0.78500000 	 168.84100000 	 65.00000000 	 10.87400000 	 283.40800000 	 46.64100000 	 0.00000000 	 26.45800000 	 7.51800000 	 1.92000000 	 0.31400000 	 13.75910000 	 120.93340000 	 12.44830000 	 4.89010000 	 10.81160000 	 26.88850000 	 10.99350000 	 3.23510000 	 2.64940000 	 0.43580000 	 11.60590000 	 6.34070000 	 38.75046309 	 1061.52550000 	 215.46280000 	 50.85877857 	 0.00000000 	 0.00000000 	 8.25120000 	 36.39170000
2427 	 7.97100000 	 1.19550000 	 315.90270000 	 7.67970909 	 56.83293900 	 49.49000000 	 51.55200000 	 0.85400000 	 0.22700000 	 0.78500000 	 168.84100000 	 65.00000000 	 10.87400000 	 283.40800000 	 46.64100000 	 0.00000000 	 26.45800000 	 7.51800000 	 1.92000000 	 0.31400000 	 13.75910000 	 120.93340000 	 12.44830000 	 4.89010000 	 10.81160000 	 26.88850000 	 10.99350000 	 3.23510000 	 2.64940000 	 0.43580000 	 11.60590000 	 6.34070000 	 38.75046309 	 1061.52550000 	 215.46280000 	 50.85877857 	 0.00000000 	 0.00000000 	 8.25120000 	 36.39170000
2428 	 7.97100000 	 1.19550000 	 315.90270000 	 7.67970909 	 56.83293900 	 49.49000000 	 51.55200000 	 0.85400000 	 0.22700000 	 0.78500000 	 168.84100000 	 65.00000000 	 10.87400000 	 283.40800000 	 46.64100000 	 0.00000000 	 26.45800000 	 7.51800000 	 1.92000000 	 0.31400000 	 13.75910000 	 120.93340000 	 12.44830000 	 4.89010000 	 10.81160000 	 26.88850000 	 10.99350000 	 3.23510000 	 2.64940000 	 0.43580000 	 11.60590000 	 6.34070000 	 38.75046309 	 1061.52550000 	 215.46280000 	 50.85877857 	 0.00000000 	 0.00000000 	 8.25120000 	 36.39170000
2429 	 7.97100000 	 1.19550000 	 315.90270000 	 7.67970909 	 56.83293900 	 49.49000000 	 51.55200000 	 0.85400000 	 0.22700000 	 0.78500000 	 168.84100000 	 65.00000000 	 10.87400000 	 283.40800000 	 46.64100000 	 0.00000000 	 26.45800000 	 7.51800000 	 1.92000000 	 0.31400000 	 13.75910000 	 120.93340000 	 12.44830000 	 4.89010000 	 10.81160000 	 26.88850000 	 10.99350000 	 3.23510000 	 2.64940000 	 0.43580000 	 11.60590000 	 6.34070000 	 38.75046309 	 1061.52550000 	 215.46280000 	 50.85877857 	 0.00000000 	 0.00000000 	 8.25120000 	 36.39170000
2430 	 7.97100000 	 1.19550000 	 315.90270000 	 7.67970909 	 56.83293900 	 49.49000000 	 51.55200000 	 0.85400000 	 0.22700000 	 0.78500000 	 168.84100000 	 65.00000000 	 10.87400000 	 283.40800000 	 46.64100000 	 0.00000000 	 26.45800000 	 7.51800000 	 1.92000000 	 0.31400000 	 13.75910000 	 120.93340000 	 12.44830000 	 4.89010000 	 10.81160000 	 26.88850000 	 10.99350000 	 3.23510000 	 2.64940000 	 0.43580000 	 11.60590000 	 6.34070000 	 38.75046309 	 1061.52550000 	 215.46280000 	 50.85877857 	 0.00000000 	 0.00000000 	 8.25120000 	 36.39170000
2431 	 7.97100000 	 1.19550000 	 315.90270000 	 7.67970909 	 56.83293900 	 49.49000000 	 51.55200000 	 0.85400000 	 0.22700000 	 0.78500000 	 168.84100000 	 65.00000000 	 10.87400000 	 283.40800000 	 46.64100000 	 0.00000000 	 26.45800000 	 7.51800000 	 1.92000000 	 0.31400000 	 13.75910000 	 120.93340000 	 12.44830000 	 4.89010000 	 10.81160000 	 26.88850000 	 10.99350000 	 3.23510000 	 2.64940000 	 0.43580000 	 11.60590000 	 6.34070000 	 38.75046309 	 1061.52550000 	 215.46280000 	 50.85877857 	 0.00000000 	 0.00000000 	 8.25120000 	 36.39170000
2432 	 7.97100000 	 1.19550000 	 315.90270000 	 7.67970909 	 56.83293900 	 49.49000000 	 51.55200000 	 0.85400000 	 0.22700000 	 0.78500000 	 168.84100000 	 65.00000000 	 10.87400000 	 283.40800000 	 46.64100000 	 0.00000000 	 26.45800000 	 7.51800000 	 1.92000000 	 0.31400000 	 13.75910000 	 120.93340000 	 12.44830000 	 4.89010000 	 10.81160000 	 26.88850000 	 10.99350000 	 3.23510000 	 2.64940000 	 0.43580000 	 11.60590000 	 6.34070000 	 38.75046309 	 1061.52550000 	 215.46280000 	 50.85877857 	 0.00000000 	 0.00000000 	 8.25120000 	 36.39170000
2433 	 7.97100000 	 1.19550000 	 315.90270000 	 7.67970909 	 56.83293900 	 49.49000000 	 51.55200000 	 0.85400000 	 0.22700000 	 0.78500000 	 168.84100000 	 65.00000000 	 10.87400000 	 283.40800000 	 46.64100000 	 0.00000000 	 26.45800000 	 7.51800000 	 1.92000000 	 0.31400000 	 13.75910000 	 120.93340000 	 12.44830000 	 4.89010000 	 10.81160000 	 26.88850000 	 10.99350000 	 3.23510000 	 2.64940000 	 0.43580000 	 11.60590000 	 6.34070000 	 38.75046309 	 1061.52550000 	 215.46280000 	 50.85877857 	 0.00000000 	 0.00000000 	 8.25120000 	 36.39170000
2434 	 7.97100000 	 1.19550000 	 315.90270000 	 7.67970909 	 56.83293900 	 49.49000000 	 51.55200000 	 0.85400000 	 0.22700000 	 0.78500000 	 168.84100000 	 65.00000000 	 10.87400000 	 283.40800000 	 46.64100000 	 0.00000000 	 26.45800000 	 7.51800000 	 1.92000000 	 0.31400000 	 13.75910000 	 120.93340000 	 12.44830000 	 4.89010000 	 10.81160000 	 26.88850000 	 10.99350000 	 3.23510000 	 2.64940000 	 0.43580000 	 11.60590000 	 6.34070000 	 38.75046309 	 1061.52550000 	 215.46280000 	 50.85877857 	 0.00000000 	 0.00000000 	 8.25120000 	 36.39170000
2435 	 7.97100000 	 1.19550000 	 315.90270000 	 7.67970909 	 56.83293900 	 49.49000000 	 51.55200000 	 0.85400000 	 0.22700000 	 0.78500000 	 168.84100000 	 65.00000000 	 10.87400000 	 283.40800000 	 46.64100000 	 0.00000000 	 26.45800000 	 7.51800000 	 1.92000000 	 0.31400000 	 13.75910000 	 120.93340000 	 12.44830000 	 4.89010000 	 10.81160000 	 26.88850000 	 10.99350000 	 3.23510000 	 2.64940000 	 0.43580000 	 11.60590000 	 6.34070000 	 38.75046309 	 1061.52550000 	 215.46280000 	 50.85877857 	 0.00000000 	 0.00000000 	 8.25120000 	 36.39170000
2436 	 7.97100000 	 1.19550000 	 315.90270000 	 7.67970909 	 56.83293900 	 49.49000000 	 51.55200000 	 0.85400000 	 0.22700000 	 0.78500000 	 168.84100000 	 65.00000000 	 10.87400000 	 283.40800000 	 46.64100000 	 0.00000000 	 26.45800000 	 7.51800000 	 1.92000000 	 0.31400000 	 13.75910000 	 120.93340000 	 12.44830000 	 4.89010000 	 10.81160000 	 26.88850000 	 10.99350000 	 3.23510000 	 2.64940000 	 0.43580000 	 11.60590000 	 6.34070000 	 38.75046309 	 1061.52550000 	 215.46280000 	 50.85877857 	 0.00000000 	 0.00000000 	 8.25120000 	 36.39170000
2437 	 7.97100000 	 1.19550000 	 315.90270000 	 7.67970909 	 56.83293900 	 49.49000000 	 51.55200000 	 0.85400000 	 0.22700000 	 0.78500000 	 168.84100000 	 65.00000000 	 10.87400000 	 283.40800000 	 46.64100000 	 0.00000000 	 26.45800000 	 7.51800000 	 1.92000000 	 0.31400000 	 13.75910000 	 120.93340000 	 12.44830000 	 4.89010000 	 10.81160000 	 26.88850000 	 10.99350000 	 3.23510000 	 2.64940000 	 0.43580000 	 11.60590000 	 6.34070000 	 38.75046309 	 1061.52550000 	 215.46280000 	 50.85877857 	 0.00000000 	 0.00000000 	 8.25120000 	 36.39170000
2438 	 7.97100000 	 1.19550000 	 315.90270000 	 7.67970909 	 56.83293900 	 49.49000000 	 51.55200000 	 0.85400000 	 0.22700000 	 0.78500000 	 168.84100000 	 65.00000000 	 10.87400000 	 283.40800000 	 46.64100000 	 0.00000000 	 26.45800000 	 7.51800000 	 1.92000000 	 0.31400000 	 13.75910000 	 120.93340000 	 12.44830000 	 4.89010000 	 10.81160000 	 26.88850000 	 10.99350000 	 3.23510000 	 2.64940000 	 0.43580000 	 11.60590000 	 6.34070000 	 38.75046309 	 1061.52550000 	 215.46280000 	 50.85877857 	 0.00000000 	 0.00000000 	 8.25120000 	 36.39170000
2439 	 7.97100000 	 1.19550000 	 315.90270000 	 7.67970909 	 56.83293900 	 49.49000000 	 51.55200000 	 0.85400000 	 0.22700000 	 0.78500000 	 168.84100000 	 65.00000000 	 10.87400000 	 283.40800000 	 46.64100000 	 0.00000000 	 26.45800000 	 7.51800000 	 1.92000000 	 0.31400000 	 13.75910000 	 120.93340000 	 12.44830000 	 4.89010000 	 10.81160000 	 26.88850000 	 10.99350000 	 3.23510000 	 2.64940000 	 0.43580000 	 11.60590000 	 6.34070000 	 38.75046309 	 1061.52550000 	 215.46280000 	 50.85877857 	 0.00000000 	 0.00000000 	 8.25120000 	 36.39170000
2440 	 7.97100000 	 1.19550000 	 315.90270000 	 7.67970909 	 56.83293900 	 49.49000000 	 51.55200000 	 0.85400000 	 0.22700000 	 0.78500000 	 168.84100000 	 65.00000000 	 10.87400000 	 283.40800000 	 46.64100000 	 0.00000000 	 26.45800000 	 7.51800000 	 1.92000000 	 0.31400000 	 13.75910000 	 120.93340000 	 12.44830000 	 4.89010000 	 10.81160000 	 26.88850000 	 10.99350000 	 3.23510000 	 2.64940000 	 0.43580000 	 11.60590000 	 6.34070000 	 38.75046309 	 1061.52550000 	 215.46280000 	 50.85877857 	 0.00000000 	 0.00000000 	 8.25120000 	 36.39170000
2441 	 7.97100000 	 1.19550000 	 315.90270000 	 7.67970909 	 56.83293900 	 49.49000000 	 51.55200000 	 0.85400000 	 0.22700000 	 0.78500000 	 168.84100000 	 65.00000000 	 10.87400000 	 283.40800000 	 46.64100000 	 0.00000000 	 26.45800000 	 7.51800000 	 1.92000000 	 0.31400000 	 13.75910000 	 120.93340000 	 12.44830000 	 4.89010000 	 10.81160000 	 26.88850000 	 10.99350000 	 3.23510000 	 2.64940000 	 0.43580000 	 11.60590000 	 6.34070000 	 38.75046309 	 1061.52550000 	 215.46280000 	 50.85877857 	 0.00000000 	 0.00000000 	 8.25120000 	 36.39170000
2442 	 7.97100000 	 1.19550000 	 315.90270000 	 7.67970909 	 56.83293900 	 49.49000000 	 51.55200000 	 0.85400000 	 0.22700000 	 0.78500000 	 168.84100000 	 65.00000000 	 10.87400000 	 283.40800000 	 46.64100000 	 0.00000000 	 26.45800000 	 7.51800000 	 1.92000000 	 0.31400000 	 13.75910000 	 120.93340000 	 12.44830000 	 4.89010000 	 10.81160000 	 26.88850000 	 10.99350000 	 3.23510000 	 2.64940000 	 0.43580000 	 11.60590000 	 6.34070000 	 38.75046309 	 1061.52550000 	 215.46280000 	 50.85877857 	 0.00000000 	 0.00000000 	 8.25120000 	 36.39170000
2443 	 7.97100000 	 1.19550000 	 315.90270000 	 7.67970909 	 56.83293900 	 49.49000000 	 51.55200000 	 0.85400000 	 0.22700000 	 0.78500000 	 168.84100000 	 65.00000000 	 10.87400000 	 283.40800000 	 46.64100000 	 0.00000000 	 26.45800000 	 7.51800000 	 1.92000000 	 0.31400000 	 13.75910000 	 120.93340000 	 12.44830000 	 4.89010000 	 10.81160000 	 26.88850000 	 10.99350000 	 3.23510000 	 2.64940000 	 0.43580000 	 11.60590000 	 6.34070000 	 38.75046309 	 1061.52550000 	 215.46280000 	 50.85877857 	 0.00000000 	 0.00000000 	 8.25120000 	 36.39170000
2444 	 7.97100000 	 1.19550000 	 315.90270000 	 7.67970909 	 56.83293900 	 49.49000000 	 51.55200000 	 0.85400000 	 0.22700000 	 0.78500000 	 168.84100000 	 65.00000000 	 10.87400000 	 283.40800000 	 46.64100000 	 0.00000000 	 26.45800000 	 7.51800000 	 1.92000000 	 0.31400000 	 13.75910000 	 120.93340000 	 12.44830000 	 4.89010000 	 10.81160000 	 26.88850000 	 10.99350000 	 3.23510000 	 2.64940000 	 0.43580000 	 11.60590000 	 6.34070000 	 38.75046309 	 1061.52550000 	 215.46280000 	 50.85877857 	 0.00000000 	 0.00000000 	 8.25120000 	 36.39170000
2445 	 7.97100000 	 1.19550000 	 315.90270000 	 7.67970909 	 56.83293900 	 49.49000000 	 51.55200000 	 0.85400000 	 0.22700000 	 0.78500000 	 168.84100000 	 65.00000000 	 10.87400000 	 283.40800000 	 46.64100000 	 0.00000000 	 26.45800000 	 7.51800000 	 1.92000000 	 0.31400000 	 13.75910000 	 120.93340000 	 12.44830000 	 4.89010000 	 10.81160000 	 26.88850000 	 10.99350000 	 3.23510000 	 2.64940000 	 0.43580000 	 11.60590000 	 6.34070000 	 38.75046309 	 1061.52550000 	 215.46280000 	 50.85877857 	 0.00000000 	 0.00000000 	 8.25120000 	 36.39170000
2446 	 7.97100000 	 1.19550000 	 315.90270000 	 7.67970909 	 56.83293900 	 49.49000000 	 51.55200000 	 0.85400000 	 0.22700000 	 0.78500000 	 168.84100000 	 65.00000000 	 10.87400000 	 283.40800000 	 46.64100000 	 0.00000000 	 26.45800000 	 7.51800000 	 1.92000000 	 0.31400000 	 13.75910000 	 120.93340000 	 12.44830000 	 4.89010000 	 10.81160000 	 26.88850000 	 10.99350000 	 3.23510000 	 2.64940000 	 0.43580000 	 11.60590000 	 6.34070000 	 38.75046309 	 1061.52550000 	 215.46280000 	 50.85877857 	 0.00000000 	 0.00000000 	 8.25120000 	 36.39170000
2447 	 7.97100000 	 1.19550000 	 315.90270000 	 7.67970909 	 56.83293900 	 49.49000000 	 51.55200000 	 0.85400000 	 0.22700000 	 0.78500000 	 168.84100000 	 65.00000000 	 10.87400000 	 283.40800000 	 46.64100000 	 0.00000000 	 26.45800000 	 7.51800000 	 1.92000000 	 0.31400000 	 13.75910000 	 120.93340000 	 12.44830000 	 4.89010000 	 10.81160000 	 26.88850000 	 10.99350000 	 3.23510000 	 2.64940000 	 0.43580000 	 11.60590000 	 6.34070000 	 38.75046309 	 1061.52550000 	 215.46280000 	 50.85877857 	 0.00000000 	 0.00000000 	 8.25120000 	 36.39170000
2448 	 7.97100000 	 1.19550000 	 315.90270000 	 7.67970909 	 56.83293900 	 49.49000000 	 51.55200000 	 0.85400000 	 0.22700000 	 0.78500000 	 168.84100000 	 65.00000000 	 10.87400000 	 283.40800000 	 46.64100000 	 0.00000000 	 26.45800000 	 7.51800000 	 1.92000000 	 0.31400000 	 13.75910000 	 120.93340000 	 12.44830000 	 4.89010000 	 10.81160000 	 26.88850000 	 10.99350000 	 3.23510000 	 2.64940000 	 0.43580000 	 11.60590000 	 6.34070000 	 38.75046309 	 1061.52550000 	 215.46280000 	 50.85877857 	 0.00000000 	 0.00000000 	 8.25120000 	 36.39170000
2449 	 7.97100000 	 1.19550000 	 315.90270000 	 7.67970909 	 56.83293900 	 49.49000000 	 51.55200000 	 0.85400000 	 0.22700000 	 0.78500000 	 168.84100000 	 65.00000000 	 10.87400000 	 283.40800000 	 46.64100000 	 0.00000000 	 26.45800000 	 7.51800000 	 1.92000000 	 0.31400000 	 13.75910000 	 120.93340000 	 12.44830000 	 4.89010000 	 10.81160000 	 26.88850000 	 10.99350000 	 3.23510000 	 2.64940000 	 0.43580000 	 11.60590000 	 6.34070000 	 38.75046309 	 1061.52550000 	 215.46280000 	 50.85877857 	 0.00000000 	 0.00000000 	 8.25120000 	 36.39170000
2450 	 7.97100000 	 1.19550000 	 315.90270000 	 7.67970909 	 56.83293900 	 49.49000000 	 51.55200000 	 0.85400000 	 0.22700000 	 0.78500000 	 168.84100000 	 65.00000000 	 10.87400000 	 283.40800000 	 46.64100000 	 0.00000000 	 26.45800000 	 7.51800000 	 1.92000000 	 0.31400000 	 13.75910000 	 120.93340000 	 12.44830000 	 4.89010000 	 10.81160000 	 26.88850000 	 10.99350000 	 3.23510000 	 2.64940000 	 0.43580000 	 11.60590000 	 6.34070000 	 38.75046309 	 1061.52550000 	 215.46280000 	 50.85877857 	 0.00000000 	 0.00000000 	 8.25120000 	 36.39170000
2451 	 7.97100000 	 1.19550000 	 315.90270000 	 7.67970909 	 56.83293900 	 49.49000000 	 51.55200000 	 0.85400000 	 0.22700000 	 0.78500000 	 168.84100000 	 65.00000000 	 10.87400000 	 283.40800000 	 46.64100000 	 0.00000000 	 26.45800000 	 7.51800000 	 1.92000000 	 0.31400000 	 13.75910000 	 120.93340000 	 12.44830000 	 4.89010000 	 10.81160000 	 26.88850000 	 10.99350000 	 3.23510000 	 2.64940000 	 0.43580000 	 11.60590000 	 6.34070000 	 38.75046309 	 1061.52550000 	 215.46280000 	 50.85877857 	 0.00000000 	 0.00000000 	 8.25120000 	 36.39170000
2452 	 7.97100000 	 1.19550000 	 315.90270000 	 7.67970909 	 56.83293900 	 49.49000000 	 51.55200000 	 0.85400000 	 0.22700000 	 0.78500000 	 168.84100000 	 65.00000000 	 10.87400000 	 283.40800000 	 46.64100000 	 0.00000000 	 26.45800000 	 7.51800000 	 1.92000000 	 0.31400000 	 13.75910000 	 120.93340000 	 12.44830000 	 4.89010000 	 10.81160000 	 26.88850000 	 10.99350000 	 3.23510000 	 2.64940000 	 0.43580000 	 11.60590000 	 6.34070000 	 38.75046309 	 1061.52550000 	 215.46280000 	 50.85877857 	 0.00000000 	 0.00000000 	 8.25120000 	 36.39170000
2453 	 7.97100000 	 1.19550000 	 315.90270000 	 7.67970909 	 56.83293900 	 49.49000000 	 51.55200000 	 0.85400000 	 0.22700000 	 0.78500000 	 168.84100000 	 65.00000000 	 10.87400000 	 283.40800000 	 46.64100000 	 0.00000000 	 26.45800000 	 7.51800000 	 1.92000000 	 0.31400000 	 13.75910000 	 120.93340000 	 12.44830000 	 4.89010000 	 10.81160000 	 26.88850000 	 10.99350000 	 3.23510000 	 2.64940000 	 0.43580000 	 11.60590000 	 6.34070000 	 38.75046309 	 1061.52550000 	 215.46280000 	 50.85877857 	 0.00000000 	 0.00000000 	 8.25120000 	 36.39170000
2454 	 7.97100000 	 1.19550000 	 315.90270000 	 7.67970909 	 56.83293900 	 49.49000000 	 51.55200000 	 0.85400000 	 0.22700000 	 0.78500000 	 168.84100000 	 65.00000000 	 10.87400000 	 283.40800000 	 46.64100000 	 0.00000000 	 26.45800000 	 7.51800000 	 1.92000000 	 0.31400000 	 13.75910000 	 120.93340000 	 12.44830000 	 4.89010000 	 10.81160000 	 26.88850000 	 10.99350000 	 3.23510000 	 2.64940000 	 0.43580000 	 11.60590000 	 6.34070000 	 38.75046309 	 1061.52550000 	 215.46280000 	 50.85877857 	 0.00000000 	 0.00000000 	 8.25120000 	 36.39170000
2455 	 7.97100000 	 1.19550000 	 315.90270000 	 7.67970909 	 56.83293900 	 49.49000000 	 51.55200000 	 0.85400000 	 0.22700000 	 0.78500000 	 168.84100000 	 65.00000000 	 10.87400000 	 283.40800000 	 46.64100000 	 0.00000000 	 26.45800000 	 7.51800000 	 1.92000000 	 0.31400000 	 13.75910000 	 120.93340000 	 12.44830000 	 4.89010000 	 10.81160000 	 26.88850000 	 10.99350000 	 3.23510000 	 2.64940000 	 0.43580000 	 11.60590000 	 6.34070000 	 38.75046309 	 1061.52550000 	 215.46280000 	 50.85877857 	 0.00000000 	 0.00000000 	 8.25120000 	 36.39170000
2456 	 7.97100000 	 1.19550000 	 315.90270000 	 7.67970909 	 56.83293900 	 49.49000000 	 51.55200000 	 0.85400000 	 0.22700000 	 0.78500000 	 168.84100000 	 65.00000000 	 10.87400000 	 283.40800000 	 46.64100000 	 0.00000000 	 26.45800000 	 7.51800000 	 1.92000000 	 0.31400000 	 13.75910000 	 120.93340000 	 12.44830000 	 4.89010000 	 10.81160000 	 26.88850000 	 10.99350000 	 3.23510000 	 2.64940000 	 0.43580000 	 11.60590000 	 6.34070000 	 38.75046309 	 1061.52550000 	 215.46280000 	 50.85877857 	 0.00000000 	 0.00000000 	 8.25120000 	 36.39170000
2457 	 7.97100000 	 1.19550000 	 315.90270000 	 7.67970909 	 56.83293900 	 49.49000000 	 51.55200000 	 0.85400000 	 0.22700000 	 0.78500000 	 168.84100000 	 65.00000000 	 10.87400000 	 283.40800000 	 46.64100000 	 0.00000000 	 26.45800000 	 7.51800000 	 1.92000000 	 0.31400000 	 13.75910000 	 120.93340000 	 12.44830000 	 4.89010000 	 10.81160000 	 26.88850000 	 10.99350000 	 3.23510000 	 2.64940000 	 0.43580000 	 11.60590000 	 6.34070000 	 38.75046309 	 1061.52550000 	 215.46280000 	 50.85877857 	 0.00000000 	 0.00000000 	 8.25120000 	 36.39170000
2458 	 7.97100000 	 1.19550000 	 315.90270000 	 7.67970909 	 56.83293900 	 49.49000000 	 51.55200000 	 0.85400000 	 0.22700000 	 0.78500000 	 168.84100000 	 65.00000000 	 10.87400000 	 283.40800000 	 46.64100000 	 0.00000000 	 26.45800000 	 7.51800000 	 1.92000000 	 0.31400000 	 13.75910000 	 120.93340000 	 12.44830000 	 4.89010000 	 10.81160000 	 26.88850000 	 10.99350000 	 3.23510000 	 2.64940000 	 0.43580000 	 11.60590000 	 6.34070000 	 38.75046309 	 1061.52550000 	 215.46280000 	 50.85877857 	 0.00000000 	 0.00000000 	 8.25120000 	 36.39170000
2459 	 7.97100000 	 1.19550000 	 315.90270000 	 7.67970909 	 56.83293900 	 49.49000000 	 51.55200000 	 0.85400000 	 0.22700000 	 0.78500000 	 168.84100000 	 65.00000000 	 10.87400000 	 283.40800000 	 46.64100000 	 0.00000000 	 26.45800000 	 7.51800000 	 1.92000000 	 0.31400000 	 13.75910000 	 120.93340000 	 12.44830000 	 4.89010000 	 10.81160000 	 26.88850000 	 10.99350000 	 3.23510000 	 2.64940000 	 0.43580000 	 11.60590000 	 6.34070000 	 38.75046309 	 1061.52550000 	 215.46280000 	 50.85877857 	 0.00000000 	 0.00000000 	 8.25120000 	 36.39170000
2460 	 7.97100000 	 1.19550000 	 315.90270000 	 7.67970909 	 56.83293900 	 49.49000000 	 51.55200000 	 0.85400000 	 0.22700000 	 0.78500000 	 168.84100000 	 65.00000000 	 10.87400000 	 283.40800000 	 46.64100000 	 0.00000000 	 26.45800000 	 7.51800000 	 1.92000000 	 0.31400000 	 13.75910000 	 120.93340000 	 12.44830000 	 4.89010000 	 10.81160000 	 26.88850000 	 10.99350000 	 3.23510000 	 2.64940000 	 0.43580000 	 11.60590000 	 6.34070000 	 38.75046309 	 1061.52550000 	 215.46280000 	 50.85877857 	 0.00000000 	 0.00000000 	 8.25120000 	 36.39170000
2461 	 7.97100000 	 1.19550000 	 315.90270000 	 7.67970909 	 56.83293900 	 49.49000000 	 51.55200000 	 0.85400000 	 0.22700000 	 0.78500000 	 168.84100000 	 65.00000000 	 10.87400000 	 283.40800000 	 46.64100000 	 0.00000000 	 26.45800000 	 7.51800000 	 1.92000000 	 0.31400000 	 13.75910000 	 120.93340000 	 12.44830000 	 4.89010000 	 10.81160000 	 26.88850000 	 10.99350000 	 3.23510000 	 2.64940000 	 0.43580000 	 11.60590000 	 6.34070000 	 38.75046309 	 1061.52550000 	 215.46280000 	 50.85877857 	 0.00000000 	 0.00000000 	 8.25120000 	 36.39170000
2462 	 7.97100000 	 1.19550000 	 315.90270000 	 7.67970909 	 56.83293900 	 49.49000000 	 51.55200000 	 0.85400000 	 0.22700000 	 0.78500000 	 168.84100000 	 65.00000000 	 10.87400000 	 283.40800000 	 46.64100000 	 0.00000000 	 26.45800000 	 7.51800000 	 1.92000000 	 0.31400000 	 13.75910000 	 120.93340000 	 12.44830000 	 4.89010000 	 10.81160000 	 26.88850000 	 10.99350000 	 3.23510000 	 2.64940000 	 0.43580000 	 11.60590000 	 6.34070000 	 38.75046309 	 1061.52550000 	 215.46280000 	 50.85877857 	 0.00000000 	 0.00000000 	 8.25120000 	 36.39170000
2463 	 7.97100000 	 1.19550000 	 315.90270000 	 7.67970909 	 56.83293900 	 49.49000000 	 51.55200000 	 0.85400000 	 0.22700000 	 0.78500000 	 168.84100000 	 65.00000000 	 10.87400000 	 283.40800000 	 46.64100000 	 0.00000000 	 26.45800000 	 7.51800000 	 1.92000000 	 0.31400000 	 13.75910000 	 120.93340000 	 12.44830000 	 4.89010000 	 10.81160000 	 26.88850000 	 10.99350000 	 3.23510000 	 2.64940000 	 0.43580000 	 11.60590000 	 6.34070000 	 38.75046309 	 1061.52550000 	 215.46280000 	 50.85877857 	 0.00000000 	 0.00000000 	 8.25120000 	 36.39170000
2464 	 7.97100000 	 1.19550000 	 315.90270000 	 7.67970909 	 56.83293900 	 49.49000000 	 51.55200000 	 0.85400000 	 0.22700000 	 0.78500000 	 168.84100000 	 65.00000000 	 10.87400000 	 283.40800000 	 46.64100000 	 0.00000000 	 26.45800000 	 7.51800000 	 1.92000000 	 0.31400000 	 13.75910000 	 120.93340000 	 12.44830000 	 4.89010000 	 10.81160000 	 26.88850000 	 10.99350000 	 3.23510000 	 2.64940000 	 0.43580000 	 11.60590000 	 6.34070000 	 38.75046309 	 1061.52550000 	 215.46280000 	 50.85877857 	 0.00000000 	 0.00000000 	 8.25120000 	 36.39170000
2465 	 7.97100000 	 1.19550000 	 315.90270000 	 7.67970909 	 56.83293900 	 49.49000000 	 51.55200000 	 0.85400000 	 0.22700000 	 0.78500000 	 168.84100000 	 65.00000000 	 10.87400000 	 283.40800000 	 46.64100000 	 0.00000000 	 26.45800000 	 7.51800000 	 1.92000000 	 0.31400000 	 13.75910000 	 120.93340000 	 12.44830000 	 4.89010000 	 10.81160000 	 26.88850000 	 10.99350000 	 3.23510000 	 2.64940000 	 0.43580000 	 11.60590000 	 6.34070000 	 38.75046309 	 1061.52550000 	 215.46280000 	 50.85877857 	 0.00000000 	 0.00000000 	 8.25120000 	 36.39170000
2466 	 7.97100000 	 1.19550000 	 315.90270000 	 7.67970909 	 56.83293900 	 49.49000000 	 51.55200000 	 0.85400000 	 0.22700000 	 0.78500000 	 168.84100000 	 65.00000000 	 10.87400000 	 283.40800000 	 46.64100000 	 0.00000000 	 26.45800000 	 7.51800000 	 1.92000000 	 0.31400000 	 13.75910000 	 120.93340000 	 12.44830000 	 4.89010000 	 10.81160000 	 26.88850000 	 10.99350000 	 3.23510000 	 2.64940000 	 0.43580000 	 11.60590000 	 6.34070000 	 38.75046309 	 1061.52550000 	 215.46280000 	 50.85877857 	 0.00000000 	 0.00000000 	 8.25120000 	 36.39170000
2467 	 7.97100000 	 1.19550000 	 315.90270000 	 7.67970909 	 56.83293900 	 49.49000000 	 51.55200000 	 0.85400000 	 0.22700000 	 0.78500000 	 168.84100000 	 65.00000000 	 10.87400000 	 283.40800000 	 46.64100000 	 0.00000000 	 26.45800000 	 7.51800000 	 1.92000000 	 0.31400000 	 13.75910000 	 120.93340000 	 12.44830000 	 4.89010000 	 10.81160000 	 26.88850000 	 10.99350000 	 3.23510000 	 2.64940000 	 0.43580000 	 11.60590000 	 6.34070000 	 38.75046309 	 1061.52550000 	 215.46280000 	 50.85877857 	 0.00000000 	 0.00000000 	 8.25120000 	 36.39170000
2468 	 7.97100000 	 1.19550000 	 315.90270000 	 7.67970909 	 56.83293900 	 49.49000000 	 51.55200000 	 0.85400000 	 0.22700000 	 0.78500000 	 168.84100000 	 65.00000000 	 10.87400000 	 283.40800000 	 46.64100000 	 0.00000000 	 26.45800000 	 7.51800000 	 1.92000000 	 0.31400000 	 13.75910000 	 120.93340000 	 12.44830000 	 4.89010000 	 10.81160000 	 26.88850000 	 10.99350000 	 3.23510000 	 2.64940000 	 0.43580000 	 11.60590000 	 6.34070000 	 38.75046309 	 1061.52550000 	 215.46280000 	 50.85877857 	 0.00000000 	 0.00000000 	 8.25120000 	 36.39170000
2469 	 7.97100000 	 1.19550000 	 315.90270000 	 7.67970909 	 56.83293900 	 49.49000000 	 51.55200000 	 0.85400000 	 0.22700000 	 0.78500000 	 168.84100000 	 65.00000000 	 10.87400000 	 283.40800000 	 46.64100000 	 0.00000000 	 26.45800000 	 7.51800000 	 1.92000000 	 0.31400000 	 13.75910000 	 120.93340000 	 12.44830000 	 4.89010000 	 10.81160000 	 26.88850000 	 10.99350000 	 3.23510000 	 2.64940000 	 0.43580000 	 11.60590000 	 6.34070000 	 38.75046309 	 1061.52550000 	 215.46280000 	 50.85877857 	 0.00000000 	 0.00000000 	 8.25120000 	 36.39170000
2470 	 7.97100000 	 1.19550000 	 315.90270000 	 7.67970909 	 56.83293900 	 49.49000000 	 51.55200000 	 0.85400000 	 0.22700000 	 0.78500000 	 168.84100000 	 65.00000000 	 10.87400000 	 283.40800000 	 46.64100000 	 0.00000000 	 26.45800000 	 7.51800000 	 1.92000000 	 0.31400000 	 13.75910000 	 120.93340000 	 12.44830000 	 4.89010000 	 10.81160000 	 26.88850000 	 10.99350000 	 3.23510000 	 2.64940000 	 0.43580000 	 11.60590000 	 6.34070000 	 38.75046309 	 1061.52550000 	 215.46280000 	 50.85877857 	 0.00000000 	 0.00000000 	 8.25120000 	 36.39170000
2471 	 7.97100000 	 1.19550000 	 315.90270000 	 7.67970909 	 56.83293900 	 49.49000000 	 51.55200000 	 0.85400000 	 0.22700000 	 0.78500000 	 168.84100000 	 65.00000000 	 10.87400000 	 283.40800000 	 46.64100000 	 0.00000000 	 26.45800000 	 7.51800000 	 1.92000000 	 0.31400000 	 13.75910000 	 120.93340000 	 12.44830000 	 4.89010000 	 10.81160000 	 26.88850000 	 10.99350000 	 3.23510000 	 2.64940000 	 0.43580000 	 11.60590000 	 6.34070000 	 38.75046309 	 1061.52550000 	 215.46280000 	 50.85877857 	 0.00000000 	 0.00000000 	 8.25120000 	 36.39170000
2472 	 7.97100000 	 1.19550000 	 315.90270000 	 7.67970909 	 56.83293900 	 49.49000000 	 51.55200000 	 0.85400000 	 0.22700000 	 0.78500000 	 168.84100000 	 65.00000000 	 10.87400000 	 283.40800000 	 46.64100000 	 0.00000000 	 26.45800000 	 7.51800000 	 1.92000000 	 0.31400000 	 13.75910000 	 120.93340000 	 12.44830000 	 4.89010000 	 10.81160000 	 26.88850000 	 10.99350000 	 3.23510000 	 2.64940000 	 0.43580000 	 11.60590000 	 6.34070000 	 38.75046309 	 1061.52550000 	 215.46280000 	 50.85877857 	 0.00000000 	 0.00000000 	 8.25120000 	 36.39170000
2473 	 7.97100000 	 1.19550000 	 315.90270000 	 7.67970909 	 56.83293900 	 49.49000000 	 51.55200000 	 0.85400000 	 0.22700000 	 0.78500000 	 168.84100000 	 65.00000000 	 10.87400000 	 283.40800000 	 46.64100000 	 0.00000000 	 26.45800000 	 7.51800000 	 1.92000000 	 0.31400000 	 13.75910000 	 120.93340000 	 12.44830000 	 4.89010000 	 10.81160000 	 26.88850000 	 10.99350000 	 3.23510000 	 2.64940000 	 0.43580000 	 11.60590000 	 6.34070000 	 38.75046309 	 1061.52550000 	 215.46280000 	 50.85877857 	 0.00000000 	 0.00000000 	 8.25120000 	 36.39170000
2474 	 7.97100000 	 1.19550000 	 315.90270000 	 7.67970909 	 56.83293900 	 49.49000000 	 51.55200000 	 0.85400000 	 0.22700000 	 0.78500000 	 168.84100000 	 65.00000000 	 10.87400000 	 283.40800000 	 46.64100000 	 0.00000000 	 26.45800000 	 7.51800000 	 1.92000000 	 0.31400000 	 13.75910000 	 120.93340000 	 12.44830000 	 4.89010000 	 10.81160000 	 26.88850000 	 10.99350000 	 3.23510000 	 2.64940000 	 0.43580000 	 11.60590000 	 6.34070000 	 38.75046309 	 1061.52550000 	 215.46280000 	 50.85877857 	 0.00000000 	 0.00000000 	 8.25120000 	 36.39170000
2475 	 7.97100000 	 1.19550000 	 315.90270000 	 7.67970909 	 56.83293900 	 49.49000000 	 51.55200000 	 0.85400000 	 0.22700000 	 0.78500000 	 168.84100000 	 65.00000000 	 10.87400000 	 283.40800000 	 46.64100000 	 0.00000000 	 26.45800000 	 7.51800000 	 1.92000000 	 0.31400000 	 13.75910000 	 120.93340000 	 12.44830000 	 4.89010000 	 10.81160000 	 26.88850000 	 10.99350000 	 3.23510000 	 2.64940000 	 0.43580000 	 11.60590000 	 6.34070000 	 38.75046309 	 1061.52550000 	 215.46280000 	 50.85877857 	 0.00000000 	 0.00000000 	 8.25120000 	 36.39170000
2476 	 7.97100000 	 1.19550000 	 315.90270000 	 7.67970909 	 56.83293900 	 49.49000000 	 51.55200000 	 0.85400000 	 0.22700000 	 0.78500000 	 168.84100000 	 65.00000000 	 10.87400000 	 283.40800000 	 46.64100000 	 0.00000000 	 26.45800000 	 7.51800000 	 1.92000000 	 0.31400000 	 13.75910000 	 120.93340000 	 12.44830000 	 4.89010000 	 10.81160000 	 26.88850000 	 10.99350000 	 3.23510000 	 2.64940000 	 0.43580000 	 11.60590000 	 6.34070000 	 38.75046309 	 1061.52550000 	 215.46280000 	 50.85877857 	 0.00000000 	 0.00000000 	 8.25120000 	 36.39170000
2477 	 7.97100000 	 1.19550000 	 315.90270000 	 7.67970909 	 56.83293900 	 49.49000000 	 51.55200000 	 0.85400000 	 0.22700000 	 0.78500000 	 168.84100000 	 65.00000000 	 10.87400000 	 283.40800000 	 46.64100000 	 0.00000000 	 26.45800000 	 7.51800000 	 1.92000000 	 0.31400000 	 13.75910000 	 120.93340000 	 12.44830000 	 4.89010000 	 10.81160000 	 26.88850000 	 10.99350000 	 3.23510000 	 2.64940000 	 0.43580000 	 11.60590000 	 6.34070000 	 38.75046309 	 1061.52550000 	 215.46280000 	 50.85877857 	 0.00000000 	 0.00000000 	 8.25120000 	 36.39170000
2478 	 7.97100000 	 1.19550000 	 315.90270000 	 7.67970909 	 56.83293900 	 49.49000000 	 51.55200000 	 0.85400000 	 0.22700000 	 0.78500000 	 168.84100000 	 65.00000000 	 10.87400000 	 283.40800000 	 46.64100000 	 0.00000000 	 26.45800000 	 7.51800000 	 1.92000000 	 0.31400000 	 13.75910000 	 120.93340000 	 12.44830000 	 4.89010000 	 10.81160000 	 26.88850000 	 10.99350000 	 3.23510000 	 2.64940000 	 0.43580000 	 11.60590000 	 6.34070000 	 38.75046309 	 1061.52550000 	 215.46280000 	 50.85877857 	 0.00000000 	 0.00000000 	 8.25120000 	 36.39170000
2479 	 7.97100000 	 1.19550000 	 315.90270000 	 7.67970909 	 56.83293900 	 49.49000000 	 51.55200000 	 0.85400000 	 0.22700000 	 0.78500000 	 168.84100000 	 65.00000000 	 10.87400000 	 283.40800000 	 46.64100000 	 0.00000000 	 26.45800000 	 7.51800000 	 1.92000000 	 0.31400000 	 13.75910000 	 120.93340000 	 12.44830000 	 4.89010000 	 10.81160000 	 26.88850000 	 10.99350000 	 3.23510000 	 2.64940000 	 0.43580000 	 11.60590000 	 6.34070000 	 38.75046309 	 1061.52550000 	 215.46280000 	 50.85877857 	 0.00000000 	 0.00000000 	 8.25120000 	 36.39170000
2480 	 7.97100000 	 1.19550000 	 315.90270000 	 7.67970909 	 56.83293900 	 49.49000000 	 51.55200000 	 0.85400000 	 0.22700000 	 0.78500000 	 168.84100000 	 65.00000000 	 10.87400000 	 283.40800000 	 46.64100000 	 0.00000000 	 26.45800000 	 7.51800000 	 1.92000000 	 0.31400000 	 13.75910000 	 120.93340000 	 12.44830000 	 4.89010000 	 10.81160000 	 26.88850000 	 10.99350000 	 3.23510000 	 2.64940000 	 0.43580000 	 11.60590000 	 6.34070000 	 38.75046309 	 1061.52550000 	 215.46280000 	 50.85877857 	 0.00000000 	 0.00000000 	 8.25120000 	 36.39170000
2481 	 7.97100000 	 1.19550000 	 315.90270000 	 7.67970909 	 56.83293900 	 49.49000000 	 51.55200000 	 0.85400000 	 0.22700000 	 0.78500000 	 168.84100000 	 65.00000000 	 10.87400000 	 283.40800000 	 46.64100000 	 0.00000000 	 26.45800000 	 7.51800000 	 1.92000000 	 0.31400000 	 13.75910000 	 120.93340000 	 12.44830000 	 4.89010000 	 10.81160000 	 26.88850000 	 10.99350000 	 3.23510000 	 2.64940000 	 0.43580000 	 11.60590000 	 6.34070000 	 38.75046309 	 1061.52550000 	 215.46280000 	 50.85877857 	 0.00000000 	 0.00000000 	 8.25120000 	 36.39170000
2482 	 7.97100000 	 1.19550000 	 315.90270000 	 7.67970909 	 56.83293900 	 49.49000000 	 51.55200000 	 0.85400000 	 0.22700000 	 0.78500000 	 168.84100000 	 65.00000000 	 10.87400000 	 283.40800000 	 46.64100000 	 0.00000000 	 26.45800000 	 7.51800000 	 1.92000000 	 0.31400000 	 13.75910000 	 120.93340000 	 12.44830000 	 4.89010000 	 10.81160000 	 26.88850000 	 10.99350000 	 3.23510000 	 2.64940000 	 0.43580000 	 11.60590000 	 6.34070000 	 38.75046309 	 1061.52550000 	 215.46280000 	 50.85877857 	 0.00000000 	 0.00000000 	 8.25120000 	 36.39170000
2483 	 7.97100000 	 1.19550000 	 315.90270000 	 7.67970909 	 56.83293900 	 49.49000000 	 51.55200000 	 0.85400000 	 0.22700000 	 0.78500000 	 168.84100000 	 65.00000000 	 10.87400000 	 283.40800000 	 46.64100000 	 0.00000000 	 26.45800000 	 7.51800000 	 1.92000000 	 0.31400000 	 13.75910000 	 120.93340000 	 12.44830000 	 4.89010000 	 10.81160000 	 26.88850000 	 10.99350000 	 3.23510000 	 2.64940000 	 0.43580000 	 11.60590000 	 6.34070000 	 38.75046309 	 1061.52550000 	 215.46280000 	 50.85877857 	 0.00000000 	 0.00000000 	 8.25120000 	 36.39170000
2484 	 7.97100000 	 1.19550000 	 315.90270000 	 7.67970909 	 56.83293900 	 49.49000000 	 51.55200000 	 0.85400000 	 0.22700000 	 0.78500000 	 168.84100000 	 65.00000000 	 10.87400000 	 283.40800000 	 46.64100000 	 0.00000000 	 26.45800000 	 7.51800000 	 1.92000000 	 0.31400000 	 13.75910000 	 120.93340000 	 12.44830000 	 4.89010000 	 10.81160000 	 26.88850000 	 10.99350000 	 3.23510000 	 2.64940000 	 0.43580000 	 11.60590000 	 6.34070000 	 38.75046309 	 1061.52550000 	 215.46280000 	 50.85877857 	 0.00000000 	 0.00000000 	 8.25120000 	 36.39170000
2485 	 7.97100000 	 1.19550000 	 315.90270000 	 7.67970909 	 56.83293900 	 49.49000000 	 51.55200000 	 0.85400000 	 0.22700000 	 0.78500000 	 168.84100000 	 65.00000000 	 10.87400000 	 283.40800000 	 46.64100000 	 0.00000000 	 26.45800000 	 7.51800000 	 1.92000000 	 0.31400000 	 13.75910000 	 120.93340000 	 12.44830000 	 4.89010000 	 10.81160000 	 26.88850000 	 10.99350000 	 3.23510000 	 2.64940000 	 0.43580000 	 11.60590000 	 6.34070000 	 38.75046309 	 1061.52550000 	 215.46280000 	 50.85877857 	 0.00000000 	 0.00000000 	 8.25120000 	 36.39170000
2486 	 7.97100000 	 1.19550000 	 315.90270000 	 7.67970909 	 56.83293900 	 49.49000000 	 51.55200000 	 0.85400000 	 0.22700000 	 0.78500000 	 168.84100000 	 65.00000000 	 10.87400000 	 283.40800000 	 46.64100000 	 0.00000000 	 26.45800000 	 7.51800000 	 1.92000000 	 0.31400000 	 13.75910000 	 120.93340000 	 12.44830000 	 4.89010000 	 10.81160000 	 26.88850000 	 10.99350000 	 3.23510000 	 2.64940000 	 0.43580000 	 11.60590000 	 6.34070000 	 38.75046309 	 1061.52550000 	 215.46280000 	 50.85877857 	 0.00000000 	 0.00000000 	 8.25120000 	 36.39170000
2487 	 7.97100000 	 1.19550000 	 315.90270000 	 7.67970909 	 56.83293900 	 49.49000000 	 51.55200000 	 0.85400000 	 0.22700000 	 0.78500000 	 168.84100000 	 65.00000000 	 10.87400000 	 283.40800000 	 46.64100000 	 0.00000000 	 26.45800000 	 7.51800000 	 1.92000000 	 0.31400000 	 13.75910000 	 120.93340000 	 12.44830000 	 4.89010000 	 10.81160000 	 26.88850000 	 10.99350000 	 3.23510000 	 2.64940000 	 0.43580000 	 11.60590000 	 6.34070000 	 38.75046309 	 1061.52550000 	 215.46280000 	 50.85877857 	 0.00000000 	 0.00000000 	 8.25120000 	 36.39170000
2488 	 7.97100000 	 1.19550000 	 315.90270000 	 7.67970909 	 56.83293900 	 49.49000000 	 51.55200000 	 0.85400000 	 0.22700000 	 0.78500000 	 168.84100000 	 65.00000000 	 10.87400000 	 283.40800000 	 46.64100000 	 0.00000000 	 26.45800000 	 7.51800000 	 1.92000000 	 0.31400000 	 13.75910000 	 120.93340000 	 12.44830000 	 4.89010000 	 10.81160000 	 26.88850000 	 10.99350000 	 3.23510000 	 2.64940000 	 0.43580000 	 11.60590000 	 6.34070000 	 38.75046309 	 1061.52550000 	 215.46280000 	 50.85877857 	 0.00000000 	 0.00000000 	 8.25120000 	 36.39170000
2489 	 7.97100000 	 1.19550000 	 315.90270000 	 7.67970909 	 56.83293900 	 49.49000000 	 51.55200000 	 0.85400000 	 0.22700000 	 0.78500000 	 168.84100000 	 65.00000000 	 10.87400000 	 283.40800000 	 46.64100000 	 0.00000000 	 26.45800000 	 7.51800000 	 1.92000000 	 0.31400000 	 13.75910000 	 120.93340000 	 12.44830000 	 4.89010000 	 10.81160000 	 26.88850000 	 10.99350000 	 3.23510000 	 2.64940000 	 0.43580000 	 11.60590000 	 6.34070000 	 38.75046309 	 1061.52550000 	 215.46280000 	 50.85877857 	 0.00000000 	 0.00000000 	 8.25120000 	 36.39170000
2490 	 7.97100000 	 1.19550000 	 315.90270000 	 7.67970909 	 56.83293900 	 49.49000000 	 51.55200000 	 0.85400000 	 0.22700000 	 0.78500000 	 168.84100000 	 65.00000000 	 10.87400000 	 283.40800000 	 46.64100000 	 0.00000000 	 26.45800000 	 7.51800000 	 1.92000000 	 0.31400000 	 13.75910000 	 120.93340000 	 12.44830000 	 4.89010000 	 10.81160000 	 26.88850000 	 10.99350000 	 3.23510000 	 2.64940000 	 0.43580000 	 11.60590000 	 6.34070000 	 38.75046309 	 1061.52550000 	 215.46280000 	 50.85877857 	 0.00000000 	 0.00000000 	 8.25120000 	 36.39170000
2491 	 7.97100000 	 1.19550000 	 315.90270000 	 7.67970909 	 56.83293900 	 49.49000000 	 51.55200000 	 0.85400000 	 0.22700000 	 0.78500000 	 168.84100000 	 65.00000000 	 10.87400000 	 283.40800000 	 46.64100000 	 0.00000000 	 26.45800000 	 7.51800000 	 1.92000000 	 0.31400000 	 13.75910000 	 120.93340000 	 12.44830000 	 4.89010000 	 10.81160000 	 26.88850000 	 10.99350000 	 3.23510000 	 2.64940000 	 0.43580000 	 11.60590000 	 6.34070000 	 38.75046309 	 1061.52550000 	 215.46280000 	 50.85877857 	 0.00000000 	 0.00000000 	 8.25120000 	 36.39170000
2492 	 7.97100000 	 1.19550000 	 315.90270000 	 7.67970909 	 56.83293900 	 49.49000000 	 51.55200000 	 0.85400000 	 0.22700000 	 0.78500000 	 168.84100000 	 65.00000000 	 10.87400000 	 283.40800000 	 46.64100000 	 0.00000000 	 26.45800000 	 7.51800000 	 1.92000000 	 0.31400000 	 13.75910000 	 120.93340000 	 12.44830000 	 4.89010000 	 10.81160000 	 26.88850000 	 10.99350000 	 3.23510000 	 2.64940000 	 0.43580000 	 11.60590000 	 6.34070000 	 38.75046309 	 1061.52550000 	 215.46280000 	 50.85877857 	 0.00000000 	 0.00000000 	 8.25120000 	 36.39170000
2493 	 7.97100000 	 1.19550000 	 315.90270000 	 7.67970909 	 56.83293900 	 49.49000000 	 51.55200000 	 0.85400000 	 0.22700000 	 0.78500000 	 168.84100000 	 65.00000000 	 10.87400000 	 283.40800000 	 46.64100000 	 0.00000000 	 26.45800000 	 7.51800000 	 1.92000000 	 0.31400000 	 13.75910000 	 120.93340000 	 12.44830000 	 4.89010000 	 10.81160000 	 26.88850000 	 10.99350000 	 3.23510000 	 2.64940000 	 0.43580000 	 11.60590000 	 6.34070000 	 38.75046309 	 1061.52550000 	 215.46280000 	 50.85877857 	 0.00000000 	 0.00000000 	 8.25120000 	 36.39170000
2494 	 7.97100000 	 1.19550000 	 315.90270000 	 7.67970909 	 56.83293900 	 49.49000000 	 51.55200000 	 0.85400000 	 0.22700000 	 0.78500000 	 168.84100000 	 65.00000000 	 10.87400000 	 283.40800000 	 46.64100000 	 0.00000000 	 26.45800000 	 7.51800000 	 1.92000000 	 0.31400000 	 13.75910000 	 120.93340000 	 12.44830000 	 4.89010000 	 10.81160000 	 26.88850000 	 10.99350000 	 3.23510000 	 2.64940000 	 0.43580000 	 11.60590000 	 6.34070000 	 38.75046309 	 1061.52550000 	 215.46280000 	 50.85877857 	 0.00000000 	 0.00000000 	 8.25120000 	 36.39170000
2495 	 7.97100000 	 1.19550000 	 315.90270000 	 7.67970909 	 56.83293900 	 49.49000000 	 51.55200000 	 0.85400000 	 0.22700000 	 0.78500000 	 168.84100000 	 65.00000000 	 10.87400000 	 283.40800000 	 46.64100000 	 0.00000000 	 26.45800000 	 7.51800000 	 1.92000000 	 0.31400000 	 13.75910000 	 120.93340000 	 12.44830000 	 4.89010000 	 10.81160000 	 26.88850000 	 10.99350000 	 3.23510000 	 2.64940000 	 0.43580000 	 11.60590000 	 6.34070000 	 38.75046309 	 1061.52550000 	 215.46280000 	 50.85877857 	 0.00000000 	 0.00000000 	 8.25120000 	 36.39170000
2496 	 7.97100000 	 1.19550000 	 315.90270000 	 7.67970909 	 56.83293900 	 49.49000000 	 51.55200000 	 0.85400000 	 0.22700000 	 0.78500000 	 168.84100000 	 65.00000000 	 10.87400000 	 283.40800000 	 46.64100000 	 0.00000000 	 26.45800000 	 7.51800000 	 1.92000000 	 0.31400000 	 13.75910000 	 120.93340000 	 12.44830000 	 4.89010000 	 10.81160000 	 26.88850000 	 10.99350000 	 3.23510000 	 2.64940000 	 0.43580000 	 11.60590000 	 6.34070000 	 38.75046309 	 1061.52550000 	 215.46280000 	 50.85877857 	 0.00000000 	 0.00000000 	 8.25120000 	 36.39170000
2497 	 7.97100000 	 1.19550000 	 315.90270000 	 7.67970909 	 56.83293900 	 49.49000000 	 51.55200000 	 0.85400000 	 0.22700000 	 0.78500000 	 168.84100000 	 65.00000000 	 10.87400000 	 283.40800000 	 46.64100000 	 0.00000000 	 26.45800000 	 7.51800000 	 1.92000000 	 0.31400000 	 13.75910000 	 120.93340000 	 12.44830000 	 4.89010000 	 10.81160000 	 26.88850000 	 10.99350000 	 3.23510000 	 2.64940000 	 0.43580000 	 11.60590000 	 6.34070000 	 38.75046309 	 1061.52550000 	 215.46280000 	 50.85877857 	 0.00000000 	 0.00000000 	 8.25120000 	 36.39170000
2498 	 7.97100000 	 1.19550000 	 315.90270000 	 7.67970909 	 56.83293900 	 49.49000000 	 51.55200000 	 0.85400000 	 0.22700000 	 0.78500000 	 168.84100000 	 65.00000000 	 10.87400000 	 283.40800000 	 46.64100000 	 0.00000000 	 26.45800000 	 7.51800000 	 1.92000000 	 0.31400000 	 13.75910000 	 120.93340000 	 12.44830000 	 4.89010000 	 10.81160000 	 26.88850000 	 10.99350000 	 3.23510000 	 2.64940000 	 0.43580000 	 11.60590000 	 6.34070000 	 38.75046309 	 1061.52550000 	 215.46280000 	 50.85877857 	 0.00000000 	 0.00000000 	 8.25120000 	 36.39170000
2499 	 7.97100000 	 1.19550000 	 315.90270000 	 7.67970909 	 56.83293900 	 49.49000000 	 51.55200000 	 0.85400000 	 0.22700000 	 0.78500000 	 168.84100000 	 65.00000000 	 10.87400000 	 283.40800000 	 46.64100000 	 0.00000000 	 26.45800000 	 7.51800000 	 1.92000000 	 0.31400000 	 13.75910000 	 120.93340000 	 12.44830000 	 4.89010000 	 10.81160000 	 26.88850000 	 10.99350000 	 3.23510000 	 2.64940000 	 0.43580000 	 11.60590000 	 6.34070000 	 38.75046309 	 1061.52550000 	 215.46280000 	 50.85877857 	 0.00000000 	 0.00000000 	 8.25120000 	 36.39170000
2500 	 7.97100000 	 1.19550000 	 315.90270000 	 7.67970909 	 56.83293900 	 49.49000000 	 51.55200000 	 0.85400000 	 0.22700000 	 0.78500000 	 168.84100000 	 65.00000000 	 10.87400000 	 283.40800000 	 46.64100000 	 0.00000000 	 26.45800000 	 7.51800000 	 1.92000000 	 0.31400000 	 13.75910000 	 120.93340000 	 12.44830000 	 4.89010000 	 10.81160000 	 26.88850000 	 10.99350000 	 3.23510000 	 2.64940000 	 0.43580000 	 11.60590000 	 6.34070000 	 38.75046309 	 1061.52550000 	 215.46280000 	 50.85877857 	 0.00000000 	 0.00000000 	 8.25120000 	 36.39170000
