Component	CO2 	 CH4	N2O	CFC-11	CFC-12	CFC-113	CFC-114	CFC-115	CH3Br	CCl4	CH3CCl3	HCFC-22	HCFC-141b	HCFC-123	HCFC-142b	H-1211	H-1301	H-2402	HFC125	HFC134a	HFC143a	HFC227ea	HFC23	HFC245fa	HFC32	HFC4310mee	C2F6	C6F14	CF4	SF6 
Unit 	 ppm	ppb	ppb	ppt	ppt	ppt	ppt	ppt	ppt	ppt	ppt	ppt	ppt	ppt	ppt	ppt	ppt	ppt	ppt	ppt	ppt	ppt	ppt	ppt	ppt	ppt	ppt	ppt	ppt	ppt
Description 	 fossil_fuel 	 landuse 	 total	 total	 total	 total	 total	 total	 total	 total	 total	 total	 total	 total	 total	 total	 total	 total	 total	 total	 total	 total	 total	 total	 total	 total	 total	 total	 total	 total
Reference	piControl	piControl	piControl	piControl	piControl	piControl	piControl	piControl	piControl	piControl	piControl	piControl	piControl	No data	piControl	piControl	piControl	piControl	piControl	piControl	piControl	piControl	piControl	piControl	piControl	piControl	piControl	piControl	piControl	piControl
1700	284.3169988	808.249028524	273.021046956	0.0	0.0	0.0	0.0	0.0	5.29999780655	0.0250004289361	0.0	0.0	0.0	0.0	0.0	0.00444657254654	0.0	0.0	0.0	0.0	0.0	3.95290385313e-06	0.0	0.0	0.000218388894912	0.0	1.28878214175e-06	0.0	34.0499992371	0.0
1701	284.3169988	808.249028524	273.021046956	0.0	0.0	0.0	0.0	0.0	5.29999780655	0.0250004289361	0.0	0.0	0.0	0.0	0.0	0.00444657254654	0.0	0.0	0.0	0.0	0.0	3.95290385313e-06	0.0	0.0	0.000218388894912	0.0	1.28878214175e-06	0.0	34.0499992371	0.0
1702	284.3169988	808.249028524	273.021046956	0.0	0.0	0.0	0.0	0.0	5.29999780655	0.0250004289361	0.0	0.0	0.0	0.0	0.0	0.00444657254654	0.0	0.0	0.0	0.0	0.0	3.95290385313e-06	0.0	0.0	0.000218388894912	0.0	1.28878214175e-06	0.0	34.0499992371	0.0
1703	284.3169988	808.249028524	273.021046956	0.0	0.0	0.0	0.0	0.0	5.29999780655	0.0250004289361	0.0	0.0	0.0	0.0	0.0	0.00444657254654	0.0	0.0	0.0	0.0	0.0	3.95290385313e-06	0.0	0.0	0.000218388894912	0.0	1.28878214175e-06	0.0	34.0499992371	0.0
1704	284.3169988	808.249028524	273.021046956	0.0	0.0	0.0	0.0	0.0	5.29999780655	0.0250004289361	0.0	0.0	0.0	0.0	0.0	0.00444657254654	0.0	0.0	0.0	0.0	0.0	3.95290385313e-06	0.0	0.0	0.000218388894912	0.0	1.28878214175e-06	0.0	34.0499992371	0.0
1705	284.3169988	808.249028524	273.021046956	0.0	0.0	0.0	0.0	0.0	5.29999780655	0.0250004289361	0.0	0.0	0.0	0.0	0.0	0.00444657254654	0.0	0.0	0.0	0.0	0.0	3.95290385313e-06	0.0	0.0	0.000218388894912	0.0	1.28878214175e-06	0.0	34.0499992371	0.0
1706	284.3169988	808.249028524	273.021046956	0.0	0.0	0.0	0.0	0.0	5.29999780655	0.0250004289361	0.0	0.0	0.0	0.0	0.0	0.00444657254654	0.0	0.0	0.0	0.0	0.0	3.95290385313e-06	0.0	0.0	0.000218388894912	0.0	1.28878214175e-06	0.0	34.0499992371	0.0
1707	284.3169988	808.249028524	273.021046956	0.0	0.0	0.0	0.0	0.0	5.29999780655	0.0250004289361	0.0	0.0	0.0	0.0	0.0	0.00444657254654	0.0	0.0	0.0	0.0	0.0	3.95290385313e-06	0.0	0.0	0.000218388894912	0.0	1.28878214175e-06	0.0	34.0499992371	0.0
1708	284.3169988	808.249028524	273.021046956	0.0	0.0	0.0	0.0	0.0	5.29999780655	0.0250004289361	0.0	0.0	0.0	0.0	0.0	0.00444657254654	0.0	0.0	0.0	0.0	0.0	3.95290385313e-06	0.0	0.0	0.000218388894912	0.0	1.28878214175e-06	0.0	34.0499992371	0.0
1709	284.3169988	808.249028524	273.021046956	0.0	0.0	0.0	0.0	0.0	5.29999780655	0.0250004289361	0.0	0.0	0.0	0.0	0.0	0.00444657254654	0.0	0.0	0.0	0.0	0.0	3.95290385313e-06	0.0	0.0	0.000218388894912	0.0	1.28878214175e-06	0.0	34.0499992371	0.0
1710	284.3169988	808.249028524	273.021046956	0.0	0.0	0.0	0.0	0.0	5.29999780655	0.0250004289361	0.0	0.0	0.0	0.0	0.0	0.00444657254654	0.0	0.0	0.0	0.0	0.0	3.95290385313e-06	0.0	0.0	0.000218388894912	0.0	1.28878214175e-06	0.0	34.0499992371	0.0
1711	284.3169988	808.249028524	273.021046956	0.0	0.0	0.0	0.0	0.0	5.29999780655	0.0250004289361	0.0	0.0	0.0	0.0	0.0	0.00444657254654	0.0	0.0	0.0	0.0	0.0	3.95290385313e-06	0.0	0.0	0.000218388894912	0.0	1.28878214175e-06	0.0	34.0499992371	0.0
1712	284.3169988	808.249028524	273.021046956	0.0	0.0	0.0	0.0	0.0	5.29999780655	0.0250004289361	0.0	0.0	0.0	0.0	0.0	0.00444657254654	0.0	0.0	0.0	0.0	0.0	3.95290385313e-06	0.0	0.0	0.000218388894912	0.0	1.28878214175e-06	0.0	34.0499992371	0.0
1713	284.3169988	808.249028524	273.021046956	0.0	0.0	0.0	0.0	0.0	5.29999780655	0.0250004289361	0.0	0.0	0.0	0.0	0.0	0.00444657254654	0.0	0.0	0.0	0.0	0.0	3.95290385313e-06	0.0	0.0	0.000218388894912	0.0	1.28878214175e-06	0.0	34.0499992371	0.0
1714	284.3169988	808.249028524	273.021046956	0.0	0.0	0.0	0.0	0.0	5.29999780655	0.0250004289361	0.0	0.0	0.0	0.0	0.0	0.00444657254654	0.0	0.0	0.0	0.0	0.0	3.95290385313e-06	0.0	0.0	0.000218388894912	0.0	1.28878214175e-06	0.0	34.0499992371	0.0
1715	284.3169988	808.249028524	273.021046956	0.0	0.0	0.0	0.0	0.0	5.29999780655	0.0250004289361	0.0	0.0	0.0	0.0	0.0	0.00444657254654	0.0	0.0	0.0	0.0	0.0	3.95290385313e-06	0.0	0.0	0.000218388894912	0.0	1.28878214175e-06	0.0	34.0499992371	0.0
1716	284.3169988	808.249028524	273.021046956	0.0	0.0	0.0	0.0	0.0	5.29999780655	0.0250004289361	0.0	0.0	0.0	0.0	0.0	0.00444657254654	0.0	0.0	0.0	0.0	0.0	3.95290385313e-06	0.0	0.0	0.000218388894912	0.0	1.28878214175e-06	0.0	34.0499992371	0.0
1717	284.3169988	808.249028524	273.021046956	0.0	0.0	0.0	0.0	0.0	5.29999780655	0.0250004289361	0.0	0.0	0.0	0.0	0.0	0.00444657254654	0.0	0.0	0.0	0.0	0.0	3.95290385313e-06	0.0	0.0	0.000218388894912	0.0	1.28878214175e-06	0.0	34.0499992371	0.0
1718	284.3169988	808.249028524	273.021046956	0.0	0.0	0.0	0.0	0.0	5.29999780655	0.0250004289361	0.0	0.0	0.0	0.0	0.0	0.00444657254654	0.0	0.0	0.0	0.0	0.0	3.95290385313e-06	0.0	0.0	0.000218388894912	0.0	1.28878214175e-06	0.0	34.0499992371	0.0
1719	284.3169988	808.249028524	273.021046956	0.0	0.0	0.0	0.0	0.0	5.29999780655	0.0250004289361	0.0	0.0	0.0	0.0	0.0	0.00444657254654	0.0	0.0	0.0	0.0	0.0	3.95290385313e-06	0.0	0.0	0.000218388894912	0.0	1.28878214175e-06	0.0	34.0499992371	0.0
1720	284.3169988	808.249028524	273.021046956	0.0	0.0	0.0	0.0	0.0	5.29999780655	0.0250004289361	0.0	0.0	0.0	0.0	0.0	0.00444657254654	0.0	0.0	0.0	0.0	0.0	3.95290385313e-06	0.0	0.0	0.000218388894912	0.0	1.28878214175e-06	0.0	34.0499992371	0.0
1721	284.3169988	808.249028524	273.021046956	0.0	0.0	0.0	0.0	0.0	5.29999780655	0.0250004289361	0.0	0.0	0.0	0.0	0.0	0.00444657254654	0.0	0.0	0.0	0.0	0.0	3.95290385313e-06	0.0	0.0	0.000218388894912	0.0	1.28878214175e-06	0.0	34.0499992371	0.0
1722	284.3169988	808.249028524	273.021046956	0.0	0.0	0.0	0.0	0.0	5.29999780655	0.0250004289361	0.0	0.0	0.0	0.0	0.0	0.00444657254654	0.0	0.0	0.0	0.0	0.0	3.95290385313e-06	0.0	0.0	0.000218388894912	0.0	1.28878214175e-06	0.0	34.0499992371	0.0
1723	284.3169988	808.249028524	273.021046956	0.0	0.0	0.0	0.0	0.0	5.29999780655	0.0250004289361	0.0	0.0	0.0	0.0	0.0	0.00444657254654	0.0	0.0	0.0	0.0	0.0	3.95290385313e-06	0.0	0.0	0.000218388894912	0.0	1.28878214175e-06	0.0	34.0499992371	0.0
1724	284.3169988	808.249028524	273.021046956	0.0	0.0	0.0	0.0	0.0	5.29999780655	0.0250004289361	0.0	0.0	0.0	0.0	0.0	0.00444657254654	0.0	0.0	0.0	0.0	0.0	3.95290385313e-06	0.0	0.0	0.000218388894912	0.0	1.28878214175e-06	0.0	34.0499992371	0.0
1725	284.3169988	808.249028524	273.021046956	0.0	0.0	0.0	0.0	0.0	5.29999780655	0.0250004289361	0.0	0.0	0.0	0.0	0.0	0.00444657254654	0.0	0.0	0.0	0.0	0.0	3.95290385313e-06	0.0	0.0	0.000218388894912	0.0	1.28878214175e-06	0.0	34.0499992371	0.0
1726	284.3169988	808.249028524	273.021046956	0.0	0.0	0.0	0.0	0.0	5.29999780655	0.0250004289361	0.0	0.0	0.0	0.0	0.0	0.00444657254654	0.0	0.0	0.0	0.0	0.0	3.95290385313e-06	0.0	0.0	0.000218388894912	0.0	1.28878214175e-06	0.0	34.0499992371	0.0
1727	284.3169988	808.249028524	273.021046956	0.0	0.0	0.0	0.0	0.0	5.29999780655	0.0250004289361	0.0	0.0	0.0	0.0	0.0	0.00444657254654	0.0	0.0	0.0	0.0	0.0	3.95290385313e-06	0.0	0.0	0.000218388894912	0.0	1.28878214175e-06	0.0	34.0499992371	0.0
1728	284.3169988	808.249028524	273.021046956	0.0	0.0	0.0	0.0	0.0	5.29999780655	0.0250004289361	0.0	0.0	0.0	0.0	0.0	0.00444657254654	0.0	0.0	0.0	0.0	0.0	3.95290385313e-06	0.0	0.0	0.000218388894912	0.0	1.28878214175e-06	0.0	34.0499992371	0.0
1729	284.3169988	808.249028524	273.021046956	0.0	0.0	0.0	0.0	0.0	5.29999780655	0.0250004289361	0.0	0.0	0.0	0.0	0.0	0.00444657254654	0.0	0.0	0.0	0.0	0.0	3.95290385313e-06	0.0	0.0	0.000218388894912	0.0	1.28878214175e-06	0.0	34.0499992371	0.0
1730	284.3169988	808.249028524	273.021046956	0.0	0.0	0.0	0.0	0.0	5.29999780655	0.0250004289361	0.0	0.0	0.0	0.0	0.0	0.00444657254654	0.0	0.0	0.0	0.0	0.0	3.95290385313e-06	0.0	0.0	0.000218388894912	0.0	1.28878214175e-06	0.0	34.0499992371	0.0
1731	284.3169988	808.249028524	273.021046956	0.0	0.0	0.0	0.0	0.0	5.29999780655	0.0250004289361	0.0	0.0	0.0	0.0	0.0	0.00444657254654	0.0	0.0	0.0	0.0	0.0	3.95290385313e-06	0.0	0.0	0.000218388894912	0.0	1.28878214175e-06	0.0	34.0499992371	0.0
1732	284.3169988	808.249028524	273.021046956	0.0	0.0	0.0	0.0	0.0	5.29999780655	0.0250004289361	0.0	0.0	0.0	0.0	0.0	0.00444657254654	0.0	0.0	0.0	0.0	0.0	3.95290385313e-06	0.0	0.0	0.000218388894912	0.0	1.28878214175e-06	0.0	34.0499992371	0.0
1733	284.3169988	808.249028524	273.021046956	0.0	0.0	0.0	0.0	0.0	5.29999780655	0.0250004289361	0.0	0.0	0.0	0.0	0.0	0.00444657254654	0.0	0.0	0.0	0.0	0.0	3.95290385313e-06	0.0	0.0	0.000218388894912	0.0	1.28878214175e-06	0.0	34.0499992371	0.0
1734	284.3169988	808.249028524	273.021046956	0.0	0.0	0.0	0.0	0.0	5.29999780655	0.0250004289361	0.0	0.0	0.0	0.0	0.0	0.00444657254654	0.0	0.0	0.0	0.0	0.0	3.95290385313e-06	0.0	0.0	0.000218388894912	0.0	1.28878214175e-06	0.0	34.0499992371	0.0
1735	284.3169988	808.249028524	273.021046956	0.0	0.0	0.0	0.0	0.0	5.29999780655	0.0250004289361	0.0	0.0	0.0	0.0	0.0	0.00444657254654	0.0	0.0	0.0	0.0	0.0	3.95290385313e-06	0.0	0.0	0.000218388894912	0.0	1.28878214175e-06	0.0	34.0499992371	0.0
1736	284.3169988	808.249028524	273.021046956	0.0	0.0	0.0	0.0	0.0	5.29999780655	0.0250004289361	0.0	0.0	0.0	0.0	0.0	0.00444657254654	0.0	0.0	0.0	0.0	0.0	3.95290385313e-06	0.0	0.0	0.000218388894912	0.0	1.28878214175e-06	0.0	34.0499992371	0.0
1737	284.3169988	808.249028524	273.021046956	0.0	0.0	0.0	0.0	0.0	5.29999780655	0.0250004289361	0.0	0.0	0.0	0.0	0.0	0.00444657254654	0.0	0.0	0.0	0.0	0.0	3.95290385313e-06	0.0	0.0	0.000218388894912	0.0	1.28878214175e-06	0.0	34.0499992371	0.0
1738	284.3169988	808.249028524	273.021046956	0.0	0.0	0.0	0.0	0.0	5.29999780655	0.0250004289361	0.0	0.0	0.0	0.0	0.0	0.00444657254654	0.0	0.0	0.0	0.0	0.0	3.95290385313e-06	0.0	0.0	0.000218388894912	0.0	1.28878214175e-06	0.0	34.0499992371	0.0
1739	284.3169988	808.249028524	273.021046956	0.0	0.0	0.0	0.0	0.0	5.29999780655	0.0250004289361	0.0	0.0	0.0	0.0	0.0	0.00444657254654	0.0	0.0	0.0	0.0	0.0	3.95290385313e-06	0.0	0.0	0.000218388894912	0.0	1.28878214175e-06	0.0	34.0499992371	0.0
1740	284.3169988	808.249028524	273.021046956	0.0	0.0	0.0	0.0	0.0	5.29999780655	0.0250004289361	0.0	0.0	0.0	0.0	0.0	0.00444657254654	0.0	0.0	0.0	0.0	0.0	3.95290385313e-06	0.0	0.0	0.000218388894912	0.0	1.28878214175e-06	0.0	34.0499992371	0.0
1741	284.3169988	808.249028524	273.021046956	0.0	0.0	0.0	0.0	0.0	5.29999780655	0.0250004289361	0.0	0.0	0.0	0.0	0.0	0.00444657254654	0.0	0.0	0.0	0.0	0.0	3.95290385313e-06	0.0	0.0	0.000218388894912	0.0	1.28878214175e-06	0.0	34.0499992371	0.0
1742	284.3169988	808.249028524	273.021046956	0.0	0.0	0.0	0.0	0.0	5.29999780655	0.0250004289361	0.0	0.0	0.0	0.0	0.0	0.00444657254654	0.0	0.0	0.0	0.0	0.0	3.95290385313e-06	0.0	0.0	0.000218388894912	0.0	1.28878214175e-06	0.0	34.0499992371	0.0
1743	284.3169988	808.249028524	273.021046956	0.0	0.0	0.0	0.0	0.0	5.29999780655	0.0250004289361	0.0	0.0	0.0	0.0	0.0	0.00444657254654	0.0	0.0	0.0	0.0	0.0	3.95290385313e-06	0.0	0.0	0.000218388894912	0.0	1.28878214175e-06	0.0	34.0499992371	0.0
1744	284.3169988	808.249028524	273.021046956	0.0	0.0	0.0	0.0	0.0	5.29999780655	0.0250004289361	0.0	0.0	0.0	0.0	0.0	0.00444657254654	0.0	0.0	0.0	0.0	0.0	3.95290385313e-06	0.0	0.0	0.000218388894912	0.0	1.28878214175e-06	0.0	34.0499992371	0.0
1745	284.3169988	808.249028524	273.021046956	0.0	0.0	0.0	0.0	0.0	5.29999780655	0.0250004289361	0.0	0.0	0.0	0.0	0.0	0.00444657254654	0.0	0.0	0.0	0.0	0.0	3.95290385313e-06	0.0	0.0	0.000218388894912	0.0	1.28878214175e-06	0.0	34.0499992371	0.0
1746	284.3169988	808.249028524	273.021046956	0.0	0.0	0.0	0.0	0.0	5.29999780655	0.0250004289361	0.0	0.0	0.0	0.0	0.0	0.00444657254654	0.0	0.0	0.0	0.0	0.0	3.95290385313e-06	0.0	0.0	0.000218388894912	0.0	1.28878214175e-06	0.0	34.0499992371	0.0
1747	284.3169988	808.249028524	273.021046956	0.0	0.0	0.0	0.0	0.0	5.29999780655	0.0250004289361	0.0	0.0	0.0	0.0	0.0	0.00444657254654	0.0	0.0	0.0	0.0	0.0	3.95290385313e-06	0.0	0.0	0.000218388894912	0.0	1.28878214175e-06	0.0	34.0499992371	0.0
1748	284.3169988	808.249028524	273.021046956	0.0	0.0	0.0	0.0	0.0	5.29999780655	0.0250004289361	0.0	0.0	0.0	0.0	0.0	0.00444657254654	0.0	0.0	0.0	0.0	0.0	3.95290385313e-06	0.0	0.0	0.000218388894912	0.0	1.28878214175e-06	0.0	34.0499992371	0.0
1749	284.3169988	808.249028524	273.021046956	0.0	0.0	0.0	0.0	0.0	5.29999780655	0.0250004289361	0.0	0.0	0.0	0.0	0.0	0.00444657254654	0.0	0.0	0.0	0.0	0.0	3.95290385313e-06	0.0	0.0	0.000218388894912	0.0	1.28878214175e-06	0.0	34.0499992371	0.0
1750	284.3169988	808.249028524	273.021046956	0.0	0.0	0.0	0.0	0.0	5.29999780655	0.0250004289361	0.0	0.0	0.0	0.0	0.0	0.00444657254654	0.0	0.0	0.0	0.0	0.0	3.95290385313e-06	0.0	0.0	0.000218388894912	0.0	1.28878214175e-06	0.0	34.0499992371	0.0
1751	284.3169988	808.249028524	273.021046956	0.0	0.0	0.0	0.0	0.0	5.29999780655	0.0250004289361	0.0	0.0	0.0	0.0	0.0	0.00444657254654	0.0	0.0	0.0	0.0	0.0	3.95290385313e-06	0.0	0.0	0.000218388894912	0.0	1.28878214175e-06	0.0	34.0499992371	0.0
1752	284.3169988	808.249028524	273.021046956	0.0	0.0	0.0	0.0	0.0	5.29999780655	0.0250004289361	0.0	0.0	0.0	0.0	0.0	0.00444657254654	0.0	0.0	0.0	0.0	0.0	3.95290385313e-06	0.0	0.0	0.000218388894912	0.0	1.28878214175e-06	0.0	34.0499992371	0.0
1753	284.3169988	808.249028524	273.021046956	0.0	0.0	0.0	0.0	0.0	5.29999780655	0.0250004289361	0.0	0.0	0.0	0.0	0.0	0.00444657254654	0.0	0.0	0.0	0.0	0.0	3.95290385313e-06	0.0	0.0	0.000218388894912	0.0	1.28878214175e-06	0.0	34.0499992371	0.0
1754	284.3169988	808.249028524	273.021046956	0.0	0.0	0.0	0.0	0.0	5.29999780655	0.0250004289361	0.0	0.0	0.0	0.0	0.0	0.00444657254654	0.0	0.0	0.0	0.0	0.0	3.95290385313e-06	0.0	0.0	0.000218388894912	0.0	1.28878214175e-06	0.0	34.0499992371	0.0
1755	284.3169988	808.249028524	273.021046956	0.0	0.0	0.0	0.0	0.0	5.29999780655	0.0250004289361	0.0	0.0	0.0	0.0	0.0	0.00444657254654	0.0	0.0	0.0	0.0	0.0	3.95290385313e-06	0.0	0.0	0.000218388894912	0.0	1.28878214175e-06	0.0	34.0499992371	0.0
1756	284.3169988	808.249028524	273.021046956	0.0	0.0	0.0	0.0	0.0	5.29999780655	0.0250004289361	0.0	0.0	0.0	0.0	0.0	0.00444657254654	0.0	0.0	0.0	0.0	0.0	3.95290385313e-06	0.0	0.0	0.000218388894912	0.0	1.28878214175e-06	0.0	34.0499992371	0.0
1757	284.3169988	808.249028524	273.021046956	0.0	0.0	0.0	0.0	0.0	5.29999780655	0.0250004289361	0.0	0.0	0.0	0.0	0.0	0.00444657254654	0.0	0.0	0.0	0.0	0.0	3.95290385313e-06	0.0	0.0	0.000218388894912	0.0	1.28878214175e-06	0.0	34.0499992371	0.0
1758	284.3169988	808.249028524	273.021046956	0.0	0.0	0.0	0.0	0.0	5.29999780655	0.0250004289361	0.0	0.0	0.0	0.0	0.0	0.00444657254654	0.0	0.0	0.0	0.0	0.0	3.95290385313e-06	0.0	0.0	0.000218388894912	0.0	1.28878214175e-06	0.0	34.0499992371	0.0
1759	284.3169988	808.249028524	273.021046956	0.0	0.0	0.0	0.0	0.0	5.29999780655	0.0250004289361	0.0	0.0	0.0	0.0	0.0	0.00444657254654	0.0	0.0	0.0	0.0	0.0	3.95290385313e-06	0.0	0.0	0.000218388894912	0.0	1.28878214175e-06	0.0	34.0499992371	0.0
1760	284.3169988	808.249028524	273.021046956	0.0	0.0	0.0	0.0	0.0	5.29999780655	0.0250004289361	0.0	0.0	0.0	0.0	0.0	0.00444657254654	0.0	0.0	0.0	0.0	0.0	3.95290385313e-06	0.0	0.0	0.000218388894912	0.0	1.28878214175e-06	0.0	34.0499992371	0.0
1761	284.3169988	808.249028524	273.021046956	0.0	0.0	0.0	0.0	0.0	5.29999780655	0.0250004289361	0.0	0.0	0.0	0.0	0.0	0.00444657254654	0.0	0.0	0.0	0.0	0.0	3.95290385313e-06	0.0	0.0	0.000218388894912	0.0	1.28878214175e-06	0.0	34.0499992371	0.0
1762	284.3169988	808.249028524	273.021046956	0.0	0.0	0.0	0.0	0.0	5.29999780655	0.0250004289361	0.0	0.0	0.0	0.0	0.0	0.00444657254654	0.0	0.0	0.0	0.0	0.0	3.95290385313e-06	0.0	0.0	0.000218388894912	0.0	1.28878214175e-06	0.0	34.0499992371	0.0
1763	284.3169988	808.249028524	273.021046956	0.0	0.0	0.0	0.0	0.0	5.29999780655	0.0250004289361	0.0	0.0	0.0	0.0	0.0	0.00444657254654	0.0	0.0	0.0	0.0	0.0	3.95290385313e-06	0.0	0.0	0.000218388894912	0.0	1.28878214175e-06	0.0	34.0499992371	0.0
1764	284.3169988	808.249028524	273.021046956	0.0	0.0	0.0	0.0	0.0	5.29999780655	0.0250004289361	0.0	0.0	0.0	0.0	0.0	0.00444657254654	0.0	0.0	0.0	0.0	0.0	3.95290385313e-06	0.0	0.0	0.000218388894912	0.0	1.28878214175e-06	0.0	34.0499992371	0.0
1765	284.3169988	808.249028524	273.021046956	0.0	0.0	0.0	0.0	0.0	5.29999780655	0.0250004289361	0.0	0.0	0.0	0.0	0.0	0.00444657254654	0.0	0.0	0.0	0.0	0.0	3.95290385313e-06	0.0	0.0	0.000218388894912	0.0	1.28878214175e-06	0.0	34.0499992371	0.0
1766	284.3169988	808.249028524	273.021046956	0.0	0.0	0.0	0.0	0.0	5.29999780655	0.0250004289361	0.0	0.0	0.0	0.0	0.0	0.00444657254654	0.0	0.0	0.0	0.0	0.0	3.95290385313e-06	0.0	0.0	0.000218388894912	0.0	1.28878214175e-06	0.0	34.0499992371	0.0
1767	284.3169988	808.249028524	273.021046956	0.0	0.0	0.0	0.0	0.0	5.29999780655	0.0250004289361	0.0	0.0	0.0	0.0	0.0	0.00444657254654	0.0	0.0	0.0	0.0	0.0	3.95290385313e-06	0.0	0.0	0.000218388894912	0.0	1.28878214175e-06	0.0	34.0499992371	0.0
1768	284.3169988	808.249028524	273.021046956	0.0	0.0	0.0	0.0	0.0	5.29999780655	0.0250004289361	0.0	0.0	0.0	0.0	0.0	0.00444657254654	0.0	0.0	0.0	0.0	0.0	3.95290385313e-06	0.0	0.0	0.000218388894912	0.0	1.28878214175e-06	0.0	34.0499992371	0.0
1769	284.3169988	808.249028524	273.021046956	0.0	0.0	0.0	0.0	0.0	5.29999780655	0.0250004289361	0.0	0.0	0.0	0.0	0.0	0.00444657254654	0.0	0.0	0.0	0.0	0.0	3.95290385313e-06	0.0	0.0	0.000218388894912	0.0	1.28878214175e-06	0.0	34.0499992371	0.0
1770	284.3169988	808.249028524	273.021046956	0.0	0.0	0.0	0.0	0.0	5.29999780655	0.0250004289361	0.0	0.0	0.0	0.0	0.0	0.00444657254654	0.0	0.0	0.0	0.0	0.0	3.95290385313e-06	0.0	0.0	0.000218388894912	0.0	1.28878214175e-06	0.0	34.0499992371	0.0
1771	284.3169988	808.249028524	273.021046956	0.0	0.0	0.0	0.0	0.0	5.29999780655	0.0250004289361	0.0	0.0	0.0	0.0	0.0	0.00444657254654	0.0	0.0	0.0	0.0	0.0	3.95290385313e-06	0.0	0.0	0.000218388894912	0.0	1.28878214175e-06	0.0	34.0499992371	0.0
1772	284.3169988	808.249028524	273.021046956	0.0	0.0	0.0	0.0	0.0	5.29999780655	0.0250004289361	0.0	0.0	0.0	0.0	0.0	0.00444657254654	0.0	0.0	0.0	0.0	0.0	3.95290385313e-06	0.0	0.0	0.000218388894912	0.0	1.28878214175e-06	0.0	34.0499992371	0.0
1773	284.3169988	808.249028524	273.021046956	0.0	0.0	0.0	0.0	0.0	5.29999780655	0.0250004289361	0.0	0.0	0.0	0.0	0.0	0.00444657254654	0.0	0.0	0.0	0.0	0.0	3.95290385313e-06	0.0	0.0	0.000218388894912	0.0	1.28878214175e-06	0.0	34.0499992371	0.0
1774	284.3169988	808.249028524	273.021046956	0.0	0.0	0.0	0.0	0.0	5.29999780655	0.0250004289361	0.0	0.0	0.0	0.0	0.0	0.00444657254654	0.0	0.0	0.0	0.0	0.0	3.95290385313e-06	0.0	0.0	0.000218388894912	0.0	1.28878214175e-06	0.0	34.0499992371	0.0
1775	284.3169988	808.249028524	273.021046956	0.0	0.0	0.0	0.0	0.0	5.29999780655	0.0250004289361	0.0	0.0	0.0	0.0	0.0	0.00444657254654	0.0	0.0	0.0	0.0	0.0	3.95290385313e-06	0.0	0.0	0.000218388894912	0.0	1.28878214175e-06	0.0	34.0499992371	0.0
1776	284.3169988	808.249028524	273.021046956	0.0	0.0	0.0	0.0	0.0	5.29999780655	0.0250004289361	0.0	0.0	0.0	0.0	0.0	0.00444657254654	0.0	0.0	0.0	0.0	0.0	3.95290385313e-06	0.0	0.0	0.000218388894912	0.0	1.28878214175e-06	0.0	34.0499992371	0.0
1777	284.3169988	808.249028524	273.021046956	0.0	0.0	0.0	0.0	0.0	5.29999780655	0.0250004289361	0.0	0.0	0.0	0.0	0.0	0.00444657254654	0.0	0.0	0.0	0.0	0.0	3.95290385313e-06	0.0	0.0	0.000218388894912	0.0	1.28878214175e-06	0.0	34.0499992371	0.0
1778	284.3169988	808.249028524	273.021046956	0.0	0.0	0.0	0.0	0.0	5.29999780655	0.0250004289361	0.0	0.0	0.0	0.0	0.0	0.00444657254654	0.0	0.0	0.0	0.0	0.0	3.95290385313e-06	0.0	0.0	0.000218388894912	0.0	1.28878214175e-06	0.0	34.0499992371	0.0
1779	284.3169988	808.249028524	273.021046956	0.0	0.0	0.0	0.0	0.0	5.29999780655	0.0250004289361	0.0	0.0	0.0	0.0	0.0	0.00444657254654	0.0	0.0	0.0	0.0	0.0	3.95290385313e-06	0.0	0.0	0.000218388894912	0.0	1.28878214175e-06	0.0	34.0499992371	0.0
1780	284.3169988	808.249028524	273.021046956	0.0	0.0	0.0	0.0	0.0	5.29999780655	0.0250004289361	0.0	0.0	0.0	0.0	0.0	0.00444657254654	0.0	0.0	0.0	0.0	0.0	3.95290385313e-06	0.0	0.0	0.000218388894912	0.0	1.28878214175e-06	0.0	34.0499992371	0.0
1781	284.3169988	808.249028524	273.021046956	0.0	0.0	0.0	0.0	0.0	5.29999780655	0.0250004289361	0.0	0.0	0.0	0.0	0.0	0.00444657254654	0.0	0.0	0.0	0.0	0.0	3.95290385313e-06	0.0	0.0	0.000218388894912	0.0	1.28878214175e-06	0.0	34.0499992371	0.0
1782	284.3169988	808.249028524	273.021046956	0.0	0.0	0.0	0.0	0.0	5.29999780655	0.0250004289361	0.0	0.0	0.0	0.0	0.0	0.00444657254654	0.0	0.0	0.0	0.0	0.0	3.95290385313e-06	0.0	0.0	0.000218388894912	0.0	1.28878214175e-06	0.0	34.0499992371	0.0
1783	284.3169988	808.249028524	273.021046956	0.0	0.0	0.0	0.0	0.0	5.29999780655	0.0250004289361	0.0	0.0	0.0	0.0	0.0	0.00444657254654	0.0	0.0	0.0	0.0	0.0	3.95290385313e-06	0.0	0.0	0.000218388894912	0.0	1.28878214175e-06	0.0	34.0499992371	0.0
1784	284.3169988	808.249028524	273.021046956	0.0	0.0	0.0	0.0	0.0	5.29999780655	0.0250004289361	0.0	0.0	0.0	0.0	0.0	0.00444657254654	0.0	0.0	0.0	0.0	0.0	3.95290385313e-06	0.0	0.0	0.000218388894912	0.0	1.28878214175e-06	0.0	34.0499992371	0.0
1785	284.3169988	808.249028524	273.021046956	0.0	0.0	0.0	0.0	0.0	5.29999780655	0.0250004289361	0.0	0.0	0.0	0.0	0.0	0.00444657254654	0.0	0.0	0.0	0.0	0.0	3.95290385313e-06	0.0	0.0	0.000218388894912	0.0	1.28878214175e-06	0.0	34.0499992371	0.0
1786	284.3169988	808.249028524	273.021046956	0.0	0.0	0.0	0.0	0.0	5.29999780655	0.0250004289361	0.0	0.0	0.0	0.0	0.0	0.00444657254654	0.0	0.0	0.0	0.0	0.0	3.95290385313e-06	0.0	0.0	0.000218388894912	0.0	1.28878214175e-06	0.0	34.0499992371	0.0
1787	284.3169988	808.249028524	273.021046956	0.0	0.0	0.0	0.0	0.0	5.29999780655	0.0250004289361	0.0	0.0	0.0	0.0	0.0	0.00444657254654	0.0	0.0	0.0	0.0	0.0	3.95290385313e-06	0.0	0.0	0.000218388894912	0.0	1.28878214175e-06	0.0	34.0499992371	0.0
1788	284.3169988	808.249028524	273.021046956	0.0	0.0	0.0	0.0	0.0	5.29999780655	0.0250004289361	0.0	0.0	0.0	0.0	0.0	0.00444657254654	0.0	0.0	0.0	0.0	0.0	3.95290385313e-06	0.0	0.0	0.000218388894912	0.0	1.28878214175e-06	0.0	34.0499992371	0.0
1789	284.3169988	808.249028524	273.021046956	0.0	0.0	0.0	0.0	0.0	5.29999780655	0.0250004289361	0.0	0.0	0.0	0.0	0.0	0.00444657254654	0.0	0.0	0.0	0.0	0.0	3.95290385313e-06	0.0	0.0	0.000218388894912	0.0	1.28878214175e-06	0.0	34.0499992371	0.0
1790	284.3169988	808.249028524	273.021046956	0.0	0.0	0.0	0.0	0.0	5.29999780655	0.0250004289361	0.0	0.0	0.0	0.0	0.0	0.00444657254654	0.0	0.0	0.0	0.0	0.0	3.95290385313e-06	0.0	0.0	0.000218388894912	0.0	1.28878214175e-06	0.0	34.0499992371	0.0
1791	284.3169988	808.249028524	273.021046956	0.0	0.0	0.0	0.0	0.0	5.29999780655	0.0250004289361	0.0	0.0	0.0	0.0	0.0	0.00444657254654	0.0	0.0	0.0	0.0	0.0	3.95290385313e-06	0.0	0.0	0.000218388894912	0.0	1.28878214175e-06	0.0	34.0499992371	0.0
1792	284.3169988	808.249028524	273.021046956	0.0	0.0	0.0	0.0	0.0	5.29999780655	0.0250004289361	0.0	0.0	0.0	0.0	0.0	0.00444657254654	0.0	0.0	0.0	0.0	0.0	3.95290385313e-06	0.0	0.0	0.000218388894912	0.0	1.28878214175e-06	0.0	34.0499992371	0.0
1793	284.3169988	808.249028524	273.021046956	0.0	0.0	0.0	0.0	0.0	5.29999780655	0.0250004289361	0.0	0.0	0.0	0.0	0.0	0.00444657254654	0.0	0.0	0.0	0.0	0.0	3.95290385313e-06	0.0	0.0	0.000218388894912	0.0	1.28878214175e-06	0.0	34.0499992371	0.0
1794	284.3169988	808.249028524	273.021046956	0.0	0.0	0.0	0.0	0.0	5.29999780655	0.0250004289361	0.0	0.0	0.0	0.0	0.0	0.00444657254654	0.0	0.0	0.0	0.0	0.0	3.95290385313e-06	0.0	0.0	0.000218388894912	0.0	1.28878214175e-06	0.0	34.0499992371	0.0
1795	284.3169988	808.249028524	273.021046956	0.0	0.0	0.0	0.0	0.0	5.29999780655	0.0250004289361	0.0	0.0	0.0	0.0	0.0	0.00444657254654	0.0	0.0	0.0	0.0	0.0	3.95290385313e-06	0.0	0.0	0.000218388894912	0.0	1.28878214175e-06	0.0	34.0499992371	0.0
1796	284.3169988	808.249028524	273.021046956	0.0	0.0	0.0	0.0	0.0	5.29999780655	0.0250004289361	0.0	0.0	0.0	0.0	0.0	0.00444657254654	0.0	0.0	0.0	0.0	0.0	3.95290385313e-06	0.0	0.0	0.000218388894912	0.0	1.28878214175e-06	0.0	34.0499992371	0.0
1797	284.3169988	808.249028524	273.021046956	0.0	0.0	0.0	0.0	0.0	5.29999780655	0.0250004289361	0.0	0.0	0.0	0.0	0.0	0.00444657254654	0.0	0.0	0.0	0.0	0.0	3.95290385313e-06	0.0	0.0	0.000218388894912	0.0	1.28878214175e-06	0.0	34.0499992371	0.0
1798	284.3169988	808.249028524	273.021046956	0.0	0.0	0.0	0.0	0.0	5.29999780655	0.0250004289361	0.0	0.0	0.0	0.0	0.0	0.00444657254654	0.0	0.0	0.0	0.0	0.0	3.95290385313e-06	0.0	0.0	0.000218388894912	0.0	1.28878214175e-06	0.0	34.0499992371	0.0
1799	284.3169988	808.249028524	273.021046956	0.0	0.0	0.0	0.0	0.0	5.29999780655	0.0250004289361	0.0	0.0	0.0	0.0	0.0	0.00444657254654	0.0	0.0	0.0	0.0	0.0	3.95290385313e-06	0.0	0.0	0.000218388894912	0.0	1.28878214175e-06	0.0	34.0499992371	0.0
1800	284.3169988	808.249028524	273.021046956	0.0	0.0	0.0	0.0	0.0	5.29999780655	0.0250004289361	0.0	0.0	0.0	0.0	0.0	0.00444657254654	0.0	0.0	0.0	0.0	0.0	3.95290385313e-06	0.0	0.0	0.000218388894912	0.0	1.28878214175e-06	0.0	34.0499992371	0.0
1801	284.3169988	808.249028524	273.021046956	0.0	0.0	0.0	0.0	0.0	5.29999780655	0.0250004289361	0.0	0.0	0.0	0.0	0.0	0.00444657254654	0.0	0.0	0.0	0.0	0.0	3.95290385313e-06	0.0	0.0	0.000218388894912	0.0	1.28878214175e-06	0.0	34.0499992371	0.0
1802	284.3169988	808.249028524	273.021046956	0.0	0.0	0.0	0.0	0.0	5.29999780655	0.0250004289361	0.0	0.0	0.0	0.0	0.0	0.00444657254654	0.0	0.0	0.0	0.0	0.0	3.95290385313e-06	0.0	0.0	0.000218388894912	0.0	1.28878214175e-06	0.0	34.0499992371	0.0
1803	284.3169988	808.249028524	273.021046956	0.0	0.0	0.0	0.0	0.0	5.29999780655	0.0250004289361	0.0	0.0	0.0	0.0	0.0	0.00444657254654	0.0	0.0	0.0	0.0	0.0	3.95290385313e-06	0.0	0.0	0.000218388894912	0.0	1.28878214175e-06	0.0	34.0499992371	0.0
1804	284.3169988	808.249028524	273.021046956	0.0	0.0	0.0	0.0	0.0	5.29999780655	0.0250004289361	0.0	0.0	0.0	0.0	0.0	0.00444657254654	0.0	0.0	0.0	0.0	0.0	3.95290385313e-06	0.0	0.0	0.000218388894912	0.0	1.28878214175e-06	0.0	34.0499992371	0.0
1805	284.3169988	808.249028524	273.021046956	0.0	0.0	0.0	0.0	0.0	5.29999780655	0.0250004289361	0.0	0.0	0.0	0.0	0.0	0.00444657254654	0.0	0.0	0.0	0.0	0.0	3.95290385313e-06	0.0	0.0	0.000218388894912	0.0	1.28878214175e-06	0.0	34.0499992371	0.0
1806	284.3169988	808.249028524	273.021046956	0.0	0.0	0.0	0.0	0.0	5.29999780655	0.0250004289361	0.0	0.0	0.0	0.0	0.0	0.00444657254654	0.0	0.0	0.0	0.0	0.0	3.95290385313e-06	0.0	0.0	0.000218388894912	0.0	1.28878214175e-06	0.0	34.0499992371	0.0
1807	284.3169988	808.249028524	273.021046956	0.0	0.0	0.0	0.0	0.0	5.29999780655	0.0250004289361	0.0	0.0	0.0	0.0	0.0	0.00444657254654	0.0	0.0	0.0	0.0	0.0	3.95290385313e-06	0.0	0.0	0.000218388894912	0.0	1.28878214175e-06	0.0	34.0499992371	0.0
1808	284.3169988	808.249028524	273.021046956	0.0	0.0	0.0	0.0	0.0	5.29999780655	0.0250004289361	0.0	0.0	0.0	0.0	0.0	0.00444657254654	0.0	0.0	0.0	0.0	0.0	3.95290385313e-06	0.0	0.0	0.000218388894912	0.0	1.28878214175e-06	0.0	34.0499992371	0.0
1809	284.3169988	808.249028524	273.021046956	0.0	0.0	0.0	0.0	0.0	5.29999780655	0.0250004289361	0.0	0.0	0.0	0.0	0.0	0.00444657254654	0.0	0.0	0.0	0.0	0.0	3.95290385313e-06	0.0	0.0	0.000218388894912	0.0	1.28878214175e-06	0.0	34.0499992371	0.0
1810	284.3169988	808.249028524	273.021046956	0.0	0.0	0.0	0.0	0.0	5.29999780655	0.0250004289361	0.0	0.0	0.0	0.0	0.0	0.00444657254654	0.0	0.0	0.0	0.0	0.0	3.95290385313e-06	0.0	0.0	0.000218388894912	0.0	1.28878214175e-06	0.0	34.0499992371	0.0
1811	284.3169988	808.249028524	273.021046956	0.0	0.0	0.0	0.0	0.0	5.29999780655	0.0250004289361	0.0	0.0	0.0	0.0	0.0	0.00444657254654	0.0	0.0	0.0	0.0	0.0	3.95290385313e-06	0.0	0.0	0.000218388894912	0.0	1.28878214175e-06	0.0	34.0499992371	0.0
1812	284.3169988	808.249028524	273.021046956	0.0	0.0	0.0	0.0	0.0	5.29999780655	0.0250004289361	0.0	0.0	0.0	0.0	0.0	0.00444657254654	0.0	0.0	0.0	0.0	0.0	3.95290385313e-06	0.0	0.0	0.000218388894912	0.0	1.28878214175e-06	0.0	34.0499992371	0.0
1813	284.3169988	808.249028524	273.021046956	0.0	0.0	0.0	0.0	0.0	5.29999780655	0.0250004289361	0.0	0.0	0.0	0.0	0.0	0.00444657254654	0.0	0.0	0.0	0.0	0.0	3.95290385313e-06	0.0	0.0	0.000218388894912	0.0	1.28878214175e-06	0.0	34.0499992371	0.0
1814	284.3169988	808.249028524	273.021046956	0.0	0.0	0.0	0.0	0.0	5.29999780655	0.0250004289361	0.0	0.0	0.0	0.0	0.0	0.00444657254654	0.0	0.0	0.0	0.0	0.0	3.95290385313e-06	0.0	0.0	0.000218388894912	0.0	1.28878214175e-06	0.0	34.0499992371	0.0
1815	284.3169988	808.249028524	273.021046956	0.0	0.0	0.0	0.0	0.0	5.29999780655	0.0250004289361	0.0	0.0	0.0	0.0	0.0	0.00444657254654	0.0	0.0	0.0	0.0	0.0	3.95290385313e-06	0.0	0.0	0.000218388894912	0.0	1.28878214175e-06	0.0	34.0499992371	0.0
1816	284.3169988	808.249028524	273.021046956	0.0	0.0	0.0	0.0	0.0	5.29999780655	0.0250004289361	0.0	0.0	0.0	0.0	0.0	0.00444657254654	0.0	0.0	0.0	0.0	0.0	3.95290385313e-06	0.0	0.0	0.000218388894912	0.0	1.28878214175e-06	0.0	34.0499992371	0.0
1817	284.3169988	808.249028524	273.021046956	0.0	0.0	0.0	0.0	0.0	5.29999780655	0.0250004289361	0.0	0.0	0.0	0.0	0.0	0.00444657254654	0.0	0.0	0.0	0.0	0.0	3.95290385313e-06	0.0	0.0	0.000218388894912	0.0	1.28878214175e-06	0.0	34.0499992371	0.0
1818	284.3169988	808.249028524	273.021046956	0.0	0.0	0.0	0.0	0.0	5.29999780655	0.0250004289361	0.0	0.0	0.0	0.0	0.0	0.00444657254654	0.0	0.0	0.0	0.0	0.0	3.95290385313e-06	0.0	0.0	0.000218388894912	0.0	1.28878214175e-06	0.0	34.0499992371	0.0
1819	284.3169988	808.249028524	273.021046956	0.0	0.0	0.0	0.0	0.0	5.29999780655	0.0250004289361	0.0	0.0	0.0	0.0	0.0	0.00444657254654	0.0	0.0	0.0	0.0	0.0	3.95290385313e-06	0.0	0.0	0.000218388894912	0.0	1.28878214175e-06	0.0	34.0499992371	0.0
1820	284.3169988	808.249028524	273.021046956	0.0	0.0	0.0	0.0	0.0	5.29999780655	0.0250004289361	0.0	0.0	0.0	0.0	0.0	0.00444657254654	0.0	0.0	0.0	0.0	0.0	3.95290385313e-06	0.0	0.0	0.000218388894912	0.0	1.28878214175e-06	0.0	34.0499992371	0.0
1821	284.3169988	808.249028524	273.021046956	0.0	0.0	0.0	0.0	0.0	5.29999780655	0.0250004289361	0.0	0.0	0.0	0.0	0.0	0.00444657254654	0.0	0.0	0.0	0.0	0.0	3.95290385313e-06	0.0	0.0	0.000218388894912	0.0	1.28878214175e-06	0.0	34.0499992371	0.0
1822	284.3169988	808.249028524	273.021046956	0.0	0.0	0.0	0.0	0.0	5.29999780655	0.0250004289361	0.0	0.0	0.0	0.0	0.0	0.00444657254654	0.0	0.0	0.0	0.0	0.0	3.95290385313e-06	0.0	0.0	0.000218388894912	0.0	1.28878214175e-06	0.0	34.0499992371	0.0
1823	284.3169988	808.249028524	273.021046956	0.0	0.0	0.0	0.0	0.0	5.29999780655	0.0250004289361	0.0	0.0	0.0	0.0	0.0	0.00444657254654	0.0	0.0	0.0	0.0	0.0	3.95290385313e-06	0.0	0.0	0.000218388894912	0.0	1.28878214175e-06	0.0	34.0499992371	0.0
1824	284.3169988	808.249028524	273.021046956	0.0	0.0	0.0	0.0	0.0	5.29999780655	0.0250004289361	0.0	0.0	0.0	0.0	0.0	0.00444657254654	0.0	0.0	0.0	0.0	0.0	3.95290385313e-06	0.0	0.0	0.000218388894912	0.0	1.28878214175e-06	0.0	34.0499992371	0.0
1825	284.3169988	808.249028524	273.021046956	0.0	0.0	0.0	0.0	0.0	5.29999780655	0.0250004289361	0.0	0.0	0.0	0.0	0.0	0.00444657254654	0.0	0.0	0.0	0.0	0.0	3.95290385313e-06	0.0	0.0	0.000218388894912	0.0	1.28878214175e-06	0.0	34.0499992371	0.0
1826	284.3169988	808.249028524	273.021046956	0.0	0.0	0.0	0.0	0.0	5.29999780655	0.0250004289361	0.0	0.0	0.0	0.0	0.0	0.00444657254654	0.0	0.0	0.0	0.0	0.0	3.95290385313e-06	0.0	0.0	0.000218388894912	0.0	1.28878214175e-06	0.0	34.0499992371	0.0
1827	284.3169988	808.249028524	273.021046956	0.0	0.0	0.0	0.0	0.0	5.29999780655	0.0250004289361	0.0	0.0	0.0	0.0	0.0	0.00444657254654	0.0	0.0	0.0	0.0	0.0	3.95290385313e-06	0.0	0.0	0.000218388894912	0.0	1.28878214175e-06	0.0	34.0499992371	0.0
1828	284.3169988	808.249028524	273.021046956	0.0	0.0	0.0	0.0	0.0	5.29999780655	0.0250004289361	0.0	0.0	0.0	0.0	0.0	0.00444657254654	0.0	0.0	0.0	0.0	0.0	3.95290385313e-06	0.0	0.0	0.000218388894912	0.0	1.28878214175e-06	0.0	34.0499992371	0.0
1829	284.3169988	808.249028524	273.021046956	0.0	0.0	0.0	0.0	0.0	5.29999780655	0.0250004289361	0.0	0.0	0.0	0.0	0.0	0.00444657254654	0.0	0.0	0.0	0.0	0.0	3.95290385313e-06	0.0	0.0	0.000218388894912	0.0	1.28878214175e-06	0.0	34.0499992371	0.0
1830	284.3169988	808.249028524	273.021046956	0.0	0.0	0.0	0.0	0.0	5.29999780655	0.0250004289361	0.0	0.0	0.0	0.0	0.0	0.00444657254654	0.0	0.0	0.0	0.0	0.0	3.95290385313e-06	0.0	0.0	0.000218388894912	0.0	1.28878214175e-06	0.0	34.0499992371	0.0
1831	284.3169988	808.249028524	273.021046956	0.0	0.0	0.0	0.0	0.0	5.29999780655	0.0250004289361	0.0	0.0	0.0	0.0	0.0	0.00444657254654	0.0	0.0	0.0	0.0	0.0	3.95290385313e-06	0.0	0.0	0.000218388894912	0.0	1.28878214175e-06	0.0	34.0499992371	0.0
1832	284.3169988	808.249028524	273.021046956	0.0	0.0	0.0	0.0	0.0	5.29999780655	0.0250004289361	0.0	0.0	0.0	0.0	0.0	0.00444657254654	0.0	0.0	0.0	0.0	0.0	3.95290385313e-06	0.0	0.0	0.000218388894912	0.0	1.28878214175e-06	0.0	34.0499992371	0.0
1833	284.3169988	808.249028524	273.021046956	0.0	0.0	0.0	0.0	0.0	5.29999780655	0.0250004289361	0.0	0.0	0.0	0.0	0.0	0.00444657254654	0.0	0.0	0.0	0.0	0.0	3.95290385313e-06	0.0	0.0	0.000218388894912	0.0	1.28878214175e-06	0.0	34.0499992371	0.0
1834	284.3169988	808.249028524	273.021046956	0.0	0.0	0.0	0.0	0.0	5.29999780655	0.0250004289361	0.0	0.0	0.0	0.0	0.0	0.00444657254654	0.0	0.0	0.0	0.0	0.0	3.95290385313e-06	0.0	0.0	0.000218388894912	0.0	1.28878214175e-06	0.0	34.0499992371	0.0
1835	284.3169988	808.249028524	273.021046956	0.0	0.0	0.0	0.0	0.0	5.29999780655	0.0250004289361	0.0	0.0	0.0	0.0	0.0	0.00444657254654	0.0	0.0	0.0	0.0	0.0	3.95290385313e-06	0.0	0.0	0.000218388894912	0.0	1.28878214175e-06	0.0	34.0499992371	0.0
1836	284.3169988	808.249028524	273.021046956	0.0	0.0	0.0	0.0	0.0	5.29999780655	0.0250004289361	0.0	0.0	0.0	0.0	0.0	0.00444657254654	0.0	0.0	0.0	0.0	0.0	3.95290385313e-06	0.0	0.0	0.000218388894912	0.0	1.28878214175e-06	0.0	34.0499992371	0.0
1837	284.3169988	808.249028524	273.021046956	0.0	0.0	0.0	0.0	0.0	5.29999780655	0.0250004289361	0.0	0.0	0.0	0.0	0.0	0.00444657254654	0.0	0.0	0.0	0.0	0.0	3.95290385313e-06	0.0	0.0	0.000218388894912	0.0	1.28878214175e-06	0.0	34.0499992371	0.0
1838	284.3169988	808.249028524	273.021046956	0.0	0.0	0.0	0.0	0.0	5.29999780655	0.0250004289361	0.0	0.0	0.0	0.0	0.0	0.00444657254654	0.0	0.0	0.0	0.0	0.0	3.95290385313e-06	0.0	0.0	0.000218388894912	0.0	1.28878214175e-06	0.0	34.0499992371	0.0
1839	284.3169988	808.249028524	273.021046956	0.0	0.0	0.0	0.0	0.0	5.29999780655	0.0250004289361	0.0	0.0	0.0	0.0	0.0	0.00444657254654	0.0	0.0	0.0	0.0	0.0	3.95290385313e-06	0.0	0.0	0.000218388894912	0.0	1.28878214175e-06	0.0	34.0499992371	0.0
1840	284.3169988	808.249028524	273.021046956	0.0	0.0	0.0	0.0	0.0	5.29999780655	0.0250004289361	0.0	0.0	0.0	0.0	0.0	0.00444657254654	0.0	0.0	0.0	0.0	0.0	3.95290385313e-06	0.0	0.0	0.000218388894912	0.0	1.28878214175e-06	0.0	34.0499992371	0.0
1841	284.3169988	808.249028524	273.021046956	0.0	0.0	0.0	0.0	0.0	5.29999780655	0.0250004289361	0.0	0.0	0.0	0.0	0.0	0.00444657254654	0.0	0.0	0.0	0.0	0.0	3.95290385313e-06	0.0	0.0	0.000218388894912	0.0	1.28878214175e-06	0.0	34.0499992371	0.0
1842	284.3169988	808.249028524	273.021046956	0.0	0.0	0.0	0.0	0.0	5.29999780655	0.0250004289361	0.0	0.0	0.0	0.0	0.0	0.00444657254654	0.0	0.0	0.0	0.0	0.0	3.95290385313e-06	0.0	0.0	0.000218388894912	0.0	1.28878214175e-06	0.0	34.0499992371	0.0
1843	284.3169988	808.249028524	273.021046956	0.0	0.0	0.0	0.0	0.0	5.29999780655	0.0250004289361	0.0	0.0	0.0	0.0	0.0	0.00444657254654	0.0	0.0	0.0	0.0	0.0	3.95290385313e-06	0.0	0.0	0.000218388894912	0.0	1.28878214175e-06	0.0	34.0499992371	0.0
1844	284.3169988	808.249028524	273.021046956	0.0	0.0	0.0	0.0	0.0	5.29999780655	0.0250004289361	0.0	0.0	0.0	0.0	0.0	0.00444657254654	0.0	0.0	0.0	0.0	0.0	3.95290385313e-06	0.0	0.0	0.000218388894912	0.0	1.28878214175e-06	0.0	34.0499992371	0.0
1845	284.3169988	808.249028524	273.021046956	0.0	0.0	0.0	0.0	0.0	5.29999780655	0.0250004289361	0.0	0.0	0.0	0.0	0.0	0.00444657254654	0.0	0.0	0.0	0.0	0.0	3.95290385313e-06	0.0	0.0	0.000218388894912	0.0	1.28878214175e-06	0.0	34.0499992371	0.0
1846	284.3169988	808.249028524	273.021046956	0.0	0.0	0.0	0.0	0.0	5.29999780655	0.0250004289361	0.0	0.0	0.0	0.0	0.0	0.00444657254654	0.0	0.0	0.0	0.0	0.0	3.95290385313e-06	0.0	0.0	0.000218388894912	0.0	1.28878214175e-06	0.0	34.0499992371	0.0
1847	284.3169988	808.249028524	273.021046956	0.0	0.0	0.0	0.0	0.0	5.29999780655	0.0250004289361	0.0	0.0	0.0	0.0	0.0	0.00444657254654	0.0	0.0	0.0	0.0	0.0	3.95290385313e-06	0.0	0.0	0.000218388894912	0.0	1.28878214175e-06	0.0	34.0499992371	0.0
1848	284.3169988	808.249028524	273.021046956	0.0	0.0	0.0	0.0	0.0	5.29999780655	0.0250004289361	0.0	0.0	0.0	0.0	0.0	0.00444657254654	0.0	0.0	0.0	0.0	0.0	3.95290385313e-06	0.0	0.0	0.000218388894912	0.0	1.28878214175e-06	0.0	34.0499992371	0.0
1849	284.3169988	808.249028524	273.021046956	0.0	0.0	0.0	0.0	0.0	5.29999780655	0.0250004289361	0.0	0.0	0.0	0.0	0.0	0.00444657254654	0.0	0.0	0.0	0.0	0.0	3.95290385313e-06	0.0	0.0	0.000218388894912	0.0	1.28878214175e-06	0.0	34.0499992371	0.0
1850	284.3169988	808.249028524	273.021046956	0.0	0.0	0.0	0.0	0.0	5.29999780655	0.0250004289361	0.0	0.0	0.0	0.0	0.0	0.00444657254654	0.0	0.0	0.0	0.0	0.0	3.95290385313e-06	0.0	0.0	0.000218388894912	0.0	1.28878214175e-06	0.0	34.0499992371	0.0
1851	284.3169988	808.249028524	273.021046956	0.0	0.0	0.0	0.0	0.0	5.29999780655	0.0250004289361	0.0	0.0	0.0	0.0	0.0	0.00444657254654	0.0	0.0	0.0	0.0	0.0	3.95290385313e-06	0.0	0.0	0.000218388894912	0.0	1.28878214175e-06	0.0	34.0499992371	0.0
1852	284.3169988	808.249028524	273.021046956	0.0	0.0	0.0	0.0	0.0	5.29999780655	0.0250004289361	0.0	0.0	0.0	0.0	0.0	0.00444657254654	0.0	0.0	0.0	0.0	0.0	3.95290385313e-06	0.0	0.0	0.000218388894912	0.0	1.28878214175e-06	0.0	34.0499992371	0.0
1853	284.3169988	808.249028524	273.021046956	0.0	0.0	0.0	0.0	0.0	5.29999780655	0.0250004289361	0.0	0.0	0.0	0.0	0.0	0.00444657254654	0.0	0.0	0.0	0.0	0.0	3.95290385313e-06	0.0	0.0	0.000218388894912	0.0	1.28878214175e-06	0.0	34.0499992371	0.0
1854	284.3169988	808.249028524	273.021046956	0.0	0.0	0.0	0.0	0.0	5.29999780655	0.0250004289361	0.0	0.0	0.0	0.0	0.0	0.00444657254654	0.0	0.0	0.0	0.0	0.0	3.95290385313e-06	0.0	0.0	0.000218388894912	0.0	1.28878214175e-06	0.0	34.0499992371	0.0
1855	284.3169988	808.249028524	273.021046956	0.0	0.0	0.0	0.0	0.0	5.29999780655	0.0250004289361	0.0	0.0	0.0	0.0	0.0	0.00444657254654	0.0	0.0	0.0	0.0	0.0	3.95290385313e-06	0.0	0.0	0.000218388894912	0.0	1.28878214175e-06	0.0	34.0499992371	0.0
1856	284.3169988	808.249028524	273.021046956	0.0	0.0	0.0	0.0	0.0	5.29999780655	0.0250004289361	0.0	0.0	0.0	0.0	0.0	0.00444657254654	0.0	0.0	0.0	0.0	0.0	3.95290385313e-06	0.0	0.0	0.000218388894912	0.0	1.28878214175e-06	0.0	34.0499992371	0.0
1857	284.3169988	808.249028524	273.021046956	0.0	0.0	0.0	0.0	0.0	5.29999780655	0.0250004289361	0.0	0.0	0.0	0.0	0.0	0.00444657254654	0.0	0.0	0.0	0.0	0.0	3.95290385313e-06	0.0	0.0	0.000218388894912	0.0	1.28878214175e-06	0.0	34.0499992371	0.0
1858	284.3169988	808.249028524	273.021046956	0.0	0.0	0.0	0.0	0.0	5.29999780655	0.0250004289361	0.0	0.0	0.0	0.0	0.0	0.00444657254654	0.0	0.0	0.0	0.0	0.0	3.95290385313e-06	0.0	0.0	0.000218388894912	0.0	1.28878214175e-06	0.0	34.0499992371	0.0
1859	284.3169988	808.249028524	273.021046956	0.0	0.0	0.0	0.0	0.0	5.29999780655	0.0250004289361	0.0	0.0	0.0	0.0	0.0	0.00444657254654	0.0	0.0	0.0	0.0	0.0	3.95290385313e-06	0.0	0.0	0.000218388894912	0.0	1.28878214175e-06	0.0	34.0499992371	0.0
1860	284.3169988	808.249028524	273.021046956	0.0	0.0	0.0	0.0	0.0	5.29999780655	0.0250004289361	0.0	0.0	0.0	0.0	0.0	0.00444657254654	0.0	0.0	0.0	0.0	0.0	3.95290385313e-06	0.0	0.0	0.000218388894912	0.0	1.28878214175e-06	0.0	34.0499992371	0.0
1861	284.3169988	808.249028524	273.021046956	0.0	0.0	0.0	0.0	0.0	5.29999780655	0.0250004289361	0.0	0.0	0.0	0.0	0.0	0.00444657254654	0.0	0.0	0.0	0.0	0.0	3.95290385313e-06	0.0	0.0	0.000218388894912	0.0	1.28878214175e-06	0.0	34.0499992371	0.0
1862	284.3169988	808.249028524	273.021046956	0.0	0.0	0.0	0.0	0.0	5.29999780655	0.0250004289361	0.0	0.0	0.0	0.0	0.0	0.00444657254654	0.0	0.0	0.0	0.0	0.0	3.95290385313e-06	0.0	0.0	0.000218388894912	0.0	1.28878214175e-06	0.0	34.0499992371	0.0
1863	284.3169988	808.249028524	273.021046956	0.0	0.0	0.0	0.0	0.0	5.29999780655	0.0250004289361	0.0	0.0	0.0	0.0	0.0	0.00444657254654	0.0	0.0	0.0	0.0	0.0	3.95290385313e-06	0.0	0.0	0.000218388894912	0.0	1.28878214175e-06	0.0	34.0499992371	0.0
1864	284.3169988	808.249028524	273.021046956	0.0	0.0	0.0	0.0	0.0	5.29999780655	0.0250004289361	0.0	0.0	0.0	0.0	0.0	0.00444657254654	0.0	0.0	0.0	0.0	0.0	3.95290385313e-06	0.0	0.0	0.000218388894912	0.0	1.28878214175e-06	0.0	34.0499992371	0.0
1865	284.3169988	808.249028524	273.021046956	0.0	0.0	0.0	0.0	0.0	5.29999780655	0.0250004289361	0.0	0.0	0.0	0.0	0.0	0.00444657254654	0.0	0.0	0.0	0.0	0.0	3.95290385313e-06	0.0	0.0	0.000218388894912	0.0	1.28878214175e-06	0.0	34.0499992371	0.0
1866	284.3169988	808.249028524	273.021046956	0.0	0.0	0.0	0.0	0.0	5.29999780655	0.0250004289361	0.0	0.0	0.0	0.0	0.0	0.00444657254654	0.0	0.0	0.0	0.0	0.0	3.95290385313e-06	0.0	0.0	0.000218388894912	0.0	1.28878214175e-06	0.0	34.0499992371	0.0
1867	284.3169988	808.249028524	273.021046956	0.0	0.0	0.0	0.0	0.0	5.29999780655	0.0250004289361	0.0	0.0	0.0	0.0	0.0	0.00444657254654	0.0	0.0	0.0	0.0	0.0	3.95290385313e-06	0.0	0.0	0.000218388894912	0.0	1.28878214175e-06	0.0	34.0499992371	0.0
1868	284.3169988	808.249028524	273.021046956	0.0	0.0	0.0	0.0	0.0	5.29999780655	0.0250004289361	0.0	0.0	0.0	0.0	0.0	0.00444657254654	0.0	0.0	0.0	0.0	0.0	3.95290385313e-06	0.0	0.0	0.000218388894912	0.0	1.28878214175e-06	0.0	34.0499992371	0.0
1869	284.3169988	808.249028524	273.021046956	0.0	0.0	0.0	0.0	0.0	5.29999780655	0.0250004289361	0.0	0.0	0.0	0.0	0.0	0.00444657254654	0.0	0.0	0.0	0.0	0.0	3.95290385313e-06	0.0	0.0	0.000218388894912	0.0	1.28878214175e-06	0.0	34.0499992371	0.0
1870	284.3169988	808.249028524	273.021046956	0.0	0.0	0.0	0.0	0.0	5.29999780655	0.0250004289361	0.0	0.0	0.0	0.0	0.0	0.00444657254654	0.0	0.0	0.0	0.0	0.0	3.95290385313e-06	0.0	0.0	0.000218388894912	0.0	1.28878214175e-06	0.0	34.0499992371	0.0
1871	284.3169988	808.249028524	273.021046956	0.0	0.0	0.0	0.0	0.0	5.29999780655	0.0250004289361	0.0	0.0	0.0	0.0	0.0	0.00444657254654	0.0	0.0	0.0	0.0	0.0	3.95290385313e-06	0.0	0.0	0.000218388894912	0.0	1.28878214175e-06	0.0	34.0499992371	0.0
1872	284.3169988	808.249028524	273.021046956	0.0	0.0	0.0	0.0	0.0	5.29999780655	0.0250004289361	0.0	0.0	0.0	0.0	0.0	0.00444657254654	0.0	0.0	0.0	0.0	0.0	3.95290385313e-06	0.0	0.0	0.000218388894912	0.0	1.28878214175e-06	0.0	34.0499992371	0.0
1873	284.3169988	808.249028524	273.021046956	0.0	0.0	0.0	0.0	0.0	5.29999780655	0.0250004289361	0.0	0.0	0.0	0.0	0.0	0.00444657254654	0.0	0.0	0.0	0.0	0.0	3.95290385313e-06	0.0	0.0	0.000218388894912	0.0	1.28878214175e-06	0.0	34.0499992371	0.0
1874	284.3169988	808.249028524	273.021046956	0.0	0.0	0.0	0.0	0.0	5.29999780655	0.0250004289361	0.0	0.0	0.0	0.0	0.0	0.00444657254654	0.0	0.0	0.0	0.0	0.0	3.95290385313e-06	0.0	0.0	0.000218388894912	0.0	1.28878214175e-06	0.0	34.0499992371	0.0
1875	284.3169988	808.249028524	273.021046956	0.0	0.0	0.0	0.0	0.0	5.29999780655	0.0250004289361	0.0	0.0	0.0	0.0	0.0	0.00444657254654	0.0	0.0	0.0	0.0	0.0	3.95290385313e-06	0.0	0.0	0.000218388894912	0.0	1.28878214175e-06	0.0	34.0499992371	0.0
1876	284.3169988	808.249028524	273.021046956	0.0	0.0	0.0	0.0	0.0	5.29999780655	0.0250004289361	0.0	0.0	0.0	0.0	0.0	0.00444657254654	0.0	0.0	0.0	0.0	0.0	3.95290385313e-06	0.0	0.0	0.000218388894912	0.0	1.28878214175e-06	0.0	34.0499992371	0.0
1877	284.3169988	808.249028524	273.021046956	0.0	0.0	0.0	0.0	0.0	5.29999780655	0.0250004289361	0.0	0.0	0.0	0.0	0.0	0.00444657254654	0.0	0.0	0.0	0.0	0.0	3.95290385313e-06	0.0	0.0	0.000218388894912	0.0	1.28878214175e-06	0.0	34.0499992371	0.0
1878	284.3169988	808.249028524	273.021046956	0.0	0.0	0.0	0.0	0.0	5.29999780655	0.0250004289361	0.0	0.0	0.0	0.0	0.0	0.00444657254654	0.0	0.0	0.0	0.0	0.0	3.95290385313e-06	0.0	0.0	0.000218388894912	0.0	1.28878214175e-06	0.0	34.0499992371	0.0
1879	284.3169988	808.249028524	273.021046956	0.0	0.0	0.0	0.0	0.0	5.29999780655	0.0250004289361	0.0	0.0	0.0	0.0	0.0	0.00444657254654	0.0	0.0	0.0	0.0	0.0	3.95290385313e-06	0.0	0.0	0.000218388894912	0.0	1.28878214175e-06	0.0	34.0499992371	0.0
1880	284.3169988	808.249028524	273.021046956	0.0	0.0	0.0	0.0	0.0	5.29999780655	0.0250004289361	0.0	0.0	0.0	0.0	0.0	0.00444657254654	0.0	0.0	0.0	0.0	0.0	3.95290385313e-06	0.0	0.0	0.000218388894912	0.0	1.28878214175e-06	0.0	34.0499992371	0.0
1881	284.3169988	808.249028524	273.021046956	0.0	0.0	0.0	0.0	0.0	5.29999780655	0.0250004289361	0.0	0.0	0.0	0.0	0.0	0.00444657254654	0.0	0.0	0.0	0.0	0.0	3.95290385313e-06	0.0	0.0	0.000218388894912	0.0	1.28878214175e-06	0.0	34.0499992371	0.0
1882	284.3169988	808.249028524	273.021046956	0.0	0.0	0.0	0.0	0.0	5.29999780655	0.0250004289361	0.0	0.0	0.0	0.0	0.0	0.00444657254654	0.0	0.0	0.0	0.0	0.0	3.95290385313e-06	0.0	0.0	0.000218388894912	0.0	1.28878214175e-06	0.0	34.0499992371	0.0
1883	284.3169988	808.249028524	273.021046956	0.0	0.0	0.0	0.0	0.0	5.29999780655	0.0250004289361	0.0	0.0	0.0	0.0	0.0	0.00444657254654	0.0	0.0	0.0	0.0	0.0	3.95290385313e-06	0.0	0.0	0.000218388894912	0.0	1.28878214175e-06	0.0	34.0499992371	0.0
1884	284.3169988	808.249028524	273.021046956	0.0	0.0	0.0	0.0	0.0	5.29999780655	0.0250004289361	0.0	0.0	0.0	0.0	0.0	0.00444657254654	0.0	0.0	0.0	0.0	0.0	3.95290385313e-06	0.0	0.0	0.000218388894912	0.0	1.28878214175e-06	0.0	34.0499992371	0.0
1885	284.3169988	808.249028524	273.021046956	0.0	0.0	0.0	0.0	0.0	5.29999780655	0.0250004289361	0.0	0.0	0.0	0.0	0.0	0.00444657254654	0.0	0.0	0.0	0.0	0.0	3.95290385313e-06	0.0	0.0	0.000218388894912	0.0	1.28878214175e-06	0.0	34.0499992371	0.0
1886	284.3169988	808.249028524	273.021046956	0.0	0.0	0.0	0.0	0.0	5.29999780655	0.0250004289361	0.0	0.0	0.0	0.0	0.0	0.00444657254654	0.0	0.0	0.0	0.0	0.0	3.95290385313e-06	0.0	0.0	0.000218388894912	0.0	1.28878214175e-06	0.0	34.0499992371	0.0
1887	284.3169988	808.249028524	273.021046956	0.0	0.0	0.0	0.0	0.0	5.29999780655	0.0250004289361	0.0	0.0	0.0	0.0	0.0	0.00444657254654	0.0	0.0	0.0	0.0	0.0	3.95290385313e-06	0.0	0.0	0.000218388894912	0.0	1.28878214175e-06	0.0	34.0499992371	0.0
1888	284.3169988	808.249028524	273.021046956	0.0	0.0	0.0	0.0	0.0	5.29999780655	0.0250004289361	0.0	0.0	0.0	0.0	0.0	0.00444657254654	0.0	0.0	0.0	0.0	0.0	3.95290385313e-06	0.0	0.0	0.000218388894912	0.0	1.28878214175e-06	0.0	34.0499992371	0.0
1889	284.3169988	808.249028524	273.021046956	0.0	0.0	0.0	0.0	0.0	5.29999780655	0.0250004289361	0.0	0.0	0.0	0.0	0.0	0.00444657254654	0.0	0.0	0.0	0.0	0.0	3.95290385313e-06	0.0	0.0	0.000218388894912	0.0	1.28878214175e-06	0.0	34.0499992371	0.0
1890	284.3169988	808.249028524	273.021046956	0.0	0.0	0.0	0.0	0.0	5.29999780655	0.0250004289361	0.0	0.0	0.0	0.0	0.0	0.00444657254654	0.0	0.0	0.0	0.0	0.0	3.95290385313e-06	0.0	0.0	0.000218388894912	0.0	1.28878214175e-06	0.0	34.0499992371	0.0
1891	284.3169988	808.249028524	273.021046956	0.0	0.0	0.0	0.0	0.0	5.29999780655	0.0250004289361	0.0	0.0	0.0	0.0	0.0	0.00444657254654	0.0	0.0	0.0	0.0	0.0	3.95290385313e-06	0.0	0.0	0.000218388894912	0.0	1.28878214175e-06	0.0	34.0499992371	0.0
1892	284.3169988	808.249028524	273.021046956	0.0	0.0	0.0	0.0	0.0	5.29999780655	0.0250004289361	0.0	0.0	0.0	0.0	0.0	0.00444657254654	0.0	0.0	0.0	0.0	0.0	3.95290385313e-06	0.0	0.0	0.000218388894912	0.0	1.28878214175e-06	0.0	34.0499992371	0.0
1893	284.3169988	808.249028524	273.021046956	0.0	0.0	0.0	0.0	0.0	5.29999780655	0.0250004289361	0.0	0.0	0.0	0.0	0.0	0.00444657254654	0.0	0.0	0.0	0.0	0.0	3.95290385313e-06	0.0	0.0	0.000218388894912	0.0	1.28878214175e-06	0.0	34.0499992371	0.0
1894	284.3169988	808.249028524	273.021046956	0.0	0.0	0.0	0.0	0.0	5.29999780655	0.0250004289361	0.0	0.0	0.0	0.0	0.0	0.00444657254654	0.0	0.0	0.0	0.0	0.0	3.95290385313e-06	0.0	0.0	0.000218388894912	0.0	1.28878214175e-06	0.0	34.0499992371	0.0
1895	284.3169988	808.249028524	273.021046956	0.0	0.0	0.0	0.0	0.0	5.29999780655	0.0250004289361	0.0	0.0	0.0	0.0	0.0	0.00444657254654	0.0	0.0	0.0	0.0	0.0	3.95290385313e-06	0.0	0.0	0.000218388894912	0.0	1.28878214175e-06	0.0	34.0499992371	0.0
1896	284.3169988	808.249028524	273.021046956	0.0	0.0	0.0	0.0	0.0	5.29999780655	0.0250004289361	0.0	0.0	0.0	0.0	0.0	0.00444657254654	0.0	0.0	0.0	0.0	0.0	3.95290385313e-06	0.0	0.0	0.000218388894912	0.0	1.28878214175e-06	0.0	34.0499992371	0.0
1897	284.3169988	808.249028524	273.021046956	0.0	0.0	0.0	0.0	0.0	5.29999780655	0.0250004289361	0.0	0.0	0.0	0.0	0.0	0.00444657254654	0.0	0.0	0.0	0.0	0.0	3.95290385313e-06	0.0	0.0	0.000218388894912	0.0	1.28878214175e-06	0.0	34.0499992371	0.0
1898	284.3169988	808.249028524	273.021046956	0.0	0.0	0.0	0.0	0.0	5.29999780655	0.0250004289361	0.0	0.0	0.0	0.0	0.0	0.00444657254654	0.0	0.0	0.0	0.0	0.0	3.95290385313e-06	0.0	0.0	0.000218388894912	0.0	1.28878214175e-06	0.0	34.0499992371	0.0
1899	284.3169988	808.249028524	273.021046956	0.0	0.0	0.0	0.0	0.0	5.29999780655	0.0250004289361	0.0	0.0	0.0	0.0	0.0	0.00444657254654	0.0	0.0	0.0	0.0	0.0	3.95290385313e-06	0.0	0.0	0.000218388894912	0.0	1.28878214175e-06	0.0	34.0499992371	0.0
1900	284.3169988	808.249028524	273.021046956	0.0	0.0	0.0	0.0	0.0	5.29999780655	0.0250004289361	0.0	0.0	0.0	0.0	0.0	0.00444657254654	0.0	0.0	0.0	0.0	0.0	3.95290385313e-06	0.0	0.0	0.000218388894912	0.0	1.28878214175e-06	0.0	34.0499992371	0.0
1901	284.3169988	808.249028524	273.021046956	0.0	0.0	0.0	0.0	0.0	5.29999780655	0.0250004289361	0.0	0.0	0.0	0.0	0.0	0.00444657254654	0.0	0.0	0.0	0.0	0.0	3.95290385313e-06	0.0	0.0	0.000218388894912	0.0	1.28878214175e-06	0.0	34.0499992371	0.0
1902	284.3169988	808.249028524	273.021046956	0.0	0.0	0.0	0.0	0.0	5.29999780655	0.0250004289361	0.0	0.0	0.0	0.0	0.0	0.00444657254654	0.0	0.0	0.0	0.0	0.0	3.95290385313e-06	0.0	0.0	0.000218388894912	0.0	1.28878214175e-06	0.0	34.0499992371	0.0
1903	284.3169988	808.249028524	273.021046956	0.0	0.0	0.0	0.0	0.0	5.29999780655	0.0250004289361	0.0	0.0	0.0	0.0	0.0	0.00444657254654	0.0	0.0	0.0	0.0	0.0	3.95290385313e-06	0.0	0.0	0.000218388894912	0.0	1.28878214175e-06	0.0	34.0499992371	0.0
1904	284.3169988	808.249028524	273.021046956	0.0	0.0	0.0	0.0	0.0	5.29999780655	0.0250004289361	0.0	0.0	0.0	0.0	0.0	0.00444657254654	0.0	0.0	0.0	0.0	0.0	3.95290385313e-06	0.0	0.0	0.000218388894912	0.0	1.28878214175e-06	0.0	34.0499992371	0.0
1905	284.3169988	808.249028524	273.021046956	0.0	0.0	0.0	0.0	0.0	5.29999780655	0.0250004289361	0.0	0.0	0.0	0.0	0.0	0.00444657254654	0.0	0.0	0.0	0.0	0.0	3.95290385313e-06	0.0	0.0	0.000218388894912	0.0	1.28878214175e-06	0.0	34.0499992371	0.0
1906	284.3169988	808.249028524	273.021046956	0.0	0.0	0.0	0.0	0.0	5.29999780655	0.0250004289361	0.0	0.0	0.0	0.0	0.0	0.00444657254654	0.0	0.0	0.0	0.0	0.0	3.95290385313e-06	0.0	0.0	0.000218388894912	0.0	1.28878214175e-06	0.0	34.0499992371	0.0
1907	284.3169988	808.249028524	273.021046956	0.0	0.0	0.0	0.0	0.0	5.29999780655	0.0250004289361	0.0	0.0	0.0	0.0	0.0	0.00444657254654	0.0	0.0	0.0	0.0	0.0	3.95290385313e-06	0.0	0.0	0.000218388894912	0.0	1.28878214175e-06	0.0	34.0499992371	0.0
1908	284.3169988	808.249028524	273.021046956	0.0	0.0	0.0	0.0	0.0	5.29999780655	0.0250004289361	0.0	0.0	0.0	0.0	0.0	0.00444657254654	0.0	0.0	0.0	0.0	0.0	3.95290385313e-06	0.0	0.0	0.000218388894912	0.0	1.28878214175e-06	0.0	34.0499992371	0.0
1909	284.3169988	808.249028524	273.021046956	0.0	0.0	0.0	0.0	0.0	5.29999780655	0.0250004289361	0.0	0.0	0.0	0.0	0.0	0.00444657254654	0.0	0.0	0.0	0.0	0.0	3.95290385313e-06	0.0	0.0	0.000218388894912	0.0	1.28878214175e-06	0.0	34.0499992371	0.0
1910	284.3169988	808.249028524	273.021046956	0.0	0.0	0.0	0.0	0.0	5.29999780655	0.0250004289361	0.0	0.0	0.0	0.0	0.0	0.00444657254654	0.0	0.0	0.0	0.0	0.0	3.95290385313e-06	0.0	0.0	0.000218388894912	0.0	1.28878214175e-06	0.0	34.0499992371	0.0
1911	284.3169988	808.249028524	273.021046956	0.0	0.0	0.0	0.0	0.0	5.29999780655	0.0250004289361	0.0	0.0	0.0	0.0	0.0	0.00444657254654	0.0	0.0	0.0	0.0	0.0	3.95290385313e-06	0.0	0.0	0.000218388894912	0.0	1.28878214175e-06	0.0	34.0499992371	0.0
1912	284.3169988	808.249028524	273.021046956	0.0	0.0	0.0	0.0	0.0	5.29999780655	0.0250004289361	0.0	0.0	0.0	0.0	0.0	0.00444657254654	0.0	0.0	0.0	0.0	0.0	3.95290385313e-06	0.0	0.0	0.000218388894912	0.0	1.28878214175e-06	0.0	34.0499992371	0.0
1913	284.3169988	808.249028524	273.021046956	0.0	0.0	0.0	0.0	0.0	5.29999780655	0.0250004289361	0.0	0.0	0.0	0.0	0.0	0.00444657254654	0.0	0.0	0.0	0.0	0.0	3.95290385313e-06	0.0	0.0	0.000218388894912	0.0	1.28878214175e-06	0.0	34.0499992371	0.0
1914	284.3169988	808.249028524	273.021046956	0.0	0.0	0.0	0.0	0.0	5.29999780655	0.0250004289361	0.0	0.0	0.0	0.0	0.0	0.00444657254654	0.0	0.0	0.0	0.0	0.0	3.95290385313e-06	0.0	0.0	0.000218388894912	0.0	1.28878214175e-06	0.0	34.0499992371	0.0
1915	284.3169988	808.249028524	273.021046956	0.0	0.0	0.0	0.0	0.0	5.29999780655	0.0250004289361	0.0	0.0	0.0	0.0	0.0	0.00444657254654	0.0	0.0	0.0	0.0	0.0	3.95290385313e-06	0.0	0.0	0.000218388894912	0.0	1.28878214175e-06	0.0	34.0499992371	0.0
1916	284.3169988	808.249028524	273.021046956	0.0	0.0	0.0	0.0	0.0	5.29999780655	0.0250004289361	0.0	0.0	0.0	0.0	0.0	0.00444657254654	0.0	0.0	0.0	0.0	0.0	3.95290385313e-06	0.0	0.0	0.000218388894912	0.0	1.28878214175e-06	0.0	34.0499992371	0.0
1917	284.3169988	808.249028524	273.021046956	0.0	0.0	0.0	0.0	0.0	5.29999780655	0.0250004289361	0.0	0.0	0.0	0.0	0.0	0.00444657254654	0.0	0.0	0.0	0.0	0.0	3.95290385313e-06	0.0	0.0	0.000218388894912	0.0	1.28878214175e-06	0.0	34.0499992371	0.0
1918	284.3169988	808.249028524	273.021046956	0.0	0.0	0.0	0.0	0.0	5.29999780655	0.0250004289361	0.0	0.0	0.0	0.0	0.0	0.00444657254654	0.0	0.0	0.0	0.0	0.0	3.95290385313e-06	0.0	0.0	0.000218388894912	0.0	1.28878214175e-06	0.0	34.0499992371	0.0
1919	284.3169988	808.249028524	273.021046956	0.0	0.0	0.0	0.0	0.0	5.29999780655	0.0250004289361	0.0	0.0	0.0	0.0	0.0	0.00444657254654	0.0	0.0	0.0	0.0	0.0	3.95290385313e-06	0.0	0.0	0.000218388894912	0.0	1.28878214175e-06	0.0	34.0499992371	0.0
1920	284.3169988	808.249028524	273.021046956	0.0	0.0	0.0	0.0	0.0	5.29999780655	0.0250004289361	0.0	0.0	0.0	0.0	0.0	0.00444657254654	0.0	0.0	0.0	0.0	0.0	3.95290385313e-06	0.0	0.0	0.000218388894912	0.0	1.28878214175e-06	0.0	34.0499992371	0.0
1921	284.3169988	808.249028524	273.021046956	0.0	0.0	0.0	0.0	0.0	5.29999780655	0.0250004289361	0.0	0.0	0.0	0.0	0.0	0.00444657254654	0.0	0.0	0.0	0.0	0.0	3.95290385313e-06	0.0	0.0	0.000218388894912	0.0	1.28878214175e-06	0.0	34.0499992371	0.0
1922	284.3169988	808.249028524	273.021046956	0.0	0.0	0.0	0.0	0.0	5.29999780655	0.0250004289361	0.0	0.0	0.0	0.0	0.0	0.00444657254654	0.0	0.0	0.0	0.0	0.0	3.95290385313e-06	0.0	0.0	0.000218388894912	0.0	1.28878214175e-06	0.0	34.0499992371	0.0
1923	284.3169988	808.249028524	273.021046956	0.0	0.0	0.0	0.0	0.0	5.29999780655	0.0250004289361	0.0	0.0	0.0	0.0	0.0	0.00444657254654	0.0	0.0	0.0	0.0	0.0	3.95290385313e-06	0.0	0.0	0.000218388894912	0.0	1.28878214175e-06	0.0	34.0499992371	0.0
1924	284.3169988	808.249028524	273.021046956	0.0	0.0	0.0	0.0	0.0	5.29999780655	0.0250004289361	0.0	0.0	0.0	0.0	0.0	0.00444657254654	0.0	0.0	0.0	0.0	0.0	3.95290385313e-06	0.0	0.0	0.000218388894912	0.0	1.28878214175e-06	0.0	34.0499992371	0.0
1925	284.3169988	808.249028524	273.021046956	0.0	0.0	0.0	0.0	0.0	5.29999780655	0.0250004289361	0.0	0.0	0.0	0.0	0.0	0.00444657254654	0.0	0.0	0.0	0.0	0.0	3.95290385313e-06	0.0	0.0	0.000218388894912	0.0	1.28878214175e-06	0.0	34.0499992371	0.0
1926	284.3169988	808.249028524	273.021046956	0.0	0.0	0.0	0.0	0.0	5.29999780655	0.0250004289361	0.0	0.0	0.0	0.0	0.0	0.00444657254654	0.0	0.0	0.0	0.0	0.0	3.95290385313e-06	0.0	0.0	0.000218388894912	0.0	1.28878214175e-06	0.0	34.0499992371	0.0
1927	284.3169988	808.249028524	273.021046956	0.0	0.0	0.0	0.0	0.0	5.29999780655	0.0250004289361	0.0	0.0	0.0	0.0	0.0	0.00444657254654	0.0	0.0	0.0	0.0	0.0	3.95290385313e-06	0.0	0.0	0.000218388894912	0.0	1.28878214175e-06	0.0	34.0499992371	0.0
1928	284.3169988	808.249028524	273.021046956	0.0	0.0	0.0	0.0	0.0	5.29999780655	0.0250004289361	0.0	0.0	0.0	0.0	0.0	0.00444657254654	0.0	0.0	0.0	0.0	0.0	3.95290385313e-06	0.0	0.0	0.000218388894912	0.0	1.28878214175e-06	0.0	34.0499992371	0.0
1929	284.3169988	808.249028524	273.021046956	0.0	0.0	0.0	0.0	0.0	5.29999780655	0.0250004289361	0.0	0.0	0.0	0.0	0.0	0.00444657254654	0.0	0.0	0.0	0.0	0.0	3.95290385313e-06	0.0	0.0	0.000218388894912	0.0	1.28878214175e-06	0.0	34.0499992371	0.0
1930	284.3169988	808.249028524	273.021046956	0.0	0.0	0.0	0.0	0.0	5.29999780655	0.0250004289361	0.0	0.0	0.0	0.0	0.0	0.00444657254654	0.0	0.0	0.0	0.0	0.0	3.95290385313e-06	0.0	0.0	0.000218388894912	0.0	1.28878214175e-06	0.0	34.0499992371	0.0
1931	284.3169988	808.249028524	273.021046956	0.0	0.0	0.0	0.0	0.0	5.29999780655	0.0250004289361	0.0	0.0	0.0	0.0	0.0	0.00444657254654	0.0	0.0	0.0	0.0	0.0	3.95290385313e-06	0.0	0.0	0.000218388894912	0.0	1.28878214175e-06	0.0	34.0499992371	0.0
1932	284.3169988	808.249028524	273.021046956	0.0	0.0	0.0	0.0	0.0	5.29999780655	0.0250004289361	0.0	0.0	0.0	0.0	0.0	0.00444657254654	0.0	0.0	0.0	0.0	0.0	3.95290385313e-06	0.0	0.0	0.000218388894912	0.0	1.28878214175e-06	0.0	34.0499992371	0.0
1933	284.3169988	808.249028524	273.021046956	0.0	0.0	0.0	0.0	0.0	5.29999780655	0.0250004289361	0.0	0.0	0.0	0.0	0.0	0.00444657254654	0.0	0.0	0.0	0.0	0.0	3.95290385313e-06	0.0	0.0	0.000218388894912	0.0	1.28878214175e-06	0.0	34.0499992371	0.0
1934	284.3169988	808.249028524	273.021046956	0.0	0.0	0.0	0.0	0.0	5.29999780655	0.0250004289361	0.0	0.0	0.0	0.0	0.0	0.00444657254654	0.0	0.0	0.0	0.0	0.0	3.95290385313e-06	0.0	0.0	0.000218388894912	0.0	1.28878214175e-06	0.0	34.0499992371	0.0
1935	284.3169988	808.249028524	273.021046956	0.0	0.0	0.0	0.0	0.0	5.29999780655	0.0250004289361	0.0	0.0	0.0	0.0	0.0	0.00444657254654	0.0	0.0	0.0	0.0	0.0	3.95290385313e-06	0.0	0.0	0.000218388894912	0.0	1.28878214175e-06	0.0	34.0499992371	0.0
1936	284.3169988	808.249028524	273.021046956	0.0	0.0	0.0	0.0	0.0	5.29999780655	0.0250004289361	0.0	0.0	0.0	0.0	0.0	0.00444657254654	0.0	0.0	0.0	0.0	0.0	3.95290385313e-06	0.0	0.0	0.000218388894912	0.0	1.28878214175e-06	0.0	34.0499992371	0.0
1937	284.3169988	808.249028524	273.021046956	0.0	0.0	0.0	0.0	0.0	5.29999780655	0.0250004289361	0.0	0.0	0.0	0.0	0.0	0.00444657254654	0.0	0.0	0.0	0.0	0.0	3.95290385313e-06	0.0	0.0	0.000218388894912	0.0	1.28878214175e-06	0.0	34.0499992371	0.0
1938	284.3169988	808.249028524	273.021046956	0.0	0.0	0.0	0.0	0.0	5.29999780655	0.0250004289361	0.0	0.0	0.0	0.0	0.0	0.00444657254654	0.0	0.0	0.0	0.0	0.0	3.95290385313e-06	0.0	0.0	0.000218388894912	0.0	1.28878214175e-06	0.0	34.0499992371	0.0
1939	284.3169988	808.249028524	273.021046956	0.0	0.0	0.0	0.0	0.0	5.29999780655	0.0250004289361	0.0	0.0	0.0	0.0	0.0	0.00444657254654	0.0	0.0	0.0	0.0	0.0	3.95290385313e-06	0.0	0.0	0.000218388894912	0.0	1.28878214175e-06	0.0	34.0499992371	0.0
1940	284.3169988	808.249028524	273.021046956	0.0	0.0	0.0	0.0	0.0	5.29999780655	0.0250004289361	0.0	0.0	0.0	0.0	0.0	0.00444657254654	0.0	0.0	0.0	0.0	0.0	3.95290385313e-06	0.0	0.0	0.000218388894912	0.0	1.28878214175e-06	0.0	34.0499992371	0.0
1941	284.3169988	808.249028524	273.021046956	0.0	0.0	0.0	0.0	0.0	5.29999780655	0.0250004289361	0.0	0.0	0.0	0.0	0.0	0.00444657254654	0.0	0.0	0.0	0.0	0.0	3.95290385313e-06	0.0	0.0	0.000218388894912	0.0	1.28878214175e-06	0.0	34.0499992371	0.0
1942	284.3169988	808.249028524	273.021046956	0.0	0.0	0.0	0.0	0.0	5.29999780655	0.0250004289361	0.0	0.0	0.0	0.0	0.0	0.00444657254654	0.0	0.0	0.0	0.0	0.0	3.95290385313e-06	0.0	0.0	0.000218388894912	0.0	1.28878214175e-06	0.0	34.0499992371	0.0
1943	284.3169988	808.249028524	273.021046956	0.0	0.0	0.0	0.0	0.0	5.29999780655	0.0250004289361	0.0	0.0	0.0	0.0	0.0	0.00444657254654	0.0	0.0	0.0	0.0	0.0	3.95290385313e-06	0.0	0.0	0.000218388894912	0.0	1.28878214175e-06	0.0	34.0499992371	0.0
1944	284.3169988	808.249028524	273.021046956	0.0	0.0	0.0	0.0	0.0	5.29999780655	0.0250004289361	0.0	0.0	0.0	0.0	0.0	0.00444657254654	0.0	0.0	0.0	0.0	0.0	3.95290385313e-06	0.0	0.0	0.000218388894912	0.0	1.28878214175e-06	0.0	34.0499992371	0.0
1945	284.3169988	808.249028524	273.021046956	0.0	0.0	0.0	0.0	0.0	5.29999780655	0.0250004289361	0.0	0.0	0.0	0.0	0.0	0.00444657254654	0.0	0.0	0.0	0.0	0.0	3.95290385313e-06	0.0	0.0	0.000218388894912	0.0	1.28878214175e-06	0.0	34.0499992371	0.0
1946	284.3169988	808.249028524	273.021046956	0.0	0.0	0.0	0.0	0.0	5.29999780655	0.0250004289361	0.0	0.0	0.0	0.0	0.0	0.00444657254654	0.0	0.0	0.0	0.0	0.0	3.95290385313e-06	0.0	0.0	0.000218388894912	0.0	1.28878214175e-06	0.0	34.0499992371	0.0
1947	284.3169988	808.249028524	273.021046956	0.0	0.0	0.0	0.0	0.0	5.29999780655	0.0250004289361	0.0	0.0	0.0	0.0	0.0	0.00444657254654	0.0	0.0	0.0	0.0	0.0	3.95290385313e-06	0.0	0.0	0.000218388894912	0.0	1.28878214175e-06	0.0	34.0499992371	0.0
1948	284.3169988	808.249028524	273.021046956	0.0	0.0	0.0	0.0	0.0	5.29999780655	0.0250004289361	0.0	0.0	0.0	0.0	0.0	0.00444657254654	0.0	0.0	0.0	0.0	0.0	3.95290385313e-06	0.0	0.0	0.000218388894912	0.0	1.28878214175e-06	0.0	34.0499992371	0.0
1949	284.3169988	808.249028524	273.021046956	0.0	0.0	0.0	0.0	0.0	5.29999780655	0.0250004289361	0.0	0.0	0.0	0.0	0.0	0.00444657254654	0.0	0.0	0.0	0.0	0.0	3.95290385313e-06	0.0	0.0	0.000218388894912	0.0	1.28878214175e-06	0.0	34.0499992371	0.0
1950	284.3169988	808.249028524	273.021046956	0.0	0.0	0.0	0.0	0.0	5.29999780655	0.0250004289361	0.0	0.0	0.0	0.0	0.0	0.00444657254654	0.0	0.0	0.0	0.0	0.0	3.95290385313e-06	0.0	0.0	0.000218388894912	0.0	1.28878214175e-06	0.0	34.0499992371	0.0
1951	284.3169988	808.249028524	273.021046956	0.0	0.0	0.0	0.0	0.0	5.29999780655	0.0250004289361	0.0	0.0	0.0	0.0	0.0	0.00444657254654	0.0	0.0	0.0	0.0	0.0	3.95290385313e-06	0.0	0.0	0.000218388894912	0.0	1.28878214175e-06	0.0	34.0499992371	0.0
1952	284.3169988	808.249028524	273.021046956	0.0	0.0	0.0	0.0	0.0	5.29999780655	0.0250004289361	0.0	0.0	0.0	0.0	0.0	0.00444657254654	0.0	0.0	0.0	0.0	0.0	3.95290385313e-06	0.0	0.0	0.000218388894912	0.0	1.28878214175e-06	0.0	34.0499992371	0.0
1953	284.3169988	808.249028524	273.021046956	0.0	0.0	0.0	0.0	0.0	5.29999780655	0.0250004289361	0.0	0.0	0.0	0.0	0.0	0.00444657254654	0.0	0.0	0.0	0.0	0.0	3.95290385313e-06	0.0	0.0	0.000218388894912	0.0	1.28878214175e-06	0.0	34.0499992371	0.0
1954	284.3169988	808.249028524	273.021046956	0.0	0.0	0.0	0.0	0.0	5.29999780655	0.0250004289361	0.0	0.0	0.0	0.0	0.0	0.00444657254654	0.0	0.0	0.0	0.0	0.0	3.95290385313e-06	0.0	0.0	0.000218388894912	0.0	1.28878214175e-06	0.0	34.0499992371	0.0
1955	284.3169988	808.249028524	273.021046956	0.0	0.0	0.0	0.0	0.0	5.29999780655	0.0250004289361	0.0	0.0	0.0	0.0	0.0	0.00444657254654	0.0	0.0	0.0	0.0	0.0	3.95290385313e-06	0.0	0.0	0.000218388894912	0.0	1.28878214175e-06	0.0	34.0499992371	0.0
1956	284.3169988	808.249028524	273.021046956	0.0	0.0	0.0	0.0	0.0	5.29999780655	0.0250004289361	0.0	0.0	0.0	0.0	0.0	0.00444657254654	0.0	0.0	0.0	0.0	0.0	3.95290385313e-06	0.0	0.0	0.000218388894912	0.0	1.28878214175e-06	0.0	34.0499992371	0.0
1957	284.3169988	808.249028524	273.021046956	0.0	0.0	0.0	0.0	0.0	5.29999780655	0.0250004289361	0.0	0.0	0.0	0.0	0.0	0.00444657254654	0.0	0.0	0.0	0.0	0.0	3.95290385313e-06	0.0	0.0	0.000218388894912	0.0	1.28878214175e-06	0.0	34.0499992371	0.0
1958	284.3169988	808.249028524	273.021046956	0.0	0.0	0.0	0.0	0.0	5.29999780655	0.0250004289361	0.0	0.0	0.0	0.0	0.0	0.00444657254654	0.0	0.0	0.0	0.0	0.0	3.95290385313e-06	0.0	0.0	0.000218388894912	0.0	1.28878214175e-06	0.0	34.0499992371	0.0
1959	284.3169988	808.249028524	273.021046956	0.0	0.0	0.0	0.0	0.0	5.29999780655	0.0250004289361	0.0	0.0	0.0	0.0	0.0	0.00444657254654	0.0	0.0	0.0	0.0	0.0	3.95290385313e-06	0.0	0.0	0.000218388894912	0.0	1.28878214175e-06	0.0	34.0499992371	0.0
1960	284.3169988	808.249028524	273.021046956	0.0	0.0	0.0	0.0	0.0	5.29999780655	0.0250004289361	0.0	0.0	0.0	0.0	0.0	0.00444657254654	0.0	0.0	0.0	0.0	0.0	3.95290385313e-06	0.0	0.0	0.000218388894912	0.0	1.28878214175e-06	0.0	34.0499992371	0.0
1961	284.3169988	808.249028524	273.021046956	0.0	0.0	0.0	0.0	0.0	5.29999780655	0.0250004289361	0.0	0.0	0.0	0.0	0.0	0.00444657254654	0.0	0.0	0.0	0.0	0.0	3.95290385313e-06	0.0	0.0	0.000218388894912	0.0	1.28878214175e-06	0.0	34.0499992371	0.0
1962	284.3169988	808.249028524	273.021046956	0.0	0.0	0.0	0.0	0.0	5.29999780655	0.0250004289361	0.0	0.0	0.0	0.0	0.0	0.00444657254654	0.0	0.0	0.0	0.0	0.0	3.95290385313e-06	0.0	0.0	0.000218388894912	0.0	1.28878214175e-06	0.0	34.0499992371	0.0
1963	284.3169988	808.249028524	273.021046956	0.0	0.0	0.0	0.0	0.0	5.29999780655	0.0250004289361	0.0	0.0	0.0	0.0	0.0	0.00444657254654	0.0	0.0	0.0	0.0	0.0	3.95290385313e-06	0.0	0.0	0.000218388894912	0.0	1.28878214175e-06	0.0	34.0499992371	0.0
1964	284.3169988	808.249028524	273.021046956	0.0	0.0	0.0	0.0	0.0	5.29999780655	0.0250004289361	0.0	0.0	0.0	0.0	0.0	0.00444657254654	0.0	0.0	0.0	0.0	0.0	3.95290385313e-06	0.0	0.0	0.000218388894912	0.0	1.28878214175e-06	0.0	34.0499992371	0.0
1965	284.3169988	808.249028524	273.021046956	0.0	0.0	0.0	0.0	0.0	5.29999780655	0.0250004289361	0.0	0.0	0.0	0.0	0.0	0.00444657254654	0.0	0.0	0.0	0.0	0.0	3.95290385313e-06	0.0	0.0	0.000218388894912	0.0	1.28878214175e-06	0.0	34.0499992371	0.0
1966	284.3169988	808.249028524	273.021046956	0.0	0.0	0.0	0.0	0.0	5.29999780655	0.0250004289361	0.0	0.0	0.0	0.0	0.0	0.00444657254654	0.0	0.0	0.0	0.0	0.0	3.95290385313e-06	0.0	0.0	0.000218388894912	0.0	1.28878214175e-06	0.0	34.0499992371	0.0
1967	284.3169988	808.249028524	273.021046956	0.0	0.0	0.0	0.0	0.0	5.29999780655	0.0250004289361	0.0	0.0	0.0	0.0	0.0	0.00444657254654	0.0	0.0	0.0	0.0	0.0	3.95290385313e-06	0.0	0.0	0.000218388894912	0.0	1.28878214175e-06	0.0	34.0499992371	0.0
1968	284.3169988	808.249028524	273.021046956	0.0	0.0	0.0	0.0	0.0	5.29999780655	0.0250004289361	0.0	0.0	0.0	0.0	0.0	0.00444657254654	0.0	0.0	0.0	0.0	0.0	3.95290385313e-06	0.0	0.0	0.000218388894912	0.0	1.28878214175e-06	0.0	34.0499992371	0.0
1969	284.3169988	808.249028524	273.021046956	0.0	0.0	0.0	0.0	0.0	5.29999780655	0.0250004289361	0.0	0.0	0.0	0.0	0.0	0.00444657254654	0.0	0.0	0.0	0.0	0.0	3.95290385313e-06	0.0	0.0	0.000218388894912	0.0	1.28878214175e-06	0.0	34.0499992371	0.0
1970	284.3169988	808.249028524	273.021046956	0.0	0.0	0.0	0.0	0.0	5.29999780655	0.0250004289361	0.0	0.0	0.0	0.0	0.0	0.00444657254654	0.0	0.0	0.0	0.0	0.0	3.95290385313e-06	0.0	0.0	0.000218388894912	0.0	1.28878214175e-06	0.0	34.0499992371	0.0
1971	284.3169988	808.249028524	273.021046956	0.0	0.0	0.0	0.0	0.0	5.29999780655	0.0250004289361	0.0	0.0	0.0	0.0	0.0	0.00444657254654	0.0	0.0	0.0	0.0	0.0	3.95290385313e-06	0.0	0.0	0.000218388894912	0.0	1.28878214175e-06	0.0	34.0499992371	0.0
1972	284.3169988	808.249028524	273.021046956	0.0	0.0	0.0	0.0	0.0	5.29999780655	0.0250004289361	0.0	0.0	0.0	0.0	0.0	0.00444657254654	0.0	0.0	0.0	0.0	0.0	3.95290385313e-06	0.0	0.0	0.000218388894912	0.0	1.28878214175e-06	0.0	34.0499992371	0.0
1973	284.3169988	808.249028524	273.021046956	0.0	0.0	0.0	0.0	0.0	5.29999780655	0.0250004289361	0.0	0.0	0.0	0.0	0.0	0.00444657254654	0.0	0.0	0.0	0.0	0.0	3.95290385313e-06	0.0	0.0	0.000218388894912	0.0	1.28878214175e-06	0.0	34.0499992371	0.0
1974	284.3169988	808.249028524	273.021046956	0.0	0.0	0.0	0.0	0.0	5.29999780655	0.0250004289361	0.0	0.0	0.0	0.0	0.0	0.00444657254654	0.0	0.0	0.0	0.0	0.0	3.95290385313e-06	0.0	0.0	0.000218388894912	0.0	1.28878214175e-06	0.0	34.0499992371	0.0
1975	284.3169988	808.249028524	273.021046956	0.0	0.0	0.0	0.0	0.0	5.29999780655	0.0250004289361	0.0	0.0	0.0	0.0	0.0	0.00444657254654	0.0	0.0	0.0	0.0	0.0	3.95290385313e-06	0.0	0.0	0.000218388894912	0.0	1.28878214175e-06	0.0	34.0499992371	0.0
1976	284.3169988	808.249028524	273.021046956	0.0	0.0	0.0	0.0	0.0	5.29999780655	0.0250004289361	0.0	0.0	0.0	0.0	0.0	0.00444657254654	0.0	0.0	0.0	0.0	0.0	3.95290385313e-06	0.0	0.0	0.000218388894912	0.0	1.28878214175e-06	0.0	34.0499992371	0.0
1977	284.3169988	808.249028524	273.021046956	0.0	0.0	0.0	0.0	0.0	5.29999780655	0.0250004289361	0.0	0.0	0.0	0.0	0.0	0.00444657254654	0.0	0.0	0.0	0.0	0.0	3.95290385313e-06	0.0	0.0	0.000218388894912	0.0	1.28878214175e-06	0.0	34.0499992371	0.0
1978	284.3169988	808.249028524	273.021046956	0.0	0.0	0.0	0.0	0.0	5.29999780655	0.0250004289361	0.0	0.0	0.0	0.0	0.0	0.00444657254654	0.0	0.0	0.0	0.0	0.0	3.95290385313e-06	0.0	0.0	0.000218388894912	0.0	1.28878214175e-06	0.0	34.0499992371	0.0
1979	284.3169988	808.249028524	273.021046956	0.0	0.0	0.0	0.0	0.0	5.29999780655	0.0250004289361	0.0	0.0	0.0	0.0	0.0	0.00444657254654	0.0	0.0	0.0	0.0	0.0	3.95290385313e-06	0.0	0.0	0.000218388894912	0.0	1.28878214175e-06	0.0	34.0499992371	0.0
1980	284.3169988	808.249028524	273.021046956	0.0	0.0	0.0	0.0	0.0	5.29999780655	0.0250004289361	0.0	0.0	0.0	0.0	0.0	0.00444657254654	0.0	0.0	0.0	0.0	0.0	3.95290385313e-06	0.0	0.0	0.000218388894912	0.0	1.28878214175e-06	0.0	34.0499992371	0.0
1981	284.3169988	808.249028524	273.021046956	0.0	0.0	0.0	0.0	0.0	5.29999780655	0.0250004289361	0.0	0.0	0.0	0.0	0.0	0.00444657254654	0.0	0.0	0.0	0.0	0.0	3.95290385313e-06	0.0	0.0	0.000218388894912	0.0	1.28878214175e-06	0.0	34.0499992371	0.0
1982	284.3169988	808.249028524	273.021046956	0.0	0.0	0.0	0.0	0.0	5.29999780655	0.0250004289361	0.0	0.0	0.0	0.0	0.0	0.00444657254654	0.0	0.0	0.0	0.0	0.0	3.95290385313e-06	0.0	0.0	0.000218388894912	0.0	1.28878214175e-06	0.0	34.0499992371	0.0
1983	284.3169988	808.249028524	273.021046956	0.0	0.0	0.0	0.0	0.0	5.29999780655	0.0250004289361	0.0	0.0	0.0	0.0	0.0	0.00444657254654	0.0	0.0	0.0	0.0	0.0	3.95290385313e-06	0.0	0.0	0.000218388894912	0.0	1.28878214175e-06	0.0	34.0499992371	0.0
1984	284.3169988	808.249028524	273.021046956	0.0	0.0	0.0	0.0	0.0	5.29999780655	0.0250004289361	0.0	0.0	0.0	0.0	0.0	0.00444657254654	0.0	0.0	0.0	0.0	0.0	3.95290385313e-06	0.0	0.0	0.000218388894912	0.0	1.28878214175e-06	0.0	34.0499992371	0.0
1985	284.3169988	808.249028524	273.021046956	0.0	0.0	0.0	0.0	0.0	5.29999780655	0.0250004289361	0.0	0.0	0.0	0.0	0.0	0.00444657254654	0.0	0.0	0.0	0.0	0.0	3.95290385313e-06	0.0	0.0	0.000218388894912	0.0	1.28878214175e-06	0.0	34.0499992371	0.0
1986	284.3169988	808.249028524	273.021046956	0.0	0.0	0.0	0.0	0.0	5.29999780655	0.0250004289361	0.0	0.0	0.0	0.0	0.0	0.00444657254654	0.0	0.0	0.0	0.0	0.0	3.95290385313e-06	0.0	0.0	0.000218388894912	0.0	1.28878214175e-06	0.0	34.0499992371	0.0
1987	284.3169988	808.249028524	273.021046956	0.0	0.0	0.0	0.0	0.0	5.29999780655	0.0250004289361	0.0	0.0	0.0	0.0	0.0	0.00444657254654	0.0	0.0	0.0	0.0	0.0	3.95290385313e-06	0.0	0.0	0.000218388894912	0.0	1.28878214175e-06	0.0	34.0499992371	0.0
1988	284.3169988	808.249028524	273.021046956	0.0	0.0	0.0	0.0	0.0	5.29999780655	0.0250004289361	0.0	0.0	0.0	0.0	0.0	0.00444657254654	0.0	0.0	0.0	0.0	0.0	3.95290385313e-06	0.0	0.0	0.000218388894912	0.0	1.28878214175e-06	0.0	34.0499992371	0.0
1989	284.3169988	808.249028524	273.021046956	0.0	0.0	0.0	0.0	0.0	5.29999780655	0.0250004289361	0.0	0.0	0.0	0.0	0.0	0.00444657254654	0.0	0.0	0.0	0.0	0.0	3.95290385313e-06	0.0	0.0	0.000218388894912	0.0	1.28878214175e-06	0.0	34.0499992371	0.0
1990	284.3169988	808.249028524	273.021046956	0.0	0.0	0.0	0.0	0.0	5.29999780655	0.0250004289361	0.0	0.0	0.0	0.0	0.0	0.00444657254654	0.0	0.0	0.0	0.0	0.0	3.95290385313e-06	0.0	0.0	0.000218388894912	0.0	1.28878214175e-06	0.0	34.0499992371	0.0
1991	284.3169988	808.249028524	273.021046956	0.0	0.0	0.0	0.0	0.0	5.29999780655	0.0250004289361	0.0	0.0	0.0	0.0	0.0	0.00444657254654	0.0	0.0	0.0	0.0	0.0	3.95290385313e-06	0.0	0.0	0.000218388894912	0.0	1.28878214175e-06	0.0	34.0499992371	0.0
1992	284.3169988	808.249028524	273.021046956	0.0	0.0	0.0	0.0	0.0	5.29999780655	0.0250004289361	0.0	0.0	0.0	0.0	0.0	0.00444657254654	0.0	0.0	0.0	0.0	0.0	3.95290385313e-06	0.0	0.0	0.000218388894912	0.0	1.28878214175e-06	0.0	34.0499992371	0.0
1993	284.3169988	808.249028524	273.021046956	0.0	0.0	0.0	0.0	0.0	5.29999780655	0.0250004289361	0.0	0.0	0.0	0.0	0.0	0.00444657254654	0.0	0.0	0.0	0.0	0.0	3.95290385313e-06	0.0	0.0	0.000218388894912	0.0	1.28878214175e-06	0.0	34.0499992371	0.0
1994	284.3169988	808.249028524	273.021046956	0.0	0.0	0.0	0.0	0.0	5.29999780655	0.0250004289361	0.0	0.0	0.0	0.0	0.0	0.00444657254654	0.0	0.0	0.0	0.0	0.0	3.95290385313e-06	0.0	0.0	0.000218388894912	0.0	1.28878214175e-06	0.0	34.0499992371	0.0
1995	284.3169988	808.249028524	273.021046956	0.0	0.0	0.0	0.0	0.0	5.29999780655	0.0250004289361	0.0	0.0	0.0	0.0	0.0	0.00444657254654	0.0	0.0	0.0	0.0	0.0	3.95290385313e-06	0.0	0.0	0.000218388894912	0.0	1.28878214175e-06	0.0	34.0499992371	0.0
1996	284.3169988	808.249028524	273.021046956	0.0	0.0	0.0	0.0	0.0	5.29999780655	0.0250004289361	0.0	0.0	0.0	0.0	0.0	0.00444657254654	0.0	0.0	0.0	0.0	0.0	3.95290385313e-06	0.0	0.0	0.000218388894912	0.0	1.28878214175e-06	0.0	34.0499992371	0.0
1997	284.3169988	808.249028524	273.021046956	0.0	0.0	0.0	0.0	0.0	5.29999780655	0.0250004289361	0.0	0.0	0.0	0.0	0.0	0.00444657254654	0.0	0.0	0.0	0.0	0.0	3.95290385313e-06	0.0	0.0	0.000218388894912	0.0	1.28878214175e-06	0.0	34.0499992371	0.0
1998	284.3169988	808.249028524	273.021046956	0.0	0.0	0.0	0.0	0.0	5.29999780655	0.0250004289361	0.0	0.0	0.0	0.0	0.0	0.00444657254654	0.0	0.0	0.0	0.0	0.0	3.95290385313e-06	0.0	0.0	0.000218388894912	0.0	1.28878214175e-06	0.0	34.0499992371	0.0
1999	284.3169988	808.249028524	273.021046956	0.0	0.0	0.0	0.0	0.0	5.29999780655	0.0250004289361	0.0	0.0	0.0	0.0	0.0	0.00444657254654	0.0	0.0	0.0	0.0	0.0	3.95290385313e-06	0.0	0.0	0.000218388894912	0.0	1.28878214175e-06	0.0	34.0499992371	0.0
2000	284.3169988	808.249028524	273.021046956	0.0	0.0	0.0	0.0	0.0	5.29999780655	0.0250004289361	0.0	0.0	0.0	0.0	0.0	0.00444657254654	0.0	0.0	0.0	0.0	0.0	3.95290385313e-06	0.0	0.0	0.000218388894912	0.0	1.28878214175e-06	0.0	34.0499992371	0.0
2001	284.3169988	808.249028524	273.021046956	0.0	0.0	0.0	0.0	0.0	5.29999780655	0.0250004289361	0.0	0.0	0.0	0.0	0.0	0.00444657254654	0.0	0.0	0.0	0.0	0.0	3.95290385313e-06	0.0	0.0	0.000218388894912	0.0	1.28878214175e-06	0.0	34.0499992371	0.0
2002	284.3169988	808.249028524	273.021046956	0.0	0.0	0.0	0.0	0.0	5.29999780655	0.0250004289361	0.0	0.0	0.0	0.0	0.0	0.00444657254654	0.0	0.0	0.0	0.0	0.0	3.95290385313e-06	0.0	0.0	0.000218388894912	0.0	1.28878214175e-06	0.0	34.0499992371	0.0
2003	284.3169988	808.249028524	273.021046956	0.0	0.0	0.0	0.0	0.0	5.29999780655	0.0250004289361	0.0	0.0	0.0	0.0	0.0	0.00444657254654	0.0	0.0	0.0	0.0	0.0	3.95290385313e-06	0.0	0.0	0.000218388894912	0.0	1.28878214175e-06	0.0	34.0499992371	0.0
2004	284.3169988	808.249028524	273.021046956	0.0	0.0	0.0	0.0	0.0	5.29999780655	0.0250004289361	0.0	0.0	0.0	0.0	0.0	0.00444657254654	0.0	0.0	0.0	0.0	0.0	3.95290385313e-06	0.0	0.0	0.000218388894912	0.0	1.28878214175e-06	0.0	34.0499992371	0.0
2005	284.3169988	808.249028524	273.021046956	0.0	0.0	0.0	0.0	0.0	5.29999780655	0.0250004289361	0.0	0.0	0.0	0.0	0.0	0.00444657254654	0.0	0.0	0.0	0.0	0.0	3.95290385313e-06	0.0	0.0	0.000218388894912	0.0	1.28878214175e-06	0.0	34.0499992371	0.0
2006	284.3169988	808.249028524	273.021046956	0.0	0.0	0.0	0.0	0.0	5.29999780655	0.0250004289361	0.0	0.0	0.0	0.0	0.0	0.00444657254654	0.0	0.0	0.0	0.0	0.0	3.95290385313e-06	0.0	0.0	0.000218388894912	0.0	1.28878214175e-06	0.0	34.0499992371	0.0
2007	284.3169988	808.249028524	273.021046956	0.0	0.0	0.0	0.0	0.0	5.29999780655	0.0250004289361	0.0	0.0	0.0	0.0	0.0	0.00444657254654	0.0	0.0	0.0	0.0	0.0	3.95290385313e-06	0.0	0.0	0.000218388894912	0.0	1.28878214175e-06	0.0	34.0499992371	0.0
2008	284.3169988	808.249028524	273.021046956	0.0	0.0	0.0	0.0	0.0	5.29999780655	0.0250004289361	0.0	0.0	0.0	0.0	0.0	0.00444657254654	0.0	0.0	0.0	0.0	0.0	3.95290385313e-06	0.0	0.0	0.000218388894912	0.0	1.28878214175e-06	0.0	34.0499992371	0.0
2009	284.3169988	808.249028524	273.021046956	0.0	0.0	0.0	0.0	0.0	5.29999780655	0.0250004289361	0.0	0.0	0.0	0.0	0.0	0.00444657254654	0.0	0.0	0.0	0.0	0.0	3.95290385313e-06	0.0	0.0	0.000218388894912	0.0	1.28878214175e-06	0.0	34.0499992371	0.0
2010	284.3169988	808.249028524	273.021046956	0.0	0.0	0.0	0.0	0.0	5.29999780655	0.0250004289361	0.0	0.0	0.0	0.0	0.0	0.00444657254654	0.0	0.0	0.0	0.0	0.0	3.95290385313e-06	0.0	0.0	0.000218388894912	0.0	1.28878214175e-06	0.0	34.0499992371	0.0
2011	284.3169988	808.249028524	273.021046956	0.0	0.0	0.0	0.0	0.0	5.29999780655	0.0250004289361	0.0	0.0	0.0	0.0	0.0	0.00444657254654	0.0	0.0	0.0	0.0	0.0	3.95290385313e-06	0.0	0.0	0.000218388894912	0.0	1.28878214175e-06	0.0	34.0499992371	0.0
2012	284.3169988	808.249028524	273.021046956	0.0	0.0	0.0	0.0	0.0	5.29999780655	0.0250004289361	0.0	0.0	0.0	0.0	0.0	0.00444657254654	0.0	0.0	0.0	0.0	0.0	3.95290385313e-06	0.0	0.0	0.000218388894912	0.0	1.28878214175e-06	0.0	34.0499992371	0.0
2013	284.3169988	808.249028524	273.021046956	0.0	0.0	0.0	0.0	0.0	5.29999780655	0.0250004289361	0.0	0.0	0.0	0.0	0.0	0.00444657254654	0.0	0.0	0.0	0.0	0.0	3.95290385313e-06	0.0	0.0	0.000218388894912	0.0	1.28878214175e-06	0.0	34.0499992371	0.0
2014	284.3169988	808.249028524	273.021046956	0.0	0.0	0.0	0.0	0.0	5.29999780655	0.0250004289361	0.0	0.0	0.0	0.0	0.0	0.00444657254654	0.0	0.0	0.0	0.0	0.0	3.95290385313e-06	0.0	0.0	0.000218388894912	0.0	1.28878214175e-06	0.0	34.0499992371	0.0
2015	284.3169988	808.249028524	273.021046956	0.0	0.0	0.0	0.0	0.0	5.29999780655	0.0250004289361	0.0	0.0	0.0	0.0	0.0	0.00444657254654	0.0	0.0	0.0	0.0	0.0	3.95290385313e-06	0.0	0.0	0.000218388894912	0.0	1.28878214175e-06	0.0	34.0499992371	0.0
2016	284.3169988	808.249028524	273.021046956	0.0	0.0	0.0	0.0	0.0	5.29999780655	0.0250004289361	0.0	0.0	0.0	0.0	0.0	0.00444657254654	0.0	0.0	0.0	0.0	0.0	3.95290385313e-06	0.0	0.0	0.000218388894912	0.0	1.28878214175e-06	0.0	34.0499992371	0.0
2017	284.3169988	808.249028524	273.021046956	0.0	0.0	0.0	0.0	0.0	5.29999780655	0.0250004289361	0.0	0.0	0.0	0.0	0.0	0.00444657254654	0.0	0.0	0.0	0.0	0.0	3.95290385313e-06	0.0	0.0	0.000218388894912	0.0	1.28878214175e-06	0.0	34.0499992371	0.0
2018	284.3169988	808.249028524	273.021046956	0.0	0.0	0.0	0.0	0.0	5.29999780655	0.0250004289361	0.0	0.0	0.0	0.0	0.0	0.00444657254654	0.0	0.0	0.0	0.0	0.0	3.95290385313e-06	0.0	0.0	0.000218388894912	0.0	1.28878214175e-06	0.0	34.0499992371	0.0
2019	284.3169988	808.249028524	273.021046956	0.0	0.0	0.0	0.0	0.0	5.29999780655	0.0250004289361	0.0	0.0	0.0	0.0	0.0	0.00444657254654	0.0	0.0	0.0	0.0	0.0	3.95290385313e-06	0.0	0.0	0.000218388894912	0.0	1.28878214175e-06	0.0	34.0499992371	0.0
2020	284.3169988	808.249028524	273.021046956	0.0	0.0	0.0	0.0	0.0	5.29999780655	0.0250004289361	0.0	0.0	0.0	0.0	0.0	0.00444657254654	0.0	0.0	0.0	0.0	0.0	3.95290385313e-06	0.0	0.0	0.000218388894912	0.0	1.28878214175e-06	0.0	34.0499992371	0.0
2021	284.3169988	808.249028524	273.021046956	0.0	0.0	0.0	0.0	0.0	5.29999780655	0.0250004289361	0.0	0.0	0.0	0.0	0.0	0.00444657254654	0.0	0.0	0.0	0.0	0.0	3.95290385313e-06	0.0	0.0	0.000218388894912	0.0	1.28878214175e-06	0.0	34.0499992371	0.0
2022	284.3169988	808.249028524	273.021046956	0.0	0.0	0.0	0.0	0.0	5.29999780655	0.0250004289361	0.0	0.0	0.0	0.0	0.0	0.00444657254654	0.0	0.0	0.0	0.0	0.0	3.95290385313e-06	0.0	0.0	0.000218388894912	0.0	1.28878214175e-06	0.0	34.0499992371	0.0
2023	284.3169988	808.249028524	273.021046956	0.0	0.0	0.0	0.0	0.0	5.29999780655	0.0250004289361	0.0	0.0	0.0	0.0	0.0	0.00444657254654	0.0	0.0	0.0	0.0	0.0	3.95290385313e-06	0.0	0.0	0.000218388894912	0.0	1.28878214175e-06	0.0	34.0499992371	0.0
2024	284.3169988	808.249028524	273.021046956	0.0	0.0	0.0	0.0	0.0	5.29999780655	0.0250004289361	0.0	0.0	0.0	0.0	0.0	0.00444657254654	0.0	0.0	0.0	0.0	0.0	3.95290385313e-06	0.0	0.0	0.000218388894912	0.0	1.28878214175e-06	0.0	34.0499992371	0.0
2025	284.3169988	808.249028524	273.021046956	0.0	0.0	0.0	0.0	0.0	5.29999780655	0.0250004289361	0.0	0.0	0.0	0.0	0.0	0.00444657254654	0.0	0.0	0.0	0.0	0.0	3.95290385313e-06	0.0	0.0	0.000218388894912	0.0	1.28878214175e-06	0.0	34.0499992371	0.0
2026	284.3169988	808.249028524	273.021046956	0.0	0.0	0.0	0.0	0.0	5.29999780655	0.0250004289361	0.0	0.0	0.0	0.0	0.0	0.00444657254654	0.0	0.0	0.0	0.0	0.0	3.95290385313e-06	0.0	0.0	0.000218388894912	0.0	1.28878214175e-06	0.0	34.0499992371	0.0
2027	284.3169988	808.249028524	273.021046956	0.0	0.0	0.0	0.0	0.0	5.29999780655	0.0250004289361	0.0	0.0	0.0	0.0	0.0	0.00444657254654	0.0	0.0	0.0	0.0	0.0	3.95290385313e-06	0.0	0.0	0.000218388894912	0.0	1.28878214175e-06	0.0	34.0499992371	0.0
2028	284.3169988	808.249028524	273.021046956	0.0	0.0	0.0	0.0	0.0	5.29999780655	0.0250004289361	0.0	0.0	0.0	0.0	0.0	0.00444657254654	0.0	0.0	0.0	0.0	0.0	3.95290385313e-06	0.0	0.0	0.000218388894912	0.0	1.28878214175e-06	0.0	34.0499992371	0.0
2029	284.3169988	808.249028524	273.021046956	0.0	0.0	0.0	0.0	0.0	5.29999780655	0.0250004289361	0.0	0.0	0.0	0.0	0.0	0.00444657254654	0.0	0.0	0.0	0.0	0.0	3.95290385313e-06	0.0	0.0	0.000218388894912	0.0	1.28878214175e-06	0.0	34.0499992371	0.0
2030	284.3169988	808.249028524	273.021046956	0.0	0.0	0.0	0.0	0.0	5.29999780655	0.0250004289361	0.0	0.0	0.0	0.0	0.0	0.00444657254654	0.0	0.0	0.0	0.0	0.0	3.95290385313e-06	0.0	0.0	0.000218388894912	0.0	1.28878214175e-06	0.0	34.0499992371	0.0
2031	284.3169988	808.249028524	273.021046956	0.0	0.0	0.0	0.0	0.0	5.29999780655	0.0250004289361	0.0	0.0	0.0	0.0	0.0	0.00444657254654	0.0	0.0	0.0	0.0	0.0	3.95290385313e-06	0.0	0.0	0.000218388894912	0.0	1.28878214175e-06	0.0	34.0499992371	0.0
2032	284.3169988	808.249028524	273.021046956	0.0	0.0	0.0	0.0	0.0	5.29999780655	0.0250004289361	0.0	0.0	0.0	0.0	0.0	0.00444657254654	0.0	0.0	0.0	0.0	0.0	3.95290385313e-06	0.0	0.0	0.000218388894912	0.0	1.28878214175e-06	0.0	34.0499992371	0.0
2033	284.3169988	808.249028524	273.021046956	0.0	0.0	0.0	0.0	0.0	5.29999780655	0.0250004289361	0.0	0.0	0.0	0.0	0.0	0.00444657254654	0.0	0.0	0.0	0.0	0.0	3.95290385313e-06	0.0	0.0	0.000218388894912	0.0	1.28878214175e-06	0.0	34.0499992371	0.0
2034	284.3169988	808.249028524	273.021046956	0.0	0.0	0.0	0.0	0.0	5.29999780655	0.0250004289361	0.0	0.0	0.0	0.0	0.0	0.00444657254654	0.0	0.0	0.0	0.0	0.0	3.95290385313e-06	0.0	0.0	0.000218388894912	0.0	1.28878214175e-06	0.0	34.0499992371	0.0
2035	284.3169988	808.249028524	273.021046956	0.0	0.0	0.0	0.0	0.0	5.29999780655	0.0250004289361	0.0	0.0	0.0	0.0	0.0	0.00444657254654	0.0	0.0	0.0	0.0	0.0	3.95290385313e-06	0.0	0.0	0.000218388894912	0.0	1.28878214175e-06	0.0	34.0499992371	0.0
2036	284.3169988	808.249028524	273.021046956	0.0	0.0	0.0	0.0	0.0	5.29999780655	0.0250004289361	0.0	0.0	0.0	0.0	0.0	0.00444657254654	0.0	0.0	0.0	0.0	0.0	3.95290385313e-06	0.0	0.0	0.000218388894912	0.0	1.28878214175e-06	0.0	34.0499992371	0.0
2037	284.3169988	808.249028524	273.021046956	0.0	0.0	0.0	0.0	0.0	5.29999780655	0.0250004289361	0.0	0.0	0.0	0.0	0.0	0.00444657254654	0.0	0.0	0.0	0.0	0.0	3.95290385313e-06	0.0	0.0	0.000218388894912	0.0	1.28878214175e-06	0.0	34.0499992371	0.0
2038	284.3169988	808.249028524	273.021046956	0.0	0.0	0.0	0.0	0.0	5.29999780655	0.0250004289361	0.0	0.0	0.0	0.0	0.0	0.00444657254654	0.0	0.0	0.0	0.0	0.0	3.95290385313e-06	0.0	0.0	0.000218388894912	0.0	1.28878214175e-06	0.0	34.0499992371	0.0
2039	284.3169988	808.249028524	273.021046956	0.0	0.0	0.0	0.0	0.0	5.29999780655	0.0250004289361	0.0	0.0	0.0	0.0	0.0	0.00444657254654	0.0	0.0	0.0	0.0	0.0	3.95290385313e-06	0.0	0.0	0.000218388894912	0.0	1.28878214175e-06	0.0	34.0499992371	0.0
2040	284.3169988	808.249028524	273.021046956	0.0	0.0	0.0	0.0	0.0	5.29999780655	0.0250004289361	0.0	0.0	0.0	0.0	0.0	0.00444657254654	0.0	0.0	0.0	0.0	0.0	3.95290385313e-06	0.0	0.0	0.000218388894912	0.0	1.28878214175e-06	0.0	34.0499992371	0.0
2041	284.3169988	808.249028524	273.021046956	0.0	0.0	0.0	0.0	0.0	5.29999780655	0.0250004289361	0.0	0.0	0.0	0.0	0.0	0.00444657254654	0.0	0.0	0.0	0.0	0.0	3.95290385313e-06	0.0	0.0	0.000218388894912	0.0	1.28878214175e-06	0.0	34.0499992371	0.0
2042	284.3169988	808.249028524	273.021046956	0.0	0.0	0.0	0.0	0.0	5.29999780655	0.0250004289361	0.0	0.0	0.0	0.0	0.0	0.00444657254654	0.0	0.0	0.0	0.0	0.0	3.95290385313e-06	0.0	0.0	0.000218388894912	0.0	1.28878214175e-06	0.0	34.0499992371	0.0
2043	284.3169988	808.249028524	273.021046956	0.0	0.0	0.0	0.0	0.0	5.29999780655	0.0250004289361	0.0	0.0	0.0	0.0	0.0	0.00444657254654	0.0	0.0	0.0	0.0	0.0	3.95290385313e-06	0.0	0.0	0.000218388894912	0.0	1.28878214175e-06	0.0	34.0499992371	0.0
2044	284.3169988	808.249028524	273.021046956	0.0	0.0	0.0	0.0	0.0	5.29999780655	0.0250004289361	0.0	0.0	0.0	0.0	0.0	0.00444657254654	0.0	0.0	0.0	0.0	0.0	3.95290385313e-06	0.0	0.0	0.000218388894912	0.0	1.28878214175e-06	0.0	34.0499992371	0.0
2045	284.3169988	808.249028524	273.021046956	0.0	0.0	0.0	0.0	0.0	5.29999780655	0.0250004289361	0.0	0.0	0.0	0.0	0.0	0.00444657254654	0.0	0.0	0.0	0.0	0.0	3.95290385313e-06	0.0	0.0	0.000218388894912	0.0	1.28878214175e-06	0.0	34.0499992371	0.0
2046	284.3169988	808.249028524	273.021046956	0.0	0.0	0.0	0.0	0.0	5.29999780655	0.0250004289361	0.0	0.0	0.0	0.0	0.0	0.00444657254654	0.0	0.0	0.0	0.0	0.0	3.95290385313e-06	0.0	0.0	0.000218388894912	0.0	1.28878214175e-06	0.0	34.0499992371	0.0
2047	284.3169988	808.249028524	273.021046956	0.0	0.0	0.0	0.0	0.0	5.29999780655	0.0250004289361	0.0	0.0	0.0	0.0	0.0	0.00444657254654	0.0	0.0	0.0	0.0	0.0	3.95290385313e-06	0.0	0.0	0.000218388894912	0.0	1.28878214175e-06	0.0	34.0499992371	0.0
2048	284.3169988	808.249028524	273.021046956	0.0	0.0	0.0	0.0	0.0	5.29999780655	0.0250004289361	0.0	0.0	0.0	0.0	0.0	0.00444657254654	0.0	0.0	0.0	0.0	0.0	3.95290385313e-06	0.0	0.0	0.000218388894912	0.0	1.28878214175e-06	0.0	34.0499992371	0.0
2049	284.3169988	808.249028524	273.021046956	0.0	0.0	0.0	0.0	0.0	5.29999780655	0.0250004289361	0.0	0.0	0.0	0.0	0.0	0.00444657254654	0.0	0.0	0.0	0.0	0.0	3.95290385313e-06	0.0	0.0	0.000218388894912	0.0	1.28878214175e-06	0.0	34.0499992371	0.0
2050	284.3169988	808.249028524	273.021046956	0.0	0.0	0.0	0.0	0.0	5.29999780655	0.0250004289361	0.0	0.0	0.0	0.0	0.0	0.00444657254654	0.0	0.0	0.0	0.0	0.0	3.95290385313e-06	0.0	0.0	0.000218388894912	0.0	1.28878214175e-06	0.0	34.0499992371	0.0
2051	284.3169988	808.249028524	273.021046956	0.0	0.0	0.0	0.0	0.0	5.29999780655	0.0250004289361	0.0	0.0	0.0	0.0	0.0	0.00444657254654	0.0	0.0	0.0	0.0	0.0	3.95290385313e-06	0.0	0.0	0.000218388894912	0.0	1.28878214175e-06	0.0	34.0499992371	0.0
2052	284.3169988	808.249028524	273.021046956	0.0	0.0	0.0	0.0	0.0	5.29999780655	0.0250004289361	0.0	0.0	0.0	0.0	0.0	0.00444657254654	0.0	0.0	0.0	0.0	0.0	3.95290385313e-06	0.0	0.0	0.000218388894912	0.0	1.28878214175e-06	0.0	34.0499992371	0.0
2053	284.3169988	808.249028524	273.021046956	0.0	0.0	0.0	0.0	0.0	5.29999780655	0.0250004289361	0.0	0.0	0.0	0.0	0.0	0.00444657254654	0.0	0.0	0.0	0.0	0.0	3.95290385313e-06	0.0	0.0	0.000218388894912	0.0	1.28878214175e-06	0.0	34.0499992371	0.0
2054	284.3169988	808.249028524	273.021046956	0.0	0.0	0.0	0.0	0.0	5.29999780655	0.0250004289361	0.0	0.0	0.0	0.0	0.0	0.00444657254654	0.0	0.0	0.0	0.0	0.0	3.95290385313e-06	0.0	0.0	0.000218388894912	0.0	1.28878214175e-06	0.0	34.0499992371	0.0
2055	284.3169988	808.249028524	273.021046956	0.0	0.0	0.0	0.0	0.0	5.29999780655	0.0250004289361	0.0	0.0	0.0	0.0	0.0	0.00444657254654	0.0	0.0	0.0	0.0	0.0	3.95290385313e-06	0.0	0.0	0.000218388894912	0.0	1.28878214175e-06	0.0	34.0499992371	0.0
2056	284.3169988	808.249028524	273.021046956	0.0	0.0	0.0	0.0	0.0	5.29999780655	0.0250004289361	0.0	0.0	0.0	0.0	0.0	0.00444657254654	0.0	0.0	0.0	0.0	0.0	3.95290385313e-06	0.0	0.0	0.000218388894912	0.0	1.28878214175e-06	0.0	34.0499992371	0.0
2057	284.3169988	808.249028524	273.021046956	0.0	0.0	0.0	0.0	0.0	5.29999780655	0.0250004289361	0.0	0.0	0.0	0.0	0.0	0.00444657254654	0.0	0.0	0.0	0.0	0.0	3.95290385313e-06	0.0	0.0	0.000218388894912	0.0	1.28878214175e-06	0.0	34.0499992371	0.0
2058	284.3169988	808.249028524	273.021046956	0.0	0.0	0.0	0.0	0.0	5.29999780655	0.0250004289361	0.0	0.0	0.0	0.0	0.0	0.00444657254654	0.0	0.0	0.0	0.0	0.0	3.95290385313e-06	0.0	0.0	0.000218388894912	0.0	1.28878214175e-06	0.0	34.0499992371	0.0
2059	284.3169988	808.249028524	273.021046956	0.0	0.0	0.0	0.0	0.0	5.29999780655	0.0250004289361	0.0	0.0	0.0	0.0	0.0	0.00444657254654	0.0	0.0	0.0	0.0	0.0	3.95290385313e-06	0.0	0.0	0.000218388894912	0.0	1.28878214175e-06	0.0	34.0499992371	0.0
2060	284.3169988	808.249028524	273.021046956	0.0	0.0	0.0	0.0	0.0	5.29999780655	0.0250004289361	0.0	0.0	0.0	0.0	0.0	0.00444657254654	0.0	0.0	0.0	0.0	0.0	3.95290385313e-06	0.0	0.0	0.000218388894912	0.0	1.28878214175e-06	0.0	34.0499992371	0.0
2061	284.3169988	808.249028524	273.021046956	0.0	0.0	0.0	0.0	0.0	5.29999780655	0.0250004289361	0.0	0.0	0.0	0.0	0.0	0.00444657254654	0.0	0.0	0.0	0.0	0.0	3.95290385313e-06	0.0	0.0	0.000218388894912	0.0	1.28878214175e-06	0.0	34.0499992371	0.0
2062	284.3169988	808.249028524	273.021046956	0.0	0.0	0.0	0.0	0.0	5.29999780655	0.0250004289361	0.0	0.0	0.0	0.0	0.0	0.00444657254654	0.0	0.0	0.0	0.0	0.0	3.95290385313e-06	0.0	0.0	0.000218388894912	0.0	1.28878214175e-06	0.0	34.0499992371	0.0
2063	284.3169988	808.249028524	273.021046956	0.0	0.0	0.0	0.0	0.0	5.29999780655	0.0250004289361	0.0	0.0	0.0	0.0	0.0	0.00444657254654	0.0	0.0	0.0	0.0	0.0	3.95290385313e-06	0.0	0.0	0.000218388894912	0.0	1.28878214175e-06	0.0	34.0499992371	0.0
2064	284.3169988	808.249028524	273.021046956	0.0	0.0	0.0	0.0	0.0	5.29999780655	0.0250004289361	0.0	0.0	0.0	0.0	0.0	0.00444657254654	0.0	0.0	0.0	0.0	0.0	3.95290385313e-06	0.0	0.0	0.000218388894912	0.0	1.28878214175e-06	0.0	34.0499992371	0.0
2065	284.3169988	808.249028524	273.021046956	0.0	0.0	0.0	0.0	0.0	5.29999780655	0.0250004289361	0.0	0.0	0.0	0.0	0.0	0.00444657254654	0.0	0.0	0.0	0.0	0.0	3.95290385313e-06	0.0	0.0	0.000218388894912	0.0	1.28878214175e-06	0.0	34.0499992371	0.0
2066	284.3169988	808.249028524	273.021046956	0.0	0.0	0.0	0.0	0.0	5.29999780655	0.0250004289361	0.0	0.0	0.0	0.0	0.0	0.00444657254654	0.0	0.0	0.0	0.0	0.0	3.95290385313e-06	0.0	0.0	0.000218388894912	0.0	1.28878214175e-06	0.0	34.0499992371	0.0
2067	284.3169988	808.249028524	273.021046956	0.0	0.0	0.0	0.0	0.0	5.29999780655	0.0250004289361	0.0	0.0	0.0	0.0	0.0	0.00444657254654	0.0	0.0	0.0	0.0	0.0	3.95290385313e-06	0.0	0.0	0.000218388894912	0.0	1.28878214175e-06	0.0	34.0499992371	0.0
2068	284.3169988	808.249028524	273.021046956	0.0	0.0	0.0	0.0	0.0	5.29999780655	0.0250004289361	0.0	0.0	0.0	0.0	0.0	0.00444657254654	0.0	0.0	0.0	0.0	0.0	3.95290385313e-06	0.0	0.0	0.000218388894912	0.0	1.28878214175e-06	0.0	34.0499992371	0.0
2069	284.3169988	808.249028524	273.021046956	0.0	0.0	0.0	0.0	0.0	5.29999780655	0.0250004289361	0.0	0.0	0.0	0.0	0.0	0.00444657254654	0.0	0.0	0.0	0.0	0.0	3.95290385313e-06	0.0	0.0	0.000218388894912	0.0	1.28878214175e-06	0.0	34.0499992371	0.0
2070	284.3169988	808.249028524	273.021046956	0.0	0.0	0.0	0.0	0.0	5.29999780655	0.0250004289361	0.0	0.0	0.0	0.0	0.0	0.00444657254654	0.0	0.0	0.0	0.0	0.0	3.95290385313e-06	0.0	0.0	0.000218388894912	0.0	1.28878214175e-06	0.0	34.0499992371	0.0
2071	284.3169988	808.249028524	273.021046956	0.0	0.0	0.0	0.0	0.0	5.29999780655	0.0250004289361	0.0	0.0	0.0	0.0	0.0	0.00444657254654	0.0	0.0	0.0	0.0	0.0	3.95290385313e-06	0.0	0.0	0.000218388894912	0.0	1.28878214175e-06	0.0	34.0499992371	0.0
2072	284.3169988	808.249028524	273.021046956	0.0	0.0	0.0	0.0	0.0	5.29999780655	0.0250004289361	0.0	0.0	0.0	0.0	0.0	0.00444657254654	0.0	0.0	0.0	0.0	0.0	3.95290385313e-06	0.0	0.0	0.000218388894912	0.0	1.28878214175e-06	0.0	34.0499992371	0.0
2073	284.3169988	808.249028524	273.021046956	0.0	0.0	0.0	0.0	0.0	5.29999780655	0.0250004289361	0.0	0.0	0.0	0.0	0.0	0.00444657254654	0.0	0.0	0.0	0.0	0.0	3.95290385313e-06	0.0	0.0	0.000218388894912	0.0	1.28878214175e-06	0.0	34.0499992371	0.0
2074	284.3169988	808.249028524	273.021046956	0.0	0.0	0.0	0.0	0.0	5.29999780655	0.0250004289361	0.0	0.0	0.0	0.0	0.0	0.00444657254654	0.0	0.0	0.0	0.0	0.0	3.95290385313e-06	0.0	0.0	0.000218388894912	0.0	1.28878214175e-06	0.0	34.0499992371	0.0
2075	284.3169988	808.249028524	273.021046956	0.0	0.0	0.0	0.0	0.0	5.29999780655	0.0250004289361	0.0	0.0	0.0	0.0	0.0	0.00444657254654	0.0	0.0	0.0	0.0	0.0	3.95290385313e-06	0.0	0.0	0.000218388894912	0.0	1.28878214175e-06	0.0	34.0499992371	0.0
2076	284.3169988	808.249028524	273.021046956	0.0	0.0	0.0	0.0	0.0	5.29999780655	0.0250004289361	0.0	0.0	0.0	0.0	0.0	0.00444657254654	0.0	0.0	0.0	0.0	0.0	3.95290385313e-06	0.0	0.0	0.000218388894912	0.0	1.28878214175e-06	0.0	34.0499992371	0.0
2077	284.3169988	808.249028524	273.021046956	0.0	0.0	0.0	0.0	0.0	5.29999780655	0.0250004289361	0.0	0.0	0.0	0.0	0.0	0.00444657254654	0.0	0.0	0.0	0.0	0.0	3.95290385313e-06	0.0	0.0	0.000218388894912	0.0	1.28878214175e-06	0.0	34.0499992371	0.0
2078	284.3169988	808.249028524	273.021046956	0.0	0.0	0.0	0.0	0.0	5.29999780655	0.0250004289361	0.0	0.0	0.0	0.0	0.0	0.00444657254654	0.0	0.0	0.0	0.0	0.0	3.95290385313e-06	0.0	0.0	0.000218388894912	0.0	1.28878214175e-06	0.0	34.0499992371	0.0
2079	284.3169988	808.249028524	273.021046956	0.0	0.0	0.0	0.0	0.0	5.29999780655	0.0250004289361	0.0	0.0	0.0	0.0	0.0	0.00444657254654	0.0	0.0	0.0	0.0	0.0	3.95290385313e-06	0.0	0.0	0.000218388894912	0.0	1.28878214175e-06	0.0	34.0499992371	0.0
2080	284.3169988	808.249028524	273.021046956	0.0	0.0	0.0	0.0	0.0	5.29999780655	0.0250004289361	0.0	0.0	0.0	0.0	0.0	0.00444657254654	0.0	0.0	0.0	0.0	0.0	3.95290385313e-06	0.0	0.0	0.000218388894912	0.0	1.28878214175e-06	0.0	34.0499992371	0.0
2081	284.3169988	808.249028524	273.021046956	0.0	0.0	0.0	0.0	0.0	5.29999780655	0.0250004289361	0.0	0.0	0.0	0.0	0.0	0.00444657254654	0.0	0.0	0.0	0.0	0.0	3.95290385313e-06	0.0	0.0	0.000218388894912	0.0	1.28878214175e-06	0.0	34.0499992371	0.0
2082	284.3169988	808.249028524	273.021046956	0.0	0.0	0.0	0.0	0.0	5.29999780655	0.0250004289361	0.0	0.0	0.0	0.0	0.0	0.00444657254654	0.0	0.0	0.0	0.0	0.0	3.95290385313e-06	0.0	0.0	0.000218388894912	0.0	1.28878214175e-06	0.0	34.0499992371	0.0
2083	284.3169988	808.249028524	273.021046956	0.0	0.0	0.0	0.0	0.0	5.29999780655	0.0250004289361	0.0	0.0	0.0	0.0	0.0	0.00444657254654	0.0	0.0	0.0	0.0	0.0	3.95290385313e-06	0.0	0.0	0.000218388894912	0.0	1.28878214175e-06	0.0	34.0499992371	0.0
2084	284.3169988	808.249028524	273.021046956	0.0	0.0	0.0	0.0	0.0	5.29999780655	0.0250004289361	0.0	0.0	0.0	0.0	0.0	0.00444657254654	0.0	0.0	0.0	0.0	0.0	3.95290385313e-06	0.0	0.0	0.000218388894912	0.0	1.28878214175e-06	0.0	34.0499992371	0.0
2085	284.3169988	808.249028524	273.021046956	0.0	0.0	0.0	0.0	0.0	5.29999780655	0.0250004289361	0.0	0.0	0.0	0.0	0.0	0.00444657254654	0.0	0.0	0.0	0.0	0.0	3.95290385313e-06	0.0	0.0	0.000218388894912	0.0	1.28878214175e-06	0.0	34.0499992371	0.0
2086	284.3169988	808.249028524	273.021046956	0.0	0.0	0.0	0.0	0.0	5.29999780655	0.0250004289361	0.0	0.0	0.0	0.0	0.0	0.00444657254654	0.0	0.0	0.0	0.0	0.0	3.95290385313e-06	0.0	0.0	0.000218388894912	0.0	1.28878214175e-06	0.0	34.0499992371	0.0
2087	284.3169988	808.249028524	273.021046956	0.0	0.0	0.0	0.0	0.0	5.29999780655	0.0250004289361	0.0	0.0	0.0	0.0	0.0	0.00444657254654	0.0	0.0	0.0	0.0	0.0	3.95290385313e-06	0.0	0.0	0.000218388894912	0.0	1.28878214175e-06	0.0	34.0499992371	0.0
2088	284.3169988	808.249028524	273.021046956	0.0	0.0	0.0	0.0	0.0	5.29999780655	0.0250004289361	0.0	0.0	0.0	0.0	0.0	0.00444657254654	0.0	0.0	0.0	0.0	0.0	3.95290385313e-06	0.0	0.0	0.000218388894912	0.0	1.28878214175e-06	0.0	34.0499992371	0.0
2089	284.3169988	808.249028524	273.021046956	0.0	0.0	0.0	0.0	0.0	5.29999780655	0.0250004289361	0.0	0.0	0.0	0.0	0.0	0.00444657254654	0.0	0.0	0.0	0.0	0.0	3.95290385313e-06	0.0	0.0	0.000218388894912	0.0	1.28878214175e-06	0.0	34.0499992371	0.0
2090	284.3169988	808.249028524	273.021046956	0.0	0.0	0.0	0.0	0.0	5.29999780655	0.0250004289361	0.0	0.0	0.0	0.0	0.0	0.00444657254654	0.0	0.0	0.0	0.0	0.0	3.95290385313e-06	0.0	0.0	0.000218388894912	0.0	1.28878214175e-06	0.0	34.0499992371	0.0
2091	284.3169988	808.249028524	273.021046956	0.0	0.0	0.0	0.0	0.0	5.29999780655	0.0250004289361	0.0	0.0	0.0	0.0	0.0	0.00444657254654	0.0	0.0	0.0	0.0	0.0	3.95290385313e-06	0.0	0.0	0.000218388894912	0.0	1.28878214175e-06	0.0	34.0499992371	0.0
2092	284.3169988	808.249028524	273.021046956	0.0	0.0	0.0	0.0	0.0	5.29999780655	0.0250004289361	0.0	0.0	0.0	0.0	0.0	0.00444657254654	0.0	0.0	0.0	0.0	0.0	3.95290385313e-06	0.0	0.0	0.000218388894912	0.0	1.28878214175e-06	0.0	34.0499992371	0.0
2093	284.3169988	808.249028524	273.021046956	0.0	0.0	0.0	0.0	0.0	5.29999780655	0.0250004289361	0.0	0.0	0.0	0.0	0.0	0.00444657254654	0.0	0.0	0.0	0.0	0.0	3.95290385313e-06	0.0	0.0	0.000218388894912	0.0	1.28878214175e-06	0.0	34.0499992371	0.0
2094	284.3169988	808.249028524	273.021046956	0.0	0.0	0.0	0.0	0.0	5.29999780655	0.0250004289361	0.0	0.0	0.0	0.0	0.0	0.00444657254654	0.0	0.0	0.0	0.0	0.0	3.95290385313e-06	0.0	0.0	0.000218388894912	0.0	1.28878214175e-06	0.0	34.0499992371	0.0
2095	284.3169988	808.249028524	273.021046956	0.0	0.0	0.0	0.0	0.0	5.29999780655	0.0250004289361	0.0	0.0	0.0	0.0	0.0	0.00444657254654	0.0	0.0	0.0	0.0	0.0	3.95290385313e-06	0.0	0.0	0.000218388894912	0.0	1.28878214175e-06	0.0	34.0499992371	0.0
2096	284.3169988	808.249028524	273.021046956	0.0	0.0	0.0	0.0	0.0	5.29999780655	0.0250004289361	0.0	0.0	0.0	0.0	0.0	0.00444657254654	0.0	0.0	0.0	0.0	0.0	3.95290385313e-06	0.0	0.0	0.000218388894912	0.0	1.28878214175e-06	0.0	34.0499992371	0.0
2097	284.3169988	808.249028524	273.021046956	0.0	0.0	0.0	0.0	0.0	5.29999780655	0.0250004289361	0.0	0.0	0.0	0.0	0.0	0.00444657254654	0.0	0.0	0.0	0.0	0.0	3.95290385313e-06	0.0	0.0	0.000218388894912	0.0	1.28878214175e-06	0.0	34.0499992371	0.0
2098	284.3169988	808.249028524	273.021046956	0.0	0.0	0.0	0.0	0.0	5.29999780655	0.0250004289361	0.0	0.0	0.0	0.0	0.0	0.00444657254654	0.0	0.0	0.0	0.0	0.0	3.95290385313e-06	0.0	0.0	0.000218388894912	0.0	1.28878214175e-06	0.0	34.0499992371	0.0
2099	284.3169988	808.249028524	273.021046956	0.0	0.0	0.0	0.0	0.0	5.29999780655	0.0250004289361	0.0	0.0	0.0	0.0	0.0	0.00444657254654	0.0	0.0	0.0	0.0	0.0	3.95290385313e-06	0.0	0.0	0.000218388894912	0.0	1.28878214175e-06	0.0	34.0499992371	0.0
2100	284.3169988	808.249028524	273.021046956	0.0	0.0	0.0	0.0	0.0	5.29999780655	0.0250004289361	0.0	0.0	0.0	0.0	0.0	0.00444657254654	0.0	0.0	0.0	0.0	0.0	3.95290385313e-06	0.0	0.0	0.000218388894912	0.0	1.28878214175e-06	0.0	34.0499992371	0.0
2101	284.3169988	808.249028524	273.021046956	0.0	0.0	0.0	0.0	0.0	5.29999780655	0.0250004289361	0.0	0.0	0.0	0.0	0.0	0.00444657254654	0.0	0.0	0.0	0.0	0.0	3.95290385313e-06	0.0	0.0	0.000218388894912	0.0	1.28878214175e-06	0.0	34.0499992371	0.0
2102	284.3169988	808.249028524	273.021046956	0.0	0.0	0.0	0.0	0.0	5.29999780655	0.0250004289361	0.0	0.0	0.0	0.0	0.0	0.00444657254654	0.0	0.0	0.0	0.0	0.0	3.95290385313e-06	0.0	0.0	0.000218388894912	0.0	1.28878214175e-06	0.0	34.0499992371	0.0
2103	284.3169988	808.249028524	273.021046956	0.0	0.0	0.0	0.0	0.0	5.29999780655	0.0250004289361	0.0	0.0	0.0	0.0	0.0	0.00444657254654	0.0	0.0	0.0	0.0	0.0	3.95290385313e-06	0.0	0.0	0.000218388894912	0.0	1.28878214175e-06	0.0	34.0499992371	0.0
2104	284.3169988	808.249028524	273.021046956	0.0	0.0	0.0	0.0	0.0	5.29999780655	0.0250004289361	0.0	0.0	0.0	0.0	0.0	0.00444657254654	0.0	0.0	0.0	0.0	0.0	3.95290385313e-06	0.0	0.0	0.000218388894912	0.0	1.28878214175e-06	0.0	34.0499992371	0.0
2105	284.3169988	808.249028524	273.021046956	0.0	0.0	0.0	0.0	0.0	5.29999780655	0.0250004289361	0.0	0.0	0.0	0.0	0.0	0.00444657254654	0.0	0.0	0.0	0.0	0.0	3.95290385313e-06	0.0	0.0	0.000218388894912	0.0	1.28878214175e-06	0.0	34.0499992371	0.0
2106	284.3169988	808.249028524	273.021046956	0.0	0.0	0.0	0.0	0.0	5.29999780655	0.0250004289361	0.0	0.0	0.0	0.0	0.0	0.00444657254654	0.0	0.0	0.0	0.0	0.0	3.95290385313e-06	0.0	0.0	0.000218388894912	0.0	1.28878214175e-06	0.0	34.0499992371	0.0
2107	284.3169988	808.249028524	273.021046956	0.0	0.0	0.0	0.0	0.0	5.29999780655	0.0250004289361	0.0	0.0	0.0	0.0	0.0	0.00444657254654	0.0	0.0	0.0	0.0	0.0	3.95290385313e-06	0.0	0.0	0.000218388894912	0.0	1.28878214175e-06	0.0	34.0499992371	0.0
2108	284.3169988	808.249028524	273.021046956	0.0	0.0	0.0	0.0	0.0	5.29999780655	0.0250004289361	0.0	0.0	0.0	0.0	0.0	0.00444657254654	0.0	0.0	0.0	0.0	0.0	3.95290385313e-06	0.0	0.0	0.000218388894912	0.0	1.28878214175e-06	0.0	34.0499992371	0.0
2109	284.3169988	808.249028524	273.021046956	0.0	0.0	0.0	0.0	0.0	5.29999780655	0.0250004289361	0.0	0.0	0.0	0.0	0.0	0.00444657254654	0.0	0.0	0.0	0.0	0.0	3.95290385313e-06	0.0	0.0	0.000218388894912	0.0	1.28878214175e-06	0.0	34.0499992371	0.0
2110	284.3169988	808.249028524	273.021046956	0.0	0.0	0.0	0.0	0.0	5.29999780655	0.0250004289361	0.0	0.0	0.0	0.0	0.0	0.00444657254654	0.0	0.0	0.0	0.0	0.0	3.95290385313e-06	0.0	0.0	0.000218388894912	0.0	1.28878214175e-06	0.0	34.0499992371	0.0
2111	284.3169988	808.249028524	273.021046956	0.0	0.0	0.0	0.0	0.0	5.29999780655	0.0250004289361	0.0	0.0	0.0	0.0	0.0	0.00444657254654	0.0	0.0	0.0	0.0	0.0	3.95290385313e-06	0.0	0.0	0.000218388894912	0.0	1.28878214175e-06	0.0	34.0499992371	0.0
2112	284.3169988	808.249028524	273.021046956	0.0	0.0	0.0	0.0	0.0	5.29999780655	0.0250004289361	0.0	0.0	0.0	0.0	0.0	0.00444657254654	0.0	0.0	0.0	0.0	0.0	3.95290385313e-06	0.0	0.0	0.000218388894912	0.0	1.28878214175e-06	0.0	34.0499992371	0.0
2113	284.3169988	808.249028524	273.021046956	0.0	0.0	0.0	0.0	0.0	5.29999780655	0.0250004289361	0.0	0.0	0.0	0.0	0.0	0.00444657254654	0.0	0.0	0.0	0.0	0.0	3.95290385313e-06	0.0	0.0	0.000218388894912	0.0	1.28878214175e-06	0.0	34.0499992371	0.0
2114	284.3169988	808.249028524	273.021046956	0.0	0.0	0.0	0.0	0.0	5.29999780655	0.0250004289361	0.0	0.0	0.0	0.0	0.0	0.00444657254654	0.0	0.0	0.0	0.0	0.0	3.95290385313e-06	0.0	0.0	0.000218388894912	0.0	1.28878214175e-06	0.0	34.0499992371	0.0
2115	284.3169988	808.249028524	273.021046956	0.0	0.0	0.0	0.0	0.0	5.29999780655	0.0250004289361	0.0	0.0	0.0	0.0	0.0	0.00444657254654	0.0	0.0	0.0	0.0	0.0	3.95290385313e-06	0.0	0.0	0.000218388894912	0.0	1.28878214175e-06	0.0	34.0499992371	0.0
2116	284.3169988	808.249028524	273.021046956	0.0	0.0	0.0	0.0	0.0	5.29999780655	0.0250004289361	0.0	0.0	0.0	0.0	0.0	0.00444657254654	0.0	0.0	0.0	0.0	0.0	3.95290385313e-06	0.0	0.0	0.000218388894912	0.0	1.28878214175e-06	0.0	34.0499992371	0.0
2117	284.3169988	808.249028524	273.021046956	0.0	0.0	0.0	0.0	0.0	5.29999780655	0.0250004289361	0.0	0.0	0.0	0.0	0.0	0.00444657254654	0.0	0.0	0.0	0.0	0.0	3.95290385313e-06	0.0	0.0	0.000218388894912	0.0	1.28878214175e-06	0.0	34.0499992371	0.0
2118	284.3169988	808.249028524	273.021046956	0.0	0.0	0.0	0.0	0.0	5.29999780655	0.0250004289361	0.0	0.0	0.0	0.0	0.0	0.00444657254654	0.0	0.0	0.0	0.0	0.0	3.95290385313e-06	0.0	0.0	0.000218388894912	0.0	1.28878214175e-06	0.0	34.0499992371	0.0
2119	284.3169988	808.249028524	273.021046956	0.0	0.0	0.0	0.0	0.0	5.29999780655	0.0250004289361	0.0	0.0	0.0	0.0	0.0	0.00444657254654	0.0	0.0	0.0	0.0	0.0	3.95290385313e-06	0.0	0.0	0.000218388894912	0.0	1.28878214175e-06	0.0	34.0499992371	0.0
2120	284.3169988	808.249028524	273.021046956	0.0	0.0	0.0	0.0	0.0	5.29999780655	0.0250004289361	0.0	0.0	0.0	0.0	0.0	0.00444657254654	0.0	0.0	0.0	0.0	0.0	3.95290385313e-06	0.0	0.0	0.000218388894912	0.0	1.28878214175e-06	0.0	34.0499992371	0.0
2121	284.3169988	808.249028524	273.021046956	0.0	0.0	0.0	0.0	0.0	5.29999780655	0.0250004289361	0.0	0.0	0.0	0.0	0.0	0.00444657254654	0.0	0.0	0.0	0.0	0.0	3.95290385313e-06	0.0	0.0	0.000218388894912	0.0	1.28878214175e-06	0.0	34.0499992371	0.0
2122	284.3169988	808.249028524	273.021046956	0.0	0.0	0.0	0.0	0.0	5.29999780655	0.0250004289361	0.0	0.0	0.0	0.0	0.0	0.00444657254654	0.0	0.0	0.0	0.0	0.0	3.95290385313e-06	0.0	0.0	0.000218388894912	0.0	1.28878214175e-06	0.0	34.0499992371	0.0
2123	284.3169988	808.249028524	273.021046956	0.0	0.0	0.0	0.0	0.0	5.29999780655	0.0250004289361	0.0	0.0	0.0	0.0	0.0	0.00444657254654	0.0	0.0	0.0	0.0	0.0	3.95290385313e-06	0.0	0.0	0.000218388894912	0.0	1.28878214175e-06	0.0	34.0499992371	0.0
2124	284.3169988	808.249028524	273.021046956	0.0	0.0	0.0	0.0	0.0	5.29999780655	0.0250004289361	0.0	0.0	0.0	0.0	0.0	0.00444657254654	0.0	0.0	0.0	0.0	0.0	3.95290385313e-06	0.0	0.0	0.000218388894912	0.0	1.28878214175e-06	0.0	34.0499992371	0.0
2125	284.3169988	808.249028524	273.021046956	0.0	0.0	0.0	0.0	0.0	5.29999780655	0.0250004289361	0.0	0.0	0.0	0.0	0.0	0.00444657254654	0.0	0.0	0.0	0.0	0.0	3.95290385313e-06	0.0	0.0	0.000218388894912	0.0	1.28878214175e-06	0.0	34.0499992371	0.0
2126	284.3169988	808.249028524	273.021046956	0.0	0.0	0.0	0.0	0.0	5.29999780655	0.0250004289361	0.0	0.0	0.0	0.0	0.0	0.00444657254654	0.0	0.0	0.0	0.0	0.0	3.95290385313e-06	0.0	0.0	0.000218388894912	0.0	1.28878214175e-06	0.0	34.0499992371	0.0
2127	284.3169988	808.249028524	273.021046956	0.0	0.0	0.0	0.0	0.0	5.29999780655	0.0250004289361	0.0	0.0	0.0	0.0	0.0	0.00444657254654	0.0	0.0	0.0	0.0	0.0	3.95290385313e-06	0.0	0.0	0.000218388894912	0.0	1.28878214175e-06	0.0	34.0499992371	0.0
2128	284.3169988	808.249028524	273.021046956	0.0	0.0	0.0	0.0	0.0	5.29999780655	0.0250004289361	0.0	0.0	0.0	0.0	0.0	0.00444657254654	0.0	0.0	0.0	0.0	0.0	3.95290385313e-06	0.0	0.0	0.000218388894912	0.0	1.28878214175e-06	0.0	34.0499992371	0.0
2129	284.3169988	808.249028524	273.021046956	0.0	0.0	0.0	0.0	0.0	5.29999780655	0.0250004289361	0.0	0.0	0.0	0.0	0.0	0.00444657254654	0.0	0.0	0.0	0.0	0.0	3.95290385313e-06	0.0	0.0	0.000218388894912	0.0	1.28878214175e-06	0.0	34.0499992371	0.0
2130	284.3169988	808.249028524	273.021046956	0.0	0.0	0.0	0.0	0.0	5.29999780655	0.0250004289361	0.0	0.0	0.0	0.0	0.0	0.00444657254654	0.0	0.0	0.0	0.0	0.0	3.95290385313e-06	0.0	0.0	0.000218388894912	0.0	1.28878214175e-06	0.0	34.0499992371	0.0
2131	284.3169988	808.249028524	273.021046956	0.0	0.0	0.0	0.0	0.0	5.29999780655	0.0250004289361	0.0	0.0	0.0	0.0	0.0	0.00444657254654	0.0	0.0	0.0	0.0	0.0	3.95290385313e-06	0.0	0.0	0.000218388894912	0.0	1.28878214175e-06	0.0	34.0499992371	0.0
2132	284.3169988	808.249028524	273.021046956	0.0	0.0	0.0	0.0	0.0	5.29999780655	0.0250004289361	0.0	0.0	0.0	0.0	0.0	0.00444657254654	0.0	0.0	0.0	0.0	0.0	3.95290385313e-06	0.0	0.0	0.000218388894912	0.0	1.28878214175e-06	0.0	34.0499992371	0.0
2133	284.3169988	808.249028524	273.021046956	0.0	0.0	0.0	0.0	0.0	5.29999780655	0.0250004289361	0.0	0.0	0.0	0.0	0.0	0.00444657254654	0.0	0.0	0.0	0.0	0.0	3.95290385313e-06	0.0	0.0	0.000218388894912	0.0	1.28878214175e-06	0.0	34.0499992371	0.0
2134	284.3169988	808.249028524	273.021046956	0.0	0.0	0.0	0.0	0.0	5.29999780655	0.0250004289361	0.0	0.0	0.0	0.0	0.0	0.00444657254654	0.0	0.0	0.0	0.0	0.0	3.95290385313e-06	0.0	0.0	0.000218388894912	0.0	1.28878214175e-06	0.0	34.0499992371	0.0
2135	284.3169988	808.249028524	273.021046956	0.0	0.0	0.0	0.0	0.0	5.29999780655	0.0250004289361	0.0	0.0	0.0	0.0	0.0	0.00444657254654	0.0	0.0	0.0	0.0	0.0	3.95290385313e-06	0.0	0.0	0.000218388894912	0.0	1.28878214175e-06	0.0	34.0499992371	0.0
2136	284.3169988	808.249028524	273.021046956	0.0	0.0	0.0	0.0	0.0	5.29999780655	0.0250004289361	0.0	0.0	0.0	0.0	0.0	0.00444657254654	0.0	0.0	0.0	0.0	0.0	3.95290385313e-06	0.0	0.0	0.000218388894912	0.0	1.28878214175e-06	0.0	34.0499992371	0.0
2137	284.3169988	808.249028524	273.021046956	0.0	0.0	0.0	0.0	0.0	5.29999780655	0.0250004289361	0.0	0.0	0.0	0.0	0.0	0.00444657254654	0.0	0.0	0.0	0.0	0.0	3.95290385313e-06	0.0	0.0	0.000218388894912	0.0	1.28878214175e-06	0.0	34.0499992371	0.0
2138	284.3169988	808.249028524	273.021046956	0.0	0.0	0.0	0.0	0.0	5.29999780655	0.0250004289361	0.0	0.0	0.0	0.0	0.0	0.00444657254654	0.0	0.0	0.0	0.0	0.0	3.95290385313e-06	0.0	0.0	0.000218388894912	0.0	1.28878214175e-06	0.0	34.0499992371	0.0
2139	284.3169988	808.249028524	273.021046956	0.0	0.0	0.0	0.0	0.0	5.29999780655	0.0250004289361	0.0	0.0	0.0	0.0	0.0	0.00444657254654	0.0	0.0	0.0	0.0	0.0	3.95290385313e-06	0.0	0.0	0.000218388894912	0.0	1.28878214175e-06	0.0	34.0499992371	0.0
2140	284.3169988	808.249028524	273.021046956	0.0	0.0	0.0	0.0	0.0	5.29999780655	0.0250004289361	0.0	0.0	0.0	0.0	0.0	0.00444657254654	0.0	0.0	0.0	0.0	0.0	3.95290385313e-06	0.0	0.0	0.000218388894912	0.0	1.28878214175e-06	0.0	34.0499992371	0.0
2141	284.3169988	808.249028524	273.021046956	0.0	0.0	0.0	0.0	0.0	5.29999780655	0.0250004289361	0.0	0.0	0.0	0.0	0.0	0.00444657254654	0.0	0.0	0.0	0.0	0.0	3.95290385313e-06	0.0	0.0	0.000218388894912	0.0	1.28878214175e-06	0.0	34.0499992371	0.0
2142	284.3169988	808.249028524	273.021046956	0.0	0.0	0.0	0.0	0.0	5.29999780655	0.0250004289361	0.0	0.0	0.0	0.0	0.0	0.00444657254654	0.0	0.0	0.0	0.0	0.0	3.95290385313e-06	0.0	0.0	0.000218388894912	0.0	1.28878214175e-06	0.0	34.0499992371	0.0
2143	284.3169988	808.249028524	273.021046956	0.0	0.0	0.0	0.0	0.0	5.29999780655	0.0250004289361	0.0	0.0	0.0	0.0	0.0	0.00444657254654	0.0	0.0	0.0	0.0	0.0	3.95290385313e-06	0.0	0.0	0.000218388894912	0.0	1.28878214175e-06	0.0	34.0499992371	0.0
2144	284.3169988	808.249028524	273.021046956	0.0	0.0	0.0	0.0	0.0	5.29999780655	0.0250004289361	0.0	0.0	0.0	0.0	0.0	0.00444657254654	0.0	0.0	0.0	0.0	0.0	3.95290385313e-06	0.0	0.0	0.000218388894912	0.0	1.28878214175e-06	0.0	34.0499992371	0.0
2145	284.3169988	808.249028524	273.021046956	0.0	0.0	0.0	0.0	0.0	5.29999780655	0.0250004289361	0.0	0.0	0.0	0.0	0.0	0.00444657254654	0.0	0.0	0.0	0.0	0.0	3.95290385313e-06	0.0	0.0	0.000218388894912	0.0	1.28878214175e-06	0.0	34.0499992371	0.0
2146	284.3169988	808.249028524	273.021046956	0.0	0.0	0.0	0.0	0.0	5.29999780655	0.0250004289361	0.0	0.0	0.0	0.0	0.0	0.00444657254654	0.0	0.0	0.0	0.0	0.0	3.95290385313e-06	0.0	0.0	0.000218388894912	0.0	1.28878214175e-06	0.0	34.0499992371	0.0
2147	284.3169988	808.249028524	273.021046956	0.0	0.0	0.0	0.0	0.0	5.29999780655	0.0250004289361	0.0	0.0	0.0	0.0	0.0	0.00444657254654	0.0	0.0	0.0	0.0	0.0	3.95290385313e-06	0.0	0.0	0.000218388894912	0.0	1.28878214175e-06	0.0	34.0499992371	0.0
2148	284.3169988	808.249028524	273.021046956	0.0	0.0	0.0	0.0	0.0	5.29999780655	0.0250004289361	0.0	0.0	0.0	0.0	0.0	0.00444657254654	0.0	0.0	0.0	0.0	0.0	3.95290385313e-06	0.0	0.0	0.000218388894912	0.0	1.28878214175e-06	0.0	34.0499992371	0.0
2149	284.3169988	808.249028524	273.021046956	0.0	0.0	0.0	0.0	0.0	5.29999780655	0.0250004289361	0.0	0.0	0.0	0.0	0.0	0.00444657254654	0.0	0.0	0.0	0.0	0.0	3.95290385313e-06	0.0	0.0	0.000218388894912	0.0	1.28878214175e-06	0.0	34.0499992371	0.0
2150	284.3169988	808.249028524	273.021046956	0.0	0.0	0.0	0.0	0.0	5.29999780655	0.0250004289361	0.0	0.0	0.0	0.0	0.0	0.00444657254654	0.0	0.0	0.0	0.0	0.0	3.95290385313e-06	0.0	0.0	0.000218388894912	0.0	1.28878214175e-06	0.0	34.0499992371	0.0
2151	284.3169988	808.249028524	273.021046956	0.0	0.0	0.0	0.0	0.0	5.29999780655	0.0250004289361	0.0	0.0	0.0	0.0	0.0	0.00444657254654	0.0	0.0	0.0	0.0	0.0	3.95290385313e-06	0.0	0.0	0.000218388894912	0.0	1.28878214175e-06	0.0	34.0499992371	0.0
2152	284.3169988	808.249028524	273.021046956	0.0	0.0	0.0	0.0	0.0	5.29999780655	0.0250004289361	0.0	0.0	0.0	0.0	0.0	0.00444657254654	0.0	0.0	0.0	0.0	0.0	3.95290385313e-06	0.0	0.0	0.000218388894912	0.0	1.28878214175e-06	0.0	34.0499992371	0.0
2153	284.3169988	808.249028524	273.021046956	0.0	0.0	0.0	0.0	0.0	5.29999780655	0.0250004289361	0.0	0.0	0.0	0.0	0.0	0.00444657254654	0.0	0.0	0.0	0.0	0.0	3.95290385313e-06	0.0	0.0	0.000218388894912	0.0	1.28878214175e-06	0.0	34.0499992371	0.0
2154	284.3169988	808.249028524	273.021046956	0.0	0.0	0.0	0.0	0.0	5.29999780655	0.0250004289361	0.0	0.0	0.0	0.0	0.0	0.00444657254654	0.0	0.0	0.0	0.0	0.0	3.95290385313e-06	0.0	0.0	0.000218388894912	0.0	1.28878214175e-06	0.0	34.0499992371	0.0
2155	284.3169988	808.249028524	273.021046956	0.0	0.0	0.0	0.0	0.0	5.29999780655	0.0250004289361	0.0	0.0	0.0	0.0	0.0	0.00444657254654	0.0	0.0	0.0	0.0	0.0	3.95290385313e-06	0.0	0.0	0.000218388894912	0.0	1.28878214175e-06	0.0	34.0499992371	0.0
2156	284.3169988	808.249028524	273.021046956	0.0	0.0	0.0	0.0	0.0	5.29999780655	0.0250004289361	0.0	0.0	0.0	0.0	0.0	0.00444657254654	0.0	0.0	0.0	0.0	0.0	3.95290385313e-06	0.0	0.0	0.000218388894912	0.0	1.28878214175e-06	0.0	34.0499992371	0.0
2157	284.3169988	808.249028524	273.021046956	0.0	0.0	0.0	0.0	0.0	5.29999780655	0.0250004289361	0.0	0.0	0.0	0.0	0.0	0.00444657254654	0.0	0.0	0.0	0.0	0.0	3.95290385313e-06	0.0	0.0	0.000218388894912	0.0	1.28878214175e-06	0.0	34.0499992371	0.0
2158	284.3169988	808.249028524	273.021046956	0.0	0.0	0.0	0.0	0.0	5.29999780655	0.0250004289361	0.0	0.0	0.0	0.0	0.0	0.00444657254654	0.0	0.0	0.0	0.0	0.0	3.95290385313e-06	0.0	0.0	0.000218388894912	0.0	1.28878214175e-06	0.0	34.0499992371	0.0
2159	284.3169988	808.249028524	273.021046956	0.0	0.0	0.0	0.0	0.0	5.29999780655	0.0250004289361	0.0	0.0	0.0	0.0	0.0	0.00444657254654	0.0	0.0	0.0	0.0	0.0	3.95290385313e-06	0.0	0.0	0.000218388894912	0.0	1.28878214175e-06	0.0	34.0499992371	0.0
2160	284.3169988	808.249028524	273.021046956	0.0	0.0	0.0	0.0	0.0	5.29999780655	0.0250004289361	0.0	0.0	0.0	0.0	0.0	0.00444657254654	0.0	0.0	0.0	0.0	0.0	3.95290385313e-06	0.0	0.0	0.000218388894912	0.0	1.28878214175e-06	0.0	34.0499992371	0.0
2161	284.3169988	808.249028524	273.021046956	0.0	0.0	0.0	0.0	0.0	5.29999780655	0.0250004289361	0.0	0.0	0.0	0.0	0.0	0.00444657254654	0.0	0.0	0.0	0.0	0.0	3.95290385313e-06	0.0	0.0	0.000218388894912	0.0	1.28878214175e-06	0.0	34.0499992371	0.0
2162	284.3169988	808.249028524	273.021046956	0.0	0.0	0.0	0.0	0.0	5.29999780655	0.0250004289361	0.0	0.0	0.0	0.0	0.0	0.00444657254654	0.0	0.0	0.0	0.0	0.0	3.95290385313e-06	0.0	0.0	0.000218388894912	0.0	1.28878214175e-06	0.0	34.0499992371	0.0
2163	284.3169988	808.249028524	273.021046956	0.0	0.0	0.0	0.0	0.0	5.29999780655	0.0250004289361	0.0	0.0	0.0	0.0	0.0	0.00444657254654	0.0	0.0	0.0	0.0	0.0	3.95290385313e-06	0.0	0.0	0.000218388894912	0.0	1.28878214175e-06	0.0	34.0499992371	0.0
2164	284.3169988	808.249028524	273.021046956	0.0	0.0	0.0	0.0	0.0	5.29999780655	0.0250004289361	0.0	0.0	0.0	0.0	0.0	0.00444657254654	0.0	0.0	0.0	0.0	0.0	3.95290385313e-06	0.0	0.0	0.000218388894912	0.0	1.28878214175e-06	0.0	34.0499992371	0.0
2165	284.3169988	808.249028524	273.021046956	0.0	0.0	0.0	0.0	0.0	5.29999780655	0.0250004289361	0.0	0.0	0.0	0.0	0.0	0.00444657254654	0.0	0.0	0.0	0.0	0.0	3.95290385313e-06	0.0	0.0	0.000218388894912	0.0	1.28878214175e-06	0.0	34.0499992371	0.0
2166	284.3169988	808.249028524	273.021046956	0.0	0.0	0.0	0.0	0.0	5.29999780655	0.0250004289361	0.0	0.0	0.0	0.0	0.0	0.00444657254654	0.0	0.0	0.0	0.0	0.0	3.95290385313e-06	0.0	0.0	0.000218388894912	0.0	1.28878214175e-06	0.0	34.0499992371	0.0
2167	284.3169988	808.249028524	273.021046956	0.0	0.0	0.0	0.0	0.0	5.29999780655	0.0250004289361	0.0	0.0	0.0	0.0	0.0	0.00444657254654	0.0	0.0	0.0	0.0	0.0	3.95290385313e-06	0.0	0.0	0.000218388894912	0.0	1.28878214175e-06	0.0	34.0499992371	0.0
2168	284.3169988	808.249028524	273.021046956	0.0	0.0	0.0	0.0	0.0	5.29999780655	0.0250004289361	0.0	0.0	0.0	0.0	0.0	0.00444657254654	0.0	0.0	0.0	0.0	0.0	3.95290385313e-06	0.0	0.0	0.000218388894912	0.0	1.28878214175e-06	0.0	34.0499992371	0.0
2169	284.3169988	808.249028524	273.021046956	0.0	0.0	0.0	0.0	0.0	5.29999780655	0.0250004289361	0.0	0.0	0.0	0.0	0.0	0.00444657254654	0.0	0.0	0.0	0.0	0.0	3.95290385313e-06	0.0	0.0	0.000218388894912	0.0	1.28878214175e-06	0.0	34.0499992371	0.0
2170	284.3169988	808.249028524	273.021046956	0.0	0.0	0.0	0.0	0.0	5.29999780655	0.0250004289361	0.0	0.0	0.0	0.0	0.0	0.00444657254654	0.0	0.0	0.0	0.0	0.0	3.95290385313e-06	0.0	0.0	0.000218388894912	0.0	1.28878214175e-06	0.0	34.0499992371	0.0
2171	284.3169988	808.249028524	273.021046956	0.0	0.0	0.0	0.0	0.0	5.29999780655	0.0250004289361	0.0	0.0	0.0	0.0	0.0	0.00444657254654	0.0	0.0	0.0	0.0	0.0	3.95290385313e-06	0.0	0.0	0.000218388894912	0.0	1.28878214175e-06	0.0	34.0499992371	0.0
2172	284.3169988	808.249028524	273.021046956	0.0	0.0	0.0	0.0	0.0	5.29999780655	0.0250004289361	0.0	0.0	0.0	0.0	0.0	0.00444657254654	0.0	0.0	0.0	0.0	0.0	3.95290385313e-06	0.0	0.0	0.000218388894912	0.0	1.28878214175e-06	0.0	34.0499992371	0.0
2173	284.3169988	808.249028524	273.021046956	0.0	0.0	0.0	0.0	0.0	5.29999780655	0.0250004289361	0.0	0.0	0.0	0.0	0.0	0.00444657254654	0.0	0.0	0.0	0.0	0.0	3.95290385313e-06	0.0	0.0	0.000218388894912	0.0	1.28878214175e-06	0.0	34.0499992371	0.0
2174	284.3169988	808.249028524	273.021046956	0.0	0.0	0.0	0.0	0.0	5.29999780655	0.0250004289361	0.0	0.0	0.0	0.0	0.0	0.00444657254654	0.0	0.0	0.0	0.0	0.0	3.95290385313e-06	0.0	0.0	0.000218388894912	0.0	1.28878214175e-06	0.0	34.0499992371	0.0
2175	284.3169988	808.249028524	273.021046956	0.0	0.0	0.0	0.0	0.0	5.29999780655	0.0250004289361	0.0	0.0	0.0	0.0	0.0	0.00444657254654	0.0	0.0	0.0	0.0	0.0	3.95290385313e-06	0.0	0.0	0.000218388894912	0.0	1.28878214175e-06	0.0	34.0499992371	0.0
2176	284.3169988	808.249028524	273.021046956	0.0	0.0	0.0	0.0	0.0	5.29999780655	0.0250004289361	0.0	0.0	0.0	0.0	0.0	0.00444657254654	0.0	0.0	0.0	0.0	0.0	3.95290385313e-06	0.0	0.0	0.000218388894912	0.0	1.28878214175e-06	0.0	34.0499992371	0.0
2177	284.3169988	808.249028524	273.021046956	0.0	0.0	0.0	0.0	0.0	5.29999780655	0.0250004289361	0.0	0.0	0.0	0.0	0.0	0.00444657254654	0.0	0.0	0.0	0.0	0.0	3.95290385313e-06	0.0	0.0	0.000218388894912	0.0	1.28878214175e-06	0.0	34.0499992371	0.0
2178	284.3169988	808.249028524	273.021046956	0.0	0.0	0.0	0.0	0.0	5.29999780655	0.0250004289361	0.0	0.0	0.0	0.0	0.0	0.00444657254654	0.0	0.0	0.0	0.0	0.0	3.95290385313e-06	0.0	0.0	0.000218388894912	0.0	1.28878214175e-06	0.0	34.0499992371	0.0
2179	284.3169988	808.249028524	273.021046956	0.0	0.0	0.0	0.0	0.0	5.29999780655	0.0250004289361	0.0	0.0	0.0	0.0	0.0	0.00444657254654	0.0	0.0	0.0	0.0	0.0	3.95290385313e-06	0.0	0.0	0.000218388894912	0.0	1.28878214175e-06	0.0	34.0499992371	0.0
2180	284.3169988	808.249028524	273.021046956	0.0	0.0	0.0	0.0	0.0	5.29999780655	0.0250004289361	0.0	0.0	0.0	0.0	0.0	0.00444657254654	0.0	0.0	0.0	0.0	0.0	3.95290385313e-06	0.0	0.0	0.000218388894912	0.0	1.28878214175e-06	0.0	34.0499992371	0.0
2181	284.3169988	808.249028524	273.021046956	0.0	0.0	0.0	0.0	0.0	5.29999780655	0.0250004289361	0.0	0.0	0.0	0.0	0.0	0.00444657254654	0.0	0.0	0.0	0.0	0.0	3.95290385313e-06	0.0	0.0	0.000218388894912	0.0	1.28878214175e-06	0.0	34.0499992371	0.0
2182	284.3169988	808.249028524	273.021046956	0.0	0.0	0.0	0.0	0.0	5.29999780655	0.0250004289361	0.0	0.0	0.0	0.0	0.0	0.00444657254654	0.0	0.0	0.0	0.0	0.0	3.95290385313e-06	0.0	0.0	0.000218388894912	0.0	1.28878214175e-06	0.0	34.0499992371	0.0
2183	284.3169988	808.249028524	273.021046956	0.0	0.0	0.0	0.0	0.0	5.29999780655	0.0250004289361	0.0	0.0	0.0	0.0	0.0	0.00444657254654	0.0	0.0	0.0	0.0	0.0	3.95290385313e-06	0.0	0.0	0.000218388894912	0.0	1.28878214175e-06	0.0	34.0499992371	0.0
2184	284.3169988	808.249028524	273.021046956	0.0	0.0	0.0	0.0	0.0	5.29999780655	0.0250004289361	0.0	0.0	0.0	0.0	0.0	0.00444657254654	0.0	0.0	0.0	0.0	0.0	3.95290385313e-06	0.0	0.0	0.000218388894912	0.0	1.28878214175e-06	0.0	34.0499992371	0.0
2185	284.3169988	808.249028524	273.021046956	0.0	0.0	0.0	0.0	0.0	5.29999780655	0.0250004289361	0.0	0.0	0.0	0.0	0.0	0.00444657254654	0.0	0.0	0.0	0.0	0.0	3.95290385313e-06	0.0	0.0	0.000218388894912	0.0	1.28878214175e-06	0.0	34.0499992371	0.0
2186	284.3169988	808.249028524	273.021046956	0.0	0.0	0.0	0.0	0.0	5.29999780655	0.0250004289361	0.0	0.0	0.0	0.0	0.0	0.00444657254654	0.0	0.0	0.0	0.0	0.0	3.95290385313e-06	0.0	0.0	0.000218388894912	0.0	1.28878214175e-06	0.0	34.0499992371	0.0
2187	284.3169988	808.249028524	273.021046956	0.0	0.0	0.0	0.0	0.0	5.29999780655	0.0250004289361	0.0	0.0	0.0	0.0	0.0	0.00444657254654	0.0	0.0	0.0	0.0	0.0	3.95290385313e-06	0.0	0.0	0.000218388894912	0.0	1.28878214175e-06	0.0	34.0499992371	0.0
2188	284.3169988	808.249028524	273.021046956	0.0	0.0	0.0	0.0	0.0	5.29999780655	0.0250004289361	0.0	0.0	0.0	0.0	0.0	0.00444657254654	0.0	0.0	0.0	0.0	0.0	3.95290385313e-06	0.0	0.0	0.000218388894912	0.0	1.28878214175e-06	0.0	34.0499992371	0.0
2189	284.3169988	808.249028524	273.021046956	0.0	0.0	0.0	0.0	0.0	5.29999780655	0.0250004289361	0.0	0.0	0.0	0.0	0.0	0.00444657254654	0.0	0.0	0.0	0.0	0.0	3.95290385313e-06	0.0	0.0	0.000218388894912	0.0	1.28878214175e-06	0.0	34.0499992371	0.0
2190	284.3169988	808.249028524	273.021046956	0.0	0.0	0.0	0.0	0.0	5.29999780655	0.0250004289361	0.0	0.0	0.0	0.0	0.0	0.00444657254654	0.0	0.0	0.0	0.0	0.0	3.95290385313e-06	0.0	0.0	0.000218388894912	0.0	1.28878214175e-06	0.0	34.0499992371	0.0
2191	284.3169988	808.249028524	273.021046956	0.0	0.0	0.0	0.0	0.0	5.29999780655	0.0250004289361	0.0	0.0	0.0	0.0	0.0	0.00444657254654	0.0	0.0	0.0	0.0	0.0	3.95290385313e-06	0.0	0.0	0.000218388894912	0.0	1.28878214175e-06	0.0	34.0499992371	0.0
2192	284.3169988	808.249028524	273.021046956	0.0	0.0	0.0	0.0	0.0	5.29999780655	0.0250004289361	0.0	0.0	0.0	0.0	0.0	0.00444657254654	0.0	0.0	0.0	0.0	0.0	3.95290385313e-06	0.0	0.0	0.000218388894912	0.0	1.28878214175e-06	0.0	34.0499992371	0.0
2193	284.3169988	808.249028524	273.021046956	0.0	0.0	0.0	0.0	0.0	5.29999780655	0.0250004289361	0.0	0.0	0.0	0.0	0.0	0.00444657254654	0.0	0.0	0.0	0.0	0.0	3.95290385313e-06	0.0	0.0	0.000218388894912	0.0	1.28878214175e-06	0.0	34.0499992371	0.0
2194	284.3169988	808.249028524	273.021046956	0.0	0.0	0.0	0.0	0.0	5.29999780655	0.0250004289361	0.0	0.0	0.0	0.0	0.0	0.00444657254654	0.0	0.0	0.0	0.0	0.0	3.95290385313e-06	0.0	0.0	0.000218388894912	0.0	1.28878214175e-06	0.0	34.0499992371	0.0
2195	284.3169988	808.249028524	273.021046956	0.0	0.0	0.0	0.0	0.0	5.29999780655	0.0250004289361	0.0	0.0	0.0	0.0	0.0	0.00444657254654	0.0	0.0	0.0	0.0	0.0	3.95290385313e-06	0.0	0.0	0.000218388894912	0.0	1.28878214175e-06	0.0	34.0499992371	0.0
2196	284.3169988	808.249028524	273.021046956	0.0	0.0	0.0	0.0	0.0	5.29999780655	0.0250004289361	0.0	0.0	0.0	0.0	0.0	0.00444657254654	0.0	0.0	0.0	0.0	0.0	3.95290385313e-06	0.0	0.0	0.000218388894912	0.0	1.28878214175e-06	0.0	34.0499992371	0.0
2197	284.3169988	808.249028524	273.021046956	0.0	0.0	0.0	0.0	0.0	5.29999780655	0.0250004289361	0.0	0.0	0.0	0.0	0.0	0.00444657254654	0.0	0.0	0.0	0.0	0.0	3.95290385313e-06	0.0	0.0	0.000218388894912	0.0	1.28878214175e-06	0.0	34.0499992371	0.0
2198	284.3169988	808.249028524	273.021046956	0.0	0.0	0.0	0.0	0.0	5.29999780655	0.0250004289361	0.0	0.0	0.0	0.0	0.0	0.00444657254654	0.0	0.0	0.0	0.0	0.0	3.95290385313e-06	0.0	0.0	0.000218388894912	0.0	1.28878214175e-06	0.0	34.0499992371	0.0
2199	284.3169988	808.249028524	273.021046956	0.0	0.0	0.0	0.0	0.0	5.29999780655	0.0250004289361	0.0	0.0	0.0	0.0	0.0	0.00444657254654	0.0	0.0	0.0	0.0	0.0	3.95290385313e-06	0.0	0.0	0.000218388894912	0.0	1.28878214175e-06	0.0	34.0499992371	0.0
2200	284.3169988	808.249028524	273.021046956	0.0	0.0	0.0	0.0	0.0	5.29999780655	0.0250004289361	0.0	0.0	0.0	0.0	0.0	0.00444657254654	0.0	0.0	0.0	0.0	0.0	3.95290385313e-06	0.0	0.0	0.000218388894912	0.0	1.28878214175e-06	0.0	34.0499992371	0.0
2201	284.3169988	808.249028524	273.021046956	0.0	0.0	0.0	0.0	0.0	5.29999780655	0.0250004289361	0.0	0.0	0.0	0.0	0.0	0.00444657254654	0.0	0.0	0.0	0.0	0.0	3.95290385313e-06	0.0	0.0	0.000218388894912	0.0	1.28878214175e-06	0.0	34.0499992371	0.0
2202	284.3169988	808.249028524	273.021046956	0.0	0.0	0.0	0.0	0.0	5.29999780655	0.0250004289361	0.0	0.0	0.0	0.0	0.0	0.00444657254654	0.0	0.0	0.0	0.0	0.0	3.95290385313e-06	0.0	0.0	0.000218388894912	0.0	1.28878214175e-06	0.0	34.0499992371	0.0
2203	284.3169988	808.249028524	273.021046956	0.0	0.0	0.0	0.0	0.0	5.29999780655	0.0250004289361	0.0	0.0	0.0	0.0	0.0	0.00444657254654	0.0	0.0	0.0	0.0	0.0	3.95290385313e-06	0.0	0.0	0.000218388894912	0.0	1.28878214175e-06	0.0	34.0499992371	0.0
2204	284.3169988	808.249028524	273.021046956	0.0	0.0	0.0	0.0	0.0	5.29999780655	0.0250004289361	0.0	0.0	0.0	0.0	0.0	0.00444657254654	0.0	0.0	0.0	0.0	0.0	3.95290385313e-06	0.0	0.0	0.000218388894912	0.0	1.28878214175e-06	0.0	34.0499992371	0.0
2205	284.3169988	808.249028524	273.021046956	0.0	0.0	0.0	0.0	0.0	5.29999780655	0.0250004289361	0.0	0.0	0.0	0.0	0.0	0.00444657254654	0.0	0.0	0.0	0.0	0.0	3.95290385313e-06	0.0	0.0	0.000218388894912	0.0	1.28878214175e-06	0.0	34.0499992371	0.0
2206	284.3169988	808.249028524	273.021046956	0.0	0.0	0.0	0.0	0.0	5.29999780655	0.0250004289361	0.0	0.0	0.0	0.0	0.0	0.00444657254654	0.0	0.0	0.0	0.0	0.0	3.95290385313e-06	0.0	0.0	0.000218388894912	0.0	1.28878214175e-06	0.0	34.0499992371	0.0
2207	284.3169988	808.249028524	273.021046956	0.0	0.0	0.0	0.0	0.0	5.29999780655	0.0250004289361	0.0	0.0	0.0	0.0	0.0	0.00444657254654	0.0	0.0	0.0	0.0	0.0	3.95290385313e-06	0.0	0.0	0.000218388894912	0.0	1.28878214175e-06	0.0	34.0499992371	0.0
2208	284.3169988	808.249028524	273.021046956	0.0	0.0	0.0	0.0	0.0	5.29999780655	0.0250004289361	0.0	0.0	0.0	0.0	0.0	0.00444657254654	0.0	0.0	0.0	0.0	0.0	3.95290385313e-06	0.0	0.0	0.000218388894912	0.0	1.28878214175e-06	0.0	34.0499992371	0.0
2209	284.3169988	808.249028524	273.021046956	0.0	0.0	0.0	0.0	0.0	5.29999780655	0.0250004289361	0.0	0.0	0.0	0.0	0.0	0.00444657254654	0.0	0.0	0.0	0.0	0.0	3.95290385313e-06	0.0	0.0	0.000218388894912	0.0	1.28878214175e-06	0.0	34.0499992371	0.0
2210	284.3169988	808.249028524	273.021046956	0.0	0.0	0.0	0.0	0.0	5.29999780655	0.0250004289361	0.0	0.0	0.0	0.0	0.0	0.00444657254654	0.0	0.0	0.0	0.0	0.0	3.95290385313e-06	0.0	0.0	0.000218388894912	0.0	1.28878214175e-06	0.0	34.0499992371	0.0
2211	284.3169988	808.249028524	273.021046956	0.0	0.0	0.0	0.0	0.0	5.29999780655	0.0250004289361	0.0	0.0	0.0	0.0	0.0	0.00444657254654	0.0	0.0	0.0	0.0	0.0	3.95290385313e-06	0.0	0.0	0.000218388894912	0.0	1.28878214175e-06	0.0	34.0499992371	0.0
2212	284.3169988	808.249028524	273.021046956	0.0	0.0	0.0	0.0	0.0	5.29999780655	0.0250004289361	0.0	0.0	0.0	0.0	0.0	0.00444657254654	0.0	0.0	0.0	0.0	0.0	3.95290385313e-06	0.0	0.0	0.000218388894912	0.0	1.28878214175e-06	0.0	34.0499992371	0.0
2213	284.3169988	808.249028524	273.021046956	0.0	0.0	0.0	0.0	0.0	5.29999780655	0.0250004289361	0.0	0.0	0.0	0.0	0.0	0.00444657254654	0.0	0.0	0.0	0.0	0.0	3.95290385313e-06	0.0	0.0	0.000218388894912	0.0	1.28878214175e-06	0.0	34.0499992371	0.0
2214	284.3169988	808.249028524	273.021046956	0.0	0.0	0.0	0.0	0.0	5.29999780655	0.0250004289361	0.0	0.0	0.0	0.0	0.0	0.00444657254654	0.0	0.0	0.0	0.0	0.0	3.95290385313e-06	0.0	0.0	0.000218388894912	0.0	1.28878214175e-06	0.0	34.0499992371	0.0
2215	284.3169988	808.249028524	273.021046956	0.0	0.0	0.0	0.0	0.0	5.29999780655	0.0250004289361	0.0	0.0	0.0	0.0	0.0	0.00444657254654	0.0	0.0	0.0	0.0	0.0	3.95290385313e-06	0.0	0.0	0.000218388894912	0.0	1.28878214175e-06	0.0	34.0499992371	0.0
2216	284.3169988	808.249028524	273.021046956	0.0	0.0	0.0	0.0	0.0	5.29999780655	0.0250004289361	0.0	0.0	0.0	0.0	0.0	0.00444657254654	0.0	0.0	0.0	0.0	0.0	3.95290385313e-06	0.0	0.0	0.000218388894912	0.0	1.28878214175e-06	0.0	34.0499992371	0.0
2217	284.3169988	808.249028524	273.021046956	0.0	0.0	0.0	0.0	0.0	5.29999780655	0.0250004289361	0.0	0.0	0.0	0.0	0.0	0.00444657254654	0.0	0.0	0.0	0.0	0.0	3.95290385313e-06	0.0	0.0	0.000218388894912	0.0	1.28878214175e-06	0.0	34.0499992371	0.0
2218	284.3169988	808.249028524	273.021046956	0.0	0.0	0.0	0.0	0.0	5.29999780655	0.0250004289361	0.0	0.0	0.0	0.0	0.0	0.00444657254654	0.0	0.0	0.0	0.0	0.0	3.95290385313e-06	0.0	0.0	0.000218388894912	0.0	1.28878214175e-06	0.0	34.0499992371	0.0
2219	284.3169988	808.249028524	273.021046956	0.0	0.0	0.0	0.0	0.0	5.29999780655	0.0250004289361	0.0	0.0	0.0	0.0	0.0	0.00444657254654	0.0	0.0	0.0	0.0	0.0	3.95290385313e-06	0.0	0.0	0.000218388894912	0.0	1.28878214175e-06	0.0	34.0499992371	0.0
2220	284.3169988	808.249028524	273.021046956	0.0	0.0	0.0	0.0	0.0	5.29999780655	0.0250004289361	0.0	0.0	0.0	0.0	0.0	0.00444657254654	0.0	0.0	0.0	0.0	0.0	3.95290385313e-06	0.0	0.0	0.000218388894912	0.0	1.28878214175e-06	0.0	34.0499992371	0.0
2221	284.3169988	808.249028524	273.021046956	0.0	0.0	0.0	0.0	0.0	5.29999780655	0.0250004289361	0.0	0.0	0.0	0.0	0.0	0.00444657254654	0.0	0.0	0.0	0.0	0.0	3.95290385313e-06	0.0	0.0	0.000218388894912	0.0	1.28878214175e-06	0.0	34.0499992371	0.0
2222	284.3169988	808.249028524	273.021046956	0.0	0.0	0.0	0.0	0.0	5.29999780655	0.0250004289361	0.0	0.0	0.0	0.0	0.0	0.00444657254654	0.0	0.0	0.0	0.0	0.0	3.95290385313e-06	0.0	0.0	0.000218388894912	0.0	1.28878214175e-06	0.0	34.0499992371	0.0
2223	284.3169988	808.249028524	273.021046956	0.0	0.0	0.0	0.0	0.0	5.29999780655	0.0250004289361	0.0	0.0	0.0	0.0	0.0	0.00444657254654	0.0	0.0	0.0	0.0	0.0	3.95290385313e-06	0.0	0.0	0.000218388894912	0.0	1.28878214175e-06	0.0	34.0499992371	0.0
2224	284.3169988	808.249028524	273.021046956	0.0	0.0	0.0	0.0	0.0	5.29999780655	0.0250004289361	0.0	0.0	0.0	0.0	0.0	0.00444657254654	0.0	0.0	0.0	0.0	0.0	3.95290385313e-06	0.0	0.0	0.000218388894912	0.0	1.28878214175e-06	0.0	34.0499992371	0.0
2225	284.3169988	808.249028524	273.021046956	0.0	0.0	0.0	0.0	0.0	5.29999780655	0.0250004289361	0.0	0.0	0.0	0.0	0.0	0.00444657254654	0.0	0.0	0.0	0.0	0.0	3.95290385313e-06	0.0	0.0	0.000218388894912	0.0	1.28878214175e-06	0.0	34.0499992371	0.0
2226	284.3169988	808.249028524	273.021046956	0.0	0.0	0.0	0.0	0.0	5.29999780655	0.0250004289361	0.0	0.0	0.0	0.0	0.0	0.00444657254654	0.0	0.0	0.0	0.0	0.0	3.95290385313e-06	0.0	0.0	0.000218388894912	0.0	1.28878214175e-06	0.0	34.0499992371	0.0
2227	284.3169988	808.249028524	273.021046956	0.0	0.0	0.0	0.0	0.0	5.29999780655	0.0250004289361	0.0	0.0	0.0	0.0	0.0	0.00444657254654	0.0	0.0	0.0	0.0	0.0	3.95290385313e-06	0.0	0.0	0.000218388894912	0.0	1.28878214175e-06	0.0	34.0499992371	0.0
2228	284.3169988	808.249028524	273.021046956	0.0	0.0	0.0	0.0	0.0	5.29999780655	0.0250004289361	0.0	0.0	0.0	0.0	0.0	0.00444657254654	0.0	0.0	0.0	0.0	0.0	3.95290385313e-06	0.0	0.0	0.000218388894912	0.0	1.28878214175e-06	0.0	34.0499992371	0.0
2229	284.3169988	808.249028524	273.021046956	0.0	0.0	0.0	0.0	0.0	5.29999780655	0.0250004289361	0.0	0.0	0.0	0.0	0.0	0.00444657254654	0.0	0.0	0.0	0.0	0.0	3.95290385313e-06	0.0	0.0	0.000218388894912	0.0	1.28878214175e-06	0.0	34.0499992371	0.0
2230	284.3169988	808.249028524	273.021046956	0.0	0.0	0.0	0.0	0.0	5.29999780655	0.0250004289361	0.0	0.0	0.0	0.0	0.0	0.00444657254654	0.0	0.0	0.0	0.0	0.0	3.95290385313e-06	0.0	0.0	0.000218388894912	0.0	1.28878214175e-06	0.0	34.0499992371	0.0
2231	284.3169988	808.249028524	273.021046956	0.0	0.0	0.0	0.0	0.0	5.29999780655	0.0250004289361	0.0	0.0	0.0	0.0	0.0	0.00444657254654	0.0	0.0	0.0	0.0	0.0	3.95290385313e-06	0.0	0.0	0.000218388894912	0.0	1.28878214175e-06	0.0	34.0499992371	0.0
2232	284.3169988	808.249028524	273.021046956	0.0	0.0	0.0	0.0	0.0	5.29999780655	0.0250004289361	0.0	0.0	0.0	0.0	0.0	0.00444657254654	0.0	0.0	0.0	0.0	0.0	3.95290385313e-06	0.0	0.0	0.000218388894912	0.0	1.28878214175e-06	0.0	34.0499992371	0.0
2233	284.3169988	808.249028524	273.021046956	0.0	0.0	0.0	0.0	0.0	5.29999780655	0.0250004289361	0.0	0.0	0.0	0.0	0.0	0.00444657254654	0.0	0.0	0.0	0.0	0.0	3.95290385313e-06	0.0	0.0	0.000218388894912	0.0	1.28878214175e-06	0.0	34.0499992371	0.0
2234	284.3169988	808.249028524	273.021046956	0.0	0.0	0.0	0.0	0.0	5.29999780655	0.0250004289361	0.0	0.0	0.0	0.0	0.0	0.00444657254654	0.0	0.0	0.0	0.0	0.0	3.95290385313e-06	0.0	0.0	0.000218388894912	0.0	1.28878214175e-06	0.0	34.0499992371	0.0
2235	284.3169988	808.249028524	273.021046956	0.0	0.0	0.0	0.0	0.0	5.29999780655	0.0250004289361	0.0	0.0	0.0	0.0	0.0	0.00444657254654	0.0	0.0	0.0	0.0	0.0	3.95290385313e-06	0.0	0.0	0.000218388894912	0.0	1.28878214175e-06	0.0	34.0499992371	0.0
2236	284.3169988	808.249028524	273.021046956	0.0	0.0	0.0	0.0	0.0	5.29999780655	0.0250004289361	0.0	0.0	0.0	0.0	0.0	0.00444657254654	0.0	0.0	0.0	0.0	0.0	3.95290385313e-06	0.0	0.0	0.000218388894912	0.0	1.28878214175e-06	0.0	34.0499992371	0.0
2237	284.3169988	808.249028524	273.021046956	0.0	0.0	0.0	0.0	0.0	5.29999780655	0.0250004289361	0.0	0.0	0.0	0.0	0.0	0.00444657254654	0.0	0.0	0.0	0.0	0.0	3.95290385313e-06	0.0	0.0	0.000218388894912	0.0	1.28878214175e-06	0.0	34.0499992371	0.0
2238	284.3169988	808.249028524	273.021046956	0.0	0.0	0.0	0.0	0.0	5.29999780655	0.0250004289361	0.0	0.0	0.0	0.0	0.0	0.00444657254654	0.0	0.0	0.0	0.0	0.0	3.95290385313e-06	0.0	0.0	0.000218388894912	0.0	1.28878214175e-06	0.0	34.0499992371	0.0
2239	284.3169988	808.249028524	273.021046956	0.0	0.0	0.0	0.0	0.0	5.29999780655	0.0250004289361	0.0	0.0	0.0	0.0	0.0	0.00444657254654	0.0	0.0	0.0	0.0	0.0	3.95290385313e-06	0.0	0.0	0.000218388894912	0.0	1.28878214175e-06	0.0	34.0499992371	0.0
2240	284.3169988	808.249028524	273.021046956	0.0	0.0	0.0	0.0	0.0	5.29999780655	0.0250004289361	0.0	0.0	0.0	0.0	0.0	0.00444657254654	0.0	0.0	0.0	0.0	0.0	3.95290385313e-06	0.0	0.0	0.000218388894912	0.0	1.28878214175e-06	0.0	34.0499992371	0.0
2241	284.3169988	808.249028524	273.021046956	0.0	0.0	0.0	0.0	0.0	5.29999780655	0.0250004289361	0.0	0.0	0.0	0.0	0.0	0.00444657254654	0.0	0.0	0.0	0.0	0.0	3.95290385313e-06	0.0	0.0	0.000218388894912	0.0	1.28878214175e-06	0.0	34.0499992371	0.0
2242	284.3169988	808.249028524	273.021046956	0.0	0.0	0.0	0.0	0.0	5.29999780655	0.0250004289361	0.0	0.0	0.0	0.0	0.0	0.00444657254654	0.0	0.0	0.0	0.0	0.0	3.95290385313e-06	0.0	0.0	0.000218388894912	0.0	1.28878214175e-06	0.0	34.0499992371	0.0
2243	284.3169988	808.249028524	273.021046956	0.0	0.0	0.0	0.0	0.0	5.29999780655	0.0250004289361	0.0	0.0	0.0	0.0	0.0	0.00444657254654	0.0	0.0	0.0	0.0	0.0	3.95290385313e-06	0.0	0.0	0.000218388894912	0.0	1.28878214175e-06	0.0	34.0499992371	0.0
2244	284.3169988	808.249028524	273.021046956	0.0	0.0	0.0	0.0	0.0	5.29999780655	0.0250004289361	0.0	0.0	0.0	0.0	0.0	0.00444657254654	0.0	0.0	0.0	0.0	0.0	3.95290385313e-06	0.0	0.0	0.000218388894912	0.0	1.28878214175e-06	0.0	34.0499992371	0.0
2245	284.3169988	808.249028524	273.021046956	0.0	0.0	0.0	0.0	0.0	5.29999780655	0.0250004289361	0.0	0.0	0.0	0.0	0.0	0.00444657254654	0.0	0.0	0.0	0.0	0.0	3.95290385313e-06	0.0	0.0	0.000218388894912	0.0	1.28878214175e-06	0.0	34.0499992371	0.0
2246	284.3169988	808.249028524	273.021046956	0.0	0.0	0.0	0.0	0.0	5.29999780655	0.0250004289361	0.0	0.0	0.0	0.0	0.0	0.00444657254654	0.0	0.0	0.0	0.0	0.0	3.95290385313e-06	0.0	0.0	0.000218388894912	0.0	1.28878214175e-06	0.0	34.0499992371	0.0
2247	284.3169988	808.249028524	273.021046956	0.0	0.0	0.0	0.0	0.0	5.29999780655	0.0250004289361	0.0	0.0	0.0	0.0	0.0	0.00444657254654	0.0	0.0	0.0	0.0	0.0	3.95290385313e-06	0.0	0.0	0.000218388894912	0.0	1.28878214175e-06	0.0	34.0499992371	0.0
2248	284.3169988	808.249028524	273.021046956	0.0	0.0	0.0	0.0	0.0	5.29999780655	0.0250004289361	0.0	0.0	0.0	0.0	0.0	0.00444657254654	0.0	0.0	0.0	0.0	0.0	3.95290385313e-06	0.0	0.0	0.000218388894912	0.0	1.28878214175e-06	0.0	34.0499992371	0.0
2249	284.3169988	808.249028524	273.021046956	0.0	0.0	0.0	0.0	0.0	5.29999780655	0.0250004289361	0.0	0.0	0.0	0.0	0.0	0.00444657254654	0.0	0.0	0.0	0.0	0.0	3.95290385313e-06	0.0	0.0	0.000218388894912	0.0	1.28878214175e-06	0.0	34.0499992371	0.0
2250	284.3169988	808.249028524	273.021046956	0.0	0.0	0.0	0.0	0.0	5.29999780655	0.0250004289361	0.0	0.0	0.0	0.0	0.0	0.00444657254654	0.0	0.0	0.0	0.0	0.0	3.95290385313e-06	0.0	0.0	0.000218388894912	0.0	1.28878214175e-06	0.0	34.0499992371	0.0
2251	284.3169988	808.249028524	273.021046956	0.0	0.0	0.0	0.0	0.0	5.29999780655	0.0250004289361	0.0	0.0	0.0	0.0	0.0	0.00444657254654	0.0	0.0	0.0	0.0	0.0	3.95290385313e-06	0.0	0.0	0.000218388894912	0.0	1.28878214175e-06	0.0	34.0499992371	0.0
2252	284.3169988	808.249028524	273.021046956	0.0	0.0	0.0	0.0	0.0	5.29999780655	0.0250004289361	0.0	0.0	0.0	0.0	0.0	0.00444657254654	0.0	0.0	0.0	0.0	0.0	3.95290385313e-06	0.0	0.0	0.000218388894912	0.0	1.28878214175e-06	0.0	34.0499992371	0.0
2253	284.3169988	808.249028524	273.021046956	0.0	0.0	0.0	0.0	0.0	5.29999780655	0.0250004289361	0.0	0.0	0.0	0.0	0.0	0.00444657254654	0.0	0.0	0.0	0.0	0.0	3.95290385313e-06	0.0	0.0	0.000218388894912	0.0	1.28878214175e-06	0.0	34.0499992371	0.0
2254	284.3169988	808.249028524	273.021046956	0.0	0.0	0.0	0.0	0.0	5.29999780655	0.0250004289361	0.0	0.0	0.0	0.0	0.0	0.00444657254654	0.0	0.0	0.0	0.0	0.0	3.95290385313e-06	0.0	0.0	0.000218388894912	0.0	1.28878214175e-06	0.0	34.0499992371	0.0
2255	284.3169988	808.249028524	273.021046956	0.0	0.0	0.0	0.0	0.0	5.29999780655	0.0250004289361	0.0	0.0	0.0	0.0	0.0	0.00444657254654	0.0	0.0	0.0	0.0	0.0	3.95290385313e-06	0.0	0.0	0.000218388894912	0.0	1.28878214175e-06	0.0	34.0499992371	0.0
2256	284.3169988	808.249028524	273.021046956	0.0	0.0	0.0	0.0	0.0	5.29999780655	0.0250004289361	0.0	0.0	0.0	0.0	0.0	0.00444657254654	0.0	0.0	0.0	0.0	0.0	3.95290385313e-06	0.0	0.0	0.000218388894912	0.0	1.28878214175e-06	0.0	34.0499992371	0.0
2257	284.3169988	808.249028524	273.021046956	0.0	0.0	0.0	0.0	0.0	5.29999780655	0.0250004289361	0.0	0.0	0.0	0.0	0.0	0.00444657254654	0.0	0.0	0.0	0.0	0.0	3.95290385313e-06	0.0	0.0	0.000218388894912	0.0	1.28878214175e-06	0.0	34.0499992371	0.0
2258	284.3169988	808.249028524	273.021046956	0.0	0.0	0.0	0.0	0.0	5.29999780655	0.0250004289361	0.0	0.0	0.0	0.0	0.0	0.00444657254654	0.0	0.0	0.0	0.0	0.0	3.95290385313e-06	0.0	0.0	0.000218388894912	0.0	1.28878214175e-06	0.0	34.0499992371	0.0
2259	284.3169988	808.249028524	273.021046956	0.0	0.0	0.0	0.0	0.0	5.29999780655	0.0250004289361	0.0	0.0	0.0	0.0	0.0	0.00444657254654	0.0	0.0	0.0	0.0	0.0	3.95290385313e-06	0.0	0.0	0.000218388894912	0.0	1.28878214175e-06	0.0	34.0499992371	0.0
2260	284.3169988	808.249028524	273.021046956	0.0	0.0	0.0	0.0	0.0	5.29999780655	0.0250004289361	0.0	0.0	0.0	0.0	0.0	0.00444657254654	0.0	0.0	0.0	0.0	0.0	3.95290385313e-06	0.0	0.0	0.000218388894912	0.0	1.28878214175e-06	0.0	34.0499992371	0.0
2261	284.3169988	808.249028524	273.021046956	0.0	0.0	0.0	0.0	0.0	5.29999780655	0.0250004289361	0.0	0.0	0.0	0.0	0.0	0.00444657254654	0.0	0.0	0.0	0.0	0.0	3.95290385313e-06	0.0	0.0	0.000218388894912	0.0	1.28878214175e-06	0.0	34.0499992371	0.0
2262	284.3169988	808.249028524	273.021046956	0.0	0.0	0.0	0.0	0.0	5.29999780655	0.0250004289361	0.0	0.0	0.0	0.0	0.0	0.00444657254654	0.0	0.0	0.0	0.0	0.0	3.95290385313e-06	0.0	0.0	0.000218388894912	0.0	1.28878214175e-06	0.0	34.0499992371	0.0
2263	284.3169988	808.249028524	273.021046956	0.0	0.0	0.0	0.0	0.0	5.29999780655	0.0250004289361	0.0	0.0	0.0	0.0	0.0	0.00444657254654	0.0	0.0	0.0	0.0	0.0	3.95290385313e-06	0.0	0.0	0.000218388894912	0.0	1.28878214175e-06	0.0	34.0499992371	0.0
2264	284.3169988	808.249028524	273.021046956	0.0	0.0	0.0	0.0	0.0	5.29999780655	0.0250004289361	0.0	0.0	0.0	0.0	0.0	0.00444657254654	0.0	0.0	0.0	0.0	0.0	3.95290385313e-06	0.0	0.0	0.000218388894912	0.0	1.28878214175e-06	0.0	34.0499992371	0.0
2265	284.3169988	808.249028524	273.021046956	0.0	0.0	0.0	0.0	0.0	5.29999780655	0.0250004289361	0.0	0.0	0.0	0.0	0.0	0.00444657254654	0.0	0.0	0.0	0.0	0.0	3.95290385313e-06	0.0	0.0	0.000218388894912	0.0	1.28878214175e-06	0.0	34.0499992371	0.0
2266	284.3169988	808.249028524	273.021046956	0.0	0.0	0.0	0.0	0.0	5.29999780655	0.0250004289361	0.0	0.0	0.0	0.0	0.0	0.00444657254654	0.0	0.0	0.0	0.0	0.0	3.95290385313e-06	0.0	0.0	0.000218388894912	0.0	1.28878214175e-06	0.0	34.0499992371	0.0
2267	284.3169988	808.249028524	273.021046956	0.0	0.0	0.0	0.0	0.0	5.29999780655	0.0250004289361	0.0	0.0	0.0	0.0	0.0	0.00444657254654	0.0	0.0	0.0	0.0	0.0	3.95290385313e-06	0.0	0.0	0.000218388894912	0.0	1.28878214175e-06	0.0	34.0499992371	0.0
2268	284.3169988	808.249028524	273.021046956	0.0	0.0	0.0	0.0	0.0	5.29999780655	0.0250004289361	0.0	0.0	0.0	0.0	0.0	0.00444657254654	0.0	0.0	0.0	0.0	0.0	3.95290385313e-06	0.0	0.0	0.000218388894912	0.0	1.28878214175e-06	0.0	34.0499992371	0.0
2269	284.3169988	808.249028524	273.021046956	0.0	0.0	0.0	0.0	0.0	5.29999780655	0.0250004289361	0.0	0.0	0.0	0.0	0.0	0.00444657254654	0.0	0.0	0.0	0.0	0.0	3.95290385313e-06	0.0	0.0	0.000218388894912	0.0	1.28878214175e-06	0.0	34.0499992371	0.0
2270	284.3169988	808.249028524	273.021046956	0.0	0.0	0.0	0.0	0.0	5.29999780655	0.0250004289361	0.0	0.0	0.0	0.0	0.0	0.00444657254654	0.0	0.0	0.0	0.0	0.0	3.95290385313e-06	0.0	0.0	0.000218388894912	0.0	1.28878214175e-06	0.0	34.0499992371	0.0
2271	284.3169988	808.249028524	273.021046956	0.0	0.0	0.0	0.0	0.0	5.29999780655	0.0250004289361	0.0	0.0	0.0	0.0	0.0	0.00444657254654	0.0	0.0	0.0	0.0	0.0	3.95290385313e-06	0.0	0.0	0.000218388894912	0.0	1.28878214175e-06	0.0	34.0499992371	0.0
2272	284.3169988	808.249028524	273.021046956	0.0	0.0	0.0	0.0	0.0	5.29999780655	0.0250004289361	0.0	0.0	0.0	0.0	0.0	0.00444657254654	0.0	0.0	0.0	0.0	0.0	3.95290385313e-06	0.0	0.0	0.000218388894912	0.0	1.28878214175e-06	0.0	34.0499992371	0.0
2273	284.3169988	808.249028524	273.021046956	0.0	0.0	0.0	0.0	0.0	5.29999780655	0.0250004289361	0.0	0.0	0.0	0.0	0.0	0.00444657254654	0.0	0.0	0.0	0.0	0.0	3.95290385313e-06	0.0	0.0	0.000218388894912	0.0	1.28878214175e-06	0.0	34.0499992371	0.0
2274	284.3169988	808.249028524	273.021046956	0.0	0.0	0.0	0.0	0.0	5.29999780655	0.0250004289361	0.0	0.0	0.0	0.0	0.0	0.00444657254654	0.0	0.0	0.0	0.0	0.0	3.95290385313e-06	0.0	0.0	0.000218388894912	0.0	1.28878214175e-06	0.0	34.0499992371	0.0
2275	284.3169988	808.249028524	273.021046956	0.0	0.0	0.0	0.0	0.0	5.29999780655	0.0250004289361	0.0	0.0	0.0	0.0	0.0	0.00444657254654	0.0	0.0	0.0	0.0	0.0	3.95290385313e-06	0.0	0.0	0.000218388894912	0.0	1.28878214175e-06	0.0	34.0499992371	0.0
2276	284.3169988	808.249028524	273.021046956	0.0	0.0	0.0	0.0	0.0	5.29999780655	0.0250004289361	0.0	0.0	0.0	0.0	0.0	0.00444657254654	0.0	0.0	0.0	0.0	0.0	3.95290385313e-06	0.0	0.0	0.000218388894912	0.0	1.28878214175e-06	0.0	34.0499992371	0.0
2277	284.3169988	808.249028524	273.021046956	0.0	0.0	0.0	0.0	0.0	5.29999780655	0.0250004289361	0.0	0.0	0.0	0.0	0.0	0.00444657254654	0.0	0.0	0.0	0.0	0.0	3.95290385313e-06	0.0	0.0	0.000218388894912	0.0	1.28878214175e-06	0.0	34.0499992371	0.0
2278	284.3169988	808.249028524	273.021046956	0.0	0.0	0.0	0.0	0.0	5.29999780655	0.0250004289361	0.0	0.0	0.0	0.0	0.0	0.00444657254654	0.0	0.0	0.0	0.0	0.0	3.95290385313e-06	0.0	0.0	0.000218388894912	0.0	1.28878214175e-06	0.0	34.0499992371	0.0
2279	284.3169988	808.249028524	273.021046956	0.0	0.0	0.0	0.0	0.0	5.29999780655	0.0250004289361	0.0	0.0	0.0	0.0	0.0	0.00444657254654	0.0	0.0	0.0	0.0	0.0	3.95290385313e-06	0.0	0.0	0.000218388894912	0.0	1.28878214175e-06	0.0	34.0499992371	0.0
2280	284.3169988	808.249028524	273.021046956	0.0	0.0	0.0	0.0	0.0	5.29999780655	0.0250004289361	0.0	0.0	0.0	0.0	0.0	0.00444657254654	0.0	0.0	0.0	0.0	0.0	3.95290385313e-06	0.0	0.0	0.000218388894912	0.0	1.28878214175e-06	0.0	34.0499992371	0.0
2281	284.3169988	808.249028524	273.021046956	0.0	0.0	0.0	0.0	0.0	5.29999780655	0.0250004289361	0.0	0.0	0.0	0.0	0.0	0.00444657254654	0.0	0.0	0.0	0.0	0.0	3.95290385313e-06	0.0	0.0	0.000218388894912	0.0	1.28878214175e-06	0.0	34.0499992371	0.0
2282	284.3169988	808.249028524	273.021046956	0.0	0.0	0.0	0.0	0.0	5.29999780655	0.0250004289361	0.0	0.0	0.0	0.0	0.0	0.00444657254654	0.0	0.0	0.0	0.0	0.0	3.95290385313e-06	0.0	0.0	0.000218388894912	0.0	1.28878214175e-06	0.0	34.0499992371	0.0
2283	284.3169988	808.249028524	273.021046956	0.0	0.0	0.0	0.0	0.0	5.29999780655	0.0250004289361	0.0	0.0	0.0	0.0	0.0	0.00444657254654	0.0	0.0	0.0	0.0	0.0	3.95290385313e-06	0.0	0.0	0.000218388894912	0.0	1.28878214175e-06	0.0	34.0499992371	0.0
2284	284.3169988	808.249028524	273.021046956	0.0	0.0	0.0	0.0	0.0	5.29999780655	0.0250004289361	0.0	0.0	0.0	0.0	0.0	0.00444657254654	0.0	0.0	0.0	0.0	0.0	3.95290385313e-06	0.0	0.0	0.000218388894912	0.0	1.28878214175e-06	0.0	34.0499992371	0.0
2285	284.3169988	808.249028524	273.021046956	0.0	0.0	0.0	0.0	0.0	5.29999780655	0.0250004289361	0.0	0.0	0.0	0.0	0.0	0.00444657254654	0.0	0.0	0.0	0.0	0.0	3.95290385313e-06	0.0	0.0	0.000218388894912	0.0	1.28878214175e-06	0.0	34.0499992371	0.0
2286	284.3169988	808.249028524	273.021046956	0.0	0.0	0.0	0.0	0.0	5.29999780655	0.0250004289361	0.0	0.0	0.0	0.0	0.0	0.00444657254654	0.0	0.0	0.0	0.0	0.0	3.95290385313e-06	0.0	0.0	0.000218388894912	0.0	1.28878214175e-06	0.0	34.0499992371	0.0
2287	284.3169988	808.249028524	273.021046956	0.0	0.0	0.0	0.0	0.0	5.29999780655	0.0250004289361	0.0	0.0	0.0	0.0	0.0	0.00444657254654	0.0	0.0	0.0	0.0	0.0	3.95290385313e-06	0.0	0.0	0.000218388894912	0.0	1.28878214175e-06	0.0	34.0499992371	0.0
2288	284.3169988	808.249028524	273.021046956	0.0	0.0	0.0	0.0	0.0	5.29999780655	0.0250004289361	0.0	0.0	0.0	0.0	0.0	0.00444657254654	0.0	0.0	0.0	0.0	0.0	3.95290385313e-06	0.0	0.0	0.000218388894912	0.0	1.28878214175e-06	0.0	34.0499992371	0.0
2289	284.3169988	808.249028524	273.021046956	0.0	0.0	0.0	0.0	0.0	5.29999780655	0.0250004289361	0.0	0.0	0.0	0.0	0.0	0.00444657254654	0.0	0.0	0.0	0.0	0.0	3.95290385313e-06	0.0	0.0	0.000218388894912	0.0	1.28878214175e-06	0.0	34.0499992371	0.0
2290	284.3169988	808.249028524	273.021046956	0.0	0.0	0.0	0.0	0.0	5.29999780655	0.0250004289361	0.0	0.0	0.0	0.0	0.0	0.00444657254654	0.0	0.0	0.0	0.0	0.0	3.95290385313e-06	0.0	0.0	0.000218388894912	0.0	1.28878214175e-06	0.0	34.0499992371	0.0
2291	284.3169988	808.249028524	273.021046956	0.0	0.0	0.0	0.0	0.0	5.29999780655	0.0250004289361	0.0	0.0	0.0	0.0	0.0	0.00444657254654	0.0	0.0	0.0	0.0	0.0	3.95290385313e-06	0.0	0.0	0.000218388894912	0.0	1.28878214175e-06	0.0	34.0499992371	0.0
2292	284.3169988	808.249028524	273.021046956	0.0	0.0	0.0	0.0	0.0	5.29999780655	0.0250004289361	0.0	0.0	0.0	0.0	0.0	0.00444657254654	0.0	0.0	0.0	0.0	0.0	3.95290385313e-06	0.0	0.0	0.000218388894912	0.0	1.28878214175e-06	0.0	34.0499992371	0.0
2293	284.3169988	808.249028524	273.021046956	0.0	0.0	0.0	0.0	0.0	5.29999780655	0.0250004289361	0.0	0.0	0.0	0.0	0.0	0.00444657254654	0.0	0.0	0.0	0.0	0.0	3.95290385313e-06	0.0	0.0	0.000218388894912	0.0	1.28878214175e-06	0.0	34.0499992371	0.0
2294	284.3169988	808.249028524	273.021046956	0.0	0.0	0.0	0.0	0.0	5.29999780655	0.0250004289361	0.0	0.0	0.0	0.0	0.0	0.00444657254654	0.0	0.0	0.0	0.0	0.0	3.95290385313e-06	0.0	0.0	0.000218388894912	0.0	1.28878214175e-06	0.0	34.0499992371	0.0
2295	284.3169988	808.249028524	273.021046956	0.0	0.0	0.0	0.0	0.0	5.29999780655	0.0250004289361	0.0	0.0	0.0	0.0	0.0	0.00444657254654	0.0	0.0	0.0	0.0	0.0	3.95290385313e-06	0.0	0.0	0.000218388894912	0.0	1.28878214175e-06	0.0	34.0499992371	0.0
2296	284.3169988	808.249028524	273.021046956	0.0	0.0	0.0	0.0	0.0	5.29999780655	0.0250004289361	0.0	0.0	0.0	0.0	0.0	0.00444657254654	0.0	0.0	0.0	0.0	0.0	3.95290385313e-06	0.0	0.0	0.000218388894912	0.0	1.28878214175e-06	0.0	34.0499992371	0.0
2297	284.3169988	808.249028524	273.021046956	0.0	0.0	0.0	0.0	0.0	5.29999780655	0.0250004289361	0.0	0.0	0.0	0.0	0.0	0.00444657254654	0.0	0.0	0.0	0.0	0.0	3.95290385313e-06	0.0	0.0	0.000218388894912	0.0	1.28878214175e-06	0.0	34.0499992371	0.0
2298	284.3169988	808.249028524	273.021046956	0.0	0.0	0.0	0.0	0.0	5.29999780655	0.0250004289361	0.0	0.0	0.0	0.0	0.0	0.00444657254654	0.0	0.0	0.0	0.0	0.0	3.95290385313e-06	0.0	0.0	0.000218388894912	0.0	1.28878214175e-06	0.0	34.0499992371	0.0
2299	284.3169988	808.249028524	273.021046956	0.0	0.0	0.0	0.0	0.0	5.29999780655	0.0250004289361	0.0	0.0	0.0	0.0	0.0	0.00444657254654	0.0	0.0	0.0	0.0	0.0	3.95290385313e-06	0.0	0.0	0.000218388894912	0.0	1.28878214175e-06	0.0	34.0499992371	0.0
2300	284.3169988	808.249028524	273.021046956	0.0	0.0	0.0	0.0	0.0	5.29999780655	0.0250004289361	0.0	0.0	0.0	0.0	0.0	0.00444657254654	0.0	0.0	0.0	0.0	0.0	3.95290385313e-06	0.0	0.0	0.000218388894912	0.0	1.28878214175e-06	0.0	34.0499992371	0.0
2301	284.3169988	808.249028524	273.021046956	0.0	0.0	0.0	0.0	0.0	5.29999780655	0.0250004289361	0.0	0.0	0.0	0.0	0.0	0.00444657254654	0.0	0.0	0.0	0.0	0.0	3.95290385313e-06	0.0	0.0	0.000218388894912	0.0	1.28878214175e-06	0.0	34.0499992371	0.0
2302	284.3169988	808.249028524	273.021046956	0.0	0.0	0.0	0.0	0.0	5.29999780655	0.0250004289361	0.0	0.0	0.0	0.0	0.0	0.00444657254654	0.0	0.0	0.0	0.0	0.0	3.95290385313e-06	0.0	0.0	0.000218388894912	0.0	1.28878214175e-06	0.0	34.0499992371	0.0
2303	284.3169988	808.249028524	273.021046956	0.0	0.0	0.0	0.0	0.0	5.29999780655	0.0250004289361	0.0	0.0	0.0	0.0	0.0	0.00444657254654	0.0	0.0	0.0	0.0	0.0	3.95290385313e-06	0.0	0.0	0.000218388894912	0.0	1.28878214175e-06	0.0	34.0499992371	0.0
2304	284.3169988	808.249028524	273.021046956	0.0	0.0	0.0	0.0	0.0	5.29999780655	0.0250004289361	0.0	0.0	0.0	0.0	0.0	0.00444657254654	0.0	0.0	0.0	0.0	0.0	3.95290385313e-06	0.0	0.0	0.000218388894912	0.0	1.28878214175e-06	0.0	34.0499992371	0.0
2305	284.3169988	808.249028524	273.021046956	0.0	0.0	0.0	0.0	0.0	5.29999780655	0.0250004289361	0.0	0.0	0.0	0.0	0.0	0.00444657254654	0.0	0.0	0.0	0.0	0.0	3.95290385313e-06	0.0	0.0	0.000218388894912	0.0	1.28878214175e-06	0.0	34.0499992371	0.0
2306	284.3169988	808.249028524	273.021046956	0.0	0.0	0.0	0.0	0.0	5.29999780655	0.0250004289361	0.0	0.0	0.0	0.0	0.0	0.00444657254654	0.0	0.0	0.0	0.0	0.0	3.95290385313e-06	0.0	0.0	0.000218388894912	0.0	1.28878214175e-06	0.0	34.0499992371	0.0
2307	284.3169988	808.249028524	273.021046956	0.0	0.0	0.0	0.0	0.0	5.29999780655	0.0250004289361	0.0	0.0	0.0	0.0	0.0	0.00444657254654	0.0	0.0	0.0	0.0	0.0	3.95290385313e-06	0.0	0.0	0.000218388894912	0.0	1.28878214175e-06	0.0	34.0499992371	0.0
2308	284.3169988	808.249028524	273.021046956	0.0	0.0	0.0	0.0	0.0	5.29999780655	0.0250004289361	0.0	0.0	0.0	0.0	0.0	0.00444657254654	0.0	0.0	0.0	0.0	0.0	3.95290385313e-06	0.0	0.0	0.000218388894912	0.0	1.28878214175e-06	0.0	34.0499992371	0.0
2309	284.3169988	808.249028524	273.021046956	0.0	0.0	0.0	0.0	0.0	5.29999780655	0.0250004289361	0.0	0.0	0.0	0.0	0.0	0.00444657254654	0.0	0.0	0.0	0.0	0.0	3.95290385313e-06	0.0	0.0	0.000218388894912	0.0	1.28878214175e-06	0.0	34.0499992371	0.0
2310	284.3169988	808.249028524	273.021046956	0.0	0.0	0.0	0.0	0.0	5.29999780655	0.0250004289361	0.0	0.0	0.0	0.0	0.0	0.00444657254654	0.0	0.0	0.0	0.0	0.0	3.95290385313e-06	0.0	0.0	0.000218388894912	0.0	1.28878214175e-06	0.0	34.0499992371	0.0
2311	284.3169988	808.249028524	273.021046956	0.0	0.0	0.0	0.0	0.0	5.29999780655	0.0250004289361	0.0	0.0	0.0	0.0	0.0	0.00444657254654	0.0	0.0	0.0	0.0	0.0	3.95290385313e-06	0.0	0.0	0.000218388894912	0.0	1.28878214175e-06	0.0	34.0499992371	0.0
2312	284.3169988	808.249028524	273.021046956	0.0	0.0	0.0	0.0	0.0	5.29999780655	0.0250004289361	0.0	0.0	0.0	0.0	0.0	0.00444657254654	0.0	0.0	0.0	0.0	0.0	3.95290385313e-06	0.0	0.0	0.000218388894912	0.0	1.28878214175e-06	0.0	34.0499992371	0.0
2313	284.3169988	808.249028524	273.021046956	0.0	0.0	0.0	0.0	0.0	5.29999780655	0.0250004289361	0.0	0.0	0.0	0.0	0.0	0.00444657254654	0.0	0.0	0.0	0.0	0.0	3.95290385313e-06	0.0	0.0	0.000218388894912	0.0	1.28878214175e-06	0.0	34.0499992371	0.0
2314	284.3169988	808.249028524	273.021046956	0.0	0.0	0.0	0.0	0.0	5.29999780655	0.0250004289361	0.0	0.0	0.0	0.0	0.0	0.00444657254654	0.0	0.0	0.0	0.0	0.0	3.95290385313e-06	0.0	0.0	0.000218388894912	0.0	1.28878214175e-06	0.0	34.0499992371	0.0
2315	284.3169988	808.249028524	273.021046956	0.0	0.0	0.0	0.0	0.0	5.29999780655	0.0250004289361	0.0	0.0	0.0	0.0	0.0	0.00444657254654	0.0	0.0	0.0	0.0	0.0	3.95290385313e-06	0.0	0.0	0.000218388894912	0.0	1.28878214175e-06	0.0	34.0499992371	0.0
2316	284.3169988	808.249028524	273.021046956	0.0	0.0	0.0	0.0	0.0	5.29999780655	0.0250004289361	0.0	0.0	0.0	0.0	0.0	0.00444657254654	0.0	0.0	0.0	0.0	0.0	3.95290385313e-06	0.0	0.0	0.000218388894912	0.0	1.28878214175e-06	0.0	34.0499992371	0.0
2317	284.3169988	808.249028524	273.021046956	0.0	0.0	0.0	0.0	0.0	5.29999780655	0.0250004289361	0.0	0.0	0.0	0.0	0.0	0.00444657254654	0.0	0.0	0.0	0.0	0.0	3.95290385313e-06	0.0	0.0	0.000218388894912	0.0	1.28878214175e-06	0.0	34.0499992371	0.0
2318	284.3169988	808.249028524	273.021046956	0.0	0.0	0.0	0.0	0.0	5.29999780655	0.0250004289361	0.0	0.0	0.0	0.0	0.0	0.00444657254654	0.0	0.0	0.0	0.0	0.0	3.95290385313e-06	0.0	0.0	0.000218388894912	0.0	1.28878214175e-06	0.0	34.0499992371	0.0
2319	284.3169988	808.249028524	273.021046956	0.0	0.0	0.0	0.0	0.0	5.29999780655	0.0250004289361	0.0	0.0	0.0	0.0	0.0	0.00444657254654	0.0	0.0	0.0	0.0	0.0	3.95290385313e-06	0.0	0.0	0.000218388894912	0.0	1.28878214175e-06	0.0	34.0499992371	0.0
2320	284.3169988	808.249028524	273.021046956	0.0	0.0	0.0	0.0	0.0	5.29999780655	0.0250004289361	0.0	0.0	0.0	0.0	0.0	0.00444657254654	0.0	0.0	0.0	0.0	0.0	3.95290385313e-06	0.0	0.0	0.000218388894912	0.0	1.28878214175e-06	0.0	34.0499992371	0.0
2321	284.3169988	808.249028524	273.021046956	0.0	0.0	0.0	0.0	0.0	5.29999780655	0.0250004289361	0.0	0.0	0.0	0.0	0.0	0.00444657254654	0.0	0.0	0.0	0.0	0.0	3.95290385313e-06	0.0	0.0	0.000218388894912	0.0	1.28878214175e-06	0.0	34.0499992371	0.0
2322	284.3169988	808.249028524	273.021046956	0.0	0.0	0.0	0.0	0.0	5.29999780655	0.0250004289361	0.0	0.0	0.0	0.0	0.0	0.00444657254654	0.0	0.0	0.0	0.0	0.0	3.95290385313e-06	0.0	0.0	0.000218388894912	0.0	1.28878214175e-06	0.0	34.0499992371	0.0
2323	284.3169988	808.249028524	273.021046956	0.0	0.0	0.0	0.0	0.0	5.29999780655	0.0250004289361	0.0	0.0	0.0	0.0	0.0	0.00444657254654	0.0	0.0	0.0	0.0	0.0	3.95290385313e-06	0.0	0.0	0.000218388894912	0.0	1.28878214175e-06	0.0	34.0499992371	0.0
2324	284.3169988	808.249028524	273.021046956	0.0	0.0	0.0	0.0	0.0	5.29999780655	0.0250004289361	0.0	0.0	0.0	0.0	0.0	0.00444657254654	0.0	0.0	0.0	0.0	0.0	3.95290385313e-06	0.0	0.0	0.000218388894912	0.0	1.28878214175e-06	0.0	34.0499992371	0.0
2325	284.3169988	808.249028524	273.021046956	0.0	0.0	0.0	0.0	0.0	5.29999780655	0.0250004289361	0.0	0.0	0.0	0.0	0.0	0.00444657254654	0.0	0.0	0.0	0.0	0.0	3.95290385313e-06	0.0	0.0	0.000218388894912	0.0	1.28878214175e-06	0.0	34.0499992371	0.0
2326	284.3169988	808.249028524	273.021046956	0.0	0.0	0.0	0.0	0.0	5.29999780655	0.0250004289361	0.0	0.0	0.0	0.0	0.0	0.00444657254654	0.0	0.0	0.0	0.0	0.0	3.95290385313e-06	0.0	0.0	0.000218388894912	0.0	1.28878214175e-06	0.0	34.0499992371	0.0
2327	284.3169988	808.249028524	273.021046956	0.0	0.0	0.0	0.0	0.0	5.29999780655	0.0250004289361	0.0	0.0	0.0	0.0	0.0	0.00444657254654	0.0	0.0	0.0	0.0	0.0	3.95290385313e-06	0.0	0.0	0.000218388894912	0.0	1.28878214175e-06	0.0	34.0499992371	0.0
2328	284.3169988	808.249028524	273.021046956	0.0	0.0	0.0	0.0	0.0	5.29999780655	0.0250004289361	0.0	0.0	0.0	0.0	0.0	0.00444657254654	0.0	0.0	0.0	0.0	0.0	3.95290385313e-06	0.0	0.0	0.000218388894912	0.0	1.28878214175e-06	0.0	34.0499992371	0.0
2329	284.3169988	808.249028524	273.021046956	0.0	0.0	0.0	0.0	0.0	5.29999780655	0.0250004289361	0.0	0.0	0.0	0.0	0.0	0.00444657254654	0.0	0.0	0.0	0.0	0.0	3.95290385313e-06	0.0	0.0	0.000218388894912	0.0	1.28878214175e-06	0.0	34.0499992371	0.0
2330	284.3169988	808.249028524	273.021046956	0.0	0.0	0.0	0.0	0.0	5.29999780655	0.0250004289361	0.0	0.0	0.0	0.0	0.0	0.00444657254654	0.0	0.0	0.0	0.0	0.0	3.95290385313e-06	0.0	0.0	0.000218388894912	0.0	1.28878214175e-06	0.0	34.0499992371	0.0
2331	284.3169988	808.249028524	273.021046956	0.0	0.0	0.0	0.0	0.0	5.29999780655	0.0250004289361	0.0	0.0	0.0	0.0	0.0	0.00444657254654	0.0	0.0	0.0	0.0	0.0	3.95290385313e-06	0.0	0.0	0.000218388894912	0.0	1.28878214175e-06	0.0	34.0499992371	0.0
2332	284.3169988	808.249028524	273.021046956	0.0	0.0	0.0	0.0	0.0	5.29999780655	0.0250004289361	0.0	0.0	0.0	0.0	0.0	0.00444657254654	0.0	0.0	0.0	0.0	0.0	3.95290385313e-06	0.0	0.0	0.000218388894912	0.0	1.28878214175e-06	0.0	34.0499992371	0.0
2333	284.3169988	808.249028524	273.021046956	0.0	0.0	0.0	0.0	0.0	5.29999780655	0.0250004289361	0.0	0.0	0.0	0.0	0.0	0.00444657254654	0.0	0.0	0.0	0.0	0.0	3.95290385313e-06	0.0	0.0	0.000218388894912	0.0	1.28878214175e-06	0.0	34.0499992371	0.0
2334	284.3169988	808.249028524	273.021046956	0.0	0.0	0.0	0.0	0.0	5.29999780655	0.0250004289361	0.0	0.0	0.0	0.0	0.0	0.00444657254654	0.0	0.0	0.0	0.0	0.0	3.95290385313e-06	0.0	0.0	0.000218388894912	0.0	1.28878214175e-06	0.0	34.0499992371	0.0
2335	284.3169988	808.249028524	273.021046956	0.0	0.0	0.0	0.0	0.0	5.29999780655	0.0250004289361	0.0	0.0	0.0	0.0	0.0	0.00444657254654	0.0	0.0	0.0	0.0	0.0	3.95290385313e-06	0.0	0.0	0.000218388894912	0.0	1.28878214175e-06	0.0	34.0499992371	0.0
2336	284.3169988	808.249028524	273.021046956	0.0	0.0	0.0	0.0	0.0	5.29999780655	0.0250004289361	0.0	0.0	0.0	0.0	0.0	0.00444657254654	0.0	0.0	0.0	0.0	0.0	3.95290385313e-06	0.0	0.0	0.000218388894912	0.0	1.28878214175e-06	0.0	34.0499992371	0.0
2337	284.3169988	808.249028524	273.021046956	0.0	0.0	0.0	0.0	0.0	5.29999780655	0.0250004289361	0.0	0.0	0.0	0.0	0.0	0.00444657254654	0.0	0.0	0.0	0.0	0.0	3.95290385313e-06	0.0	0.0	0.000218388894912	0.0	1.28878214175e-06	0.0	34.0499992371	0.0
2338	284.3169988	808.249028524	273.021046956	0.0	0.0	0.0	0.0	0.0	5.29999780655	0.0250004289361	0.0	0.0	0.0	0.0	0.0	0.00444657254654	0.0	0.0	0.0	0.0	0.0	3.95290385313e-06	0.0	0.0	0.000218388894912	0.0	1.28878214175e-06	0.0	34.0499992371	0.0
2339	284.3169988	808.249028524	273.021046956	0.0	0.0	0.0	0.0	0.0	5.29999780655	0.0250004289361	0.0	0.0	0.0	0.0	0.0	0.00444657254654	0.0	0.0	0.0	0.0	0.0	3.95290385313e-06	0.0	0.0	0.000218388894912	0.0	1.28878214175e-06	0.0	34.0499992371	0.0
2340	284.3169988	808.249028524	273.021046956	0.0	0.0	0.0	0.0	0.0	5.29999780655	0.0250004289361	0.0	0.0	0.0	0.0	0.0	0.00444657254654	0.0	0.0	0.0	0.0	0.0	3.95290385313e-06	0.0	0.0	0.000218388894912	0.0	1.28878214175e-06	0.0	34.0499992371	0.0
2341	284.3169988	808.249028524	273.021046956	0.0	0.0	0.0	0.0	0.0	5.29999780655	0.0250004289361	0.0	0.0	0.0	0.0	0.0	0.00444657254654	0.0	0.0	0.0	0.0	0.0	3.95290385313e-06	0.0	0.0	0.000218388894912	0.0	1.28878214175e-06	0.0	34.0499992371	0.0
2342	284.3169988	808.249028524	273.021046956	0.0	0.0	0.0	0.0	0.0	5.29999780655	0.0250004289361	0.0	0.0	0.0	0.0	0.0	0.00444657254654	0.0	0.0	0.0	0.0	0.0	3.95290385313e-06	0.0	0.0	0.000218388894912	0.0	1.28878214175e-06	0.0	34.0499992371	0.0
2343	284.3169988	808.249028524	273.021046956	0.0	0.0	0.0	0.0	0.0	5.29999780655	0.0250004289361	0.0	0.0	0.0	0.0	0.0	0.00444657254654	0.0	0.0	0.0	0.0	0.0	3.95290385313e-06	0.0	0.0	0.000218388894912	0.0	1.28878214175e-06	0.0	34.0499992371	0.0
2344	284.3169988	808.249028524	273.021046956	0.0	0.0	0.0	0.0	0.0	5.29999780655	0.0250004289361	0.0	0.0	0.0	0.0	0.0	0.00444657254654	0.0	0.0	0.0	0.0	0.0	3.95290385313e-06	0.0	0.0	0.000218388894912	0.0	1.28878214175e-06	0.0	34.0499992371	0.0
2345	284.3169988	808.249028524	273.021046956	0.0	0.0	0.0	0.0	0.0	5.29999780655	0.0250004289361	0.0	0.0	0.0	0.0	0.0	0.00444657254654	0.0	0.0	0.0	0.0	0.0	3.95290385313e-06	0.0	0.0	0.000218388894912	0.0	1.28878214175e-06	0.0	34.0499992371	0.0
2346	284.3169988	808.249028524	273.021046956	0.0	0.0	0.0	0.0	0.0	5.29999780655	0.0250004289361	0.0	0.0	0.0	0.0	0.0	0.00444657254654	0.0	0.0	0.0	0.0	0.0	3.95290385313e-06	0.0	0.0	0.000218388894912	0.0	1.28878214175e-06	0.0	34.0499992371	0.0
2347	284.3169988	808.249028524	273.021046956	0.0	0.0	0.0	0.0	0.0	5.29999780655	0.0250004289361	0.0	0.0	0.0	0.0	0.0	0.00444657254654	0.0	0.0	0.0	0.0	0.0	3.95290385313e-06	0.0	0.0	0.000218388894912	0.0	1.28878214175e-06	0.0	34.0499992371	0.0
2348	284.3169988	808.249028524	273.021046956	0.0	0.0	0.0	0.0	0.0	5.29999780655	0.0250004289361	0.0	0.0	0.0	0.0	0.0	0.00444657254654	0.0	0.0	0.0	0.0	0.0	3.95290385313e-06	0.0	0.0	0.000218388894912	0.0	1.28878214175e-06	0.0	34.0499992371	0.0
2349	284.3169988	808.249028524	273.021046956	0.0	0.0	0.0	0.0	0.0	5.29999780655	0.0250004289361	0.0	0.0	0.0	0.0	0.0	0.00444657254654	0.0	0.0	0.0	0.0	0.0	3.95290385313e-06	0.0	0.0	0.000218388894912	0.0	1.28878214175e-06	0.0	34.0499992371	0.0
2350	284.3169988	808.249028524	273.021046956	0.0	0.0	0.0	0.0	0.0	5.29999780655	0.0250004289361	0.0	0.0	0.0	0.0	0.0	0.00444657254654	0.0	0.0	0.0	0.0	0.0	3.95290385313e-06	0.0	0.0	0.000218388894912	0.0	1.28878214175e-06	0.0	34.0499992371	0.0
2351	284.3169988	808.249028524	273.021046956	0.0	0.0	0.0	0.0	0.0	5.29999780655	0.0250004289361	0.0	0.0	0.0	0.0	0.0	0.00444657254654	0.0	0.0	0.0	0.0	0.0	3.95290385313e-06	0.0	0.0	0.000218388894912	0.0	1.28878214175e-06	0.0	34.0499992371	0.0
2352	284.3169988	808.249028524	273.021046956	0.0	0.0	0.0	0.0	0.0	5.29999780655	0.0250004289361	0.0	0.0	0.0	0.0	0.0	0.00444657254654	0.0	0.0	0.0	0.0	0.0	3.95290385313e-06	0.0	0.0	0.000218388894912	0.0	1.28878214175e-06	0.0	34.0499992371	0.0
2353	284.3169988	808.249028524	273.021046956	0.0	0.0	0.0	0.0	0.0	5.29999780655	0.0250004289361	0.0	0.0	0.0	0.0	0.0	0.00444657254654	0.0	0.0	0.0	0.0	0.0	3.95290385313e-06	0.0	0.0	0.000218388894912	0.0	1.28878214175e-06	0.0	34.0499992371	0.0
2354	284.3169988	808.249028524	273.021046956	0.0	0.0	0.0	0.0	0.0	5.29999780655	0.0250004289361	0.0	0.0	0.0	0.0	0.0	0.00444657254654	0.0	0.0	0.0	0.0	0.0	3.95290385313e-06	0.0	0.0	0.000218388894912	0.0	1.28878214175e-06	0.0	34.0499992371	0.0
2355	284.3169988	808.249028524	273.021046956	0.0	0.0	0.0	0.0	0.0	5.29999780655	0.0250004289361	0.0	0.0	0.0	0.0	0.0	0.00444657254654	0.0	0.0	0.0	0.0	0.0	3.95290385313e-06	0.0	0.0	0.000218388894912	0.0	1.28878214175e-06	0.0	34.0499992371	0.0
2356	284.3169988	808.249028524	273.021046956	0.0	0.0	0.0	0.0	0.0	5.29999780655	0.0250004289361	0.0	0.0	0.0	0.0	0.0	0.00444657254654	0.0	0.0	0.0	0.0	0.0	3.95290385313e-06	0.0	0.0	0.000218388894912	0.0	1.28878214175e-06	0.0	34.0499992371	0.0
2357	284.3169988	808.249028524	273.021046956	0.0	0.0	0.0	0.0	0.0	5.29999780655	0.0250004289361	0.0	0.0	0.0	0.0	0.0	0.00444657254654	0.0	0.0	0.0	0.0	0.0	3.95290385313e-06	0.0	0.0	0.000218388894912	0.0	1.28878214175e-06	0.0	34.0499992371	0.0
2358	284.3169988	808.249028524	273.021046956	0.0	0.0	0.0	0.0	0.0	5.29999780655	0.0250004289361	0.0	0.0	0.0	0.0	0.0	0.00444657254654	0.0	0.0	0.0	0.0	0.0	3.95290385313e-06	0.0	0.0	0.000218388894912	0.0	1.28878214175e-06	0.0	34.0499992371	0.0
2359	284.3169988	808.249028524	273.021046956	0.0	0.0	0.0	0.0	0.0	5.29999780655	0.0250004289361	0.0	0.0	0.0	0.0	0.0	0.00444657254654	0.0	0.0	0.0	0.0	0.0	3.95290385313e-06	0.0	0.0	0.000218388894912	0.0	1.28878214175e-06	0.0	34.0499992371	0.0
2360	284.3169988	808.249028524	273.021046956	0.0	0.0	0.0	0.0	0.0	5.29999780655	0.0250004289361	0.0	0.0	0.0	0.0	0.0	0.00444657254654	0.0	0.0	0.0	0.0	0.0	3.95290385313e-06	0.0	0.0	0.000218388894912	0.0	1.28878214175e-06	0.0	34.0499992371	0.0
2361	284.3169988	808.249028524	273.021046956	0.0	0.0	0.0	0.0	0.0	5.29999780655	0.0250004289361	0.0	0.0	0.0	0.0	0.0	0.00444657254654	0.0	0.0	0.0	0.0	0.0	3.95290385313e-06	0.0	0.0	0.000218388894912	0.0	1.28878214175e-06	0.0	34.0499992371	0.0
2362	284.3169988	808.249028524	273.021046956	0.0	0.0	0.0	0.0	0.0	5.29999780655	0.0250004289361	0.0	0.0	0.0	0.0	0.0	0.00444657254654	0.0	0.0	0.0	0.0	0.0	3.95290385313e-06	0.0	0.0	0.000218388894912	0.0	1.28878214175e-06	0.0	34.0499992371	0.0
2363	284.3169988	808.249028524	273.021046956	0.0	0.0	0.0	0.0	0.0	5.29999780655	0.0250004289361	0.0	0.0	0.0	0.0	0.0	0.00444657254654	0.0	0.0	0.0	0.0	0.0	3.95290385313e-06	0.0	0.0	0.000218388894912	0.0	1.28878214175e-06	0.0	34.0499992371	0.0
2364	284.3169988	808.249028524	273.021046956	0.0	0.0	0.0	0.0	0.0	5.29999780655	0.0250004289361	0.0	0.0	0.0	0.0	0.0	0.00444657254654	0.0	0.0	0.0	0.0	0.0	3.95290385313e-06	0.0	0.0	0.000218388894912	0.0	1.28878214175e-06	0.0	34.0499992371	0.0
2365	284.3169988	808.249028524	273.021046956	0.0	0.0	0.0	0.0	0.0	5.29999780655	0.0250004289361	0.0	0.0	0.0	0.0	0.0	0.00444657254654	0.0	0.0	0.0	0.0	0.0	3.95290385313e-06	0.0	0.0	0.000218388894912	0.0	1.28878214175e-06	0.0	34.0499992371	0.0
2366	284.3169988	808.249028524	273.021046956	0.0	0.0	0.0	0.0	0.0	5.29999780655	0.0250004289361	0.0	0.0	0.0	0.0	0.0	0.00444657254654	0.0	0.0	0.0	0.0	0.0	3.95290385313e-06	0.0	0.0	0.000218388894912	0.0	1.28878214175e-06	0.0	34.0499992371	0.0
2367	284.3169988	808.249028524	273.021046956	0.0	0.0	0.0	0.0	0.0	5.29999780655	0.0250004289361	0.0	0.0	0.0	0.0	0.0	0.00444657254654	0.0	0.0	0.0	0.0	0.0	3.95290385313e-06	0.0	0.0	0.000218388894912	0.0	1.28878214175e-06	0.0	34.0499992371	0.0
2368	284.3169988	808.249028524	273.021046956	0.0	0.0	0.0	0.0	0.0	5.29999780655	0.0250004289361	0.0	0.0	0.0	0.0	0.0	0.00444657254654	0.0	0.0	0.0	0.0	0.0	3.95290385313e-06	0.0	0.0	0.000218388894912	0.0	1.28878214175e-06	0.0	34.0499992371	0.0
2369	284.3169988	808.249028524	273.021046956	0.0	0.0	0.0	0.0	0.0	5.29999780655	0.0250004289361	0.0	0.0	0.0	0.0	0.0	0.00444657254654	0.0	0.0	0.0	0.0	0.0	3.95290385313e-06	0.0	0.0	0.000218388894912	0.0	1.28878214175e-06	0.0	34.0499992371	0.0
2370	284.3169988	808.249028524	273.021046956	0.0	0.0	0.0	0.0	0.0	5.29999780655	0.0250004289361	0.0	0.0	0.0	0.0	0.0	0.00444657254654	0.0	0.0	0.0	0.0	0.0	3.95290385313e-06	0.0	0.0	0.000218388894912	0.0	1.28878214175e-06	0.0	34.0499992371	0.0
2371	284.3169988	808.249028524	273.021046956	0.0	0.0	0.0	0.0	0.0	5.29999780655	0.0250004289361	0.0	0.0	0.0	0.0	0.0	0.00444657254654	0.0	0.0	0.0	0.0	0.0	3.95290385313e-06	0.0	0.0	0.000218388894912	0.0	1.28878214175e-06	0.0	34.0499992371	0.0
2372	284.3169988	808.249028524	273.021046956	0.0	0.0	0.0	0.0	0.0	5.29999780655	0.0250004289361	0.0	0.0	0.0	0.0	0.0	0.00444657254654	0.0	0.0	0.0	0.0	0.0	3.95290385313e-06	0.0	0.0	0.000218388894912	0.0	1.28878214175e-06	0.0	34.0499992371	0.0
2373	284.3169988	808.249028524	273.021046956	0.0	0.0	0.0	0.0	0.0	5.29999780655	0.0250004289361	0.0	0.0	0.0	0.0	0.0	0.00444657254654	0.0	0.0	0.0	0.0	0.0	3.95290385313e-06	0.0	0.0	0.000218388894912	0.0	1.28878214175e-06	0.0	34.0499992371	0.0
2374	284.3169988	808.249028524	273.021046956	0.0	0.0	0.0	0.0	0.0	5.29999780655	0.0250004289361	0.0	0.0	0.0	0.0	0.0	0.00444657254654	0.0	0.0	0.0	0.0	0.0	3.95290385313e-06	0.0	0.0	0.000218388894912	0.0	1.28878214175e-06	0.0	34.0499992371	0.0
2375	284.3169988	808.249028524	273.021046956	0.0	0.0	0.0	0.0	0.0	5.29999780655	0.0250004289361	0.0	0.0	0.0	0.0	0.0	0.00444657254654	0.0	0.0	0.0	0.0	0.0	3.95290385313e-06	0.0	0.0	0.000218388894912	0.0	1.28878214175e-06	0.0	34.0499992371	0.0
2376	284.3169988	808.249028524	273.021046956	0.0	0.0	0.0	0.0	0.0	5.29999780655	0.0250004289361	0.0	0.0	0.0	0.0	0.0	0.00444657254654	0.0	0.0	0.0	0.0	0.0	3.95290385313e-06	0.0	0.0	0.000218388894912	0.0	1.28878214175e-06	0.0	34.0499992371	0.0
2377	284.3169988	808.249028524	273.021046956	0.0	0.0	0.0	0.0	0.0	5.29999780655	0.0250004289361	0.0	0.0	0.0	0.0	0.0	0.00444657254654	0.0	0.0	0.0	0.0	0.0	3.95290385313e-06	0.0	0.0	0.000218388894912	0.0	1.28878214175e-06	0.0	34.0499992371	0.0
2378	284.3169988	808.249028524	273.021046956	0.0	0.0	0.0	0.0	0.0	5.29999780655	0.0250004289361	0.0	0.0	0.0	0.0	0.0	0.00444657254654	0.0	0.0	0.0	0.0	0.0	3.95290385313e-06	0.0	0.0	0.000218388894912	0.0	1.28878214175e-06	0.0	34.0499992371	0.0
2379	284.3169988	808.249028524	273.021046956	0.0	0.0	0.0	0.0	0.0	5.29999780655	0.0250004289361	0.0	0.0	0.0	0.0	0.0	0.00444657254654	0.0	0.0	0.0	0.0	0.0	3.95290385313e-06	0.0	0.0	0.000218388894912	0.0	1.28878214175e-06	0.0	34.0499992371	0.0
2380	284.3169988	808.249028524	273.021046956	0.0	0.0	0.0	0.0	0.0	5.29999780655	0.0250004289361	0.0	0.0	0.0	0.0	0.0	0.00444657254654	0.0	0.0	0.0	0.0	0.0	3.95290385313e-06	0.0	0.0	0.000218388894912	0.0	1.28878214175e-06	0.0	34.0499992371	0.0
2381	284.3169988	808.249028524	273.021046956	0.0	0.0	0.0	0.0	0.0	5.29999780655	0.0250004289361	0.0	0.0	0.0	0.0	0.0	0.00444657254654	0.0	0.0	0.0	0.0	0.0	3.95290385313e-06	0.0	0.0	0.000218388894912	0.0	1.28878214175e-06	0.0	34.0499992371	0.0
2382	284.3169988	808.249028524	273.021046956	0.0	0.0	0.0	0.0	0.0	5.29999780655	0.0250004289361	0.0	0.0	0.0	0.0	0.0	0.00444657254654	0.0	0.0	0.0	0.0	0.0	3.95290385313e-06	0.0	0.0	0.000218388894912	0.0	1.28878214175e-06	0.0	34.0499992371	0.0
2383	284.3169988	808.249028524	273.021046956	0.0	0.0	0.0	0.0	0.0	5.29999780655	0.0250004289361	0.0	0.0	0.0	0.0	0.0	0.00444657254654	0.0	0.0	0.0	0.0	0.0	3.95290385313e-06	0.0	0.0	0.000218388894912	0.0	1.28878214175e-06	0.0	34.0499992371	0.0
2384	284.3169988	808.249028524	273.021046956	0.0	0.0	0.0	0.0	0.0	5.29999780655	0.0250004289361	0.0	0.0	0.0	0.0	0.0	0.00444657254654	0.0	0.0	0.0	0.0	0.0	3.95290385313e-06	0.0	0.0	0.000218388894912	0.0	1.28878214175e-06	0.0	34.0499992371	0.0
2385	284.3169988	808.249028524	273.021046956	0.0	0.0	0.0	0.0	0.0	5.29999780655	0.0250004289361	0.0	0.0	0.0	0.0	0.0	0.00444657254654	0.0	0.0	0.0	0.0	0.0	3.95290385313e-06	0.0	0.0	0.000218388894912	0.0	1.28878214175e-06	0.0	34.0499992371	0.0
2386	284.3169988	808.249028524	273.021046956	0.0	0.0	0.0	0.0	0.0	5.29999780655	0.0250004289361	0.0	0.0	0.0	0.0	0.0	0.00444657254654	0.0	0.0	0.0	0.0	0.0	3.95290385313e-06	0.0	0.0	0.000218388894912	0.0	1.28878214175e-06	0.0	34.0499992371	0.0
2387	284.3169988	808.249028524	273.021046956	0.0	0.0	0.0	0.0	0.0	5.29999780655	0.0250004289361	0.0	0.0	0.0	0.0	0.0	0.00444657254654	0.0	0.0	0.0	0.0	0.0	3.95290385313e-06	0.0	0.0	0.000218388894912	0.0	1.28878214175e-06	0.0	34.0499992371	0.0
2388	284.3169988	808.249028524	273.021046956	0.0	0.0	0.0	0.0	0.0	5.29999780655	0.0250004289361	0.0	0.0	0.0	0.0	0.0	0.00444657254654	0.0	0.0	0.0	0.0	0.0	3.95290385313e-06	0.0	0.0	0.000218388894912	0.0	1.28878214175e-06	0.0	34.0499992371	0.0
2389	284.3169988	808.249028524	273.021046956	0.0	0.0	0.0	0.0	0.0	5.29999780655	0.0250004289361	0.0	0.0	0.0	0.0	0.0	0.00444657254654	0.0	0.0	0.0	0.0	0.0	3.95290385313e-06	0.0	0.0	0.000218388894912	0.0	1.28878214175e-06	0.0	34.0499992371	0.0
2390	284.3169988	808.249028524	273.021046956	0.0	0.0	0.0	0.0	0.0	5.29999780655	0.0250004289361	0.0	0.0	0.0	0.0	0.0	0.00444657254654	0.0	0.0	0.0	0.0	0.0	3.95290385313e-06	0.0	0.0	0.000218388894912	0.0	1.28878214175e-06	0.0	34.0499992371	0.0
2391	284.3169988	808.249028524	273.021046956	0.0	0.0	0.0	0.0	0.0	5.29999780655	0.0250004289361	0.0	0.0	0.0	0.0	0.0	0.00444657254654	0.0	0.0	0.0	0.0	0.0	3.95290385313e-06	0.0	0.0	0.000218388894912	0.0	1.28878214175e-06	0.0	34.0499992371	0.0
2392	284.3169988	808.249028524	273.021046956	0.0	0.0	0.0	0.0	0.0	5.29999780655	0.0250004289361	0.0	0.0	0.0	0.0	0.0	0.00444657254654	0.0	0.0	0.0	0.0	0.0	3.95290385313e-06	0.0	0.0	0.000218388894912	0.0	1.28878214175e-06	0.0	34.0499992371	0.0
2393	284.3169988	808.249028524	273.021046956	0.0	0.0	0.0	0.0	0.0	5.29999780655	0.0250004289361	0.0	0.0	0.0	0.0	0.0	0.00444657254654	0.0	0.0	0.0	0.0	0.0	3.95290385313e-06	0.0	0.0	0.000218388894912	0.0	1.28878214175e-06	0.0	34.0499992371	0.0
2394	284.3169988	808.249028524	273.021046956	0.0	0.0	0.0	0.0	0.0	5.29999780655	0.0250004289361	0.0	0.0	0.0	0.0	0.0	0.00444657254654	0.0	0.0	0.0	0.0	0.0	3.95290385313e-06	0.0	0.0	0.000218388894912	0.0	1.28878214175e-06	0.0	34.0499992371	0.0
2395	284.3169988	808.249028524	273.021046956	0.0	0.0	0.0	0.0	0.0	5.29999780655	0.0250004289361	0.0	0.0	0.0	0.0	0.0	0.00444657254654	0.0	0.0	0.0	0.0	0.0	3.95290385313e-06	0.0	0.0	0.000218388894912	0.0	1.28878214175e-06	0.0	34.0499992371	0.0
2396	284.3169988	808.249028524	273.021046956	0.0	0.0	0.0	0.0	0.0	5.29999780655	0.0250004289361	0.0	0.0	0.0	0.0	0.0	0.00444657254654	0.0	0.0	0.0	0.0	0.0	3.95290385313e-06	0.0	0.0	0.000218388894912	0.0	1.28878214175e-06	0.0	34.0499992371	0.0
2397	284.3169988	808.249028524	273.021046956	0.0	0.0	0.0	0.0	0.0	5.29999780655	0.0250004289361	0.0	0.0	0.0	0.0	0.0	0.00444657254654	0.0	0.0	0.0	0.0	0.0	3.95290385313e-06	0.0	0.0	0.000218388894912	0.0	1.28878214175e-06	0.0	34.0499992371	0.0
2398	284.3169988	808.249028524	273.021046956	0.0	0.0	0.0	0.0	0.0	5.29999780655	0.0250004289361	0.0	0.0	0.0	0.0	0.0	0.00444657254654	0.0	0.0	0.0	0.0	0.0	3.95290385313e-06	0.0	0.0	0.000218388894912	0.0	1.28878214175e-06	0.0	34.0499992371	0.0
2399	284.3169988	808.249028524	273.021046956	0.0	0.0	0.0	0.0	0.0	5.29999780655	0.0250004289361	0.0	0.0	0.0	0.0	0.0	0.00444657254654	0.0	0.0	0.0	0.0	0.0	3.95290385313e-06	0.0	0.0	0.000218388894912	0.0	1.28878214175e-06	0.0	34.0499992371	0.0
2400	284.3169988	808.249028524	273.021046956	0.0	0.0	0.0	0.0	0.0	5.29999780655	0.0250004289361	0.0	0.0	0.0	0.0	0.0	0.00444657254654	0.0	0.0	0.0	0.0	0.0	3.95290385313e-06	0.0	0.0	0.000218388894912	0.0	1.28878214175e-06	0.0	34.0499992371	0.0
2401	284.3169988	808.249028524	273.021046956	0.0	0.0	0.0	0.0	0.0	5.29999780655	0.0250004289361	0.0	0.0	0.0	0.0	0.0	0.00444657254654	0.0	0.0	0.0	0.0	0.0	3.95290385313e-06	0.0	0.0	0.000218388894912	0.0	1.28878214175e-06	0.0	34.0499992371	0.0
2402	284.3169988	808.249028524	273.021046956	0.0	0.0	0.0	0.0	0.0	5.29999780655	0.0250004289361	0.0	0.0	0.0	0.0	0.0	0.00444657254654	0.0	0.0	0.0	0.0	0.0	3.95290385313e-06	0.0	0.0	0.000218388894912	0.0	1.28878214175e-06	0.0	34.0499992371	0.0
2403	284.3169988	808.249028524	273.021046956	0.0	0.0	0.0	0.0	0.0	5.29999780655	0.0250004289361	0.0	0.0	0.0	0.0	0.0	0.00444657254654	0.0	0.0	0.0	0.0	0.0	3.95290385313e-06	0.0	0.0	0.000218388894912	0.0	1.28878214175e-06	0.0	34.0499992371	0.0
2404	284.3169988	808.249028524	273.021046956	0.0	0.0	0.0	0.0	0.0	5.29999780655	0.0250004289361	0.0	0.0	0.0	0.0	0.0	0.00444657254654	0.0	0.0	0.0	0.0	0.0	3.95290385313e-06	0.0	0.0	0.000218388894912	0.0	1.28878214175e-06	0.0	34.0499992371	0.0
2405	284.3169988	808.249028524	273.021046956	0.0	0.0	0.0	0.0	0.0	5.29999780655	0.0250004289361	0.0	0.0	0.0	0.0	0.0	0.00444657254654	0.0	0.0	0.0	0.0	0.0	3.95290385313e-06	0.0	0.0	0.000218388894912	0.0	1.28878214175e-06	0.0	34.0499992371	0.0
2406	284.3169988	808.249028524	273.021046956	0.0	0.0	0.0	0.0	0.0	5.29999780655	0.0250004289361	0.0	0.0	0.0	0.0	0.0	0.00444657254654	0.0	0.0	0.0	0.0	0.0	3.95290385313e-06	0.0	0.0	0.000218388894912	0.0	1.28878214175e-06	0.0	34.0499992371	0.0
2407	284.3169988	808.249028524	273.021046956	0.0	0.0	0.0	0.0	0.0	5.29999780655	0.0250004289361	0.0	0.0	0.0	0.0	0.0	0.00444657254654	0.0	0.0	0.0	0.0	0.0	3.95290385313e-06	0.0	0.0	0.000218388894912	0.0	1.28878214175e-06	0.0	34.0499992371	0.0
2408	284.3169988	808.249028524	273.021046956	0.0	0.0	0.0	0.0	0.0	5.29999780655	0.0250004289361	0.0	0.0	0.0	0.0	0.0	0.00444657254654	0.0	0.0	0.0	0.0	0.0	3.95290385313e-06	0.0	0.0	0.000218388894912	0.0	1.28878214175e-06	0.0	34.0499992371	0.0
2409	284.3169988	808.249028524	273.021046956	0.0	0.0	0.0	0.0	0.0	5.29999780655	0.0250004289361	0.0	0.0	0.0	0.0	0.0	0.00444657254654	0.0	0.0	0.0	0.0	0.0	3.95290385313e-06	0.0	0.0	0.000218388894912	0.0	1.28878214175e-06	0.0	34.0499992371	0.0
2410	284.3169988	808.249028524	273.021046956	0.0	0.0	0.0	0.0	0.0	5.29999780655	0.0250004289361	0.0	0.0	0.0	0.0	0.0	0.00444657254654	0.0	0.0	0.0	0.0	0.0	3.95290385313e-06	0.0	0.0	0.000218388894912	0.0	1.28878214175e-06	0.0	34.0499992371	0.0
2411	284.3169988	808.249028524	273.021046956	0.0	0.0	0.0	0.0	0.0	5.29999780655	0.0250004289361	0.0	0.0	0.0	0.0	0.0	0.00444657254654	0.0	0.0	0.0	0.0	0.0	3.95290385313e-06	0.0	0.0	0.000218388894912	0.0	1.28878214175e-06	0.0	34.0499992371	0.0
2412	284.3169988	808.249028524	273.021046956	0.0	0.0	0.0	0.0	0.0	5.29999780655	0.0250004289361	0.0	0.0	0.0	0.0	0.0	0.00444657254654	0.0	0.0	0.0	0.0	0.0	3.95290385313e-06	0.0	0.0	0.000218388894912	0.0	1.28878214175e-06	0.0	34.0499992371	0.0
2413	284.3169988	808.249028524	273.021046956	0.0	0.0	0.0	0.0	0.0	5.29999780655	0.0250004289361	0.0	0.0	0.0	0.0	0.0	0.00444657254654	0.0	0.0	0.0	0.0	0.0	3.95290385313e-06	0.0	0.0	0.000218388894912	0.0	1.28878214175e-06	0.0	34.0499992371	0.0
2414	284.3169988	808.249028524	273.021046956	0.0	0.0	0.0	0.0	0.0	5.29999780655	0.0250004289361	0.0	0.0	0.0	0.0	0.0	0.00444657254654	0.0	0.0	0.0	0.0	0.0	3.95290385313e-06	0.0	0.0	0.000218388894912	0.0	1.28878214175e-06	0.0	34.0499992371	0.0
2415	284.3169988	808.249028524	273.021046956	0.0	0.0	0.0	0.0	0.0	5.29999780655	0.0250004289361	0.0	0.0	0.0	0.0	0.0	0.00444657254654	0.0	0.0	0.0	0.0	0.0	3.95290385313e-06	0.0	0.0	0.000218388894912	0.0	1.28878214175e-06	0.0	34.0499992371	0.0
2416	284.3169988	808.249028524	273.021046956	0.0	0.0	0.0	0.0	0.0	5.29999780655	0.0250004289361	0.0	0.0	0.0	0.0	0.0	0.00444657254654	0.0	0.0	0.0	0.0	0.0	3.95290385313e-06	0.0	0.0	0.000218388894912	0.0	1.28878214175e-06	0.0	34.0499992371	0.0
2417	284.3169988	808.249028524	273.021046956	0.0	0.0	0.0	0.0	0.0	5.29999780655	0.0250004289361	0.0	0.0	0.0	0.0	0.0	0.00444657254654	0.0	0.0	0.0	0.0	0.0	3.95290385313e-06	0.0	0.0	0.000218388894912	0.0	1.28878214175e-06	0.0	34.0499992371	0.0
2418	284.3169988	808.249028524	273.021046956	0.0	0.0	0.0	0.0	0.0	5.29999780655	0.0250004289361	0.0	0.0	0.0	0.0	0.0	0.00444657254654	0.0	0.0	0.0	0.0	0.0	3.95290385313e-06	0.0	0.0	0.000218388894912	0.0	1.28878214175e-06	0.0	34.0499992371	0.0
2419	284.3169988	808.249028524	273.021046956	0.0	0.0	0.0	0.0	0.0	5.29999780655	0.0250004289361	0.0	0.0	0.0	0.0	0.0	0.00444657254654	0.0	0.0	0.0	0.0	0.0	3.95290385313e-06	0.0	0.0	0.000218388894912	0.0	1.28878214175e-06	0.0	34.0499992371	0.0
2420	284.3169988	808.249028524	273.021046956	0.0	0.0	0.0	0.0	0.0	5.29999780655	0.0250004289361	0.0	0.0	0.0	0.0	0.0	0.00444657254654	0.0	0.0	0.0	0.0	0.0	3.95290385313e-06	0.0	0.0	0.000218388894912	0.0	1.28878214175e-06	0.0	34.0499992371	0.0
2421	284.3169988	808.249028524	273.021046956	0.0	0.0	0.0	0.0	0.0	5.29999780655	0.0250004289361	0.0	0.0	0.0	0.0	0.0	0.00444657254654	0.0	0.0	0.0	0.0	0.0	3.95290385313e-06	0.0	0.0	0.000218388894912	0.0	1.28878214175e-06	0.0	34.0499992371	0.0
2422	284.3169988	808.249028524	273.021046956	0.0	0.0	0.0	0.0	0.0	5.29999780655	0.0250004289361	0.0	0.0	0.0	0.0	0.0	0.00444657254654	0.0	0.0	0.0	0.0	0.0	3.95290385313e-06	0.0	0.0	0.000218388894912	0.0	1.28878214175e-06	0.0	34.0499992371	0.0
2423	284.3169988	808.249028524	273.021046956	0.0	0.0	0.0	0.0	0.0	5.29999780655	0.0250004289361	0.0	0.0	0.0	0.0	0.0	0.00444657254654	0.0	0.0	0.0	0.0	0.0	3.95290385313e-06	0.0	0.0	0.000218388894912	0.0	1.28878214175e-06	0.0	34.0499992371	0.0
2424	284.3169988	808.249028524	273.021046956	0.0	0.0	0.0	0.0	0.0	5.29999780655	0.0250004289361	0.0	0.0	0.0	0.0	0.0	0.00444657254654	0.0	0.0	0.0	0.0	0.0	3.95290385313e-06	0.0	0.0	0.000218388894912	0.0	1.28878214175e-06	0.0	34.0499992371	0.0
2425	284.3169988	808.249028524	273.021046956	0.0	0.0	0.0	0.0	0.0	5.29999780655	0.0250004289361	0.0	0.0	0.0	0.0	0.0	0.00444657254654	0.0	0.0	0.0	0.0	0.0	3.95290385313e-06	0.0	0.0	0.000218388894912	0.0	1.28878214175e-06	0.0	34.0499992371	0.0
2426	284.3169988	808.249028524	273.021046956	0.0	0.0	0.0	0.0	0.0	5.29999780655	0.0250004289361	0.0	0.0	0.0	0.0	0.0	0.00444657254654	0.0	0.0	0.0	0.0	0.0	3.95290385313e-06	0.0	0.0	0.000218388894912	0.0	1.28878214175e-06	0.0	34.0499992371	0.0
2427	284.3169988	808.249028524	273.021046956	0.0	0.0	0.0	0.0	0.0	5.29999780655	0.0250004289361	0.0	0.0	0.0	0.0	0.0	0.00444657254654	0.0	0.0	0.0	0.0	0.0	3.95290385313e-06	0.0	0.0	0.000218388894912	0.0	1.28878214175e-06	0.0	34.0499992371	0.0
2428	284.3169988	808.249028524	273.021046956	0.0	0.0	0.0	0.0	0.0	5.29999780655	0.0250004289361	0.0	0.0	0.0	0.0	0.0	0.00444657254654	0.0	0.0	0.0	0.0	0.0	3.95290385313e-06	0.0	0.0	0.000218388894912	0.0	1.28878214175e-06	0.0	34.0499992371	0.0
2429	284.3169988	808.249028524	273.021046956	0.0	0.0	0.0	0.0	0.0	5.29999780655	0.0250004289361	0.0	0.0	0.0	0.0	0.0	0.00444657254654	0.0	0.0	0.0	0.0	0.0	3.95290385313e-06	0.0	0.0	0.000218388894912	0.0	1.28878214175e-06	0.0	34.0499992371	0.0
2430	284.3169988	808.249028524	273.021046956	0.0	0.0	0.0	0.0	0.0	5.29999780655	0.0250004289361	0.0	0.0	0.0	0.0	0.0	0.00444657254654	0.0	0.0	0.0	0.0	0.0	3.95290385313e-06	0.0	0.0	0.000218388894912	0.0	1.28878214175e-06	0.0	34.0499992371	0.0
2431	284.3169988	808.249028524	273.021046956	0.0	0.0	0.0	0.0	0.0	5.29999780655	0.0250004289361	0.0	0.0	0.0	0.0	0.0	0.00444657254654	0.0	0.0	0.0	0.0	0.0	3.95290385313e-06	0.0	0.0	0.000218388894912	0.0	1.28878214175e-06	0.0	34.0499992371	0.0
2432	284.3169988	808.249028524	273.021046956	0.0	0.0	0.0	0.0	0.0	5.29999780655	0.0250004289361	0.0	0.0	0.0	0.0	0.0	0.00444657254654	0.0	0.0	0.0	0.0	0.0	3.95290385313e-06	0.0	0.0	0.000218388894912	0.0	1.28878214175e-06	0.0	34.0499992371	0.0
2433	284.3169988	808.249028524	273.021046956	0.0	0.0	0.0	0.0	0.0	5.29999780655	0.0250004289361	0.0	0.0	0.0	0.0	0.0	0.00444657254654	0.0	0.0	0.0	0.0	0.0	3.95290385313e-06	0.0	0.0	0.000218388894912	0.0	1.28878214175e-06	0.0	34.0499992371	0.0
2434	284.3169988	808.249028524	273.021046956	0.0	0.0	0.0	0.0	0.0	5.29999780655	0.0250004289361	0.0	0.0	0.0	0.0	0.0	0.00444657254654	0.0	0.0	0.0	0.0	0.0	3.95290385313e-06	0.0	0.0	0.000218388894912	0.0	1.28878214175e-06	0.0	34.0499992371	0.0
2435	284.3169988	808.249028524	273.021046956	0.0	0.0	0.0	0.0	0.0	5.29999780655	0.0250004289361	0.0	0.0	0.0	0.0	0.0	0.00444657254654	0.0	0.0	0.0	0.0	0.0	3.95290385313e-06	0.0	0.0	0.000218388894912	0.0	1.28878214175e-06	0.0	34.0499992371	0.0
2436	284.3169988	808.249028524	273.021046956	0.0	0.0	0.0	0.0	0.0	5.29999780655	0.0250004289361	0.0	0.0	0.0	0.0	0.0	0.00444657254654	0.0	0.0	0.0	0.0	0.0	3.95290385313e-06	0.0	0.0	0.000218388894912	0.0	1.28878214175e-06	0.0	34.0499992371	0.0
2437	284.3169988	808.249028524	273.021046956	0.0	0.0	0.0	0.0	0.0	5.29999780655	0.0250004289361	0.0	0.0	0.0	0.0	0.0	0.00444657254654	0.0	0.0	0.0	0.0	0.0	3.95290385313e-06	0.0	0.0	0.000218388894912	0.0	1.28878214175e-06	0.0	34.0499992371	0.0
2438	284.3169988	808.249028524	273.021046956	0.0	0.0	0.0	0.0	0.0	5.29999780655	0.0250004289361	0.0	0.0	0.0	0.0	0.0	0.00444657254654	0.0	0.0	0.0	0.0	0.0	3.95290385313e-06	0.0	0.0	0.000218388894912	0.0	1.28878214175e-06	0.0	34.0499992371	0.0
2439	284.3169988	808.249028524	273.021046956	0.0	0.0	0.0	0.0	0.0	5.29999780655	0.0250004289361	0.0	0.0	0.0	0.0	0.0	0.00444657254654	0.0	0.0	0.0	0.0	0.0	3.95290385313e-06	0.0	0.0	0.000218388894912	0.0	1.28878214175e-06	0.0	34.0499992371	0.0
2440	284.3169988	808.249028524	273.021046956	0.0	0.0	0.0	0.0	0.0	5.29999780655	0.0250004289361	0.0	0.0	0.0	0.0	0.0	0.00444657254654	0.0	0.0	0.0	0.0	0.0	3.95290385313e-06	0.0	0.0	0.000218388894912	0.0	1.28878214175e-06	0.0	34.0499992371	0.0
2441	284.3169988	808.249028524	273.021046956	0.0	0.0	0.0	0.0	0.0	5.29999780655	0.0250004289361	0.0	0.0	0.0	0.0	0.0	0.00444657254654	0.0	0.0	0.0	0.0	0.0	3.95290385313e-06	0.0	0.0	0.000218388894912	0.0	1.28878214175e-06	0.0	34.0499992371	0.0
2442	284.3169988	808.249028524	273.021046956	0.0	0.0	0.0	0.0	0.0	5.29999780655	0.0250004289361	0.0	0.0	0.0	0.0	0.0	0.00444657254654	0.0	0.0	0.0	0.0	0.0	3.95290385313e-06	0.0	0.0	0.000218388894912	0.0	1.28878214175e-06	0.0	34.0499992371	0.0
2443	284.3169988	808.249028524	273.021046956	0.0	0.0	0.0	0.0	0.0	5.29999780655	0.0250004289361	0.0	0.0	0.0	0.0	0.0	0.00444657254654	0.0	0.0	0.0	0.0	0.0	3.95290385313e-06	0.0	0.0	0.000218388894912	0.0	1.28878214175e-06	0.0	34.0499992371	0.0
2444	284.3169988	808.249028524	273.021046956	0.0	0.0	0.0	0.0	0.0	5.29999780655	0.0250004289361	0.0	0.0	0.0	0.0	0.0	0.00444657254654	0.0	0.0	0.0	0.0	0.0	3.95290385313e-06	0.0	0.0	0.000218388894912	0.0	1.28878214175e-06	0.0	34.0499992371	0.0
2445	284.3169988	808.249028524	273.021046956	0.0	0.0	0.0	0.0	0.0	5.29999780655	0.0250004289361	0.0	0.0	0.0	0.0	0.0	0.00444657254654	0.0	0.0	0.0	0.0	0.0	3.95290385313e-06	0.0	0.0	0.000218388894912	0.0	1.28878214175e-06	0.0	34.0499992371	0.0
2446	284.3169988	808.249028524	273.021046956	0.0	0.0	0.0	0.0	0.0	5.29999780655	0.0250004289361	0.0	0.0	0.0	0.0	0.0	0.00444657254654	0.0	0.0	0.0	0.0	0.0	3.95290385313e-06	0.0	0.0	0.000218388894912	0.0	1.28878214175e-06	0.0	34.0499992371	0.0
2447	284.3169988	808.249028524	273.021046956	0.0	0.0	0.0	0.0	0.0	5.29999780655	0.0250004289361	0.0	0.0	0.0	0.0	0.0	0.00444657254654	0.0	0.0	0.0	0.0	0.0	3.95290385313e-06	0.0	0.0	0.000218388894912	0.0	1.28878214175e-06	0.0	34.0499992371	0.0
2448	284.3169988	808.249028524	273.021046956	0.0	0.0	0.0	0.0	0.0	5.29999780655	0.0250004289361	0.0	0.0	0.0	0.0	0.0	0.00444657254654	0.0	0.0	0.0	0.0	0.0	3.95290385313e-06	0.0	0.0	0.000218388894912	0.0	1.28878214175e-06	0.0	34.0499992371	0.0
2449	284.3169988	808.249028524	273.021046956	0.0	0.0	0.0	0.0	0.0	5.29999780655	0.0250004289361	0.0	0.0	0.0	0.0	0.0	0.00444657254654	0.0	0.0	0.0	0.0	0.0	3.95290385313e-06	0.0	0.0	0.000218388894912	0.0	1.28878214175e-06	0.0	34.0499992371	0.0
2450	284.3169988	808.249028524	273.021046956	0.0	0.0	0.0	0.0	0.0	5.29999780655	0.0250004289361	0.0	0.0	0.0	0.0	0.0	0.00444657254654	0.0	0.0	0.0	0.0	0.0	3.95290385313e-06	0.0	0.0	0.000218388894912	0.0	1.28878214175e-06	0.0	34.0499992371	0.0
2451	284.3169988	808.249028524	273.021046956	0.0	0.0	0.0	0.0	0.0	5.29999780655	0.0250004289361	0.0	0.0	0.0	0.0	0.0	0.00444657254654	0.0	0.0	0.0	0.0	0.0	3.95290385313e-06	0.0	0.0	0.000218388894912	0.0	1.28878214175e-06	0.0	34.0499992371	0.0
2452	284.3169988	808.249028524	273.021046956	0.0	0.0	0.0	0.0	0.0	5.29999780655	0.0250004289361	0.0	0.0	0.0	0.0	0.0	0.00444657254654	0.0	0.0	0.0	0.0	0.0	3.95290385313e-06	0.0	0.0	0.000218388894912	0.0	1.28878214175e-06	0.0	34.0499992371	0.0
2453	284.3169988	808.249028524	273.021046956	0.0	0.0	0.0	0.0	0.0	5.29999780655	0.0250004289361	0.0	0.0	0.0	0.0	0.0	0.00444657254654	0.0	0.0	0.0	0.0	0.0	3.95290385313e-06	0.0	0.0	0.000218388894912	0.0	1.28878214175e-06	0.0	34.0499992371	0.0
2454	284.3169988	808.249028524	273.021046956	0.0	0.0	0.0	0.0	0.0	5.29999780655	0.0250004289361	0.0	0.0	0.0	0.0	0.0	0.00444657254654	0.0	0.0	0.0	0.0	0.0	3.95290385313e-06	0.0	0.0	0.000218388894912	0.0	1.28878214175e-06	0.0	34.0499992371	0.0
2455	284.3169988	808.249028524	273.021046956	0.0	0.0	0.0	0.0	0.0	5.29999780655	0.0250004289361	0.0	0.0	0.0	0.0	0.0	0.00444657254654	0.0	0.0	0.0	0.0	0.0	3.95290385313e-06	0.0	0.0	0.000218388894912	0.0	1.28878214175e-06	0.0	34.0499992371	0.0
2456	284.3169988	808.249028524	273.021046956	0.0	0.0	0.0	0.0	0.0	5.29999780655	0.0250004289361	0.0	0.0	0.0	0.0	0.0	0.00444657254654	0.0	0.0	0.0	0.0	0.0	3.95290385313e-06	0.0	0.0	0.000218388894912	0.0	1.28878214175e-06	0.0	34.0499992371	0.0
2457	284.3169988	808.249028524	273.021046956	0.0	0.0	0.0	0.0	0.0	5.29999780655	0.0250004289361	0.0	0.0	0.0	0.0	0.0	0.00444657254654	0.0	0.0	0.0	0.0	0.0	3.95290385313e-06	0.0	0.0	0.000218388894912	0.0	1.28878214175e-06	0.0	34.0499992371	0.0
2458	284.3169988	808.249028524	273.021046956	0.0	0.0	0.0	0.0	0.0	5.29999780655	0.0250004289361	0.0	0.0	0.0	0.0	0.0	0.00444657254654	0.0	0.0	0.0	0.0	0.0	3.95290385313e-06	0.0	0.0	0.000218388894912	0.0	1.28878214175e-06	0.0	34.0499992371	0.0
2459	284.3169988	808.249028524	273.021046956	0.0	0.0	0.0	0.0	0.0	5.29999780655	0.0250004289361	0.0	0.0	0.0	0.0	0.0	0.00444657254654	0.0	0.0	0.0	0.0	0.0	3.95290385313e-06	0.0	0.0	0.000218388894912	0.0	1.28878214175e-06	0.0	34.0499992371	0.0
2460	284.3169988	808.249028524	273.021046956	0.0	0.0	0.0	0.0	0.0	5.29999780655	0.0250004289361	0.0	0.0	0.0	0.0	0.0	0.00444657254654	0.0	0.0	0.0	0.0	0.0	3.95290385313e-06	0.0	0.0	0.000218388894912	0.0	1.28878214175e-06	0.0	34.0499992371	0.0
2461	284.3169988	808.249028524	273.021046956	0.0	0.0	0.0	0.0	0.0	5.29999780655	0.0250004289361	0.0	0.0	0.0	0.0	0.0	0.00444657254654	0.0	0.0	0.0	0.0	0.0	3.95290385313e-06	0.0	0.0	0.000218388894912	0.0	1.28878214175e-06	0.0	34.0499992371	0.0
2462	284.3169988	808.249028524	273.021046956	0.0	0.0	0.0	0.0	0.0	5.29999780655	0.0250004289361	0.0	0.0	0.0	0.0	0.0	0.00444657254654	0.0	0.0	0.0	0.0	0.0	3.95290385313e-06	0.0	0.0	0.000218388894912	0.0	1.28878214175e-06	0.0	34.0499992371	0.0
2463	284.3169988	808.249028524	273.021046956	0.0	0.0	0.0	0.0	0.0	5.29999780655	0.0250004289361	0.0	0.0	0.0	0.0	0.0	0.00444657254654	0.0	0.0	0.0	0.0	0.0	3.95290385313e-06	0.0	0.0	0.000218388894912	0.0	1.28878214175e-06	0.0	34.0499992371	0.0
2464	284.3169988	808.249028524	273.021046956	0.0	0.0	0.0	0.0	0.0	5.29999780655	0.0250004289361	0.0	0.0	0.0	0.0	0.0	0.00444657254654	0.0	0.0	0.0	0.0	0.0	3.95290385313e-06	0.0	0.0	0.000218388894912	0.0	1.28878214175e-06	0.0	34.0499992371	0.0
2465	284.3169988	808.249028524	273.021046956	0.0	0.0	0.0	0.0	0.0	5.29999780655	0.0250004289361	0.0	0.0	0.0	0.0	0.0	0.00444657254654	0.0	0.0	0.0	0.0	0.0	3.95290385313e-06	0.0	0.0	0.000218388894912	0.0	1.28878214175e-06	0.0	34.0499992371	0.0
2466	284.3169988	808.249028524	273.021046956	0.0	0.0	0.0	0.0	0.0	5.29999780655	0.0250004289361	0.0	0.0	0.0	0.0	0.0	0.00444657254654	0.0	0.0	0.0	0.0	0.0	3.95290385313e-06	0.0	0.0	0.000218388894912	0.0	1.28878214175e-06	0.0	34.0499992371	0.0
2467	284.3169988	808.249028524	273.021046956	0.0	0.0	0.0	0.0	0.0	5.29999780655	0.0250004289361	0.0	0.0	0.0	0.0	0.0	0.00444657254654	0.0	0.0	0.0	0.0	0.0	3.95290385313e-06	0.0	0.0	0.000218388894912	0.0	1.28878214175e-06	0.0	34.0499992371	0.0
2468	284.3169988	808.249028524	273.021046956	0.0	0.0	0.0	0.0	0.0	5.29999780655	0.0250004289361	0.0	0.0	0.0	0.0	0.0	0.00444657254654	0.0	0.0	0.0	0.0	0.0	3.95290385313e-06	0.0	0.0	0.000218388894912	0.0	1.28878214175e-06	0.0	34.0499992371	0.0
2469	284.3169988	808.249028524	273.021046956	0.0	0.0	0.0	0.0	0.0	5.29999780655	0.0250004289361	0.0	0.0	0.0	0.0	0.0	0.00444657254654	0.0	0.0	0.0	0.0	0.0	3.95290385313e-06	0.0	0.0	0.000218388894912	0.0	1.28878214175e-06	0.0	34.0499992371	0.0
2470	284.3169988	808.249028524	273.021046956	0.0	0.0	0.0	0.0	0.0	5.29999780655	0.0250004289361	0.0	0.0	0.0	0.0	0.0	0.00444657254654	0.0	0.0	0.0	0.0	0.0	3.95290385313e-06	0.0	0.0	0.000218388894912	0.0	1.28878214175e-06	0.0	34.0499992371	0.0
2471	284.3169988	808.249028524	273.021046956	0.0	0.0	0.0	0.0	0.0	5.29999780655	0.0250004289361	0.0	0.0	0.0	0.0	0.0	0.00444657254654	0.0	0.0	0.0	0.0	0.0	3.95290385313e-06	0.0	0.0	0.000218388894912	0.0	1.28878214175e-06	0.0	34.0499992371	0.0
2472	284.3169988	808.249028524	273.021046956	0.0	0.0	0.0	0.0	0.0	5.29999780655	0.0250004289361	0.0	0.0	0.0	0.0	0.0	0.00444657254654	0.0	0.0	0.0	0.0	0.0	3.95290385313e-06	0.0	0.0	0.000218388894912	0.0	1.28878214175e-06	0.0	34.0499992371	0.0
2473	284.3169988	808.249028524	273.021046956	0.0	0.0	0.0	0.0	0.0	5.29999780655	0.0250004289361	0.0	0.0	0.0	0.0	0.0	0.00444657254654	0.0	0.0	0.0	0.0	0.0	3.95290385313e-06	0.0	0.0	0.000218388894912	0.0	1.28878214175e-06	0.0	34.0499992371	0.0
2474	284.3169988	808.249028524	273.021046956	0.0	0.0	0.0	0.0	0.0	5.29999780655	0.0250004289361	0.0	0.0	0.0	0.0	0.0	0.00444657254654	0.0	0.0	0.0	0.0	0.0	3.95290385313e-06	0.0	0.0	0.000218388894912	0.0	1.28878214175e-06	0.0	34.0499992371	0.0
2475	284.3169988	808.249028524	273.021046956	0.0	0.0	0.0	0.0	0.0	5.29999780655	0.0250004289361	0.0	0.0	0.0	0.0	0.0	0.00444657254654	0.0	0.0	0.0	0.0	0.0	3.95290385313e-06	0.0	0.0	0.000218388894912	0.0	1.28878214175e-06	0.0	34.0499992371	0.0
2476	284.3169988	808.249028524	273.021046956	0.0	0.0	0.0	0.0	0.0	5.29999780655	0.0250004289361	0.0	0.0	0.0	0.0	0.0	0.00444657254654	0.0	0.0	0.0	0.0	0.0	3.95290385313e-06	0.0	0.0	0.000218388894912	0.0	1.28878214175e-06	0.0	34.0499992371	0.0
2477	284.3169988	808.249028524	273.021046956	0.0	0.0	0.0	0.0	0.0	5.29999780655	0.0250004289361	0.0	0.0	0.0	0.0	0.0	0.00444657254654	0.0	0.0	0.0	0.0	0.0	3.95290385313e-06	0.0	0.0	0.000218388894912	0.0	1.28878214175e-06	0.0	34.0499992371	0.0
2478	284.3169988	808.249028524	273.021046956	0.0	0.0	0.0	0.0	0.0	5.29999780655	0.0250004289361	0.0	0.0	0.0	0.0	0.0	0.00444657254654	0.0	0.0	0.0	0.0	0.0	3.95290385313e-06	0.0	0.0	0.000218388894912	0.0	1.28878214175e-06	0.0	34.0499992371	0.0
2479	284.3169988	808.249028524	273.021046956	0.0	0.0	0.0	0.0	0.0	5.29999780655	0.0250004289361	0.0	0.0	0.0	0.0	0.0	0.00444657254654	0.0	0.0	0.0	0.0	0.0	3.95290385313e-06	0.0	0.0	0.000218388894912	0.0	1.28878214175e-06	0.0	34.0499992371	0.0
2480	284.3169988	808.249028524	273.021046956	0.0	0.0	0.0	0.0	0.0	5.29999780655	0.0250004289361	0.0	0.0	0.0	0.0	0.0	0.00444657254654	0.0	0.0	0.0	0.0	0.0	3.95290385313e-06	0.0	0.0	0.000218388894912	0.0	1.28878214175e-06	0.0	34.0499992371	0.0
2481	284.3169988	808.249028524	273.021046956	0.0	0.0	0.0	0.0	0.0	5.29999780655	0.0250004289361	0.0	0.0	0.0	0.0	0.0	0.00444657254654	0.0	0.0	0.0	0.0	0.0	3.95290385313e-06	0.0	0.0	0.000218388894912	0.0	1.28878214175e-06	0.0	34.0499992371	0.0
2482	284.3169988	808.249028524	273.021046956	0.0	0.0	0.0	0.0	0.0	5.29999780655	0.0250004289361	0.0	0.0	0.0	0.0	0.0	0.00444657254654	0.0	0.0	0.0	0.0	0.0	3.95290385313e-06	0.0	0.0	0.000218388894912	0.0	1.28878214175e-06	0.0	34.0499992371	0.0
2483	284.3169988	808.249028524	273.021046956	0.0	0.0	0.0	0.0	0.0	5.29999780655	0.0250004289361	0.0	0.0	0.0	0.0	0.0	0.00444657254654	0.0	0.0	0.0	0.0	0.0	3.95290385313e-06	0.0	0.0	0.000218388894912	0.0	1.28878214175e-06	0.0	34.0499992371	0.0
2484	284.3169988	808.249028524	273.021046956	0.0	0.0	0.0	0.0	0.0	5.29999780655	0.0250004289361	0.0	0.0	0.0	0.0	0.0	0.00444657254654	0.0	0.0	0.0	0.0	0.0	3.95290385313e-06	0.0	0.0	0.000218388894912	0.0	1.28878214175e-06	0.0	34.0499992371	0.0
2485	284.3169988	808.249028524	273.021046956	0.0	0.0	0.0	0.0	0.0	5.29999780655	0.0250004289361	0.0	0.0	0.0	0.0	0.0	0.00444657254654	0.0	0.0	0.0	0.0	0.0	3.95290385313e-06	0.0	0.0	0.000218388894912	0.0	1.28878214175e-06	0.0	34.0499992371	0.0
2486	284.3169988	808.249028524	273.021046956	0.0	0.0	0.0	0.0	0.0	5.29999780655	0.0250004289361	0.0	0.0	0.0	0.0	0.0	0.00444657254654	0.0	0.0	0.0	0.0	0.0	3.95290385313e-06	0.0	0.0	0.000218388894912	0.0	1.28878214175e-06	0.0	34.0499992371	0.0
2487	284.3169988	808.249028524	273.021046956	0.0	0.0	0.0	0.0	0.0	5.29999780655	0.0250004289361	0.0	0.0	0.0	0.0	0.0	0.00444657254654	0.0	0.0	0.0	0.0	0.0	3.95290385313e-06	0.0	0.0	0.000218388894912	0.0	1.28878214175e-06	0.0	34.0499992371	0.0
2488	284.3169988	808.249028524	273.021046956	0.0	0.0	0.0	0.0	0.0	5.29999780655	0.0250004289361	0.0	0.0	0.0	0.0	0.0	0.00444657254654	0.0	0.0	0.0	0.0	0.0	3.95290385313e-06	0.0	0.0	0.000218388894912	0.0	1.28878214175e-06	0.0	34.0499992371	0.0
2489	284.3169988	808.249028524	273.021046956	0.0	0.0	0.0	0.0	0.0	5.29999780655	0.0250004289361	0.0	0.0	0.0	0.0	0.0	0.00444657254654	0.0	0.0	0.0	0.0	0.0	3.95290385313e-06	0.0	0.0	0.000218388894912	0.0	1.28878214175e-06	0.0	34.0499992371	0.0
2490	284.3169988	808.249028524	273.021046956	0.0	0.0	0.0	0.0	0.0	5.29999780655	0.0250004289361	0.0	0.0	0.0	0.0	0.0	0.00444657254654	0.0	0.0	0.0	0.0	0.0	3.95290385313e-06	0.0	0.0	0.000218388894912	0.0	1.28878214175e-06	0.0	34.0499992371	0.0
2491	284.3169988	808.249028524	273.021046956	0.0	0.0	0.0	0.0	0.0	5.29999780655	0.0250004289361	0.0	0.0	0.0	0.0	0.0	0.00444657254654	0.0	0.0	0.0	0.0	0.0	3.95290385313e-06	0.0	0.0	0.000218388894912	0.0	1.28878214175e-06	0.0	34.0499992371	0.0
2492	284.3169988	808.249028524	273.021046956	0.0	0.0	0.0	0.0	0.0	5.29999780655	0.0250004289361	0.0	0.0	0.0	0.0	0.0	0.00444657254654	0.0	0.0	0.0	0.0	0.0	3.95290385313e-06	0.0	0.0	0.000218388894912	0.0	1.28878214175e-06	0.0	34.0499992371	0.0
2493	284.3169988	808.249028524	273.021046956	0.0	0.0	0.0	0.0	0.0	5.29999780655	0.0250004289361	0.0	0.0	0.0	0.0	0.0	0.00444657254654	0.0	0.0	0.0	0.0	0.0	3.95290385313e-06	0.0	0.0	0.000218388894912	0.0	1.28878214175e-06	0.0	34.0499992371	0.0
2494	284.3169988	808.249028524	273.021046956	0.0	0.0	0.0	0.0	0.0	5.29999780655	0.0250004289361	0.0	0.0	0.0	0.0	0.0	0.00444657254654	0.0	0.0	0.0	0.0	0.0	3.95290385313e-06	0.0	0.0	0.000218388894912	0.0	1.28878214175e-06	0.0	34.0499992371	0.0
2495	284.3169988	808.249028524	273.021046956	0.0	0.0	0.0	0.0	0.0	5.29999780655	0.0250004289361	0.0	0.0	0.0	0.0	0.0	0.00444657254654	0.0	0.0	0.0	0.0	0.0	3.95290385313e-06	0.0	0.0	0.000218388894912	0.0	1.28878214175e-06	0.0	34.0499992371	0.0
2496	284.3169988	808.249028524	273.021046956	0.0	0.0	0.0	0.0	0.0	5.29999780655	0.0250004289361	0.0	0.0	0.0	0.0	0.0	0.00444657254654	0.0	0.0	0.0	0.0	0.0	3.95290385313e-06	0.0	0.0	0.000218388894912	0.0	1.28878214175e-06	0.0	34.0499992371	0.0
2497	284.3169988	808.249028524	273.021046956	0.0	0.0	0.0	0.0	0.0	5.29999780655	0.0250004289361	0.0	0.0	0.0	0.0	0.0	0.00444657254654	0.0	0.0	0.0	0.0	0.0	3.95290385313e-06	0.0	0.0	0.000218388894912	0.0	1.28878214175e-06	0.0	34.0499992371	0.0
2498	284.3169988	808.249028524	273.021046956	0.0	0.0	0.0	0.0	0.0	5.29999780655	0.0250004289361	0.0	0.0	0.0	0.0	0.0	0.00444657254654	0.0	0.0	0.0	0.0	0.0	3.95290385313e-06	0.0	0.0	0.000218388894912	0.0	1.28878214175e-06	0.0	34.0499992371	0.0
2499	284.3169988	808.249028524	273.021046956	0.0	0.0	0.0	0.0	0.0	5.29999780655	0.0250004289361	0.0	0.0	0.0	0.0	0.0	0.00444657254654	0.0	0.0	0.0	0.0	0.0	3.95290385313e-06	0.0	0.0	0.000218388894912	0.0	1.28878214175e-06	0.0	34.0499992371	0.0
2500	284.3169988	808.249028524	273.021046956	0.0	0.0	0.0	0.0	0.0	5.29999780655	0.0250004289361	0.0	0.0	0.0	0.0	0.0	0.00444657254654	0.0	0.0	0.0	0.0	0.0	3.95290385313e-06	0.0	0.0	0.000218388894912	0.0	1.28878214175e-06	0.0	34.0499992371	0.0
