Component 	 CO2 	 CO2 	 CH4	N2O	SO2	CFC-11	CFC-12	CFC-113	CFC-114	CFC-115	CH3Br	CCl4	CH3CCl3	HCFC-22	HCFC-141b	HCFC-123	HCFC-142b	H-1211	H-1301	H-2402	HFC125	HFC134a	HFC143a	HFC227ea	HFC23	HFC245fa	HFC32	HFC4310mee	C2F6	C6F14	CF4	SF6	NOx	CO	NMVOC	NH3	BMB_AEROS_BC	BMB_AEROS_OC	BC	OC 
Unit 	 Pg_C	Pg_C	Tg	Tg_N	Tg_S	Gg	Gg	Gg	Gg	Gg	Gg	Gg	Gg	Gg	Gg	Gg	Gg	Gg	Gg	Gg	Gg	Gg	Gg	Gg	Gg	Gg	Gg	Gg	Gg	Gg	Gg	Gg	Mt_N	Mt	Mt	Mt	Tg	Tg	Tg	Tg
Description 	 fossil_fuel 	 landuse 	 total	 total	 total	 total	 total	 total	 total	 total	 total	 total	 total	 total	 total	 total	 total	 total	 total	 total	 total	 total	 total	 total	 total	 total	 total	 total	 total	 total	 total	 total	 total	 total	 total	 total	 total	 total	 total	 total
Reference	rcp45	rcp45	rcp45	rcp45	rcp45	rcp45	rcp45	rcp45	rcp45	rcp45	rcp45	rcp45	rcp45	rcp45	rcp45	No data	rcp45	rcp45	rcp45	rcp45	rcp45	rcp45	rcp45	rcp45	rcp45	rcp45	rcp45	rcp45	rcp45	rcp45	rcp45	rcp45	rcp45	rcp45	rcp45	rcp45	rcp45	rcp45	rcp45	rcp45
1750 	 0.00300000 	 0.00000000 	 0.00000000 	 0.00000000 	 0.00000000 	 0.00000000 	 0.00000000 	 0.00000000 	 0.00000000 	 0.00000000 	 157.26700000 	 0.00000000 	 0.00000000 	 0.00000000 	 0.00000000 	 0.00000000 	 0.00000000 	 0.00000000 	 0.00000000 	 0.00000000 	 0.00000000 	 0.00000000 	 0.00000000 	 0.00000000 	 0.00000000 	 0.00000000 	 0.00000000 	 0.00000000 	 0.00000000 	 0.00000000 	 0.01076274 	 0.00000000 	 0.00000000 	 0.00000000 	 0.00000000 	 1.01251598 	 -0.51699200 	 -2.22964300 	 0.51699200 	 2.22964300
1751 	 0.00300000 	 0.00000000 	 0.00000000 	 0.00000000 	 0.00000000 	 0.00000000 	 0.00000000 	 0.00000000 	 0.00000000 	 0.00000000 	 157.26700000 	 0.00000000 	 0.00000000 	 0.00000000 	 0.00000000 	 0.00000000 	 0.00000000 	 0.00000000 	 0.00000000 	 0.00000000 	 0.00000000 	 0.00000000 	 0.00000000 	 0.00000000 	 0.00000000 	 0.00000000 	 0.00000000 	 0.00000000 	 0.00000000 	 0.00000000 	 0.01076274 	 0.00000000 	 0.00000000 	 0.00000000 	 0.00000000 	 1.01251598 	 -0.51820100 	 -2.23645100 	 0.51820100 	 2.23645100
1752 	 0.00300000 	 0.00000000 	 0.00000000 	 0.00000000 	 0.00000000 	 0.00000000 	 0.00000000 	 0.00000000 	 0.00000000 	 0.00000000 	 157.26700000 	 0.00000000 	 0.00000000 	 0.00000000 	 0.00000000 	 0.00000000 	 0.00000000 	 0.00000000 	 0.00000000 	 0.00000000 	 0.00000000 	 0.00000000 	 0.00000000 	 0.00000000 	 0.00000000 	 0.00000000 	 0.00000000 	 0.00000000 	 0.00000000 	 0.00000000 	 0.01076274 	 0.00000000 	 0.00000000 	 0.00000000 	 0.00000000 	 1.01251598 	 -0.51941000 	 -2.24325200 	 0.51941000 	 2.24325200
1753 	 0.00300000 	 0.00000000 	 0.00000000 	 0.00000000 	 0.00000000 	 0.00000000 	 0.00000000 	 0.00000000 	 0.00000000 	 0.00000000 	 157.26700000 	 0.00000000 	 0.00000000 	 0.00000000 	 0.00000000 	 0.00000000 	 0.00000000 	 0.00000000 	 0.00000000 	 0.00000000 	 0.00000000 	 0.00000000 	 0.00000000 	 0.00000000 	 0.00000000 	 0.00000000 	 0.00000000 	 0.00000000 	 0.00000000 	 0.00000000 	 0.01076274 	 0.00000000 	 0.00000000 	 0.00000000 	 0.00000000 	 1.01251598 	 -0.52061600 	 -2.25004000 	 0.52061600 	 2.25004000
1754 	 0.00300000 	 0.00000000 	 0.00000000 	 0.00000000 	 0.00000000 	 0.00000000 	 0.00000000 	 0.00000000 	 0.00000000 	 0.00000000 	 157.26700000 	 0.00000000 	 0.00000000 	 0.00000000 	 0.00000000 	 0.00000000 	 0.00000000 	 0.00000000 	 0.00000000 	 0.00000000 	 0.00000000 	 0.00000000 	 0.00000000 	 0.00000000 	 0.00000000 	 0.00000000 	 0.00000000 	 0.00000000 	 0.00000000 	 0.00000000 	 0.01076274 	 0.00000000 	 0.00000000 	 0.00000000 	 0.00000000 	 1.01251598 	 -0.52182400 	 -2.25682100 	 0.52182400 	 2.25682100
1755 	 0.00300000 	 0.00000000 	 0.00000000 	 0.00000000 	 0.00000000 	 0.00000000 	 0.00000000 	 0.00000000 	 0.00000000 	 0.00000000 	 157.26700000 	 0.00000000 	 0.00000000 	 0.00000000 	 0.00000000 	 0.00000000 	 0.00000000 	 0.00000000 	 0.00000000 	 0.00000000 	 0.00000000 	 0.00000000 	 0.00000000 	 0.00000000 	 0.00000000 	 0.00000000 	 0.00000000 	 0.00000000 	 0.00000000 	 0.00000000 	 0.01076274 	 0.00000000 	 0.00000000 	 0.00000000 	 0.00000000 	 1.01251598 	 -0.52303000 	 -2.26359200 	 0.52303000 	 2.26359200
1756 	 0.00300000 	 0.00000000 	 0.00000000 	 0.00000000 	 0.00000000 	 0.00000000 	 0.00000000 	 0.00000000 	 0.00000000 	 0.00000000 	 157.26700000 	 0.00000000 	 0.00000000 	 0.00000000 	 0.00000000 	 0.00000000 	 0.00000000 	 0.00000000 	 0.00000000 	 0.00000000 	 0.00000000 	 0.00000000 	 0.00000000 	 0.00000000 	 0.00000000 	 0.00000000 	 0.00000000 	 0.00000000 	 0.00000000 	 0.00000000 	 0.01076274 	 0.00000000 	 0.00000000 	 0.00000000 	 0.00000000 	 1.01251598 	 -0.52463500 	 -2.27090200 	 0.52463500 	 2.27090200
1757 	 0.00300000 	 0.00000000 	 0.00000000 	 0.00000000 	 0.00000000 	 0.00000000 	 0.00000000 	 0.00000000 	 0.00000000 	 0.00000000 	 157.26700000 	 0.00000000 	 0.00000000 	 0.00000000 	 0.00000000 	 0.00000000 	 0.00000000 	 0.00000000 	 0.00000000 	 0.00000000 	 0.00000000 	 0.00000000 	 0.00000000 	 0.00000000 	 0.00000000 	 0.00000000 	 0.00000000 	 0.00000000 	 0.00000000 	 0.00000000 	 0.01076274 	 0.00000000 	 0.00000000 	 0.00000000 	 0.00000000 	 1.01251598 	 -0.52583900 	 -2.27765300 	 0.52583900 	 2.27765300
1758 	 0.00300000 	 0.00000000 	 0.00000000 	 0.00000000 	 0.00000000 	 0.00000000 	 0.00000000 	 0.00000000 	 0.00000000 	 0.00000000 	 157.26700000 	 0.00000000 	 0.00000000 	 0.00000000 	 0.00000000 	 0.00000000 	 0.00000000 	 0.00000000 	 0.00000000 	 0.00000000 	 0.00000000 	 0.00000000 	 0.00000000 	 0.00000000 	 0.00000000 	 0.00000000 	 0.00000000 	 0.00000000 	 0.00000000 	 0.00000000 	 0.01076274 	 0.00000000 	 0.00000000 	 0.00000000 	 0.00000000 	 1.01251598 	 -0.52704100 	 -2.28439600 	 0.52704100 	 2.28439600
1759 	 0.00300000 	 0.00000000 	 0.00000000 	 0.00000000 	 0.00000000 	 0.00000000 	 0.00000000 	 0.00000000 	 0.00000000 	 0.00000000 	 157.26700000 	 0.00000000 	 0.00000000 	 0.00000000 	 0.00000000 	 0.00000000 	 0.00000000 	 0.00000000 	 0.00000000 	 0.00000000 	 0.00000000 	 0.00000000 	 0.00000000 	 0.00000000 	 0.00000000 	 0.00000000 	 0.00000000 	 0.00000000 	 0.00000000 	 0.00000000 	 0.01076274 	 0.00000000 	 0.00000000 	 0.00000000 	 0.00000000 	 1.01251598 	 -0.52824200 	 -2.29112800 	 0.52824200 	 2.29112800
1760 	 0.00300000 	 0.00000000 	 0.00000000 	 0.00000000 	 0.00000000 	 0.00000000 	 0.00000000 	 0.00000000 	 0.00000000 	 0.00000000 	 157.26700000 	 0.00000000 	 0.00000000 	 0.00000000 	 0.00000000 	 0.00000000 	 0.00000000 	 0.00000000 	 0.00000000 	 0.00000000 	 0.00000000 	 0.00000000 	 0.00000000 	 0.00000000 	 0.00000000 	 0.00000000 	 0.00000000 	 0.00000000 	 0.00000000 	 0.00000000 	 0.01076274 	 0.00000000 	 0.00000000 	 0.00000000 	 0.00000000 	 1.01251598 	 -0.52943900 	 -2.29784700 	 0.52943900 	 2.29784700
1761 	 0.00300000 	 0.00000000 	 0.00000000 	 0.00000000 	 0.00000000 	 0.00000000 	 0.00000000 	 0.00000000 	 0.00000000 	 0.00000000 	 157.26700000 	 0.00000000 	 0.00000000 	 0.00000000 	 0.00000000 	 0.00000000 	 0.00000000 	 0.00000000 	 0.00000000 	 0.00000000 	 0.00000000 	 0.00000000 	 0.00000000 	 0.00000000 	 0.00000000 	 0.00000000 	 0.00000000 	 0.00000000 	 0.00000000 	 0.00000000 	 0.01076274 	 0.00000000 	 0.00000000 	 0.00000000 	 0.00000000 	 1.01251598 	 -0.53103900 	 -2.30525900 	 0.53103900 	 2.30525900
1762 	 0.00300000 	 0.00000000 	 0.00000000 	 0.00000000 	 0.00000000 	 0.00000000 	 0.00000000 	 0.00000000 	 0.00000000 	 0.00000000 	 157.26700000 	 0.00000000 	 0.00000000 	 0.00000000 	 0.00000000 	 0.00000000 	 0.00000000 	 0.00000000 	 0.00000000 	 0.00000000 	 0.00000000 	 0.00000000 	 0.00000000 	 0.00000000 	 0.00000000 	 0.00000000 	 0.00000000 	 0.00000000 	 0.00000000 	 0.00000000 	 0.01076274 	 0.00000000 	 0.00000000 	 0.00000000 	 0.00000000 	 1.01251598 	 -0.53203500 	 -2.31182800 	 0.53203500 	 2.31182800
1763 	 0.00300000 	 0.00000000 	 0.00000000 	 0.00000000 	 0.00000000 	 0.00000000 	 0.00000000 	 0.00000000 	 0.00000000 	 0.00000000 	 157.26700000 	 0.00000000 	 0.00000000 	 0.00000000 	 0.00000000 	 0.00000000 	 0.00000000 	 0.00000000 	 0.00000000 	 0.00000000 	 0.00000000 	 0.00000000 	 0.00000000 	 0.00000000 	 0.00000000 	 0.00000000 	 0.00000000 	 0.00000000 	 0.00000000 	 0.00000000 	 0.01076274 	 0.00000000 	 0.00000000 	 0.00000000 	 0.00000000 	 1.01251598 	 -0.53303000 	 -2.31838600 	 0.53303000 	 2.31838600
1764 	 0.00300000 	 0.00000000 	 0.00000000 	 0.00000000 	 0.00000000 	 0.00000000 	 0.00000000 	 0.00000000 	 0.00000000 	 0.00000000 	 157.26700000 	 0.00000000 	 0.00000000 	 0.00000000 	 0.00000000 	 0.00000000 	 0.00000000 	 0.00000000 	 0.00000000 	 0.00000000 	 0.00000000 	 0.00000000 	 0.00000000 	 0.00000000 	 0.00000000 	 0.00000000 	 0.00000000 	 0.00000000 	 0.00000000 	 0.00000000 	 0.01076274 	 0.00000000 	 0.00000000 	 0.00000000 	 0.00000000 	 1.01251598 	 -0.53402300 	 -2.32493400 	 0.53402300 	 2.32493400
1765 	 0.00300000 	 0.00000000 	 0.00000000 	 0.00000000 	 0.00000000 	 0.00000000 	 0.00000000 	 0.00000000 	 0.00000000 	 0.00000000 	 157.26700000 	 0.00000000 	 0.00000000 	 0.00000000 	 0.00000000 	 0.00000000 	 0.00000000 	 0.00000000 	 0.00000000 	 0.00000000 	 0.00000000 	 0.00000000 	 0.00000000 	 0.00000000 	 0.00000000 	 0.00000000 	 0.00000000 	 0.00000000 	 0.00000000 	 0.00000000 	 0.01076274 	 0.00000000 	 0.00000000 	 0.00000000 	 0.00000000 	 1.01251598 	 -0.53501600 	 -2.33147200 	 0.53501600 	 2.33147200
1766 	 0.00300000 	 0.00533830 	 1.96326190 	 0.00518812 	 0.09908041 	 0.00000000 	 0.00000000 	 0.00000000 	 0.00000000 	 0.00000000 	 157.26700000 	 0.00000000 	 0.00000000 	 0.00000000 	 0.00000000 	 0.00000000 	 0.00000000 	 0.00000000 	 0.00000000 	 0.00000000 	 0.00000000 	 0.00000000 	 0.00000000 	 0.00000000 	 0.00000000 	 0.00000000 	 0.00000000 	 0.00000000 	 0.00000000 	 0.00000000 	 0.01075207 	 0.00000000 	 0.10937648 	 9.05022130 	 1.59687470 	 1.03727998 	 -0.42980200 	 -1.77316404 	 0.53680000 	 2.33908400
1767 	 0.00300000 	 0.01067659 	 2.43644810 	 0.01011103 	 0.11653911 	 0.00000000 	 0.00000000 	 0.00000000 	 0.00000000 	 0.00000000 	 157.26700000 	 0.00000000 	 0.00000000 	 0.00000000 	 0.00000000 	 0.00000000 	 0.00000000 	 0.00000000 	 0.00000000 	 0.00000000 	 0.00000000 	 0.00000000 	 0.00000000 	 0.00000000 	 0.00000000 	 0.00000000 	 0.00000000 	 0.00000000 	 0.00000000 	 0.00000000 	 0.01074795 	 0.00000000 	 0.16784622 	 12.96084400 	 2.29231640 	 1.06148896 	 -0.40440740 	 -1.56413329 	 0.53779000 	 2.34560100
1768 	 0.00300000 	 0.01601489 	 2.91110500 	 0.01503421 	 0.13407837 	 0.00000000 	 0.00000000 	 0.00000000 	 0.00000000 	 0.00000000 	 157.26700000 	 0.00000000 	 0.00000000 	 0.00000000 	 0.00000000 	 0.00000000 	 0.00000000 	 0.00000000 	 0.00000000 	 0.00000000 	 0.00000000 	 0.00000000 	 0.00000000 	 0.00000000 	 0.00000000 	 0.00000000 	 0.00000000 	 0.00000000 	 0.00000000 	 0.00000000 	 0.01074382 	 0.00000000 	 0.22636620 	 16.87653900 	 2.98864780 	 1.08515184 	 -0.37893223 	 -1.35474669 	 0.53877900 	 2.35210800
1769 	 0.00300000 	 0.02135319 	 3.38727820 	 0.01995765 	 0.15170069 	 0.00000000 	 0.00000000 	 0.00000000 	 0.00000000 	 0.00000000 	 157.26700000 	 0.00000000 	 0.00000000 	 0.00000000 	 0.00000000 	 0.00000000 	 0.00000000 	 0.00000000 	 0.00000000 	 0.00000000 	 0.00000000 	 0.00000000 	 0.00000000 	 0.00000000 	 0.00000000 	 0.00000000 	 0.00000000 	 0.00000000 	 0.00000000 	 0.00000000 	 0.01073969 	 0.00000000 	 0.28493799 	 20.79746500 	 3.68589660 	 1.10827749 	 -0.35337304 	 -1.14499360 	 0.53976600 	 2.35860500
1770 	 0.00300000 	 0.02669148 	 3.86501460 	 0.02488137 	 0.16940863 	 0.00000000 	 0.00000000 	 0.00000000 	 0.00000000 	 0.00000000 	 157.26700000 	 0.00000000 	 0.00000000 	 0.00000000 	 0.00000000 	 0.00000000 	 0.00000000 	 0.00000000 	 0.00000000 	 0.00000000 	 0.00000000 	 0.00000000 	 0.00000000 	 0.00000000 	 0.00000000 	 0.00000000 	 0.00000000 	 0.00000000 	 0.00000000 	 0.00000000 	 0.01073555 	 0.00000000 	 0.34356319 	 24.72378200 	 4.38409090 	 1.13087481 	 -0.32772927 	 -0.93486290 	 0.54075300 	 2.36509200
1771 	 0.00400000 	 0.03202978 	 4.34436250 	 0.02980539 	 0.18720485 	 0.00000000 	 0.00000000 	 0.00000000 	 0.00000000 	 0.00000000 	 157.26700000 	 0.00000000 	 0.00000000 	 0.00000000 	 0.00000000 	 0.00000000 	 0.00000000 	 0.00000000 	 0.00000000 	 0.00000000 	 0.00000000 	 0.00000000 	 0.00000000 	 0.00000000 	 0.00000000 	 0.00000000 	 0.00000000 	 0.00000000 	 0.00000000 	 0.00000000 	 0.01073140 	 0.00000000 	 0.40224344 	 28.65565800 	 5.08326020 	 1.15664657 	 -0.30684632 	 -0.73658430 	 0.54658800 	 2.38381000
1772 	 0.00400000 	 0.03736807 	 4.82537180 	 0.03472969 	 0.20509208 	 0.00000000 	 0.00000000 	 0.00000000 	 0.00000000 	 0.00000000 	 157.26700000 	 0.00000000 	 0.00000000 	 0.00000000 	 0.00000000 	 0.00000000 	 0.00000000 	 0.00000000 	 0.00000000 	 0.00000000 	 0.00000000 	 0.00000000 	 0.00000000 	 0.00000000 	 0.00000000 	 0.00000000 	 0.00000000 	 0.00000000 	 0.00000000 	 0.00000000 	 0.01072725 	 0.00000000 	 0.46098045 	 32.59326400 	 5.78343460 	 1.17821388 	 -0.28504149 	 -0.53677800 	 0.55159100 	 2.40139100
1773 	 0.00400000 	 0.04270637 	 5.30809380 	 0.03965430 	 0.22307312 	 0.00000000 	 0.00000000 	 0.00000000 	 0.00000000 	 0.00000000 	 157.26700000 	 0.00000000 	 0.00000000 	 0.00000000 	 0.00000000 	 0.00000000 	 0.00000000 	 0.00000000 	 0.00000000 	 0.00000000 	 0.00000000 	 0.00000000 	 0.00000000 	 0.00000000 	 0.00000000 	 0.00000000 	 0.00000000 	 0.00000000 	 0.00000000 	 0.00000000 	 0.01072310 	 0.00000000 	 0.51977597 	 36.53677800 	 6.48464510 	 1.19927950 	 -0.26314000 	 -0.33655200 	 0.55659000 	 2.41895500
1774 	 0.00400000 	 0.04804467 	 5.79258160 	 0.04457923 	 0.24115088 	 0.00000000 	 0.00000000 	 0.00000000 	 0.00000000 	 0.00000000 	 157.26700000 	 0.00000000 	 0.00000000 	 0.00000000 	 0.00000000 	 0.00000000 	 0.00000000 	 0.00000000 	 0.00000000 	 0.00000000 	 0.00000000 	 0.00000000 	 0.00000000 	 0.00000000 	 0.00000000 	 0.00000000 	 0.00000000 	 0.00000000 	 0.00000000 	 0.00000000 	 0.01071894 	 0.00000000 	 0.57863182 	 40.48638200 	 7.18692380 	 1.21985236 	 -0.24114099 	 -0.13589380 	 0.56158700 	 2.43650200
1775 	 0.00400000 	 0.05338296 	 6.27888960 	 0.04950448 	 0.25932835 	 0.00000000 	 0.00000000 	 0.00000000 	 0.00000000 	 0.00000000 	 157.26700000 	 0.00000000 	 0.00000000 	 0.00000000 	 0.00000000 	 0.00000000 	 0.00000000 	 0.00000000 	 0.00000000 	 0.00000000 	 0.00000000 	 0.00000000 	 0.00000000 	 0.00000000 	 0.00000000 	 0.00000000 	 0.00000000 	 0.00000000 	 0.00000000 	 0.00000000 	 0.01071477 	 0.00000000 	 0.63754986 	 44.44226500 	 7.89030370 	 1.23994126 	 -0.21903949 	 0.06520840 	 0.56658000 	 2.45403300
1776 	 0.00400000 	 0.05872126 	 6.76707430 	 0.05443006 	 0.27760862 	 0.00000000 	 0.00000000 	 0.00000000 	 0.00000000 	 0.00000000 	 157.26700000 	 0.00000000 	 0.00000000 	 0.00000000 	 0.00000000 	 0.00000000 	 0.00000000 	 0.00000000 	 0.00000000 	 0.00000000 	 0.00000000 	 0.00000000 	 0.00000000 	 0.00000000 	 0.00000000 	 0.00000000 	 0.00000000 	 0.00000000 	 0.00000000 	 0.00000000 	 0.01071059 	 0.00000000 	 0.69653200 	 48.40462000 	 8.59481880 	 1.25955526 	 -0.19771347 	 0.26556690 	 0.57245000 	 2.47274900
1777 	 0.00400000 	 0.06405956 	 7.25719370 	 0.05935599 	 0.29599487 	 0.00000000 	 0.00000000 	 0.00000000 	 0.00000000 	 0.00000000 	 157.26700000 	 0.00000000 	 0.00000000 	 0.00000000 	 0.00000000 	 0.00000000 	 0.00000000 	 0.00000000 	 0.00000000 	 0.00000000 	 0.00000000 	 0.00000000 	 0.00000000 	 0.00000000 	 0.00000000 	 0.00000000 	 0.00000000 	 0.00000000 	 0.00000000 	 0.00000000 	 0.01070641 	 0.00000000 	 0.75558025 	 52.37364900 	 9.30050440 	 1.27870309 	 -0.17539979 	 0.46759920 	 0.57743700 	 2.49024600
1778 	 0.00400000 	 0.06939785 	 7.74930760 	 0.06428227 	 0.31449037 	 0.00000000 	 0.00000000 	 0.00000000 	 0.00000000 	 0.00000000 	 157.26700000 	 0.00000000 	 0.00000000 	 0.00000000 	 0.00000000 	 0.00000000 	 0.00000000 	 0.00000000 	 0.00000000 	 0.00000000 	 0.00000000 	 0.00000000 	 0.00000000 	 0.00000000 	 0.00000000 	 0.00000000 	 0.00000000 	 0.00000000 	 0.00000000 	 0.00000000 	 0.01070222 	 0.00000000 	 0.81469663 	 56.34955700 	 10.00739700 	 1.29739361 	 -0.15297420 	 0.67011860 	 0.58242000 	 2.50772500
1779 	 0.00400000 	 0.07473615 	 8.24347760 	 0.06920892 	 0.33309849 	 0.00000000 	 0.00000000 	 0.00000000 	 0.00000000 	 0.00000000 	 157.26700000 	 0.00000000 	 0.00000000 	 0.00000000 	 0.00000000 	 0.00000000 	 0.00000000 	 0.00000000 	 0.00000000 	 0.00000000 	 0.00000000 	 0.00000000 	 0.00000000 	 0.00000000 	 0.00000000 	 0.00000000 	 0.00000000 	 0.00000000 	 0.00000000 	 0.00000000 	 0.01069803 	 0.00000000 	 0.87388326 	 60.33255800 	 10.71553300 	 1.31563583 	 -0.13043437 	 0.87313640 	 0.58740000 	 2.52518900
1780 	 0.00400000 	 0.08007444 	 8.73976740 	 0.07413594 	 0.35182273 	 0.00000000 	 0.00000000 	 0.00000000 	 0.00000000 	 0.00000000 	 157.26700000 	 0.00000000 	 0.00000000 	 0.00000000 	 0.00000000 	 0.00000000 	 0.00000000 	 0.00000000 	 0.00000000 	 0.00000000 	 0.00000000 	 0.00000000 	 0.00000000 	 0.00000000 	 0.00000000 	 0.00000000 	 0.00000000 	 0.00000000 	 0.00000000 	 0.00000000 	 0.01069383 	 0.00000000 	 0.93314232 	 64.32287000 	 11.42495100 	 1.33343859 	 -0.11064286 	 1.07188470 	 0.59524300 	 2.54742100
1781 	 0.00500000 	 0.08541274 	 9.23824260 	 0.07906336 	 0.37066668 	 0.00000000 	 0.00000000 	 0.00000000 	 0.00000000 	 0.00000000 	 157.26700000 	 0.00000000 	 0.00000000 	 0.00000000 	 0.00000000 	 0.00000000 	 0.00000000 	 0.00000000 	 0.00000000 	 0.00000000 	 0.00000000 	 0.00000000 	 0.00000000 	 0.00000000 	 0.00000000 	 0.00000000 	 0.00000000 	 0.00000000 	 0.00000000 	 0.00000000 	 0.01068962 	 0.00000000 	 0.99247603 	 68.32072000 	 12.13569200 	 1.35450463 	 -0.08577312 	 1.28201590 	 0.59812600 	 2.55878400
1782 	 0.00500000 	 0.09075104 	 9.73897060 	 0.08399117 	 0.38963404 	 0.00000000 	 0.00000000 	 0.00000000 	 0.00000000 	 0.00000000 	 157.26700000 	 0.00000000 	 0.00000000 	 0.00000000 	 0.00000000 	 0.00000000 	 0.00000000 	 0.00000000 	 0.00000000 	 0.00000000 	 0.00000000 	 0.00000000 	 0.00000000 	 0.00000000 	 0.00000000 	 0.00000000 	 0.00000000 	 0.00000000 	 0.00000000 	 0.00000000 	 0.01068540 	 0.00000000 	 1.05188667 	 72.32634000 	 12.84779500 	 1.37145521 	 -0.05984550 	 1.49391480 	 0.60007300 	 2.56890900
1783 	 0.00500000 	 0.09608933 	 10.24202100 	 0.08891940 	 0.40872863 	 0.00000000 	 0.00000000 	 0.00000000 	 0.00000000 	 0.00000000 	 157.26700000 	 0.00000000 	 0.00000000 	 0.00000000 	 0.00000000 	 0.00000000 	 0.00000000 	 0.00000000 	 0.00000000 	 0.00000000 	 0.00000000 	 0.00000000 	 0.00000000 	 0.00000000 	 0.00000000 	 0.00000000 	 0.00000000 	 0.00000000 	 0.00000000 	 0.00000000 	 0.01068117 	 0.00000000 	 1.11137670 	 76.33997200 	 13.56130300 	 1.38799293 	 -0.03379222 	 1.70637180 	 0.60202000 	 2.57902200
1784 	 0.00500000 	 0.10142763 	 10.74746600 	 0.09384806 	 0.42795436 	 0.00000000 	 0.00000000 	 0.00000000 	 0.00000000 	 0.00000000 	 157.26700000 	 0.00000000 	 0.00000000 	 0.00000000 	 0.00000000 	 0.00000000 	 0.00000000 	 0.00000000 	 0.00000000 	 0.00000000 	 0.00000000 	 0.00000000 	 0.00000000 	 0.00000000 	 0.00000000 	 0.00000000 	 0.00000000 	 0.00000000 	 0.00000000 	 0.00000000 	 0.01067694 	 0.00000000 	 1.17094854 	 80.36186300 	 14.27626000 	 1.40412666 	 -0.00744841 	 1.91966880 	 0.60380600 	 2.58885800
1785 	 0.00500000 	 0.10676593 	 11.25538000 	 0.09877715 	 0.44731532 	 0.00000000 	 0.00000000 	 0.00000000 	 0.00000000 	 0.00000000 	 157.26700000 	 0.00000000 	 0.00000000 	 0.00000000 	 0.00000000 	 0.00000000 	 0.00000000 	 0.00000000 	 0.00000000 	 0.00000000 	 0.00000000 	 0.00000000 	 0.00000000 	 0.00000000 	 0.00000000 	 0.00000000 	 0.00000000 	 0.00000000 	 0.00000000 	 0.00000000 	 0.01067269 	 0.00000000 	 1.23060479 	 84.39226800 	 14.99271100 	 1.41986550 	 0.01876695 	 2.13312530 	 0.60585400 	 2.59911500
1786 	 0.00500000 	 0.11210422 	 11.76583900 	 0.10370670 	 0.46681568 	 0.00000000 	 0.00000000 	 0.00000000 	 0.00000000 	 0.00000000 	 157.26700000 	 0.00000000 	 0.00000000 	 0.00000000 	 0.00000000 	 0.00000000 	 0.00000000 	 0.00000000 	 0.00000000 	 0.00000000 	 0.00000000 	 0.00000000 	 0.00000000 	 0.00000000 	 0.00000000 	 0.00000000 	 0.00000000 	 0.00000000 	 0.00000000 	 0.00000000 	 0.01066844 	 0.00000000 	 1.29034783 	 88.43145100 	 15.71070100 	 1.43521820 	 0.04372698 	 2.34529520 	 0.60929500 	 2.61125700
1787 	 0.00500000 	 0.11744252 	 12.27892100 	 0.10863672 	 0.48645975 	 0.00000000 	 0.00000000 	 0.00000000 	 0.00000000 	 0.00000000 	 157.26700000 	 0.00000000 	 0.00000000 	 0.00000000 	 0.00000000 	 0.00000000 	 0.00000000 	 0.00000000 	 0.00000000 	 0.00000000 	 0.00000000 	 0.00000000 	 0.00000000 	 0.00000000 	 0.00000000 	 0.00000000 	 0.00000000 	 0.00000000 	 0.00000000 	 0.00000000 	 0.01066417 	 0.00000000 	 1.35018057 	 92.47968300 	 16.43027800 	 1.45019350 	 0.07035696 	 2.56021490 	 0.61120800 	 2.62126600
1788 	 0.00500000 	 0.12278082 	 12.79470700 	 0.11356721 	 0.50625196 	 0.00000000 	 0.00000000 	 0.00000000 	 0.00000000 	 0.00000000 	 157.26700000 	 0.00000000 	 0.00000000 	 0.00000000 	 0.00000000 	 0.00000000 	 0.00000000 	 0.00000000 	 0.00000000 	 0.00000000 	 0.00000000 	 0.00000000 	 0.00000000 	 0.00000000 	 0.00000000 	 0.00000000 	 0.00000000 	 0.00000000 	 0.00000000 	 0.00000000 	 0.01065990 	 0.00000000 	 1.41010571 	 96.53724400 	 17.15149100 	 1.46480063 	 0.09607825 	 2.77402260 	 0.61417600 	 2.63302300
1789 	 0.00500000 	 0.12811911 	 13.31328200 	 0.11849820 	 0.52619692 	 0.00000000 	 0.00000000 	 0.00000000 	 0.00000000 	 0.00000000 	 157.26700000 	 0.00000000 	 0.00000000 	 0.00000000 	 0.00000000 	 0.00000000 	 0.00000000 	 0.00000000 	 0.00000000 	 0.00000000 	 0.00000000 	 0.00000000 	 0.00000000 	 0.00000000 	 0.00000000 	 0.00000000 	 0.00000000 	 0.00000000 	 0.00000000 	 0.00000000 	 0.01065561 	 0.00000000 	 1.47012613 	 100.60442000 	 17.87439100 	 1.47904821 	 0.12299939 	 2.99024700 	 0.61609500 	 2.64301900
1790 	 0.00500000 	 0.13345741 	 13.83473200 	 0.12342970 	 0.54629934 	 0.00000000 	 0.00000000 	 0.00000000 	 0.00000000 	 0.00000000 	 157.26700000 	 0.00000000 	 0.00000000 	 0.00000000 	 0.00000000 	 0.00000000 	 0.00000000 	 0.00000000 	 0.00000000 	 0.00000000 	 0.00000000 	 0.00000000 	 0.00000000 	 0.00000000 	 0.00000000 	 0.00000000 	 0.00000000 	 0.00000000 	 0.00000000 	 0.00000000 	 0.01065132 	 0.00000000 	 1.53024475 	 104.68152000 	 18.59903000 	 1.49294522 	 0.14989705 	 3.20686030 	 0.61819300 	 2.65330200
1791 	 0.00600000 	 0.13879570 	 14.35914500 	 0.12836173 	 0.56656409 	 0.00000000 	 0.00000000 	 0.00000000 	 0.00000000 	 0.00000000 	 157.26700000 	 0.00000000 	 0.00000000 	 0.00000000 	 0.00000000 	 0.00000000 	 0.00000000 	 0.00000000 	 0.00000000 	 0.00000000 	 0.00000000 	 0.00000000 	 0.00000000 	 0.00000000 	 0.00000000 	 0.00000000 	 0.00000000 	 0.00000000 	 0.00000000 	 0.00000000 	 0.01064701 	 0.00000000 	 1.59046455 	 108.76883000 	 19.32546200 	 1.51019439 	 0.17738104 	 3.42459840 	 0.61986500 	 2.66315700
1792 	 0.00600000 	 0.14413400 	 14.88661300 	 0.13329431 	 0.58699618 	 0.00000000 	 0.00000000 	 0.00000000 	 0.00000000 	 0.00000000 	 157.26700000 	 0.00000000 	 0.00000000 	 0.00000000 	 0.00000000 	 0.00000000 	 0.00000000 	 0.00000000 	 0.00000000 	 0.00000000 	 0.00000000 	 0.00000000 	 0.00000000 	 0.00000000 	 0.00000000 	 0.00000000 	 0.00000000 	 0.00000000 	 0.00000000 	 0.00000000 	 0.01064270 	 0.00000000 	 1.65078883 	 112.86668000 	 20.05374200 	 1.52341687 	 0.20692430 	 3.64565490 	 0.61964300 	 2.67041200
1793 	 0.00600000 	 0.14947230 	 15.41723100 	 0.13822745 	 0.60760081 	 0.00000000 	 0.00000000 	 0.00000000 	 0.00000000 	 0.00000000 	 157.26700000 	 0.00000000 	 0.00000000 	 0.00000000 	 0.00000000 	 0.00000000 	 0.00000000 	 0.00000000 	 0.00000000 	 0.00000000 	 0.00000000 	 0.00000000 	 0.00000000 	 0.00000000 	 0.00000000 	 0.00000000 	 0.00000000 	 0.00000000 	 0.00000000 	 0.00000000 	 0.01063836 	 0.00000000 	 1.71122058 	 116.97540000 	 20.78392700 	 1.53631550 	 0.23603196 	 3.86660290 	 0.62002700 	 2.67851600
1794 	 0.00600000 	 0.15481059 	 15.95109600 	 0.14316116 	 0.62838330 	 0.00000000 	 0.00000000 	 0.00000000 	 0.00000000 	 0.00000000 	 157.26700000 	 0.00000000 	 0.00000000 	 0.00000000 	 0.00000000 	 0.00000000 	 0.00000000 	 0.00000000 	 0.00000000 	 0.00000000 	 0.00000000 	 0.00000000 	 0.00000000 	 0.00000000 	 0.00000000 	 0.00000000 	 0.00000000 	 0.00000000 	 0.00000000 	 0.00000000 	 0.01063402 	 0.00000000 	 1.77176341 	 121.09532000 	 21.51607700 	 1.54889902 	 0.26577429 	 4.08911250 	 0.61995200 	 2.68582200
1795 	 0.00600000 	 0.16014889 	 16.48830800 	 0.14809547 	 0.64934915 	 0.00000000 	 0.00000000 	 0.00000000 	 0.00000000 	 0.00000000 	 157.26700000 	 0.00000000 	 0.00000000 	 0.00000000 	 0.00000000 	 0.00000000 	 0.00000000 	 0.00000000 	 0.00000000 	 0.00000000 	 0.00000000 	 0.00000000 	 0.00000000 	 0.00000000 	 0.00000000 	 0.00000000 	 0.00000000 	 0.00000000 	 0.00000000 	 0.00000000 	 0.01062967 	 0.00000000 	 1.83242051 	 125.22678000 	 22.25025200 	 1.56117642 	 0.29545171 	 4.31200620 	 0.62012300 	 2.69353100
1796 	 0.00600000 	 0.16548719 	 17.02897100 	 0.15303038 	 0.67050402 	 0.00000000 	 0.00000000 	 0.00000000 	 0.00000000 	 0.00000000 	 157.26700000 	 0.00000000 	 0.00000000 	 0.00000000 	 0.00000000 	 0.00000000 	 0.00000000 	 0.00000000 	 0.00000000 	 0.00000000 	 0.00000000 	 0.00000000 	 0.00000000 	 0.00000000 	 0.00000000 	 0.00000000 	 0.00000000 	 0.00000000 	 0.00000000 	 0.00000000 	 0.01062530 	 0.00000000 	 1.89319557 	 129.37015000 	 22.98651400 	 1.57315656 	 0.32512784 	 4.53557330 	 0.62048200 	 2.70137800
1797 	 0.00700000 	 0.17082548 	 17.57319200 	 0.15796594 	 0.69185379 	 0.00000000 	 0.00000000 	 0.00000000 	 0.00000000 	 0.00000000 	 157.26700000 	 0.00000000 	 0.00000000 	 0.00000000 	 0.00000000 	 0.00000000 	 0.00000000 	 0.00000000 	 0.00000000 	 0.00000000 	 0.00000000 	 0.00000000 	 0.00000000 	 0.00000000 	 0.00000000 	 0.00000000 	 0.00000000 	 0.00000000 	 0.00000000 	 0.00000000 	 0.01062091 	 0.00000000 	 1.95409210 	 133.52578000 	 23.72492900 	 1.58854229 	 0.35435443 	 4.75897900 	 0.62148300 	 2.71022300
1798 	 0.00700000 	 0.17616378 	 18.12108100 	 0.16290215 	 0.71340446 	 0.00000000 	 0.00000000 	 0.00000000 	 0.00000000 	 0.00000000 	 157.26700000 	 0.00000000 	 0.00000000 	 0.00000000 	 0.00000000 	 0.00000000 	 0.00000000 	 0.00000000 	 0.00000000 	 0.00000000 	 0.00000000 	 0.00000000 	 0.00000000 	 0.00000000 	 0.00000000 	 0.00000000 	 0.00000000 	 0.00000000 	 0.00000000 	 0.00000000 	 0.01061652 	 0.00000000 	 2.01511398 	 137.69407000 	 24.46556300 	 1.59995451 	 0.38384850 	 4.98334810 	 0.62241500 	 2.71896700
1799 	 0.00700000 	 0.18150207 	 18.67275100 	 0.16783904 	 0.73516225 	 0.00000000 	 0.00000000 	 0.00000000 	 0.00000000 	 0.00000000 	 157.26700000 	 0.00000000 	 0.00000000 	 0.00000000 	 0.00000000 	 0.00000000 	 0.00000000 	 0.00000000 	 0.00000000 	 0.00000000 	 0.00000000 	 0.00000000 	 0.00000000 	 0.00000000 	 0.00000000 	 0.00000000 	 0.00000000 	 0.00000000 	 0.00000000 	 0.00000000 	 0.01061211 	 0.00000000 	 2.07626501 	 141.87540000 	 25.20848400 	 1.61109631 	 0.41314200 	 5.20799930 	 0.62375200 	 2.72831800
1800 	 0.00800000 	 0.18684037 	 19.22831900 	 0.17277661 	 0.75713357 	 0.00000000 	 0.00000000 	 0.00000000 	 0.00000000 	 0.00000000 	 157.26700000 	 0.00000000 	 0.00000000 	 0.00000000 	 0.00000000 	 0.00000000 	 0.00000000 	 0.00000000 	 0.00000000 	 0.00000000 	 0.00000000 	 0.00000000 	 0.00000000 	 0.00000000 	 0.00000000 	 0.00000000 	 0.00000000 	 0.00000000 	 0.00000000 	 0.00000000 	 0.01060768 	 0.00000000 	 2.13754919 	 146.07018000 	 25.95376300 	 1.62567017 	 0.44294750 	 5.43402610 	 0.62478800 	 2.73721000
1801 	 0.00800000 	 0.19217867 	 19.78790600 	 0.17771490 	 0.77932503 	 0.00000000 	 0.00000000 	 0.00000000 	 0.00000000 	 0.00000000 	 157.26700000 	 0.00000000 	 0.00000000 	 0.00000000 	 0.00000000 	 0.00000000 	 0.00000000 	 0.00000000 	 0.00000000 	 0.00000000 	 0.00000000 	 0.00000000 	 0.00000000 	 0.00000000 	 0.00000000 	 0.00000000 	 0.00000000 	 0.00000000 	 0.00000000 	 0.00000000 	 0.01060324 	 0.00000000 	 2.19897072 	 150.27882000 	 26.70147300 	 1.63629736 	 0.46968240 	 5.64925790 	 0.62911200 	 2.75784200
1802 	 0.01000000 	 0.19751696 	 20.35163500 	 0.18265393 	 0.80174342 	 0.00000000 	 0.00000000 	 0.00000000 	 0.00000000 	 0.00000000 	 157.26700000 	 0.00000000 	 0.00000000 	 0.00000000 	 0.00000000 	 0.00000000 	 0.00000000 	 0.00000000 	 0.00000000 	 0.00000000 	 0.00000000 	 0.00000000 	 0.00000000 	 0.00000000 	 0.00000000 	 0.00000000 	 0.00000000 	 0.00000000 	 0.00000000 	 0.00000000 	 0.01059878 	 0.00000000 	 2.26053378 	 154.50174000 	 27.45169000 	 1.65406843 	 0.49513940 	 5.86375880 	 0.63493800 	 2.78017900
1803 	 0.00900000 	 0.20285526 	 20.91963600 	 0.18759372 	 0.82439576 	 0.00000000 	 0.00000000 	 0.00000000 	 0.00000000 	 0.00000000 	 157.26700000 	 0.00000000 	 0.00000000 	 0.00000000 	 0.00000000 	 0.00000000 	 0.00000000 	 0.00000000 	 0.00000000 	 0.00000000 	 0.00000000 	 0.00000000 	 0.00000000 	 0.00000000 	 0.00000000 	 0.00000000 	 0.00000000 	 0.00000000 	 0.00000000 	 0.00000000 	 0.01059431 	 0.00000000 	 2.32224277 	 158.73940000 	 28.20449100 	 1.66052284 	 0.52233650 	 6.08074000 	 0.63925500 	 2.80104000
1804 	 0.00900000 	 0.20819356 	 21.49204000 	 0.19253429 	 0.84728931 	 0.00000000 	 0.00000000 	 0.00000000 	 0.00000000 	 0.00000000 	 157.26700000 	 0.00000000 	 0.00000000 	 0.00000000 	 0.00000000 	 0.00000000 	 0.00000000 	 0.00000000 	 0.00000000 	 0.00000000 	 0.00000000 	 0.00000000 	 0.00000000 	 0.00000000 	 0.00000000 	 0.00000000 	 0.00000000 	 0.00000000 	 0.00000000 	 0.00000000 	 0.01058981 	 0.00000000 	 2.38410219 	 162.99225000 	 28.95995500 	 1.67044489 	 0.54852680 	 6.29710960 	 0.64481700 	 2.82354800
1805 	 0.00900000 	 0.21353185 	 22.06898400 	 0.19747567 	 0.87043150 	 0.00000000 	 0.00000000 	 0.00000000 	 0.00000000 	 0.00000000 	 157.26700000 	 0.00000000 	 0.00000000 	 0.00000000 	 0.00000000 	 0.00000000 	 0.00000000 	 0.00000000 	 0.00000000 	 0.00000000 	 0.00000000 	 0.00000000 	 0.00000000 	 0.00000000 	 0.00000000 	 0.00000000 	 0.00000000 	 0.00000000 	 0.00000000 	 0.00000000 	 0.01058530 	 0.00000000 	 2.44611664 	 167.26075000 	 29.71816500 	 1.68014971 	 0.57690170 	 6.51752250 	 0.64844000 	 2.84308000
1806 	 0.01000000 	 0.21887015 	 22.65060700 	 0.20241789 	 0.89383004 	 0.00000000 	 0.00000000 	 0.00000000 	 0.00000000 	 0.00000000 	 157.26700000 	 0.00000000 	 0.00000000 	 0.00000000 	 0.00000000 	 0.00000000 	 0.00000000 	 0.00000000 	 0.00000000 	 0.00000000 	 0.00000000 	 0.00000000 	 0.00000000 	 0.00000000 	 0.00000000 	 0.00000000 	 0.00000000 	 0.00000000 	 0.00000000 	 0.00000000 	 0.01058078 	 0.00000000 	 2.50829110 	 171.54540000 	 30.47920700 	 1.69334001 	 0.60402080 	 6.73700790 	 0.65357200 	 2.86464000
1807 	 0.01000000 	 0.22420845 	 23.23705500 	 0.20736096 	 0.91749285 	 0.00000000 	 0.00000000 	 0.00000000 	 0.00000000 	 0.00000000 	 157.26700000 	 0.00000000 	 0.00000000 	 0.00000000 	 0.00000000 	 0.00000000 	 0.00000000 	 0.00000000 	 0.00000000 	 0.00000000 	 0.00000000 	 0.00000000 	 0.00000000 	 0.00000000 	 0.00000000 	 0.00000000 	 0.00000000 	 0.00000000 	 0.00000000 	 0.00000000 	 0.01057623 	 0.00000000 	 2.57063028 	 175.84668000 	 31.24316700 	 1.70263694 	 0.63196480 	 6.95761360 	 0.65814000 	 2.88621400
1808 	 0.01000000 	 0.22954674 	 23.82847600 	 0.21230491 	 0.94142811 	 0.00000000 	 0.00000000 	 0.00000000 	 0.00000000 	 0.00000000 	 157.26700000 	 0.00000000 	 0.00000000 	 0.00000000 	 0.00000000 	 0.00000000 	 0.00000000 	 0.00000000 	 0.00000000 	 0.00000000 	 0.00000000 	 0.00000000 	 0.00000000 	 0.00000000 	 0.00000000 	 0.00000000 	 0.00000000 	 0.00000000 	 0.00000000 	 0.00000000 	 0.01057166 	 0.00000000 	 2.63313935 	 180.16513000 	 32.01013600 	 1.71174336 	 0.66122800 	 7.18243900 	 0.66165800 	 2.90473800
1809 	 0.01000000 	 0.23488504 	 24.42502500 	 0.21724979 	 0.96564423 	 0.00000000 	 0.00000000 	 0.00000000 	 0.00000000 	 0.00000000 	 157.26700000 	 0.00000000 	 0.00000000 	 0.00000000 	 0.00000000 	 0.00000000 	 0.00000000 	 0.00000000 	 0.00000000 	 0.00000000 	 0.00000000 	 0.00000000 	 0.00000000 	 0.00000000 	 0.00000000 	 0.00000000 	 0.00000000 	 0.00000000 	 0.00000000 	 0.00000000 	 0.01056707 	 0.00000000 	 2.69582363 	 184.50125000 	 32.78020700 	 1.72066799 	 0.69020550 	 7.40690900 	 0.66573900 	 2.92482300
1810 	 0.01000000 	 0.24022333 	 25.02686000 	 0.22219560 	 0.99014993 	 0.00000000 	 0.00000000 	 0.00000000 	 0.00000000 	 0.00000000 	 157.26700000 	 0.00000000 	 0.00000000 	 0.00000000 	 0.00000000 	 0.00000000 	 0.00000000 	 0.00000000 	 0.00000000 	 0.00000000 	 0.00000000 	 0.00000000 	 0.00000000 	 0.00000000 	 0.00000000 	 0.00000000 	 0.00000000 	 0.00000000 	 0.00000000 	 0.00000000 	 0.01056247 	 0.00000000 	 2.75868851 	 188.85561000 	 33.55347600 	 1.72941971 	 0.71777510 	 7.63013700 	 0.67151400 	 2.94739300
1811 	 0.01100000 	 0.24556163 	 25.63414500 	 0.22714238 	 1.01495416 	 0.00000000 	 0.00000000 	 0.00000000 	 0.00000000 	 0.00000000 	 157.26700000 	 0.00000000 	 0.00000000 	 0.00000000 	 0.00000000 	 0.00000000 	 0.00000000 	 0.00000000 	 0.00000000 	 0.00000000 	 0.00000000 	 0.00000000 	 0.00000000 	 0.00000000 	 0.00000000 	 0.00000000 	 0.00000000 	 0.00000000 	 0.00000000 	 0.00000000 	 0.01055784 	 0.00000000 	 2.82173957 	 193.22877000 	 34.33004200 	 1.74170149 	 0.74834340 	 7.85770600 	 0.67458500 	 2.96690300
1812 	 0.01100000 	 0.25089993 	 26.24704800 	 0.23209015 	 1.04006608 	 0.00000000 	 0.00000000 	 0.00000000 	 0.00000000 	 0.00000000 	 157.26700000 	 0.00000000 	 0.00000000 	 0.00000000 	 0.00000000 	 0.00000000 	 0.00000000 	 0.00000000 	 0.00000000 	 0.00000000 	 0.00000000 	 0.00000000 	 0.00000000 	 0.00000000 	 0.00000000 	 0.00000000 	 0.00000000 	 0.00000000 	 0.00000000 	 0.00000000 	 0.01055319 	 0.00000000 	 2.88498260 	 197.62131000 	 35.11000600 	 1.75013434 	 0.78000070 	 8.08774900 	 0.67687100 	 2.98526000
1813 	 0.01100000 	 0.25623822 	 26.86574300 	 0.23703897 	 1.06549524 	 0.00000000 	 0.00000000 	 0.00000000 	 0.00000000 	 0.00000000 	 157.26700000 	 0.00000000 	 0.00000000 	 0.00000000 	 0.00000000 	 0.00000000 	 0.00000000 	 0.00000000 	 0.00000000 	 0.00000000 	 0.00000000 	 0.00000000 	 0.00000000 	 0.00000000 	 0.00000000 	 0.00000000 	 0.00000000 	 0.00000000 	 0.00000000 	 0.00000000 	 0.01054851 	 0.00000000 	 2.94842352 	 202.03382000 	 35.89347400 	 1.75842099 	 0.81251540 	 8.31986600 	 0.67861300 	 3.00290600
1814 	 0.01100000 	 0.26157652 	 27.49040800 	 0.24198884 	 1.09125155 	 0.00000000 	 0.00000000 	 0.00000000 	 0.00000000 	 0.00000000 	 157.26700000 	 0.00000000 	 0.00000000 	 0.00000000 	 0.00000000 	 0.00000000 	 0.00000000 	 0.00000000 	 0.00000000 	 0.00000000 	 0.00000000 	 0.00000000 	 0.00000000 	 0.00000000 	 0.00000000 	 0.00000000 	 0.00000000 	 0.00000000 	 0.00000000 	 0.00000000 	 0.01054381 	 0.00000000 	 3.01206840 	 206.46693000 	 36.68055500 	 1.76657042 	 0.84511410 	 8.55309800 	 0.68059400 	 3.02084000
1815 	 0.01200000 	 0.26691482 	 28.12123000 	 0.24693981 	 1.11734503 	 0.00000000 	 0.00000000 	 0.00000000 	 0.00000000 	 0.00000000 	 157.26700000 	 0.00000000 	 0.00000000 	 0.00000000 	 0.00000000 	 0.00000000 	 0.00000000 	 0.00000000 	 0.00000000 	 0.00000000 	 0.00000000 	 0.00000000 	 0.00000000 	 0.00000000 	 0.00000000 	 0.00000000 	 0.00000000 	 0.00000000 	 0.00000000 	 0.00000000 	 0.01053909 	 0.00000000 	 3.07592354 	 210.92127000 	 37.47135900 	 1.77828536 	 0.87757980 	 8.78702100 	 0.68304100 	 3.03953100
1816 	 0.01300000 	 0.27225311 	 28.75839800 	 0.25189191 	 1.14378611 	 0.00000000 	 0.00000000 	 0.00000000 	 0.00000000 	 0.00000000 	 157.26700000 	 0.00000000 	 0.00000000 	 0.00000000 	 0.00000000 	 0.00000000 	 0.00000000 	 0.00000000 	 0.00000000 	 0.00000000 	 0.00000000 	 0.00000000 	 0.00000000 	 0.00000000 	 0.00000000 	 0.00000000 	 0.00000000 	 0.00000000 	 0.00000000 	 0.00000000 	 0.01053435 	 0.00000000 	 3.13999553 	 215.39751000 	 38.26600300 	 1.78988070 	 0.90899680 	 9.02006500 	 0.68688000 	 3.06059300
1817 	 0.01400000 	 0.27759141 	 29.40210800 	 0.25684518 	 1.17058560 	 0.00000000 	 0.00000000 	 0.00000000 	 0.00000000 	 0.00000000 	 157.26700000 	 0.00000000 	 0.00000000 	 0.00000000 	 0.00000000 	 0.00000000 	 0.00000000 	 0.00000000 	 0.00000000 	 0.00000000 	 0.00000000 	 0.00000000 	 0.00000000 	 0.00000000 	 0.00000000 	 0.00000000 	 0.00000000 	 0.00000000 	 0.00000000 	 0.00000000 	 0.01052957 	 0.00000000 	 3.20429106 	 219.89630000 	 39.06460500 	 1.80136554 	 0.94215680 	 9.25670800 	 0.68933000 	 3.07959400
1818 	 0.01400000 	 0.28292970 	 30.05256300 	 0.26179963 	 1.19775453 	 0.00000000 	 0.00000000 	 0.00000000 	 0.00000000 	 0.00000000 	 157.26700000 	 0.00000000 	 0.00000000 	 0.00000000 	 0.00000000 	 0.00000000 	 0.00000000 	 0.00000000 	 0.00000000 	 0.00000000 	 0.00000000 	 0.00000000 	 0.00000000 	 0.00000000 	 0.00000000 	 0.00000000 	 0.00000000 	 0.00000000 	 0.00000000 	 0.00000000 	 0.01052478 	 0.00000000 	 3.26881693 	 224.41836000 	 39.86728600 	 1.80905464 	 0.97656660 	 9.49656600 	 0.69089500 	 3.09696600
1819 	 0.01400000 	 0.28826800 	 30.70997100 	 0.26675534 	 1.22530432 	 0.00000000 	 0.00000000 	 0.00000000 	 0.00000000 	 0.00000000 	 157.26700000 	 0.00000000 	 0.00000000 	 0.00000000 	 0.00000000 	 0.00000000 	 0.00000000 	 0.00000000 	 0.00000000 	 0.00000000 	 0.00000000 	 0.00000000 	 0.00000000 	 0.00000000 	 0.00000000 	 0.00000000 	 0.00000000 	 0.00000000 	 0.00000000 	 0.00000000 	 0.01051995 	 0.00000000 	 3.33358043 	 228.96441000 	 40.67417500 	 1.81665096 	 1.00883070 	 9.73394700 	 0.69498200 	 3.11845000
1820 	 0.01400000 	 0.29360630 	 31.37454800 	 0.27171232 	 1.25324679 	 0.00000000 	 0.00000000 	 0.00000000 	 0.00000000 	 0.00000000 	 157.26700000 	 0.00000000 	 0.00000000 	 0.00000000 	 0.00000000 	 0.00000000 	 0.00000000 	 0.00000000 	 0.00000000 	 0.00000000 	 0.00000000 	 0.00000000 	 0.00000000 	 0.00000000 	 0.00000000 	 0.00000000 	 0.00000000 	 0.00000000 	 0.00000000 	 0.00000000 	 0.01051509 	 0.00000000 	 3.39858875 	 233.53518000 	 41.48539900 	 1.82416339 	 1.04299060 	 9.97552100 	 0.69756100 	 3.13742700
1821 	 0.01400000 	 0.29894459 	 32.04651400 	 0.27667061 	 1.28159407 	 0.00000000 	 0.00000000 	 0.00000000 	 0.00000000 	 0.00000000 	 157.26700000 	 0.00000000 	 0.00000000 	 0.00000000 	 0.00000000 	 0.00000000 	 0.00000000 	 0.00000000 	 0.00000000 	 0.00000000 	 0.00000000 	 0.00000000 	 0.00000000 	 0.00000000 	 0.00000000 	 0.00000000 	 0.00000000 	 0.00000000 	 0.00000000 	 0.00000000 	 0.01051021 	 0.00000000 	 3.46384969 	 238.13144000 	 42.30109500 	 1.83160076 	 1.07385120 	 10.20572700 	 0.70383900 	 3.16950900
1822 	 0.01500000 	 0.30428289 	 32.72610000 	 0.28163026 	 1.31035869 	 0.00000000 	 0.00000000 	 0.00000000 	 0.00000000 	 0.00000000 	 157.26700000 	 0.00000000 	 0.00000000 	 0.00000000 	 0.00000000 	 0.00000000 	 0.00000000 	 0.00000000 	 0.00000000 	 0.00000000 	 0.00000000 	 0.00000000 	 0.00000000 	 0.00000000 	 0.00000000 	 0.00000000 	 0.00000000 	 0.00000000 	 0.00000000 	 0.00000000 	 0.01050529 	 0.00000000 	 3.52937082 	 242.75398000 	 43.12139900 	 1.84266582 	 1.10508900 	 10.43801800 	 0.71015200 	 3.20129800
1823 	 0.01600000 	 0.30962119 	 33.41353900 	 0.28659130 	 1.33955356 	 0.00000000 	 0.00000000 	 0.00000000 	 0.00000000 	 0.00000000 	 157.26700000 	 0.00000000 	 0.00000000 	 0.00000000 	 0.00000000 	 0.00000000 	 0.00000000 	 0.00000000 	 0.00000000 	 0.00000000 	 0.00000000 	 0.00000000 	 0.00000000 	 0.00000000 	 0.00000000 	 0.00000000 	 0.00000000 	 0.00000000 	 0.00000000 	 0.00000000 	 0.01050034 	 0.00000000 	 3.59516024 	 247.40361000 	 43.94645500 	 1.85367356 	 1.13478180 	 10.66899500 	 0.71843500 	 3.23624800
1824 	 0.01600000 	 0.31495948 	 34.10907600 	 0.29155379 	 1.36919192 	 0.00000000 	 0.00000000 	 0.00000000 	 0.00000000 	 0.00000000 	 157.26700000 	 0.00000000 	 0.00000000 	 0.00000000 	 0.00000000 	 0.00000000 	 0.00000000 	 0.00000000 	 0.00000000 	 0.00000000 	 0.00000000 	 0.00000000 	 0.00000000 	 0.00000000 	 0.00000000 	 0.00000000 	 0.00000000 	 0.00000000 	 0.00000000 	 0.00000000 	 0.01049536 	 0.00000000 	 3.66122635 	 252.08117000 	 44.77641000 	 1.86093900 	 1.16623760 	 10.90450900 	 0.72539300 	 3.26856500
1825 	 0.01700000 	 0.32029778 	 34.81296000 	 0.29651776 	 1.39928749 	 0.00000000 	 0.00000000 	 0.00000000 	 0.00000000 	 0.00000000 	 157.26700000 	 0.00000000 	 0.00000000 	 0.00000000 	 0.00000000 	 0.00000000 	 0.00000000 	 0.00000000 	 0.00000000 	 0.00000000 	 0.00000000 	 0.00000000 	 0.00000000 	 0.00000000 	 0.00000000 	 0.00000000 	 0.00000000 	 0.00000000 	 0.00000000 	 0.00000000 	 0.01049035 	 0.00000000 	 3.72757764 	 256.78752000 	 45.61141400 	 1.87185883 	 1.19799100 	 11.14092900 	 0.73250500 	 3.30193800
1826 	 0.01700000 	 0.32563608 	 35.52545000 	 0.30148327 	 1.42985450 	 0.00000000 	 0.00000000 	 0.00000000 	 0.00000000 	 0.00000000 	 157.26700000 	 0.00000000 	 0.00000000 	 0.00000000 	 0.00000000 	 0.00000000 	 0.00000000 	 0.00000000 	 0.00000000 	 0.00000000 	 0.00000000 	 0.00000000 	 0.00000000 	 0.00000000 	 0.00000000 	 0.00000000 	 0.00000000 	 0.00000000 	 0.00000000 	 0.00000000 	 0.01048531 	 0.00000000 	 3.79422288 	 261.52355000 	 46.45162500 	 1.87905420 	 1.23134600 	 11.38166300 	 0.73848100 	 3.33302100
1827 	 0.01800000 	 0.33097437 	 36.24681300 	 0.30645036 	 1.46090758 	 0.00000000 	 0.00000000 	 0.00000000 	 0.00000000 	 0.00000000 	 157.26700000 	 0.00000000 	 0.00000000 	 0.00000000 	 0.00000000 	 0.00000000 	 0.00000000 	 0.00000000 	 0.00000000 	 0.00000000 	 0.00000000 	 0.00000000 	 0.00000000 	 0.00000000 	 0.00000000 	 0.00000000 	 0.00000000 	 0.00000000 	 0.00000000 	 0.00000000 	 0.01048022 	 0.00000000 	 3.86117128 	 266.29019000 	 47.29720200 	 1.88992169 	 1.26251300 	 11.62051200 	 0.74712500 	 3.36807500
1828 	 0.01800000 	 0.33631267 	 36.97732100 	 0.31141906 	 1.49246157 	 0.00000000 	 0.00000000 	 0.00000000 	 0.00000000 	 0.00000000 	 157.26700000 	 0.00000000 	 0.00000000 	 0.00000000 	 0.00000000 	 0.00000000 	 0.00000000 	 0.00000000 	 0.00000000 	 0.00000000 	 0.00000000 	 0.00000000 	 0.00000000 	 0.00000000 	 0.00000000 	 0.00000000 	 0.00000000 	 0.00000000 	 0.00000000 	 0.00000000 	 0.01047510 	 0.00000000 	 3.92843213 	 271.08837000 	 48.14831300 	 1.89708258 	 1.29780080 	 11.86720300 	 0.75214300 	 3.39743800
1829 	 0.01800000 	 0.34165096 	 37.71725900 	 0.31638945 	 1.52453208 	 0.00000000 	 0.00000000 	 0.00000000 	 0.00000000 	 0.00000000 	 157.26700000 	 0.00000000 	 0.00000000 	 0.00000000 	 0.00000000 	 0.00000000 	 0.00000000 	 0.00000000 	 0.00000000 	 0.00000000 	 0.00000000 	 0.00000000 	 0.00000000 	 0.00000000 	 0.00000000 	 0.00000000 	 0.00000000 	 0.00000000 	 0.00000000 	 0.00000000 	 0.01046995 	 0.00000000 	 3.99601520 	 275.91908000 	 49.00512800 	 1.90423934 	 1.33376070 	 12.11672800 	 0.75699900 	 3.42618400
1830 	 0.02400000 	 0.34698926 	 38.46691700 	 0.32136158 	 1.55713505 	 0.00000000 	 0.00000000 	 0.00000000 	 0.00000000 	 0.00000000 	 157.26700000 	 0.00000000 	 0.00000000 	 0.00000000 	 0.00000000 	 0.00000000 	 0.00000000 	 0.00000000 	 0.00000000 	 0.00000000 	 0.00000000 	 0.00000000 	 0.00000000 	 0.00000000 	 0.00000000 	 0.00000000 	 0.00000000 	 0.00000000 	 0.00000000 	 0.00000000 	 0.01046475 	 0.00000000 	 4.06393029 	 280.78331000 	 49.86782400 	 1.93356446 	 1.35958450 	 12.35333400 	 0.77251700 	 3.47013500
1831 	 0.02300000 	 0.35232756 	 39.22659700 	 0.32633548 	 1.59028703 	 0.00000000 	 0.00000000 	 0.00000000 	 0.00000000 	 0.00000000 	 157.26700000 	 0.00000000 	 0.00000000 	 0.00000000 	 0.00000000 	 0.00000000 	 0.00000000 	 0.00000000 	 0.00000000 	 0.00000000 	 0.00000000 	 0.00000000 	 0.00000000 	 0.00000000 	 0.00000000 	 0.00000000 	 0.00000000 	 0.00000000 	 0.00000000 	 0.00000000 	 0.01045952 	 0.00000000 	 4.13218770 	 285.68212000 	 50.73658200 	 1.93704618 	 1.39768950 	 12.60226900 	 0.77629600 	 3.50411300
1832 	 0.02300000 	 0.35766585 	 39.99660900 	 0.33131122 	 1.62400483 	 0.00000000 	 0.00000000 	 0.00000000 	 0.00000000 	 0.00000000 	 157.26700000 	 0.00000000 	 0.00000000 	 0.00000000 	 0.00000000 	 0.00000000 	 0.00000000 	 0.00000000 	 0.00000000 	 0.00000000 	 0.00000000 	 0.00000000 	 0.00000000 	 0.00000000 	 0.00000000 	 0.00000000 	 0.00000000 	 0.00000000 	 0.00000000 	 0.00000000 	 0.01045424 	 0.00000000 	 4.20079819 	 290.61656000 	 51.61159100 	 1.94424446 	 1.43605440 	 12.85425600 	 0.78037400 	 3.53746800
1833 	 0.02400000 	 0.36300415 	 40.77727100 	 0.33628887 	 1.65830619 	 0.00000000 	 0.00000000 	 0.00000000 	 0.00000000 	 0.00000000 	 157.26700000 	 0.00000000 	 0.00000000 	 0.00000000 	 0.00000000 	 0.00000000 	 0.00000000 	 0.00000000 	 0.00000000 	 0.00000000 	 0.00000000 	 0.00000000 	 0.00000000 	 0.00000000 	 0.00000000 	 0.00000000 	 0.00000000 	 0.00000000 	 0.00000000 	 0.00000000 	 0.01044892 	 0.00000000 	 4.26977248 	 295.58773000 	 52.49304300 	 1.95516818 	 1.47431050 	 13.10708100 	 0.78513700 	 3.57249000
1834 	 0.02400000 	 0.36834245 	 41.56891400 	 0.34126846 	 1.69320886 	 0.00000000 	 0.00000000 	 0.00000000 	 0.00000000 	 0.00000000 	 157.26700000 	 0.00000000 	 0.00000000 	 0.00000000 	 0.00000000 	 0.00000000 	 0.00000000 	 0.00000000 	 0.00000000 	 0.00000000 	 0.00000000 	 0.00000000 	 0.00000000 	 0.00000000 	 0.00000000 	 0.00000000 	 0.00000000 	 0.00000000 	 0.00000000 	 0.00000000 	 0.01044356 	 0.00000000 	 4.33912193 	 300.59678000 	 53.38113700 	 1.96243859 	 1.50975670 	 13.35718100 	 0.79330400 	 3.61281900
1835 	 0.02500000 	 0.37368074 	 42.37187600 	 0.34625006 	 1.72873176 	 0.00000000 	 0.00000000 	 0.00000000 	 0.00000000 	 0.00000000 	 157.26700000 	 0.00000000 	 0.00000000 	 0.00000000 	 0.00000000 	 0.00000000 	 0.00000000 	 0.00000000 	 0.00000000 	 0.00000000 	 0.00000000 	 0.00000000 	 0.00000000 	 0.00000000 	 0.00000000 	 0.00000000 	 0.00000000 	 0.00000000 	 0.00000000 	 0.00000000 	 0.01043815 	 0.00000000 	 4.40885814 	 305.64487000 	 54.27608000 	 1.97345216 	 1.54584120 	 13.60993400 	 0.80144500 	 3.65315600
1836 	 0.02900000 	 0.37901904 	 43.18650900 	 0.35123374 	 1.76489384 	 0.00000000 	 0.00000000 	 0.00000000 	 0.00000000 	 0.00000000 	 157.26700000 	 0.00000000 	 0.00000000 	 0.00000000 	 0.00000000 	 0.00000000 	 0.00000000 	 0.00000000 	 0.00000000 	 0.00000000 	 0.00000000 	 0.00000000 	 0.00000000 	 0.00000000 	 0.00000000 	 0.00000000 	 0.00000000 	 0.00000000 	 0.00000000 	 0.00000000 	 0.01043269 	 0.00000000 	 4.47899299 	 310.73322000 	 55.17808200 	 1.99560571 	 1.57661020 	 13.85796700 	 0.81553300 	 3.70095800
1837 	 0.02900000 	 0.38435733 	 44.01317300 	 0.35621957 	 1.80171494 	 0.00000000 	 0.00000000 	 0.00000000 	 0.00000000 	 0.00000000 	 157.26700000 	 0.00000000 	 0.00000000 	 0.00000000 	 0.00000000 	 0.00000000 	 0.00000000 	 0.00000000 	 0.00000000 	 0.00000000 	 0.00000000 	 0.00000000 	 0.00000000 	 0.00000000 	 0.00000000 	 0.00000000 	 0.00000000 	 0.00000000 	 0.00000000 	 0.00000000 	 0.01042719 	 0.00000000 	 4.54953888 	 315.86307000 	 56.08736300 	 2.00305086 	 1.61675200 	 14.12063500 	 0.82089900 	 3.73695300
1838 	 0.03000000 	 0.38969563 	 44.85224000 	 0.36120761 	 1.83921539 	 0.00000000 	 0.00000000 	 0.00000000 	 0.00000000 	 0.00000000 	 157.26700000 	 0.00000000 	 0.00000000 	 0.00000000 	 0.00000000 	 0.00000000 	 0.00000000 	 0.00000000 	 0.00000000 	 0.00000000 	 0.00000000 	 0.00000000 	 0.00000000 	 0.00000000 	 0.00000000 	 0.00000000 	 0.00000000 	 0.00000000 	 0.00000000 	 0.00000000 	 0.01042163 	 0.00000000 	 4.62050848 	 321.03569000 	 57.00414700 	 2.01426589 	 1.65658280 	 14.38539400 	 0.82724700 	 3.77377400
1839 	 0.03100000 	 0.39503393 	 45.70409300 	 0.36619791 	 1.87741634 	 0.00000000 	 0.00000000 	 0.00000000 	 0.00000000 	 0.00000000 	 157.26700000 	 0.00000000 	 0.00000000 	 0.00000000 	 0.00000000 	 0.00000000 	 0.00000000 	 0.00000000 	 0.00000000 	 0.00000000 	 0.00000000 	 0.00000000 	 0.00000000 	 0.00000000 	 0.00000000 	 0.00000000 	 0.00000000 	 0.00000000 	 0.00000000 	 0.00000000 	 0.01041603 	 0.00000000 	 4.69191498 	 326.25242000 	 57.92866700 	 2.02556591 	 1.69708140 	 14.65324500 	 0.83361900 	 3.81051000
1840 	 0.03300000 	 0.40037222 	 46.56912900 	 0.37119057 	 1.91633933 	 0.00000000 	 0.00000000 	 0.00000000 	 0.00000000 	 0.00000000 	 157.26700000 	 0.00000000 	 0.00000000 	 0.00000000 	 0.00000000 	 0.00000000 	 0.00000000 	 0.00000000 	 0.00000000 	 0.00000000 	 0.00000000 	 0.00000000 	 0.00000000 	 0.00000000 	 0.00000000 	 0.00000000 	 0.00000000 	 0.00000000 	 0.00000000 	 0.00000000 	 0.01041037 	 0.00000000 	 4.76377186 	 331.51462000 	 58.86116100 	 2.04065353 	 1.73502510 	 14.91872700 	 0.84325900 	 3.85271400
1841 	 0.03400000 	 0.40571052 	 47.44775500 	 0.37618564 	 1.95600671 	 0.00000000 	 0.00000000 	 0.00000000 	 0.00000000 	 0.00000000 	 157.26700000 	 0.00000000 	 0.00000000 	 0.00000000 	 0.00000000 	 0.00000000 	 0.00000000 	 0.00000000 	 0.00000000 	 0.00000000 	 0.00000000 	 0.00000000 	 0.00000000 	 0.00000000 	 0.00000000 	 0.00000000 	 0.00000000 	 0.00000000 	 0.00000000 	 0.00000000 	 0.01040466 	 0.00000000 	 4.83609291 	 336.82369000 	 59.80187600 	 2.05215002 	 1.77634210 	 15.19032000 	 0.85026100 	 3.89200300
1842 	 0.03600000 	 0.41104882 	 48.34039000 	 0.38118321 	 1.99644161 	 0.00000000 	 0.00000000 	 0.00000000 	 0.00000000 	 0.00000000 	 157.26700000 	 0.00000000 	 0.00000000 	 0.00000000 	 0.00000000 	 0.00000000 	 0.00000000 	 0.00000000 	 0.00000000 	 0.00000000 	 0.00000000 	 0.00000000 	 0.00000000 	 0.00000000 	 0.00000000 	 0.00000000 	 0.00000000 	 0.00000000 	 0.00000000 	 0.00000000 	 0.01039889 	 0.00000000 	 4.90889272 	 342.18109000 	 60.75106700 	 2.06745209 	 1.82438100 	 15.47556600 	 0.85129900 	 3.92093300
1843 	 0.03700000 	 0.41638711 	 49.24746900 	 0.38618335 	 2.03766760 	 0.00000000 	 0.00000000 	 0.00000000 	 0.00000000 	 0.00000000 	 157.26700000 	 0.00000000 	 0.00000000 	 0.00000000 	 0.00000000 	 0.00000000 	 0.00000000 	 0.00000000 	 0.00000000 	 0.00000000 	 0.00000000 	 0.00000000 	 0.00000000 	 0.00000000 	 0.00000000 	 0.00000000 	 0.00000000 	 0.00000000 	 0.00000000 	 0.00000000 	 0.01039306 	 0.00000000 	 4.98218586 	 347.58830000 	 61.70899600 	 2.07918063 	 1.86536430 	 15.75195600 	 0.86017400 	 3.96211500
1844 	 0.03900000 	 0.42172541 	 50.16943900 	 0.39118614 	 2.07970922 	 0.00000000 	 0.00000000 	 0.00000000 	 0.00000000 	 0.00000000 	 157.26700000 	 0.00000000 	 0.00000000 	 0.00000000 	 0.00000000 	 0.00000000 	 0.00000000 	 0.00000000 	 0.00000000 	 0.00000000 	 0.00000000 	 0.00000000 	 0.00000000 	 0.00000000 	 0.00000000 	 0.00000000 	 0.00000000 	 0.00000000 	 0.00000000 	 0.00000000 	 0.01038717 	 0.00000000 	 5.05598782 	 353.04688000 	 62.67593200 	 2.09473235 	 1.90562710 	 16.02936000 	 0.87057500 	 4.00578400
1845 	 0.04300000 	 0.42706371 	 51.10675900 	 0.39619166 	 2.12259171 	 0.00000000 	 0.00000000 	 0.00000000 	 0.00000000 	 0.00000000 	 157.26700000 	 0.00000000 	 0.00000000 	 0.00000000 	 0.00000000 	 0.00000000 	 0.00000000 	 0.00000000 	 0.00000000 	 0.00000000 	 0.00000000 	 0.00000000 	 0.00000000 	 0.00000000 	 0.00000000 	 0.00000000 	 0.00000000 	 0.00000000 	 0.00000000 	 0.00000000 	 0.01038122 	 0.00000000 	 5.13031418 	 358.55840000 	 63.65215600 	 2.11781021 	 1.94322140 	 16.30532900 	 0.88447500 	 4.05449800
1846 	 0.04300000 	 0.43240200 	 52.05990400 	 0.40119999 	 2.16634113 	 0.00000000 	 0.00000000 	 0.00000000 	 0.00000000 	 0.00000000 	 157.26700000 	 0.00000000 	 0.00000000 	 0.00000000 	 0.00000000 	 0.00000000 	 0.00000000 	 0.00000000 	 0.00000000 	 0.00000000 	 0.00000000 	 0.00000000 	 0.00000000 	 0.00000000 	 0.00000000 	 0.00000000 	 0.00000000 	 0.00000000 	 0.00000000 	 0.00000000 	 0.01037521 	 0.00000000 	 5.20518112 	 364.12450000 	 64.63795200 	 2.12625958 	 1.98606690 	 16.59100900 	 0.89398000 	 4.09722200
1847 	 0.04600000 	 0.43774030 	 53.02936500 	 0.40621124 	 2.21098414 	 0.00000000 	 0.00000000 	 0.00000000 	 0.00000000 	 0.00000000 	 157.26700000 	 0.00000000 	 0.00000000 	 0.00000000 	 0.00000000 	 0.00000000 	 0.00000000 	 0.00000000 	 0.00000000 	 0.00000000 	 0.00000000 	 0.00000000 	 0.00000000 	 0.00000000 	 0.00000000 	 0.00000000 	 0.00000000 	 0.00000000 	 0.00000000 	 0.00000000 	 0.01036913 	 0.00000000 	 5.28060552 	 369.74689000 	 65.63361900 	 2.14594679 	 2.02356910 	 16.87291400 	 0.90971100 	 4.14755700
1848 	 0.04700000 	 0.44307859 	 54.01564400 	 0.41122547 	 2.25654849 	 0.00000000 	 0.00000000 	 0.00000000 	 0.00000000 	 0.00000000 	 157.26700000 	 0.00000000 	 0.00000000 	 0.00000000 	 0.00000000 	 0.00000000 	 0.00000000 	 0.00000000 	 0.00000000 	 0.00000000 	 0.00000000 	 0.00000000 	 0.00000000 	 0.00000000 	 0.00000000 	 0.00000000 	 0.00000000 	 0.00000000 	 0.00000000 	 0.00000000 	 0.01036298 	 0.00000000 	 5.35660456 	 375.42728000 	 66.63946100 	 2.15841095 	 2.07481710 	 17.17926100 	 0.91260600 	 4.17740500
1849 	 0.05000000 	 0.44841689 	 55.01926400 	 0.41624279 	 2.30306273 	 0.00000000 	 0.00000000 	 0.00000000 	 0.00000000 	 0.00000000 	 157.26700000 	 0.00000000 	 0.00000000 	 0.00000000 	 0.00000000 	 0.00000000 	 0.00000000 	 0.00000000 	 0.00000000 	 0.00000000 	 0.00000000 	 0.00000000 	 0.00000000 	 0.00000000 	 0.00000000 	 0.00000000 	 0.00000000 	 0.00000000 	 0.00000000 	 0.00000000 	 0.01035677 	 0.00000000 	 5.43319593 	 381.16749000 	 67.65579200 	 2.17843683 	 2.12208630 	 17.48232900 	 0.92041800 	 4.21461000
1850 	 0.05400000 	 0.45375519 	 56.04075900 	 0.42126329 	 2.35055613 	 0.00000000 	 0.00000000 	 0.00000000 	 0.00000000 	 0.00000000 	 157.26700000 	 1.39500000 	 0.00000000 	 0.00000000 	 0.00000000 	 0.00000000 	 0.00000000 	 0.00000000 	 0.00000000 	 0.00000000 	 0.00000000 	 0.00000000 	 0.00000000 	 0.00000000 	 0.00000000 	 0.00000000 	 0.00000000 	 0.00000000 	 0.00000000 	 0.00000000 	 0.01035048 	 0.00000000 	 5.51039800 	 386.96935000 	 68.68293800 	 2.20233919 	 2.16439150 	 17.77967100 	 0.93416100 	 4.26174300
1851 	 0.05400000 	 0.44678569 	 56.46132000 	 0.42715673 	 2.40608456 	 0.00000000 	 0.00000000 	 0.00000000 	 0.00000000 	 0.00000000 	 157.26700000 	 1.44700000 	 0.00000000 	 0.00000000 	 0.00000000 	 0.00000000 	 0.00000000 	 0.00000000 	 0.00000000 	 0.00000000 	 0.00000000 	 0.00000000 	 0.00000000 	 0.00000000 	 0.00000000 	 0.00000000 	 0.00000000 	 0.00000000 	 0.00000000 	 0.00000000 	 0.01035091 	 0.00000000 	 5.53598982 	 387.46072000 	 68.72776500 	 2.24268784 	 2.17891070 	 17.80796000 	 0.93983100 	 4.29710400
1852 	 0.05700000 	 0.49862282 	 56.88188000 	 0.46439510 	 2.46161300 	 0.00000000 	 0.00000000 	 0.00000000 	 0.00000000 	 0.00000000 	 157.26700000 	 1.50200000 	 0.00000000 	 0.00000000 	 0.00000000 	 0.00000000 	 0.00000000 	 0.00000000 	 0.00000000 	 0.00000000 	 0.00000000 	 0.00000000 	 0.00000000 	 0.00000000 	 0.00000000 	 0.00000000 	 0.00000000 	 0.00000000 	 0.00000000 	 0.00000000 	 0.01035134 	 0.00000000 	 5.56158173 	 387.95209000 	 68.77259200 	 2.42212066 	 2.18926490 	 17.82524200 	 0.94966600 	 4.34347200
1853 	 0.05900000 	 0.49735449 	 57.30244100 	 0.46450858 	 2.51714143 	 0.00000000 	 0.00000000 	 0.00000000 	 0.00000000 	 0.00000000 	 157.26700000 	 1.55400000 	 0.00000000 	 0.00000000 	 0.00000000 	 0.00000000 	 0.00000000 	 0.00000000 	 0.00000000 	 0.00000000 	 0.00000000 	 0.00000000 	 0.00000000 	 0.00000000 	 0.00000000 	 0.00000000 	 0.00000000 	 0.00000000 	 0.00000000 	 0.00000000 	 0.01035177 	 0.00000000 	 5.58717355 	 388.44346000 	 68.81741800 	 2.42955670 	 2.19850700 	 17.83923100 	 0.96061300 	 4.39313200
1854 	 0.06900000 	 0.49581708 	 57.72300100 	 0.46417108 	 2.57266987 	 0.00000000 	 0.00000000 	 0.00000000 	 0.00000000 	 0.00000000 	 157.26700000 	 1.60700000 	 0.00000000 	 0.00000000 	 0.00000000 	 0.00000000 	 0.00000000 	 0.00000000 	 0.00000000 	 0.00000000 	 0.00000000 	 0.00000000 	 0.00000000 	 0.00000000 	 0.00000000 	 0.00000000 	 0.00000000 	 0.00000000 	 0.00000000 	 0.00000000 	 0.01035220 	 0.00000000 	 5.61276537 	 388.93483000 	 68.86224500 	 2.46536866 	 2.19248820 	 17.83158800 	 0.98682100 	 4.46442500
1855 	 0.07100000 	 0.49367925 	 58.14356200 	 0.46301436 	 2.62819830 	 0.00000000 	 0.00000000 	 0.00000000 	 0.00000000 	 0.00000000 	 157.26700000 	 1.65700000 	 0.00000000 	 0.00000000 	 0.00000000 	 0.00000000 	 0.00000000 	 0.00000000 	 0.00000000 	 0.00000000 	 0.00000000 	 0.00000000 	 0.00000000 	 0.00000000 	 0.00000000 	 0.00000000 	 0.00000000 	 0.00000000 	 0.00000000 	 0.00000000 	 0.01035264 	 0.00000000 	 5.63835719 	 389.42621000 	 68.90707200 	 2.46805369 	 2.20524330 	 17.84868200 	 0.99425500 	 4.51098100
1856 	 0.07600000 	 0.49893488 	 58.56412200 	 0.46702610 	 2.68372684 	 0.00000000 	 0.00000000 	 0.00000000 	 0.00000000 	 0.00000000 	 157.26700000 	 1.71200000 	 0.00000000 	 0.00000000 	 0.00000000 	 0.00000000 	 0.00000000 	 0.00000000 	 0.00000000 	 0.00000000 	 0.00000000 	 0.00000000 	 0.00000000 	 0.00000000 	 0.00000000 	 0.00000000 	 0.00000000 	 0.00000000 	 0.00000000 	 0.00000000 	 0.01035307 	 0.00000000 	 5.66394901 	 389.91758000 	 68.95189900 	 2.50357021 	 2.21447750 	 17.86396400 	 1.00521000 	 4.55934800
1857 	 0.07700000 	 0.50423200 	 58.98468300 	 0.47099518 	 2.73925528 	 0.00000000 	 0.00000000 	 0.00000000 	 0.00000000 	 0.00000000 	 157.26700000 	 1.76500000 	 0.00000000 	 0.00000000 	 0.00000000 	 0.00000000 	 0.00000000 	 0.00000000 	 0.00000000 	 0.00000000 	 0.00000000 	 0.00000000 	 0.00000000 	 0.00000000 	 0.00000000 	 0.00000000 	 0.00000000 	 0.00000000 	 0.00000000 	 0.00000000 	 0.01035350 	 0.00000000 	 5.68954093 	 390.40895000 	 68.99672600 	 2.52383579 	 2.23181270 	 17.88979400 	 1.00806400 	 4.59716800
1858 	 0.07800000 	 0.50923298 	 59.40524300 	 0.47475974 	 2.79478371 	 0.00000000 	 0.00000000 	 0.00000000 	 0.00000000 	 0.00000000 	 157.26700000 	 1.81500000 	 0.00000000 	 0.00000000 	 0.00000000 	 0.00000000 	 0.00000000 	 0.00000000 	 0.00000000 	 0.00000000 	 0.00000000 	 0.00000000 	 0.00000000 	 0.00000000 	 0.00000000 	 0.00000000 	 0.00000000 	 0.00000000 	 0.00000000 	 0.00000000 	 0.01035393 	 0.00000000 	 5.71513275 	 390.90032000 	 69.04155300 	 2.54308149 	 2.24881280 	 17.91379500 	 1.01125300 	 4.63681600
1859 	 0.08300000 	 0.51425389 	 59.82580400 	 0.47849269 	 2.85031215 	 0.00000000 	 0.00000000 	 0.00000000 	 0.00000000 	 0.00000000 	 157.26700000 	 1.87000000 	 0.00000000 	 0.00000000 	 0.00000000 	 0.00000000 	 0.00000000 	 0.00000000 	 0.00000000 	 0.00000000 	 0.00000000 	 0.00000000 	 0.00000000 	 0.00000000 	 0.00000000 	 0.00000000 	 0.00000000 	 0.00000000 	 0.00000000 	 0.00000000 	 0.01035436 	 0.00000000 	 5.74072457 	 391.39169000 	 69.08638000 	 2.57789336 	 2.25647000 	 17.92785900 	 1.02378500 	 4.68640200
1860 	 0.09100000 	 0.51896689 	 60.24636400 	 0.48230096 	 2.90584058 	 0.00000000 	 0.00000000 	 0.00000000 	 0.00000000 	 0.00000000 	 157.26700000 	 1.92300000 	 0.00000000 	 0.00000000 	 0.00000000 	 0.00000000 	 0.00000000 	 0.00000000 	 0.00000000 	 0.00000000 	 0.00000000 	 0.00000000 	 0.00000000 	 0.00000000 	 0.00000000 	 0.00000000 	 0.00000000 	 0.00000000 	 0.00000000 	 0.00000000 	 0.01035479 	 0.00000000 	 5.76631638 	 391.88307000 	 69.13120600 	 2.62525924 	 2.26144610 	 17.93646900 	 1.03899800 	 4.74144200
1861 	 0.09500000 	 0.52822360 	 59.61446800 	 0.50470619 	 2.99866346 	 0.00000000 	 0.00000000 	 0.00000000 	 0.00000000 	 0.00000000 	 157.26700000 	 1.97300000 	 0.00000000 	 0.00000000 	 0.00000000 	 0.00000000 	 0.00000000 	 0.00000000 	 0.00000000 	 0.00000000 	 0.00000000 	 0.00000000 	 0.00000000 	 0.00000000 	 0.00000000 	 0.00000000 	 0.00000000 	 0.00000000 	 0.00000000 	 0.00000000 	 0.01035496 	 0.00000000 	 5.80619336 	 392.89610000 	 69.26904400 	 2.76079114 	 2.27466880 	 17.95804700 	 1.04974500 	 4.77648100
1862 	 0.09700000 	 0.47371663 	 58.98257300 	 0.47084360 	 3.09148633 	 0.00000000 	 0.00000000 	 0.00000000 	 0.00000000 	 0.00000000 	 157.26700000 	 2.02800000 	 0.00000000 	 0.00000000 	 0.00000000 	 0.00000000 	 0.00000000 	 0.00000000 	 0.00000000 	 0.00000000 	 0.00000000 	 0.00000000 	 0.00000000 	 0.00000000 	 0.00000000 	 0.00000000 	 0.00000000 	 0.00000000 	 0.00000000 	 0.00000000 	 0.01035513 	 0.00000000 	 5.84607033 	 393.90914000 	 69.40688100 	 2.61777730 	 2.29241150 	 17.98115600 	 1.05597200 	 4.80998800
1863 	 0.10400000 	 0.47374912 	 58.35067700 	 0.47417824 	 3.18430911 	 0.00000000 	 0.00000000 	 0.00000000 	 0.00000000 	 0.00000000 	 157.26700000 	 2.08100000 	 0.00000000 	 0.00000000 	 0.00000000 	 0.00000000 	 0.00000000 	 0.00000000 	 0.00000000 	 0.00000000 	 0.00000000 	 0.00000000 	 0.00000000 	 0.00000000 	 0.00000000 	 0.00000000 	 0.00000000 	 0.00000000 	 0.00000000 	 0.00000000 	 0.01035530 	 0.00000000 	 5.88594721 	 394.92218000 	 69.54471900 	 2.66211379 	 2.28990820 	 17.95547900 	 1.08244500 	 4.89228200
1864 	 0.11200000 	 0.47413825 	 57.71878100 	 0.47758495 	 3.27713198 	 0.00000000 	 0.00000000 	 0.00000000 	 0.00000000 	 0.00000000 	 157.26700000 	 2.13400000 	 0.00000000 	 0.00000000 	 0.00000000 	 0.00000000 	 0.00000000 	 0.00000000 	 0.00000000 	 0.00000000 	 0.00000000 	 0.00000000 	 0.00000000 	 0.00000000 	 0.00000000 	 0.00000000 	 0.00000000 	 0.00000000 	 0.00000000 	 0.00000000 	 0.01035547 	 0.00000000 	 5.92582418 	 395.93522000 	 69.68255600 	 2.70778890 	 2.29712390 	 17.96489800 	 1.09919900 	 4.93948000
1865 	 0.11900000 	 0.47479536 	 57.08688500 	 0.48117455 	 3.36995486 	 0.00000000 	 0.00000000 	 0.00000000 	 0.00000000 	 0.00000000 	 157.26700000 	 2.18400000 	 0.00000000 	 0.00000000 	 0.00000000 	 0.00000000 	 0.00000000 	 0.00000000 	 0.00000000 	 0.00000000 	 0.00000000 	 0.00000000 	 0.00000000 	 0.00000000 	 0.00000000 	 0.00000000 	 0.00000000 	 0.00000000 	 0.00000000 	 0.00000000 	 0.01035564 	 0.00000000 	 5.96570106 	 396.94826000 	 69.82039300 	 2.75100181 	 2.30766560 	 17.97736900 	 1.11262700 	 4.98362600
1866 	 0.12200000 	 0.47491218 	 56.45499000 	 0.48392785 	 3.46277773 	 0.00000000 	 0.00000000 	 0.00000000 	 0.00000000 	 0.00000000 	 157.26700000 	 2.23900000 	 0.00000000 	 0.00000000 	 0.00000000 	 0.00000000 	 0.00000000 	 0.00000000 	 0.00000000 	 0.00000000 	 0.00000000 	 0.00000000 	 0.00000000 	 0.00000000 	 0.00000000 	 0.00000000 	 0.00000000 	 0.00000000 	 0.00000000 	 0.00000000 	 0.01035580 	 0.00000000 	 6.00557803 	 397.96130000 	 69.95823100 	 2.77730919 	 2.32194330 	 17.98414600 	 1.12231900 	 5.03346600
1867 	 0.13022269 	 0.47338353 	 55.82309400 	 0.48444639 	 3.55560051 	 0.00000000 	 0.00000000 	 0.00000000 	 0.00000000 	 0.00000000 	 157.26700000 	 2.29100000 	 0.00000000 	 0.00000000 	 0.00000000 	 0.00000000 	 0.00000000 	 0.00000000 	 0.00000000 	 0.00000000 	 0.00000000 	 0.00000000 	 0.00000000 	 0.00000000 	 0.00000000 	 0.00000000 	 0.00000000 	 0.00000000 	 0.00000000 	 0.00000000 	 0.01035597 	 0.00000000 	 6.04545500 	 398.97434000 	 70.09606800 	 2.81563265 	 2.33068090 	 18.00799600 	 1.13755100 	 5.06623300
1868 	 0.13525196 	 0.47198274 	 55.19119800 	 0.48567554 	 3.64842338 	 0.00000000 	 0.00000000 	 0.00000000 	 0.00000000 	 0.00000000 	 157.26700000 	 2.34100000 	 0.00000000 	 0.00000000 	 0.00000000 	 0.00000000 	 0.00000000 	 0.00000000 	 0.00000000 	 0.00000000 	 0.00000000 	 0.00000000 	 0.00000000 	 0.00000000 	 0.00000000 	 0.00000000 	 0.00000000 	 0.00000000 	 0.00000000 	 0.00000000 	 0.01035615 	 0.00000000 	 6.08533188 	 399.98738000 	 70.23390500 	 2.83800926 	 2.34545360 	 18.02820800 	 1.14674800 	 5.10263800
1869 	 0.14228123 	 0.47048522 	 54.55930300 	 0.48658334 	 3.74124626 	 0.00000000 	 0.00000000 	 0.00000000 	 0.00000000 	 0.00000000 	 157.26700000 	 2.38600000 	 0.00000000 	 0.00000000 	 0.00000000 	 0.00000000 	 0.00000000 	 0.00000000 	 0.00000000 	 0.00000000 	 0.00000000 	 0.00000000 	 0.00000000 	 0.00000000 	 0.00000000 	 0.00000000 	 0.00000000 	 0.00000000 	 0.00000000 	 0.00000000 	 0.01035632 	 0.00000000 	 6.12520885 	 401.00042000 	 70.37174300 	 2.86912109 	 2.35336730 	 18.03812800 	 1.16280400 	 5.14933500
1870 	 0.14731051 	 0.46933399 	 53.92740700 	 0.48746484 	 3.83406913 	 0.00000000 	 0.00000000 	 0.00000000 	 0.00000000 	 0.00000000 	 157.26700000 	 2.45200000 	 0.00000000 	 0.00000000 	 0.00000000 	 0.00000000 	 0.00000000 	 0.00000000 	 0.00000000 	 0.00000000 	 0.00000000 	 0.00000000 	 0.00000000 	 0.00000000 	 0.00000000 	 0.00000000 	 0.00000000 	 0.00000000 	 0.00000000 	 0.00000000 	 0.01035649 	 0.00000000 	 6.16508583 	 402.01346000 	 70.50958000 	 2.89292060 	 2.35925400 	 18.02440300 	 1.18088700 	 5.21967600
1871 	 0.15633978 	 0.48732546 	 56.68386900 	 0.58468198 	 4.00115444 	 0.00000000 	 0.00000000 	 0.00000000 	 0.00000000 	 0.00000000 	 157.26700000 	 2.50500000 	 0.00000000 	 0.00000000 	 0.00000000 	 0.00000000 	 0.00000000 	 0.00000000 	 0.00000000 	 0.00000000 	 0.00000000 	 0.00000000 	 0.00000000 	 0.00000000 	 0.00000000 	 0.00000000 	 0.00000000 	 0.00000000 	 0.00000000 	 0.00000000 	 0.01035689 	 0.00000000 	 6.21006067 	 403.03248000 	 70.65333100 	 3.47366792 	 2.36957000 	 18.03566300 	 1.19288300 	 5.24818100
1872 	 0.17336905 	 0.56696435 	 59.44033100 	 0.66635882 	 4.16823974 	 0.00000000 	 0.00000000 	 0.00000000 	 0.00000000 	 0.00000000 	 157.26700000 	 2.55700000 	 0.00000000 	 0.00000000 	 0.00000000 	 0.00000000 	 0.00000000 	 0.00000000 	 0.00000000 	 0.00000000 	 0.00000000 	 0.00000000 	 0.00000000 	 0.00000000 	 0.00000000 	 0.00000000 	 0.00000000 	 0.00000000 	 0.00000000 	 0.00000000 	 0.01035730 	 0.00000000 	 6.25503561 	 404.05150000 	 70.79708200 	 3.93449178 	 2.36790610 	 18.03036600 	 1.21685900 	 5.29324200
1873 	 0.18439832 	 0.57690133 	 62.19679300 	 0.69597283 	 4.33532504 	 0.00000000 	 0.00000000 	 0.00000000 	 0.00000000 	 0.00000000 	 157.26700000 	 2.61000000 	 0.00000000 	 0.00000000 	 0.00000000 	 0.00000000 	 0.00000000 	 0.00000000 	 0.00000000 	 0.00000000 	 0.00000000 	 0.00000000 	 0.00000000 	 0.00000000 	 0.00000000 	 0.00000000 	 0.00000000 	 0.00000000 	 0.00000000 	 0.00000000 	 0.01035771 	 0.00000000 	 6.30001055 	 405.07052000 	 70.94083400 	 4.13265641 	 2.37531410 	 18.03584100 	 1.23176300 	 5.32753200
1874 	 0.17442760 	 0.58328394 	 64.95325500 	 0.70834530 	 4.50241035 	 0.00000000 	 0.00000000 	 0.00000000 	 0.00000000 	 0.00000000 	 157.26700000 	 2.66300000 	 0.00000000 	 0.00000000 	 0.00000000 	 0.00000000 	 0.00000000 	 0.00000000 	 0.00000000 	 0.00000000 	 0.00000000 	 0.00000000 	 0.00000000 	 0.00000000 	 0.00000000 	 0.00000000 	 0.00000000 	 0.00000000 	 0.00000000 	 0.00000000 	 0.01035811 	 0.00000000 	 6.34498549 	 406.08954000 	 71.08458500 	 4.16154621 	 2.40555810 	 18.07777500 	 1.22383100 	 5.32536300
1875 	 0.18845687 	 0.58996960 	 67.70971700 	 0.71993180 	 4.66949565 	 0.00000000 	 0.00000000 	 0.00000000 	 0.00000000 	 0.00000000 	 157.26700000 	 2.85000000 	 0.00000000 	 0.00000000 	 0.00000000 	 0.00000000 	 0.00000000 	 0.00000000 	 0.00000000 	 0.00000000 	 0.00000000 	 0.00000000 	 0.00000000 	 0.00000000 	 0.00000000 	 0.00000000 	 0.00000000 	 0.00000000 	 0.00000000 	 0.00000000 	 0.01035852 	 0.00000000 	 6.38996033 	 407.10856000 	 71.22833600 	 4.27101734 	 2.41496120 	 18.08327700 	 1.23674000 	 5.35962500
1876 	 0.19148614 	 0.59639187 	 70.46618000 	 0.74481753 	 4.83658095 	 0.00000000 	 0.00000000 	 0.00000000 	 0.00000000 	 0.00000000 	 157.26700000 	 2.98900000 	 0.00000000 	 0.00000000 	 0.00000000 	 0.00000000 	 0.00000000 	 0.00000000 	 0.00000000 	 0.00000000 	 0.00000000 	 0.00000000 	 0.00000000 	 0.00000000 	 0.00000000 	 0.00000000 	 0.00000000 	 0.00000000 	 0.00000000 	 0.00000000 	 0.01035893 	 0.00000000 	 6.43493527 	 408.12758000 	 71.37208700 	 4.41702536 	 2.43362620 	 18.10118100 	 1.24038700 	 5.38148600
1877 	 0.19451541 	 0.60262312 	 73.22264200 	 0.75589978 	 5.00366626 	 0.00000000 	 0.00000000 	 0.00000000 	 0.00000000 	 0.00000000 	 157.26700000 	 3.13000000 	 0.00000000 	 0.00000000 	 0.00000000 	 0.00000000 	 0.00000000 	 0.00000000 	 0.00000000 	 0.00000000 	 0.00000000 	 0.00000000 	 0.00000000 	 0.00000000 	 0.00000000 	 0.00000000 	 0.00000000 	 0.00000000 	 0.00000000 	 0.00000000 	 0.01035934 	 0.00000000 	 6.47991022 	 409.14660000 	 71.51583800 	 4.48781361 	 2.44531530 	 18.11344000 	 1.25101000 	 5.40899100
1878 	 0.19600000 	 0.60905070 	 75.97910400 	 0.76560816 	 5.17075156 	 0.00000000 	 0.00000000 	 0.00000000 	 0.00000000 	 0.00000000 	 157.26700000 	 3.27500000 	 0.00000000 	 0.00000000 	 0.00000000 	 0.00000000 	 0.00000000 	 0.00000000 	 0.00000000 	 0.00000000 	 0.00000000 	 0.00000000 	 0.00000000 	 0.00000000 	 0.00000000 	 0.00000000 	 0.00000000 	 0.00000000 	 0.00000000 	 0.00000000 	 0.01035975 	 0.00000000 	 6.52488516 	 410.16562000 	 71.65958900 	 4.54829244 	 2.46468730 	 18.13568600 	 1.25395000 	 5.42651000
1879 	 0.21000000 	 0.61534752 	 78.73556600 	 0.77446837 	 5.33783686 	 0.00000000 	 0.00000000 	 0.00000000 	 0.00000000 	 0.00000000 	 157.26700000 	 3.39600000 	 0.00000000 	 0.00000000 	 0.00000000 	 0.00000000 	 0.00000000 	 0.00000000 	 0.00000000 	 0.00000000 	 0.00000000 	 0.00000000 	 0.00000000 	 0.00000000 	 0.00000000 	 0.00000000 	 0.00000000 	 0.00000000 	 0.00000000 	 0.00000000 	 0.01036016 	 0.00000000 	 6.56986000 	 411.18464000 	 71.80334000 	 4.65121190 	 2.46557430 	 18.13083200 	 1.27537500 	 5.47112800
1880 	 0.23600000 	 0.62124317 	 81.49202800 	 0.78367322 	 5.50492217 	 0.00000000 	 0.00000000 	 0.00000000 	 0.00000000 	 0.00000000 	 157.26700000 	 3.57300000 	 0.00000000 	 0.00000000 	 0.00000000 	 0.00000000 	 0.00000000 	 0.00000000 	 0.00000000 	 0.00000000 	 0.00000000 	 0.00000000 	 0.00000000 	 0.00000000 	 0.00000000 	 0.00000000 	 0.00000000 	 0.00000000 	 0.00000000 	 0.00000000 	 0.01036057 	 0.00000000 	 6.61483494 	 412.20366000 	 71.94709100 	 4.79887936 	 2.45675540 	 18.11172700 	 1.30650600 	 5.52999800
1881 	 0.24300000 	 0.64887292 	 84.35946100 	 0.81111472 	 5.77384604 	 0.00000000 	 0.00000000 	 0.00000000 	 0.00000000 	 0.00000000 	 157.26700000 	 3.72600000 	 0.00000000 	 0.00000000 	 0.00000000 	 0.00000000 	 0.00000000 	 0.00000000 	 0.00000000 	 0.00000000 	 0.00000000 	 0.00000000 	 0.00000000 	 0.00000000 	 0.00000000 	 0.00000000 	 0.00000000 	 0.00000000 	 0.00000000 	 0.00000000 	 0.01036129 	 0.00000000 	 6.66831775 	 413.25581000 	 72.09983500 	 4.94372993 	 2.46960760 	 18.12385900 	 1.32296300 	 5.55158300
1882 	 0.25600000 	 0.60466403 	 87.22689300 	 0.78481162 	 6.04276992 	 0.00000000 	 0.00000000 	 0.00000000 	 0.00000000 	 0.00000000 	 157.26700000 	 3.88300000 	 0.00000000 	 0.00000000 	 0.00000000 	 0.00000000 	 0.00000000 	 0.00000000 	 0.00000000 	 0.00000000 	 0.00000000 	 0.00000000 	 0.00000000 	 0.00000000 	 0.00000000 	 0.00000000 	 0.00000000 	 0.00000000 	 0.00000000 	 0.00000000 	 0.01036200 	 0.00000000 	 6.72180045 	 414.30795000 	 72.25257900 	 4.88127205 	 2.47654880 	 18.12484800 	 1.34533100 	 5.58431000
1883 	 0.27200000 	 0.60851762 	 90.09432600 	 0.79210318 	 6.31169369 	 0.00000000 	 0.00000000 	 0.00000000 	 0.00000000 	 0.00000000 	 157.26700000 	 4.04300000 	 0.00000000 	 0.00000000 	 0.00000000 	 0.00000000 	 0.00000000 	 0.00000000 	 0.00000000 	 0.00000000 	 0.00000000 	 0.00000000 	 0.00000000 	 0.00000000 	 0.00000000 	 0.00000000 	 0.00000000 	 0.00000000 	 0.00000000 	 0.00000000 	 0.01036272 	 0.00000000 	 6.77528326 	 415.36010000 	 72.40532300 	 4.97678959 	 2.48079500 	 18.12065700 	 1.37039400 	 5.62221800
1884 	 0.27500000 	 0.61212775 	 92.96175800 	 0.79829407 	 6.58061757 	 0.00000000 	 0.00000000 	 0.00000000 	 0.00000000 	 0.00000000 	 157.26700000 	 4.23300000 	 0.00000000 	 0.00000000 	 0.00000000 	 0.00000000 	 0.00000000 	 0.00000000 	 0.00000000 	 0.00000000 	 0.00000000 	 0.00000000 	 0.00000000 	 0.00000000 	 0.00000000 	 0.00000000 	 0.00000000 	 0.00000000 	 0.00000000 	 0.00000000 	 0.01036344 	 0.00000000 	 6.82876607 	 416.41225000 	 72.55806700 	 5.01905996 	 2.50020120 	 18.13786600 	 1.38029700 	 5.63872600
1885 	 0.27699999 	 0.61523611 	 95.82919100 	 0.80407410 	 6.84954134 	 0.00000000 	 0.00000000 	 0.00000000 	 0.00000000 	 0.00000000 	 157.26700000 	 4.42700000 	 0.00000000 	 0.00000000 	 0.00000000 	 0.00000000 	 0.00000000 	 0.00000000 	 0.00000000 	 0.00000000 	 0.00000000 	 0.00000000 	 0.00000000 	 0.00000000 	 0.00000000 	 0.00000000 	 0.00000000 	 0.00000000 	 0.00000000 	 0.00000000 	 0.01036416 	 0.00000000 	 6.88224877 	 417.46439000 	 72.71081100 	 5.05703226 	 2.52233640 	 18.15795600 	 1.38747100 	 5.65235300
1886 	 0.28099999 	 0.61714413 	 98.69662400 	 0.82572150 	 7.11846521 	 0.00000000 	 0.00000000 	 0.00000000 	 0.00000000 	 0.00000000 	 157.26700000 	 4.62500000 	 0.00000000 	 0.00000000 	 0.00000000 	 0.00000000 	 0.00000000 	 0.00000000 	 0.00000000 	 0.00000000 	 0.00000000 	 0.00000000 	 0.00000000 	 0.00000000 	 0.00000000 	 0.00000000 	 0.00000000 	 0.00000000 	 0.00000000 	 0.00000000 	 0.01036488 	 0.00000000 	 6.93573158 	 418.51654000 	 72.86355500 	 5.19215409 	 2.53943560 	 18.17380100 	 1.39968100 	 5.67022500
1887 	 0.29500000 	 0.61616314 	 101.56406000 	 0.83172093 	 7.38738909 	 0.00000000 	 0.00000000 	 0.00000000 	 0.00000000 	 0.00000000 	 157.26700000 	 4.82700000 	 0.00000000 	 0.00000000 	 0.00000000 	 0.00000000 	 0.00000000 	 0.00000000 	 0.00000000 	 0.00000000 	 0.00000000 	 0.00000000 	 0.00000000 	 0.00000000 	 0.00000000 	 0.00000000 	 0.00000000 	 0.00000000 	 0.00000000 	 0.00000000 	 0.01036560 	 0.00000000 	 6.98921439 	 419.56869000 	 73.01629900 	 5.28600186 	 2.54687180 	 18.17684600 	 1.42155400 	 5.70089600
1888 	 0.32699999 	 0.61473356 	 104.43149000 	 0.83657980 	 7.65631286 	 0.00000000 	 0.00000000 	 0.00000000 	 0.00000000 	 0.00000000 	 157.26700000 	 5.03300000 	 0.00000000 	 0.00000000 	 0.00000000 	 0.00000000 	 0.00000000 	 0.00000000 	 0.00000000 	 0.00000000 	 0.00000000 	 0.00000000 	 0.00000000 	 0.00000000 	 0.00000000 	 0.00000000 	 0.00000000 	 0.00000000 	 0.00000000 	 0.00000000 	 0.01036632 	 0.00000000 	 7.04269709 	 420.62083000 	 73.16904300 	 5.43377047 	 2.53224000 	 18.14962300 	 1.46549500 	 5.76183600
1889 	 0.32699999 	 0.61320020 	 107.29892000 	 0.84095905 	 7.92523674 	 0.00000000 	 0.00000000 	 0.00000000 	 0.00000000 	 0.00000000 	 157.26700000 	 5.27000000 	 0.00000000 	 0.00000000 	 0.00000000 	 0.00000000 	 0.00000000 	 0.00000000 	 0.00000000 	 0.00000000 	 0.00000000 	 0.00000000 	 0.00000000 	 0.00000000 	 0.00000000 	 0.00000000 	 0.00000000 	 0.00000000 	 0.00000000 	 0.00000000 	 0.01036705 	 0.00000000 	 7.09617990 	 421.67298000 	 73.32178700 	 5.46236957 	 2.55966630 	 18.17789400 	 1.46737800 	 5.76728200
1890 	 0.35599999 	 0.61175412 	 110.16635000 	 0.84504232 	 8.19416051 	 0.00000000 	 0.00000000 	 0.00000000 	 0.00000000 	 0.00000000 	 157.26700000 	 5.48500000 	 0.00000000 	 0.00000000 	 0.00000000 	 0.00000000 	 0.00000000 	 0.00000000 	 0.00000000 	 0.00000000 	 0.00000000 	 0.00000000 	 0.00000000 	 0.00000000 	 0.00000000 	 0.00000000 	 0.00000000 	 0.00000000 	 0.00000000 	 0.00000000 	 0.01036777 	 0.00000000 	 7.14966271 	 422.72513000 	 73.47453100 	 5.59020848 	 2.54606450 	 18.15280200 	 1.51028900 	 5.82609100
1891 	 0.37199999 	 0.61024855 	 111.52362000 	 0.85049541 	 8.58450755 	 0.00000000 	 0.00000000 	 0.00000000 	 0.00000000 	 0.00000000 	 157.26700000 	 5.73100000 	 0.00000000 	 0.00000000 	 0.00000000 	 0.00000000 	 0.00000000 	 0.00000000 	 0.00000000 	 0.00000000 	 0.00000000 	 0.00000000 	 0.00000000 	 0.00000000 	 0.00000000 	 0.00000000 	 0.00000000 	 0.00000000 	 0.00000000 	 0.00000000 	 0.01036872 	 0.00000000 	 7.22759364 	 424.29312000 	 73.70033800 	 5.68658804 	 2.55597850 	 18.15857200 	 1.53230600 	 5.85280300
1892 	 0.37399999 	 0.62319119 	 112.88089000 	 0.85693002 	 8.97485458 	 0.00000000 	 0.00000000 	 0.00000000 	 0.00000000 	 0.00000000 	 157.26700000 	 6.01000000 	 0.00000000 	 0.00000000 	 0.00000000 	 0.00000000 	 0.00000000 	 0.00000000 	 0.00000000 	 0.00000000 	 0.00000000 	 0.00000000 	 0.00000000 	 0.00000000 	 0.00000000 	 0.00000000 	 0.00000000 	 0.00000000 	 0.00000000 	 0.00000000 	 0.01036968 	 0.00000000 	 7.30552458 	 425.86111000 	 73.92614500 	 5.77412735 	 2.57636240 	 18.18159600 	 1.54385300 	 5.86226100
1893 	 0.36999999 	 0.62440331 	 114.23816000 	 0.86426409 	 9.36520162 	 0.00000000 	 0.00000000 	 0.00000000 	 0.00000000 	 0.00000000 	 157.26700000 	 6.26700000 	 0.00000000 	 0.00000000 	 0.00000000 	 0.00000000 	 0.00000000 	 0.00000000 	 0.00000000 	 0.00000000 	 0.00000000 	 0.00000000 	 0.00000000 	 0.00000000 	 0.00000000 	 0.00000000 	 0.00000000 	 0.00000000 	 0.00000000 	 0.00000000 	 0.01037064 	 0.00000000 	 7.38345561 	 427.42911000 	 74.15195300 	 5.85497097 	 2.61226840 	 18.22258400 	 1.53987800 	 5.85375500
1894 	 0.38299999 	 0.64036719 	 115.59543000 	 0.87244604 	 9.75554865 	 0.00000000 	 0.00000000 	 0.00000000 	 0.00000000 	 0.00000000 	 157.26700000 	 6.52900000 	 0.00000000 	 0.00000000 	 0.00000000 	 0.00000000 	 0.00000000 	 0.00000000 	 0.00000000 	 0.00000000 	 0.00000000 	 0.00000000 	 0.00000000 	 0.00000000 	 0.00000000 	 0.00000000 	 0.00000000 	 0.00000000 	 0.00000000 	 0.00000000 	 0.01037160 	 0.00000000 	 7.46138654 	 428.99710000 	 74.37776000 	 5.93126381 	 2.62910040 	 18.23774500 	 1.55497700 	 5.87107600
1895 	 0.40599999 	 0.64441851 	 116.95270000 	 0.88137802 	 10.14589529 	 0.00000000 	 0.00000000 	 0.00000000 	 0.00000000 	 0.00000000 	 157.26700000 	 6.82400000 	 0.00000000 	 0.00000000 	 0.00000000 	 0.00000000 	 0.00000000 	 0.00000000 	 0.00000000 	 0.00000000 	 0.00000000 	 0.00000000 	 0.00000000 	 0.00000000 	 0.00000000 	 0.00000000 	 0.00000000 	 0.00000000 	 0.00000000 	 0.00000000 	 0.01037256 	 0.00000000 	 7.53931748 	 430.56509000 	 74.60356700 	 6.00515055 	 2.62979440 	 18.23236400 	 1.58621400 	 5.90893900
1896 	 0.41899999 	 0.64627840 	 118.30997000 	 0.89090864 	 10.53624242 	 0.00000000 	 0.00000000 	 0.00000000 	 0.00000000 	 0.00000000 	 157.26700000 	 7.15100000 	 0.00000000 	 0.00000000 	 0.00000000 	 0.00000000 	 0.00000000 	 0.00000000 	 0.00000000 	 0.00000000 	 0.00000000 	 0.00000000 	 0.00000000 	 0.00000000 	 0.00000000 	 0.00000000 	 0.00000000 	 0.00000000 	 0.00000000 	 0.00000000 	 0.01037352 	 0.00000000 	 7.61724841 	 432.13309000 	 74.82937400 	 6.07877609 	 2.64266040 	 18.24530000 	 1.60527900 	 5.92848500
1897 	 0.43999999 	 0.64956412 	 119.66724000 	 0.90088648 	 10.92658956 	 0.00000000 	 0.00000000 	 0.00000000 	 0.00000000 	 0.00000000 	 157.26700000 	 7.43200000 	 0.00000000 	 0.00000000 	 0.00000000 	 0.00000000 	 0.00000000 	 0.00000000 	 0.00000000 	 0.00000000 	 0.00000000 	 0.00000000 	 0.00000000 	 0.00000000 	 0.00000000 	 0.00000000 	 0.00000000 	 0.00000000 	 0.00000000 	 0.00000000 	 0.01037448 	 0.00000000 	 7.69517945 	 433.70108000 	 75.05518100 	 6.15428499 	 2.64739340 	 18.24600700 	 1.63247700 	 5.96026000
1898 	 0.46499999 	 0.65100098 	 121.02451000 	 0.91116015 	 11.31693670 	 0.00000000 	 0.00000000 	 0.00000000 	 0.00000000 	 0.00000000 	 157.26700000 	 7.79800000 	 0.00000000 	 0.00000000 	 0.00000000 	 0.00000000 	 0.00000000 	 0.00000000 	 0.00000000 	 0.00000000 	 0.00000000 	 0.00000000 	 0.00000000 	 0.00000000 	 0.00000000 	 0.00000000 	 0.00000000 	 0.00000000 	 0.00000000 	 0.00000000 	 0.01037544 	 0.00000000 	 7.77311038 	 435.26907000 	 75.28098900 	 6.23382216 	 2.64608340 	 18.23557100 	 1.66571800 	 6.00317800
1899 	 0.50699999 	 0.65220446 	 122.38178000 	 0.92157823 	 11.70728383 	 0.00000000 	 0.00000000 	 0.00000000 	 0.00000000 	 0.00000000 	 157.26700000 	 8.11900000 	 0.00000000 	 0.00000000 	 0.00000000 	 0.00000000 	 0.00000000 	 0.00000000 	 0.00000000 	 0.00000000 	 0.00000000 	 0.00000000 	 0.00000000 	 0.00000000 	 0.00000000 	 0.00000000 	 0.00000000 	 0.00000000 	 0.95911885 	 0.00000000 	 0.01037639 	 0.00000000 	 7.85104132 	 436.83707000 	 75.50679600 	 6.31953240 	 2.62422840 	 18.19878200 	 1.71950400 	 6.07245000
1900 	 0.53399999 	 0.65320628 	 123.73905000 	 0.93198933 	 12.09763097 	 0.00000000 	 0.00000000 	 0.00000000 	 0.00000000 	 0.00000000 	 157.26700000 	 8.47300000 	 0.00000000 	 0.00000000 	 0.00000000 	 0.00000000 	 0.00000000 	 0.00000000 	 0.00000000 	 0.00000000 	 0.00000000 	 0.00000000 	 0.00000000 	 0.00000000 	 0.00000000 	 0.00000000 	 0.00000000 	 0.00000000 	 0.05057585 	 0.00000000 	 0.01037734 	 0.00000000 	 7.92897225 	 438.40506000 	 75.73260300 	 6.41356025 	 2.62258030 	 18.18365600 	 1.75308300 	 6.12005800
1901 	 0.55199999 	 0.70294318 	 124.84150000 	 0.94412709 	 12.65513976 	 0.00000000 	 0.00000000 	 0.00000000 	 0.00000000 	 0.00000000 	 157.26700000 	 8.59200000 	 0.00000000 	 0.00000000 	 0.00000000 	 0.00000000 	 0.00000000 	 0.00000000 	 0.00000000 	 0.00000000 	 0.00000000 	 0.00000000 	 0.00000000 	 0.00000000 	 0.00000000 	 0.00000000 	 0.00000000 	 0.00000000 	 0.05323773 	 0.00000000 	 0.01037972 	 0.00000000 	 8.03494460 	 439.89156000 	 75.92047700 	 6.51896984 	 2.63606990 	 18.17143100 	 1.78131500 	 6.16508400
1902 	 0.56599999 	 0.70297364 	 125.94396000 	 0.95938212 	 13.21264755 	 0.00000000 	 0.00000000 	 0.00000000 	 0.00000000 	 0.00000000 	 157.26700000 	 8.76200000 	 0.00000000 	 0.00000000 	 0.00000000 	 0.00000000 	 0.00000000 	 0.00000000 	 0.00000000 	 0.00000000 	 0.00000000 	 0.00000000 	 0.00000000 	 0.00000000 	 0.00000000 	 0.00000000 	 0.00000000 	 0.00000000 	 0.05603972 	 0.00000000 	 0.01038210 	 0.00000000 	 8.14091695 	 441.37806000 	 76.10835100 	 6.63566489 	 2.65178940 	 18.16508200 	 1.80731700 	 6.20423400
1903 	 0.61699999 	 0.72667096 	 127.04642000 	 0.97708842 	 13.77015634 	 0.00000000 	 0.00000000 	 0.00000000 	 0.00000000 	 0.00000000 	 157.26700000 	 8.90600000 	 0.00000000 	 0.00000000 	 0.00000000 	 0.00000000 	 0.00000000 	 0.00000000 	 0.00000000 	 0.00000000 	 0.00000000 	 0.00000000 	 0.00000000 	 0.00000000 	 0.00000000 	 0.00000000 	 0.00000000 	 0.00000000 	 0.05898918 	 0.00000000 	 0.01038448 	 0.00000000 	 8.24688930 	 442.86456000 	 76.29622400 	 6.76104972 	 2.63347400 	 18.11044600 	 1.86735400 	 6.29167100
1904 	 0.62399999 	 0.74829324 	 128.14887000 	 0.99665919 	 14.32766513 	 0.00000000 	 0.00000000 	 0.00000000 	 0.00000000 	 0.00000000 	 157.26700000 	 9.10200000 	 0.00000000 	 0.00000000 	 0.00000000 	 0.00000000 	 0.00000000 	 0.00000000 	 0.00000000 	 0.00000000 	 0.00000000 	 0.00000000 	 0.00000000 	 0.00000000 	 0.00000000 	 0.00000000 	 0.00000000 	 0.00000000 	 0.06209387 	 0.00000000 	 0.01038685 	 0.00000000 	 8.35286165 	 444.35106000 	 76.48409800 	 6.89252881 	 2.66590850 	 18.12019200 	 1.87664100 	 6.31472600
1905 	 0.66299999 	 0.76981521 	 129.25133000 	 1.01754751 	 14.88517393 	 0.00000000 	 0.00000000 	 0.00000000 	 0.00000000 	 0.00000000 	 157.26700000 	 9.62300000 	 0.00000000 	 0.00000000 	 0.00000000 	 0.00000000 	 0.00000000 	 0.00000000 	 0.00000000 	 0.00000000 	 0.00000000 	 0.00000000 	 0.00000000 	 0.00000000 	 0.00000000 	 0.00000000 	 0.00000000 	 0.00000000 	 0.06536197 	 0.00000000 	 0.01038923 	 0.00000000 	 8.45883400 	 445.83756000 	 76.67197200 	 7.02750663 	 2.66205910 	 18.08261900 	 1.92221200 	 6.38510000
1906 	 0.70699999 	 0.79653384 	 130.35378000 	 1.03914716 	 15.44268172 	 0.00000000 	 0.00000000 	 0.00000000 	 0.00000000 	 0.00000000 	 157.26700000 	 12.09300000 	 0.00000000 	 0.00000000 	 0.00000000 	 0.00000000 	 0.00000000 	 0.00000000 	 0.00000000 	 0.00000000 	 0.00000000 	 0.00000000 	 0.00000000 	 0.00000000 	 0.00000000 	 0.00000000 	 0.00000000 	 0.00000000 	 0.06880208 	 0.00000000 	 0.01039160 	 0.00000000 	 8.56480635 	 447.32406000 	 76.85984600 	 7.16338751 	 2.65863560 	 18.04297200 	 1.96735700 	 6.45754800
1907 	 0.78399999 	 0.80376274 	 131.45624000 	 1.06085205 	 16.00019051 	 0.00000000 	 0.00000000 	 0.00000000 	 0.00000000 	 0.00000000 	 157.26700000 	 12.36300000 	 0.00000000 	 0.00000000 	 0.00000000 	 0.00000000 	 0.00000000 	 0.00000000 	 0.00000000 	 0.00000000 	 0.00000000 	 0.00000000 	 0.00000000 	 0.00000000 	 0.00000000 	 0.00000000 	 0.00000000 	 0.00000000 	 0.07242324 	 0.00000000 	 0.01039398 	 0.00000000 	 8.67077870 	 448.81056000 	 77.04772000 	 7.29757604 	 2.61617920 	 17.93811200 	 2.05153500 	 6.59520900
1908 	 0.74999999 	 0.81141278 	 132.55870000 	 1.08205593 	 16.55769930 	 0.00000000 	 0.00000000 	 0.00000000 	 0.00000000 	 0.00000000 	 157.26700000 	 12.63300000 	 0.00000000 	 0.00000000 	 0.00000000 	 0.00000000 	 0.00000000 	 0.00000000 	 0.00000000 	 0.00000000 	 0.00000000 	 0.00000000 	 0.00000000 	 0.00000000 	 0.00000000 	 0.00000000 	 0.00000000 	 0.00000000 	 0.07623499 	 0.00000000 	 0.01039636 	 0.00000000 	 8.77675105 	 450.29706000 	 77.23559300 	 7.42747656 	 2.68290370 	 17.97518100 	 2.02653200 	 6.59094100
1909 	 0.78499999 	 0.81737807 	 133.66115000 	 1.10215274 	 17.11520709 	 0.00000000 	 0.00000000 	 0.00000000 	 0.00000000 	 0.00000000 	 157.26700000 	 12.90300000 	 0.00000000 	 0.00000000 	 0.00000000 	 0.00000000 	 0.00000000 	 0.00000000 	 0.00000000 	 0.00000000 	 0.00000000 	 0.00000000 	 0.00000000 	 0.00000000 	 0.00000000 	 0.00000000 	 0.00000000 	 0.00000000 	 0.08024735 	 0.00000000 	 0.01039873 	 0.00000000 	 8.88272340 	 451.78356000 	 77.42346700 	 7.55049341 	 2.68444530 	 17.94048400 	 2.06671200 	 6.65843900
1910 	 0.81899999 	 0.82198169 	 134.76361000 	 1.12053633 	 17.67271588 	 0.00000000 	 0.00000000 	 0.00000000 	 0.00000000 	 0.00000000 	 157.26700000 	 13.14600000 	 0.00000000 	 0.00000000 	 0.00000000 	 0.00000000 	 0.00000000 	 0.00000000 	 0.00000000 	 0.00000000 	 0.00000000 	 0.00000000 	 0.00000000 	 0.00000000 	 0.00000000 	 0.00000000 	 0.00000000 	 0.00000000 	 0.08447090 	 0.00000000 	 0.01040112 	 0.00000000 	 8.98869575 	 453.27006000 	 77.61134100 	 7.66403131 	 2.68290180 	 17.89630500 	 2.10997700 	 6.73541900
1911 	 0.83599999 	 0.77889405 	 135.96943000 	 1.13832136 	 17.85706585 	 0.00000000 	 0.00000000 	 0.00000000 	 0.00000000 	 0.00000000 	 157.26700000 	 14.00700000 	 0.00000000 	 0.00000000 	 0.00000000 	 0.00000000 	 0.00000000 	 0.00000000 	 0.00000000 	 0.00000000 	 0.00000000 	 0.00000000 	 0.00000000 	 0.00000000 	 0.00000000 	 0.00000000 	 0.00000000 	 0.00000000 	 0.08891673 	 0.00000000 	 0.01040639 	 0.00000000 	 9.04660799 	 451.75965000 	 77.27272500 	 7.76846523 	 2.67232660 	 17.66827700 	 2.12262500 	 6.75917700
1912 	 0.87899999 	 0.74784844 	 137.17525000 	 1.15689814 	 18.04141581 	 0.00000000 	 0.00000000 	 0.00000000 	 0.00000000 	 0.00000000 	 157.26700000 	 19.89500000 	 0.00000000 	 0.00000000 	 0.00000000 	 0.00000000 	 0.00000000 	 0.00000000 	 0.00000000 	 0.00000000 	 0.00000000 	 0.00000000 	 0.00000000 	 0.00000000 	 0.00000000 	 0.00000000 	 0.00000000 	 0.00000000 	 0.09359656 	 0.00000000 	 0.01041167 	 0.00000000 	 9.10452023 	 450.24925000 	 76.93410900 	 7.86694599 	 2.64977740 	 17.41800000 	 2.14724700 	 6.80518400
1913 	 0.94299999 	 0.72297977 	 138.38107000 	 1.17607397 	 18.22576678 	 0.00000000 	 0.00000000 	 0.00000000 	 0.00000000 	 0.00000000 	 157.26700000 	 19.02500000 	 0.00000000 	 0.00000000 	 0.00000000 	 0.00000000 	 0.00000000 	 0.00000000 	 0.00000000 	 0.00000000 	 0.00000000 	 0.00000000 	 0.00000000 	 0.00000000 	 0.00000000 	 0.00000000 	 0.00000000 	 0.00000000 	 0.09852270 	 0.00000000 	 0.01041695 	 0.00000000 	 9.16243257 	 448.73884000 	 76.59549200 	 7.96104147 	 2.59320720 	 17.12485000 	 2.20589000 	 6.89406400
1914 	 0.84999999 	 0.71479152 	 139.58690000 	 1.19557752 	 18.41011674 	 0.00000000 	 0.00000000 	 0.00000000 	 0.00000000 	 0.00000000 	 157.26700000 	 11.08200000 	 0.00000000 	 0.00000000 	 0.00000000 	 0.00000000 	 0.00000000 	 0.00000000 	 0.00000000 	 0.00000000 	 0.00000000 	 0.00000000 	 0.00000000 	 0.00000000 	 0.00000000 	 0.00000000 	 0.00000000 	 0.00000000 	 0.10370810 	 0.00000000 	 0.01042223 	 0.00000000 	 9.22034481 	 447.22844000 	 76.25687600 	 8.05231945 	 2.68137500 	 17.04022800 	 2.11979500 	 6.77441700
1915 	 0.83799999 	 0.70574964 	 140.79272000 	 1.21514953 	 18.59446670 	 0.00000000 	 0.00000000 	 0.00000000 	 0.00000000 	 0.00000000 	 157.26700000 	 11.21600000 	 0.00000000 	 0.00000000 	 0.00000000 	 0.00000000 	 0.00000000 	 0.00000000 	 0.00000000 	 0.00000000 	 0.00000000 	 0.00000000 	 0.00000000 	 0.00000000 	 0.00000000 	 0.00000000 	 0.00000000 	 0.00000000 	 0.10916642 	 0.00000000 	 0.01042752 	 0.00000000 	 9.27825715 	 445.71803000 	 75.91826000 	 8.14234781 	 2.68189080 	 16.85797500 	 2.12135200 	 6.75240000
1916 	 0.90099999 	 0.70811648 	 141.99854000 	 1.23461580 	 18.77881667 	 0.00000000 	 0.00000000 	 0.00000000 	 0.00000000 	 0.00000000 	 157.26700000 	 18.61400000 	 0.00000000 	 0.00000000 	 0.00000000 	 0.00000000 	 0.00000000 	 0.00000000 	 0.00000000 	 0.00000000 	 0.00000000 	 0.00000000 	 0.00000000 	 0.00000000 	 0.00000000 	 0.00000000 	 0.00000000 	 0.00000000 	 0.11491202 	 0.00000000 	 0.01043280 	 0.00000000 	 9.33616938 	 444.20762000 	 75.57964400 	 8.23269431 	 2.63103260 	 16.61762600 	 2.17428300 	 6.78847900
1917 	 0.95499999 	 0.71119630 	 143.20436000 	 1.25380213 	 18.96316663 	 0.00000000 	 0.00000000 	 0.00000000 	 0.00000000 	 0.00000000 	 157.26700000 	 22.14300000 	 0.00000000 	 0.00000000 	 0.00000000 	 0.00000000 	 0.00000000 	 0.00000000 	 0.00000000 	 0.00000000 	 0.00000000 	 0.00000000 	 0.00000000 	 0.00000000 	 0.00000000 	 0.00000000 	 0.00000000 	 0.00000000 	 0.12096002 	 0.00000000 	 0.01043810 	 0.00000000 	 9.39408172 	 442.69722000 	 75.24102800 	 8.32492696 	 2.60622350 	 16.40819300 	 2.20116500 	 6.79364300
1918 	 0.93599999 	 0.71430427 	 144.41019000 	 1.27253422 	 19.14751660 	 0.00000000 	 0.00000000 	 0.00000000 	 0.00000000 	 0.00000000 	 157.26700000 	 22.69600000 	 0.00000000 	 0.00000000 	 0.00000000 	 0.00000000 	 0.00000000 	 0.00000000 	 0.00000000 	 0.00000000 	 0.00000000 	 0.00000000 	 0.00000000 	 0.00000000 	 0.00000000 	 0.00000000 	 0.00000000 	 0.00000000 	 0.12732636 	 0.00000000 	 0.01044339 	 0.00000000 	 9.45199396 	 441.18681000 	 74.90241200 	 8.42061340 	 2.62342130 	 16.25493000 	 2.18604000 	 6.74263600
1919 	 0.80599999 	 0.71965435 	 145.61601000 	 1.29063797 	 19.33186656 	 0.00000000 	 0.00000000 	 0.00000000 	 0.00000000 	 0.00000000 	 157.26700000 	 23.19600000 	 0.00000000 	 0.00000000 	 0.00000000 	 0.00000000 	 0.00000000 	 0.00000000 	 0.00000000 	 0.00000000 	 0.00000000 	 0.00000000 	 0.00000000 	 0.00000000 	 0.00000000 	 0.00000000 	 0.00000000 	 0.00000000 	 0.13402771 	 0.00000000 	 0.01044868 	 0.00000000 	 9.50990620 	 439.67641000 	 74.56379500 	 8.52132152 	 2.74117010 	 16.24253600 	 2.07036400 	 6.55076000
1920 	 0.93199999 	 0.72128338 	 146.82183000 	 1.30793908 	 19.51621652 	 0.00000000 	 0.00000000 	 0.00000000 	 0.00000000 	 0.00000000 	 157.26700000 	 23.80200000 	 0.00000000 	 0.00000000 	 0.00000000 	 0.00000000 	 0.00000000 	 0.00000000 	 0.00000000 	 0.00000000 	 0.00000000 	 0.00000000 	 0.00000000 	 0.00000000 	 0.00000000 	 0.00000000 	 0.00000000 	 0.00000000 	 0.14108183 	 0.00000000 	 0.01045398 	 0.00000000 	 9.56781854 	 438.16600000 	 74.22517900 	 8.62861909 	 2.63960290 	 15.91342400 	 2.17400400 	 6.67560300
1921 	 0.80299999 	 0.75741661 	 147.86155000 	 1.32503480 	 19.90361177 	 0.00000000 	 0.00000000 	 0.00000000 	 0.00000000 	 0.00000000 	 157.26700000 	 24.30400000 	 0.00000000 	 0.00000000 	 0.00000000 	 0.00000000 	 0.00000000 	 0.00000000 	 0.00000000 	 0.00000000 	 0.00000000 	 0.00000000 	 0.00000000 	 0.00000000 	 0.00000000 	 0.00000000 	 0.00000000 	 0.00000000 	 0.14850719 	 0.00000000 	 0.01045230 	 0.00000000 	 9.63467924 	 440.99557000 	 74.68028000 	 8.74522500 	 2.75177030 	 16.08057300 	 2.04694400 	 6.52467400
1922 	 0.84499999 	 0.74794090 	 148.90128000 	 1.34250741 	 20.29100601 	 0.00000000 	 0.00000000 	 0.00000000 	 0.00000000 	 0.00000000 	 157.26700000 	 24.56300000 	 0.00000000 	 0.00000000 	 0.00000000 	 0.00000000 	 0.00000000 	 0.00000000 	 0.00000000 	 0.00000000 	 0.00000000 	 0.00000000 	 0.00000000 	 0.00000000 	 0.00000000 	 0.00000000 	 0.00000000 	 0.00000000 	 0.15632334 	 0.00000000 	 0.98417991 	 0.00000000 	 9.70154004 	 443.82514000 	 75.13538000 	 8.87136391 	 2.68836880 	 16.03681000 	 2.09545300 	 6.58465700
1923 	 0.96999999 	 0.75328819 	 149.94100000 	 1.36016082 	 20.67840125 	 0.00000000 	 0.00000000 	 0.00000000 	 0.00000000 	 0.00000000 	 157.26700000 	 25.35000000 	 0.00000000 	 0.00000000 	 0.00000000 	 0.00000000 	 0.00000000 	 0.00000000 	 0.00000000 	 0.00000000 	 0.00000000 	 0.00000000 	 0.00000000 	 0.00000000 	 0.00000000 	 0.00000000 	 0.00000000 	 0.00000000 	 0.16455089 	 0.00000000 	 1.16488490 	 0.00000000 	 9.76840074 	 446.65471000 	 75.59048000 	 9.00486236 	 2.56013430 	 15.91127100 	 2.20879500 	 6.72641700
1924 	 0.96299999 	 0.75686059 	 150.98072000 	 1.37883105 	 21.06579550 	 0.00000000 	 0.00000000 	 0.00000000 	 0.00000000 	 0.00000000 	 157.26700000 	 25.87800000 	 0.00000000 	 0.00000000 	 0.00000000 	 0.00000000 	 0.00000000 	 0.00000000 	 0.00000000 	 0.00000000 	 0.00000000 	 0.00000000 	 0.00000000 	 0.00000000 	 0.00000000 	 0.00000000 	 0.00000000 	 0.00000000 	 0.17321146 	 0.00000000 	 1.22566530 	 0.00000000 	 9.83526154 	 449.48427000 	 76.04558100 	 9.14354702 	 2.55225270 	 15.88658200 	 2.20178400 	 6.76732600
1925 	 0.97499999 	 0.75808855 	 152.02045000 	 1.39909746 	 21.45319074 	 0.00000000 	 0.00000000 	 0.00000000 	 0.00000000 	 0.00000000 	 157.26700000 	 28.82700000 	 0.00000000 	 0.00000000 	 0.00000000 	 0.00000000 	 0.00000000 	 0.00000000 	 0.00000000 	 0.00000000 	 0.00000000 	 0.00000000 	 0.00000000 	 0.00000000 	 0.00000000 	 0.00000000 	 0.00000000 	 0.00000000 	 0.18232786 	 0.00000000 	 1.28964340 	 0.00000000 	 9.90212224 	 452.31384000 	 76.50068100 	 9.28524445 	 2.53189320 	 15.88006800 	 2.20725100 	 6.79006000
1926 	 0.98299999 	 0.76148327 	 153.06017000 	 1.42037879 	 21.84058498 	 0.00000000 	 0.00000000 	 0.00000000 	 0.00000000 	 0.00000000 	 157.26700000 	 29.44600000 	 0.00000000 	 0.00000000 	 0.00000000 	 0.00000000 	 0.00000000 	 0.00000000 	 0.00000000 	 0.00000000 	 0.00000000 	 0.00000000 	 0.00000000 	 0.00000000 	 0.00000000 	 0.00000000 	 0.00000000 	 0.00000000 	 0.19192405 	 0.00000000 	 1.35698970 	 0.00000000 	 9.96898304 	 455.14341000 	 76.95578200 	 9.42778131 	 2.56773070 	 15.94790300 	 2.15652100 	 6.73844600
1927 	 1.06200000 	 0.79718283 	 154.09989000 	 1.44209388 	 22.22798023 	 0.00000000 	 0.00000000 	 0.00000000 	 0.00000000 	 0.00000000 	 157.26700000 	 30.06500000 	 0.00000000 	 0.00000000 	 0.00000000 	 0.00000000 	 0.00000000 	 0.00000000 	 0.00000000 	 0.00000000 	 0.00000000 	 0.00000000 	 0.00000000 	 0.00000000 	 0.00000000 	 0.00000000 	 0.00000000 	 0.00000000 	 0.20202532 	 0.00000000 	 1.42788270 	 0.00000000 	 10.03584334 	 457.97298000 	 77.41088200 	 9.56898416 	 2.45986610 	 15.81633700 	 2.24949300 	 6.88623200
1928 	 1.06500000 	 0.79967141 	 155.13962000 	 1.46366134 	 22.61537447 	 0.00000000 	 0.00000000 	 0.00000000 	 0.00000000 	 0.00000000 	 157.26700000 	 30.68500000 	 0.00000000 	 0.00000000 	 0.00000000 	 0.00000000 	 0.00000000 	 0.00000000 	 0.00000000 	 0.00000000 	 0.00000000 	 0.00000000 	 0.00000000 	 0.00000000 	 0.00000000 	 0.00000000 	 0.00000000 	 0.00000000 	 0.21265824 	 0.00000000 	 1.50250360 	 0.00000000 	 10.10270484 	 460.80254000 	 77.86598200 	 9.70667955 	 2.46898960 	 15.84143900 	 2.22547700 	 6.87735000
1929 	 1.14500000 	 0.82422601 	 156.17934000 	 1.48450003 	 23.00276971 	 0.00000000 	 0.00000000 	 0.00000000 	 0.00000000 	 0.00000000 	 157.26700000 	 31.57300000 	 0.00000000 	 0.00000000 	 0.00000000 	 0.00000000 	 0.00000000 	 0.00000000 	 0.00000000 	 0.00000000 	 0.00000000 	 0.00000000 	 0.00000000 	 0.00000000 	 0.00000000 	 0.00000000 	 0.00000000 	 0.00000000 	 0.22385079 	 0.00000000 	 1.58105440 	 0.00000000 	 10.16956534 	 463.63211000 	 78.32108300 	 9.83869414 	 2.40187310 	 15.76915800 	 2.27770100 	 6.96585200
1930 	 1.05300000 	 0.89587975 	 157.21906000 	 1.50402876 	 23.39016395 	 0.00000000 	 0.00000000 	 0.00000000 	 0.00000000 	 0.00000000 	 157.26700000 	 31.93300000 	 0.00000000 	 0.00000000 	 0.00000000 	 0.00000000 	 0.00000000 	 0.00000000 	 0.00000000 	 0.00000000 	 0.00000000 	 0.00000000 	 0.00000000 	 0.00000000 	 0.74681988 	 0.00000000 	 0.00000000 	 0.00000000 	 0.23563239 	 0.00000000 	 1.66373750 	 0.00000000 	 10.23642584 	 466.46168000 	 78.77618300 	 9.96285461 	 2.46066350 	 15.87493100 	 2.20401800 	 6.87629900
1931 	 0.93999999 	 0.90334082 	 158.34545000 	 1.52175353 	 23.80246591 	 0.00000000 	 0.09700000 	 0.00000000 	 0.00000000 	 0.00000000 	 157.26700000 	 32.55300000 	 0.00000000 	 0.00000000 	 0.00000000 	 0.00000000 	 0.00000000 	 0.00000000 	 0.00000000 	 0.00000000 	 0.00000000 	 0.00000000 	 0.00000000 	 0.00000000 	 0.06769055 	 0.00000000 	 0.00000000 	 0.00000000 	 0.24803412 	 0.00000000 	 1.75077640 	 0.00000000 	 10.29069475 	 468.03074000 	 78.90944600 	 10.07680829 	 2.54193040 	 15.95423500 	 2.12516600 	 6.79435200
1932 	 0.84699999 	 0.81222597 	 159.47183000 	 1.53763805 	 24.21476687 	 0.00000000 	 0.09700000 	 0.00000000 	 0.00000000 	 0.00000000 	 157.26700000 	 33.97900000 	 0.00000000 	 0.00000000 	 0.00000000 	 0.00000000 	 0.00000000 	 0.00000000 	 0.00000000 	 0.00000000 	 0.00000000 	 0.00000000 	 0.00000000 	 0.00000000 	 0.07357674 	 0.00000000 	 0.00000000 	 0.00000000 	 0.26108852 	 0.00000000 	 1.84239530 	 0.00000000 	 10.34496466 	 469.59980000 	 79.04270900 	 10.18176726 	 2.61532530 	 16.02025300 	 2.05418600 	 6.72569000
1933 	 0.89299999 	 0.80858849 	 160.59821000 	 1.55178736 	 24.62706883 	 0.00000000 	 0.09700000 	 0.00000000 	 0.00000000 	 0.00000000 	 157.26700000 	 41.89300000 	 0.00000000 	 0.00000000 	 0.00000000 	 0.00000000 	 0.00000000 	 0.00000000 	 0.00000000 	 0.00000000 	 0.00000000 	 0.00000000 	 0.00000000 	 0.00000000 	 0.07997479 	 0.00000000 	 0.00000000 	 0.00000000 	 0.27483004 	 0.00000000 	 1.93883690 	 0.00000000 	 10.39923356 	 471.16886000 	 79.17597300 	 10.28090579 	 2.59007520 	 15.96172600 	 2.08185100 	 6.78157400
1934 	 0.97299999 	 0.79686256 	 161.72460000 	 1.56441824 	 25.03937078 	 0.00000000 	 0.19400000 	 0.00000000 	 0.11700000 	 0.00000000 	 157.26700000 	 42.81700000 	 0.00000000 	 0.00000000 	 0.00000000 	 0.00000000 	 0.00000000 	 0.00000000 	 0.00000000 	 0.00000000 	 0.00000000 	 0.00000000 	 0.00000000 	 0.00000000 	 0.08692920 	 0.00000000 	 0.00000000 	 0.00000000 	 0.28929476 	 0.00000000 	 2.04035280 	 0.00000000 	 10.45350247 	 472.73791000 	 79.30923600 	 10.37739767 	 2.53043600 	 15.86010800 	 2.14390500 	 6.88054800
1935 	 1.02700000 	 0.79471575 	 162.85098000 	 1.57622009 	 25.45167174 	 0.00000000 	 0.29100000 	 0.00000000 	 0.11700000 	 0.00000000 	 157.26700000 	 43.74000000 	 0.00000000 	 0.00000000 	 0.00000000 	 0.00000000 	 0.00000000 	 0.00000000 	 0.00000000 	 0.00000000 	 0.00000000 	 0.00000000 	 0.00000000 	 0.00000000 	 0.09448834 	 0.00000000 	 0.00000000 	 0.00000000 	 0.30452082 	 0.00000000 	 2.14721240 	 0.00000000 	 10.50777138 	 474.30697000 	 79.44249900 	 10.47441716 	 2.49750290 	 15.79280500 	 2.17925300 	 6.94520800
1936 	 1.13000000 	 0.80129993 	 163.97736000 	 1.58800715 	 25.86397370 	 0.00000000 	 0.48500000 	 0.00000000 	 0.11700000 	 0.00000000 	 157.26700000 	 44.66400000 	 0.00000000 	 0.00000000 	 0.00000000 	 0.00000000 	 0.00000000 	 0.00000000 	 0.00000000 	 0.00000000 	 0.00000000 	 0.00000000 	 0.00000000 	 0.00000000 	 0.10270482 	 0.00000000 	 0.00000000 	 0.00000000 	 0.32054821 	 0.00000000 	 2.25969770 	 0.00000000 	 10.56204029 	 475.87603000 	 79.57576200 	 10.57513815 	 2.42304980 	 15.66706600 	 2.25612100 	 7.06830300
1937 	 1.20900000 	 0.77969902 	 165.10375000 	 1.60059365 	 26.27627566 	 0.00000000 	 0.77600000 	 0.00000000 	 0.23400000 	 0.00000000 	 157.26700000 	 45.58800000 	 0.00000000 	 0.00000000 	 0.00000000 	 0.00000000 	 0.00000000 	 0.00000000 	 0.00000000 	 0.00000000 	 0.00000000 	 0.00000000 	 0.00000000 	 0.00000000 	 0.11163575 	 0.00000000 	 0.00000000 	 0.00000000 	 0.33741917 	 0.00000000 	 2.37810040 	 0.00000000 	 10.61631019 	 477.44509000 	 79.70902500 	 10.68273467 	 2.35896370 	 15.54267000 	 2.32262200 	 7.19005600
1938 	 1.14200000 	 0.78188222 	 166.23013000 	 1.61479373 	 26.68857661 	 0.16100000 	 1.16400000 	 0.00000000 	 0.23400000 	 0.00000000 	 157.26700000 	 46.51200000 	 0.00000000 	 0.16500000 	 0.00000000 	 0.00000000 	 0.00000000 	 0.00000000 	 0.00000000 	 0.00000000 	 0.00000000 	 0.00000000 	 0.00000000 	 0.00000000 	 0.12134333 	 0.00000000 	 0.00000000 	 0.00000000 	 0.35517808 	 0.00000000 	 2.50273810 	 0.00000000 	 10.67057910 	 479.01415000 	 79.84228800 	 10.80038086 	 2.40478150 	 15.55115400 	 2.27921900 	 7.17892800
1939 	 1.19200000 	 0.77944376 	 167.35651000 	 1.63142173 	 27.10087857 	 0.16100000 	 1.64900000 	 0.00000000 	 0.35100000 	 0.00000000 	 157.26700000 	 47.43600000 	 0.00000000 	 0.33000000 	 0.00000000 	 0.00000000 	 0.00000000 	 0.00000000 	 0.00000000 	 0.00000000 	 0.00000000 	 0.00000000 	 0.00000000 	 0.00000000 	 0.13189502 	 0.00000000 	 0.00000000 	 0.00000000 	 0.37387169 	 0.00000000 	 2.63393280 	 0.00000000 	 10.72484801 	 480.58321000 	 79.97555200 	 10.93125063 	 2.34734340 	 15.43345900 	 2.33907200 	 7.29398000
1940 	 1.29900000 	 0.76683237 	 168.48290000 	 1.65129167 	 27.51317953 	 0.16100000 	 2.23100000 	 0.00000000 	 0.46800000 	 0.00000000 	 157.26700000 	 50.78100000 	 0.00000000 	 0.49600000 	 0.00000000 	 0.00000000 	 0.00000000 	 0.00000000 	 0.00000000 	 0.00000000 	 0.00000000 	 0.00000000 	 0.00000000 	 0.00000000 	 0.14336429 	 0.00000000 	 0.00000000 	 0.00000000 	 0.39354912 	 0.00000000 	 2.77203350 	 0.00000000 	 10.77911691 	 482.15227000 	 80.10881500 	 11.07851823 	 2.26525030 	 15.29528400 	 2.42358000 	 7.42951100
1941 	 1.33400000 	 0.75036458 	 170.03046000 	 1.69923285 	 27.89612288 	 0.16100000 	 2.91000000 	 0.00000000 	 0.58500000 	 0.00000000 	 157.26700000 	 52.60300000 	 0.00000000 	 0.66100000 	 0.00000000 	 0.00000000 	 0.00000000 	 0.00000000 	 0.00000000 	 0.00000000 	 0.00000000 	 0.00000000 	 0.00000000 	 0.00000000 	 0.15583315 	 0.00000000 	 0.00000000 	 0.00000000 	 0.41426223 	 0.00000000 	 2.91740660 	 0.00000000 	 11.11070253 	 488.55777000 	 81.24331000 	 11.25082598 	 2.24331500 	 15.24461200 	 2.44992800 	 7.44302800
1942 	 1.34200000 	 0.76904970 	 171.57803000 	 1.79283624 	 28.27906524 	 0.16100000 	 3.58900000 	 0.00000000 	 0.81900000 	 0.00000000 	 157.26700000 	 53.91800000 	 0.00000000 	 0.82600000 	 0.00000000 	 0.00000000 	 0.00000000 	 0.00000000 	 0.00000000 	 0.00000000 	 0.00000000 	 0.00000000 	 0.00000000 	 0.00000000 	 0.16938647 	 0.00000000 	 0.00000000 	 0.00000000 	 0.39468287 	 0.00000000 	 3.07043140 	 0.00000000 	 11.44228814 	 494.96327000 	 82.37780500 	 11.45328529 	 2.22816880 	 15.17753600 	 2.46948700 	 7.47294800
1943 	 1.39100000 	 0.76376560 	 173.12559000 	 1.92205925 	 28.66200860 	 0.32200000 	 4.36500000 	 0.00000000 	 1.17000000 	 0.00000000 	 157.26700000 	 54.70500000 	 0.00000000 	 0.99100000 	 0.00000000 	 0.00000000 	 0.00000000 	 0.00000000 	 0.00000000 	 0.00000000 	 0.00000000 	 0.00000000 	 0.00000000 	 0.00000000 	 0.18411857 	 0.00000000 	 0.00000000 	 0.00000000 	 0.37832187 	 0.00000000 	 3.23150970 	 0.00000000 	 11.77387275 	 501.36878000 	 83.51230000 	 11.68377348 	 2.21740160 	 15.12151500 	 2.48466700 	 7.49181300
1944 	 1.38300000 	 0.76839864 	 174.67315000 	 2.08548731 	 29.04495095 	 0.32200000 	 5.91700000 	 0.00000000 	 1.52100000 	 0.00000000 	 157.26700000 	 55.75000000 	 0.00000000 	 1.15700000 	 0.00000000 	 0.00000000 	 0.00000000 	 0.00000000 	 0.00000000 	 0.00000000 	 0.00000000 	 0.00000000 	 0.00000000 	 0.00000000 	 0.20013198 	 0.00000000 	 0.00000000 	 0.00000000 	 0.36407640 	 0.00000000 	 3.40106360 	 0.00000000 	 12.10545836 	 507.77428000 	 84.64679600 	 11.94016760 	 2.23726230 	 15.13619700 	 2.46921900 	 7.43997600
1945 	 1.16000000 	 0.76914739 	 176.22072000 	 2.27909891 	 29.42789431 	 0.48300000 	 7.76000000 	 1.86800000 	 3.86100000 	 0.00000000 	 157.26700000 	 56.79600000 	 0.00000000 	 1.32200000 	 0.00000000 	 0.00000000 	 0.00000000 	 0.00000000 	 0.00000000 	 0.00000000 	 0.00000000 	 0.00000000 	 0.00000000 	 0.00000000 	 0.21753811 	 0.00000000 	 0.00000000 	 0.00000000 	 0.35194679 	 0.00000000 	 3.57954400 	 0.00000000 	 12.43704397 	 514.17979000 	 85.78129100 	 12.22034557 	 2.40125910 	 15.34686800 	 2.30963500 	 7.19214900
1946 	 1.23800000 	 0.84214892 	 177.76828000 	 2.48894044 	 29.81083667 	 0.96600000 	 13.48300000 	 4.20300000 	 6.31800000 	 0.00000000 	 157.26700000 	 59.18700000 	 0.00000000 	 1.48700000 	 0.00000000 	 0.00000000 	 0.00000000 	 0.00000000 	 0.00000000 	 0.00000000 	 0.00000000 	 0.00000000 	 0.00000000 	 0.00000000 	 0.23645812 	 0.00000000 	 0.00000000 	 0.00000000 	 0.34193311 	 0.00000000 	 3.76741670 	 0.00000000 	 12.76862859 	 520.58529000 	 86.91578600 	 12.52218300 	 2.31885790 	 15.16288700 	 2.39644900 	 7.33897400
1947 	 1.39200000 	 0.87017994 	 179.31584000 	 2.70105876 	 30.19378003 	 2.09300000 	 20.66100000 	 5.13700000 	 6.90300000 	 0.00000000 	 157.26700000 	 67.27800000 	 0.00000000 	 1.65200000 	 0.00000000 	 0.00000000 	 0.00000000 	 0.00000000 	 0.00000000 	 0.00000000 	 0.00000000 	 0.00000000 	 0.00000000 	 0.00000000 	 0.25702368 	 0.00000000 	 0.00000000 	 0.00000000 	 0.33403572 	 0.00000000 	 3.96517740 	 0.00000000 	 13.10021420 	 526.99079000 	 88.05028100 	 12.84355829 	 2.30354460 	 15.23816200 	 2.41617500 	 7.22654300
1948 	 1.46900000 	 0.87513044 	 180.86341000 	 2.90150055 	 30.57672238 	 3.70300000 	 24.05600000 	 6.07100000 	 7.25400000 	 0.00000000 	 157.26700000 	 68.36900000 	 0.00000000 	 1.81700000 	 0.00000000 	 0.00000000 	 0.00000000 	 0.00000000 	 0.00000000 	 0.00000000 	 0.00000000 	 0.00000000 	 0.00000000 	 0.00000000 	 0.27937786 	 0.00000000 	 0.00000000 	 0.00000000 	 0.32825472 	 0.00000000 	 4.17334720 	 0.00000000 	 13.43179981 	 533.39630000 	 89.18477700 	 13.18234886 	 2.25534940 	 15.11719400 	 2.46878300 	 7.31035600
1949 	 1.41900000 	 0.88212641 	 182.41097000 	 3.07631330 	 30.95966474 	 6.11800000 	 25.80200000 	 6.53800000 	 7.72200000 	 0.00000000 	 157.26700000 	 74.34000000 	 0.00000000 	 1.98300000 	 0.00000000 	 0.00000000 	 0.00000000 	 0.00000000 	 0.00000000 	 0.00000000 	 0.00000000 	 0.00000000 	 0.00000000 	 0.00000000 	 0.30367628 	 0.00000000 	 0.00000000 	 0.00000000 	 0.32459037 	 0.00000000 	 4.39247020 	 0.00000000 	 13.76338442 	 539.80180000 	 90.31927200 	 13.53643214 	 2.25993820 	 15.05711600 	 2.46860700 	 7.33327800
1950 	 1.63000000 	 0.89233465 	 183.95853000 	 3.21154528 	 31.34260810 	 8.85500000 	 28.61500000 	 7.93900000 	 8.07300000 	 0.00000000 	 157.26700000 	 65.00000000 	 0.00000000 	 2.14800000 	 0.00000000 	 0.00000000 	 0.00000000 	 0.00000000 	 0.00000000 	 0.00000000 	 0.00000000 	 0.00000000 	 0.00000000 	 0.00000000 	 0.33008802 	 0.00000000 	 0.00000000 	 0.00000000 	 0.32304286 	 0.00000000 	 4.62313000 	 0.26190788 	 14.09497003 	 546.20731000 	 91.45376700 	 13.90368436 	 2.17106590 	 14.90847000 	 2.56189200 	 7.44476800
1951 	 1.76800000 	 1.08852010 	 189.11003000 	 3.31670576 	 32.93268190 	 8.15800000 	 33.85400000 	 1.88900000 	 7.10200000 	 0.00000000 	 157.26700000 	 65.00000000 	 0.00000000 	 2.31300000 	 0.00000000 	 0.00000000 	 0.00000000 	 0.00000000 	 0.00000000 	 0.00000000 	 0.00000000 	 0.00000000 	 0.00000000 	 0.00000000 	 0.35878218 	 0.00000000 	 0.00000000 	 0.00000000 	 0.32361242 	 0.00000000 	 4.86591600 	 0.26198971 	 14.51188401 	 558.44614000 	 94.84835300 	 14.30991271 	 2.11852960 	 14.94166500 	 2.65479800 	 7.59962300
1952 	 1.79600000 	 1.10963780 	 194.26153000 	 3.40915690 	 34.52275670 	 11.74200000 	 35.20000000 	 2.13900000 	 7.28800000 	 0.00000000 	 157.92700000 	 70.00000000 	 0.00000000 	 2.47800000 	 0.00000000 	 0.00000000 	 0.00000000 	 0.00000000 	 0.00000000 	 0.00000000 	 0.00000000 	 0.00000000 	 0.00000000 	 0.00000000 	 0.38997068 	 0.00000000 	 0.00000000 	 0.00000000 	 0.32629927 	 0.00000000 	 5.12147900 	 0.26207156 	 14.92879800 	 570.68497000 	 98.24293800 	 14.77676429 	 2.12122930 	 15.05619300 	 2.69246800 	 7.67314500
1953 	 1.84100000 	 1.10451710 	 199.41303000 	 3.48672854 	 36.11283050 	 15.98500000 	 39.58200000 	 2.43700000 	 7.43000000 	 0.00000000 	 158.60400000 	 75.00000000 	 0.00000000 	 2.64400000 	 0.00000000 	 0.00000000 	 0.00000000 	 0.00000000 	 0.00000000 	 0.00000000 	 0.00000000 	 0.00000000 	 0.00000000 	 0.00000000 	 0.42387036 	 0.00000000 	 0.00000000 	 0.00000000 	 0.33110360 	 0.00000000 	 5.39049590 	 0.26215339 	 15.34571198 	 582.92380000 	 101.63752000 	 15.29587629 	 2.11009500 	 15.15754900 	 2.74397200 	 7.75983900
1954 	 1.86500000 	 1.15214160 	 204.56453000 	 3.55231784 	 37.70290530 	 19.85500000 	 44.80200000 	 2.78500000 	 7.43100000 	 0.00000000 	 159.30000000 	 80.00000000 	 1.21400000 	 2.80900000 	 0.00000000 	 0.00000000 	 0.00000000 	 0.00000000 	 0.00000000 	 0.00000000 	 0.00000000 	 0.00000000 	 0.00000000 	 0.00000000 	 0.46071690 	 0.00000000 	 0.00000000 	 0.00000000 	 0.33802563 	 0.00000000 	 5.67366920 	 0.26223522 	 15.76262596 	 595.16263000 	 105.03211000 	 15.85888593 	 2.09101270 	 15.24166700 	 2.80342400 	 7.86377100
1955 	 2.04300000 	 1.19118550 	 209.71603000 	 3.61204579 	 39.29297910 	 24.60400000 	 50.34300000 	 3.23300000 	 7.38800000 	 0.00000000 	 160.01400000 	 85.00000000 	 3.51200000 	 2.97400000 	 0.00000000 	 0.00000000 	 0.00000000 	 0.00000000 	 0.00000000 	 0.00000000 	 0.00000000 	 0.00000000 	 0.00000000 	 0.00000000 	 0.50076650 	 0.00000000 	 0.00000000 	 0.00000000 	 0.34706557 	 0.00000000 	 5.97174910 	 0.26231705 	 16.17953994 	 607.40145000 	 108.42670000 	 16.45743164 	 2.00077840 	 15.24450600 	 2.93402800 	 8.04898100
1956 	 2.17800000 	 1.24468830 	 214.86753000 	 3.66858257 	 40.88305390 	 30.68500000 	 58.66400000 	 3.73000000 	 7.30200000 	 0.00000000 	 160.74800000 	 90.00000000 	 6.22400000 	 3.48000000 	 0.00000000 	 0.00000000 	 0.00000000 	 0.00000000 	 0.00000000 	 0.00000000 	 0.00000000 	 0.00000000 	 0.00000000 	 0.00000000 	 0.54429755 	 0.00000000 	 0.00000000 	 0.00000000 	 0.35822365 	 0.00000000 	 6.28551620 	 0.26239889 	 16.59645392 	 619.64028000 	 111.82128000 	 17.08314821 	 1.87367410 	 15.17946200 	 3.10150200 	 8.30207500
1957 	 2.27000000 	 1.27187180 	 220.01902000 	 3.72460224 	 42.47312770 	 34.37500000 	 66.68900000 	 4.22700000 	 7.25000000 	 0.00000000 	 161.50200000 	 95.00000000 	 9.46900000 	 4.25100000 	 0.00000000 	 0.00000000 	 0.00000000 	 0.00000000 	 0.00000000 	 0.00000000 	 0.00000000 	 0.00000000 	 0.00000000 	 0.00000000 	 0.59161270 	 0.00000000 	 0.00000000 	 0.00000000 	 0.37150001 	 0.00000000 	 6.61579690 	 0.26248072 	 17.01336790 	 631.87911000 	 115.21587000 	 17.72767529 	 1.77864780 	 15.15854100 	 3.23689800 	 8.51104600
1958 	 2.33000000 	 1.31958170 	 225.17052000 	 3.78278227 	 44.06320250 	 32.23500000 	 69.93000000 	 4.82400000 	 7.22100000 	 0.00000000 	 162.27700000 	 100.00000000 	 10.77200000 	 6.00800000 	 0.00000000 	 0.00000000 	 0.00000000 	 0.00000000 	 0.00000000 	 0.00000000 	 0.00000000 	 0.00000000 	 0.00000000 	 0.00000000 	 0.64304094 	 0.00000000 	 0.00000000 	 0.00000000 	 0.38689499 	 0.00000000 	 6.96346150 	 0.26256255 	 17.43028189 	 644.11794000 	 118.61045000 	 18.38264886 	 1.64809850 	 15.11181500 	 3.40781700 	 8.74582200
1959 	 2.46200000 	 1.20359570 	 230.32202000 	 3.84580244 	 45.65327630 	 33.01500000 	 78.14900000 	 5.57000000 	 7.17600000 	 0.00000000 	 163.07300000 	 105.00000000 	 14.71700000 	 7.06000000 	 0.00000000 	 0.00000000 	 0.00000000 	 0.00000000 	 0.00000000 	 0.00000000 	 0.00000000 	 0.00000000 	 0.00000000 	 0.00000000 	 0.69893975 	 0.00000000 	 0.00000000 	 0.00000000 	 0.40440867 	 0.00000000 	 7.32942660 	 0.26264438 	 17.84719587 	 656.35677000 	 122.00504000 	 19.03970614 	 1.50604520 	 15.05795000 	 3.59024000 	 8.98773600
1960 	 2.57700000 	 1.19228330 	 235.47352000 	 3.91634351 	 47.24335111 	 43.34200000 	 93.09000000 	 6.36600000 	 6.60000000 	 0.00000000 	 163.89200000 	 110.00000000 	 18.34800000 	 7.65900000 	 0.00000000 	 0.00000000 	 0.00000000 	 0.00000000 	 0.00000000 	 0.00000000 	 0.00000000 	 0.00000000 	 0.00000000 	 0.00000000 	 0.75969781 	 0.00000000 	 0.00000000 	 0.00000000 	 0.42404135 	 0.00000000 	 7.71465080 	 0.52463411 	 18.26410985 	 668.59560000 	 125.39962000 	 19.69048557 	 1.40784090 	 15.03870000 	 3.72881400 	 9.19503600
1961 	 2.59400000 	 1.24432180 	 238.52217000 	 4.02170577 	 48.86830152 	 55.72200000 	 104.60000000 	 7.21200000 	 6.88000000 	 0.00000000 	 164.73500000 	 115.00000000 	 20.07700000 	 9.42600000 	 0.00000000 	 0.00000000 	 0.00000000 	 0.00000000 	 0.00000000 	 0.00000000 	 0.00000000 	 0.00000000 	 0.00000000 	 0.00000000 	 0.82576341 	 0.00000000 	 0.00000000 	 0.00000000 	 0.44579320 	 0.00000000 	 8.12016070 	 0.52479777 	 18.93747341 	 682.67558000 	 129.24133000 	 20.35053850 	 1.55205370 	 15.46520200 	 3.62754600 	 9.03703500
1962 	 2.70000000 	 1.23557170 	 241.57083000 	 4.18125704 	 50.49325294 	 69.88100000 	 120.66800000 	 8.24800000 	 7.16800000 	 0.00000000 	 165.60100000 	 119.00000000 	 28.22000000 	 11.57300000 	 0.00000000 	 0.00000000 	 0.00000000 	 0.00000000 	 0.00000000 	 0.00000000 	 0.00000000 	 0.00000000 	 0.00000000 	 0.00000000 	 0.89757430 	 0.00000000 	 0.00000000 	 0.00000000 	 0.46966444 	 0.00000000 	 8.54701320 	 0.78686933 	 19.61083597 	 696.75555000 	 133.08303000 	 21.03877014 	 1.58579250 	 15.73421300 	 3.63675200 	 9.03652400
1963 	 2.84800000 	 1.24429470 	 244.61948000 	 4.38580409 	 52.11820435 	 85.53900000 	 141.74400000 	 9.47600000 	 7.42100000 	 0.00000000 	 166.49300000 	 123.00000000 	 31.46000000 	 14.39600000 	 0.00000000 	 0.00000000 	 0.00000000 	 0.00500000 	 0.00100000 	 0.00700000 	 0.00000000 	 0.00000000 	 0.00000000 	 0.00000000 	 0.97563006 	 0.00000000 	 0.00000000 	 0.00000000 	 0.49565531 	 0.00000000 	 14.98495600 	 0.52520694 	 20.28419853 	 710.83553000 	 136.92473000 	 21.75185093 	 1.58294430 	 15.94965300 	 3.68254500 	 9.08958500
1964 	 3.00800000 	 1.25158790 	 247.66813000 	 4.63481932 	 53.74315577 	 101.53800000 	 164.92100000 	 10.85300000 	 7.69200000 	 0.22500000 	 167.41000000 	 127.00000000 	 36.19700000 	 16.78200000 	 0.00000000 	 0.00000000 	 0.00000000 	 0.01400000 	 0.00300000 	 0.01400000 	 0.00000000 	 0.00000000 	 0.00000000 	 0.00000000 	 1.06047380 	 0.00000000 	 0.00000000 	 0.00000000 	 0.52376596 	 0.00000000 	 13.48809900 	 0.52537061 	 20.95756210 	 724.91551000 	 140.76643000 	 22.48644764 	 1.64350710 	 16.26261500 	 3.66492700 	 9.04512300
1965 	 3.14500000 	 1.26425580 	 250.71679000 	 4.89401992 	 55.36810718 	 115.75000000 	 185.93300000 	 12.42600000 	 7.97500000 	 0.44400000 	 168.35500000 	 127.00000000 	 48.09600000 	 20.51400000 	 0.00000000 	 0.00000000 	 0.00000000 	 0.03200000 	 0.00500000 	 0.02800000 	 0.00000000 	 0.00000000 	 0.00000000 	 0.00000000 	 1.15269580 	 0.00000000 	 0.00000000 	 0.00000000 	 0.55399667 	 0.00000000 	 13.48836900 	 0.52553427 	 21.63092466 	 738.99548000 	 144.60813000 	 23.23922950 	 1.67131190 	 16.54502400 	 3.68006700 	 9.03121500
1966 	 3.30500000 	 1.29369680 	 253.76544000 	 5.19261410 	 56.99305860 	 129.62300000 	 208.57100000 	 14.24600000 	 8.30500000 	 0.63300000 	 169.32800000 	 127.00000000 	 69.56700000 	 24.51200000 	 0.00000000 	 0.00000000 	 0.00000000 	 0.05800000 	 0.00800000 	 0.04800000 	 0.00000000 	 0.00000000 	 0.00000000 	 0.00000000 	 1.25293770 	 0.00000000 	 0.00000000 	 0.00000000 	 0.58634761 	 0.00000000 	 13.48863900 	 0.52569795 	 22.30428722 	 753.07546000 	 148.44984000 	 24.00686693 	 1.68605070 	 16.77748500 	 3.70827300 	 9.06725400
1967 	 3.41100000 	 1.29762540 	 256.81409000 	 5.45435944 	 58.61801002 	 147.11900000 	 235.26900000 	 16.31300000 	 8.62300000 	 0.82500000 	 170.32900000 	 127.00000000 	 94.13700000 	 29.81700000 	 0.00000000 	 0.00000000 	 0.00000000 	 0.10000000 	 0.01300000 	 0.07500000 	 0.00000000 	 0.00000000 	 0.00000000 	 0.00000000 	 1.36189700 	 0.00000000 	 0.00000000 	 0.00000000 	 0.62081899 	 0.00000000 	 13.48890900 	 1.04967730 	 22.97765078 	 767.15544000 	 152.29154000 	 24.78602550 	 1.75378450 	 17.05681800 	 3.68348400 	 9.05642200
1968 	 3.58800000 	 1.23520280 	 259.86274000 	 5.61653272 	 60.24296143 	 167.58600000 	 263.95300000 	 18.67800000 	 8.97400000 	 1.04300000 	 171.36000000 	 127.00000000 	 114.76700000 	 36.21600000 	 0.00000000 	 0.00000000 	 0.00000000 	 0.15800000 	 0.01600000 	 0.10900000 	 0.00000000 	 0.00000000 	 0.00000000 	 0.00000000 	 1.48033170 	 0.00000000 	 0.00000000 	 0.00000000 	 0.65741104 	 0.00000000 	 13.48918000 	 0.52618894 	 23.65101334 	 781.23541000 	 156.13324000 	 25.57337564 	 1.71652730 	 17.21929200 	 3.76368600 	 9.16244900
1969 	 3.80000000 	 1.23838790 	 262.91140000 	 5.78152538 	 61.86791285 	 194.51300000 	 294.48600000 	 21.38800000 	 9.34400000 	 1.28300000 	 172.42300000 	 127.00000000 	 134.87500000 	 39.38100000 	 0.00000000 	 0.00000000 	 0.00000000 	 0.22900000 	 0.02400000 	 0.15000000 	 0.00000000 	 0.00000000 	 0.00000000 	 0.00000000 	 1.60906570 	 0.00000000 	 0.00000000 	 0.00000000 	 0.69612398 	 0.00000000 	 13.48944900 	 0.78826050 	 24.32437691 	 795.31539000 	 159.97494000 	 26.36558536 	 1.66160810 	 17.36078000 	 3.86155000 	 9.28946100
1970 	 4.07600000 	 1.19711290 	 265.96005000 	 5.93348270 	 63.49286426 	 221.11900000 	 321.74300000 	 24.49400000 	 9.68700000 	 1.53700000 	 173.51800000 	 127.00000000 	 141.32600000 	 43.65200000 	 0.00000000 	 0.00000000 	 0.00000000 	 0.32900000 	 0.04300000 	 0.19700000 	 0.05544628 	 0.00000000 	 0.35640391 	 0.00000000 	 1.74899480 	 0.00000000 	 0.00000000 	 0.00000000 	 0.73695798 	 0.00000000 	 11.99256400 	 0.78850599 	 24.99773947 	 809.39537000 	 163.81664000 	 27.15932507 	 1.59295990 	 17.44371200 	 3.97314300 	 9.47503000
1971 	 4.23100000 	 1.07089130 	 270.02505000 	 5.60177306 	 63.67295473 	 243.13700000 	 346.60900000 	 28.09400000 	 10.05200000 	 1.80300000 	 174.64600000 	 127.00000000 	 170.13300000 	 47.74600000 	 0.00000000 	 0.00000000 	 0.61300000 	 0.46100000 	 0.10000000 	 0.25200000 	 0.05731851 	 0.00000000 	 0.36316592 	 0.00000000 	 1.90112800 	 0.00000000 	 0.00000000 	 0.00000000 	 0.77991330 	 0.00000000 	 13.48996700 	 1.05065940 	 25.78017623 	 825.18291000 	 167.16131000 	 27.98012879 	 1.57958750 	 17.54224300 	 4.12428500 	 9.67955100
1972 	 4.39900000 	 1.04706210 	 274.09004000 	 5.91474911 	 63.85304519 	 274.26000000 	 378.47100000 	 32.23600000 	 10.47100000 	 2.12700000 	 175.80900000 	 127.00000000 	 214.16800000 	 54.79000000 	 0.00000000 	 0.00000000 	 0.61300000 	 0.63000000 	 0.17000000 	 0.31300000 	 0.05919290 	 0.00000000 	 0.36993573 	 0.00000000 	 2.06649400 	 0.00000000 	 0.00000000 	 0.00000000 	 0.82499011 	 0.00000000 	 13.49024400 	 0.78907883 	 26.56261399 	 840.97046000 	 170.50597000 	 28.84611000 	 1.63985510 	 17.72942800 	 4.20178700 	 9.79541800
1973 	 4.63499990 	 1.03309870 	 278.15504000 	 6.04145007 	 64.03313665 	 314.04000000 	 419.23900000 	 36.92000000 	 10.88300000 	 2.49500000 	 177.00700000 	 127.00000000 	 266.20900000 	 61.91200000 	 0.00000000 	 0.00000000 	 0.61300000 	 0.83900000 	 0.27700000 	 0.39100000 	 0.06106945 	 0.00000000 	 0.37671337 	 0.00000000 	 2.24624420 	 0.00000000 	 0.00000000 	 0.00000000 	 0.87218868 	 0.00000000 	 13.49052300 	 1.05123220 	 27.34505076 	 856.75800000 	 173.85064000 	 29.74280171 	 1.65663870 	 17.89195500 	 4.32277300 	 9.93594300
1974 	 4.64400000 	 1.03873710 	 282.22003000 	 5.93720557 	 64.21322711 	 345.88100000 	 454.70100000 	 42.29500000 	 11.29000000 	 2.92100000 	 178.24300000 	 127.00000000 	 305.48900000 	 62.54300000 	 0.00000000 	 0.00000000 	 0.61300000 	 1.08600000 	 0.37200000 	 0.46800000 	 0.06294817 	 0.00000000 	 0.38349883 	 0.00000000 	 2.44162970 	 0.00000000 	 0.00000000 	 0.00000000 	 0.92150920 	 0.00000000 	 11.99364500 	 1.05155950 	 28.12748852 	 872.54555000 	 177.19531000 	 30.65573571 	 1.76633830 	 18.07110800 	 4.35084300 	 10.05984200
1975 	 4.61500000 	 1.03158760 	 286.28503000 	 6.13746017 	 64.39331758 	 335.74100000 	 442.83400000 	 48.50500000 	 11.73400000 	 3.39100000 	 179.51700000 	 127.00000000 	 308.99200000 	 70.48700000 	 0.00000000 	 0.00000000 	 0.61300000 	 1.36500000 	 0.52400000 	 0.54400000 	 0.06482906 	 0.00000000 	 0.39029213 	 0.00000000 	 2.65401050 	 0.00000000 	 0.00000000 	 0.00000000 	 0.97295172 	 0.00000000 	 13.49105000 	 1.05188690 	 28.90992628 	 888.33310000 	 180.53997000 	 31.57044257 	 1.78706290 	 18.14137900 	 4.46788800 	 10.29262300
1976 	 4.88300000 	 1.09060770 	 290.35002000 	 6.30065637 	 64.57340804 	 343.24000000 	 432.28000000 	 55.55200000 	 12.20000000 	 3.94300000 	 180.83000000 	 127.00000000 	 382.30000000 	 78.51000000 	 0.00000000 	 0.00000000 	 0.61300000 	 1.76700000 	 0.78300000 	 0.62100000 	 0.06671212 	 0.00000000 	 0.39709328 	 0.00000000 	 2.88486470 	 0.00000000 	 0.00000000 	 0.00000000 	 1.02651670 	 0.00000000 	 13.49132800 	 1.57603000 	 29.69236304 	 904.12064000 	 183.88464000 	 32.47245771 	 1.79730550 	 18.23769200 	 4.59541500 	 10.49936300
1977 	 5.02900000 	 1.09398740 	 294.41502000 	 6.53067105 	 64.75349950 	 330.71100000 	 419.44700000 	 63.63400000 	 12.68000000 	 4.58200000 	 182.18500000 	 127.00000000 	 462.11200000 	 85.78900000 	 0.00000000 	 0.00000000 	 0.61300000 	 2.03500000 	 1.00600000 	 0.69700000 	 0.06859736 	 0.00000000 	 0.40390227 	 0.00000000 	 3.56608040 	 0.00000000 	 0.00000000 	 0.00000000 	 1.08220440 	 0.00000000 	 11.99445200 	 1.83842890 	 30.47480081 	 919.90819000 	 187.22930000 	 33.34731171 	 1.79523110 	 18.32578500 	 4.73525900 	 10.71432200
1978 	 5.10500000 	 1.09037000 	 298.48002000 	 6.61559040 	 64.93358996 	 359.00900000 	 424.49800000 	 72.89600000 	 13.16800000 	 5.33700000 	 183.58100000 	 127.00000000 	 587.31900000 	 92.01200000 	 0.00000000 	 0.00000000 	 0.61300000 	 2.45400000 	 1.25300000 	 0.77400000 	 0.07048477 	 0.00000000 	 0.05429956 	 0.00000000 	 3.79640080 	 0.00000000 	 0.00000000 	 0.00000000 	 1.14001460 	 0.00000000 	 13.49185700 	 2.36281750 	 31.25723757 	 935.69573000 	 190.57397000 	 34.18053636 	 1.78512870 	 18.39683700 	 4.88313100 	 10.94632200
1979 	 5.38700000 	 1.06471270 	 302.54501000 	 7.00376856 	 65.11368043 	 274.35700000 	 357.26600000 	 83.48900000 	 13.66100000 	 6.22800000 	 185.02200000 	 127.00000000 	 489.71200000 	 99.32100000 	 0.00000000 	 0.00000000 	 0.61300000 	 2.92800000 	 1.54800000 	 0.85000000 	 0.07237436 	 0.00000000 	 0.05433095 	 0.00000000 	 4.02754110 	 0.00000000 	 0.00000000 	 0.00000000 	 1.19994810 	 0.00000000 	 11.99498100 	 2.88736980 	 32.03967533 	 951.48328000 	 193.91864000 	 34.95766343 	 1.78490830 	 18.42879600 	 5.02112100 	 11.21741500
1980 	 5.33200000 	 1.02520960 	 306.61001000 	 7.05735722 	 65.29377089 	 304.99800000 	 432.04400000 	 95.64100000 	 14.19400000 	 7.00600000 	 186.50600000 	 121.84900000 	 550.70700000 	 104.97300000 	 0.00000000 	 0.00000000 	 0.61300000 	 3.45300000 	 1.80500000 	 0.92700000 	 0.01881443 	 0.00000000 	 0.76720931 	 0.00000000 	 4.25950230 	 0.00000000 	 0.00000000 	 0.00000000 	 1.26200430 	 0.00000000 	 13.49238700 	 3.15017780 	 32.82211210 	 967.27082000 	 197.26330000 	 35.66422714 	 1.96366590 	 18.63366700 	 4.98013300 	 11.31559600
1981 	 5.16800000 	 1.04486210 	 310.01251000 	 6.83784263 	 65.17397077 	 289.52900000 	 386.34700000 	 104.42100000 	 14.12100000 	 7.74300000 	 188.03800000 	 110.09300000 	 505.09700000 	 106.40600000 	 0.00000000 	 0.00000000 	 1.25000000 	 3.94600000 	 2.13900000 	 1.00300000 	 0.06628837 	 0.00000000 	 0.78079292 	 0.00000000 	 4.49215740 	 0.00000000 	 0.00000000 	 0.00000000 	 1.32618460 	 0.00000000 	 11.99549900 	 3.41306770 	 33.31911944 	 980.44470000 	 199.79888000 	 36.34582150 	 2.01389380 	 18.99907700 	 5.00711100 	 11.45725700
1982 	 5.12700000 	 1.19040550 	 313.41500000 	 7.11491781 	 65.05416964 	 252.41900000 	 400.31700000 	 108.94300000 	 13.90500000 	 8.39900000 	 189.61600000 	 123.80700000 	 505.34300000 	 116.82100000 	 0.00000000 	 0.00000000 	 0.96100000 	 4.52200000 	 2.64500000 	 1.10500000 	 0.07359413 	 0.00000000 	 0.08152829 	 0.00000000 	 4.72561420 	 0.00000000 	 0.00000000 	 0.00000000 	 1.39248800 	 0.00000000 	 13.49289300 	 3.67603940 	 33.81612678 	 993.61858000 	 202.33446000 	 37.04590579 	 2.04472770 	 19.31661300 	 5.05348300 	 11.64679100
1983 	 5.11000000 	 1.22552010 	 316.81750000 	 7.21277316 	 64.93436952 	 299.09200000 	 408.41600000 	 120.93000000 	 14.25200000 	 9.20700000 	 191.24300000 	 135.72900000 	 553.71800000 	 125.34300000 	 0.00000000 	 0.00000000 	 1.16500000 	 5.16800000 	 2.98000000 	 1.18300000 	 0.07349674 	 0.00000000 	 0.79436576 	 0.00000000 	 4.95987290 	 0.00000000 	 0.00000000 	 0.00000000 	 1.46091530 	 0.00000000 	 11.99600400 	 3.93909300 	 34.31313312 	 1006.79250000 	 204.87003000 	 37.74680971 	 2.04051850 	 19.63702100 	 5.13489800 	 11.83345400
1984 	 5.29000000 	 1.26008330 	 320.22000000 	 7.04410390 	 64.81456940 	 310.90100000 	 432.12500000 	 177.39700000 	 14.78100000 	 9.71000000 	 192.92000000 	 134.86700000 	 569.47600000 	 130.44700000 	 0.00000000 	 0.00000000 	 1.33100000 	 6.03200000 	 3.47500000 	 1.26200000 	 0.01826308 	 0.00000000 	 0.80794309 	 0.00000000 	 5.19493320 	 0.00000000 	 0.00000000 	 0.00000000 	 1.53146690 	 0.00000000 	 11.99624200 	 3.94032050 	 34.81014046 	 1019.96630000 	 207.40561000 	 38.43086179 	 1.99305440 	 19.91954700 	 5.25956800 	 12.05799900
1985 	 5.44400000 	 1.27534490 	 323.62250000 	 7.01291463 	 64.69476827 	 315.32700000 	 407.66900000 	 128.62200000 	 15.70500000 	 9.79200000 	 194.64800000 	 109.71400000 	 546.71400000 	 138.36700000 	 0.00000000 	 0.00000000 	 1.01100000 	 7.08300000 	 3.99700000 	 1.35500000 	 -0.08068116 	 0.00000000 	 0.10867413 	 0.00000000 	 5.43079470 	 0.00000000 	 0.00000000 	 0.00000000 	 1.60414260 	 0.00000000 	 11.99648000 	 4.72727170 	 35.30714781 	 1033.14020000 	 209.94119000 	 39.08039050 	 1.99983320 	 20.24799800 	 5.32999500 	 12.23661800
1986 	 5.61000000 	 1.28720230 	 327.02500000 	 7.06645142 	 64.57496815 	 388.34600000 	 502.71200000 	 169.10300000 	 16.37900000 	 10.15200000 	 196.42700000 	 149.93100000 	 539.07600000 	 146.04800000 	 0.00000000 	 0.00000000 	 3.57500000 	 8.22000000 	 4.57900000 	 1.43400000 	 0.07529205 	 0.00000000 	 0.82150728 	 0.00000000 	 5.66745730 	 0.00000000 	 0.00000000 	 0.00000000 	 1.67894300 	 0.00000000 	 13.49387400 	 4.99065250 	 35.80415515 	 1046.31410000 	 212.47677000 	 39.67772557 	 1.99034910 	 20.61626900 	 5.41668500 	 12.37541800
1987 	 5.75300000 	 1.29400860 	 330.42749000 	 7.45740899 	 64.45516703 	 387.27700000 	 453.23800000 	 250.22200000 	 16.66700000 	 10.80700000 	 198.25900000 	 115.60800000 	 647.60800000 	 162.88300000 	 0.00000000 	 0.00000000 	 3.77300000 	 9.65600000 	 5.10900000 	 1.50400000 	 0.17780496 	 0.00000000 	 1.54792090 	 0.00000000 	 5.90492080 	 0.00000000 	 0.00000000 	 0.00000000 	 1.75586750 	 0.00000000 	 11.99698600 	 4.73029940 	 36.30116149 	 1059.48800000 	 215.01235000 	 40.20519550 	 1.94519300 	 20.88731700 	 5.53904700 	 12.61144000
1988 	 5.96400000 	 1.31672480 	 333.82999000 	 7.19839198 	 64.33536691 	 303.81600000 	 507.99000000 	 245.07000000 	 16.59300000 	 11.49300000 	 200.14600000 	 135.66700000 	 635.81600000 	 180.11300000 	 0.00000000 	 0.00000000 	 4.45800000 	 11.36200000 	 5.69600000 	 1.72800000 	 0.18118326 	 0.00000000 	 0.86222749 	 0.00000000 	 6.14318470 	 0.00000000 	 0.00000000 	 0.00000000 	 1.83491760 	 0.00000000 	 11.99722400 	 4.99368040 	 36.79816883 	 1072.66180000 	 217.54792000 	 40.64512757 	 1.86182780 	 21.16652600 	 5.69961800 	 12.83930200
1989 	 6.08900000 	 1.32364360 	 337.23249000 	 7.32685053 	 64.21556578 	 301.47700000 	 385.52000000 	 204.10900000 	 15.72500000 	 12.26000000 	 202.08700000 	 118.14600000 	 564.76700000 	 186.15000000 	 0.00000000 	 0.00000000 	 6.17400000 	 11.60500000 	 5.48200000 	 1.73000000 	 0.18829422 	 0.94505787 	 0.87579234 	 0.00000000 	 6.38224920 	 0.00000000 	 0.00000000 	 0.00000000 	 1.91609240 	 0.00000000 	 11.99746200 	 5.51905100 	 37.29517617 	 1085.83570000 	 220.08350000 	 40.97985271 	 1.88069270 	 21.52434400 	 5.75795900 	 12.98855400
1990 	 6.14400000 	 1.31948330 	 340.63499000 	 7.58134653 	 64.09576566 	 291.46400000 	 405.61700000 	 203.13100000 	 14.02200000 	 12.36300000 	 204.08200000 	 143.17100000 	 694.14200000 	 195.69000000 	 0.00000000 	 0.00000000 	 11.32200000 	 11.70200000 	 5.11900000 	 1.73000000 	 0.18594167 	 1.01015420 	 0.88920979 	 0.00000000 	 6.62182330 	 0.00000000 	 0.00000000 	 0.00000000 	 2.07356780 	 0.00000000 	 11.99768300 	 5.52076950 	 37.79218352 	 1099.00960000 	 222.61908000 	 41.19169821 	 1.81767150 	 21.77516600 	 5.89818600 	 13.24480300
1991 	 6.23500000 	 1.38097990 	 336.59218000 	 7.39813318 	 63.08107733 	 190.40500000 	 309.88400000 	 198.92800000 	 13.24300000 	 12.13500000 	 206.13300000 	 70.60700000 	 573.57600000 	 204.80100000 	 0.00000000 	 0.00000000 	 16.55600000 	 11.42600000 	 4.09400000 	 1.73500000 	 0.19092079 	 2.17764480 	 0.90261206 	 0.00471002 	 6.86217760 	 0.00000000 	 0.00000000 	 0.00000000 	 2.37291010 	 0.00000000 	 11.99790500 	 5.78439590 	 37.82483316 	 1095.90870000 	 221.41947000 	 41.31731486 	 1.81867580 	 21.67002500 	 5.90607600 	 13.40229700
1992 	 6.11800000 	 1.30353040 	 332.54937000 	 7.79447577 	 62.06638901 	 203.23000000 	 303.36900000 	 121.34300000 	 10.32400000 	 12.01800000 	 208.24000000 	 91.02200000 	 554.98600000 	 185.99400000 	 0.00000000 	 0.00000000 	 20.91100000 	 9.34300000 	 2.74000000 	 1.71500000 	 0.28889991 	 4.20798920 	 1.62865360 	 0.00471003 	 7.10298500 	 0.00000000 	 0.00000000 	 0.00000000 	 2.37314690 	 0.00000000 	 11.99811100 	 5.78619620 	 37.85748380 	 1092.80780000 	 220.21986000 	 41.42356971 	 1.90876900 	 21.61914500 	 5.82487700 	 13.50553000
1993 	 6.12400000 	 1.29810060 	 328.50656000 	 7.30892448 	 61.05170068 	 144.94000000 	 228.99900000 	 67.85700000 	 8.32200000 	 11.68100000 	 210.40200000 	 85.43600000 	 372.23200000 	 188.09200000 	 23.10100000 	 0.00000000 	 22.50000000 	 10.23000000 	 3.34400000 	 1.70000000 	 0.37681630 	 8.41615790 	 2.36859650 	 0.18499007 	 7.34531020 	 0.00000000 	 0.00000000 	 0.00000000 	 2.37338370 	 0.00000000 	 11.99835400 	 6.31181230 	 37.89013444 	 1089.70700000 	 219.02026000 	 41.53811693 	 1.90526830 	 21.54155600 	 5.83727200 	 13.63547200
1994 	 6.24200000 	 1.28959560 	 324.46375000 	 7.50299422 	 60.03701236 	 127.13700000 	 232.72200000 	 61.06500000 	 6.10500000 	 11.01100000 	 212.61900000 	 77.28900000 	 244.23600000 	 179.10100000 	 33.84400000 	 0.00000000 	 25.59900000 	 9.10500000 	 4.75000000 	 1.68000000 	 1.82510480 	 21.39907700 	 3.83475840 	 0.18199010 	 7.58820700 	 0.00000000 	 0.00000000 	 0.00000000 	 2.37362050 	 0.00000000 	 11.99858700 	 5.00423690 	 37.92278409 	 1086.60610000 	 217.82065000 	 41.68861307 	 1.89364550 	 21.46410500 	 5.85778900 	 13.76527600
1995 	 6.37200000 	 1.27501040 	 320.42094000 	 7.61474973 	 59.02232403 	 119.23500000 	 194.71000000 	 22.97800000 	 4.78400000 	 9.08300000 	 200.19900000 	 85.02100000 	 201.63700000 	 243.23800000 	 41.96100000 	 0.00000000 	 24.27500000 	 10.03500000 	 3.99100000 	 1.30000000 	 2.98021770 	 29.72610100 	 6.04096280 	 0.09999479 	 10.21152800 	 0.00000000 	 0.00000000 	 0.00000000 	 2.37385730 	 0.00000000 	 10.50167400 	 6.05342320 	 37.95543473 	 1083.50520000 	 216.62104000 	 41.90271107 	 1.78862680 	 21.19114000 	 5.97170200 	 14.09059500
1996 	 6.51000000 	 1.25110250 	 316.37814000 	 7.64769119 	 58.00763570 	 115.43700000 	 178.90700000 	 27.96200000 	 2.94300000 	 7.01900000 	 201.83400000 	 70.40300000 	 89.18400000 	 211.18100000 	 51.43100000 	 0.00000000 	 26.41100000 	 10.74300000 	 2.69100000 	 0.85000000 	 3.41888120 	 40.58485900 	 6.14998760 	 0.43697783 	 10.24818200 	 0.00000000 	 0.00000000 	 0.00000000 	 2.37409410 	 0.00000000 	 11.99907100 	 6.05530540 	 37.98808537 	 1080.40430000 	 215.42143000 	 42.45207579 	 1.79781600 	 21.13147000 	 5.97140700 	 14.20261800
1997 	 6.61900000 	 1.21813970 	 312.33533000 	 7.90523274 	 56.99294738 	 95.38800000 	 160.98100000 	 18.66300000 	 1.88600000 	 5.42900000 	 207.69600000 	 74.42300000 	 62.53000000 	 208.61400000 	 46.63900000 	 0.00000000 	 22.49300000 	 9.90900000 	 2.59400000 	 0.70000000 	 5.35404900 	 50.64356700 	 6.25874930 	 0.40797848 	 10.28439900 	 0.00000000 	 0.00000000 	 0.00000000 	 2.37433090 	 0.00000000 	 11.99932200 	 4.48574030 	 38.02073501 	 1077.30340000 	 214.22182000 	 43.51231600 	 1.80308030 	 21.01427200 	 5.97503700 	 14.37216900
1998 	 6.58800000 	 1.21484310 	 308.29252000 	 7.89121446 	 55.97825905 	 92.40100000 	 152.71500000 	 14.83100000 	 1.19900000 	 4.22300000 	 206.94600000 	 84.36100000 	 29.41200000 	 249.91200000 	 58.13100000 	 0.00000000 	 27.68300000 	 9.83700000 	 2.49100000 	 0.71000000 	 7.20318120 	 59.65212600 	 6.36768290 	 0.92795208 	 10.32070400 	 0.00000000 	 0.08730541 	 0.00000000 	 2.37456770 	 0.00000000 	 11.99957500 	 4.74903930 	 38.05338566 	 1074.20260000 	 213.02222000 	 44.96700357 	 1.97353650 	 21.11980900 	 5.81347500 	 14.31898500
1999 	 6.56900000 	 1.18278920 	 304.24971000 	 7.52268377 	 54.96357073 	 94.93100000 	 145.16900000 	 14.36200000 	 0.78400000 	 3.32000000 	 195.93800000 	 69.24200000 	 24.66800000 	 230.91000000 	 55.81700000 	 0.00000000 	 28.04700000 	 9.80600000 	 2.39000000 	 0.63100000 	 8.15316770 	 67.04399700 	 6.47752490 	 1.35393000 	 10.35765500 	 0.00000000 	 0.78573737 	 0.00000000 	 2.37480450 	 0.00000000 	 10.50269200 	 6.32195970 	 38.08603530 	 1071.10170000 	 211.82261000 	 46.69971279 	 2.02227680 	 21.03408500 	 5.77362900 	 14.45706200
2000 	 6.73500000 	 1.14880000 	 300.20690000 	 7.45233909 	 53.94888240 	 99.22700000 	 140.71200000 	 17.77700000 	 0.56700000 	 2.60900000 	 186.20600000 	 74.13200000 	 18.58400000 	 229.63800000 	 55.60200000 	 0.00000000 	 26.29600000 	 8.83400000 	 2.29500000 	 0.56200000 	 8.53810000 	 75.03930000 	 6.23400000 	 1.95090000 	 10.39490000 	 17.92570000 	 4.00000000 	 0.00000000 	 2.37490000 	 0.46240000 	 12.00010000 	 5.53820000 	 38.11868594 	 1068.00080000 	 210.62300000 	 48.59401429 	 1.99629400 	 20.94853600 	 5.80850600 	 14.59496400
2001 	 6.89590000 	 1.13200000 	 303.40920000 	 7.49871257 	 54.52793820 	 81.83900000 	 117.20200000 	 12.05100000 	 0.45000000 	 2.06900000 	 181.52500000 	 65.19500000 	 13.25300000 	 270.44300000 	 57.19000000 	 0.00000000 	 28.00100000 	 8.66900000 	 2.20900000 	 0.50000000 	 9.03010000 	 84.04090000 	 7.49470000 	 1.64490000 	 10.43280000 	 19.71830000 	 5.39870000 	 0.64710000 	 2.43450000 	 0.46510000 	 11.92500000 	 5.69900000 	 38.24504137 	 1066.74480000 	 211.59380000 	 49.04694286 	 1.96986900 	 20.89655000 	 5.92463100 	 14.81775000
2002 	 6.94900000 	 1.23170000 	 306.57880000 	 7.54438646 	 55.10609220 	 81.40800000 	 100.25800000 	 6.01900000 	 0.42300000 	 1.60900000 	 181.88700000 	 69.56500000 	 13.48700000 	 243.01500000 	 57.77000000 	 0.00000000 	 22.43000000 	 8.52400000 	 2.13100000 	 0.44500000 	 9.88520000 	 94.71610000 	 8.73890000 	 2.50800000 	 10.47080000 	 21.51090000 	 6.79750000 	 1.29400000 	 2.49150000 	 0.40580000 	 11.84810000 	 5.85960000 	 38.37139680 	 1065.46910000 	 212.56320000 	 49.49987143 	 1.93076500 	 20.73613700 	 6.05343500 	 15.14836300
2003 	 7.28600000 	 1.22570000 	 309.71640000 	 7.58986046 	 55.68274320 	 90.86500000 	 107.74500000 	 2.60400000 	 0.37000000 	 1.28800000 	 177.53900000 	 69.38100000 	 8.44400000 	 252.96200000 	 48.80100000 	 0.00000000 	 23.23200000 	 7.77000000 	 2.05700000 	 0.39600000 	 12.07880000 	 101.41570000 	 9.97760000 	 3.34100000 	 10.50830000 	 23.30350000 	 8.19600000 	 1.94110000 	 2.54630000 	 0.39390000 	 11.76930000 	 6.02010000 	 38.49775223 	 1064.17410000 	 213.53110000 	 49.95304286 	 1.76502400 	 20.35714200 	 6.30837600 	 15.69715800
2004 	 7.67190000 	 1.24290000 	 312.82400000 	 7.63503463 	 56.25839220 	 78.18200000 	 87.64700000 	 5.23700000 	 0.37800000 	 1.04600000 	 174.26000000 	 67.38300000 	 10.87400000 	 263.06200000 	 43.84700000 	 0.00000000 	 23.34800000 	 7.65300000 	 1.98700000 	 0.35300000 	 12.50730000 	 113.92970000 	 11.21360000 	 4.26900000 	 10.54540000 	 25.09600000 	 9.59470000 	 2.58820000 	 2.59900000 	 0.40620000 	 11.68850000 	 6.18050000 	 38.62420754 	 1062.85960000 	 214.49770000 	 50.40585000 	 1.53157200 	 20.02560000 	 6.63072800 	 16.19760000
2005 	 7.97100000 	 1.19550000 	 315.90270000 	 7.67970909 	 56.83293900 	 49.49000000 	 51.55200000 	 0.85400000 	 0.22700000 	 0.78500000 	 168.84100000 	 65.00000000 	 10.87400000 	 283.40800000 	 46.64100000 	 0.00000000 	 26.45800000 	 7.51800000 	 1.92000000 	 0.31400000 	 13.75910000 	 120.93340000 	 12.44830000 	 4.89010000 	 10.81160000 	 26.88850000 	 10.99350000 	 3.23510000 	 2.64940000 	 0.43580000 	 11.60590000 	 6.34070000 	 38.75046309 	 1061.52550000 	 215.46280000 	 50.85877857 	 1.37870800 	 19.71892200 	 6.87249200 	 16.67277800
2006 	 8.09850000 	 1.13850000 	 317.23960000 	 7.71658800 	 56.41600680 	 48.47100000 	 49.80800000 	 1.11900000 	 0.13600000 	 0.58800000 	 167.85700000 	 58.50000000 	 10.87400000 	 297.61500000 	 48.74700000 	 0.00000000 	 34.76700000 	 6.99200000 	 1.83400000 	 0.27900000 	 14.45090000 	 121.07460000 	 12.78930000 	 5.16140000 	 10.55290000 	 31.23000000 	 12.38310000 	 3.88030000 	 2.58130000 	 0.44270000 	 11.41100000 	 6.47090000 	 38.54180183 	 1057.01450000 	 214.05180000 	 50.98810000 	 1.13474900 	 18.85574500 	 7.08975100 	 17.13945500
2007 	 8.22600000 	 1.08150000 	 318.57220000 	 7.75346691 	 55.99907460 	 47.08300000 	 46.36600000 	 0.91100000 	 0.08200000 	 0.44100000 	 167.85700000 	 52.00000000 	 10.87400000 	 311.26500000 	 50.58300000 	 0.00000000 	 39.86900000 	 6.50200000 	 1.75200000 	 0.24900000 	 15.13350000 	 129.62230000 	 13.13140000 	 5.42920000 	 10.29470000 	 35.57140000 	 13.77310000 	 4.52460000 	 2.51310000 	 0.44920000 	 11.21390000 	 6.60130000 	 38.33334034 	 1052.46830000 	 212.63780000 	 51.11717857 	 0.85986300 	 18.01217300 	 7.33783700 	 17.58582700
2008 	 8.35313330 	 1.02453330 	 319.89640000 	 7.79021260 	 55.58204220 	 45.74000000 	 43.21600000 	 0.80600000 	 0.04900000 	 0.33100000 	 167.85700000 	 45.50000000 	 10.87400000 	 324.43100000 	 52.16100000 	 0.00000000 	 39.09900000 	 6.04700000 	 1.67500000 	 0.22100000 	 15.79800000 	 133.99193000 	 13.47530000 	 5.69016670 	 10.03723300 	 39.91293300 	 15.16276700 	 5.16770000 	 2.44526670 	 0.45503333 	 11.01213300 	 6.28600000 	 38.12504567 	 1047.85190000 	 211.21813000 	 51.24617579 	 0.72800370 	 17.34192900 	 7.44286300 	 17.85753800
2009 	 8.48026670 	 0.96756667 	 321.22060000 	 7.82695820 	 55.16500980 	 44.44200000 	 40.33400000 	 0.75400000 	 0.02900000 	 0.24800000 	 167.85700000 	 39.00000000 	 10.87400000 	 337.17500000 	 53.49600000 	 0.00000000 	 38.06900000 	 5.62400000 	 1.60100000 	 0.19700000 	 16.46250000 	 138.36157000 	 13.81920000 	 5.95113330 	 9.77976670 	 44.25446700 	 16.55243300 	 5.81080000 	 2.37743330 	 0.46086667 	 10.81036700 	 5.97070000 	 37.91674999 	 1043.23540000 	 209.79847000 	 51.37517421 	 0.58323830 	 16.48210300 	 7.56079500 	 18.31883000
2010 	 8.60740000 	 0.91060000 	 322.54480000 	 7.86370389 	 54.74797740 	 42.97600000 	 36.90600000 	 0.37700000 	 0.01800000 	 0.18600000 	 167.85700000 	 32.50000000 	 7.26600000 	 349.55200000 	 54.59800000 	 0.00000000 	 36.80100000 	 5.23000000 	 1.52100000 	 0.17500000 	 17.12700000 	 142.73120000 	 14.16310000 	 6.21210000 	 9.52230000 	 48.59600000 	 17.94210000 	 6.45390000 	 2.30960000 	 0.46670000 	 10.60860000 	 5.65540000 	 37.70845531 	 1038.61900000 	 208.37880000 	 51.50417143 	 0.36157000 	 15.64749900 	 7.75563000 	 18.75490100
2011 	 8.73381000 	 0.85362000 	 323.84112000 	 7.90040290 	 54.33058428 	 41.55700000 	 33.76900000 	 0.18900000 	 0.01100000 	 0.14000000 	 167.85700000 	 26.00000000 	 7.26600000 	 361.61000000 	 55.47900000 	 0.00000000 	 35.31400000 	 4.86400000 	 1.44500000 	 0.15600000 	 18.54246000 	 147.40164000 	 14.51343000 	 5.65092000 	 8.68531000 	 52.93749000 	 22.21208000 	 6.53107000 	 2.24289000 	 0.43848000 	 10.39190000 	 5.34014000 	 37.50095273 	 1033.77240000 	 206.94006000 	 51.63240000 	 0.19907000 	 14.90435400 	 7.89095000 	 19.09483600
2012 	 8.86022000 	 0.79664000 	 325.13744000 	 7.93710192 	 53.91319116 	 40.18600000 	 30.89800000 	 0.09400000 	 0.00600000 	 0.10500000 	 167.85700000 	 19.50000000 	 7.26600000 	 373.39100000 	 56.15200000 	 0.00000000 	 33.62500000 	 4.52400000 	 1.37300000 	 0.13900000 	 19.95792000 	 152.07208000 	 14.86376000 	 5.08974000 	 7.84832000 	 57.27898000 	 26.48206000 	 6.60824000 	 2.17618000 	 0.41026000 	 10.17520000 	 5.02488000 	 37.29345015 	 1028.92590000 	 205.50132000 	 51.76062857 	 0.12848000 	 14.25322900 	 7.93436000 	 19.34275100
2013 	 8.98663000 	 0.73966000 	 326.43376000 	 7.97380094 	 53.49579804 	 38.86000000 	 28.27200000 	 0.04700000 	 0.00400000 	 0.07900000 	 167.85700000 	 13.00000000 	 7.26600000 	 384.93000000 	 56.62500000 	 0.00000000 	 31.75000000 	 4.20700000 	 1.30400000 	 0.12400000 	 21.37338000 	 156.74252000 	 15.21409000 	 4.52856000 	 7.01133000 	 61.62047000 	 30.75204000 	 6.68541000 	 2.10947000 	 0.38204000 	 9.95850000 	 4.70962000 	 37.08594757 	 1024.07930000 	 204.06258000 	 51.88885714 	 0.00017400 	 13.53526900 	 8.03548600 	 19.65750100
2014 	 9.11304000 	 0.68268000 	 327.73008000 	 8.01049995 	 53.07840492 	 37.57800000 	 25.86900000 	 0.02400000 	 0.00200000 	 0.05900000 	 167.85700000 	 6.50000000 	 7.26600000 	 396.25900000 	 56.90900000 	 0.00000000 	 29.70500000 	 3.91300000 	 1.23900000 	 0.11000000 	 22.78884000 	 161.41296000 	 15.56442000 	 3.96738000 	 6.17434000 	 65.96196000 	 35.02202000 	 6.76258000 	 2.04276000 	 0.35382000 	 9.74180000 	 4.39436000 	 36.87844498 	 1019.23280000 	 202.62384000 	 52.01708571 	 0.00478300 	 13.13980300 	 8.00369700 	 19.64975700
2015 	 9.23945000 	 0.62570000 	 329.02640000 	 8.04719897 	 52.66101180 	 36.33800000 	 23.67000000 	 0.01200000 	 0.00100000 	 0.04400000 	 155.92500000 	 0.00000000 	 0.00000000 	 407.40500000 	 57.01300000 	 0.00000000 	 27.50200000 	 3.63900000 	 1.17700000 	 0.09800000 	 24.20430000 	 166.08340000 	 15.91475000 	 3.40620000 	 5.33735000 	 70.30345000 	 39.29200000 	 6.83975000 	 1.97605000 	 0.32560000 	 9.52510000 	 4.07910000 	 36.67094240 	 1014.38630000 	 201.18510000 	 52.14531429 	 0.33524900 	 13.68996100 	 7.64605100 	 18.69638900
2016 	 9.36586000 	 0.56872000 	 330.32272000 	 8.08389799 	 52.24361868 	 35.13800000 	 21.65800000 	 0.00600000 	 0.00100000 	 0.03300000 	 155.92500000 	 0.00000000 	 0.00000000 	 417.10300000 	 57.11300000 	 0.00000000 	 25.47600000 	 3.38400000 	 1.11800000 	 0.08700000 	 25.61976000 	 170.75384000 	 16.26508000 	 2.84502000 	 4.50036000 	 74.64494000 	 43.56198000 	 6.91692000 	 1.90934000 	 0.29738000 	 9.30840000 	 3.76384000 	 36.46343982 	 1009.53970000 	 199.74636000 	 52.27354286 	 0.66571500 	 14.24011900 	 7.28840500 	 17.74302100
2017 	 9.49227000 	 0.51174000 	 331.61904000 	 8.12059701 	 51.82622556 	 33.97900000 	 19.81700000 	 0.00300000 	 0.00000000 	 0.02500000 	 155.92500000 	 0.00000000 	 0.00000000 	 425.53900000 	 57.20700000 	 0.00000000 	 23.61100000 	 3.14700000 	 1.06200000 	 0.07800000 	 27.03522000 	 175.42428000 	 16.61541000 	 2.28384000 	 3.66337000 	 78.98643000 	 47.83196000 	 6.99409000 	 1.84263000 	 0.26916000 	 9.09170000 	 3.44858000 	 36.25593723 	 1004.69320000 	 198.30762000 	 52.40177143 	 0.99618100 	 14.79027600 	 6.93075900 	 16.78965400
2018 	 9.61868000 	 0.45476000 	 332.91536000 	 8.15729602 	 51.40883244 	 32.85800000 	 18.13300000 	 0.00100000 	 0.00000000 	 0.01900000 	 155.92500000 	 0.00000000 	 0.00000000 	 432.87900000 	 57.29700000 	 0.00000000 	 21.89600000 	 2.92700000 	 1.00900000 	 0.06900000 	 28.45068000 	 180.09472000 	 16.96574000 	 1.72266000 	 2.82638000 	 83.32792000 	 52.10194000 	 7.07126000 	 1.77592000 	 0.24094000 	 8.87500000 	 3.13332000 	 36.04843465 	 999.84660000 	 196.86888000 	 52.53000000 	 1.32664800 	 15.34043400 	 6.57311200 	 15.83628600
2019 	 9.74509000 	 0.39778000 	 334.21168000 	 8.19399504 	 50.99143932 	 31.77300000 	 16.59100000 	 0.00100000 	 0.00000000 	 0.01400000 	 155.92500000 	 0.00000000 	 0.00000000 	 439.26500000 	 57.38200000 	 0.00000000 	 20.31800000 	 2.72200000 	 0.95900000 	 0.06100000 	 29.86614000 	 184.76516000 	 17.31607000 	 1.16148000 	 1.98939000 	 87.66941000 	 56.37192000 	 7.14843000 	 1.70921000 	 0.21272000 	 8.65830000 	 2.81806000 	 35.84093207 	 995.00005000 	 195.43014000 	 52.65822857 	 1.65711400 	 15.89059200 	 6.21546600 	 14.88291800
2020 	 9.87150000 	 0.34080000 	 335.50800000 	 8.23069406 	 50.57404620 	 30.72500000 	 15.18100000 	 0.00000000 	 0.00000000 	 0.01000000 	 155.92500000 	 0.00000000 	 0.00000000 	 444.82100000 	 57.46300000 	 0.00000000 	 18.86700000 	 2.53100000 	 0.91100000 	 0.05500000 	 31.28160000 	 189.43560000 	 17.66640000 	 0.60030000 	 1.15240000 	 92.01090000 	 60.64190000 	 7.22560000 	 1.64250000 	 0.18450000 	 8.44160000 	 2.50280000 	 35.63342949 	 990.15350000 	 193.99140000 	 52.78645714 	 1.98758000 	 16.44075000 	 5.85782000 	 13.92955000
2021 	 9.97968000 	 0.32835000 	 335.85701000 	 8.26431483 	 49.81169454 	 29.71100000 	 13.89100000 	 0.00000000 	 0.00000000 	 0.00800000 	 155.92500000 	 0.00000000 	 0.00000000 	 449.65400000 	 57.54000000 	 0.00000000 	 17.53100000 	 2.35400000 	 0.86500000 	 0.04900000 	 31.32967000 	 191.31961000 	 17.94569000 	 0.56612000 	 1.10630000 	 92.38631000 	 61.78125000 	 7.31559000 	 1.65926000 	 0.17723000 	 8.44200000 	 2.54361000 	 35.54237367 	 990.11353000 	 194.87285000 	 53.01892000 	 1.98591400 	 16.44634000 	 5.80895600 	 13.79476000
2022 	 10.08786000 	 0.31590000 	 336.20602000 	 8.29793561 	 49.04934288 	 28.73000000 	 12.71000000 	 0.00000000 	 0.00000000 	 0.00600000 	 155.92500000 	 0.00000000 	 0.00000000 	 453.85900000 	 57.61300000 	 0.00000000 	 16.30200000 	 2.18900000 	 0.82200000 	 0.04300000 	 31.37774000 	 193.20362000 	 18.22498000 	 0.53194000 	 1.06020000 	 92.76172000 	 62.92060000 	 7.40558000 	 1.67602000 	 0.16996000 	 8.44240000 	 2.58442000 	 35.45131785 	 990.07356000 	 195.75430000 	 53.25138286 	 1.98424800 	 16.45193000 	 5.76009200 	 13.65997000
2023 	 10.19604000 	 0.30345000 	 336.55503000 	 8.33155639 	 48.28699122 	 27.78200000 	 11.63000000 	 0.00000000 	 0.00000000 	 0.00400000 	 155.92500000 	 0.00000000 	 0.00000000 	 457.51700000 	 57.68200000 	 0.00000000 	 15.17200000 	 2.03600000 	 0.78100000 	 0.03900000 	 31.42581000 	 195.08763000 	 18.50427000 	 0.49776000 	 1.01410000 	 93.13713000 	 64.05995000 	 7.49557000 	 1.69278000 	 0.16269000 	 8.44280000 	 2.62523000 	 35.36026203 	 990.03359000 	 196.63575000 	 53.48384571 	 1.98258200 	 16.45751000 	 5.71122800 	 13.52519000
2024 	 10.30422000 	 0.29100000 	 336.90404000 	 8.36517717 	 47.52463956 	 26.86500000 	 10.64100000 	 0.00000000 	 0.00000000 	 0.00300000 	 155.92500000 	 0.00000000 	 0.00000000 	 460.70000000 	 57.74800000 	 0.00000000 	 14.13200000 	 1.89400000 	 0.74200000 	 0.03400000 	 31.47388000 	 196.97164000 	 18.78356000 	 0.46358000 	 0.96800000 	 93.51254000 	 65.19930000 	 7.58556000 	 1.70954000 	 0.15542000 	 8.44320000 	 2.66604000 	 35.26920622 	 989.99362000 	 197.51720000 	 53.71630857 	 1.98091600 	 16.46310000 	 5.66236400 	 13.39040000
2025 	 10.41240000 	 0.27855000 	 337.25305000 	 8.39879794 	 46.76228790 	 25.97900000 	 9.73700000 	 0.00000000 	 0.00000000 	 0.00200000 	 155.92500000 	 0.00000000 	 0.00000000 	 463.46900000 	 57.81100000 	 0.00000000 	 13.17500000 	 1.76100000 	 0.70500000 	 0.03100000 	 31.52195000 	 198.85565000 	 19.06285000 	 0.42940000 	 0.92190000 	 93.88795000 	 66.33865000 	 7.67555000 	 1.72630000 	 0.14815000 	 8.44360000 	 2.70685000 	 35.17815040 	 989.95365000 	 198.39865000 	 53.94877143 	 1.97925000 	 16.46869000 	 5.61350000 	 13.25561000
2026 	 10.52058000 	 0.26610000 	 337.60206000 	 8.43241872 	 45.99993624 	 25.12200000 	 8.90900000 	 0.00000000 	 0.00000000 	 0.00200000 	 155.92500000 	 0.00000000 	 0.00000000 	 465.87800000 	 57.87000000 	 0.00000000 	 12.29500000 	 1.63800000 	 0.66900000 	 0.02700000 	 31.57002000 	 200.73966000 	 19.34214000 	 0.39522000 	 0.87580000 	 94.26336000 	 67.47800000 	 7.76554000 	 1.74306000 	 0.14088000 	 8.44400000 	 2.74766000 	 35.08709458 	 989.91368000 	 199.28010000 	 54.18123429 	 1.97758400 	 16.47428000 	 5.56463600 	 13.12082000
2027 	 10.62876000 	 0.25365000 	 337.95107000 	 8.46603950 	 45.23758458 	 24.29300000 	 8.15200000 	 0.00000000 	 0.00000000 	 0.00100000 	 155.92500000 	 0.00000000 	 0.00000000 	 467.97400000 	 57.92700000 	 0.00000000 	 11.48500000 	 1.52300000 	 0.63600000 	 0.02400000 	 31.61809000 	 202.62367000 	 19.62143000 	 0.36104000 	 0.82970000 	 94.63877000 	 68.61735000 	 7.85553000 	 1.75982000 	 0.13361000 	 8.44440000 	 2.78847000 	 34.99603877 	 989.87371000 	 200.16155000 	 54.41369714 	 1.97591800 	 16.47987000 	 5.51577200 	 12.98603000
2028 	 10.73694000 	 0.24120000 	 338.30008000 	 8.49966027 	 44.47523292 	 23.49100000 	 7.45900000 	 0.00000000 	 0.00000000 	 0.00100000 	 155.92500000 	 0.00000000 	 0.00000000 	 469.79700000 	 57.98000000 	 0.00000000 	 10.74000000 	 1.41700000 	 0.60400000 	 0.02200000 	 31.66616000 	 204.50768000 	 19.90072000 	 0.32686000 	 0.78360000 	 95.01418000 	 69.75670000 	 7.94552000 	 1.77658000 	 0.12634000 	 8.44480000 	 2.82928000 	 34.90498295 	 989.83374000 	 201.04300000 	 54.64616000 	 1.97425200 	 16.48545000 	 5.46690800 	 12.85125000
2029 	 10.84512000 	 0.22875000 	 338.64909000 	 8.53328105 	 43.71288126 	 22.71600000 	 6.82500000 	 0.00000000 	 0.00000000 	 0.00100000 	 155.92500000 	 0.00000000 	 0.00000000 	 471.38400000 	 58.03100000 	 0.00000000 	 10.05500000 	 1.31700000 	 0.57400000 	 0.01900000 	 31.71423000 	 206.39169000 	 20.18001000 	 0.29268000 	 0.73750000 	 95.38959000 	 70.89605000 	 8.03551000 	 1.79334000 	 0.11907000 	 8.44520000 	 2.87009000 	 34.81392713 	 989.79377000 	 201.92445000 	 54.87862286 	 1.97258600 	 16.49104000 	 5.41804400 	 12.71646000
2030 	 10.95330000 	 0.21630000 	 338.99810000 	 8.56690183 	 42.95052960 	 21.96600000 	 6.24500000 	 0.00000000 	 0.00000000 	 0.00100000 	 155.92500000 	 0.00000000 	 0.00000000 	 472.76400000 	 58.08000000 	 0.00000000 	 9.42400000 	 1.22500000 	 0.54500000 	 0.01700000 	 31.76230000 	 208.27570000 	 20.45930000 	 0.25850000 	 0.69140000 	 95.76500000 	 72.03540000 	 8.12550000 	 1.81010000 	 0.11180000 	 8.44560000 	 2.91090000 	 34.72287131 	 989.75380000 	 202.80590000 	 55.11108571 	 1.97092000 	 16.49663000 	 5.36918000 	 12.58167000
2031 	 10.99177000 	 0.21454000 	 338.85573000 	 8.57858515 	 42.12279744 	 21.24100000 	 5.71400000 	 0.00000000 	 0.00000000 	 0.00000000 	 155.92500000 	 0.00000000 	 0.00000000 	 467.69800000 	 57.83100000 	 0.00000000 	 8.82600000 	 1.13900000 	 0.51800000 	 0.01500000 	 31.72409000 	 210.39103000 	 20.74256000 	 0.25838000 	 0.66362000 	 95.88014000 	 72.90303000 	 8.24943000 	 1.82370000 	 0.11190000 	 8.46737000 	 2.95352000 	 34.50349232 	 985.80309000 	 202.69076000 	 55.23439643 	 1.97290800 	 16.53078000 	 5.31169200 	 12.42876000
2032 	 11.03024000 	 0.21278000 	 338.71336000 	 8.59026847 	 41.29506528 	 20.54000000 	 5.22800000 	 0.00000000 	 0.00000000 	 0.00000000 	 155.92500000 	 0.00000000 	 0.00000000 	 457.02600000 	 57.29900000 	 0.00000000 	 8.25900000 	 1.06000000 	 0.49200000 	 0.01300000 	 31.68588000 	 212.50636000 	 21.02582000 	 0.25826000 	 0.63584000 	 95.99528000 	 73.77066000 	 8.37336000 	 1.83730000 	 0.11200000 	 8.48914000 	 2.99614000 	 34.28411333 	 981.85238000 	 202.57562000 	 55.35770714 	 1.97489600 	 16.56493000 	 5.25420400 	 12.27585000
2033 	 11.06871000 	 0.21102000 	 338.57099000 	 8.60195179 	 40.46733312 	 19.86200000 	 4.78400000 	 0.00000000 	 0.00000000 	 0.00000000 	 155.92500000 	 0.00000000 	 0.00000000 	 441.47400000 	 56.49900000 	 0.00000000 	 7.72000000 	 0.98500000 	 0.46700000 	 0.01200000 	 31.64767000 	 214.62169000 	 21.30908000 	 0.25814000 	 0.60806000 	 96.11042000 	 74.63829000 	 8.49729000 	 1.85090000 	 0.11210000 	 8.51091000 	 3.03876000 	 34.06473433 	 977.90167000 	 202.46048000 	 55.48101786 	 1.97688400 	 16.59908000 	 5.19671600 	 12.12294000
2034 	 11.10718000 	 0.20926000 	 338.42862000 	 8.61363511 	 39.63960096 	 19.20700000 	 4.37700000 	 0.00000000 	 0.00000000 	 0.00000000 	 155.92500000 	 0.00000000 	 0.00000000 	 421.67900000 	 55.44400000 	 0.00000000 	 7.20700000 	 0.91600000 	 0.44400000 	 0.01100000 	 31.60946000 	 216.73702000 	 21.59234000 	 0.25802000 	 0.58028000 	 96.22556000 	 75.50592000 	 8.62122000 	 1.86450000 	 0.11220000 	 8.53268000 	 3.08138000 	 33.84535534 	 973.95096000 	 202.34534000 	 55.60432857 	 1.97887200 	 16.63323000 	 5.13922800 	 11.97003000
2035 	 11.14565000 	 0.20750000 	 338.28625000 	 8.62531843 	 38.81186880 	 18.57300000 	 4.00500000 	 0.00000000 	 0.00000000 	 0.00000000 	 155.92500000 	 0.00000000 	 0.00000000 	 398.19000000 	 54.14700000 	 0.00000000 	 6.71700000 	 0.85200000 	 0.42200000 	 0.01000000 	 31.57125000 	 218.85235000 	 21.87560000 	 0.25790000 	 0.55250000 	 96.34070000 	 76.37355000 	 8.74515000 	 1.87810000 	 0.11230000 	 8.55445000 	 3.12400000 	 33.62597634 	 970.00025000 	 202.23020000 	 55.72763929 	 1.98086000 	 16.66737000 	 5.08174000 	 11.81713000
2036 	 11.18412000 	 0.20574000 	 338.14388000 	 8.63700175 	 37.98413664 	 17.96000000 	 3.66500000 	 0.00000000 	 0.00000000 	 0.00000000 	 155.92500000 	 0.00000000 	 0.00000000 	 371.49000000 	 52.62000000 	 0.00000000 	 6.24900000 	 0.79300000 	 0.40100000 	 0.00800000 	 31.53304000 	 220.96768000 	 22.15886000 	 0.25778000 	 0.52472000 	 96.45584000 	 77.24118000 	 8.86908000 	 1.89170000 	 0.11240000 	 8.57622000 	 3.16662000 	 33.40659735 	 966.04954000 	 202.11506000 	 55.85095000 	 1.98284800 	 16.70152000 	 5.02425200 	 11.66422000
2037 	 11.22259000 	 0.20398000 	 338.00151000 	 8.64868507 	 37.15640448 	 17.36800000 	 3.35300000 	 0.00000000 	 0.00000000 	 0.00000000 	 155.92500000 	 0.00000000 	 0.00000000 	 341.99400000 	 50.87400000 	 0.00000000 	 5.80100000 	 0.73700000 	 0.38100000 	 0.00800000 	 31.49483000 	 223.08301000 	 22.44212000 	 0.25766000 	 0.49694000 	 96.57098000 	 78.10881000 	 8.99301000 	 1.90530000 	 0.11250000 	 8.59799000 	 3.20924000 	 33.18721835 	 962.09883000 	 201.99992000 	 55.97426071 	 1.98483600 	 16.73567000 	 4.96676400 	 11.51131000
2038 	 11.26106000 	 0.20222000 	 337.85914000 	 8.66036839 	 36.32867232 	 16.79400000 	 3.06800000 	 0.00000000 	 0.00000000 	 0.00000000 	 155.92500000 	 0.00000000 	 0.00000000 	 310.06700000 	 48.92000000 	 0.00000000 	 5.37200000 	 0.68600000 	 0.36200000 	 0.00700000 	 31.45662000 	 225.19834000 	 22.72538000 	 0.25754000 	 0.46916000 	 96.68612000 	 78.97644000 	 9.11694000 	 1.91890000 	 0.11260000 	 8.61976000 	 3.25186000 	 32.96783936 	 958.14812000 	 201.88478000 	 56.09757143 	 1.98682400 	 16.76982000 	 4.90927600 	 11.35840000
2039 	 11.29953000 	 0.20046000 	 337.71677000 	 8.67205171 	 35.50094016 	 16.24000000 	 2.80700000 	 0.00000000 	 0.00000000 	 0.00000000 	 155.92500000 	 0.00000000 	 0.00000000 	 276.02400000 	 46.76900000 	 0.00000000 	 4.96000000 	 0.63800000 	 0.34400000 	 0.00600000 	 31.41841000 	 227.31367000 	 23.00864000 	 0.25742000 	 0.44138000 	 96.80126000 	 79.84407000 	 9.24087000 	 1.93250000 	 0.11270000 	 8.64153000 	 3.29448000 	 32.74846037 	 954.19741000 	 201.76964000 	 56.22088214 	 1.98881200 	 16.80397000 	 4.85178800 	 11.20549000
2040 	 11.33800000 	 0.19870000 	 337.57440000 	 8.68373503 	 34.67320800 	 15.70400000 	 2.56900000 	 0.00000000 	 0.00000000 	 0.00000000 	 155.92500000 	 0.00000000 	 0.00000000 	 240.14100000 	 44.43100000 	 0.00000000 	 4.56300000 	 0.59300000 	 0.32600000 	 0.00500000 	 31.38020000 	 229.42900000 	 23.29190000 	 0.25730000 	 0.41360000 	 96.91640000 	 80.71170000 	 9.36480000 	 1.94610000 	 0.11280000 	 8.66330000 	 3.33710000 	 32.52908137 	 950.24670000 	 201.65450000 	 56.34419286 	 1.99080000 	 16.83812000 	 4.79430000 	 11.05258000
2041 	 11.30733000 	 0.20369000 	 336.95066000 	 8.67370077 	 33.77890296 	 15.18600000 	 2.35000000 	 0.00000000 	 0.00000000 	 0.00000000 	 155.92500000 	 0.00000000 	 0.00000000 	 208.92300000 	 42.20900000 	 0.00000000 	 4.19800000 	 0.55100000 	 0.31000000 	 0.00500000 	 31.31317000 	 231.78318000 	 23.57453000 	 0.24048000 	 0.39687000 	 96.77125000 	 80.10127000 	 9.53783000 	 1.95661000 	 0.11238000 	 8.71054000 	 3.38154000 	 32.18114946 	 942.49931000 	 200.55337000 	 56.35807214 	 1.99631500 	 16.90091000 	 4.72822500 	 10.88142000
2042 	 11.27666000 	 0.20868000 	 336.32692000 	 8.66366650 	 32.88459792 	 14.68500000 	 2.15100000 	 0.00000000 	 0.00000000 	 0.00000000 	 155.92500000 	 0.00000000 	 0.00000000 	 181.76300000 	 40.09900000 	 0.00000000 	 3.86200000 	 0.51300000 	 0.29500000 	 0.00400000 	 31.24614000 	 234.13736000 	 23.85716000 	 0.22366000 	 0.38014000 	 96.62610000 	 79.49084000 	 9.71086000 	 1.96712000 	 0.11196000 	 8.75778000 	 3.42598000 	 31.83321755 	 934.75192000 	 199.45224000 	 56.37195143 	 2.00183000 	 16.96370000 	 4.66215000 	 10.71026000
2043 	 11.24599000 	 0.21367000 	 335.70318000 	 8.65363224 	 31.99029288 	 14.20000000 	 1.96800000 	 0.00000000 	 0.00000000 	 0.00000000 	 155.92500000 	 0.00000000 	 0.00000000 	 158.13400000 	 38.09400000 	 0.00000000 	 3.55300000 	 0.47700000 	 0.28000000 	 0.00400000 	 31.17911000 	 236.49154000 	 24.13979000 	 0.20684000 	 0.36341000 	 96.48095000 	 78.88041000 	 9.88389000 	 1.97763000 	 0.11154000 	 8.80502000 	 3.47042000 	 31.48528565 	 927.00453000 	 198.35111000 	 56.38583071 	 2.00734500 	 17.02650000 	 4.59607500 	 10.53909000
2044 	 11.21532000 	 0.21866000 	 335.07944000 	 8.64359798 	 31.09598784 	 13.73200000 	 1.80100000 	 0.00000000 	 0.00000000 	 0.00000000 	 155.92500000 	 0.00000000 	 0.00000000 	 137.57600000 	 36.18900000 	 0.00000000 	 3.26900000 	 0.44400000 	 0.26600000 	 0.00300000 	 31.11208000 	 238.84572000 	 24.42242000 	 0.19002000 	 0.34668000 	 96.33580000 	 78.26998000 	 10.05692000 	 1.98814000 	 0.11112000 	 8.85226000 	 3.51486000 	 31.13735374 	 919.25714000 	 197.24998000 	 56.39971000 	 2.01286000 	 17.08929000 	 4.53000000 	 10.36793000
2045 	 11.18465000 	 0.22365000 	 334.45570000 	 8.63356371 	 30.20168280 	 13.27900000 	 1.64800000 	 0.00000000 	 0.00000000 	 0.00000000 	 155.92500000 	 0.00000000 	 0.00000000 	 119.69100000 	 34.38000000 	 0.00000000 	 3.00700000 	 0.41300000 	 0.25300000 	 0.00300000 	 31.04505000 	 241.19990000 	 24.70505000 	 0.17320000 	 0.32995000 	 96.19065000 	 77.65955000 	 10.22995000 	 1.99865000 	 0.11070000 	 8.89950000 	 3.55930000 	 30.78942183 	 911.50975000 	 196.14885000 	 56.41358929 	 2.01837500 	 17.15208000 	 4.46392500 	 10.19677000
2046 	 11.15398000 	 0.22864000 	 333.83196000 	 8.62352945 	 29.30737776 	 12.84000000 	 1.50700000 	 0.00000000 	 0.00000000 	 0.00000000 	 155.92500000 	 0.00000000 	 0.00000000 	 104.13100000 	 32.66100000 	 0.00000000 	 2.76700000 	 0.38400000 	 0.24000000 	 0.00300000 	 30.97802000 	 243.55408000 	 24.98768000 	 0.15638000 	 0.31322000 	 96.04550000 	 77.04912000 	 10.40298000 	 2.00916000 	 0.11028000 	 8.94674000 	 3.60374000 	 30.44148992 	 903.76236000 	 195.04772000 	 56.42746857 	 2.02389000 	 17.21487000 	 4.39785000 	 10.02561000
2047 	 11.12331000 	 0.23363000 	 333.20822000 	 8.61349519 	 28.41307272 	 12.41700000 	 1.37900000 	 0.00000000 	 0.00000000 	 0.00000000 	 155.92500000 	 0.00000000 	 0.00000000 	 90.59400000 	 31.02800000 	 0.00000000 	 2.54500000 	 0.35700000 	 0.22800000 	 0.00200000 	 30.91099000 	 245.90826000 	 25.27031000 	 0.13956000 	 0.29649000 	 95.90035000 	 76.43869000 	 10.57601000 	 2.01967000 	 0.10986000 	 8.99398000 	 3.64818000 	 30.09355801 	 896.01497000 	 193.94659000 	 56.44134786 	 2.02940500 	 17.27766400 	 4.33177500 	 9.85444600
2048 	 11.09264000 	 0.23862000 	 332.58448000 	 8.60346093 	 27.51876768 	 12.00700000 	 1.26200000 	 0.00000000 	 0.00000000 	 0.00000000 	 155.92500000 	 0.00000000 	 0.00000000 	 78.81700000 	 29.47600000 	 0.00000000 	 2.34200000 	 0.33200000 	 0.21700000 	 0.00200000 	 30.84396000 	 248.26244000 	 25.55294000 	 0.12274000 	 0.27976000 	 95.75520000 	 75.82826000 	 10.74904000 	 2.03018000 	 0.10944000 	 9.04122000 	 3.69262000 	 29.74562610 	 888.26758000 	 192.84546000 	 56.45522714 	 2.03492000 	 17.34045600 	 4.26570000 	 9.68328400
2049 	 11.06197000 	 0.24361000 	 331.96074000 	 8.59342666 	 26.62446264 	 11.61100000 	 1.15500000 	 0.00000000 	 0.00000000 	 0.00000000 	 155.92500000 	 0.00000000 	 0.00000000 	 68.57100000 	 28.00200000 	 0.00000000 	 2.15400000 	 0.30900000 	 0.20600000 	 0.00200000 	 30.77693000 	 250.61662000 	 25.83557000 	 0.10592000 	 0.26303000 	 95.61005000 	 75.21783000 	 10.92207000 	 2.04069000 	 0.10902000 	 9.08846000 	 3.73706000 	 29.39769419 	 880.52019000 	 191.74433000 	 56.46910643 	 2.04043500 	 17.40324800 	 4.19962500 	 9.51212200
2050 	 11.03130000 	 0.24860000 	 331.33700000 	 8.58339240 	 25.73015760 	 11.22700000 	 1.05700000 	 0.00000000 	 0.00000000 	 0.00000000 	 155.92500000 	 0.00000000 	 0.00000000 	 59.65700000 	 26.60200000 	 0.00000000 	 1.98200000 	 0.28700000 	 0.19500000 	 0.00200000 	 30.70990000 	 252.97080000 	 26.11820000 	 0.08910000 	 0.24630000 	 95.46490000 	 74.60740000 	 11.09510000 	 2.05120000 	 0.10860000 	 9.13570000 	 3.78150000 	 29.04976229 	 872.77280000 	 190.64320000 	 56.48298571 	 2.04595000 	 17.46604000 	 4.13355000 	 9.34096000
2051 	 10.86829000 	 0.24215000 	 329.96427000 	 8.57520708 	 25.23243414 	 10.85700000 	 0.96700000 	 0.00000000 	 0.00000000 	 0.00000000 	 155.92500000 	 0.00000000 	 0.00000000 	 51.90100000 	 25.27200000 	 0.00000000 	 1.82400000 	 0.26700000 	 0.18600000 	 0.00100000 	 30.26107000 	 252.01802000 	 26.06031000 	 0.08327000 	 0.23542000 	 94.54597000 	 75.55522000 	 11.09689000 	 2.04957000 	 0.10848000 	 9.11255000 	 3.83266000 	 28.69715573 	 863.35120000 	 189.56776000 	 56.41896857 	 2.04174800 	 17.43647200 	 4.07294200 	 9.17867800
2052 	 10.70528000 	 0.23570000 	 328.59154000 	 8.56702176 	 24.73471068 	 10.49900000 	 0.88500000 	 0.00000000 	 0.00000000 	 0.00000000 	 155.92500000 	 0.00000000 	 0.00000000 	 45.15400000 	 24.00800000 	 0.00000000 	 1.67800000 	 0.24800000 	 0.17600000 	 0.00100000 	 29.81224000 	 251.06524000 	 26.00242000 	 0.07744000 	 0.22454000 	 93.62704000 	 76.50304000 	 11.09868000 	 2.04794000 	 0.10836000 	 9.08940000 	 3.88382000 	 28.34454917 	 853.92960000 	 188.49232000 	 56.35495143 	 2.03754600 	 17.40690400 	 4.01233400 	 9.01639600
2053 	 10.54227000 	 0.22925000 	 327.21881000 	 8.55883644 	 24.23698722 	 10.15200000 	 0.80900000 	 0.00000000 	 0.00000000 	 0.00000000 	 155.92500000 	 0.00000000 	 0.00000000 	 39.28400000 	 22.80800000 	 0.00000000 	 1.54300000 	 0.23100000 	 0.16800000 	 0.00100000 	 29.36341000 	 250.11246000 	 25.94453000 	 0.07161000 	 0.21366000 	 92.70811000 	 77.45086000 	 11.10047000 	 2.04631000 	 0.10824000 	 9.06625000 	 3.93498000 	 27.99194261 	 844.50800000 	 187.41688000 	 56.29093429 	 2.03334400 	 17.37733600 	 3.95172600 	 8.85411400
2054 	 10.37926000 	 0.22280000 	 325.84608000 	 8.55065112 	 23.73926376 	 9.81700000 	 0.74100000 	 0.00000000 	 0.00000000 	 0.00000000 	 155.92500000 	 0.00000000 	 0.00000000 	 34.17700000 	 21.66800000 	 0.00000000 	 1.42000000 	 0.21500000 	 0.15900000 	 0.00100000 	 28.91458000 	 249.15968000 	 25.88664000 	 0.06578000 	 0.20278000 	 91.78918000 	 78.39868000 	 11.10226000 	 2.04468000 	 0.10812000 	 9.04310000 	 3.98614000 	 27.63933605 	 835.08640000 	 186.34144000 	 56.22691714 	 2.02914200 	 17.34776800 	 3.89111800 	 8.69183200
2055 	 10.21625000 	 0.21635000 	 324.47335000 	 8.54246580 	 23.24154030 	 9.49300000 	 0.67800000 	 0.00000000 	 0.00000000 	 0.00000000 	 155.92500000 	 0.00000000 	 0.00000000 	 29.73400000 	 20.58400000 	 0.00000000 	 1.30600000 	 0.20000000 	 0.15100000 	 0.00100000 	 28.46575000 	 248.20690000 	 25.82875000 	 0.05995000 	 0.19190000 	 90.87025000 	 79.34650000 	 11.10405000 	 2.04305000 	 0.10800000 	 9.01995000 	 4.03730000 	 27.28672949 	 825.66480000 	 185.26600000 	 56.16290000 	 2.02494000 	 17.31820000 	 3.83051000 	 8.52955000
2056 	 10.05324000 	 0.20990000 	 323.10062000 	 8.53428048 	 22.74381684 	 9.18000000 	 0.62000000 	 0.00000000 	 0.00000000 	 0.00000000 	 155.92500000 	 0.00000000 	 0.00000000 	 25.86900000 	 19.55500000 	 0.00000000 	 1.20200000 	 0.18600000 	 0.14400000 	 0.00100000 	 28.01692000 	 247.25412000 	 25.77086000 	 0.05412000 	 0.18102000 	 89.95132000 	 80.29432000 	 11.10584000 	 2.04142000 	 0.10788000 	 8.99680000 	 4.08846000 	 26.93412293 	 816.24320000 	 184.19056000 	 56.09888286 	 2.02073800 	 17.28863200 	 3.76990200 	 8.36726800
2057 	 9.89023000 	 0.20345000 	 321.72789000 	 8.52609516 	 22.24609338 	 8.87700000 	 0.56700000 	 0.00000000 	 0.00000000 	 0.00000000 	 155.92500000 	 0.00000000 	 0.00000000 	 22.50600000 	 18.57700000 	 0.00000000 	 1.10600000 	 0.17300000 	 0.13600000 	 0.00100000 	 27.56809000 	 246.30134000 	 25.71297000 	 0.04829000 	 0.17014000 	 89.03239000 	 81.24214000 	 11.10763000 	 2.03979000 	 0.10776000 	 8.97365000 	 4.13962000 	 26.58151637 	 806.82160000 	 183.11512000 	 56.03486571 	 2.01653600 	 17.25906400 	 3.70929400 	 8.20498600
2058 	 9.72722000 	 0.19700000 	 320.35516000 	 8.51790984 	 21.74836992 	 8.58400000 	 0.51900000 	 0.00000000 	 0.00000000 	 0.00000000 	 155.92500000 	 0.00000000 	 0.00000000 	 19.58000000 	 17.64800000 	 0.00000000 	 1.01700000 	 0.16100000 	 0.13000000 	 0.00100000 	 27.11926000 	 245.34856000 	 25.65508000 	 0.04246000 	 0.15926000 	 88.11346000 	 82.18996000 	 11.10942000 	 2.03816000 	 0.10764000 	 8.95050000 	 4.19078000 	 26.22890981 	 797.40000000 	 182.03968000 	 55.97084857 	 2.01233400 	 17.22949600 	 3.64868600 	 8.04270400
2059 	 9.56421000 	 0.19055000 	 318.98243000 	 8.50972452 	 21.25064646 	 8.30100000 	 0.47500000 	 0.00000000 	 0.00000000 	 0.00000000 	 155.92500000 	 0.00000000 	 0.00000000 	 17.03500000 	 16.76600000 	 0.00000000 	 0.93600000 	 0.14900000 	 0.12300000 	 0.00100000 	 26.67043000 	 244.39578000 	 25.59719000 	 0.03663000 	 0.14838000 	 87.19453000 	 83.13778000 	 11.11121000 	 2.03653000 	 0.10752000 	 8.92735000 	 4.24194000 	 25.87630325 	 787.97840000 	 180.96424000 	 55.90683143 	 2.00813200 	 17.19992800 	 3.58807800 	 7.88042200
2060 	 9.40120000 	 0.18410000 	 317.60970000 	 8.50153920 	 20.75292300 	 8.02700000 	 0.43500000 	 0.00000000 	 0.00000000 	 0.00000000 	 155.92500000 	 0.00000000 	 0.00000000 	 14.82000000 	 15.92800000 	 0.00000000 	 0.86100000 	 0.13900000 	 0.11700000 	 0.00100000 	 26.22160000 	 243.44300000 	 25.53930000 	 0.03080000 	 0.13750000 	 86.27560000 	 84.08560000 	 11.11300000 	 2.03490000 	 0.10740000 	 8.90420000 	 4.29310000 	 25.52369669 	 778.55680000 	 179.88880000 	 55.84281429 	 2.00393000 	 17.17036000 	 3.52747000 	 7.71814000
2061 	 9.17290000 	 0.17607000 	 315.92522000 	 8.48682761 	 20.32079046 	 7.76200000 	 0.39800000 	 0.00000000 	 0.00000000 	 0.00000000 	 155.92500000 	 0.00000000 	 0.00000000 	 12.89300000 	 15.13100000 	 0.00000000 	 0.79200000 	 0.12900000 	 0.11100000 	 0.00000000 	 25.99838000 	 244.90395000 	 25.78992000 	 0.02989000 	 0.13105000 	 85.73583000 	 85.06506000 	 11.10641000 	 2.03010000 	 0.10732000 	 8.91416000 	 4.35328000 	 25.18977874 	 768.06528000 	 178.54508000 	 55.74727429 	 1.99730800 	 17.11935900 	 3.46606200 	 7.55556100
2062 	 8.94460000 	 0.16804000 	 314.24074000 	 8.47211602 	 19.88865792 	 7.50600000 	 0.36400000 	 0.00000000 	 0.00000000 	 0.00000000 	 155.92500000 	 0.00000000 	 0.00000000 	 11.21700000 	 14.37500000 	 0.00000000 	 0.72900000 	 0.12000000 	 0.10600000 	 0.00000000 	 25.77516000 	 246.36490000 	 26.04054000 	 0.02898000 	 0.12460000 	 85.19606000 	 86.04452000 	 11.09982000 	 2.02530000 	 0.10724000 	 8.92412000 	 4.41346000 	 24.85586080 	 757.57376000 	 177.20136000 	 55.65173429 	 1.99068600 	 17.06835800 	 3.40465400 	 7.39298200
2063 	 8.71630000 	 0.16001000 	 312.55626000 	 8.45740443 	 19.45652538 	 7.25800000 	 0.33300000 	 0.00000000 	 0.00000000 	 0.00000000 	 155.92500000 	 0.00000000 	 0.00000000 	 9.75900000 	 13.65600000 	 0.00000000 	 0.67000000 	 0.11200000 	 0.10000000 	 0.00000000 	 25.55194000 	 247.82585000 	 26.29116000 	 0.02807000 	 0.11815000 	 84.65629000 	 87.02398000 	 11.09323000 	 2.02050000 	 0.10716000 	 8.93408000 	 4.47364000 	 24.52194286 	 747.08224000 	 175.85764000 	 55.55619429 	 1.98406400 	 17.01735700 	 3.34324600 	 7.23040300
2064 	 8.48800000 	 0.15198000 	 310.87178000 	 8.44269285 	 19.02439284 	 7.01900000 	 0.30500000 	 0.00000000 	 0.00000000 	 0.00000000 	 155.92500000 	 0.00000000 	 0.00000000 	 8.49000000 	 12.97300000 	 0.00000000 	 0.61700000 	 0.10400000 	 0.09500000 	 0.00000000 	 25.32872000 	 249.28680000 	 26.54178000 	 0.02716000 	 0.11170000 	 84.11652000 	 88.00344000 	 11.08664000 	 2.01570000 	 0.10708000 	 8.94404000 	 4.53382000 	 24.18802491 	 736.59072000 	 174.51392000 	 55.46065429 	 1.97744200 	 16.96635600 	 3.28183800 	 7.06782400
2065 	 8.25970000 	 0.14395000 	 309.18730000 	 8.42798126 	 18.59226030 	 6.78700000 	 0.27900000 	 0.00000000 	 0.00000000 	 0.00000000 	 155.92500000 	 0.00000000 	 0.00000000 	 7.38700000 	 12.32500000 	 0.00000000 	 0.56700000 	 0.09700000 	 0.09100000 	 0.00000000 	 25.10550000 	 250.74775000 	 26.79240000 	 0.02625000 	 0.10525000 	 83.57675000 	 88.98290000 	 11.08005000 	 2.01090000 	 0.10700000 	 8.95400000 	 4.59400000 	 23.85410697 	 726.09920000 	 173.17020000 	 55.36511429 	 1.97082000 	 16.91535500 	 3.22043000 	 6.90524500
2066 	 8.03140000 	 0.13592000 	 307.50282000 	 8.41326967 	 18.16012776 	 6.56300000 	 0.25500000 	 0.00000000 	 0.00000000 	 0.00000000 	 155.92500000 	 0.00000000 	 0.00000000 	 6.42600000 	 11.70800000 	 0.00000000 	 0.52200000 	 0.09000000 	 0.08600000 	 0.00000000 	 24.88228000 	 252.20870000 	 27.04302000 	 0.02534000 	 0.09880000 	 83.03698000 	 89.96236000 	 11.07346000 	 2.00610000 	 0.10692000 	 8.96396000 	 4.65418000 	 23.52018903 	 715.60768000 	 171.82648000 	 55.26957429 	 1.96419800 	 16.86435400 	 3.15902200 	 6.74266600
2067 	 7.80310000 	 0.12789000 	 305.81834000 	 8.39855808 	 17.72799522 	 6.34600000 	 0.23300000 	 0.00000000 	 0.00000000 	 0.00000000 	 155.92500000 	 0.00000000 	 0.00000000 	 5.59100000 	 11.12300000 	 0.00000000 	 0.48000000 	 0.08400000 	 0.08200000 	 0.00000000 	 24.65906000 	 253.66965000 	 27.29364000 	 0.02443000 	 0.09235000 	 82.49721000 	 90.94182000 	 11.06687000 	 2.00130000 	 0.10684000 	 8.97392000 	 4.71436000 	 23.18627109 	 705.11616000 	 170.48276000 	 55.17403429 	 1.95757600 	 16.81335300 	 3.09761400 	 6.58008700
2068 	 7.57480000 	 0.11986000 	 304.13386000 	 8.38384649 	 17.29586268 	 6.13700000 	 0.21400000 	 0.00000000 	 0.00000000 	 0.00000000 	 155.92500000 	 0.00000000 	 0.00000000 	 4.86400000 	 10.56700000 	 0.00000000 	 0.44200000 	 0.07800000 	 0.07800000 	 0.00000000 	 24.43584000 	 255.13060000 	 27.54426000 	 0.02352000 	 0.08590000 	 81.95744000 	 91.92128000 	 11.06028000 	 1.99650000 	 0.10676000 	 8.98388000 	 4.77454000 	 22.85235314 	 694.62464000 	 169.13904000 	 55.07849429 	 1.95095400 	 16.76235200 	 3.03620600 	 6.41750800
2069 	 7.34650000 	 0.11183000 	 302.44938000 	 8.36913490 	 16.86373014 	 5.93500000 	 0.19500000 	 0.00000000 	 0.00000000 	 0.00000000 	 155.92500000 	 0.00000000 	 0.00000000 	 4.23200000 	 10.03800000 	 0.00000000 	 0.40700000 	 0.07200000 	 0.07400000 	 0.00000000 	 24.21262000 	 256.59155000 	 27.79488000 	 0.02261000 	 0.07945000 	 81.41767000 	 92.90074000 	 11.05369000 	 1.99170000 	 0.10668000 	 8.99384000 	 4.83472000 	 22.51843520 	 684.13312000 	 167.79532000 	 54.98295429 	 1.94433200 	 16.71135100 	 2.97479800 	 6.25492900
2070 	 7.11820000 	 0.10380000 	 300.76490000 	 8.35442331 	 16.43159760 	 5.73900000 	 0.17900000 	 0.00000000 	 0.00000000 	 0.00000000 	 155.92500000 	 0.00000000 	 0.00000000 	 3.68200000 	 9.53700000 	 0.00000000 	 0.37400000 	 0.06700000 	 0.07000000 	 0.00000000 	 23.98940000 	 258.05250000 	 28.04550000 	 0.02170000 	 0.07300000 	 80.87790000 	 93.88020000 	 11.04710000 	 1.98690000 	 0.10660000 	 9.00380000 	 4.89490000 	 22.18451726 	 673.64160000 	 166.45160000 	 54.88741429 	 1.93771000 	 16.66035000 	 2.91339000 	 6.09235000
2071 	 6.82459000 	 0.09420000 	 298.76876000 	 8.33319545 	 16.06508604 	 5.54900000 	 0.16400000 	 0.00000000 	 0.00000000 	 0.00000000 	 155.92500000 	 0.00000000 	 0.00000000 	 3.20300000 	 9.06000000 	 0.00000000 	 0.34400000 	 0.06300000 	 0.06700000 	 0.00000000 	 23.94406000 	 262.30888000 	 28.61994000 	 0.02131000 	 0.06942000 	 80.71735000 	 94.11930000 	 11.03809000 	 1.97901000 	 0.10626000 	 9.04993000 	 4.96411000 	 21.86929792 	 662.07930000 	 164.83958000 	 54.76029071 	 1.92862700 	 16.58815300 	 2.85121300 	 5.92924700
2072 	 6.53098000 	 0.08460000 	 296.77262000 	 8.31196759 	 15.69857448 	 5.36600000 	 0.15000000 	 0.00000000 	 0.00000000 	 0.00000000 	 155.92500000 	 0.00000000 	 0.00000000 	 2.78700000 	 8.60700000 	 0.00000000 	 0.31700000 	 0.05800000 	 0.06300000 	 0.00000000 	 23.89872000 	 266.56526000 	 29.19438000 	 0.02092000 	 0.06584000 	 80.55680000 	 94.35840000 	 11.02908000 	 1.97112000 	 0.10592000 	 9.09606000 	 5.03332000 	 21.55407858 	 650.51700000 	 163.22756000 	 54.63316714 	 1.91954400 	 16.51595600 	 2.78903600 	 5.76614400
2073 	 6.23737000 	 0.07500000 	 294.77648000 	 8.29073973 	 15.33206292 	 5.18900000 	 0.13700000 	 0.00000000 	 0.00000000 	 0.00000000 	 155.92500000 	 0.00000000 	 0.00000000 	 2.42400000 	 8.17600000 	 0.00000000 	 0.29100000 	 0.05400000 	 0.06000000 	 0.00000000 	 23.85338000 	 270.82164000 	 29.76882000 	 0.02053000 	 0.06226000 	 80.39625000 	 94.59750000 	 11.02007000 	 1.96323000 	 0.10558000 	 9.14219000 	 5.10253000 	 21.23885925 	 638.95470000 	 161.61554000 	 54.50604357 	 1.91046100 	 16.44375900 	 2.72685900 	 5.60304100
2074 	 5.94376000 	 0.06540000 	 292.78034000 	 8.26951186 	 14.96555136 	 5.01800000 	 0.12500000 	 0.00000000 	 0.00000000 	 0.00000000 	 155.92500000 	 0.00000000 	 0.00000000 	 2.10900000 	 7.76800000 	 0.00000000 	 0.26800000 	 0.05000000 	 0.05700000 	 0.00000000 	 23.80804000 	 275.07802000 	 30.34326000 	 0.02014000 	 0.05868000 	 80.23570000 	 94.83660000 	 11.01106000 	 1.95534000 	 0.10524000 	 9.18832000 	 5.17174000 	 20.92363991 	 627.39240000 	 160.00352000 	 54.37892000 	 1.90137800 	 16.37156200 	 2.66468200 	 5.43993800
2075 	 5.65015000 	 0.05580000 	 290.78420000 	 8.24828400 	 14.59903980 	 4.85200000 	 0.11500000 	 0.00000000 	 0.00000000 	 0.00000000 	 155.92500000 	 0.00000000 	 0.00000000 	 1.83500000 	 7.37900000 	 0.00000000 	 0.24700000 	 0.04700000 	 0.05400000 	 0.00000000 	 23.76270000 	 279.33440000 	 30.91770000 	 0.01975000 	 0.05510000 	 80.07515000 	 95.07570000 	 11.00205000 	 1.94745000 	 0.10490000 	 9.23445000 	 5.24095000 	 20.60842057 	 615.83010000 	 158.39150000 	 54.25179643 	 1.89229500 	 16.29936500 	 2.60250500 	 5.27683500
2076 	 5.35654000 	 0.04620000 	 288.78806000 	 8.22705614 	 14.23252824 	 4.69200000 	 0.10500000 	 0.00000000 	 0.00000000 	 0.00000000 	 155.92500000 	 0.00000000 	 0.00000000 	 1.59600000 	 7.01000000 	 0.00000000 	 0.22700000 	 0.04300000 	 0.05200000 	 0.00000000 	 23.71736000 	 283.59078000 	 31.49214000 	 0.01936000 	 0.05152000 	 79.91460000 	 95.31480000 	 10.99304000 	 1.93956000 	 0.10456000 	 9.28058000 	 5.31016000 	 20.29320123 	 604.26780000 	 156.77948000 	 54.12467286 	 1.88321200 	 16.22716800 	 2.54032800 	 5.11373200
2077 	 5.06293000 	 0.03660000 	 286.79192000 	 8.20582827 	 13.86601668 	 4.53700000 	 0.09600000 	 0.00000000 	 0.00000000 	 0.00000000 	 155.92500000 	 0.00000000 	 0.00000000 	 1.38900000 	 6.66000000 	 0.00000000 	 0.20900000 	 0.04000000 	 0.04900000 	 0.00000000 	 23.67202000 	 287.84716000 	 32.06658000 	 0.01897000 	 0.04794000 	 79.75405000 	 95.55390000 	 10.98403000 	 1.93167000 	 0.10422000 	 9.32671000 	 5.37937000 	 19.97798190 	 592.70550000 	 155.16746000 	 53.99754929 	 1.87412900 	 16.15497100 	 2.47815100 	 4.95062900
2078 	 4.76932000 	 0.02700000 	 284.79578000 	 8.18460041 	 13.49950512 	 4.38800000 	 0.08800000 	 0.00000000 	 0.00000000 	 0.00000000 	 155.92500000 	 0.00000000 	 0.00000000 	 1.20800000 	 6.32700000 	 0.00000000 	 0.19200000 	 0.03800000 	 0.04600000 	 0.00000000 	 23.62668000 	 292.10354000 	 32.64102000 	 0.01858000 	 0.04436000 	 79.59350000 	 95.79300000 	 10.97502000 	 1.92378000 	 0.10388000 	 9.37284000 	 5.44858000 	 19.66276256 	 581.14320000 	 153.55544000 	 53.87042571 	 1.86504600 	 16.08277400 	 2.41597400 	 4.78752600
2079 	 4.47571000 	 0.01740000 	 282.79964000 	 8.16337255 	 13.13299356 	 4.24300000 	 0.08000000 	 0.00000000 	 0.00000000 	 0.00000000 	 155.92500000 	 0.00000000 	 0.00000000 	 1.05100000 	 6.01000000 	 0.00000000 	 0.17700000 	 0.03500000 	 0.04400000 	 0.00000000 	 23.58134000 	 296.35992000 	 33.21546000 	 0.01819000 	 0.04078000 	 79.43295000 	 96.03210000 	 10.96601000 	 1.91589000 	 0.10354000 	 9.41897000 	 5.51779000 	 19.34754322 	 569.58090000 	 151.94342000 	 53.74330214 	 1.85596300 	 16.01057700 	 2.35379700 	 4.62442300
2080 	 4.18210000 	 0.00780000 	 280.80350000 	 8.14214469 	 12.76648200 	 4.10300000 	 0.07400000 	 0.00000000 	 0.00000000 	 0.00000000 	 155.92500000 	 0.00000000 	 0.00000000 	 0.91500000 	 5.71000000 	 0.00000000 	 0.16200000 	 0.03300000 	 0.04200000 	 0.00000000 	 23.53600000 	 300.61630000 	 33.78990000 	 0.01780000 	 0.03720000 	 79.27240000 	 96.27120000 	 10.95700000 	 1.90800000 	 0.10320000 	 9.46510000 	 5.58700000 	 19.03232389 	 558.01860000 	 150.33140000 	 53.61617857 	 1.84688000 	 15.93838000 	 2.29162000 	 4.46132000
2081 	 4.18314000 	 0.00973000 	 280.06659000 	 8.14040568 	 12.69197328 	 3.96700000 	 0.06700000 	 0.00000000 	 0.00000000 	 0.00000000 	 155.92500000 	 0.00000000 	 0.00000000 	 0.79600000 	 5.42400000 	 0.00000000 	 0.14900000 	 0.03000000 	 0.04000000 	 0.00000000 	 23.53444000 	 305.85507000 	 34.40370000 	 0.01759000 	 0.03348000 	 79.45320000 	 95.76444000 	 10.93657000 	 1.91453000 	 0.10260000 	 9.57675000 	 5.62936000 	 18.98248091 	 553.98260000 	 149.81652000 	 53.58064857 	 1.84837200 	 15.95298400 	 2.27629800 	 4.39676600
2082 	 4.18418000 	 0.01166000 	 279.32968000 	 8.13866667 	 12.61746456 	 3.83600000 	 0.06200000 	 0.00000000 	 0.00000000 	 0.00000000 	 155.92500000 	 0.00000000 	 0.00000000 	 0.69200000 	 5.15300000 	 0.00000000 	 0.13800000 	 0.02800000 	 0.03800000 	 0.00000000 	 23.53288000 	 311.09384000 	 35.01750000 	 0.01738000 	 0.02976000 	 79.63400000 	 95.25768000 	 10.91614000 	 1.92106000 	 0.10200000 	 9.68840000 	 5.67172000 	 18.93263794 	 549.94660000 	 149.30164000 	 53.54511857 	 1.84986400 	 15.96758800 	 2.26097600 	 4.33221200
2083 	 4.18522000 	 0.01359000 	 278.59277000 	 8.13692767 	 12.54295584 	 3.71000000 	 0.05600000 	 0.00000000 	 0.00000000 	 0.00000000 	 155.92500000 	 0.00000000 	 0.00000000 	 0.60200000 	 4.89500000 	 0.00000000 	 0.12700000 	 0.02600000 	 0.03600000 	 0.00000000 	 23.53132000 	 316.33261000 	 35.63130000 	 0.01717000 	 0.02604000 	 79.81480000 	 94.75092000 	 10.89571000 	 1.92759000 	 0.10140000 	 9.80005000 	 5.71408000 	 18.88279497 	 545.91060000 	 148.78676000 	 53.50958857 	 1.85135600 	 15.98219200 	 2.24565400 	 4.26765800
2084 	 4.18626000 	 0.01552000 	 277.85586000 	 8.13518866 	 12.46844712 	 3.58700000 	 0.05200000 	 0.00000000 	 0.00000000 	 0.00000000 	 155.92500000 	 0.00000000 	 0.00000000 	 0.52400000 	 4.65100000 	 0.00000000 	 0.11600000 	 0.02400000 	 0.03400000 	 0.00000000 	 23.52976000 	 321.57138000 	 36.24510000 	 0.01696000 	 0.02232000 	 79.99560000 	 94.24416000 	 10.87528000 	 1.93412000 	 0.10080000 	 9.91170000 	 5.75644000 	 18.83295200 	 541.87460000 	 148.27188000 	 53.47405857 	 1.85284800 	 15.99679600 	 2.23033200 	 4.20310400
2085 	 4.18730000 	 0.01745000 	 277.11895000 	 8.13344966 	 12.39393840 	 3.46900000 	 0.04700000 	 0.00000000 	 0.00000000 	 0.00000000 	 155.92500000 	 0.00000000 	 0.00000000 	 0.45600000 	 4.41800000 	 0.00000000 	 0.10700000 	 0.02300000 	 0.03200000 	 0.00000000 	 23.52820000 	 326.81015000 	 36.85890000 	 0.01675000 	 0.01860000 	 80.17640000 	 93.73740000 	 10.85485000 	 1.94065000 	 0.10020000 	 10.02335000 	 5.79880000 	 18.78310903 	 537.83860000 	 147.75700000 	 53.43852857 	 1.85434000 	 16.01140000 	 2.21501000 	 4.13855000
2086 	 4.18834000 	 0.01938000 	 276.38204000 	 8.13171065 	 12.31942968 	 3.35500000 	 0.04300000 	 0.00000000 	 0.00000000 	 0.00000000 	 155.92500000 	 0.00000000 	 0.00000000 	 0.39700000 	 4.19700000 	 0.00000000 	 0.09900000 	 0.02100000 	 0.03100000 	 0.00000000 	 23.52664000 	 332.04892000 	 37.47270000 	 0.01654000 	 0.01488000 	 80.35720000 	 93.23064000 	 10.83442000 	 1.94718000 	 0.09960000 	 10.13500000 	 5.84116000 	 18.73326606 	 533.80260000 	 147.24212000 	 53.40299857 	 1.85583200 	 16.02600400 	 2.19968800 	 4.07399600
2087 	 4.18938000 	 0.02131000 	 275.64513000 	 8.12997165 	 12.24492096 	 3.24400000 	 0.03900000 	 0.00000000 	 0.00000000 	 0.00000000 	 155.92500000 	 0.00000000 	 0.00000000 	 0.34500000 	 3.98700000 	 0.00000000 	 0.09100000 	 0.02000000 	 0.02900000 	 0.00000000 	 23.52508000 	 337.28769000 	 38.08650000 	 0.01633000 	 0.01116000 	 80.53800000 	 92.72388000 	 10.81399000 	 1.95371000 	 0.09900000 	 10.24665000 	 5.88352000 	 18.68342309 	 529.76660000 	 146.72724000 	 53.36746857 	 1.85732400 	 16.04060800 	 2.18436600 	 4.00944200
2088 	 4.19042000 	 0.02324000 	 274.90822000 	 8.12823264 	 12.17041224 	 3.13700000 	 0.03600000 	 0.00000000 	 0.00000000 	 0.00000000 	 155.92500000 	 0.00000000 	 0.00000000 	 0.30000000 	 3.78800000 	 0.00000000 	 0.08300000 	 0.01800000 	 0.02800000 	 0.00000000 	 23.52352000 	 342.52646000 	 38.70030000 	 0.01612000 	 0.00744000 	 80.71880000 	 92.21712000 	 10.79356000 	 1.96024000 	 0.09840000 	 10.35830000 	 5.92588000 	 18.63358011 	 525.73060000 	 146.21236000 	 53.33193857 	 1.85881600 	 16.05521200 	 2.16904400 	 3.94488800
2089 	 4.19146000 	 0.02517000 	 274.17131000 	 8.12649363 	 12.09590352 	 3.03300000 	 0.03300000 	 0.00000000 	 0.00000000 	 0.00000000 	 155.92500000 	 0.00000000 	 0.00000000 	 0.26100000 	 3.59900000 	 0.00000000 	 0.07700000 	 0.01700000 	 0.02600000 	 0.00000000 	 23.52196000 	 347.76523000 	 39.31410000 	 0.01591000 	 0.00372000 	 80.89960000 	 91.71036000 	 10.77313000 	 1.96677000 	 0.09780000 	 10.46995000 	 5.96824000 	 18.58373714 	 521.69460000 	 145.69748000 	 53.29640857 	 1.86030800 	 16.06981600 	 2.15372200 	 3.88033400
2090 	 4.19250000 	 0.02710000 	 273.43440000 	 8.12475463 	 12.02139480 	 2.93300000 	 0.03000000 	 0.00000000 	 0.00000000 	 0.00000000 	 155.92500000 	 0.00000000 	 0.00000000 	 0.22700000 	 3.41900000 	 0.00000000 	 0.07100000 	 0.01600000 	 0.02500000 	 0.00000000 	 23.52040000 	 353.00400000 	 39.92790000 	 0.01570000 	 0.00000000 	 81.08040000 	 91.20360000 	 10.75270000 	 1.97330000 	 0.09720000 	 10.58160000 	 6.01060000 	 18.53389417 	 517.65860000 	 145.18260000 	 53.26087857 	 1.86180000 	 16.08442000 	 2.13840000 	 3.81578000
2091 	 4.19355000 	 0.02902000 	 272.69682000 	 8.12297565 	 11.94689610 	 2.83600000 	 0.02800000 	 0.00000000 	 0.00000000 	 0.00000000 	 155.92500000 	 0.00000000 	 0.00000000 	 0.19800000 	 3.24800000 	 0.00000000 	 0.06500000 	 0.01500000 	 0.02400000 	 0.00000000 	 23.46900000 	 358.61111000 	 40.56215000 	 0.01555000 	 0.00000000 	 81.26120000 	 90.20592000 	 10.71798000 	 1.98218000 	 0.09635000 	 10.66307000 	 6.05297000 	 18.48403122 	 513.62270000 	 144.66772000 	 53.22527571 	 1.86332100 	 16.09903500 	 2.12306900 	 3.75119500
2092 	 4.19460000 	 0.03094000 	 271.95924000 	 8.12119666 	 11.87239740 	 2.74300000 	 0.02500000 	 0.00000000 	 0.00000000 	 0.00000000 	 155.92500000 	 0.00000000 	 0.00000000 	 0.17200000 	 3.08500000 	 0.00000000 	 0.06000000 	 0.01400000 	 0.02300000 	 0.00000000 	 23.41760000 	 364.21822000 	 41.19640000 	 0.01540000 	 0.00000000 	 81.44200000 	 89.20824000 	 10.68326000 	 1.99106000 	 0.09550000 	 10.74454000 	 6.09534000 	 18.43416827 	 509.58680000 	 144.15284000 	 53.18967286 	 1.86484200 	 16.11365000 	 2.10773800 	 3.68661000
2093 	 4.19565000 	 0.03286000 	 271.22166000 	 8.11941768 	 11.79789870 	 2.65200000 	 0.02300000 	 0.00000000 	 0.00000000 	 0.00000000 	 155.92500000 	 0.00000000 	 0.00000000 	 0.15000000 	 2.93100000 	 0.00000000 	 0.05500000 	 0.01300000 	 0.02200000 	 0.00000000 	 23.36620000 	 369.82533000 	 41.83065000 	 0.01525000 	 0.00000000 	 81.62280000 	 88.21056000 	 10.64854000 	 1.99994000 	 0.09465000 	 10.82601000 	 6.13771000 	 18.38430533 	 505.55090000 	 143.63796000 	 53.15407000 	 1.86636300 	 16.12826500 	 2.09240700 	 3.62202500
2094 	 4.19670000 	 0.03478000 	 270.48408000 	 8.11763870 	 11.72340000 	 2.56500000 	 0.02100000 	 0.00000000 	 0.00000000 	 0.00000000 	 155.92500000 	 0.00000000 	 0.00000000 	 0.13000000 	 2.78500000 	 0.00000000 	 0.05100000 	 0.01200000 	 0.02000000 	 0.00000000 	 23.31480000 	 375.43244000 	 42.46490000 	 0.01510000 	 0.00000000 	 81.80360000 	 87.21288000 	 10.61382000 	 2.00882000 	 0.09380000 	 10.90748000 	 6.18008000 	 18.33444238 	 501.51500000 	 143.12308000 	 53.11846714 	 1.86788400 	 16.14288000 	 2.07707600 	 3.55744000
2095 	 4.19775000 	 0.03670000 	 269.74650000 	 8.11585971 	 11.64890130 	 2.48000000 	 0.01900000 	 0.00000000 	 0.00000000 	 0.00000000 	 155.92500000 	 0.00000000 	 0.00000000 	 0.11300000 	 2.64500000 	 0.00000000 	 0.04700000 	 0.01100000 	 0.01900000 	 0.00000000 	 23.26340000 	 381.03955000 	 43.09915000 	 0.01495000 	 0.00000000 	 81.98440000 	 86.21520000 	 10.57910000 	 2.01770000 	 0.09295000 	 10.98895000 	 6.22245000 	 18.28457943 	 497.47910000 	 142.60820000 	 53.08286429 	 1.86940500 	 16.15749500 	 2.06174500 	 3.49285500
2096 	 4.19880000 	 0.03862000 	 269.00892000 	 8.11408073 	 11.57440260 	 2.39800000 	 0.01800000 	 0.00000000 	 0.00000000 	 0.00000000 	 155.92500000 	 0.00000000 	 0.00000000 	 0.09900000 	 2.51300000 	 0.00000000 	 0.04300000 	 0.01000000 	 0.01800000 	 0.00000000 	 23.21200000 	 386.64666000 	 43.73340000 	 0.01480000 	 0.00000000 	 82.16520000 	 85.21752000 	 10.54438000 	 2.02658000 	 0.09210000 	 11.07042000 	 6.26482000 	 18.23471648 	 493.44320000 	 142.09332000 	 53.04726143 	 1.87092600 	 16.17211000 	 2.04641400 	 3.42827000
2097 	 4.19985000 	 0.04054000 	 268.27134000 	 8.11230175 	 11.49990390 	 2.31900000 	 0.01600000 	 0.00000000 	 0.00000000 	 0.00000000 	 155.92500000 	 0.00000000 	 0.00000000 	 0.08600000 	 2.38700000 	 0.00000000 	 0.03900000 	 0.00900000 	 0.01800000 	 0.00000000 	 23.16060000 	 392.25377000 	 44.36765000 	 0.01465000 	 0.00000000 	 82.34600000 	 84.21984000 	 10.50966000 	 2.03546000 	 0.09125000 	 11.15189000 	 6.30719000 	 18.18485353 	 489.40730000 	 141.57844000 	 53.01165857 	 1.87244700 	 16.18672500 	 2.03108300 	 3.36368500
2098 	 4.20090000 	 0.04246000 	 267.53376000 	 8.11052277 	 11.42540520 	 2.24300000 	 0.01500000 	 0.00000000 	 0.00000000 	 0.00000000 	 155.92500000 	 0.00000000 	 0.00000000 	 0.07500000 	 2.26800000 	 0.00000000 	 0.03600000 	 0.00900000 	 0.01700000 	 0.00000000 	 23.10920000 	 397.86088000 	 45.00190000 	 0.01450000 	 0.00000000 	 82.52680000 	 83.22216000 	 10.47494000 	 2.04434000 	 0.09040000 	 11.23336000 	 6.34956000 	 18.13499058 	 485.37140000 	 141.06356000 	 52.97605571 	 1.87396800 	 16.20134000 	 2.01575200 	 3.29910000
2099 	 4.20195000 	 0.04438000 	 266.79618000 	 8.10874378 	 11.35090650 	 2.16900000 	 0.01400000 	 0.00000000 	 0.00000000 	 0.00000000 	 155.92500000 	 0.00000000 	 0.00000000 	 0.06500000 	 2.15500000 	 0.00000000 	 0.03300000 	 0.00800000 	 0.01600000 	 0.00000000 	 23.05780000 	 403.46799000 	 45.63615000 	 0.01435000 	 0.00000000 	 82.70760000 	 82.22448000 	 10.44022000 	 2.05322000 	 0.08955000 	 11.31483000 	 6.39193000 	 18.08512763 	 481.33550000 	 140.54868000 	 52.94045286 	 1.87548900 	 16.21595500 	 2.00042100 	 3.23451500
2100 	 4.20300000 	 0.04630000 	 266.05860000 	 8.10696480 	 11.27640780 	 2.09700000 	 0.01200000 	 0.00000000 	 0.00000000 	 0.00000000 	 155.92500000 	 0.00000000 	 0.00000000 	 0.05600000 	 2.04700000 	 0.00000000 	 0.03100000 	 0.00800000 	 0.01500000 	 0.00000000 	 23.00640000 	 409.07510000 	 46.27040000 	 0.01420000 	 0.00000000 	 82.88840000 	 81.22680000 	 10.40550000 	 2.06210000 	 0.08870000 	 11.39630000 	 6.43430000 	 18.03526469 	 477.29960000 	 140.03380000 	 52.90485000 	 1.87701000 	 16.23057000 	 1.98509000 	 3.16993000
2101 	 4.09086000 	 0.04445000 	 266.05880000 	 8.08475750 	 11.27640780 	 2.02800000 	 0.01100000 	 0.00000000 	 0.00000000 	 0.00000000 	 155.92500000 	 0.00000000 	 0.00000000 	 0.04900000 	 1.94500000 	 0.00000000 	 0.02800000 	 0.00700000 	 0.01400000 	 0.00000000 	 23.00640000 	 408.89360000 	 46.04500000 	 0.01423000 	 0.00000000 	 82.88840000 	 81.22680000 	 10.40550000 	 2.02147000 	 0.08703000 	 11.16938000 	 6.30908000 	 18.03526469 	 477.29960000 	 140.03380000 	 52.90485000 	 1.87701000 	 16.23057000 	 1.98509000 	 3.16993000
2102 	 3.97872000 	 0.04260000 	 266.05900000 	 8.06255019 	 11.27640780 	 1.96100000 	 0.01000000 	 0.00000000 	 0.00000000 	 0.00000000 	 155.92500000 	 0.00000000 	 0.00000000 	 0.04200000 	 1.84700000 	 0.00000000 	 0.02600000 	 0.00700000 	 0.01400000 	 0.00000000 	 23.00640000 	 408.71210000 	 45.81960000 	 0.01426000 	 0.00000000 	 82.88840000 	 81.22680000 	 10.40550000 	 1.98084000 	 0.08536000 	 10.94246000 	 6.18386000 	 18.03526469 	 477.29960000 	 140.03380000 	 52.90485000 	 1.87701000 	 16.23057000 	 1.98509000 	 3.16993000
2103 	 3.86658000 	 0.04075000 	 266.05920000 	 8.04034289 	 11.27640780 	 1.89600000 	 0.01000000 	 0.00000000 	 0.00000000 	 0.00000000 	 155.92500000 	 0.00000000 	 0.00000000 	 0.03700000 	 1.75500000 	 0.00000000 	 0.02400000 	 0.00600000 	 0.01300000 	 0.00000000 	 23.00640000 	 408.53060000 	 45.59420000 	 0.01429000 	 0.00000000 	 82.88840000 	 81.22680000 	 10.40550000 	 1.94021000 	 0.08369000 	 10.71554000 	 6.05864000 	 18.03526469 	 477.29960000 	 140.03380000 	 52.90485000 	 1.87701000 	 16.23057000 	 1.98509000 	 3.16993000
2104 	 3.75444000 	 0.03890000 	 266.05940000 	 8.01813559 	 11.27640780 	 1.83400000 	 0.00900000 	 0.00000000 	 0.00000000 	 0.00000000 	 155.92500000 	 0.00000000 	 0.00000000 	 0.03200000 	 1.66700000 	 0.00000000 	 0.02200000 	 0.00600000 	 0.01200000 	 0.00000000 	 23.00640000 	 408.34910000 	 45.36880000 	 0.01432000 	 0.00000000 	 82.88840000 	 81.22680000 	 10.40550000 	 1.89958000 	 0.08202000 	 10.48862000 	 5.93342000 	 18.03526469 	 477.29960000 	 140.03380000 	 52.90485000 	 1.87701000 	 16.23057000 	 1.98509000 	 3.16993000
2105 	 3.64230000 	 0.03705000 	 266.05960000 	 7.99592829 	 11.27640780 	 1.77300000 	 0.00800000 	 0.00000000 	 0.00000000 	 0.00000000 	 155.92500000 	 0.00000000 	 0.00000000 	 0.02800000 	 1.58400000 	 0.00000000 	 0.02000000 	 0.00500000 	 0.01200000 	 0.00000000 	 23.00640000 	 408.16760000 	 45.14340000 	 0.01435000 	 0.00000000 	 82.88840000 	 81.22680000 	 10.40550000 	 1.85895000 	 0.08035000 	 10.26170000 	 5.80820000 	 18.03526469 	 477.29960000 	 140.03380000 	 52.90485000 	 1.87701000 	 16.23057000 	 1.98509000 	 3.16993000
2106 	 3.53016000 	 0.03520000 	 266.05980000 	 7.97372098 	 11.27640780 	 1.71500000 	 0.00700000 	 0.00000000 	 0.00000000 	 0.00000000 	 155.92500000 	 0.00000000 	 0.00000000 	 0.02400000 	 1.50500000 	 0.00000000 	 0.01900000 	 0.00500000 	 0.01100000 	 0.00000000 	 23.00640000 	 407.98610000 	 44.91800000 	 0.01438000 	 0.00000000 	 82.88840000 	 81.22680000 	 10.40550000 	 1.81832000 	 0.07868000 	 10.03478000 	 5.68298000 	 18.03526469 	 477.29960000 	 140.03380000 	 52.90485000 	 1.87701000 	 16.23057000 	 1.98509000 	 3.16993000
2107 	 3.41802000 	 0.03335000 	 266.06000000 	 7.95151368 	 11.27640780 	 1.65800000 	 0.00700000 	 0.00000000 	 0.00000000 	 0.00000000 	 155.92500000 	 0.00000000 	 0.00000000 	 0.02100000 	 1.42900000 	 0.00000000 	 0.01700000 	 0.00500000 	 0.01100000 	 0.00000000 	 23.00640000 	 407.80460000 	 44.69260000 	 0.01441000 	 0.00000000 	 82.88840000 	 81.22680000 	 10.40550000 	 1.77769000 	 0.07701000 	 9.80786000 	 5.55776000 	 18.03526469 	 477.29960000 	 140.03380000 	 52.90485000 	 1.87701000 	 16.23057000 	 1.98509000 	 3.16993000
2108 	 3.30588000 	 0.03150000 	 266.06020000 	 7.92930638 	 11.27640780 	 1.60300000 	 0.00600000 	 0.00000000 	 0.00000000 	 0.00000000 	 155.92500000 	 0.00000000 	 0.00000000 	 0.01800000 	 1.35800000 	 0.00000000 	 0.01600000 	 0.00400000 	 0.01000000 	 0.00000000 	 23.00640000 	 407.62310000 	 44.46720000 	 0.01444000 	 0.00000000 	 82.88840000 	 81.22680000 	 10.40550000 	 1.73706000 	 0.07534000 	 9.58094000 	 5.43254000 	 18.03526469 	 477.29960000 	 140.03380000 	 52.90485000 	 1.87701000 	 16.23057000 	 1.98509000 	 3.16993000
2109 	 3.19374000 	 0.02965000 	 266.06040000 	 7.90709907 	 11.27640780 	 1.55000000 	 0.00600000 	 0.00000000 	 0.00000000 	 0.00000000 	 155.92500000 	 0.00000000 	 0.00000000 	 0.01600000 	 1.29000000 	 0.00000000 	 0.01400000 	 0.00400000 	 0.00900000 	 0.00000000 	 23.00640000 	 407.44160000 	 44.24180000 	 0.01447000 	 0.00000000 	 82.88840000 	 81.22680000 	 10.40550000 	 1.69643000 	 0.07367000 	 9.35402000 	 5.30732000 	 18.03526469 	 477.29960000 	 140.03380000 	 52.90485000 	 1.87701000 	 16.23057000 	 1.98509000 	 3.16993000
2110 	 3.08160000 	 0.02780000 	 266.06060000 	 7.88489177 	 11.27640780 	 1.49900000 	 0.00500000 	 0.00000000 	 0.00000000 	 0.00000000 	 155.92500000 	 0.00000000 	 0.00000000 	 0.01400000 	 1.22600000 	 0.00000000 	 0.01300000 	 0.00400000 	 0.00900000 	 0.00000000 	 23.00640000 	 407.26010000 	 44.01640000 	 0.01450000 	 0.00000000 	 82.88840000 	 81.22680000 	 10.40550000 	 1.65580000 	 0.07200000 	 9.12710000 	 5.18210000 	 18.03526469 	 477.29960000 	 140.03380000 	 52.90485000 	 1.87701000 	 16.23057000 	 1.98509000 	 3.16993000
2111 	 3.00189000 	 0.02594000 	 266.06075000 	 7.86266448 	 11.27640780 	 1.45000000 	 0.00500000 	 0.00000000 	 0.00000000 	 0.00000000 	 155.92500000 	 0.00000000 	 0.00000000 	 0.01200000 	 1.16400000 	 0.00000000 	 0.01200000 	 0.00300000 	 0.00900000 	 0.00000000 	 23.00640000 	 407.07859000 	 43.79098000 	 0.01452000 	 0.00000000 	 82.88840000 	 81.22680000 	 10.40550000 	 1.61514000 	 0.07032000 	 8.90017000 	 5.05688000 	 18.03526469 	 477.29960000 	 140.03380000 	 52.90485000 	 1.87701000 	 16.23057000 	 1.98509000 	 3.16993000
2112 	 2.92218000 	 0.02408000 	 266.06090000 	 7.84043719 	 11.27640780 	 1.40200000 	 0.00400000 	 0.00000000 	 0.00000000 	 0.00000000 	 155.92500000 	 0.00000000 	 0.00000000 	 0.01000000 	 1.10600000 	 0.00000000 	 0.01100000 	 0.00300000 	 0.00800000 	 0.00000000 	 23.00640000 	 406.89708000 	 43.56556000 	 0.01454000 	 0.00000000 	 82.88840000 	 81.22680000 	 10.40550000 	 1.57448000 	 0.06864000 	 8.67324000 	 4.93166000 	 18.03526469 	 477.29960000 	 140.03380000 	 52.90485000 	 1.87701000 	 16.23057000 	 1.98509000 	 3.16993000
2113 	 2.84247000 	 0.02222000 	 266.06105000 	 7.81820990 	 11.27640780 	 1.35600000 	 0.00400000 	 0.00000000 	 0.00000000 	 0.00000000 	 155.92500000 	 0.00000000 	 0.00000000 	 0.00900000 	 1.05100000 	 0.00000000 	 0.01000000 	 0.00300000 	 0.00800000 	 0.00000000 	 23.00640000 	 406.71557000 	 43.34014000 	 0.01456000 	 0.00000000 	 82.88840000 	 81.22680000 	 10.40550000 	 1.53382000 	 0.06696000 	 8.44631000 	 4.80644000 	 18.03526469 	 477.29960000 	 140.03380000 	 52.90485000 	 1.87701000 	 16.23057000 	 1.98509000 	 3.16993000
2114 	 2.76276000 	 0.02036000 	 266.06120000 	 7.79598261 	 11.27640780 	 1.31100000 	 0.00400000 	 0.00000000 	 0.00000000 	 0.00000000 	 155.92500000 	 0.00000000 	 0.00000000 	 0.00800000 	 0.99800000 	 0.00000000 	 0.01000000 	 0.00300000 	 0.00700000 	 0.00000000 	 23.00640000 	 406.53406000 	 43.11472000 	 0.01458000 	 0.00000000 	 82.88840000 	 81.22680000 	 10.40550000 	 1.49316000 	 0.06528000 	 8.21938000 	 4.68122000 	 18.03526469 	 477.29960000 	 140.03380000 	 52.90485000 	 1.87701000 	 16.23057000 	 1.98509000 	 3.16993000
2115 	 2.68305000 	 0.01850000 	 266.06135000 	 7.77375531 	 11.27640780 	 1.26800000 	 0.00300000 	 0.00000000 	 0.00000000 	 0.00000000 	 155.92500000 	 0.00000000 	 0.00000000 	 0.00700000 	 0.94800000 	 0.00000000 	 0.00900000 	 0.00300000 	 0.00700000 	 0.00000000 	 23.00640000 	 406.35255000 	 42.88930000 	 0.01460000 	 0.00000000 	 82.88840000 	 81.22680000 	 10.40550000 	 1.45250000 	 0.06360000 	 7.99245000 	 4.55600000 	 18.03526469 	 477.29960000 	 140.03380000 	 52.90485000 	 1.87701000 	 16.23057000 	 1.98509000 	 3.16993000
2116 	 2.60334000 	 0.01664000 	 266.06150000 	 7.75152802 	 11.27640780 	 1.22600000 	 0.00300000 	 0.00000000 	 0.00000000 	 0.00000000 	 155.92500000 	 0.00000000 	 0.00000000 	 0.00600000 	 0.90100000 	 0.00000000 	 0.00800000 	 0.00200000 	 0.00700000 	 0.00000000 	 23.00640000 	 406.17104000 	 42.66388000 	 0.01462000 	 0.00000000 	 82.88840000 	 81.22680000 	 10.40550000 	 1.41184000 	 0.06192000 	 7.76552000 	 4.43078000 	 18.03526469 	 477.29960000 	 140.03380000 	 52.90485000 	 1.87701000 	 16.23057000 	 1.98509000 	 3.16993000
2117 	 2.52363000 	 0.01478000 	 266.06165000 	 7.72930073 	 11.27640780 	 1.18500000 	 0.00300000 	 0.00000000 	 0.00000000 	 0.00000000 	 155.92500000 	 0.00000000 	 0.00000000 	 0.00500000 	 0.85600000 	 0.00000000 	 0.00700000 	 0.00200000 	 0.00600000 	 0.00000000 	 23.00640000 	 405.98953000 	 42.43846000 	 0.01464000 	 0.00000000 	 82.88840000 	 81.22680000 	 10.40550000 	 1.37118000 	 0.06024000 	 7.53859000 	 4.30556000 	 18.03526469 	 477.29960000 	 140.03380000 	 52.90485000 	 1.87701000 	 16.23057000 	 1.98509000 	 3.16993000
2118 	 2.44392000 	 0.01292000 	 266.06180000 	 7.70707344 	 11.27640780 	 1.14600000 	 0.00300000 	 0.00000000 	 0.00000000 	 0.00000000 	 155.92500000 	 0.00000000 	 0.00000000 	 0.00500000 	 0.81300000 	 0.00000000 	 0.00700000 	 0.00200000 	 0.00600000 	 0.00000000 	 23.00640000 	 405.80802000 	 42.21304000 	 0.01466000 	 0.00000000 	 82.88840000 	 81.22680000 	 10.40550000 	 1.33052000 	 0.05856000 	 7.31166000 	 4.18034000 	 18.03526469 	 477.29960000 	 140.03380000 	 52.90485000 	 1.87701000 	 16.23057000 	 1.98509000 	 3.16993000
2119 	 2.36421000 	 0.01106000 	 266.06195000 	 7.68484615 	 11.27640780 	 1.10800000 	 0.00200000 	 0.00000000 	 0.00000000 	 0.00000000 	 155.92500000 	 0.00000000 	 0.00000000 	 0.00400000 	 0.77200000 	 0.00000000 	 0.00600000 	 0.00200000 	 0.00600000 	 0.00000000 	 23.00640000 	 405.62651000 	 41.98762000 	 0.01468000 	 0.00000000 	 82.88840000 	 81.22680000 	 10.40550000 	 1.28986000 	 0.05688000 	 7.08473000 	 4.05512000 	 18.03526469 	 477.29960000 	 140.03380000 	 52.90485000 	 1.87701000 	 16.23057000 	 1.98509000 	 3.16993000
2120 	 2.28450000 	 0.00920000 	 266.06210000 	 7.66261886 	 11.27640780 	 1.07200000 	 0.00200000 	 0.00000000 	 0.00000000 	 0.00000000 	 155.92500000 	 0.00000000 	 0.00000000 	 0.00300000 	 0.73400000 	 0.00000000 	 0.00600000 	 0.00200000 	 0.00500000 	 0.00000000 	 23.00640000 	 405.44500000 	 41.76220000 	 0.01470000 	 0.00000000 	 82.88840000 	 81.22680000 	 10.40550000 	 1.24920000 	 0.05520000 	 6.85780000 	 3.92990000 	 18.03526469 	 477.29960000 	 140.03380000 	 52.90485000 	 1.87701000 	 16.23057000 	 1.98509000 	 3.16993000
2121 	 2.25245000 	 0.00828000 	 266.06224000 	 7.64039157 	 11.27640780 	 1.03600000 	 0.00200000 	 0.00000000 	 0.00000000 	 0.00000000 	 155.92500000 	 0.00000000 	 0.00000000 	 0.00300000 	 0.69700000 	 0.00000000 	 0.00500000 	 0.00200000 	 0.00500000 	 0.00000000 	 23.00640000 	 405.26350000 	 41.53679000 	 0.01474000 	 0.00000000 	 82.88840000 	 81.22680000 	 10.40550000 	 1.20857000 	 0.05353000 	 6.63088000 	 3.80466000 	 18.03526469 	 477.29960000 	 140.03380000 	 52.90485000 	 1.87701000 	 16.23057000 	 1.98509000 	 3.16993000
2122 	 2.22040000 	 0.00736000 	 266.06238000 	 7.61816427 	 11.27640780 	 1.00200000 	 0.00200000 	 0.00000000 	 0.00000000 	 0.00000000 	 155.92500000 	 0.00000000 	 0.00000000 	 0.00300000 	 0.66200000 	 0.00000000 	 0.00500000 	 0.00200000 	 0.00500000 	 0.00000000 	 23.00640000 	 405.08200000 	 41.31138000 	 0.01478000 	 0.00000000 	 82.88840000 	 81.22680000 	 10.40550000 	 1.16794000 	 0.05186000 	 6.40396000 	 3.67942000 	 18.03526469 	 477.29960000 	 140.03380000 	 52.90485000 	 1.87701000 	 16.23057000 	 1.98509000 	 3.16993000
2123 	 2.18835000 	 0.00644000 	 266.06252000 	 7.59593698 	 11.27640780 	 0.96900000 	 0.00200000 	 0.00000000 	 0.00000000 	 0.00000000 	 155.92500000 	 0.00000000 	 0.00000000 	 0.00200000 	 0.62900000 	 0.00000000 	 0.00500000 	 0.00100000 	 0.00500000 	 0.00000000 	 23.00640000 	 404.90050000 	 41.08597000 	 0.01482000 	 0.00000000 	 82.88840000 	 81.22680000 	 10.40550000 	 1.12731000 	 0.05019000 	 6.17704000 	 3.55418000 	 18.03526469 	 477.29960000 	 140.03380000 	 52.90485000 	 1.87701000 	 16.23057000 	 1.98509000 	 3.16993000
2124 	 2.15630000 	 0.00552000 	 266.06266000 	 7.57370969 	 11.27640780 	 0.93700000 	 0.00100000 	 0.00000000 	 0.00000000 	 0.00000000 	 155.92500000 	 0.00000000 	 0.00000000 	 0.00200000 	 0.59800000 	 0.00000000 	 0.00400000 	 0.00100000 	 0.00400000 	 0.00000000 	 23.00640000 	 404.71900000 	 40.86056000 	 0.01486000 	 0.00000000 	 82.88840000 	 81.22680000 	 10.40550000 	 1.08668000 	 0.04852000 	 5.95012000 	 3.42894000 	 18.03526469 	 477.29960000 	 140.03380000 	 52.90485000 	 1.87701000 	 16.23057000 	 1.98509000 	 3.16993000
2125 	 2.12425000 	 0.00460000 	 266.06280000 	 7.55148240 	 11.27640780 	 0.90600000 	 0.00100000 	 0.00000000 	 0.00000000 	 0.00000000 	 155.92500000 	 0.00000000 	 0.00000000 	 0.00200000 	 0.56800000 	 0.00000000 	 0.00400000 	 0.00100000 	 0.00400000 	 0.00000000 	 23.00640000 	 404.53750000 	 40.63515000 	 0.01490000 	 0.00000000 	 82.88840000 	 81.22680000 	 10.40550000 	 1.04605000 	 0.04685000 	 5.72320000 	 3.30370000 	 18.03526469 	 477.29960000 	 140.03380000 	 52.90485000 	 1.87701000 	 16.23057000 	 1.98509000 	 3.16993000
2126 	 2.09220000 	 0.00368000 	 266.06294000 	 7.52925511 	 11.27640780 	 0.87600000 	 0.00100000 	 0.00000000 	 0.00000000 	 0.00000000 	 155.92500000 	 0.00000000 	 0.00000000 	 0.00100000 	 0.53900000 	 0.00000000 	 0.00400000 	 0.00100000 	 0.00400000 	 0.00000000 	 23.00640000 	 404.35600000 	 40.40974000 	 0.01494000 	 0.00000000 	 82.88840000 	 81.22680000 	 10.40550000 	 1.00542000 	 0.04518000 	 5.49628000 	 3.17846000 	 18.03526469 	 477.29960000 	 140.03380000 	 52.90485000 	 1.87701000 	 16.23057000 	 1.98509000 	 3.16993000
2127 	 2.06015000 	 0.00276000 	 266.06308000 	 7.50702782 	 11.27640780 	 0.84700000 	 0.00100000 	 0.00000000 	 0.00000000 	 0.00000000 	 155.92500000 	 0.00000000 	 0.00000000 	 0.00100000 	 0.51200000 	 0.00000000 	 0.00300000 	 0.00100000 	 0.00400000 	 0.00000000 	 23.00640000 	 404.17450000 	 40.18433000 	 0.01498000 	 0.00000000 	 82.88840000 	 81.22680000 	 10.40550000 	 0.96479000 	 0.04351000 	 5.26936000 	 3.05322000 	 18.03526469 	 477.29960000 	 140.03380000 	 52.90485000 	 1.87701000 	 16.23057000 	 1.98509000 	 3.16993000
2128 	 2.02810000 	 0.00184000 	 266.06322000 	 7.48480053 	 11.27640780 	 0.81900000 	 0.00100000 	 0.00000000 	 0.00000000 	 0.00000000 	 155.92500000 	 0.00000000 	 0.00000000 	 0.00100000 	 0.48700000 	 0.00000000 	 0.00300000 	 0.00100000 	 0.00400000 	 0.00000000 	 23.00640000 	 403.99300000 	 39.95892000 	 0.01502000 	 0.00000000 	 82.88840000 	 81.22680000 	 10.40550000 	 0.92416000 	 0.04184000 	 5.04244000 	 2.92798000 	 18.03526469 	 477.29960000 	 140.03380000 	 52.90485000 	 1.87701000 	 16.23057000 	 1.98509000 	 3.16993000
2129 	 1.99605000 	 0.00092000 	 266.06336000 	 7.46257323 	 11.27640780 	 0.79200000 	 0.00100000 	 0.00000000 	 0.00000000 	 0.00000000 	 155.92500000 	 0.00000000 	 0.00000000 	 0.00100000 	 0.46200000 	 0.00000000 	 0.00300000 	 0.00100000 	 0.00300000 	 0.00000000 	 23.00640000 	 403.81150000 	 39.73351000 	 0.01506000 	 0.00000000 	 82.88840000 	 81.22680000 	 10.40550000 	 0.88353000 	 0.04017000 	 4.81552000 	 2.80274000 	 18.03526469 	 477.29960000 	 140.03380000 	 52.90485000 	 1.87701000 	 16.23057000 	 1.98509000 	 3.16993000
2130 	 1.96400000 	 0.00000000 	 266.06350000 	 7.44034594 	 11.27640780 	 0.76600000 	 0.00100000 	 0.00000000 	 0.00000000 	 0.00000000 	 155.92500000 	 0.00000000 	 0.00000000 	 0.00100000 	 0.43900000 	 0.00000000 	 0.00300000 	 0.00100000 	 0.00300000 	 0.00000000 	 23.00640000 	 403.63000000 	 39.50810000 	 0.01510000 	 0.00000000 	 82.88840000 	 81.22680000 	 10.40550000 	 0.84290000 	 0.03850000 	 4.58860000 	 2.67750000 	 18.03526469 	 477.29960000 	 140.03380000 	 52.90485000 	 1.87701000 	 16.23057000 	 1.98509000 	 3.16993000
2131 	 1.93853000 	 0.00000000 	 266.06362000 	 7.41812865 	 11.27640780 	 0.74100000 	 0.00100000 	 0.00000000 	 0.00000000 	 0.00000000 	 155.92500000 	 0.00000000 	 0.00000000 	 0.00100000 	 0.41700000 	 0.00000000 	 0.00200000 	 0.00100000 	 0.00300000 	 0.00000000 	 23.00640000 	 403.44850000 	 39.28269000 	 0.01512000 	 0.00000000 	 82.88840000 	 81.22680000 	 10.40550000 	 0.80226000 	 0.03683000 	 4.36166000 	 2.55229000 	 18.03526469 	 477.29960000 	 140.03380000 	 52.90485000 	 1.87701000 	 16.23057000 	 1.98509000 	 3.16993000
2132 	 1.91306000 	 0.00000000 	 266.06374000 	 7.39591135 	 11.27640780 	 0.71700000 	 0.00100000 	 0.00000000 	 0.00000000 	 0.00000000 	 155.92500000 	 0.00000000 	 0.00000000 	 0.00100000 	 0.39700000 	 0.00000000 	 0.00200000 	 0.00100000 	 0.00300000 	 0.00000000 	 23.00640000 	 403.26700000 	 39.05728000 	 0.01514000 	 0.00000000 	 82.88840000 	 81.22680000 	 10.40550000 	 0.76162000 	 0.03516000 	 4.13472000 	 2.42708000 	 18.03526469 	 477.29960000 	 140.03380000 	 52.90485000 	 1.87701000 	 16.23057000 	 1.98509000 	 3.16993000
2133 	 1.88759000 	 0.00000000 	 266.06386000 	 7.37369405 	 11.27640780 	 0.69300000 	 0.00100000 	 0.00000000 	 0.00000000 	 0.00000000 	 155.92500000 	 0.00000000 	 0.00000000 	 0.00100000 	 0.37700000 	 0.00000000 	 0.00200000 	 0.00100000 	 0.00300000 	 0.00000000 	 23.00640000 	 403.08550000 	 38.83187000 	 0.01516000 	 0.00000000 	 82.88840000 	 81.22680000 	 10.40550000 	 0.72098000 	 0.03349000 	 3.90778000 	 2.30187000 	 18.03526469 	 477.29960000 	 140.03380000 	 52.90485000 	 1.87701000 	 16.23057000 	 1.98509000 	 3.16993000
2134 	 1.86212000 	 0.00000000 	 266.06398000 	 7.35147675 	 11.27640780 	 0.67000000 	 0.00100000 	 0.00000000 	 0.00000000 	 0.00000000 	 155.92500000 	 0.00000000 	 0.00000000 	 0.00000000 	 0.35800000 	 0.00000000 	 0.00200000 	 0.00100000 	 0.00300000 	 0.00000000 	 23.00640000 	 402.90400000 	 38.60646000 	 0.01518000 	 0.00000000 	 82.88840000 	 81.22680000 	 10.40550000 	 0.68034000 	 0.03182000 	 3.68084000 	 2.17666000 	 18.03526469 	 477.29960000 	 140.03380000 	 52.90485000 	 1.87701000 	 16.23057000 	 1.98509000 	 3.16993000
2135 	 1.83665000 	 0.00000000 	 266.06410000 	 7.32925946 	 11.27640780 	 0.64800000 	 0.00100000 	 0.00000000 	 0.00000000 	 0.00000000 	 155.92500000 	 0.00000000 	 0.00000000 	 0.00000000 	 0.34000000 	 0.00000000 	 0.00200000 	 0.00100000 	 0.00200000 	 0.00000000 	 23.00640000 	 402.72250000 	 38.38105000 	 0.01520000 	 0.00000000 	 82.88840000 	 81.22680000 	 10.40550000 	 0.63970000 	 0.03015000 	 3.45390000 	 2.05145000 	 18.03526469 	 477.29960000 	 140.03380000 	 52.90485000 	 1.87701000 	 16.23057000 	 1.98509000 	 3.16993000
2136 	 1.81118000 	 0.00000000 	 266.06422000 	 7.30704216 	 11.27640780 	 0.62700000 	 0.00100000 	 0.00000000 	 0.00000000 	 0.00000000 	 155.92500000 	 0.00000000 	 0.00000000 	 0.00000000 	 0.32300000 	 0.00000000 	 0.00200000 	 0.00100000 	 0.00200000 	 0.00000000 	 23.00640000 	 402.54100000 	 38.15564000 	 0.01522000 	 0.00000000 	 82.88840000 	 81.22680000 	 10.40550000 	 0.59906000 	 0.02848000 	 3.22696000 	 1.92624000 	 18.03526469 	 477.29960000 	 140.03380000 	 52.90485000 	 1.87701000 	 16.23057000 	 1.98509000 	 3.16993000
2137 	 1.78571000 	 0.00000000 	 266.06434000 	 7.28482486 	 11.27640780 	 0.60600000 	 0.00000000 	 0.00000000 	 0.00000000 	 0.00000000 	 155.92500000 	 0.00000000 	 0.00000000 	 0.00000000 	 0.30700000 	 0.00000000 	 0.00100000 	 0.00100000 	 0.00200000 	 0.00000000 	 23.00640000 	 402.35950000 	 37.93023000 	 0.01524000 	 0.00000000 	 82.88840000 	 81.22680000 	 10.40550000 	 0.55842000 	 0.02681000 	 3.00002000 	 1.80103000 	 18.03526469 	 477.29960000 	 140.03380000 	 52.90485000 	 1.87701000 	 16.23057000 	 1.98509000 	 3.16993000
2138 	 1.76024000 	 0.00000000 	 266.06446000 	 7.26260757 	 11.27640780 	 0.58600000 	 0.00000000 	 0.00000000 	 0.00000000 	 0.00000000 	 155.92500000 	 0.00000000 	 0.00000000 	 0.00000000 	 0.29100000 	 0.00000000 	 0.00100000 	 0.00000000 	 0.00200000 	 0.00000000 	 23.00640000 	 402.17800000 	 37.70482000 	 0.01526000 	 0.00000000 	 82.88840000 	 81.22680000 	 10.40550000 	 0.51778000 	 0.02514000 	 2.77308000 	 1.67582000 	 18.03526469 	 477.29960000 	 140.03380000 	 52.90485000 	 1.87701000 	 16.23057000 	 1.98509000 	 3.16993000
2139 	 1.73477000 	 0.00000000 	 266.06458000 	 7.24039027 	 11.27640780 	 0.56700000 	 0.00000000 	 0.00000000 	 0.00000000 	 0.00000000 	 155.92500000 	 0.00000000 	 0.00000000 	 0.00000000 	 0.27700000 	 0.00000000 	 0.00100000 	 0.00000000 	 0.00200000 	 0.00000000 	 23.00640000 	 401.99650000 	 37.47941000 	 0.01528000 	 0.00000000 	 82.88840000 	 81.22680000 	 10.40550000 	 0.47714000 	 0.02347000 	 2.54614000 	 1.55061000 	 18.03526469 	 477.29960000 	 140.03380000 	 52.90485000 	 1.87701000 	 16.23057000 	 1.98509000 	 3.16993000
2140 	 1.70930000 	 0.00000000 	 266.06470000 	 7.21817297 	 11.27640780 	 0.54800000 	 0.00000000 	 0.00000000 	 0.00000000 	 0.00000000 	 155.92500000 	 0.00000000 	 0.00000000 	 0.00000000 	 0.26300000 	 0.00000000 	 0.00100000 	 0.00000000 	 0.00200000 	 0.00000000 	 23.00640000 	 401.81500000 	 37.25400000 	 0.01530000 	 0.00000000 	 82.88840000 	 81.22680000 	 10.40550000 	 0.43650000 	 0.02180000 	 2.31920000 	 1.42540000 	 18.03526469 	 477.29960000 	 140.03380000 	 52.90485000 	 1.87701000 	 16.23057000 	 1.98509000 	 3.16993000
2141 	 1.68313750 	 0.00000000 	 266.06481000 	 7.19596067 	 11.27640780 	 0.53000000 	 0.00000000 	 0.00000000 	 0.00000000 	 0.00000000 	 155.92500000 	 0.00000000 	 0.00000000 	 0.00000000 	 0.25000000 	 0.00000000 	 0.00100000 	 0.00000000 	 0.00200000 	 0.00000000 	 23.00640000 	 401.63350000 	 37.02860000 	 0.01535000 	 0.00000000 	 82.88840000 	 81.22680000 	 10.40550000 	 0.39585000 	 0.02012500 	 2.09227500 	 1.30018750 	 18.03526469 	 477.29960000 	 140.03380000 	 52.90485000 	 1.87701000 	 16.23057000 	 1.98509000 	 3.16993000
2142 	 1.65697500 	 0.00000000 	 266.06493000 	 7.17374837 	 11.27640780 	 0.51200000 	 0.00000000 	 0.00000000 	 0.00000000 	 0.00000000 	 155.92500000 	 0.00000000 	 0.00000000 	 0.00000000 	 0.23700000 	 0.00000000 	 0.00100000 	 0.00000000 	 0.00200000 	 0.00000000 	 23.00640000 	 401.45200000 	 36.80320000 	 0.01540000 	 0.00000000 	 82.88840000 	 81.22680000 	 10.40550000 	 0.35520000 	 0.01845000 	 1.86535000 	 1.17497500 	 18.03526469 	 477.29960000 	 140.03380000 	 52.90485000 	 1.87701000 	 16.23057000 	 1.98509000 	 3.16993000
2143 	 1.63081250 	 0.00000000 	 266.06504000 	 7.15153607 	 11.27640780 	 0.49500000 	 0.00000000 	 0.00000000 	 0.00000000 	 0.00000000 	 155.92500000 	 0.00000000 	 0.00000000 	 0.00000000 	 0.22600000 	 0.00000000 	 0.00100000 	 0.00000000 	 0.00200000 	 0.00000000 	 23.00640000 	 401.27050000 	 36.57780000 	 0.01545000 	 0.00000000 	 82.88840000 	 81.22680000 	 10.40550000 	 0.31455000 	 0.01677500 	 1.63842500 	 1.04976250 	 18.03526469 	 477.29960000 	 140.03380000 	 52.90485000 	 1.87701000 	 16.23057000 	 1.98509000 	 3.16993000
2144 	 1.60465000 	 0.00000000 	 266.06515000 	 7.12932377 	 11.27640780 	 0.47900000 	 0.00000000 	 0.00000000 	 0.00000000 	 0.00000000 	 155.92500000 	 0.00000000 	 0.00000000 	 0.00000000 	 0.21400000 	 0.00000000 	 0.00100000 	 0.00000000 	 0.00200000 	 0.00000000 	 23.00640000 	 401.08900000 	 36.35240000 	 0.01550000 	 0.00000000 	 82.88840000 	 81.22680000 	 10.40550000 	 0.27390000 	 0.01510000 	 1.41150000 	 0.92455000 	 18.03526469 	 477.29960000 	 140.03380000 	 52.90485000 	 1.87701000 	 16.23057000 	 1.98509000 	 3.16993000
2145 	 1.57848750 	 0.00000000 	 266.06526000 	 7.10711147 	 11.27640780 	 0.46300000 	 0.00000000 	 0.00000000 	 0.00000000 	 0.00000000 	 155.92500000 	 0.00000000 	 0.00000000 	 0.00000000 	 0.20400000 	 0.00000000 	 0.00100000 	 0.00000000 	 0.00100000 	 0.00000000 	 23.00640000 	 400.90750000 	 36.12700000 	 0.01555000 	 0.00000000 	 82.88840000 	 81.22680000 	 10.40550000 	 0.23325000 	 0.01342500 	 1.18457500 	 0.79933750 	 18.03526469 	 477.29960000 	 140.03380000 	 52.90485000 	 1.87701000 	 16.23057000 	 1.98509000 	 3.16993000
2146 	 1.55232500 	 0.00000000 	 266.06538000 	 7.08489917 	 11.27640780 	 0.44800000 	 0.00000000 	 0.00000000 	 0.00000000 	 0.00000000 	 155.92500000 	 0.00000000 	 0.00000000 	 0.00000000 	 0.19300000 	 0.00000000 	 0.00100000 	 0.00000000 	 0.00100000 	 0.00000000 	 23.00640000 	 400.72600000 	 35.90160000 	 0.01560000 	 0.00000000 	 82.88840000 	 81.22680000 	 10.40550000 	 0.19260000 	 0.01175000 	 0.95765000 	 0.67412500 	 18.03526469 	 477.29960000 	 140.03380000 	 52.90485000 	 1.87701000 	 16.23057000 	 1.98509000 	 3.16993000
2147 	 1.52616250 	 0.00000000 	 266.06549000 	 7.06268687 	 11.27640780 	 0.43300000 	 0.00000000 	 0.00000000 	 0.00000000 	 0.00000000 	 155.92500000 	 0.00000000 	 0.00000000 	 0.00000000 	 0.18400000 	 0.00000000 	 0.00100000 	 0.00000000 	 0.00100000 	 0.00000000 	 23.00640000 	 400.54450000 	 35.67620000 	 0.01565000 	 0.00000000 	 82.88840000 	 81.22680000 	 10.40550000 	 0.15195000 	 0.01007500 	 0.73072500 	 0.54891250 	 18.03526469 	 477.29960000 	 140.03380000 	 52.90485000 	 1.87701000 	 16.23057000 	 1.98509000 	 3.16993000
2148 	 1.50000000 	 0.00000000 	 266.06560000 	 7.04047457 	 11.27640780 	 0.41900000 	 0.00000000 	 0.00000000 	 0.00000000 	 0.00000000 	 155.92500000 	 0.00000000 	 0.00000000 	 0.00000000 	 0.17500000 	 0.00000000 	 0.00100000 	 0.00000000 	 0.00100000 	 0.00000000 	 23.00640000 	 400.36300000 	 35.45080000 	 0.01570000 	 0.00000000 	 82.88840000 	 81.22680000 	 10.40550000 	 0.11130000 	 0.00840000 	 0.50380000 	 0.42370000 	 18.03526469 	 477.29960000 	 140.03380000 	 52.90485000 	 1.87701000 	 16.23057000 	 1.98509000 	 3.16993000
2149 	 1.53540000 	 0.00000000 	 266.08340000 	 7.00249629 	 11.27640780 	 5.88800000 	 26.47200000 	 4.83800000 	 1.20000000 	 0.17000000 	 155.92200000 	 0.15400000 	 0.00000000 	 0.05800000 	 0.30600000 	 0.00000000 	 0.04000000 	 0.00400000 	 0.17500000 	 0.00000000 	 23.29870000 	 401.21350000 	 35.29260000 	 0.06000000 	 0.82860000 	 82.88250000 	 81.21010000 	 10.42530000 	 0.03190000 	 0.00580000 	 0.05110000 	 0.22460000 	 18.03526469 	 477.29960000 	 140.03380000 	 52.90485000 	 1.87701000 	 16.23057000 	 1.98509000 	 3.16993000
2150 	 1.54680000 	 0.00000000 	 266.09180000 	 7.00339577 	 11.27640780 	 5.88800000 	 26.47300000 	 4.83800000 	 1.20000000 	 0.17000000 	 155.94900000 	 0.15400000 	 0.00000000 	 0.05800000 	 0.30600000 	 0.00000000 	 0.04100000 	 0.00400000 	 0.17500000 	 0.00000000 	 23.29910000 	 401.22060000 	 35.29330000 	 0.06000000 	 0.82860000 	 82.88420000 	 81.21150000 	 10.42550000 	 0.03190000 	 0.00580000 	 0.05110000 	 0.22460000 	 18.03526469 	 477.29960000 	 140.03380000 	 52.90485000 	 1.87701000 	 16.23057000 	 1.98509000 	 3.16993000
2151 	 1.55310000 	 0.00000000 	 266.10100000 	 7.00399543 	 11.27640780 	 5.88900000 	 26.47600000 	 4.83900000 	 1.20000000 	 0.17000000 	 155.95700000 	 0.15400000 	 0.00000000 	 0.05800000 	 0.30600000 	 0.00000000 	 0.04100000 	 0.00400000 	 0.17500000 	 0.00000000 	 23.29940000 	 401.22820000 	 35.29390000 	 0.06000000 	 0.82860000 	 82.88580000 	 81.21310000 	 10.42560000 	 0.03190000 	 0.00580000 	 0.05110000 	 0.22460000 	 18.03526469 	 477.29960000 	 140.03380000 	 52.90485000 	 1.87701000 	 16.23057000 	 1.98509000 	 3.16993000
2152 	 1.55470000 	 0.00000000 	 266.10950000 	 7.00449514 	 11.27640780 	 5.88900000 	 26.47800000 	 4.83900000 	 1.20000000 	 0.17000000 	 155.96400000 	 0.15400000 	 0.00000000 	 0.05800000 	 0.30600000 	 0.00000000 	 0.04100000 	 0.00400000 	 0.17500000 	 0.00000000 	 23.29980000 	 401.23550000 	 35.29450000 	 0.06000000 	 0.82860000 	 82.88720000 	 81.21450000 	 10.42580000 	 0.03190000 	 0.00580000 	 0.05110000 	 0.22460000 	 18.03526469 	 477.29960000 	 140.03380000 	 52.90485000 	 1.87701000 	 16.23057000 	 1.98509000 	 3.16993000
2153 	 1.55270000 	 0.00000000 	 266.12000000 	 7.00449514 	 11.27640780 	 5.89000000 	 26.48100000 	 4.84000000 	 1.20000000 	 0.17000000 	 155.97300000 	 0.15400000 	 0.00000000 	 0.05800000 	 0.30600000 	 0.00000000 	 0.04100000 	 0.00400000 	 0.17500000 	 0.00000000 	 23.30040000 	 401.24440000 	 35.29530000 	 0.06000000 	 0.82860000 	 82.88900000 	 81.21640000 	 10.42600000 	 0.03190000 	 0.00580000 	 0.05110000 	 0.22460000 	 18.03526469 	 477.29960000 	 140.03380000 	 52.90485000 	 1.87701000 	 16.23057000 	 1.98509000 	 3.16993000
2154 	 1.54820000 	 0.00000000 	 266.13270000 	 7.00449514 	 11.27640780 	 5.89100000 	 26.48400000 	 4.84000000 	 1.20000000 	 0.17000000 	 155.98300000 	 0.15400000 	 0.00000000 	 0.05800000 	 0.30600000 	 0.00000000 	 0.04100000 	 0.00400000 	 0.17500000 	 0.00000000 	 23.30110000 	 401.25510000 	 35.29630000 	 0.06000000 	 0.82870000 	 82.89120000 	 81.21860000 	 10.42630000 	 0.03190000 	 0.00580000 	 0.05110000 	 0.22460000 	 18.03526469 	 477.29960000 	 140.03380000 	 52.90485000 	 1.87701000 	 16.23057000 	 1.98509000 	 3.16993000
2155 	 1.54190000 	 0.00000000 	 266.14690000 	 7.00449514 	 11.27640780 	 5.89100000 	 26.48800000 	 4.84100000 	 1.20000000 	 0.17000000 	 155.99400000 	 0.15400000 	 0.00000000 	 0.05800000 	 0.30600000 	 0.00000000 	 0.04100000 	 0.00400000 	 0.17500000 	 0.00000000 	 23.30170000 	 401.26700000 	 35.29740000 	 0.06000000 	 0.82870000 	 82.89370000 	 81.22100000 	 10.42670000 	 0.03190000 	 0.00580000 	 0.05110000 	 0.22460000 	 18.03526469 	 477.29960000 	 140.03380000 	 52.90485000 	 1.87701000 	 16.23057000 	 1.98509000 	 3.16993000
2156 	 1.53240000 	 0.00000000 	 266.16414000 	 7.00449514 	 11.27640780 	 5.89200000 	 26.49100000 	 4.84200000 	 1.20100000 	 0.17000000 	 156.00500000 	 0.15400000 	 0.00000000 	 0.05800000 	 0.30600000 	 0.00000000 	 0.04100000 	 0.00400000 	 0.17500000 	 0.00000000 	 23.30256000 	 401.28146000 	 35.29864000 	 0.06000000 	 0.82874000 	 82.89670000 	 81.22392000 	 10.42708000 	 0.03190000 	 0.00580000 	 0.05110000 	 0.22460000 	 18.03526469 	 477.29960000 	 140.03380000 	 52.90485000 	 1.87701000 	 16.23057000 	 1.98509000 	 3.16993000
2157 	 1.52290000 	 0.00000000 	 266.18138000 	 7.00449514 	 11.27640780 	 5.89300000 	 26.49500000 	 4.84200000 	 1.20100000 	 0.17000000 	 156.01800000 	 0.15400000 	 0.00000000 	 0.05800000 	 0.30600000 	 0.00000000 	 0.04100000 	 0.00400000 	 0.17500000 	 0.00000000 	 23.30342000 	 401.29592000 	 35.29988000 	 0.06000000 	 0.82878000 	 82.89970000 	 81.22684000 	 10.42746000 	 0.03190000 	 0.00580000 	 0.05110000 	 0.22460000 	 18.03526469 	 477.29960000 	 140.03380000 	 52.90485000 	 1.87701000 	 16.23057000 	 1.98509000 	 3.16993000
2158 	 1.51340000 	 0.00000000 	 266.19862000 	 7.00449514 	 11.27640780 	 5.89400000 	 26.49900000 	 4.84300000 	 1.20100000 	 0.17000000 	 156.03000000 	 0.15400000 	 0.00000000 	 0.05800000 	 0.30600000 	 0.00000000 	 0.04100000 	 0.00400000 	 0.17500000 	 0.00000000 	 23.30428000 	 401.31038000 	 35.30112000 	 0.06000000 	 0.82882000 	 82.90270000 	 81.22976000 	 10.42784000 	 0.03190000 	 0.00580000 	 0.05110000 	 0.22460000 	 18.03526469 	 477.29960000 	 140.03380000 	 52.90485000 	 1.87701000 	 16.23057000 	 1.98509000 	 3.16993000
2159 	 1.50390000 	 0.00000000 	 266.21586000 	 7.00449514 	 11.27640780 	 5.89500000 	 26.50400000 	 4.84400000 	 1.20100000 	 0.17000000 	 156.04400000 	 0.15400000 	 0.00000000 	 0.05800000 	 0.30600000 	 0.00000000 	 0.04100000 	 0.00400000 	 0.17500000 	 0.00000000 	 23.30514000 	 401.32484000 	 35.30236000 	 0.06000000 	 0.82886000 	 82.90570000 	 81.23268000 	 10.42822000 	 0.03190000 	 0.00580000 	 0.05110000 	 0.22460000 	 18.03526469 	 477.29960000 	 140.03380000 	 52.90485000 	 1.87701000 	 16.23057000 	 1.98509000 	 3.16993000
2160 	 1.49440000 	 0.00000000 	 266.23310000 	 7.00449514 	 11.27640780 	 5.89600000 	 26.50800000 	 4.84500000 	 1.20100000 	 0.17000000 	 156.05700000 	 0.15400000 	 0.00000000 	 0.05800000 	 0.30600000 	 0.00000000 	 0.04100000 	 0.00400000 	 0.17500000 	 0.00000000 	 23.30600000 	 401.33930000 	 35.30360000 	 0.06000000 	 0.82890000 	 82.90870000 	 81.23560000 	 10.42860000 	 0.03190000 	 0.00580000 	 0.05110000 	 0.22460000 	 18.03526469 	 477.29960000 	 140.03380000 	 52.90485000 	 1.87701000 	 16.23057000 	 1.98509000 	 3.16993000
2161 	 1.48311000 	 0.00000000 	 266.25295000 	 7.00449514 	 11.27640780 	 5.89700000 	 26.51200000 	 4.84500000 	 1.20100000 	 0.17000000 	 156.07100000 	 0.15400000 	 0.00000000 	 0.05800000 	 0.30600000 	 0.00000000 	 0.04100000 	 0.00400000 	 0.17500000 	 0.00000000 	 23.30697000 	 401.35595000 	 35.30507000 	 0.06000000 	 0.82892000 	 82.91213000 	 81.23897000 	 10.42903000 	 0.03190000 	 0.00580000 	 0.05111000 	 0.22460000 	 18.03526469 	 477.29960000 	 140.03380000 	 52.90485000 	 1.87701000 	 16.23057000 	 1.98509000 	 3.16993000
2162 	 1.47182000 	 0.00000000 	 266.27280000 	 7.00449514 	 11.27640780 	 5.89800000 	 26.51700000 	 4.84600000 	 1.20200000 	 0.17000000 	 156.08400000 	 0.15400000 	 0.00000000 	 0.05800000 	 0.30600000 	 0.00000000 	 0.04100000 	 0.00400000 	 0.17500000 	 0.00000000 	 23.30794000 	 401.37260000 	 35.30654000 	 0.06000000 	 0.82894000 	 82.91556000 	 81.24234000 	 10.42946000 	 0.03190000 	 0.00580000 	 0.05112000 	 0.22460000 	 18.03526469 	 477.29960000 	 140.03380000 	 52.90485000 	 1.87701000 	 16.23057000 	 1.98509000 	 3.16993000
2163 	 1.46053000 	 0.00000000 	 266.29265000 	 7.00449514 	 11.27640780 	 5.89900000 	 26.52100000 	 4.84700000 	 1.20200000 	 0.17000000 	 156.09800000 	 0.15400000 	 0.00000000 	 0.05800000 	 0.30600000 	 0.00000000 	 0.04100000 	 0.00400000 	 0.17500000 	 0.00000000 	 23.30891000 	 401.38925000 	 35.30801000 	 0.06000000 	 0.82896000 	 82.91899000 	 81.24571000 	 10.42989000 	 0.03190000 	 0.00580000 	 0.05113000 	 0.22460000 	 18.03526469 	 477.29960000 	 140.03380000 	 52.90485000 	 1.87701000 	 16.23057000 	 1.98509000 	 3.16993000
2164 	 1.44924000 	 0.00000000 	 266.31250000 	 7.00449514 	 11.27640780 	 5.90000000 	 26.52500000 	 4.84800000 	 1.20200000 	 0.17000000 	 156.11200000 	 0.15400000 	 0.00000000 	 0.05800000 	 0.30600000 	 0.00000000 	 0.04100000 	 0.00400000 	 0.17500000 	 0.00000000 	 23.30988000 	 401.40590000 	 35.30948000 	 0.06000000 	 0.82898000 	 82.92242000 	 81.24908000 	 10.43032000 	 0.03190000 	 0.00580000 	 0.05114000 	 0.22460000 	 18.03526469 	 477.29960000 	 140.03380000 	 52.90485000 	 1.87701000 	 16.23057000 	 1.98509000 	 3.16993000
2165 	 1.43795000 	 0.00000000 	 266.33235000 	 7.00449514 	 11.27640780 	 5.90100000 	 26.53000000 	 4.84900000 	 1.20200000 	 0.17000000 	 156.12700000 	 0.15400000 	 0.00000000 	 0.05800000 	 0.30600000 	 0.00000000 	 0.04100000 	 0.00400000 	 0.17500000 	 0.00000000 	 23.31085000 	 401.42255000 	 35.31095000 	 0.06000000 	 0.82900000 	 82.92585000 	 81.25245000 	 10.43075000 	 0.03190000 	 0.00580000 	 0.05115000 	 0.22460000 	 18.03526469 	 477.29960000 	 140.03380000 	 52.90485000 	 1.87701000 	 16.23057000 	 1.98509000 	 3.16993000
2166 	 1.42666000 	 0.00000000 	 266.35220000 	 7.00449514 	 11.27640780 	 5.90200000 	 26.53400000 	 4.84900000 	 1.20200000 	 0.17000000 	 156.14100000 	 0.15400000 	 0.00000000 	 0.05800000 	 0.30600000 	 0.00000000 	 0.04100000 	 0.00400000 	 0.17500000 	 0.00000000 	 23.31182000 	 401.43920000 	 35.31242000 	 0.06000000 	 0.82902000 	 82.92928000 	 81.25582000 	 10.43118000 	 0.03190000 	 0.00580000 	 0.05116000 	 0.22460000 	 18.03526469 	 477.29960000 	 140.03380000 	 52.90485000 	 1.87701000 	 16.23057000 	 1.98509000 	 3.16993000
2167 	 1.41537000 	 0.00000000 	 266.37205000 	 7.00449514 	 11.27640780 	 5.90300000 	 26.53900000 	 4.85000000 	 1.20300000 	 0.17000000 	 156.15500000 	 0.15400000 	 0.00000000 	 0.05800000 	 0.30600000 	 0.00000000 	 0.04100000 	 0.00400000 	 0.17500000 	 0.00000000 	 23.31279000 	 401.45585000 	 35.31389000 	 0.06000000 	 0.82904000 	 82.93271000 	 81.25919000 	 10.43161000 	 0.03190000 	 0.00580000 	 0.05117000 	 0.22460000 	 18.03526469 	 477.29960000 	 140.03380000 	 52.90485000 	 1.87701000 	 16.23057000 	 1.98509000 	 3.16993000
2168 	 1.40408000 	 0.00000000 	 266.39190000 	 7.00449514 	 11.27640780 	 5.90400000 	 26.54400000 	 4.85100000 	 1.20300000 	 0.17000000 	 156.16900000 	 0.15400000 	 0.00000000 	 0.05800000 	 0.30600000 	 0.00000000 	 0.04100000 	 0.00400000 	 0.17500000 	 0.00000000 	 23.31376000 	 401.47250000 	 35.31536000 	 0.06000000 	 0.82906000 	 82.93614000 	 81.26256000 	 10.43204000 	 0.03190000 	 0.00580000 	 0.05118000 	 0.22460000 	 18.03526469 	 477.29960000 	 140.03380000 	 52.90485000 	 1.87701000 	 16.23057000 	 1.98509000 	 3.16993000
2169 	 1.39279000 	 0.00000000 	 266.41175000 	 7.00449514 	 11.27640780 	 5.90500000 	 26.54800000 	 4.85200000 	 1.20300000 	 0.17000000 	 156.18300000 	 0.15400000 	 0.00000000 	 0.05800000 	 0.30600000 	 0.00000000 	 0.04100000 	 0.00400000 	 0.17500000 	 0.00000000 	 23.31473000 	 401.48915000 	 35.31683000 	 0.06000000 	 0.82908000 	 82.93957000 	 81.26593000 	 10.43247000 	 0.03190000 	 0.00580000 	 0.05119000 	 0.22460000 	 18.03526469 	 477.29960000 	 140.03380000 	 52.90485000 	 1.87701000 	 16.23057000 	 1.98509000 	 3.16993000
2170 	 1.38150000 	 0.00000000 	 266.43160000 	 7.00449514 	 11.27640780 	 5.90600000 	 26.55300000 	 4.85300000 	 1.20300000 	 0.17000000 	 156.19800000 	 0.15400000 	 0.00000000 	 0.05800000 	 0.30600000 	 0.00000000 	 0.04100000 	 0.00400000 	 0.17500000 	 0.00000000 	 23.31570000 	 401.50580000 	 35.31830000 	 0.06000000 	 0.82910000 	 82.94300000 	 81.26930000 	 10.43290000 	 0.03190000 	 0.00580000 	 0.05120000 	 0.22460000 	 18.03526469 	 477.29960000 	 140.03380000 	 52.90485000 	 1.87701000 	 16.23057000 	 1.98509000 	 3.16993000
2171 	 1.37120000 	 0.00000000 	 266.45171000 	 7.00449514 	 11.27640780 	 5.90700000 	 26.55700000 	 4.85400000 	 1.20400000 	 0.17000000 	 156.21200000 	 0.15400000 	 0.00000000 	 0.05800000 	 0.30600000 	 0.00000000 	 0.04100000 	 0.00400000 	 0.17500000 	 0.00000000 	 23.31666000 	 401.52268000 	 35.31979000 	 0.06000000 	 0.82914000 	 82.94650000 	 81.27272000 	 10.43334000 	 0.03190000 	 0.00580000 	 0.05120000 	 0.22460000 	 18.03526469 	 477.29960000 	 140.03380000 	 52.90485000 	 1.87701000 	 16.23057000 	 1.98509000 	 3.16993000
2172 	 1.36090000 	 0.00000000 	 266.47182000 	 7.00449514 	 11.27640780 	 5.90800000 	 26.56200000 	 4.85400000 	 1.20400000 	 0.17000000 	 156.22600000 	 0.15400000 	 0.00000000 	 0.05800000 	 0.30600000 	 0.00000000 	 0.04100000 	 0.00400000 	 0.17500000 	 0.00000000 	 23.31762000 	 401.53956000 	 35.32128000 	 0.06000000 	 0.82918000 	 82.95000000 	 81.27614000 	 10.43378000 	 0.03190000 	 0.00580000 	 0.05120000 	 0.22460000 	 18.03526469 	 477.29960000 	 140.03380000 	 52.90485000 	 1.87701000 	 16.23057000 	 1.98509000 	 3.16993000
2173 	 1.35060000 	 0.00000000 	 266.49193000 	 7.00449514 	 11.27640780 	 5.90900000 	 26.56600000 	 4.85500000 	 1.20400000 	 0.17000000 	 156.24000000 	 0.15400000 	 0.00000000 	 0.05800000 	 0.30600000 	 0.00000000 	 0.04100000 	 0.00400000 	 0.17500000 	 0.00000000 	 23.31858000 	 401.55644000 	 35.32277000 	 0.06000000 	 0.82922000 	 82.95350000 	 81.27956000 	 10.43422000 	 0.03190000 	 0.00580000 	 0.05120000 	 0.22460000 	 18.03526469 	 477.29960000 	 140.03380000 	 52.90485000 	 1.87701000 	 16.23057000 	 1.98509000 	 3.16993000
2174 	 1.34030000 	 0.00000000 	 266.51204000 	 7.00449514 	 11.27640780 	 5.91000000 	 26.57100000 	 4.85600000 	 1.20400000 	 0.17100000 	 156.25400000 	 0.15400000 	 0.00000000 	 0.05800000 	 0.30600000 	 0.00000000 	 0.04100000 	 0.00400000 	 0.17500000 	 0.00000000 	 23.31954000 	 401.57332000 	 35.32426000 	 0.06000000 	 0.82926000 	 82.95700000 	 81.28298000 	 10.43466000 	 0.03190000 	 0.00580000 	 0.05120000 	 0.22460000 	 18.03526469 	 477.29960000 	 140.03380000 	 52.90485000 	 1.87701000 	 16.23057000 	 1.98509000 	 3.16993000
2175 	 1.33000000 	 0.00000000 	 266.53215000 	 7.00449514 	 11.27640780 	 5.91100000 	 26.57500000 	 4.85700000 	 1.20400000 	 0.17100000 	 156.26800000 	 0.15400000 	 0.00000000 	 0.05800000 	 0.30600000 	 0.00000000 	 0.04100000 	 0.00400000 	 0.17500000 	 0.00000000 	 23.32050000 	 401.59020000 	 35.32575000 	 0.06000000 	 0.82930000 	 82.96050000 	 81.28640000 	 10.43510000 	 0.03190000 	 0.00580000 	 0.05120000 	 0.22460000 	 18.03526469 	 477.29960000 	 140.03380000 	 52.90485000 	 1.87701000 	 16.23057000 	 1.98509000 	 3.16993000
2176 	 1.31970000 	 0.00000000 	 266.55226000 	 7.00449514 	 11.27640780 	 5.91200000 	 26.58000000 	 4.85800000 	 1.20500000 	 0.17100000 	 156.28200000 	 0.15400000 	 0.00000000 	 0.05800000 	 0.30600000 	 0.00000000 	 0.04100000 	 0.00400000 	 0.17600000 	 0.00000000 	 23.32146000 	 401.60708000 	 35.32724000 	 0.06000000 	 0.82934000 	 82.96400000 	 81.28982000 	 10.43554000 	 0.03190000 	 0.00580000 	 0.05120000 	 0.22460000 	 18.03526469 	 477.29960000 	 140.03380000 	 52.90485000 	 1.87701000 	 16.23057000 	 1.98509000 	 3.16993000
2177 	 1.30940000 	 0.00000000 	 266.57237000 	 7.00449514 	 11.27640780 	 5.91300000 	 26.58400000 	 4.85900000 	 1.20500000 	 0.17100000 	 156.29600000 	 0.15400000 	 0.00000000 	 0.05800000 	 0.30600000 	 0.00000000 	 0.04100000 	 0.00400000 	 0.17600000 	 0.00000000 	 23.32242000 	 401.62396000 	 35.32873000 	 0.06000000 	 0.82938000 	 82.96750000 	 81.29324000 	 10.43598000 	 0.03190000 	 0.00580000 	 0.05120000 	 0.22460000 	 18.03526469 	 477.29960000 	 140.03380000 	 52.90485000 	 1.87701000 	 16.23057000 	 1.98509000 	 3.16993000
2178 	 1.29910000 	 0.00000000 	 266.59248000 	 7.00449514 	 11.27640780 	 5.91400000 	 26.58800000 	 4.85900000 	 1.20500000 	 0.17100000 	 156.31000000 	 0.15400000 	 0.00000000 	 0.05800000 	 0.30600000 	 0.00000000 	 0.04100000 	 0.00400000 	 0.17600000 	 0.00000000 	 23.32338000 	 401.64084000 	 35.33022000 	 0.06000000 	 0.82942000 	 82.97100000 	 81.29666000 	 10.43642000 	 0.03190000 	 0.00580000 	 0.05120000 	 0.22460000 	 18.03526469 	 477.29960000 	 140.03380000 	 52.90485000 	 1.87701000 	 16.23057000 	 1.98509000 	 3.16993000
2179 	 1.28880000 	 0.00000000 	 266.61259000 	 7.00449514 	 11.27640780 	 5.91500000 	 26.59300000 	 4.86000000 	 1.20500000 	 0.17100000 	 156.32400000 	 0.15400000 	 0.00000000 	 0.05800000 	 0.30600000 	 0.00000000 	 0.04100000 	 0.00400000 	 0.17600000 	 0.00000000 	 23.32434000 	 401.65772000 	 35.33171000 	 0.06000000 	 0.82946000 	 82.97450000 	 81.30008000 	 10.43686000 	 0.03190000 	 0.00580000 	 0.05120000 	 0.22460000 	 18.03526469 	 477.29960000 	 140.03380000 	 52.90485000 	 1.87701000 	 16.23057000 	 1.98509000 	 3.16993000
2180 	 1.27850000 	 0.00000000 	 266.63270000 	 7.00449514 	 11.27640780 	 5.91600000 	 26.59700000 	 4.86100000 	 1.20500000 	 0.17100000 	 156.33800000 	 0.15400000 	 0.00000000 	 0.05800000 	 0.30600000 	 0.00000000 	 0.04100000 	 0.00400000 	 0.17600000 	 0.00000000 	 23.32530000 	 401.67460000 	 35.33320000 	 0.06000000 	 0.82950000 	 82.97800000 	 81.30350000 	 10.43730000 	 0.03190000 	 0.00580000 	 0.05120000 	 0.22460000 	 18.03526469 	 477.29960000 	 140.03380000 	 52.90485000 	 1.87701000 	 16.23057000 	 1.98509000 	 3.16993000
2181 	 1.26966000 	 0.00000000 	 266.65213000 	 7.00449514 	 11.27640780 	 5.91700000 	 26.60200000 	 4.86200000 	 1.20600000 	 0.17100000 	 156.35100000 	 0.15400000 	 0.00000000 	 0.05800000 	 0.30600000 	 0.00000000 	 0.04100000 	 0.00400000 	 0.17600000 	 0.00000000 	 23.32625000 	 401.69092000 	 35.33464000 	 0.06000000 	 0.82954000 	 82.98137000 	 81.30680000 	 10.43772000 	 0.03190000 	 0.00580000 	 0.05120000 	 0.22460000 	 18.03526469 	 477.29960000 	 140.03380000 	 52.90485000 	 1.87701000 	 16.23057000 	 1.98509000 	 3.16993000
2182 	 1.26082000 	 0.00000000 	 266.67156000 	 7.00449514 	 11.27640780 	 5.91800000 	 26.60600000 	 4.86300000 	 1.20600000 	 0.17100000 	 156.36500000 	 0.15400000 	 0.00000000 	 0.05800000 	 0.30600000 	 0.00000000 	 0.04100000 	 0.00400000 	 0.17600000 	 0.00000000 	 23.32720000 	 401.70724000 	 35.33608000 	 0.06000000 	 0.82958000 	 82.98474000 	 81.31010000 	 10.43814000 	 0.03190000 	 0.00580000 	 0.05120000 	 0.22460000 	 18.03526469 	 477.29960000 	 140.03380000 	 52.90485000 	 1.87701000 	 16.23057000 	 1.98509000 	 3.16993000
2183 	 1.25198000 	 0.00000000 	 266.69099000 	 7.00449514 	 11.27640780 	 5.91900000 	 26.61000000 	 4.86300000 	 1.20600000 	 0.17100000 	 156.37900000 	 0.15400000 	 0.00000000 	 0.05800000 	 0.30600000 	 0.00000000 	 0.04100000 	 0.00400000 	 0.17600000 	 0.00000000 	 23.32815000 	 401.72356000 	 35.33752000 	 0.06000000 	 0.82962000 	 82.98811000 	 81.31340000 	 10.43856000 	 0.03190000 	 0.00580000 	 0.05120000 	 0.22460000 	 18.03526469 	 477.29960000 	 140.03380000 	 52.90485000 	 1.87701000 	 16.23057000 	 1.98509000 	 3.16993000
2184 	 1.24314000 	 0.00000000 	 266.71042000 	 7.00449514 	 11.27640780 	 5.92000000 	 26.61500000 	 4.86400000 	 1.20600000 	 0.17100000 	 156.39200000 	 0.15400000 	 0.00000000 	 0.05800000 	 0.30600000 	 0.00000000 	 0.04100000 	 0.00400000 	 0.17600000 	 0.00000000 	 23.32910000 	 401.73988000 	 35.33896000 	 0.06000000 	 0.82966000 	 82.99148000 	 81.31670000 	 10.43898000 	 0.03190000 	 0.00580000 	 0.05120000 	 0.22460000 	 18.03526469 	 477.29960000 	 140.03380000 	 52.90485000 	 1.87701000 	 16.23057000 	 1.98509000 	 3.16993000
2185 	 1.23430000 	 0.00000000 	 266.72985000 	 7.00449514 	 11.27640780 	 5.92100000 	 26.61900000 	 4.86500000 	 1.20600000 	 0.17100000 	 156.40600000 	 0.15400000 	 0.00000000 	 0.05800000 	 0.30600000 	 0.00000000 	 0.04100000 	 0.00400000 	 0.17600000 	 0.00000000 	 23.33005000 	 401.75620000 	 35.34040000 	 0.06000000 	 0.82970000 	 82.99485000 	 81.32000000 	 10.43940000 	 0.03190000 	 0.00580000 	 0.05120000 	 0.22460000 	 18.03526469 	 477.29960000 	 140.03380000 	 52.90485000 	 1.87701000 	 16.23057000 	 1.98509000 	 3.16993000
2186 	 1.22546000 	 0.00000000 	 266.74928000 	 7.00449514 	 11.27640780 	 5.92200000 	 26.62300000 	 4.86600000 	 1.20700000 	 0.17100000 	 156.41900000 	 0.15400000 	 0.00000000 	 0.05800000 	 0.30600000 	 0.00000000 	 0.04100000 	 0.00400000 	 0.17600000 	 0.00000000 	 23.33100000 	 401.77252000 	 35.34184000 	 0.06000000 	 0.82974000 	 82.99822000 	 81.32330000 	 10.43982000 	 0.03190000 	 0.00580000 	 0.05120000 	 0.22460000 	 18.03526469 	 477.29960000 	 140.03380000 	 52.90485000 	 1.87701000 	 16.23057000 	 1.98509000 	 3.16993000
2187 	 1.21662000 	 0.00000000 	 266.76871000 	 7.00449514 	 11.27640780 	 5.92300000 	 26.62700000 	 4.86600000 	 1.20700000 	 0.17100000 	 156.43200000 	 0.15500000 	 0.00000000 	 0.05800000 	 0.30600000 	 0.00000000 	 0.04100000 	 0.00400000 	 0.17600000 	 0.00000000 	 23.33195000 	 401.78884000 	 35.34328000 	 0.06000000 	 0.82978000 	 83.00159000 	 81.32660000 	 10.44024000 	 0.03190000 	 0.00580000 	 0.05120000 	 0.22460000 	 18.03526469 	 477.29960000 	 140.03380000 	 52.90485000 	 1.87701000 	 16.23057000 	 1.98509000 	 3.16993000
2188 	 1.20778000 	 0.00000000 	 266.78814000 	 7.00449514 	 11.27640780 	 5.92400000 	 26.63200000 	 4.86700000 	 1.20700000 	 0.17100000 	 156.44600000 	 0.15500000 	 0.00000000 	 0.05800000 	 0.30600000 	 0.00000000 	 0.04100000 	 0.00400000 	 0.17600000 	 0.00000000 	 23.33290000 	 401.80516000 	 35.34472000 	 0.06000000 	 0.82982000 	 83.00496000 	 81.32990000 	 10.44066000 	 0.03190000 	 0.00580000 	 0.05120000 	 0.22460000 	 18.03526469 	 477.29960000 	 140.03380000 	 52.90485000 	 1.87701000 	 16.23057000 	 1.98509000 	 3.16993000
2189 	 1.19894000 	 0.00000000 	 266.80757000 	 7.00449514 	 11.27640780 	 5.92400000 	 26.63600000 	 4.86800000 	 1.20700000 	 0.17100000 	 156.45900000 	 0.15500000 	 0.00000000 	 0.05800000 	 0.30600000 	 0.00000000 	 0.04100000 	 0.00400000 	 0.17600000 	 0.00000000 	 23.33385000 	 401.82148000 	 35.34616000 	 0.06000000 	 0.82986000 	 83.00833000 	 81.33320000 	 10.44108000 	 0.03190000 	 0.00580000 	 0.05120000 	 0.22460000 	 18.03526469 	 477.29960000 	 140.03380000 	 52.90485000 	 1.87701000 	 16.23057000 	 1.98509000 	 3.16993000
2190 	 1.19010000 	 0.00000000 	 266.82700000 	 7.00449514 	 11.27640780 	 5.92500000 	 26.64000000 	 4.86900000 	 1.20700000 	 0.17100000 	 156.47200000 	 0.15500000 	 0.00000000 	 0.05800000 	 0.30600000 	 0.00000000 	 0.04100000 	 0.00400000 	 0.17600000 	 0.00000000 	 23.33480000 	 401.83780000 	 35.34760000 	 0.06000000 	 0.82990000 	 83.01170000 	 81.33650000 	 10.44150000 	 0.03190000 	 0.00580000 	 0.05120000 	 0.22460000 	 18.03526469 	 477.29960000 	 140.03380000 	 52.90485000 	 1.87701000 	 16.23057000 	 1.98509000 	 3.16993000
2191 	 1.18257000 	 0.00000000 	 266.84554000 	 7.00449514 	 11.27640780 	 5.92600000 	 26.64400000 	 4.87000000 	 1.20700000 	 0.17100000 	 156.48500000 	 0.15500000 	 0.00000000 	 0.05800000 	 0.30600000 	 0.00000000 	 0.04100000 	 0.00400000 	 0.17600000 	 0.00000000 	 23.33572000 	 401.85335000 	 35.34897000 	 0.06000000 	 0.82992000 	 83.01490000 	 81.33966000 	 10.44192000 	 0.03190000 	 0.00580000 	 0.05120000 	 0.22460000 	 18.03526469 	 477.29960000 	 140.03380000 	 52.90485000 	 1.87701000 	 16.23057000 	 1.98509000 	 3.16993000
2192 	 1.17504000 	 0.00000000 	 266.86408000 	 7.00449514 	 11.27640780 	 5.92700000 	 26.64800000 	 4.87000000 	 1.20800000 	 0.17100000 	 156.49800000 	 0.15500000 	 0.00000000 	 0.05800000 	 0.30600000 	 0.00000000 	 0.04100000 	 0.00400000 	 0.17600000 	 0.00000000 	 23.33664000 	 401.86890000 	 35.35034000 	 0.06000000 	 0.82994000 	 83.01810000 	 81.34282000 	 10.44234000 	 0.03190000 	 0.00580000 	 0.05120000 	 0.22460000 	 18.03526469 	 477.29960000 	 140.03380000 	 52.90485000 	 1.87701000 	 16.23057000 	 1.98509000 	 3.16993000
2193 	 1.16751000 	 0.00000000 	 266.88262000 	 7.00449514 	 11.27640780 	 5.92800000 	 26.65300000 	 4.87100000 	 1.20800000 	 0.17100000 	 156.51100000 	 0.15500000 	 0.00000000 	 0.05800000 	 0.30600000 	 0.00000000 	 0.04100000 	 0.00400000 	 0.17600000 	 0.00000000 	 23.33756000 	 401.88445000 	 35.35171000 	 0.06000000 	 0.82996000 	 83.02130000 	 81.34598000 	 10.44276000 	 0.03190000 	 0.00580000 	 0.05120000 	 0.22460000 	 18.03526469 	 477.29960000 	 140.03380000 	 52.90485000 	 1.87701000 	 16.23057000 	 1.98509000 	 3.16993000
2194 	 1.15998000 	 0.00000000 	 266.90116000 	 7.00449514 	 11.27640780 	 5.92900000 	 26.65700000 	 4.87200000 	 1.20800000 	 0.17100000 	 156.52400000 	 0.15500000 	 0.00000000 	 0.05800000 	 0.30600000 	 0.00000000 	 0.04100000 	 0.00400000 	 0.17600000 	 0.00000000 	 23.33848000 	 401.90000000 	 35.35308000 	 0.06000000 	 0.82998000 	 83.02450000 	 81.34914000 	 10.44318000 	 0.03190000 	 0.00580000 	 0.05120000 	 0.22460000 	 18.03526469 	 477.29960000 	 140.03380000 	 52.90485000 	 1.87701000 	 16.23057000 	 1.98509000 	 3.16993000
2195 	 1.15245000 	 0.00000000 	 266.91970000 	 7.00449514 	 11.27640780 	 5.93000000 	 26.66100000 	 4.87300000 	 1.20800000 	 0.17100000 	 156.53700000 	 0.15500000 	 0.00000000 	 0.05800000 	 0.30600000 	 0.00000000 	 0.04100000 	 0.00400000 	 0.17600000 	 0.00000000 	 23.33940000 	 401.91555000 	 35.35445000 	 0.06000000 	 0.83000000 	 83.02770000 	 81.35230000 	 10.44360000 	 0.03190000 	 0.00580000 	 0.05120000 	 0.22460000 	 18.03526469 	 477.29960000 	 140.03380000 	 52.90485000 	 1.87701000 	 16.23057000 	 1.98509000 	 3.16993000
2196 	 1.14492000 	 0.00000000 	 266.93824000 	 7.00449514 	 11.27640780 	 5.93100000 	 26.66500000 	 4.87300000 	 1.20800000 	 0.17100000 	 156.54900000 	 0.15500000 	 0.00000000 	 0.05800000 	 0.30600000 	 0.00000000 	 0.04100000 	 0.00400000 	 0.17600000 	 0.00000000 	 23.34032000 	 401.93110000 	 35.35582000 	 0.06000000 	 0.83002000 	 83.03090000 	 81.35546000 	 10.44402000 	 0.03190000 	 0.00580000 	 0.05120000 	 0.22460000 	 18.03526469 	 477.29960000 	 140.03380000 	 52.90485000 	 1.87701000 	 16.23057000 	 1.98509000 	 3.16993000
2197 	 1.13739000 	 0.00000000 	 266.95678000 	 7.00449514 	 11.27640780 	 5.93200000 	 26.66900000 	 4.87400000 	 1.20900000 	 0.17100000 	 156.56200000 	 0.15500000 	 0.00000000 	 0.05800000 	 0.30600000 	 0.00000000 	 0.04100000 	 0.00400000 	 0.17600000 	 0.00000000 	 23.34124000 	 401.94665000 	 35.35719000 	 0.06000000 	 0.83004000 	 83.03410000 	 81.35862000 	 10.44444000 	 0.03190000 	 0.00580000 	 0.05120000 	 0.22460000 	 18.03526469 	 477.29960000 	 140.03380000 	 52.90485000 	 1.87701000 	 16.23057000 	 1.98509000 	 3.16993000
2198 	 1.12986000 	 0.00000000 	 266.97532000 	 7.00449514 	 11.27640780 	 5.93300000 	 26.67300000 	 4.87500000 	 1.20900000 	 0.17100000 	 156.57500000 	 0.15500000 	 0.00000000 	 0.05800000 	 0.30600000 	 0.00000000 	 0.04100000 	 0.00400000 	 0.17600000 	 0.00000000 	 23.34216000 	 401.96220000 	 35.35856000 	 0.06000000 	 0.83006000 	 83.03730000 	 81.36178000 	 10.44486000 	 0.03190000 	 0.00580000 	 0.05120000 	 0.22460000 	 18.03526469 	 477.29960000 	 140.03380000 	 52.90485000 	 1.87701000 	 16.23057000 	 1.98509000 	 3.16993000
2199 	 1.12233000 	 0.00000000 	 266.99386000 	 7.00449514 	 11.27640780 	 5.93400000 	 26.67700000 	 4.87500000 	 1.20900000 	 0.17100000 	 156.58700000 	 0.15500000 	 0.00000000 	 0.05800000 	 0.30700000 	 0.00000000 	 0.04100000 	 0.00400000 	 0.17600000 	 0.00000000 	 23.34308000 	 401.97775000 	 35.35993000 	 0.06000000 	 0.83008000 	 83.04050000 	 81.36494000 	 10.44528000 	 0.03190000 	 0.00580000 	 0.05120000 	 0.22460000 	 18.03526469 	 477.29960000 	 140.03380000 	 52.90485000 	 1.87701000 	 16.23057000 	 1.98509000 	 3.16993000
2200 	 1.11480000 	 0.00000000 	 267.01240000 	 7.00449514 	 11.27640780 	 5.93400000 	 26.68100000 	 4.87600000 	 1.20900000 	 0.17100000 	 156.60000000 	 0.15500000 	 0.00000000 	 0.05800000 	 0.30700000 	 0.00000000 	 0.04100000 	 0.00400000 	 0.17600000 	 0.00000000 	 23.34400000 	 401.99330000 	 35.36130000 	 0.06000000 	 0.83010000 	 83.04370000 	 81.36810000 	 10.44570000 	 0.03190000 	 0.00580000 	 0.05120000 	 0.22460000 	 18.03526469 	 477.29960000 	 140.03380000 	 52.90485000 	 1.87701000 	 16.23057000 	 1.98509000 	 3.16993000
2201 	 1.10836000 	 0.00000000 	 267.03006000 	 7.00449514 	 11.27640780 	 5.93500000 	 26.68500000 	 4.87700000 	 1.20900000 	 0.17100000 	 156.61200000 	 0.15500000 	 0.00000000 	 0.05800000 	 0.30700000 	 0.00000000 	 0.04100000 	 0.00400000 	 0.17600000 	 0.00000000 	 23.34485000 	 402.00813000 	 35.36260000 	 0.06000000 	 0.83013000 	 83.04677000 	 81.37110000 	 10.44606000 	 0.03190000 	 0.00580000 	 0.05121000 	 0.22460000 	 18.03526469 	 477.29960000 	 140.03380000 	 52.90485000 	 1.87701000 	 16.23057000 	 1.98509000 	 3.16993000
2202 	 1.10192000 	 0.00000000 	 267.04772000 	 7.00449514 	 11.27640780 	 5.93600000 	 26.68900000 	 4.87800000 	 1.20900000 	 0.17100000 	 156.62400000 	 0.15500000 	 0.00000000 	 0.05800000 	 0.30700000 	 0.00000000 	 0.04100000 	 0.00400000 	 0.17600000 	 0.00000000 	 23.34570000 	 402.02296000 	 35.36390000 	 0.06000000 	 0.83016000 	 83.04984000 	 81.37410000 	 10.44642000 	 0.03190000 	 0.00580000 	 0.05122000 	 0.22460000 	 18.03526469 	 477.29960000 	 140.03380000 	 52.90485000 	 1.87701000 	 16.23057000 	 1.98509000 	 3.16993000
2203 	 1.09548000 	 0.00000000 	 267.06538000 	 7.00449514 	 11.27640780 	 5.93700000 	 26.69300000 	 4.87800000 	 1.21000000 	 0.17100000 	 156.63700000 	 0.15500000 	 0.00000000 	 0.05800000 	 0.30700000 	 0.00000000 	 0.04100000 	 0.00400000 	 0.17600000 	 0.00000000 	 23.34655000 	 402.03779000 	 35.36520000 	 0.06000000 	 0.83019000 	 83.05291000 	 81.37710000 	 10.44678000 	 0.03190000 	 0.00580000 	 0.05123000 	 0.22460000 	 18.03526469 	 477.29960000 	 140.03380000 	 52.90485000 	 1.87701000 	 16.23057000 	 1.98509000 	 3.16993000
2204 	 1.08904000 	 0.00000000 	 267.08304000 	 7.00449514 	 11.27640780 	 5.93800000 	 26.69600000 	 4.87900000 	 1.21000000 	 0.17100000 	 156.64900000 	 0.15500000 	 0.00000000 	 0.05800000 	 0.30700000 	 0.00000000 	 0.04100000 	 0.00400000 	 0.17600000 	 0.00000000 	 23.34740000 	 402.05262000 	 35.36650000 	 0.06000000 	 0.83022000 	 83.05598000 	 81.38010000 	 10.44714000 	 0.03190000 	 0.00580000 	 0.05124000 	 0.22460000 	 18.03526469 	 477.29960000 	 140.03380000 	 52.90485000 	 1.87701000 	 16.23057000 	 1.98509000 	 3.16993000
2205 	 1.08260000 	 0.00000000 	 267.10070000 	 7.00449514 	 11.27640780 	 5.93900000 	 26.70000000 	 4.88000000 	 1.21000000 	 0.17100000 	 156.66100000 	 0.15500000 	 0.00000000 	 0.05800000 	 0.30700000 	 0.00000000 	 0.04100000 	 0.00400000 	 0.17600000 	 0.00000000 	 23.34825000 	 402.06745000 	 35.36780000 	 0.06000000 	 0.83025000 	 83.05905000 	 81.38310000 	 10.44750000 	 0.03190000 	 0.00580000 	 0.05125000 	 0.22460000 	 18.03526469 	 477.29960000 	 140.03380000 	 52.90485000 	 1.87701000 	 16.23057000 	 1.98509000 	 3.16993000
2206 	 1.07616000 	 0.00000000 	 267.11836000 	 7.00449514 	 11.27640780 	 5.94000000 	 26.70400000 	 4.88000000 	 1.21000000 	 0.17100000 	 156.67300000 	 0.15500000 	 0.00000000 	 0.05800000 	 0.30700000 	 0.00000000 	 0.04100000 	 0.00400000 	 0.17600000 	 0.00000000 	 23.34910000 	 402.08228000 	 35.36910000 	 0.06000000 	 0.83028000 	 83.06212000 	 81.38610000 	 10.44786000 	 0.03190000 	 0.00580000 	 0.05126000 	 0.22460000 	 18.03526469 	 477.29960000 	 140.03380000 	 52.90485000 	 1.87701000 	 16.23057000 	 1.98509000 	 3.16993000
2207 	 1.06972000 	 0.00000000 	 267.13602000 	 7.00449514 	 11.27640780 	 5.94000000 	 26.70800000 	 4.88100000 	 1.21000000 	 0.17100000 	 156.68500000 	 0.15500000 	 0.00000000 	 0.05800000 	 0.30700000 	 0.00000000 	 0.04100000 	 0.00400000 	 0.17600000 	 0.00000000 	 23.34995000 	 402.09711000 	 35.37040000 	 0.06000000 	 0.83031000 	 83.06519000 	 81.38910000 	 10.44822000 	 0.03190000 	 0.00580000 	 0.05127000 	 0.22460000 	 18.03526469 	 477.29960000 	 140.03380000 	 52.90485000 	 1.87701000 	 16.23057000 	 1.98509000 	 3.16993000
2208 	 1.06328000 	 0.00000000 	 267.15368000 	 7.00449514 	 11.27640780 	 5.94100000 	 26.71200000 	 4.88200000 	 1.21100000 	 0.17100000 	 156.69700000 	 0.15500000 	 0.00000000 	 0.05800000 	 0.30700000 	 0.00000000 	 0.04100000 	 0.00400000 	 0.17600000 	 0.00000000 	 23.35080000 	 402.11194000 	 35.37170000 	 0.06000000 	 0.83034000 	 83.06826000 	 81.39210000 	 10.44858000 	 0.03190000 	 0.00580000 	 0.05128000 	 0.22460000 	 18.03526469 	 477.29960000 	 140.03380000 	 52.90485000 	 1.87701000 	 16.23057000 	 1.98509000 	 3.16993000
2209 	 1.05684000 	 0.00000000 	 267.17134000 	 7.00449514 	 11.27640780 	 5.94200000 	 26.71600000 	 4.88300000 	 1.21100000 	 0.17100000 	 156.70900000 	 0.15500000 	 0.00000000 	 0.05800000 	 0.30700000 	 0.00000000 	 0.04100000 	 0.00400000 	 0.17600000 	 0.00000000 	 23.35165000 	 402.12677000 	 35.37300000 	 0.06000000 	 0.83037000 	 83.07133000 	 81.39510000 	 10.44894000 	 0.03190000 	 0.00580000 	 0.05129000 	 0.22460000 	 18.03526469 	 477.29960000 	 140.03380000 	 52.90485000 	 1.87701000 	 16.23057000 	 1.98509000 	 3.16993000
2210 	 1.05040000 	 0.00000000 	 267.18900000 	 7.00449514 	 11.27640780 	 5.94300000 	 26.71900000 	 4.88300000 	 1.21100000 	 0.17100000 	 156.72100000 	 0.15500000 	 0.00000000 	 0.05800000 	 0.30700000 	 0.00000000 	 0.04100000 	 0.00400000 	 0.17600000 	 0.00000000 	 23.35250000 	 402.14160000 	 35.37430000 	 0.06000000 	 0.83040000 	 83.07440000 	 81.39810000 	 10.44930000 	 0.03190000 	 0.00580000 	 0.05130000 	 0.22460000 	 18.03526469 	 477.29960000 	 140.03380000 	 52.90485000 	 1.87701000 	 16.23057000 	 1.98509000 	 3.16993000
2211 	 1.04486000 	 0.00000000 	 267.20580000 	 7.00449514 	 11.27640780 	 5.94400000 	 26.72300000 	 4.88400000 	 1.21100000 	 0.17200000 	 156.73300000 	 0.15500000 	 0.00000000 	 0.05800000 	 0.30700000 	 0.00000000 	 0.04100000 	 0.00400000 	 0.17600000 	 0.00000000 	 23.35332000 	 402.15569000 	 35.37553000 	 0.06000000 	 0.83044000 	 83.07732000 	 81.40095000 	 10.44967000 	 0.03190000 	 0.00580000 	 0.05130000 	 0.22460000 	 18.03526469 	 477.29960000 	 140.03380000 	 52.90485000 	 1.87701000 	 16.23057000 	 1.98509000 	 3.16993000
2212 	 1.03932000 	 0.00000000 	 267.22260000 	 7.00449514 	 11.27640780 	 5.94500000 	 26.72700000 	 4.88500000 	 1.21100000 	 0.17200000 	 156.74400000 	 0.15500000 	 0.00000000 	 0.05800000 	 0.30700000 	 0.00000000 	 0.04100000 	 0.00400000 	 0.17600000 	 0.00000000 	 23.35414000 	 402.16978000 	 35.37676000 	 0.06000000 	 0.83048000 	 83.08024000 	 81.40380000 	 10.45004000 	 0.03190000 	 0.00580000 	 0.05130000 	 0.22460000 	 18.03526469 	 477.29960000 	 140.03380000 	 52.90485000 	 1.87701000 	 16.23057000 	 1.98509000 	 3.16993000
2213 	 1.03378000 	 0.00000000 	 267.23940000 	 7.00449514 	 11.27640780 	 5.94600000 	 26.73100000 	 4.88500000 	 1.21100000 	 0.17200000 	 156.75600000 	 0.15500000 	 0.00000000 	 0.05800000 	 0.30700000 	 0.00000000 	 0.04100000 	 0.00400000 	 0.17700000 	 0.00000000 	 23.35496000 	 402.18387000 	 35.37799000 	 0.06000000 	 0.83052000 	 83.08316000 	 81.40665000 	 10.45041000 	 0.03190000 	 0.00580000 	 0.05130000 	 0.22460000 	 18.03526469 	 477.29960000 	 140.03380000 	 52.90485000 	 1.87701000 	 16.23057000 	 1.98509000 	 3.16993000
2214 	 1.02824000 	 0.00000000 	 267.25620000 	 7.00449514 	 11.27640780 	 5.94600000 	 26.73400000 	 4.88600000 	 1.21200000 	 0.17200000 	 156.76800000 	 0.15500000 	 0.00000000 	 0.05800000 	 0.30700000 	 0.00000000 	 0.04100000 	 0.00400000 	 0.17700000 	 0.00000000 	 23.35578000 	 402.19796000 	 35.37922000 	 0.06000000 	 0.83056000 	 83.08608000 	 81.40950000 	 10.45078000 	 0.03190000 	 0.00580000 	 0.05130000 	 0.22460000 	 18.03526469 	 477.29960000 	 140.03380000 	 52.90485000 	 1.87701000 	 16.23057000 	 1.98509000 	 3.16993000
2215 	 1.02270000 	 0.00000000 	 267.27300000 	 7.00449514 	 11.27640780 	 5.94700000 	 26.73800000 	 4.88700000 	 1.21200000 	 0.17200000 	 156.77900000 	 0.15500000 	 0.00000000 	 0.05800000 	 0.30700000 	 0.00000000 	 0.04100000 	 0.00400000 	 0.17700000 	 0.00000000 	 23.35660000 	 402.21205000 	 35.38045000 	 0.06000000 	 0.83060000 	 83.08900000 	 81.41235000 	 10.45115000 	 0.03190000 	 0.00580000 	 0.05130000 	 0.22460000 	 18.03526469 	 477.29960000 	 140.03380000 	 52.90485000 	 1.87701000 	 16.23057000 	 1.98509000 	 3.16993000
2216 	 1.01716000 	 0.00000000 	 267.28980000 	 7.00449514 	 11.27640780 	 5.94800000 	 26.74200000 	 4.88700000 	 1.21200000 	 0.17200000 	 156.79100000 	 0.15500000 	 0.00000000 	 0.05800000 	 0.30700000 	 0.00000000 	 0.04100000 	 0.00400000 	 0.17700000 	 0.00000000 	 23.35742000 	 402.22614000 	 35.38168000 	 0.06000000 	 0.83064000 	 83.09192000 	 81.41520000 	 10.45152000 	 0.03190000 	 0.00580000 	 0.05130000 	 0.22460000 	 18.03526469 	 477.29960000 	 140.03380000 	 52.90485000 	 1.87701000 	 16.23057000 	 1.98509000 	 3.16993000
2217 	 1.01162000 	 0.00000000 	 267.30660000 	 7.00449514 	 11.27640780 	 5.94900000 	 26.74500000 	 4.88800000 	 1.21200000 	 0.17200000 	 156.80200000 	 0.15500000 	 0.00000000 	 0.05800000 	 0.30700000 	 0.00000000 	 0.04100000 	 0.00400000 	 0.17700000 	 0.00000000 	 23.35824000 	 402.24023000 	 35.38291000 	 0.06000000 	 0.83068000 	 83.09484000 	 81.41805000 	 10.45189000 	 0.03190000 	 0.00580000 	 0.05130000 	 0.22460000 	 18.03526469 	 477.29960000 	 140.03380000 	 52.90485000 	 1.87701000 	 16.23057000 	 1.98509000 	 3.16993000
2218 	 1.00608000 	 0.00000000 	 267.32340000 	 7.00449514 	 11.27640780 	 5.95000000 	 26.74900000 	 4.88900000 	 1.21200000 	 0.17200000 	 156.81300000 	 0.15500000 	 0.00000000 	 0.05800000 	 0.30700000 	 0.00000000 	 0.04100000 	 0.00400000 	 0.17700000 	 0.00000000 	 23.35906000 	 402.25432000 	 35.38414000 	 0.06000000 	 0.83072000 	 83.09776000 	 81.42090000 	 10.45226000 	 0.03190000 	 0.00580000 	 0.05130000 	 0.22460000 	 18.03526469 	 477.29960000 	 140.03380000 	 52.90485000 	 1.87701000 	 16.23057000 	 1.98509000 	 3.16993000
2219 	 1.00054000 	 0.00000000 	 267.34020000 	 7.00449514 	 11.27640780 	 5.95000000 	 26.75200000 	 4.88900000 	 1.21200000 	 0.17200000 	 156.82500000 	 0.15500000 	 0.00000000 	 0.05800000 	 0.30700000 	 0.00000000 	 0.04100000 	 0.00400000 	 0.17700000 	 0.00000000 	 23.35988000 	 402.26841000 	 35.38537000 	 0.06000000 	 0.83076000 	 83.10068000 	 81.42375000 	 10.45263000 	 0.03190000 	 0.00580000 	 0.05130000 	 0.22460000 	 18.03526469 	 477.29960000 	 140.03380000 	 52.90485000 	 1.87701000 	 16.23057000 	 1.98509000 	 3.16993000
2220 	 0.99500000 	 0.00000000 	 267.35700000 	 7.00449514 	 11.27640780 	 5.95100000 	 26.75600000 	 4.89000000 	 1.21300000 	 0.17200000 	 156.83600000 	 0.15500000 	 0.00000000 	 0.05800000 	 0.30700000 	 0.00000000 	 0.04100000 	 0.00400000 	 0.17700000 	 0.00000000 	 23.36070000 	 402.28250000 	 35.38660000 	 0.06000000 	 0.83080000 	 83.10360000 	 81.42660000 	 10.45300000 	 0.03190000 	 0.00580000 	 0.05130000 	 0.22460000 	 18.03526469 	 477.29960000 	 140.03380000 	 52.90485000 	 1.87701000 	 16.23057000 	 1.98509000 	 3.16993000
2221 	 0.99023000 	 0.00000000 	 267.37300000 	 7.00449514 	 11.27640780 	 5.95200000 	 26.76000000 	 4.89100000 	 1.21300000 	 0.17200000 	 156.84700000 	 0.15500000 	 0.00000000 	 0.05800000 	 0.30700000 	 0.00000000 	 0.04100000 	 0.00400000 	 0.17700000 	 0.00000000 	 23.36148000 	 402.29593000 	 35.38779000 	 0.06000000 	 0.83082000 	 83.10637000 	 81.42932000 	 10.45337000 	 0.03190000 	 0.00580000 	 0.05130000 	 0.22460000 	 18.03526469 	 477.29960000 	 140.03380000 	 52.90485000 	 1.87701000 	 16.23057000 	 1.98509000 	 3.16993000
2222 	 0.98546000 	 0.00000000 	 267.38900000 	 7.00449514 	 11.27640780 	 5.95300000 	 26.76300000 	 4.89100000 	 1.21300000 	 0.17200000 	 156.85800000 	 0.15500000 	 0.00000000 	 0.05800000 	 0.30700000 	 0.00000000 	 0.04100000 	 0.00400000 	 0.17700000 	 0.00000000 	 23.36226000 	 402.30936000 	 35.38898000 	 0.06000000 	 0.83084000 	 83.10914000 	 81.43204000 	 10.45374000 	 0.03190000 	 0.00580000 	 0.05130000 	 0.22460000 	 18.03526469 	 477.29960000 	 140.03380000 	 52.90485000 	 1.87701000 	 16.23057000 	 1.98509000 	 3.16993000
2223 	 0.98069000 	 0.00000000 	 267.40500000 	 7.00449514 	 11.27640780 	 5.95400000 	 26.76700000 	 4.89200000 	 1.21300000 	 0.17200000 	 156.86900000 	 0.15500000 	 0.00000000 	 0.05800000 	 0.30700000 	 0.00000000 	 0.04100000 	 0.00400000 	 0.17700000 	 0.00000000 	 23.36304000 	 402.32279000 	 35.39017000 	 0.06000000 	 0.83086000 	 83.11191000 	 81.43476000 	 10.45411000 	 0.03190000 	 0.00580000 	 0.05130000 	 0.22460000 	 18.03526469 	 477.29960000 	 140.03380000 	 52.90485000 	 1.87701000 	 16.23057000 	 1.98509000 	 3.16993000
2224 	 0.97592000 	 0.00000000 	 267.42100000 	 7.00449514 	 11.27640780 	 5.95400000 	 26.77000000 	 4.89300000 	 1.21300000 	 0.17200000 	 156.88000000 	 0.15500000 	 0.00000000 	 0.05800000 	 0.30700000 	 0.00000000 	 0.04100000 	 0.00400000 	 0.17700000 	 0.00000000 	 23.36382000 	 402.33622000 	 35.39136000 	 0.06000000 	 0.83088000 	 83.11468000 	 81.43748000 	 10.45448000 	 0.03190000 	 0.00580000 	 0.05130000 	 0.22460000 	 18.03526469 	 477.29960000 	 140.03380000 	 52.90485000 	 1.87701000 	 16.23057000 	 1.98509000 	 3.16993000
2225 	 0.97115000 	 0.00000000 	 267.43700000 	 7.00449514 	 11.27640780 	 5.95500000 	 26.77400000 	 4.89300000 	 1.21300000 	 0.17200000 	 156.89100000 	 0.15500000 	 0.00000000 	 0.05800000 	 0.30700000 	 0.00000000 	 0.04100000 	 0.00400000 	 0.17700000 	 0.00000000 	 23.36460000 	 402.34965000 	 35.39255000 	 0.06000000 	 0.83090000 	 83.11745000 	 81.44020000 	 10.45485000 	 0.03190000 	 0.00580000 	 0.05130000 	 0.22460000 	 18.03526469 	 477.29960000 	 140.03380000 	 52.90485000 	 1.87701000 	 16.23057000 	 1.98509000 	 3.16993000
2226 	 0.96638000 	 0.00000000 	 267.45300000 	 7.00449514 	 11.27640780 	 5.95600000 	 26.77700000 	 4.89400000 	 1.21300000 	 0.17200000 	 156.90200000 	 0.15500000 	 0.00000000 	 0.05800000 	 0.30700000 	 0.00000000 	 0.04100000 	 0.00400000 	 0.17700000 	 0.00000000 	 23.36538000 	 402.36308000 	 35.39374000 	 0.06000000 	 0.83092000 	 83.12022000 	 81.44292000 	 10.45522000 	 0.03190000 	 0.00580000 	 0.05130000 	 0.22460000 	 18.03526469 	 477.29960000 	 140.03380000 	 52.90485000 	 1.87701000 	 16.23057000 	 1.98509000 	 3.16993000
2227 	 0.96161000 	 0.00000000 	 267.46900000 	 7.00449514 	 11.27640780 	 5.95700000 	 26.78100000 	 4.89400000 	 1.21400000 	 0.17200000 	 156.91300000 	 0.15500000 	 0.00000000 	 0.05800000 	 0.30700000 	 0.00000000 	 0.04100000 	 0.00400000 	 0.17700000 	 0.00000000 	 23.36616000 	 402.37651000 	 35.39493000 	 0.06000000 	 0.83094000 	 83.12299000 	 81.44564000 	 10.45559000 	 0.03190000 	 0.00580000 	 0.05130000 	 0.22460000 	 18.03526469 	 477.29960000 	 140.03380000 	 52.90485000 	 1.87701000 	 16.23057000 	 1.98509000 	 3.16993000
2228 	 0.95684000 	 0.00000000 	 267.48500000 	 7.00449514 	 11.27640780 	 5.95700000 	 26.78400000 	 4.89500000 	 1.21400000 	 0.17200000 	 156.92400000 	 0.15500000 	 0.00000000 	 0.05800000 	 0.30700000 	 0.00000000 	 0.04100000 	 0.00400000 	 0.17700000 	 0.00000000 	 23.36694000 	 402.38994000 	 35.39612000 	 0.06000000 	 0.83096000 	 83.12576000 	 81.44836000 	 10.45596000 	 0.03190000 	 0.00580000 	 0.05130000 	 0.22460000 	 18.03526469 	 477.29960000 	 140.03380000 	 52.90485000 	 1.87701000 	 16.23057000 	 1.98509000 	 3.16993000
2229 	 0.95207000 	 0.00000000 	 267.50100000 	 7.00449514 	 11.27640780 	 5.95800000 	 26.78800000 	 4.89600000 	 1.21400000 	 0.17200000 	 156.93500000 	 0.15500000 	 0.00000000 	 0.05800000 	 0.30700000 	 0.00000000 	 0.04100000 	 0.00400000 	 0.17700000 	 0.00000000 	 23.36772000 	 402.40337000 	 35.39731000 	 0.06000000 	 0.83098000 	 83.12853000 	 81.45108000 	 10.45633000 	 0.03190000 	 0.00580000 	 0.05130000 	 0.22460000 	 18.03526469 	 477.29960000 	 140.03380000 	 52.90485000 	 1.87701000 	 16.23057000 	 1.98509000 	 3.16993000
2230 	 0.94730000 	 0.00000000 	 267.51700000 	 7.00449514 	 11.27640780 	 5.95900000 	 26.79100000 	 4.89600000 	 1.21400000 	 0.17200000 	 156.94500000 	 0.15500000 	 0.00000000 	 0.05800000 	 0.30700000 	 0.00000000 	 0.04100000 	 0.00400000 	 0.17700000 	 0.00000000 	 23.36850000 	 402.41680000 	 35.39850000 	 0.06000000 	 0.83100000 	 83.13130000 	 81.45380000 	 10.45670000 	 0.03190000 	 0.00580000 	 0.05130000 	 0.22460000 	 18.03526469 	 477.29960000 	 140.03380000 	 52.90485000 	 1.87701000 	 16.23057000 	 1.98509000 	 3.16993000
2231 	 0.94314000 	 0.00000000 	 267.53226000 	 7.00449514 	 11.27640780 	 5.96000000 	 26.79400000 	 4.89700000 	 1.21400000 	 0.17200000 	 156.95600000 	 0.15500000 	 0.00000000 	 0.05800000 	 0.30700000 	 0.00000000 	 0.04100000 	 0.00400000 	 0.17700000 	 0.00000000 	 23.36925000 	 402.42961000 	 35.39963000 	 0.06000000 	 0.83103000 	 83.13395000 	 81.45639000 	 10.45701000 	 0.03190000 	 0.00580000 	 0.05130000 	 0.22460000 	 18.03526469 	 477.29960000 	 140.03380000 	 52.90485000 	 1.87701000 	 16.23057000 	 1.98509000 	 3.16993000
2232 	 0.93898000 	 0.00000000 	 267.54752000 	 7.00449514 	 11.27640780 	 5.96000000 	 26.79800000 	 4.89800000 	 1.21400000 	 0.17200000 	 156.96700000 	 0.15500000 	 0.00000000 	 0.05800000 	 0.30700000 	 0.00000000 	 0.04100000 	 0.00400000 	 0.17700000 	 0.00000000 	 23.37000000 	 402.44242000 	 35.40076000 	 0.06000000 	 0.83106000 	 83.13660000 	 81.45898000 	 10.45732000 	 0.03190000 	 0.00580000 	 0.05130000 	 0.22460000 	 18.03526469 	 477.29960000 	 140.03380000 	 52.90485000 	 1.87701000 	 16.23057000 	 1.98509000 	 3.16993000
2233 	 0.93482000 	 0.00000000 	 267.56278000 	 7.00449514 	 11.27640780 	 5.96100000 	 26.80100000 	 4.89800000 	 1.21500000 	 0.17200000 	 156.97700000 	 0.15600000 	 0.00000000 	 0.05800000 	 0.30700000 	 0.00000000 	 0.04100000 	 0.00400000 	 0.17700000 	 0.00000000 	 23.37075000 	 402.45523000 	 35.40189000 	 0.06000000 	 0.83109000 	 83.13925000 	 81.46157000 	 10.45763000 	 0.03190000 	 0.00580000 	 0.05130000 	 0.22460000 	 18.03526469 	 477.29960000 	 140.03380000 	 52.90485000 	 1.87701000 	 16.23057000 	 1.98509000 	 3.16993000
2234 	 0.93066000 	 0.00000000 	 267.57804000 	 7.00449514 	 11.27640780 	 5.96200000 	 26.80400000 	 4.89900000 	 1.21500000 	 0.17200000 	 156.98800000 	 0.15600000 	 0.00000000 	 0.05800000 	 0.30700000 	 0.00000000 	 0.04100000 	 0.00400000 	 0.17700000 	 0.00000000 	 23.37150000 	 402.46804000 	 35.40302000 	 0.06000000 	 0.83112000 	 83.14190000 	 81.46416000 	 10.45794000 	 0.03190000 	 0.00580000 	 0.05130000 	 0.22460000 	 18.03526469 	 477.29960000 	 140.03380000 	 52.90485000 	 1.87701000 	 16.23057000 	 1.98509000 	 3.16993000
2235 	 0.92650000 	 0.00000000 	 267.59330000 	 7.00449514 	 11.27640780 	 5.96300000 	 26.80800000 	 4.89900000 	 1.21500000 	 0.17200000 	 156.99800000 	 0.15600000 	 0.00000000 	 0.05800000 	 0.30700000 	 0.00000000 	 0.04100000 	 0.00400000 	 0.17700000 	 0.00000000 	 23.37225000 	 402.48085000 	 35.40415000 	 0.06000000 	 0.83115000 	 83.14455000 	 81.46675000 	 10.45825000 	 0.03190000 	 0.00580000 	 0.05130000 	 0.22460000 	 18.03526469 	 477.29960000 	 140.03380000 	 52.90485000 	 1.87701000 	 16.23057000 	 1.98509000 	 3.16993000
2236 	 0.92234000 	 0.00000000 	 267.60856000 	 7.00449514 	 11.27640780 	 5.96300000 	 26.81100000 	 4.90000000 	 1.21500000 	 0.17200000 	 157.00800000 	 0.15600000 	 0.00000000 	 0.05800000 	 0.30700000 	 0.00000000 	 0.04100000 	 0.00400000 	 0.17700000 	 0.00000000 	 23.37300000 	 402.49366000 	 35.40528000 	 0.06000000 	 0.83118000 	 83.14720000 	 81.46934000 	 10.45856000 	 0.03190000 	 0.00580000 	 0.05130000 	 0.22460000 	 18.03526469 	 477.29960000 	 140.03380000 	 52.90485000 	 1.87701000 	 16.23057000 	 1.98509000 	 3.16993000
2237 	 0.91818000 	 0.00000000 	 267.62382000 	 7.00449514 	 11.27640780 	 5.96400000 	 26.81400000 	 4.90100000 	 1.21500000 	 0.17200000 	 157.01900000 	 0.15600000 	 0.00000000 	 0.05800000 	 0.30700000 	 0.00000000 	 0.04100000 	 0.00400000 	 0.17700000 	 0.00000000 	 23.37375000 	 402.50647000 	 35.40641000 	 0.06000000 	 0.83121000 	 83.14985000 	 81.47193000 	 10.45887000 	 0.03190000 	 0.00580000 	 0.05130000 	 0.22460000 	 18.03526469 	 477.29960000 	 140.03380000 	 52.90485000 	 1.87701000 	 16.23057000 	 1.98509000 	 3.16993000
2238 	 0.91402000 	 0.00000000 	 267.63908000 	 7.00449514 	 11.27640780 	 5.96500000 	 26.81800000 	 4.90100000 	 1.21500000 	 0.17200000 	 157.02900000 	 0.15600000 	 0.00000000 	 0.05800000 	 0.30700000 	 0.00000000 	 0.04100000 	 0.00400000 	 0.17700000 	 0.00000000 	 23.37450000 	 402.51928000 	 35.40754000 	 0.06000000 	 0.83124000 	 83.15250000 	 81.47452000 	 10.45918000 	 0.03190000 	 0.00580000 	 0.05130000 	 0.22460000 	 18.03526469 	 477.29960000 	 140.03380000 	 52.90485000 	 1.87701000 	 16.23057000 	 1.98509000 	 3.16993000
2239 	 0.90986000 	 0.00000000 	 267.65434000 	 7.00449514 	 11.27640780 	 5.96600000 	 26.82100000 	 4.90200000 	 1.21500000 	 0.17200000 	 157.03900000 	 0.15600000 	 0.00000000 	 0.05800000 	 0.30700000 	 0.00000000 	 0.04100000 	 0.00400000 	 0.17700000 	 0.00000000 	 23.37525000 	 402.53209000 	 35.40867000 	 0.06000000 	 0.83127000 	 83.15515000 	 81.47711000 	 10.45949000 	 0.03190000 	 0.00580000 	 0.05130000 	 0.22460000 	 18.03526469 	 477.29960000 	 140.03380000 	 52.90485000 	 1.87701000 	 16.23057000 	 1.98509000 	 3.16993000
2240 	 0.90570000 	 0.00000000 	 267.66960000 	 7.00449514 	 11.27640780 	 5.96600000 	 26.82400000 	 4.90200000 	 1.21600000 	 0.17200000 	 157.05000000 	 0.15600000 	 0.00000000 	 0.05800000 	 0.30700000 	 0.00000000 	 0.04100000 	 0.00400000 	 0.17700000 	 0.00000000 	 23.37600000 	 402.54490000 	 35.40980000 	 0.06000000 	 0.83130000 	 83.15780000 	 81.47970000 	 10.45980000 	 0.03190000 	 0.00580000 	 0.05130000 	 0.22460000 	 18.03526469 	 477.29960000 	 140.03380000 	 52.90485000 	 1.87701000 	 16.23057000 	 1.98509000 	 3.16993000
2241 	 0.90206000 	 0.00000000 	 267.68419000 	 7.00449514 	 11.27640780 	 5.96700000 	 26.82700000 	 4.90300000 	 1.21600000 	 0.17200000 	 157.06000000 	 0.15600000 	 0.00000000 	 0.05800000 	 0.30700000 	 0.00000000 	 0.04100000 	 0.00400000 	 0.17700000 	 0.00000000 	 23.37671000 	 402.55715000 	 35.41087000 	 0.06000000 	 0.83133000 	 83.16032000 	 81.48216000 	 10.46013000 	 0.03190000 	 0.00580000 	 0.05130000 	 0.22460000 	 18.03526469 	 477.29960000 	 140.03380000 	 52.90485000 	 1.87701000 	 16.23057000 	 1.98509000 	 3.16993000
2242 	 0.89842000 	 0.00000000 	 267.69878000 	 7.00449514 	 11.27640780 	 5.96800000 	 26.83100000 	 4.90400000 	 1.21600000 	 0.17200000 	 157.07000000 	 0.15600000 	 0.00000000 	 0.05800000 	 0.30700000 	 0.00000000 	 0.04100000 	 0.00400000 	 0.17700000 	 0.00000000 	 23.37742000 	 402.56940000 	 35.41194000 	 0.06000000 	 0.83136000 	 83.16284000 	 81.48462000 	 10.46046000 	 0.03190000 	 0.00580000 	 0.05130000 	 0.22460000 	 18.03526469 	 477.29960000 	 140.03380000 	 52.90485000 	 1.87701000 	 16.23057000 	 1.98509000 	 3.16993000
2243 	 0.89478000 	 0.00000000 	 267.71337000 	 7.00449514 	 11.27640780 	 5.96800000 	 26.83400000 	 4.90400000 	 1.21600000 	 0.17200000 	 157.08000000 	 0.15600000 	 0.00000000 	 0.05800000 	 0.30700000 	 0.00000000 	 0.04100000 	 0.00400000 	 0.17700000 	 0.00000000 	 23.37813000 	 402.58165000 	 35.41301000 	 0.06000000 	 0.83139000 	 83.16536000 	 81.48708000 	 10.46079000 	 0.03190000 	 0.00580000 	 0.05130000 	 0.22460000 	 18.03526469 	 477.29960000 	 140.03380000 	 52.90485000 	 1.87701000 	 16.23057000 	 1.98509000 	 3.16993000
2244 	 0.89114000 	 0.00000000 	 267.72796000 	 7.00449514 	 11.27640780 	 5.96900000 	 26.83700000 	 4.90500000 	 1.21600000 	 0.17200000 	 157.09000000 	 0.15600000 	 0.00000000 	 0.05800000 	 0.30700000 	 0.00000000 	 0.04100000 	 0.00400000 	 0.17700000 	 0.00000000 	 23.37884000 	 402.59390000 	 35.41408000 	 0.06000000 	 0.83142000 	 83.16788000 	 81.48954000 	 10.46112000 	 0.03190000 	 0.00580000 	 0.05130000 	 0.22460000 	 18.03526469 	 477.29960000 	 140.03380000 	 52.90485000 	 1.87701000 	 16.23057000 	 1.98509000 	 3.16993000
2245 	 0.88750000 	 0.00000000 	 267.74255000 	 7.00449514 	 11.27640780 	 5.97000000 	 26.84000000 	 4.90500000 	 1.21600000 	 0.17200000 	 157.10000000 	 0.15600000 	 0.00000000 	 0.05800000 	 0.30700000 	 0.00000000 	 0.04100000 	 0.00400000 	 0.17700000 	 0.00000000 	 23.37955000 	 402.60615000 	 35.41515000 	 0.06000000 	 0.83145000 	 83.17040000 	 81.49200000 	 10.46145000 	 0.03190000 	 0.00580000 	 0.05130000 	 0.22460000 	 18.03526469 	 477.29960000 	 140.03380000 	 52.90485000 	 1.87701000 	 16.23057000 	 1.98509000 	 3.16993000
2246 	 0.88386000 	 0.00000000 	 267.75714000 	 7.00449514 	 11.27640780 	 5.97100000 	 26.84300000 	 4.90600000 	 1.21600000 	 0.17200000 	 157.11000000 	 0.15600000 	 0.00000000 	 0.05800000 	 0.30700000 	 0.00000000 	 0.04100000 	 0.00400000 	 0.17700000 	 0.00000000 	 23.38026000 	 402.61840000 	 35.41622000 	 0.06000000 	 0.83148000 	 83.17292000 	 81.49446000 	 10.46178000 	 0.03190000 	 0.00580000 	 0.05130000 	 0.22460000 	 18.03526469 	 477.29960000 	 140.03380000 	 52.90485000 	 1.87701000 	 16.23057000 	 1.98509000 	 3.16993000
2247 	 0.88022000 	 0.00000000 	 267.77173000 	 7.00449514 	 11.27640780 	 5.97100000 	 26.84700000 	 4.90600000 	 1.21700000 	 0.17200000 	 157.12000000 	 0.15600000 	 0.00000000 	 0.05800000 	 0.30700000 	 0.00000000 	 0.04100000 	 0.00400000 	 0.17700000 	 0.00000000 	 23.38097000 	 402.63065000 	 35.41729000 	 0.06000000 	 0.83151000 	 83.17544000 	 81.49692000 	 10.46211000 	 0.03190000 	 0.00580000 	 0.05130000 	 0.22460000 	 18.03526469 	 477.29960000 	 140.03380000 	 52.90485000 	 1.87701000 	 16.23057000 	 1.98509000 	 3.16993000
2248 	 0.87658000 	 0.00000000 	 267.78632000 	 7.00449514 	 11.27640780 	 5.97200000 	 26.85000000 	 4.90700000 	 1.21700000 	 0.17200000 	 157.13000000 	 0.15600000 	 0.00000000 	 0.05800000 	 0.30700000 	 0.00000000 	 0.04100000 	 0.00400000 	 0.17700000 	 0.00000000 	 23.38168000 	 402.64290000 	 35.41836000 	 0.06000000 	 0.83154000 	 83.17796000 	 81.49938000 	 10.46244000 	 0.03190000 	 0.00580000 	 0.05130000 	 0.22460000 	 18.03526469 	 477.29960000 	 140.03380000 	 52.90485000 	 1.87701000 	 16.23057000 	 1.98509000 	 3.16993000
2249 	 0.87294000 	 0.00000000 	 267.80091000 	 7.00449514 	 11.27640780 	 5.97300000 	 26.85300000 	 4.90800000 	 1.21700000 	 0.17200000 	 157.13900000 	 0.15600000 	 0.00000000 	 0.05800000 	 0.30700000 	 0.00000000 	 0.04100000 	 0.00400000 	 0.17700000 	 0.00000000 	 23.38239000 	 402.65515000 	 35.41943000 	 0.06000000 	 0.83157000 	 83.18048000 	 81.50184000 	 10.46277000 	 0.03190000 	 0.00580000 	 0.05130000 	 0.22460000 	 18.03526469 	 477.29960000 	 140.03380000 	 52.90485000 	 1.87701000 	 16.23057000 	 1.98509000 	 3.16993000
2250 	 0.86930000 	 0.00000000 	 267.81550000 	 7.00449514 	 11.27640780 	 5.97300000 	 26.85600000 	 4.90800000 	 1.21700000 	 0.17200000 	 157.14900000 	 0.15600000 	 0.00000000 	 0.05800000 	 0.30700000 	 0.00000000 	 0.04100000 	 0.00400000 	 0.17700000 	 0.00000000 	 23.38310000 	 402.66740000 	 35.42050000 	 0.06000000 	 0.83160000 	 83.18300000 	 81.50430000 	 10.46310000 	 0.03190000 	 0.00580000 	 0.05130000 	 0.22460000 	 18.03526469 	 477.29960000 	 140.03380000 	 52.90485000 	 1.87701000 	 16.23057000 	 1.98509000 	 3.16993000
2251 	 0.86610000 	 0.00000000 	 267.82946000 	 7.00449514 	 11.27640780 	 5.97400000 	 26.85900000 	 4.90900000 	 1.21700000 	 0.17200000 	 157.15900000 	 0.15600000 	 0.00000000 	 0.05800000 	 0.30700000 	 0.00000000 	 0.04100000 	 0.00400000 	 0.17700000 	 0.00000000 	 23.38378000 	 402.67913000 	 35.42153000 	 0.06000000 	 0.83162000 	 83.18543000 	 81.50668000 	 10.46339000 	 0.03190000 	 0.00580000 	 0.05130000 	 0.22460000 	 18.03526469 	 477.29960000 	 140.03380000 	 52.90485000 	 1.87701000 	 16.23057000 	 1.98509000 	 3.16993000
2252 	 0.86290000 	 0.00000000 	 267.84342000 	 7.00449514 	 11.27640780 	 5.97500000 	 26.86200000 	 4.90900000 	 1.21700000 	 0.17200000 	 157.16800000 	 0.15600000 	 0.00000000 	 0.05800000 	 0.30700000 	 0.00000000 	 0.04100000 	 0.00400000 	 0.17700000 	 0.00000000 	 23.38446000 	 402.69086000 	 35.42256000 	 0.06000000 	 0.83164000 	 83.18786000 	 81.50906000 	 10.46368000 	 0.03190000 	 0.00580000 	 0.05130000 	 0.22460000 	 18.03526469 	 477.29960000 	 140.03380000 	 52.90485000 	 1.87701000 	 16.23057000 	 1.98509000 	 3.16993000
2253 	 0.85970000 	 0.00000000 	 267.85738000 	 7.00449514 	 11.27640780 	 5.97500000 	 26.86500000 	 4.91000000 	 1.21700000 	 0.17200000 	 157.17800000 	 0.15600000 	 0.00000000 	 0.05800000 	 0.30700000 	 0.00000000 	 0.04100000 	 0.00400000 	 0.17700000 	 0.00000000 	 23.38514000 	 402.70259000 	 35.42359000 	 0.06000000 	 0.83166000 	 83.19029000 	 81.51144000 	 10.46397000 	 0.03190000 	 0.00580000 	 0.05130000 	 0.22460000 	 18.03526469 	 477.29960000 	 140.03380000 	 52.90485000 	 1.87701000 	 16.23057000 	 1.98509000 	 3.16993000
2254 	 0.85650000 	 0.00000000 	 267.87134000 	 7.00449514 	 11.27640780 	 5.97600000 	 26.86800000 	 4.91000000 	 1.21800000 	 0.17200000 	 157.18800000 	 0.15600000 	 0.00000000 	 0.05800000 	 0.30700000 	 0.00000000 	 0.04100000 	 0.00400000 	 0.17700000 	 0.00000000 	 23.38582000 	 402.71432000 	 35.42462000 	 0.06000000 	 0.83168000 	 83.19272000 	 81.51382000 	 10.46426000 	 0.03190000 	 0.00580000 	 0.05130000 	 0.22460000 	 18.03526469 	 477.29960000 	 140.03380000 	 52.90485000 	 1.87701000 	 16.23057000 	 1.98509000 	 3.16993000
2255 	 0.85330000 	 0.00000000 	 267.88530000 	 7.00449514 	 11.27640780 	 5.97700000 	 26.87100000 	 4.91100000 	 1.21800000 	 0.17200000 	 157.19700000 	 0.15600000 	 0.00000000 	 0.05800000 	 0.30700000 	 0.00000000 	 0.04100000 	 0.00400000 	 0.17700000 	 0.00000000 	 23.38650000 	 402.72605000 	 35.42565000 	 0.06000000 	 0.83170000 	 83.19515000 	 81.51620000 	 10.46455000 	 0.03190000 	 0.00580000 	 0.05130000 	 0.22460000 	 18.03526469 	 477.29960000 	 140.03380000 	 52.90485000 	 1.87701000 	 16.23057000 	 1.98509000 	 3.16993000
2256 	 0.85010000 	 0.00000000 	 267.89926000 	 7.00449514 	 11.27640780 	 5.97700000 	 26.87400000 	 4.91200000 	 1.21800000 	 0.17200000 	 157.20700000 	 0.15600000 	 0.00000000 	 0.05800000 	 0.30700000 	 0.00000000 	 0.04100000 	 0.00400000 	 0.17700000 	 0.00000000 	 23.38718000 	 402.73778000 	 35.42668000 	 0.06000000 	 0.83172000 	 83.19758000 	 81.51858000 	 10.46484000 	 0.03190000 	 0.00580000 	 0.05130000 	 0.22460000 	 18.03526469 	 477.29960000 	 140.03380000 	 52.90485000 	 1.87701000 	 16.23057000 	 1.98509000 	 3.16993000
2257 	 0.84690000 	 0.00000000 	 267.91322000 	 7.00449514 	 11.27640780 	 5.97800000 	 26.87700000 	 4.91200000 	 1.21800000 	 0.17200000 	 157.21600000 	 0.15600000 	 0.00000000 	 0.05800000 	 0.30700000 	 0.00000000 	 0.04100000 	 0.00400000 	 0.17700000 	 0.00000000 	 23.38786000 	 402.74951000 	 35.42771000 	 0.06000000 	 0.83174000 	 83.20001000 	 81.52096000 	 10.46513000 	 0.03190000 	 0.00580000 	 0.05130000 	 0.22460000 	 18.03526469 	 477.29960000 	 140.03380000 	 52.90485000 	 1.87701000 	 16.23057000 	 1.98509000 	 3.16993000
2258 	 0.84370000 	 0.00000000 	 267.92718000 	 7.00449514 	 11.27640780 	 5.97900000 	 26.88000000 	 4.91300000 	 1.21800000 	 0.17300000 	 157.22600000 	 0.15600000 	 0.00000000 	 0.05800000 	 0.30700000 	 0.00000000 	 0.04100000 	 0.00400000 	 0.17800000 	 0.00000000 	 23.38854000 	 402.76124000 	 35.42874000 	 0.06000000 	 0.83176000 	 83.20244000 	 81.52334000 	 10.46542000 	 0.03190000 	 0.00580000 	 0.05130000 	 0.22460000 	 18.03526469 	 477.29960000 	 140.03380000 	 52.90485000 	 1.87701000 	 16.23057000 	 1.98509000 	 3.16993000
2259 	 0.84050000 	 0.00000000 	 267.94114000 	 7.00449514 	 11.27640780 	 5.97900000 	 26.88300000 	 4.91300000 	 1.21800000 	 0.17300000 	 157.23500000 	 0.15600000 	 0.00000000 	 0.05800000 	 0.30700000 	 0.00000000 	 0.04100000 	 0.00400000 	 0.17800000 	 0.00000000 	 23.38922000 	 402.77297000 	 35.42977000 	 0.06000000 	 0.83178000 	 83.20487000 	 81.52572000 	 10.46571000 	 0.03190000 	 0.00580000 	 0.05130000 	 0.22460000 	 18.03526469 	 477.29960000 	 140.03380000 	 52.90485000 	 1.87701000 	 16.23057000 	 1.98509000 	 3.16993000
2260 	 0.83730000 	 0.00000000 	 267.95510000 	 7.00449514 	 11.27640780 	 5.98000000 	 26.88600000 	 4.91400000 	 1.21800000 	 0.17300000 	 157.24400000 	 0.15600000 	 0.00000000 	 0.05800000 	 0.30700000 	 0.00000000 	 0.04100000 	 0.00400000 	 0.17800000 	 0.00000000 	 23.38990000 	 402.78470000 	 35.43080000 	 0.06000000 	 0.83180000 	 83.20730000 	 81.52810000 	 10.46600000 	 0.03190000 	 0.00580000 	 0.05130000 	 0.22460000 	 18.03526469 	 477.29960000 	 140.03380000 	 52.90485000 	 1.87701000 	 16.23057000 	 1.98509000 	 3.16993000
2261 	 0.83445000 	 0.00000000 	 267.96848000 	 7.00449514 	 11.27640780 	 5.98100000 	 26.88900000 	 4.91400000 	 1.21900000 	 0.17300000 	 157.25300000 	 0.15600000 	 0.00000000 	 0.05800000 	 0.30700000 	 0.00000000 	 0.04100000 	 0.00400000 	 0.17800000 	 0.00000000 	 23.39054000 	 402.79590000 	 35.43178000 	 0.06001000 	 0.83182000 	 83.20961000 	 81.53037000 	 10.46631000 	 0.03190000 	 0.00580000 	 0.05130000 	 0.22460000 	 18.03526469 	 477.29960000 	 140.03380000 	 52.90485000 	 1.87701000 	 16.23057000 	 1.98509000 	 3.16993000
2262 	 0.83160000 	 0.00000000 	 267.98186000 	 7.00449514 	 11.27640780 	 5.98100000 	 26.89200000 	 4.91500000 	 1.21900000 	 0.17300000 	 157.26300000 	 0.15600000 	 0.00000000 	 0.05800000 	 0.30700000 	 0.00000000 	 0.04100000 	 0.00400000 	 0.17800000 	 0.00000000 	 23.39118000 	 402.80710000 	 35.43276000 	 0.06002000 	 0.83184000 	 83.21192000 	 81.53264000 	 10.46662000 	 0.03190000 	 0.00580000 	 0.05130000 	 0.22460000 	 18.03526469 	 477.29960000 	 140.03380000 	 52.90485000 	 1.87701000 	 16.23057000 	 1.98509000 	 3.16993000
2263 	 0.82875000 	 0.00000000 	 267.99524000 	 7.00449514 	 11.27640780 	 5.98200000 	 26.89500000 	 4.91500000 	 1.21900000 	 0.17300000 	 157.27200000 	 0.15600000 	 0.00000000 	 0.05800000 	 0.30700000 	 0.00000000 	 0.04100000 	 0.00400000 	 0.17800000 	 0.00000000 	 23.39182000 	 402.81830000 	 35.43374000 	 0.06003000 	 0.83186000 	 83.21423000 	 81.53491000 	 10.46693000 	 0.03190000 	 0.00580000 	 0.05130000 	 0.22460000 	 18.03526469 	 477.29960000 	 140.03380000 	 52.90485000 	 1.87701000 	 16.23057000 	 1.98509000 	 3.16993000
2264 	 0.82590000 	 0.00000000 	 268.00862000 	 7.00449514 	 11.27640780 	 5.98300000 	 26.89800000 	 4.91600000 	 1.21900000 	 0.17300000 	 157.28100000 	 0.15600000 	 0.00000000 	 0.05800000 	 0.30700000 	 0.00000000 	 0.04100000 	 0.00400000 	 0.17800000 	 0.00000000 	 23.39246000 	 402.82950000 	 35.43472000 	 0.06004000 	 0.83188000 	 83.21654000 	 81.53718000 	 10.46724000 	 0.03190000 	 0.00580000 	 0.05130000 	 0.22460000 	 18.03526469 	 477.29960000 	 140.03380000 	 52.90485000 	 1.87701000 	 16.23057000 	 1.98509000 	 3.16993000
2265 	 0.82305000 	 0.00000000 	 268.02200000 	 7.00449514 	 11.27640780 	 5.98300000 	 26.90100000 	 4.91600000 	 1.21900000 	 0.17300000 	 157.29000000 	 0.15600000 	 0.00000000 	 0.05800000 	 0.30700000 	 0.00000000 	 0.04100000 	 0.00400000 	 0.17800000 	 0.00000000 	 23.39310000 	 402.84070000 	 35.43570000 	 0.06005000 	 0.83190000 	 83.21885000 	 81.53945000 	 10.46755000 	 0.03190000 	 0.00580000 	 0.05130000 	 0.22460000 	 18.03526469 	 477.29960000 	 140.03380000 	 52.90485000 	 1.87701000 	 16.23057000 	 1.98509000 	 3.16993000
2266 	 0.82020000 	 0.00000000 	 268.03538000 	 7.00449514 	 11.27640780 	 5.98400000 	 26.90400000 	 4.91700000 	 1.21900000 	 0.17300000 	 157.29900000 	 0.15600000 	 0.00000000 	 0.05800000 	 0.30700000 	 0.00000000 	 0.04100000 	 0.00400000 	 0.17800000 	 0.00000000 	 23.39374000 	 402.85190000 	 35.43668000 	 0.06006000 	 0.83192000 	 83.22116000 	 81.54172000 	 10.46786000 	 0.03190000 	 0.00580000 	 0.05130000 	 0.22460000 	 18.03526469 	 477.29960000 	 140.03380000 	 52.90485000 	 1.87701000 	 16.23057000 	 1.98509000 	 3.16993000
2267 	 0.81735000 	 0.00000000 	 268.04876000 	 7.00449514 	 11.27640780 	 5.98500000 	 26.90700000 	 4.91700000 	 1.21900000 	 0.17300000 	 157.30800000 	 0.15600000 	 0.00000000 	 0.05800000 	 0.30700000 	 0.00000000 	 0.04100000 	 0.00400000 	 0.17800000 	 0.00000000 	 23.39438000 	 402.86310000 	 35.43766000 	 0.06007000 	 0.83194000 	 83.22347000 	 81.54399000 	 10.46817000 	 0.03190000 	 0.00580000 	 0.05130000 	 0.22460000 	 18.03526469 	 477.29960000 	 140.03380000 	 52.90485000 	 1.87701000 	 16.23057000 	 1.98509000 	 3.16993000
2268 	 0.81450000 	 0.00000000 	 268.06214000 	 7.00449514 	 11.27640780 	 5.98500000 	 26.91000000 	 4.91800000 	 1.21900000 	 0.17300000 	 157.31700000 	 0.15600000 	 0.00000000 	 0.05800000 	 0.30700000 	 0.00000000 	 0.04100000 	 0.00400000 	 0.17800000 	 0.00000000 	 23.39502000 	 402.87430000 	 35.43864000 	 0.06008000 	 0.83196000 	 83.22578000 	 81.54626000 	 10.46848000 	 0.03190000 	 0.00580000 	 0.05130000 	 0.22460000 	 18.03526469 	 477.29960000 	 140.03380000 	 52.90485000 	 1.87701000 	 16.23057000 	 1.98509000 	 3.16993000
2269 	 0.81165000 	 0.00000000 	 268.07552000 	 7.00449514 	 11.27640780 	 5.98600000 	 26.91200000 	 4.91900000 	 1.22000000 	 0.17300000 	 157.32600000 	 0.15600000 	 0.00000000 	 0.05800000 	 0.30700000 	 0.00000000 	 0.04100000 	 0.00400000 	 0.17800000 	 0.00000000 	 23.39566000 	 402.88550000 	 35.43962000 	 0.06009000 	 0.83198000 	 83.22809000 	 81.54853000 	 10.46879000 	 0.03190000 	 0.00580000 	 0.05130000 	 0.22460000 	 18.03526469 	 477.29960000 	 140.03380000 	 52.90485000 	 1.87701000 	 16.23057000 	 1.98509000 	 3.16993000
2270 	 0.80880000 	 0.00000000 	 268.08890000 	 7.00449514 	 11.27640780 	 5.98700000 	 26.91500000 	 4.91900000 	 1.22000000 	 0.17300000 	 157.33500000 	 0.15600000 	 0.00000000 	 0.05800000 	 0.30700000 	 0.00000000 	 0.04100000 	 0.00400000 	 0.17800000 	 0.00000000 	 23.39630000 	 402.89670000 	 35.44060000 	 0.06010000 	 0.83200000 	 83.23040000 	 81.55080000 	 10.46910000 	 0.03190000 	 0.00580000 	 0.05130000 	 0.22460000 	 18.03526469 	 477.29960000 	 140.03380000 	 52.90485000 	 1.87701000 	 16.23057000 	 1.98509000 	 3.16993000
2271 	 0.80629000 	 0.00000000 	 268.10174000 	 7.00449514 	 11.27640780 	 5.98700000 	 26.91800000 	 4.92000000 	 1.22000000 	 0.17300000 	 157.34400000 	 0.15600000 	 0.00000000 	 0.05800000 	 0.30700000 	 0.00000000 	 0.04100000 	 0.00400000 	 0.17800000 	 0.00000000 	 23.39694000 	 402.90748000 	 35.44156000 	 0.06010000 	 0.83202000 	 83.23262000 	 81.55298000 	 10.46937000 	 0.03190000 	 0.00580000 	 0.05130000 	 0.22460000 	 18.03526469 	 477.29960000 	 140.03380000 	 52.90485000 	 1.87701000 	 16.23057000 	 1.98509000 	 3.16993000
2272 	 0.80378000 	 0.00000000 	 268.11458000 	 7.00449514 	 11.27640780 	 5.98800000 	 26.92100000 	 4.92000000 	 1.22000000 	 0.17300000 	 157.35300000 	 0.15600000 	 0.00000000 	 0.05800000 	 0.30700000 	 0.00000000 	 0.04100000 	 0.00400000 	 0.17800000 	 0.00000000 	 23.39758000 	 402.91826000 	 35.44252000 	 0.06010000 	 0.83204000 	 83.23484000 	 81.55516000 	 10.46964000 	 0.03190000 	 0.00580000 	 0.05130000 	 0.22460000 	 18.03526469 	 477.29960000 	 140.03380000 	 52.90485000 	 1.87701000 	 16.23057000 	 1.98509000 	 3.16993000
2273 	 0.80127000 	 0.00000000 	 268.12742000 	 7.00449514 	 11.27640780 	 5.98800000 	 26.92400000 	 4.92100000 	 1.22000000 	 0.17300000 	 157.36200000 	 0.15600000 	 0.00000000 	 0.05800000 	 0.30700000 	 0.00000000 	 0.04100000 	 0.00400000 	 0.17800000 	 0.00000000 	 23.39822000 	 402.92904000 	 35.44348000 	 0.06010000 	 0.83206000 	 83.23706000 	 81.55734000 	 10.46991000 	 0.03190000 	 0.00580000 	 0.05130000 	 0.22460000 	 18.03526469 	 477.29960000 	 140.03380000 	 52.90485000 	 1.87701000 	 16.23057000 	 1.98509000 	 3.16993000
2274 	 0.79876000 	 0.00000000 	 268.14026000 	 7.00449514 	 11.27640780 	 5.98900000 	 26.92700000 	 4.92100000 	 1.22000000 	 0.17300000 	 157.37100000 	 0.15600000 	 0.00000000 	 0.05800000 	 0.30700000 	 0.00000000 	 0.04100000 	 0.00400000 	 0.17800000 	 0.00000000 	 23.39886000 	 402.93982000 	 35.44444000 	 0.06010000 	 0.83208000 	 83.23928000 	 81.55952000 	 10.47018000 	 0.03190000 	 0.00580000 	 0.05130000 	 0.22460000 	 18.03526469 	 477.29960000 	 140.03380000 	 52.90485000 	 1.87701000 	 16.23057000 	 1.98509000 	 3.16993000
2275 	 0.79625000 	 0.00000000 	 268.15310000 	 7.00449514 	 11.27640780 	 5.99000000 	 26.92900000 	 4.92200000 	 1.22000000 	 0.17300000 	 157.37900000 	 0.15600000 	 0.00000000 	 0.05800000 	 0.30700000 	 0.00000000 	 0.04100000 	 0.00400000 	 0.17800000 	 0.00000000 	 23.39950000 	 402.95060000 	 35.44540000 	 0.06010000 	 0.83210000 	 83.24150000 	 81.56170000 	 10.47045000 	 0.03190000 	 0.00580000 	 0.05130000 	 0.22460000 	 18.03526469 	 477.29960000 	 140.03380000 	 52.90485000 	 1.87701000 	 16.23057000 	 1.98509000 	 3.16993000
2276 	 0.79374000 	 0.00000000 	 268.16594000 	 7.00449514 	 11.27640780 	 5.99000000 	 26.93200000 	 4.92200000 	 1.22100000 	 0.17300000 	 157.38800000 	 0.15600000 	 0.00000000 	 0.05800000 	 0.30700000 	 0.00000000 	 0.04100000 	 0.00400000 	 0.17800000 	 0.00000000 	 23.40014000 	 402.96138000 	 35.44636000 	 0.06010000 	 0.83212000 	 83.24372000 	 81.56388000 	 10.47072000 	 0.03190000 	 0.00580000 	 0.05130000 	 0.22460000 	 18.03526469 	 477.29960000 	 140.03380000 	 52.90485000 	 1.87701000 	 16.23057000 	 1.98509000 	 3.16993000
2277 	 0.79123000 	 0.00000000 	 268.17878000 	 7.00449514 	 11.27640780 	 5.99100000 	 26.93500000 	 4.92300000 	 1.22100000 	 0.17300000 	 157.39700000 	 0.15600000 	 0.00000000 	 0.05800000 	 0.30700000 	 0.00000000 	 0.04100000 	 0.00400000 	 0.17800000 	 0.00000000 	 23.40078000 	 402.97216000 	 35.44732000 	 0.06010000 	 0.83214000 	 83.24594000 	 81.56606000 	 10.47099000 	 0.03190000 	 0.00580000 	 0.05130000 	 0.22460000 	 18.03526469 	 477.29960000 	 140.03380000 	 52.90485000 	 1.87701000 	 16.23057000 	 1.98509000 	 3.16993000
2278 	 0.78872000 	 0.00000000 	 268.19162000 	 7.00449514 	 11.27640780 	 5.99200000 	 26.93800000 	 4.92300000 	 1.22100000 	 0.17300000 	 157.40600000 	 0.15600000 	 0.00000000 	 0.05800000 	 0.30700000 	 0.00000000 	 0.04100000 	 0.00400000 	 0.17800000 	 0.00000000 	 23.40142000 	 402.98294000 	 35.44828000 	 0.06010000 	 0.83216000 	 83.24816000 	 81.56824000 	 10.47126000 	 0.03190000 	 0.00580000 	 0.05130000 	 0.22460000 	 18.03526469 	 477.29960000 	 140.03380000 	 52.90485000 	 1.87701000 	 16.23057000 	 1.98509000 	 3.16993000
2279 	 0.78621000 	 0.00000000 	 268.20446000 	 7.00449514 	 11.27640780 	 5.99200000 	 26.94000000 	 4.92400000 	 1.22100000 	 0.17300000 	 157.41400000 	 0.15600000 	 0.00000000 	 0.05800000 	 0.30700000 	 0.00000000 	 0.04100000 	 0.00400000 	 0.17800000 	 0.00000000 	 23.40206000 	 402.99372000 	 35.44924000 	 0.06010000 	 0.83218000 	 83.25038000 	 81.57042000 	 10.47153000 	 0.03190000 	 0.00580000 	 0.05130000 	 0.22460000 	 18.03526469 	 477.29960000 	 140.03380000 	 52.90485000 	 1.87701000 	 16.23057000 	 1.98509000 	 3.16993000
2280 	 0.78370000 	 0.00000000 	 268.21730000 	 7.00449514 	 11.27640780 	 5.99300000 	 26.94300000 	 4.92400000 	 1.22100000 	 0.17300000 	 157.42300000 	 0.15600000 	 0.00000000 	 0.05800000 	 0.30700000 	 0.00000000 	 0.04100000 	 0.00400000 	 0.17800000 	 0.00000000 	 23.40270000 	 403.00450000 	 35.45020000 	 0.06010000 	 0.83220000 	 83.25260000 	 81.57260000 	 10.47180000 	 0.03190000 	 0.00580000 	 0.05130000 	 0.22460000 	 18.03526469 	 477.29960000 	 140.03380000 	 52.90485000 	 1.87701000 	 16.23057000 	 1.98509000 	 3.16993000
2281 	 0.78142000 	 0.00000000 	 268.22963000 	 7.00449514 	 11.27640780 	 5.99300000 	 26.94600000 	 4.92500000 	 1.22100000 	 0.17300000 	 157.43100000 	 0.15600000 	 0.00000000 	 0.05800000 	 0.30700000 	 0.00000000 	 0.04100000 	 0.00400000 	 0.17800000 	 0.00000000 	 23.40330000 	 403.01486000 	 35.45111000 	 0.06010000 	 0.83223000 	 83.25474000 	 81.57470000 	 10.47207000 	 0.03190000 	 0.00580000 	 0.05130000 	 0.22460000 	 18.03526469 	 477.29960000 	 140.03380000 	 52.90485000 	 1.87701000 	 16.23057000 	 1.98509000 	 3.16993000
2282 	 0.77914000 	 0.00000000 	 268.24196000 	 7.00449514 	 11.27640780 	 5.99400000 	 26.94900000 	 4.92500000 	 1.22100000 	 0.17300000 	 157.44000000 	 0.15600000 	 0.00000000 	 0.05800000 	 0.30700000 	 0.00000000 	 0.04100000 	 0.00400000 	 0.17800000 	 0.00000000 	 23.40390000 	 403.02522000 	 35.45202000 	 0.06010000 	 0.83226000 	 83.25688000 	 81.57680000 	 10.47234000 	 0.03190000 	 0.00580000 	 0.05130000 	 0.22460000 	 18.03526469 	 477.29960000 	 140.03380000 	 52.90485000 	 1.87701000 	 16.23057000 	 1.98509000 	 3.16993000
2283 	 0.77686000 	 0.00000000 	 268.25429000 	 7.00449514 	 11.27640780 	 5.99500000 	 26.95100000 	 4.92600000 	 1.22100000 	 0.17300000 	 157.44800000 	 0.15600000 	 0.00000000 	 0.05800000 	 0.30700000 	 0.00000000 	 0.04100000 	 0.00400000 	 0.17800000 	 0.00000000 	 23.40450000 	 403.03558000 	 35.45293000 	 0.06010000 	 0.83229000 	 83.25902000 	 81.57890000 	 10.47261000 	 0.03190000 	 0.00580000 	 0.05130000 	 0.22460000 	 18.03526469 	 477.29960000 	 140.03380000 	 52.90485000 	 1.87701000 	 16.23057000 	 1.98509000 	 3.16993000
2284 	 0.77458000 	 0.00000000 	 268.26662000 	 7.00449514 	 11.27640780 	 5.99500000 	 26.95400000 	 4.92600000 	 1.22100000 	 0.17300000 	 157.45700000 	 0.15600000 	 0.00000000 	 0.05800000 	 0.30700000 	 0.00000000 	 0.04100000 	 0.00400000 	 0.17800000 	 0.00000000 	 23.40510000 	 403.04594000 	 35.45384000 	 0.06010000 	 0.83232000 	 83.26116000 	 81.58100000 	 10.47288000 	 0.03190000 	 0.00580000 	 0.05130000 	 0.22460000 	 18.03526469 	 477.29960000 	 140.03380000 	 52.90485000 	 1.87701000 	 16.23057000 	 1.98509000 	 3.16993000
2285 	 0.77230000 	 0.00000000 	 268.27895000 	 7.00449514 	 11.27640780 	 5.99600000 	 26.95700000 	 4.92700000 	 1.22200000 	 0.17300000 	 157.46500000 	 0.15600000 	 0.00000000 	 0.05800000 	 0.30700000 	 0.00000000 	 0.04100000 	 0.00400000 	 0.17800000 	 0.00000000 	 23.40570000 	 403.05630000 	 35.45475000 	 0.06010000 	 0.83235000 	 83.26330000 	 81.58310000 	 10.47315000 	 0.03190000 	 0.00580000 	 0.05130000 	 0.22460000 	 18.03526469 	 477.29960000 	 140.03380000 	 52.90485000 	 1.87701000 	 16.23057000 	 1.98509000 	 3.16993000
2286 	 0.77002000 	 0.00000000 	 268.29128000 	 7.00449514 	 11.27640780 	 5.99600000 	 26.95900000 	 4.92700000 	 1.22200000 	 0.17300000 	 157.47300000 	 0.15600000 	 0.00000000 	 0.05800000 	 0.30700000 	 0.00000000 	 0.04100000 	 0.00400000 	 0.17800000 	 0.00000000 	 23.40630000 	 403.06666000 	 35.45566000 	 0.06010000 	 0.83238000 	 83.26544000 	 81.58520000 	 10.47342000 	 0.03190000 	 0.00580000 	 0.05130000 	 0.22460000 	 18.03526469 	 477.29960000 	 140.03380000 	 52.90485000 	 1.87701000 	 16.23057000 	 1.98509000 	 3.16993000
2287 	 0.76774000 	 0.00000000 	 268.30361000 	 7.00449514 	 11.27640780 	 5.99700000 	 26.96200000 	 4.92800000 	 1.22200000 	 0.17300000 	 157.48200000 	 0.15600000 	 0.00000000 	 0.05800000 	 0.30700000 	 0.00000000 	 0.04100000 	 0.00400000 	 0.17800000 	 0.00000000 	 23.40690000 	 403.07702000 	 35.45657000 	 0.06010000 	 0.83241000 	 83.26758000 	 81.58730000 	 10.47369000 	 0.03190000 	 0.00580000 	 0.05130000 	 0.22460000 	 18.03526469 	 477.29960000 	 140.03380000 	 52.90485000 	 1.87701000 	 16.23057000 	 1.98509000 	 3.16993000
2288 	 0.76546000 	 0.00000000 	 268.31594000 	 7.00449514 	 11.27640780 	 5.99800000 	 26.96500000 	 4.92800000 	 1.22200000 	 0.17300000 	 157.49000000 	 0.15600000 	 0.00000000 	 0.05800000 	 0.30700000 	 0.00000000 	 0.04100000 	 0.00400000 	 0.17800000 	 0.00000000 	 23.40750000 	 403.08738000 	 35.45748000 	 0.06010000 	 0.83244000 	 83.26972000 	 81.58940000 	 10.47396000 	 0.03190000 	 0.00580000 	 0.05130000 	 0.22460000 	 18.03526469 	 477.29960000 	 140.03380000 	 52.90485000 	 1.87701000 	 16.23057000 	 1.98509000 	 3.16993000
2289 	 0.76318000 	 0.00000000 	 268.32827000 	 7.00449514 	 11.27640780 	 5.99800000 	 26.96700000 	 4.92900000 	 1.22200000 	 0.17300000 	 157.49800000 	 0.15600000 	 0.00000000 	 0.05800000 	 0.30700000 	 0.00000000 	 0.04100000 	 0.00400000 	 0.17800000 	 0.00000000 	 23.40810000 	 403.09774000 	 35.45839000 	 0.06010000 	 0.83247000 	 83.27186000 	 81.59150000 	 10.47423000 	 0.03190000 	 0.00580000 	 0.05130000 	 0.22460000 	 18.03526469 	 477.29960000 	 140.03380000 	 52.90485000 	 1.87701000 	 16.23057000 	 1.98509000 	 3.16993000
2290 	 0.76090000 	 0.00000000 	 268.34060000 	 7.00449514 	 11.27640780 	 5.99900000 	 26.97000000 	 4.92900000 	 1.22200000 	 0.17300000 	 157.50700000 	 0.15600000 	 0.00000000 	 0.05800000 	 0.30700000 	 0.00000000 	 0.04100000 	 0.00400000 	 0.17800000 	 0.00000000 	 23.40870000 	 403.10810000 	 35.45930000 	 0.06010000 	 0.83250000 	 83.27400000 	 81.59360000 	 10.47450000 	 0.03190000 	 0.00580000 	 0.05130000 	 0.22460000 	 18.03526469 	 477.29960000 	 140.03380000 	 52.90485000 	 1.87701000 	 16.23057000 	 1.98509000 	 3.16993000
2291 	 0.75884000 	 0.00000000 	 268.35247000 	 7.00449514 	 11.27640780 	 5.99900000 	 26.97200000 	 4.93000000 	 1.22200000 	 0.17300000 	 157.51500000 	 0.15700000 	 0.00000000 	 0.05800000 	 0.30700000 	 0.00000000 	 0.04100000 	 0.00400000 	 0.17800000 	 0.00000000 	 23.40928000 	 403.11806000 	 35.46017000 	 0.06011000 	 0.83251000 	 83.27607000 	 81.59562000 	 10.47475000 	 0.03190000 	 0.00580000 	 0.05130000 	 0.22460000 	 18.03526469 	 477.29960000 	 140.03380000 	 52.90485000 	 1.87701000 	 16.23057000 	 1.98509000 	 3.16993000
2292 	 0.75678000 	 0.00000000 	 268.36434000 	 7.00449514 	 11.27640780 	 6.00000000 	 26.97500000 	 4.93000000 	 1.22200000 	 0.17300000 	 157.52300000 	 0.15700000 	 0.00000000 	 0.05800000 	 0.30700000 	 0.00000000 	 0.04100000 	 0.00400000 	 0.17800000 	 0.00000000 	 23.40986000 	 403.12802000 	 35.46104000 	 0.06012000 	 0.83252000 	 83.27814000 	 81.59764000 	 10.47500000 	 0.03190000 	 0.00580000 	 0.05130000 	 0.22460000 	 18.03526469 	 477.29960000 	 140.03380000 	 52.90485000 	 1.87701000 	 16.23057000 	 1.98509000 	 3.16993000
2293 	 0.75472000 	 0.00000000 	 268.37621000 	 7.00449514 	 11.27640780 	 6.00000000 	 26.97800000 	 4.93000000 	 1.22300000 	 0.17300000 	 157.53100000 	 0.15700000 	 0.00000000 	 0.05800000 	 0.30700000 	 0.00000000 	 0.04100000 	 0.00400000 	 0.17800000 	 0.00000000 	 23.41044000 	 403.13798000 	 35.46191000 	 0.06013000 	 0.83253000 	 83.28021000 	 81.59966000 	 10.47525000 	 0.03190000 	 0.00580000 	 0.05130000 	 0.22460000 	 18.03526469 	 477.29960000 	 140.03380000 	 52.90485000 	 1.87701000 	 16.23057000 	 1.98509000 	 3.16993000
2294 	 0.75266000 	 0.00000000 	 268.38808000 	 7.00449514 	 11.27640780 	 6.00100000 	 26.98000000 	 4.93100000 	 1.22300000 	 0.17300000 	 157.53900000 	 0.15700000 	 0.00000000 	 0.05800000 	 0.30700000 	 0.00000000 	 0.04100000 	 0.00400000 	 0.17800000 	 0.00000000 	 23.41102000 	 403.14794000 	 35.46278000 	 0.06014000 	 0.83254000 	 83.28228000 	 81.60168000 	 10.47550000 	 0.03190000 	 0.00580000 	 0.05130000 	 0.22460000 	 18.03526469 	 477.29960000 	 140.03380000 	 52.90485000 	 1.87701000 	 16.23057000 	 1.98509000 	 3.16993000
2295 	 0.75060000 	 0.00000000 	 268.39995000 	 7.00449514 	 11.27640780 	 6.00200000 	 26.98300000 	 4.93100000 	 1.22300000 	 0.17300000 	 157.54700000 	 0.15700000 	 0.00000000 	 0.05800000 	 0.30700000 	 0.00000000 	 0.04100000 	 0.00400000 	 0.17800000 	 0.00000000 	 23.41160000 	 403.15790000 	 35.46365000 	 0.06015000 	 0.83255000 	 83.28435000 	 81.60370000 	 10.47575000 	 0.03190000 	 0.00580000 	 0.05130000 	 0.22460000 	 18.03526469 	 477.29960000 	 140.03380000 	 52.90485000 	 1.87701000 	 16.23057000 	 1.98509000 	 3.16993000
2296 	 0.74854000 	 0.00000000 	 268.41182000 	 7.00449514 	 11.27640780 	 6.00200000 	 26.98500000 	 4.93200000 	 1.22300000 	 0.17300000 	 157.55500000 	 0.15700000 	 0.00000000 	 0.05800000 	 0.30700000 	 0.00000000 	 0.04100000 	 0.00400000 	 0.17800000 	 0.00000000 	 23.41218000 	 403.16786000 	 35.46452000 	 0.06016000 	 0.83256000 	 83.28642000 	 81.60572000 	 10.47600000 	 0.03190000 	 0.00580000 	 0.05130000 	 0.22460000 	 18.03526469 	 477.29960000 	 140.03380000 	 52.90485000 	 1.87701000 	 16.23057000 	 1.98509000 	 3.16993000
2297 	 0.74648000 	 0.00000000 	 268.42369000 	 7.00449514 	 11.27640780 	 6.00300000 	 26.98800000 	 4.93200000 	 1.22300000 	 0.17300000 	 157.56400000 	 0.15700000 	 0.00000000 	 0.05800000 	 0.30700000 	 0.00000000 	 0.04100000 	 0.00400000 	 0.17800000 	 0.00000000 	 23.41276000 	 403.17782000 	 35.46539000 	 0.06017000 	 0.83257000 	 83.28849000 	 81.60774000 	 10.47625000 	 0.03190000 	 0.00580000 	 0.05130000 	 0.22460000 	 18.03526469 	 477.29960000 	 140.03380000 	 52.90485000 	 1.87701000 	 16.23057000 	 1.98509000 	 3.16993000
2298 	 0.74442000 	 0.00000000 	 268.43556000 	 7.00449514 	 11.27640780 	 6.00300000 	 26.99100000 	 4.93300000 	 1.22300000 	 0.17300000 	 157.57200000 	 0.15700000 	 0.00000000 	 0.05800000 	 0.30700000 	 0.00000000 	 0.04100000 	 0.00400000 	 0.17800000 	 0.00000000 	 23.41334000 	 403.18778000 	 35.46626000 	 0.06018000 	 0.83258000 	 83.29056000 	 81.60976000 	 10.47650000 	 0.03190000 	 0.00580000 	 0.05130000 	 0.22460000 	 18.03526469 	 477.29960000 	 140.03380000 	 52.90485000 	 1.87701000 	 16.23057000 	 1.98509000 	 3.16993000
2299 	 0.74236000 	 0.00000000 	 268.44743000 	 7.00449514 	 11.27640780 	 6.00400000 	 26.99300000 	 4.93300000 	 1.22300000 	 0.17300000 	 157.57900000 	 0.15700000 	 0.00000000 	 0.05800000 	 0.30700000 	 0.00000000 	 0.04100000 	 0.00400000 	 0.17800000 	 0.00000000 	 23.41392000 	 403.19774000 	 35.46713000 	 0.06019000 	 0.83259000 	 83.29263000 	 81.61178000 	 10.47675000 	 0.03190000 	 0.00580000 	 0.05130000 	 0.22460000 	 18.03526469 	 477.29960000 	 140.03380000 	 52.90485000 	 1.87701000 	 16.23057000 	 1.98509000 	 3.16993000
2300 	 0.74030000 	 0.00000000 	 268.45930000 	 7.00449514 	 11.27640780 	 6.00400000 	 26.99600000 	 4.93400000 	 1.22300000 	 0.17300000 	 157.58700000 	 0.15700000 	 0.00000000 	 0.05800000 	 0.30700000 	 0.00000000 	 0.04100000 	 0.00400000 	 0.17800000 	 0.00000000 	 23.41450000 	 403.20770000 	 35.46800000 	 0.06020000 	 0.83260000 	 83.29470000 	 81.61380000 	 10.47700000 	 0.03190000 	 0.00580000 	 0.05130000 	 0.22460000 	 18.03526469 	 477.29960000 	 140.03380000 	 52.90485000 	 1.87701000 	 16.23057000 	 1.98509000 	 3.16993000
2301 	 0.73871400 	 0.00000000 	 268.46999000 	 7.00449514 	 11.27640780 	 6.00500000 	 26.99800000 	 4.93400000 	 1.22300000 	 0.17300000 	 157.59500000 	 0.15700000 	 0.00000000 	 0.05800000 	 0.30700000 	 0.00000000 	 0.04100000 	 0.00400000 	 0.17800000 	 0.00000000 	 23.41502000 	 403.21667000 	 35.46879000 	 0.06020000 	 0.83262000 	 83.29655200 	 81.61561600 	 10.47723800 	 0.03190000 	 0.00580000 	 0.05130000 	 0.22460000 	 18.03526469 	 477.29960000 	 140.03380000 	 52.90485000 	 1.87701000 	 16.23057000 	 1.98509000 	 3.16993000
2302 	 0.73712800 	 0.00000000 	 268.48068000 	 7.00449514 	 11.27640780 	 6.00600000 	 27.00100000 	 4.93500000 	 1.22400000 	 0.17300000 	 157.60300000 	 0.15700000 	 0.00000000 	 0.05800000 	 0.30700000 	 0.00000000 	 0.04100000 	 0.00400000 	 0.17800000 	 0.00000000 	 23.41554000 	 403.22564000 	 35.46958000 	 0.06020000 	 0.83264000 	 83.29840400 	 81.61743200 	 10.47747600 	 0.03190000 	 0.00580000 	 0.05130000 	 0.22460000 	 18.03526469 	 477.29960000 	 140.03380000 	 52.90485000 	 1.87701000 	 16.23057000 	 1.98509000 	 3.16993000
2303 	 0.73554200 	 0.00000000 	 268.49136000 	 7.00449514 	 11.27640780 	 6.00600000 	 27.00300000 	 4.93500000 	 1.22400000 	 0.17300000 	 157.61100000 	 0.15700000 	 0.00000000 	 0.05800000 	 0.30700000 	 0.00000000 	 0.04100000 	 0.00400000 	 0.17800000 	 0.00000000 	 23.41606000 	 403.23461000 	 35.47037000 	 0.06020000 	 0.83266000 	 83.30025600 	 81.61924800 	 10.47771400 	 0.03190000 	 0.00580000 	 0.05130000 	 0.22460000 	 18.03526469 	 477.29960000 	 140.03380000 	 52.90485000 	 1.87701000 	 16.23057000 	 1.98509000 	 3.16993000
2304 	 0.73395600 	 0.00000000 	 268.50205000 	 7.00449514 	 11.27640780 	 6.00700000 	 27.00600000 	 4.93600000 	 1.22400000 	 0.17300000 	 157.61900000 	 0.15700000 	 0.00000000 	 0.05800000 	 0.30700000 	 0.00000000 	 0.04100000 	 0.00400000 	 0.17800000 	 0.00000000 	 23.41658000 	 403.24358000 	 35.47116000 	 0.06020000 	 0.83268000 	 83.30210800 	 81.62106400 	 10.47795200 	 0.03190000 	 0.00580000 	 0.05130000 	 0.22460000 	 18.03526469 	 477.29960000 	 140.03380000 	 52.90485000 	 1.87701000 	 16.23057000 	 1.98509000 	 3.16993000
2305 	 0.73237000 	 0.00000000 	 268.51274000 	 7.00449514 	 11.27640780 	 6.00700000 	 27.00800000 	 4.93600000 	 1.22400000 	 0.17300000 	 157.62700000 	 0.15700000 	 0.00000000 	 0.05800000 	 0.30700000 	 0.00000000 	 0.04100000 	 0.00400000 	 0.17800000 	 0.00000000 	 23.41710000 	 403.25255000 	 35.47195000 	 0.06020000 	 0.83270000 	 83.30396000 	 81.62288000 	 10.47819000 	 0.03190000 	 0.00580000 	 0.05130000 	 0.22460000 	 18.03526469 	 477.29960000 	 140.03380000 	 52.90485000 	 1.87701000 	 16.23057000 	 1.98509000 	 3.16993000
2306 	 0.73078400 	 0.00000000 	 268.52343000 	 7.00449514 	 11.27640780 	 6.00800000 	 27.01100000 	 4.93600000 	 1.22400000 	 0.17300000 	 157.63400000 	 0.15700000 	 0.00000000 	 0.05800000 	 0.30700000 	 0.00000000 	 0.04100000 	 0.00400000 	 0.17800000 	 0.00000000 	 23.41762000 	 403.26152000 	 35.47274000 	 0.06020000 	 0.83272000 	 83.30581200 	 81.62469600 	 10.47842800 	 0.03190000 	 0.00580000 	 0.05130000 	 0.22460000 	 18.03526469 	 477.29960000 	 140.03380000 	 52.90485000 	 1.87701000 	 16.23057000 	 1.98509000 	 3.16993000
2307 	 0.72919800 	 0.00000000 	 268.53412000 	 7.00449514 	 11.27640780 	 6.00800000 	 27.01300000 	 4.93700000 	 1.22400000 	 0.17300000 	 157.64200000 	 0.15700000 	 0.00000000 	 0.05800000 	 0.30700000 	 0.00000000 	 0.04100000 	 0.00400000 	 0.17800000 	 0.00000000 	 23.41814000 	 403.27049000 	 35.47353000 	 0.06020000 	 0.83274000 	 83.30766400 	 81.62651200 	 10.47866600 	 0.03190000 	 0.00580000 	 0.05130000 	 0.22460000 	 18.03526469 	 477.29960000 	 140.03380000 	 52.90485000 	 1.87701000 	 16.23057000 	 1.98509000 	 3.16993000
2308 	 0.72761200 	 0.00000000 	 268.54480000 	 7.00449514 	 11.27640780 	 6.00900000 	 27.01600000 	 4.93700000 	 1.22400000 	 0.17300000 	 157.65000000 	 0.15700000 	 0.00000000 	 0.05800000 	 0.30700000 	 0.00000000 	 0.04100000 	 0.00400000 	 0.17800000 	 0.00000000 	 23.41866000 	 403.27946000 	 35.47432000 	 0.06020000 	 0.83276000 	 83.30951600 	 81.62832800 	 10.47890400 	 0.03190000 	 0.00580000 	 0.05130000 	 0.22460000 	 18.03526469 	 477.29960000 	 140.03380000 	 52.90485000 	 1.87701000 	 16.23057000 	 1.98509000 	 3.16993000
2309 	 0.72602600 	 0.00000000 	 268.55549000 	 7.00449514 	 11.27640780 	 6.00900000 	 27.01800000 	 4.93800000 	 1.22400000 	 0.17300000 	 157.65800000 	 0.15700000 	 0.00000000 	 0.05800000 	 0.30700000 	 0.00000000 	 0.04100000 	 0.00400000 	 0.17800000 	 0.00000000 	 23.41918000 	 403.28843000 	 35.47511000 	 0.06020000 	 0.83278000 	 83.31136800 	 81.63014400 	 10.47914200 	 0.03190000 	 0.00580000 	 0.05130000 	 0.22460000 	 18.03526469 	 477.29960000 	 140.03380000 	 52.90485000 	 1.87701000 	 16.23057000 	 1.98509000 	 3.16993000
2310 	 0.72444000 	 0.00000000 	 268.56618000 	 7.00449514 	 11.27640780 	 6.01000000 	 27.02000000 	 4.93800000 	 1.22500000 	 0.17300000 	 157.66500000 	 0.15700000 	 0.00000000 	 0.05800000 	 0.30800000 	 0.00000000 	 0.04100000 	 0.00400000 	 0.17800000 	 0.00000000 	 23.41970000 	 403.29740000 	 35.47590000 	 0.06020000 	 0.83280000 	 83.31322000 	 81.63196000 	 10.47938000 	 0.03190000 	 0.00580000 	 0.05130000 	 0.22460000 	 18.03526469 	 477.29960000 	 140.03380000 	 52.90485000 	 1.87701000 	 16.23057000 	 1.98509000 	 3.16993000
2311 	 0.72285400 	 0.00000000 	 268.57687000 	 7.00449514 	 11.27640780 	 6.01100000 	 27.02300000 	 4.93900000 	 1.22500000 	 0.17300000 	 157.67300000 	 0.15700000 	 0.00000000 	 0.05800000 	 0.30800000 	 0.00000000 	 0.04100000 	 0.00400000 	 0.17800000 	 0.00000000 	 23.42022000 	 403.30637000 	 35.47669000 	 0.06020000 	 0.83282000 	 83.31507200 	 81.63377600 	 10.47961800 	 0.03190000 	 0.00580000 	 0.05130000 	 0.22460000 	 18.03526469 	 477.29960000 	 140.03380000 	 52.90485000 	 1.87701000 	 16.23057000 	 1.98509000 	 3.16993000
2312 	 0.72126800 	 0.00000000 	 268.58756000 	 7.00449514 	 11.27640780 	 6.01100000 	 27.02500000 	 4.93900000 	 1.22500000 	 0.17300000 	 157.68000000 	 0.15700000 	 0.00000000 	 0.05800000 	 0.30800000 	 0.00000000 	 0.04100000 	 0.00400000 	 0.17800000 	 0.00000000 	 23.42074000 	 403.31534000 	 35.47748000 	 0.06020000 	 0.83284000 	 83.31692400 	 81.63559200 	 10.47985600 	 0.03190000 	 0.00580000 	 0.05130000 	 0.22460000 	 18.03526469 	 477.29960000 	 140.03380000 	 52.90485000 	 1.87701000 	 16.23057000 	 1.98509000 	 3.16993000
2313 	 0.71968200 	 0.00000000 	 268.59824000 	 7.00449514 	 11.27640780 	 6.01200000 	 27.02800000 	 4.94000000 	 1.22500000 	 0.17300000 	 157.68800000 	 0.15700000 	 0.00000000 	 0.05800000 	 0.30800000 	 0.00000000 	 0.04100000 	 0.00400000 	 0.17800000 	 0.00000000 	 23.42126000 	 403.32431000 	 35.47827000 	 0.06020000 	 0.83286000 	 83.31877600 	 81.63740800 	 10.48009400 	 0.03190000 	 0.00580000 	 0.05130000 	 0.22460000 	 18.03526469 	 477.29960000 	 140.03380000 	 52.90485000 	 1.87701000 	 16.23057000 	 1.98509000 	 3.16993000
2314 	 0.71809600 	 0.00000000 	 268.60893000 	 7.00449514 	 11.27640780 	 6.01200000 	 27.03000000 	 4.94000000 	 1.22500000 	 0.17300000 	 157.69600000 	 0.15700000 	 0.00000000 	 0.05800000 	 0.30800000 	 0.00000000 	 0.04100000 	 0.00400000 	 0.17800000 	 0.00000000 	 23.42178000 	 403.33328000 	 35.47906000 	 0.06020000 	 0.83288000 	 83.32062800 	 81.63922400 	 10.48033200 	 0.03190000 	 0.00580000 	 0.05130000 	 0.22460000 	 18.03526469 	 477.29960000 	 140.03380000 	 52.90485000 	 1.87701000 	 16.23057000 	 1.98509000 	 3.16993000
2315 	 0.71651000 	 0.00000000 	 268.61962000 	 7.00449514 	 11.27640780 	 6.01300000 	 27.03200000 	 4.94000000 	 1.22500000 	 0.17300000 	 157.70300000 	 0.15700000 	 0.00000000 	 0.05800000 	 0.30800000 	 0.00000000 	 0.04100000 	 0.00400000 	 0.17900000 	 0.00000000 	 23.42230000 	 403.34225000 	 35.47985000 	 0.06020000 	 0.83290000 	 83.32248000 	 81.64104000 	 10.48057000 	 0.03190000 	 0.00580000 	 0.05130000 	 0.22460000 	 18.03526469 	 477.29960000 	 140.03380000 	 52.90485000 	 1.87701000 	 16.23057000 	 1.98509000 	 3.16993000
2316 	 0.71492400 	 0.00000000 	 268.63031000 	 7.00449514 	 11.27640780 	 6.01300000 	 27.03500000 	 4.94100000 	 1.22500000 	 0.17400000 	 157.71100000 	 0.15700000 	 0.00000000 	 0.05800000 	 0.30800000 	 0.00000000 	 0.04100000 	 0.00400000 	 0.17900000 	 0.00000000 	 23.42282000 	 403.35122000 	 35.48064000 	 0.06020000 	 0.83292000 	 83.32433200 	 81.64285600 	 10.48080800 	 0.03190000 	 0.00580000 	 0.05130000 	 0.22460000 	 18.03526469 	 477.29960000 	 140.03380000 	 52.90485000 	 1.87701000 	 16.23057000 	 1.98509000 	 3.16993000
2317 	 0.71333800 	 0.00000000 	 268.64100000 	 7.00449514 	 11.27640780 	 6.01400000 	 27.03700000 	 4.94100000 	 1.22500000 	 0.17400000 	 157.71800000 	 0.15700000 	 0.00000000 	 0.05800000 	 0.30800000 	 0.00000000 	 0.04100000 	 0.00400000 	 0.17900000 	 0.00000000 	 23.42334000 	 403.36019000 	 35.48143000 	 0.06020000 	 0.83294000 	 83.32618400 	 81.64467200 	 10.48104600 	 0.03190000 	 0.00580000 	 0.05130000 	 0.22460000 	 18.03526469 	 477.29960000 	 140.03380000 	 52.90485000 	 1.87701000 	 16.23057000 	 1.98509000 	 3.16993000
2318 	 0.71175200 	 0.00000000 	 268.65168000 	 7.00449514 	 11.27640780 	 6.01400000 	 27.04000000 	 4.94200000 	 1.22500000 	 0.17400000 	 157.72500000 	 0.15700000 	 0.00000000 	 0.05800000 	 0.30800000 	 0.00000000 	 0.04100000 	 0.00400000 	 0.17900000 	 0.00000000 	 23.42386000 	 403.36916000 	 35.48222000 	 0.06020000 	 0.83296000 	 83.32803600 	 81.64648800 	 10.48128400 	 0.03190000 	 0.00580000 	 0.05130000 	 0.22460000 	 18.03526469 	 477.29960000 	 140.03380000 	 52.90485000 	 1.87701000 	 16.23057000 	 1.98509000 	 3.16993000
2319 	 0.71016600 	 0.00000000 	 268.66237000 	 7.00449514 	 11.27640780 	 6.01500000 	 27.04200000 	 4.94200000 	 1.22500000 	 0.17400000 	 157.73300000 	 0.15700000 	 0.00000000 	 0.05800000 	 0.30800000 	 0.00000000 	 0.04100000 	 0.00400000 	 0.17900000 	 0.00000000 	 23.42438000 	 403.37813000 	 35.48301000 	 0.06020000 	 0.83298000 	 83.32988800 	 81.64830400 	 10.48152200 	 0.03190000 	 0.00580000 	 0.05130000 	 0.22460000 	 18.03526469 	 477.29960000 	 140.03380000 	 52.90485000 	 1.87701000 	 16.23057000 	 1.98509000 	 3.16993000
2320 	 0.70858000 	 0.00000000 	 268.67306000 	 7.00449514 	 11.27640780 	 6.01500000 	 27.04400000 	 4.94300000 	 1.22600000 	 0.17400000 	 157.74000000 	 0.15700000 	 0.00000000 	 0.05800000 	 0.30800000 	 0.00000000 	 0.04100000 	 0.00400000 	 0.17900000 	 0.00000000 	 23.42490000 	 403.38710000 	 35.48380000 	 0.06020000 	 0.83300000 	 83.33174000 	 81.65012000 	 10.48176000 	 0.03190000 	 0.00580000 	 0.05130000 	 0.22460000 	 18.03526469 	 477.29960000 	 140.03380000 	 52.90485000 	 1.87701000 	 16.23057000 	 1.98509000 	 3.16993000
2321 	 0.70699400 	 0.00000000 	 268.68375000 	 7.00449514 	 11.27640780 	 6.01600000 	 27.04700000 	 4.94300000 	 1.22600000 	 0.17400000 	 157.74800000 	 0.15700000 	 0.00000000 	 0.05800000 	 0.30800000 	 0.00000000 	 0.04100000 	 0.00400000 	 0.17900000 	 0.00000000 	 23.42542000 	 403.39607000 	 35.48459000 	 0.06020000 	 0.83302000 	 83.33359200 	 81.65193600 	 10.48199800 	 0.03190000 	 0.00580000 	 0.05130000 	 0.22460000 	 18.03526469 	 477.29960000 	 140.03380000 	 52.90485000 	 1.87701000 	 16.23057000 	 1.98509000 	 3.16993000
2322 	 0.70540800 	 0.00000000 	 268.69444000 	 7.00449514 	 11.27640780 	 6.01600000 	 27.04900000 	 4.94300000 	 1.22600000 	 0.17400000 	 157.75500000 	 0.15700000 	 0.00000000 	 0.05800000 	 0.30800000 	 0.00000000 	 0.04100000 	 0.00400000 	 0.17900000 	 0.00000000 	 23.42594000 	 403.40504000 	 35.48538000 	 0.06020000 	 0.83304000 	 83.33544400 	 81.65375200 	 10.48223600 	 0.03190000 	 0.00580000 	 0.05130000 	 0.22460000 	 18.03526469 	 477.29960000 	 140.03380000 	 52.90485000 	 1.87701000 	 16.23057000 	 1.98509000 	 3.16993000
2323 	 0.70382200 	 0.00000000 	 268.70512000 	 7.00449514 	 11.27640780 	 6.01700000 	 27.05100000 	 4.94400000 	 1.22600000 	 0.17400000 	 157.76200000 	 0.15700000 	 0.00000000 	 0.05800000 	 0.30800000 	 0.00000000 	 0.04100000 	 0.00400000 	 0.17900000 	 0.00000000 	 23.42646000 	 403.41401000 	 35.48617000 	 0.06020000 	 0.83306000 	 83.33729600 	 81.65556800 	 10.48247400 	 0.03190000 	 0.00580000 	 0.05130000 	 0.22460000 	 18.03526469 	 477.29960000 	 140.03380000 	 52.90485000 	 1.87701000 	 16.23057000 	 1.98509000 	 3.16993000
2324 	 0.70223600 	 0.00000000 	 268.71581000 	 7.00449514 	 11.27640780 	 6.01700000 	 27.05400000 	 4.94400000 	 1.22600000 	 0.17400000 	 157.77000000 	 0.15700000 	 0.00000000 	 0.05800000 	 0.30800000 	 0.00000000 	 0.04100000 	 0.00400000 	 0.17900000 	 0.00000000 	 23.42698000 	 403.42298000 	 35.48696000 	 0.06020000 	 0.83308000 	 83.33914800 	 81.65738400 	 10.48271200 	 0.03190000 	 0.00580000 	 0.05130000 	 0.22460000 	 18.03526469 	 477.29960000 	 140.03380000 	 52.90485000 	 1.87701000 	 16.23057000 	 1.98509000 	 3.16993000
2325 	 0.70065000 	 0.00000000 	 268.72650000 	 7.00449514 	 11.27640780 	 6.01800000 	 27.05600000 	 4.94500000 	 1.22600000 	 0.17400000 	 157.77700000 	 0.15700000 	 0.00000000 	 0.05800000 	 0.30800000 	 0.00000000 	 0.04100000 	 0.00400000 	 0.17900000 	 0.00000000 	 23.42750000 	 403.43195000 	 35.48775000 	 0.06020000 	 0.83310000 	 83.34100000 	 81.65920000 	 10.48295000 	 0.03190000 	 0.00580000 	 0.05130000 	 0.22460000 	 18.03526469 	 477.29960000 	 140.03380000 	 52.90485000 	 1.87701000 	 16.23057000 	 1.98509000 	 3.16993000
2326 	 0.69906400 	 0.00000000 	 268.73719000 	 7.00449514 	 11.27640780 	 6.01800000 	 27.05800000 	 4.94500000 	 1.22600000 	 0.17400000 	 157.78400000 	 0.15700000 	 0.00000000 	 0.05800000 	 0.30800000 	 0.00000000 	 0.04100000 	 0.00400000 	 0.17900000 	 0.00000000 	 23.42802000 	 403.44092000 	 35.48854000 	 0.06020000 	 0.83312000 	 83.34285200 	 81.66101600 	 10.48318800 	 0.03190000 	 0.00580000 	 0.05130000 	 0.22460000 	 18.03526469 	 477.29960000 	 140.03380000 	 52.90485000 	 1.87701000 	 16.23057000 	 1.98509000 	 3.16993000
2327 	 0.69747800 	 0.00000000 	 268.74788000 	 7.00449514 	 11.27640780 	 6.01900000 	 27.06100000 	 4.94600000 	 1.22600000 	 0.17400000 	 157.79100000 	 0.15700000 	 0.00000000 	 0.05800000 	 0.30800000 	 0.00000000 	 0.04100000 	 0.00400000 	 0.17900000 	 0.00000000 	 23.42854000 	 403.44989000 	 35.48933000 	 0.06020000 	 0.83314000 	 83.34470400 	 81.66283200 	 10.48342600 	 0.03190000 	 0.00580000 	 0.05130000 	 0.22460000 	 18.03526469 	 477.29960000 	 140.03380000 	 52.90485000 	 1.87701000 	 16.23057000 	 1.98509000 	 3.16993000
2328 	 0.69589200 	 0.00000000 	 268.75856000 	 7.00449514 	 11.27640780 	 6.01900000 	 27.06300000 	 4.94600000 	 1.22600000 	 0.17400000 	 157.79800000 	 0.15700000 	 0.00000000 	 0.05800000 	 0.30800000 	 0.00000000 	 0.04100000 	 0.00400000 	 0.17900000 	 0.00000000 	 23.42906000 	 403.45886000 	 35.49012000 	 0.06020000 	 0.83316000 	 83.34655600 	 81.66464800 	 10.48366400 	 0.03190000 	 0.00580000 	 0.05130000 	 0.22460000 	 18.03526469 	 477.29960000 	 140.03380000 	 52.90485000 	 1.87701000 	 16.23057000 	 1.98509000 	 3.16993000
2329 	 0.69430600 	 0.00000000 	 268.76925000 	 7.00449514 	 11.27640780 	 6.02000000 	 27.06500000 	 4.94600000 	 1.22700000 	 0.17400000 	 157.80600000 	 0.15700000 	 0.00000000 	 0.05800000 	 0.30800000 	 0.00000000 	 0.04100000 	 0.00400000 	 0.17900000 	 0.00000000 	 23.42958000 	 403.46783000 	 35.49091000 	 0.06020000 	 0.83318000 	 83.34840800 	 81.66646400 	 10.48390200 	 0.03190000 	 0.00580000 	 0.05130000 	 0.22460000 	 18.03526469 	 477.29960000 	 140.03380000 	 52.90485000 	 1.87701000 	 16.23057000 	 1.98509000 	 3.16993000
2330 	 0.69272000 	 0.00000000 	 268.77994000 	 7.00449514 	 11.27640780 	 6.02000000 	 27.06700000 	 4.94700000 	 1.22700000 	 0.17400000 	 157.81300000 	 0.15700000 	 0.00000000 	 0.05800000 	 0.30800000 	 0.00000000 	 0.04100000 	 0.00400000 	 0.17900000 	 0.00000000 	 23.43010000 	 403.47680000 	 35.49170000 	 0.06020000 	 0.83320000 	 83.35026000 	 81.66828000 	 10.48414000 	 0.03190000 	 0.00580000 	 0.05130000 	 0.22460000 	 18.03526469 	 477.29960000 	 140.03380000 	 52.90485000 	 1.87701000 	 16.23057000 	 1.98509000 	 3.16993000
2331 	 0.69113400 	 0.00000000 	 268.79063000 	 7.00449514 	 11.27640780 	 6.02100000 	 27.07000000 	 4.94700000 	 1.22700000 	 0.17400000 	 157.82000000 	 0.15700000 	 0.00000000 	 0.05800000 	 0.30800000 	 0.00000000 	 0.04100000 	 0.00400000 	 0.17900000 	 0.00000000 	 23.43062000 	 403.48577000 	 35.49249000 	 0.06020000 	 0.83322000 	 83.35211200 	 81.67009600 	 10.48437800 	 0.03190000 	 0.00580000 	 0.05130000 	 0.22460000 	 18.03526469 	 477.29960000 	 140.03380000 	 52.90485000 	 1.87701000 	 16.23057000 	 1.98509000 	 3.16993000
2332 	 0.68954800 	 0.00000000 	 268.80132000 	 7.00449514 	 11.27640780 	 6.02100000 	 27.07200000 	 4.94800000 	 1.22700000 	 0.17400000 	 157.82700000 	 0.15700000 	 0.00000000 	 0.05800000 	 0.30800000 	 0.00000000 	 0.04100000 	 0.00400000 	 0.17900000 	 0.00000000 	 23.43114000 	 403.49474000 	 35.49328000 	 0.06020000 	 0.83324000 	 83.35396400 	 81.67191200 	 10.48461600 	 0.03190000 	 0.00580000 	 0.05130000 	 0.22460000 	 18.03526469 	 477.29960000 	 140.03380000 	 52.90485000 	 1.87701000 	 16.23057000 	 1.98509000 	 3.16993000
2333 	 0.68796200 	 0.00000000 	 268.81200000 	 7.00449514 	 11.27640780 	 6.02200000 	 27.07400000 	 4.94800000 	 1.22700000 	 0.17400000 	 157.83400000 	 0.15700000 	 0.00000000 	 0.05800000 	 0.30800000 	 0.00000000 	 0.04100000 	 0.00400000 	 0.17900000 	 0.00000000 	 23.43166000 	 403.50371000 	 35.49407000 	 0.06020000 	 0.83326000 	 83.35581600 	 81.67372800 	 10.48485400 	 0.03190000 	 0.00580000 	 0.05130000 	 0.22460000 	 18.03526469 	 477.29960000 	 140.03380000 	 52.90485000 	 1.87701000 	 16.23057000 	 1.98509000 	 3.16993000
2334 	 0.68637600 	 0.00000000 	 268.82269000 	 7.00449514 	 11.27640780 	 6.02200000 	 27.07600000 	 4.94800000 	 1.22700000 	 0.17400000 	 157.84100000 	 0.15700000 	 0.00000000 	 0.05800000 	 0.30800000 	 0.00000000 	 0.04100000 	 0.00400000 	 0.17900000 	 0.00000000 	 23.43218000 	 403.51268000 	 35.49486000 	 0.06020000 	 0.83328000 	 83.35766800 	 81.67554400 	 10.48509200 	 0.03190000 	 0.00580000 	 0.05130000 	 0.22460000 	 18.03526469 	 477.29960000 	 140.03380000 	 52.90485000 	 1.87701000 	 16.23057000 	 1.98509000 	 3.16993000
2335 	 0.68479000 	 0.00000000 	 268.83338000 	 7.00449514 	 11.27640780 	 6.02300000 	 27.07900000 	 4.94900000 	 1.22700000 	 0.17400000 	 157.84800000 	 0.15700000 	 0.00000000 	 0.05800000 	 0.30800000 	 0.00000000 	 0.04100000 	 0.00400000 	 0.17900000 	 0.00000000 	 23.43270000 	 403.52165000 	 35.49565000 	 0.06020000 	 0.83330000 	 83.35952000 	 81.67736000 	 10.48533000 	 0.03190000 	 0.00580000 	 0.05130000 	 0.22460000 	 18.03526469 	 477.29960000 	 140.03380000 	 52.90485000 	 1.87701000 	 16.23057000 	 1.98509000 	 3.16993000
2336 	 0.68320400 	 0.00000000 	 268.84407000 	 7.00449514 	 11.27640780 	 6.02300000 	 27.08100000 	 4.94900000 	 1.22700000 	 0.17400000 	 157.85500000 	 0.15700000 	 0.00000000 	 0.05800000 	 0.30800000 	 0.00000000 	 0.04100000 	 0.00400000 	 0.17900000 	 0.00000000 	 23.43322000 	 403.53062000 	 35.49644000 	 0.06020000 	 0.83332000 	 83.36137200 	 81.67917600 	 10.48556800 	 0.03190000 	 0.00580000 	 0.05130000 	 0.22460000 	 18.03526469 	 477.29960000 	 140.03380000 	 52.90485000 	 1.87701000 	 16.23057000 	 1.98509000 	 3.16993000
2337 	 0.68161800 	 0.00000000 	 268.85476000 	 7.00449514 	 11.27640780 	 6.02400000 	 27.08300000 	 4.95000000 	 1.22700000 	 0.17400000 	 157.86200000 	 0.15700000 	 0.00000000 	 0.05800000 	 0.30800000 	 0.00000000 	 0.04100000 	 0.00400000 	 0.17900000 	 0.00000000 	 23.43374000 	 403.53959000 	 35.49723000 	 0.06020000 	 0.83334000 	 83.36322400 	 81.68099200 	 10.48580600 	 0.03190000 	 0.00580000 	 0.05130000 	 0.22460000 	 18.03526469 	 477.29960000 	 140.03380000 	 52.90485000 	 1.87701000 	 16.23057000 	 1.98509000 	 3.16993000
2338 	 0.68003200 	 0.00000000 	 268.86544000 	 7.00449514 	 11.27640780 	 6.02400000 	 27.08500000 	 4.95000000 	 1.22700000 	 0.17400000 	 157.86900000 	 0.15700000 	 0.00000000 	 0.05800000 	 0.30800000 	 0.00000000 	 0.04100000 	 0.00400000 	 0.17900000 	 0.00000000 	 23.43426000 	 403.54856000 	 35.49802000 	 0.06020000 	 0.83336000 	 83.36507600 	 81.68280800 	 10.48604400 	 0.03190000 	 0.00580000 	 0.05130000 	 0.22460000 	 18.03526469 	 477.29960000 	 140.03380000 	 52.90485000 	 1.87701000 	 16.23057000 	 1.98509000 	 3.16993000
2339 	 0.67844600 	 0.00000000 	 268.87613000 	 7.00449514 	 11.27640780 	 6.02500000 	 27.08800000 	 4.95100000 	 1.22800000 	 0.17400000 	 157.87600000 	 0.15700000 	 0.00000000 	 0.05800000 	 0.30800000 	 0.00000000 	 0.04100000 	 0.00400000 	 0.17900000 	 0.00000000 	 23.43478000 	 403.55753000 	 35.49881000 	 0.06020000 	 0.83338000 	 83.36692800 	 81.68462400 	 10.48628200 	 0.03190000 	 0.00580000 	 0.05130000 	 0.22460000 	 18.03526469 	 477.29960000 	 140.03380000 	 52.90485000 	 1.87701000 	 16.23057000 	 1.98509000 	 3.16993000
2340 	 0.67686000 	 0.00000000 	 268.88682000 	 7.00449514 	 11.27640780 	 6.02500000 	 27.09000000 	 4.95100000 	 1.22800000 	 0.17400000 	 157.88300000 	 0.15700000 	 0.00000000 	 0.05800000 	 0.30800000 	 0.00000000 	 0.04100000 	 0.00400000 	 0.17900000 	 0.00000000 	 23.43530000 	 403.56650000 	 35.49960000 	 0.06020000 	 0.83340000 	 83.36878000 	 81.68644000 	 10.48652000 	 0.03190000 	 0.00580000 	 0.05130000 	 0.22460000 	 18.03526469 	 477.29960000 	 140.03380000 	 52.90485000 	 1.87701000 	 16.23057000 	 1.98509000 	 3.16993000
2341 	 0.67527400 	 0.00000000 	 268.89751000 	 7.00449514 	 11.27640780 	 6.02600000 	 27.09200000 	 4.95100000 	 1.22800000 	 0.17400000 	 157.89000000 	 0.15700000 	 0.00000000 	 0.05800000 	 0.30800000 	 0.00000000 	 0.04100000 	 0.00400000 	 0.17900000 	 0.00000000 	 23.43582000 	 403.57547000 	 35.50039000 	 0.06020000 	 0.83342000 	 83.37063200 	 81.68825600 	 10.48675800 	 0.03190000 	 0.00580000 	 0.05130000 	 0.22460000 	 18.03526469 	 477.29960000 	 140.03380000 	 52.90485000 	 1.87701000 	 16.23057000 	 1.98509000 	 3.16993000
2342 	 0.67368800 	 0.00000000 	 268.90820000 	 7.00449514 	 11.27640780 	 6.02600000 	 27.09400000 	 4.95200000 	 1.22800000 	 0.17400000 	 157.89600000 	 0.15700000 	 0.00000000 	 0.05800000 	 0.30800000 	 0.00000000 	 0.04100000 	 0.00400000 	 0.17900000 	 0.00000000 	 23.43634000 	 403.58444000 	 35.50118000 	 0.06020000 	 0.83344000 	 83.37248400 	 81.69007200 	 10.48699600 	 0.03190000 	 0.00580000 	 0.05130000 	 0.22460000 	 18.03526469 	 477.29960000 	 140.03380000 	 52.90485000 	 1.87701000 	 16.23057000 	 1.98509000 	 3.16993000
2343 	 0.67210200 	 0.00000000 	 268.91888000 	 7.00449514 	 11.27640780 	 6.02700000 	 27.09600000 	 4.95200000 	 1.22800000 	 0.17400000 	 157.90300000 	 0.15700000 	 0.00000000 	 0.05800000 	 0.30800000 	 0.00000000 	 0.04100000 	 0.00400000 	 0.17900000 	 0.00000000 	 23.43686000 	 403.59341000 	 35.50197000 	 0.06020000 	 0.83346000 	 83.37433600 	 81.69188800 	 10.48723400 	 0.03190000 	 0.00580000 	 0.05130000 	 0.22460000 	 18.03526469 	 477.29960000 	 140.03380000 	 52.90485000 	 1.87701000 	 16.23057000 	 1.98509000 	 3.16993000
2344 	 0.67051600 	 0.00000000 	 268.92957000 	 7.00449514 	 11.27640780 	 6.02700000 	 27.09800000 	 4.95300000 	 1.22800000 	 0.17400000 	 157.91000000 	 0.15700000 	 0.00000000 	 0.05800000 	 0.30800000 	 0.00000000 	 0.04100000 	 0.00400000 	 0.17900000 	 0.00000000 	 23.43738000 	 403.60238000 	 35.50276000 	 0.06020000 	 0.83348000 	 83.37618800 	 81.69370400 	 10.48747200 	 0.03190000 	 0.00580000 	 0.05130000 	 0.22460000 	 18.03526469 	 477.29960000 	 140.03380000 	 52.90485000 	 1.87701000 	 16.23057000 	 1.98509000 	 3.16993000
2345 	 0.66893000 	 0.00000000 	 268.94026000 	 7.00449514 	 11.27640780 	 6.02800000 	 27.10100000 	 4.95300000 	 1.22800000 	 0.17400000 	 157.91700000 	 0.15700000 	 0.00000000 	 0.05800000 	 0.30800000 	 0.00000000 	 0.04100000 	 0.00400000 	 0.17900000 	 0.00000000 	 23.43790000 	 403.61135000 	 35.50355000 	 0.06020000 	 0.83350000 	 83.37804000 	 81.69552000 	 10.48771000 	 0.03190000 	 0.00580000 	 0.05130000 	 0.22460000 	 18.03526469 	 477.29960000 	 140.03380000 	 52.90485000 	 1.87701000 	 16.23057000 	 1.98509000 	 3.16993000
2346 	 0.66734400 	 0.00000000 	 268.95095000 	 7.00449514 	 11.27640780 	 6.02800000 	 27.10300000 	 4.95300000 	 1.22800000 	 0.17400000 	 157.92400000 	 0.15700000 	 0.00000000 	 0.05800000 	 0.30800000 	 0.00000000 	 0.04100000 	 0.00400000 	 0.17900000 	 0.00000000 	 23.43842000 	 403.62032000 	 35.50434000 	 0.06020000 	 0.83352000 	 83.37989200 	 81.69733600 	 10.48794800 	 0.03190000 	 0.00580000 	 0.05130000 	 0.22460000 	 18.03526469 	 477.29960000 	 140.03380000 	 52.90485000 	 1.87701000 	 16.23057000 	 1.98509000 	 3.16993000
2347 	 0.66575800 	 0.00000000 	 268.96164000 	 7.00449514 	 11.27640780 	 6.02900000 	 27.10500000 	 4.95400000 	 1.22800000 	 0.17400000 	 157.93000000 	 0.15700000 	 0.00000000 	 0.05800000 	 0.30800000 	 0.00000000 	 0.04100000 	 0.00400000 	 0.17900000 	 0.00000000 	 23.43894000 	 403.62929000 	 35.50513000 	 0.06020000 	 0.83354000 	 83.38174400 	 81.69915200 	 10.48818600 	 0.03190000 	 0.00580000 	 0.05130000 	 0.22460000 	 18.03526469 	 477.29960000 	 140.03380000 	 52.90485000 	 1.87701000 	 16.23057000 	 1.98509000 	 3.16993000
2348 	 0.66417200 	 0.00000000 	 268.97232000 	 7.00449514 	 11.27640780 	 6.02900000 	 27.10700000 	 4.95400000 	 1.22800000 	 0.17400000 	 157.93700000 	 0.15700000 	 0.00000000 	 0.05800000 	 0.30800000 	 0.00000000 	 0.04100000 	 0.00400000 	 0.17900000 	 0.00000000 	 23.43946000 	 403.63826000 	 35.50592000 	 0.06020000 	 0.83356000 	 83.38359600 	 81.70096800 	 10.48842400 	 0.03190000 	 0.00580000 	 0.05130000 	 0.22460000 	 18.03526469 	 477.29960000 	 140.03380000 	 52.90485000 	 1.87701000 	 16.23057000 	 1.98509000 	 3.16993000
2349 	 0.66258600 	 0.00000000 	 268.98301000 	 7.00449514 	 11.27640780 	 6.03000000 	 27.10900000 	 4.95400000 	 1.22900000 	 0.17400000 	 157.94400000 	 0.15700000 	 0.00000000 	 0.05800000 	 0.30800000 	 0.00000000 	 0.04100000 	 0.00400000 	 0.17900000 	 0.00000000 	 23.43998000 	 403.64723000 	 35.50671000 	 0.06020000 	 0.83358000 	 83.38544800 	 81.70278400 	 10.48866200 	 0.03190000 	 0.00580000 	 0.05130000 	 0.22460000 	 18.03526469 	 477.29960000 	 140.03380000 	 52.90485000 	 1.87701000 	 16.23057000 	 1.98509000 	 3.16993000
2350 	 0.66100000 	 0.00000000 	 268.99370000 	 7.00449514 	 11.27640780 	 6.03000000 	 27.11100000 	 4.95500000 	 1.22900000 	 0.17400000 	 157.95100000 	 0.15700000 	 0.00000000 	 0.05800000 	 0.30800000 	 0.00000000 	 0.04100000 	 0.00400000 	 0.17900000 	 0.00000000 	 23.44050000 	 403.65620000 	 35.50750000 	 0.06020000 	 0.83360000 	 83.38730000 	 81.70460000 	 10.48890000 	 0.03190000 	 0.00580000 	 0.05130000 	 0.22460000 	 18.03526469 	 477.29960000 	 140.03380000 	 52.90485000 	 1.87701000 	 16.23057000 	 1.98509000 	 3.16993000
2351 	 0.65988600 	 0.00000000 	 269.00281000 	 7.00449514 	 11.27640780 	 6.03100000 	 27.11300000 	 4.95500000 	 1.22900000 	 0.17400000 	 157.95700000 	 0.15700000 	 0.00000000 	 0.05800000 	 0.30800000 	 0.00000000 	 0.04100000 	 0.00400000 	 0.17900000 	 0.00000000 	 23.44094400 	 403.66384000 	 35.50817200 	 0.06020000 	 0.83361800 	 83.38887800 	 81.70614400 	 10.48909800 	 0.03190000 	 0.00580000 	 0.05130400 	 0.22460000 	 18.03526469 	 477.29960000 	 140.03380000 	 52.90485000 	 1.87701000 	 16.23057000 	 1.98509000 	 3.16993000
2352 	 0.65877200 	 0.00000000 	 269.01192000 	 7.00449514 	 11.27640780 	 6.03100000 	 27.11600000 	 4.95600000 	 1.22900000 	 0.17400000 	 157.96400000 	 0.15700000 	 0.00000000 	 0.05800000 	 0.30800000 	 0.00000000 	 0.04100000 	 0.00400000 	 0.17900000 	 0.00000000 	 23.44138800 	 403.67149000 	 35.50884400 	 0.06020000 	 0.83363600 	 83.39045600 	 81.70768800 	 10.48929600 	 0.03190000 	 0.00580000 	 0.05130800 	 0.22460000 	 18.03526469 	 477.29960000 	 140.03380000 	 52.90485000 	 1.87701000 	 16.23057000 	 1.98509000 	 3.16993000
2353 	 0.65765800 	 0.00000000 	 269.02102000 	 7.00449514 	 11.27640780 	 6.03200000 	 27.11800000 	 4.95600000 	 1.22900000 	 0.17400000 	 157.97000000 	 0.15700000 	 0.00000000 	 0.05800000 	 0.30800000 	 0.00000000 	 0.04100000 	 0.00400000 	 0.17900000 	 0.00000000 	 23.44183200 	 403.67913000 	 35.50951600 	 0.06020000 	 0.83365400 	 83.39203400 	 81.70923200 	 10.48949400 	 0.03190000 	 0.00580000 	 0.05131200 	 0.22460000 	 18.03526469 	 477.29960000 	 140.03380000 	 52.90485000 	 1.87701000 	 16.23057000 	 1.98509000 	 3.16993000
2354 	 0.65654400 	 0.00000000 	 269.03013000 	 7.00449514 	 11.27640780 	 6.03200000 	 27.12000000 	 4.95600000 	 1.22900000 	 0.17400000 	 157.97700000 	 0.15700000 	 0.00000000 	 0.05800000 	 0.30800000 	 0.00000000 	 0.04100000 	 0.00400000 	 0.17900000 	 0.00000000 	 23.44227600 	 403.68678000 	 35.51018800 	 0.06020000 	 0.83367200 	 83.39361200 	 81.71077600 	 10.48969200 	 0.03190000 	 0.00580000 	 0.05131600 	 0.22460000 	 18.03526469 	 477.29960000 	 140.03380000 	 52.90485000 	 1.87701000 	 16.23057000 	 1.98509000 	 3.16993000
2355 	 0.65543000 	 0.00000000 	 269.03924000 	 7.00449514 	 11.27640780 	 6.03300000 	 27.12200000 	 4.95700000 	 1.22900000 	 0.17400000 	 157.98400000 	 0.15700000 	 0.00000000 	 0.05800000 	 0.30800000 	 0.00000000 	 0.04100000 	 0.00400000 	 0.17900000 	 0.00000000 	 23.44272000 	 403.69442000 	 35.51086000 	 0.06020000 	 0.83369000 	 83.39519000 	 81.71232000 	 10.48989000 	 0.03190000 	 0.00580000 	 0.05132000 	 0.22460000 	 18.03526469 	 477.29960000 	 140.03380000 	 52.90485000 	 1.87701000 	 16.23057000 	 1.98509000 	 3.16993000
2356 	 0.65431600 	 0.00000000 	 269.04835000 	 7.00449514 	 11.27640780 	 6.03300000 	 27.12400000 	 4.95700000 	 1.22900000 	 0.17400000 	 157.99000000 	 0.15700000 	 0.00000000 	 0.05800000 	 0.30800000 	 0.00000000 	 0.04100000 	 0.00400000 	 0.17900000 	 0.00000000 	 23.44316400 	 403.70206000 	 35.51153200 	 0.06020000 	 0.83370800 	 83.39676800 	 81.71386400 	 10.49008800 	 0.03190000 	 0.00580000 	 0.05132400 	 0.22460000 	 18.03526469 	 477.29960000 	 140.03380000 	 52.90485000 	 1.87701000 	 16.23057000 	 1.98509000 	 3.16993000
2357 	 0.65320200 	 0.00000000 	 269.05746000 	 7.00449514 	 11.27640780 	 6.03300000 	 27.12600000 	 4.95800000 	 1.22900000 	 0.17400000 	 157.99700000 	 0.15700000 	 0.00000000 	 0.05800000 	 0.30800000 	 0.00000000 	 0.04100000 	 0.00400000 	 0.17900000 	 0.00000000 	 23.44360800 	 403.70971000 	 35.51220400 	 0.06020000 	 0.83372600 	 83.39834600 	 81.71540800 	 10.49028600 	 0.03190000 	 0.00580000 	 0.05132800 	 0.22460000 	 18.03526469 	 477.29960000 	 140.03380000 	 52.90485000 	 1.87701000 	 16.23057000 	 1.98509000 	 3.16993000
2358 	 0.65208800 	 0.00000000 	 269.06656000 	 7.00449514 	 11.27640780 	 6.03400000 	 27.12800000 	 4.95800000 	 1.22900000 	 0.17400000 	 158.00300000 	 0.15700000 	 0.00000000 	 0.05800000 	 0.30800000 	 0.00000000 	 0.04100000 	 0.00400000 	 0.17900000 	 0.00000000 	 23.44405200 	 403.71735000 	 35.51287600 	 0.06020000 	 0.83374400 	 83.39992400 	 81.71695200 	 10.49048400 	 0.03190000 	 0.00580000 	 0.05133200 	 0.22460000 	 18.03526469 	 477.29960000 	 140.03380000 	 52.90485000 	 1.87701000 	 16.23057000 	 1.98509000 	 3.16993000
2359 	 0.65097400 	 0.00000000 	 269.07567000 	 7.00449514 	 11.27640780 	 6.03400000 	 27.13000000 	 4.95800000 	 1.22900000 	 0.17400000 	 158.01000000 	 0.15700000 	 0.00000000 	 0.05800000 	 0.30800000 	 0.00000000 	 0.04100000 	 0.00400000 	 0.17900000 	 0.00000000 	 23.44449600 	 403.72500000 	 35.51354800 	 0.06020000 	 0.83376200 	 83.40150200 	 81.71849600 	 10.49068200 	 0.03190000 	 0.00580000 	 0.05133600 	 0.22460000 	 18.03526469 	 477.29960000 	 140.03380000 	 52.90485000 	 1.87701000 	 16.23057000 	 1.98509000 	 3.16993000
2360 	 0.64986000 	 0.00000000 	 269.08478000 	 7.00449514 	 11.27640780 	 6.03500000 	 27.13200000 	 4.95900000 	 1.23000000 	 0.17400000 	 158.01600000 	 0.15700000 	 0.00000000 	 0.05800000 	 0.30800000 	 0.00000000 	 0.04100000 	 0.00400000 	 0.17900000 	 0.00000000 	 23.44494000 	 403.73264000 	 35.51422000 	 0.06020000 	 0.83378000 	 83.40308000 	 81.72004000 	 10.49088000 	 0.03190000 	 0.00580000 	 0.05134000 	 0.22460000 	 18.03526469 	 477.29960000 	 140.03380000 	 52.90485000 	 1.87701000 	 16.23057000 	 1.98509000 	 3.16993000
2361 	 0.64874600 	 0.00000000 	 269.09389000 	 7.00449514 	 11.27640780 	 6.03500000 	 27.13400000 	 4.95900000 	 1.23000000 	 0.17400000 	 158.02300000 	 0.15700000 	 0.00000000 	 0.05800000 	 0.30800000 	 0.00000000 	 0.04100000 	 0.00400000 	 0.17900000 	 0.00000000 	 23.44538400 	 403.74028000 	 35.51489200 	 0.06020000 	 0.83379800 	 83.40465800 	 81.72158400 	 10.49107800 	 0.03190000 	 0.00580000 	 0.05134400 	 0.22460000 	 18.03526469 	 477.29960000 	 140.03380000 	 52.90485000 	 1.87701000 	 16.23057000 	 1.98509000 	 3.16993000
2362 	 0.64763200 	 0.00000000 	 269.10300000 	 7.00449514 	 11.27640780 	 6.03600000 	 27.13600000 	 4.95900000 	 1.23000000 	 0.17400000 	 158.02900000 	 0.15700000 	 0.00000000 	 0.05800000 	 0.30800000 	 0.00000000 	 0.04100000 	 0.00400000 	 0.17900000 	 0.00000000 	 23.44582800 	 403.74793000 	 35.51556400 	 0.06020000 	 0.83381600 	 83.40623600 	 81.72312800 	 10.49127600 	 0.03190000 	 0.00580000 	 0.05134800 	 0.22460000 	 18.03526469 	 477.29960000 	 140.03380000 	 52.90485000 	 1.87701000 	 16.23057000 	 1.98509000 	 3.16993000
2363 	 0.64651800 	 0.00000000 	 269.11210000 	 7.00449514 	 11.27640780 	 6.03600000 	 27.13800000 	 4.96000000 	 1.23000000 	 0.17400000 	 158.03500000 	 0.15700000 	 0.00000000 	 0.05800000 	 0.30800000 	 0.00000000 	 0.04100000 	 0.00400000 	 0.17900000 	 0.00000000 	 23.44627200 	 403.75557000 	 35.51623600 	 0.06020000 	 0.83383400 	 83.40781400 	 81.72467200 	 10.49147400 	 0.03190000 	 0.00580000 	 0.05135200 	 0.22460000 	 18.03526469 	 477.29960000 	 140.03380000 	 52.90485000 	 1.87701000 	 16.23057000 	 1.98509000 	 3.16993000
2364 	 0.64540400 	 0.00000000 	 269.12121000 	 7.00449514 	 11.27640780 	 6.03700000 	 27.14000000 	 4.96000000 	 1.23000000 	 0.17400000 	 158.04200000 	 0.15700000 	 0.00000000 	 0.05800000 	 0.30800000 	 0.00000000 	 0.04100000 	 0.00400000 	 0.17900000 	 0.00000000 	 23.44671600 	 403.76322000 	 35.51690800 	 0.06020000 	 0.83385200 	 83.40939200 	 81.72621600 	 10.49167200 	 0.03190000 	 0.00580000 	 0.05135600 	 0.22460000 	 18.03526469 	 477.29960000 	 140.03380000 	 52.90485000 	 1.87701000 	 16.23057000 	 1.98509000 	 3.16993000
2365 	 0.64429000 	 0.00000000 	 269.13032000 	 7.00449514 	 11.27640780 	 6.03700000 	 27.14200000 	 4.96100000 	 1.23000000 	 0.17400000 	 158.04800000 	 0.15700000 	 0.00000000 	 0.05800000 	 0.30800000 	 0.00000000 	 0.04100000 	 0.00400000 	 0.17900000 	 0.00000000 	 23.44716000 	 403.77086000 	 35.51758000 	 0.06020000 	 0.83387000 	 83.41097000 	 81.72776000 	 10.49187000 	 0.03190000 	 0.00580000 	 0.05136000 	 0.22460000 	 18.03526469 	 477.29960000 	 140.03380000 	 52.90485000 	 1.87701000 	 16.23057000 	 1.98509000 	 3.16993000
2366 	 0.64317600 	 0.00000000 	 269.13943000 	 7.00449514 	 11.27640780 	 6.03800000 	 27.14400000 	 4.96100000 	 1.23000000 	 0.17400000 	 158.05500000 	 0.15800000 	 0.00000000 	 0.05800000 	 0.30800000 	 0.00000000 	 0.04100000 	 0.00400000 	 0.17900000 	 0.00000000 	 23.44760400 	 403.77850000 	 35.51825200 	 0.06020000 	 0.83388800 	 83.41254800 	 81.72930400 	 10.49206800 	 0.03190000 	 0.00580000 	 0.05136400 	 0.22460000 	 18.03526469 	 477.29960000 	 140.03380000 	 52.90485000 	 1.87701000 	 16.23057000 	 1.98509000 	 3.16993000
2367 	 0.64206200 	 0.00000000 	 269.14854000 	 7.00449514 	 11.27640780 	 6.03800000 	 27.14700000 	 4.96100000 	 1.23000000 	 0.17400000 	 158.06100000 	 0.15800000 	 0.00000000 	 0.05800000 	 0.30800000 	 0.00000000 	 0.04100000 	 0.00400000 	 0.17900000 	 0.00000000 	 23.44804800 	 403.78615000 	 35.51892400 	 0.06020000 	 0.83390600 	 83.41412600 	 81.73084800 	 10.49226600 	 0.03190000 	 0.00580000 	 0.05136800 	 0.22460000 	 18.03526469 	 477.29960000 	 140.03380000 	 52.90485000 	 1.87701000 	 16.23057000 	 1.98509000 	 3.16993000
2368 	 0.64094800 	 0.00000000 	 269.15764000 	 7.00449514 	 11.27640780 	 6.03800000 	 27.14900000 	 4.96200000 	 1.23000000 	 0.17400000 	 158.06700000 	 0.15800000 	 0.00000000 	 0.05800000 	 0.30800000 	 0.00000000 	 0.04100000 	 0.00400000 	 0.17900000 	 0.00000000 	 23.44849200 	 403.79379000 	 35.51959600 	 0.06020000 	 0.83392400 	 83.41570400 	 81.73239200 	 10.49246400 	 0.03190000 	 0.00580000 	 0.05137200 	 0.22460000 	 18.03526469 	 477.29960000 	 140.03380000 	 52.90485000 	 1.87701000 	 16.23057000 	 1.98509000 	 3.16993000
2369 	 0.63983400 	 0.00000000 	 269.16675000 	 7.00449514 	 11.27640780 	 6.03900000 	 27.15100000 	 4.96200000 	 1.23000000 	 0.17400000 	 158.07300000 	 0.15800000 	 0.00000000 	 0.05800000 	 0.30800000 	 0.00000000 	 0.04100000 	 0.00400000 	 0.17900000 	 0.00000000 	 23.44893600 	 403.80144000 	 35.52026800 	 0.06020000 	 0.83394200 	 83.41728200 	 81.73393600 	 10.49266200 	 0.03190000 	 0.00580000 	 0.05137600 	 0.22460000 	 18.03526469 	 477.29960000 	 140.03380000 	 52.90485000 	 1.87701000 	 16.23057000 	 1.98509000 	 3.16993000
2370 	 0.63872000 	 0.00000000 	 269.17586000 	 7.00449514 	 11.27640780 	 6.03900000 	 27.15300000 	 4.96200000 	 1.23000000 	 0.17400000 	 158.08000000 	 0.15800000 	 0.00000000 	 0.05800000 	 0.30800000 	 0.00000000 	 0.04100000 	 0.00400000 	 0.17900000 	 0.00000000 	 23.44938000 	 403.80908000 	 35.52094000 	 0.06020000 	 0.83396000 	 83.41886000 	 81.73548000 	 10.49286000 	 0.03190000 	 0.00580000 	 0.05138000 	 0.22460000 	 18.03526469 	 477.29960000 	 140.03380000 	 52.90485000 	 1.87701000 	 16.23057000 	 1.98509000 	 3.16993000
2371 	 0.63760600 	 0.00000000 	 269.18497000 	 7.00449514 	 11.27640780 	 6.04000000 	 27.15500000 	 4.96300000 	 1.23100000 	 0.17400000 	 158.08600000 	 0.15800000 	 0.00000000 	 0.05800000 	 0.30800000 	 0.00000000 	 0.04100000 	 0.00400000 	 0.17900000 	 0.00000000 	 23.44982400 	 403.81672000 	 35.52161200 	 0.06020000 	 0.83397800 	 83.42043800 	 81.73702400 	 10.49305800 	 0.03190000 	 0.00580000 	 0.05138400 	 0.22460000 	 18.03526469 	 477.29960000 	 140.03380000 	 52.90485000 	 1.87701000 	 16.23057000 	 1.98509000 	 3.16993000
2372 	 0.63649200 	 0.00000000 	 269.19408000 	 7.00449514 	 11.27640780 	 6.04000000 	 27.15700000 	 4.96300000 	 1.23100000 	 0.17400000 	 158.09200000 	 0.15800000 	 0.00000000 	 0.05800000 	 0.30800000 	 0.00000000 	 0.04100000 	 0.00400000 	 0.17900000 	 0.00000000 	 23.45026800 	 403.82437000 	 35.52228400 	 0.06020000 	 0.83399600 	 83.42201600 	 81.73856800 	 10.49325600 	 0.03190000 	 0.00580000 	 0.05138800 	 0.22460000 	 18.03526469 	 477.29960000 	 140.03380000 	 52.90485000 	 1.87701000 	 16.23057000 	 1.98509000 	 3.16993000
2373 	 0.63537800 	 0.00000000 	 269.20318000 	 7.00449514 	 11.27640780 	 6.04100000 	 27.15800000 	 4.96300000 	 1.23100000 	 0.17400000 	 158.09800000 	 0.15800000 	 0.00000000 	 0.05800000 	 0.30800000 	 0.00000000 	 0.04100000 	 0.00400000 	 0.17900000 	 0.00000000 	 23.45071200 	 403.83201000 	 35.52295600 	 0.06020000 	 0.83401400 	 83.42359400 	 81.74011200 	 10.49345400 	 0.03190000 	 0.00580000 	 0.05139200 	 0.22460000 	 18.03526469 	 477.29960000 	 140.03380000 	 52.90485000 	 1.87701000 	 16.23057000 	 1.98509000 	 3.16993000
2374 	 0.63426400 	 0.00000000 	 269.21229000 	 7.00449514 	 11.27640780 	 6.04100000 	 27.16000000 	 4.96400000 	 1.23100000 	 0.17400000 	 158.10500000 	 0.15800000 	 0.00000000 	 0.05800000 	 0.30800000 	 0.00000000 	 0.04100000 	 0.00400000 	 0.17900000 	 0.00000000 	 23.45115600 	 403.83966000 	 35.52362800 	 0.06020000 	 0.83403200 	 83.42517200 	 81.74165600 	 10.49365200 	 0.03190000 	 0.00580000 	 0.05139600 	 0.22460000 	 18.03526469 	 477.29960000 	 140.03380000 	 52.90485000 	 1.87701000 	 16.23057000 	 1.98509000 	 3.16993000
2375 	 0.63315000 	 0.00000000 	 269.22140000 	 7.00449514 	 11.27640780 	 6.04200000 	 27.16200000 	 4.96400000 	 1.23100000 	 0.17400000 	 158.11100000 	 0.15800000 	 0.00000000 	 0.05800000 	 0.30800000 	 0.00000000 	 0.04100000 	 0.00400000 	 0.17900000 	 0.00000000 	 23.45160000 	 403.84730000 	 35.52430000 	 0.06020000 	 0.83405000 	 83.42675000 	 81.74320000 	 10.49385000 	 0.03190000 	 0.00580000 	 0.05140000 	 0.22460000 	 18.03526469 	 477.29960000 	 140.03380000 	 52.90485000 	 1.87701000 	 16.23057000 	 1.98509000 	 3.16993000
2376 	 0.63203600 	 0.00000000 	 269.23051000 	 7.00449514 	 11.27640780 	 6.04200000 	 27.16400000 	 4.96500000 	 1.23100000 	 0.17400000 	 158.11700000 	 0.15800000 	 0.00000000 	 0.05800000 	 0.30800000 	 0.00000000 	 0.04100000 	 0.00400000 	 0.17900000 	 0.00000000 	 23.45204400 	 403.85494000 	 35.52497200 	 0.06020000 	 0.83406800 	 83.42832800 	 81.74474400 	 10.49404800 	 0.03190000 	 0.00580000 	 0.05140400 	 0.22460000 	 18.03526469 	 477.29960000 	 140.03380000 	 52.90485000 	 1.87701000 	 16.23057000 	 1.98509000 	 3.16993000
2377 	 0.63092200 	 0.00000000 	 269.23962000 	 7.00449514 	 11.27640780 	 6.04200000 	 27.16600000 	 4.96500000 	 1.23100000 	 0.17400000 	 158.12300000 	 0.15800000 	 0.00000000 	 0.05800000 	 0.30800000 	 0.00000000 	 0.04100000 	 0.00400000 	 0.17900000 	 0.00000000 	 23.45248800 	 403.86259000 	 35.52564400 	 0.06020000 	 0.83408600 	 83.42990600 	 81.74628800 	 10.49424600 	 0.03190000 	 0.00580000 	 0.05140800 	 0.22460000 	 18.03526469 	 477.29960000 	 140.03380000 	 52.90485000 	 1.87701000 	 16.23057000 	 1.98509000 	 3.16993000
2378 	 0.62980800 	 0.00000000 	 269.24872000 	 7.00449514 	 11.27640780 	 6.04300000 	 27.16800000 	 4.96500000 	 1.23100000 	 0.17400000 	 158.12900000 	 0.15800000 	 0.00000000 	 0.05800000 	 0.30800000 	 0.00000000 	 0.04100000 	 0.00400000 	 0.17900000 	 0.00000000 	 23.45293200 	 403.87023000 	 35.52631600 	 0.06020000 	 0.83410400 	 83.43148400 	 81.74783200 	 10.49444400 	 0.03190000 	 0.00580000 	 0.05141200 	 0.22460000 	 18.03526469 	 477.29960000 	 140.03380000 	 52.90485000 	 1.87701000 	 16.23057000 	 1.98509000 	 3.16993000
2379 	 0.62869400 	 0.00000000 	 269.25783000 	 7.00449514 	 11.27640780 	 6.04300000 	 27.17000000 	 4.96600000 	 1.23100000 	 0.17400000 	 158.13500000 	 0.15800000 	 0.00000000 	 0.05800000 	 0.30800000 	 0.00000000 	 0.04100000 	 0.00400000 	 0.17900000 	 0.00000000 	 23.45337600 	 403.87788000 	 35.52698800 	 0.06020000 	 0.83412200 	 83.43306200 	 81.74937600 	 10.49464200 	 0.03190000 	 0.00580000 	 0.05141600 	 0.22460000 	 18.03526469 	 477.29960000 	 140.03380000 	 52.90485000 	 1.87701000 	 16.23057000 	 1.98509000 	 3.16993000
2380 	 0.62758000 	 0.00000000 	 269.26694000 	 7.00449514 	 11.27640780 	 6.04400000 	 27.17200000 	 4.96600000 	 1.23100000 	 0.17400000 	 158.14100000 	 0.15800000 	 0.00000000 	 0.05800000 	 0.30800000 	 0.00000000 	 0.04100000 	 0.00400000 	 0.17900000 	 0.00000000 	 23.45382000 	 403.88552000 	 35.52766000 	 0.06020000 	 0.83414000 	 83.43464000 	 81.75092000 	 10.49484000 	 0.03190000 	 0.00580000 	 0.05142000 	 0.22460000 	 18.03526469 	 477.29960000 	 140.03380000 	 52.90485000 	 1.87701000 	 16.23057000 	 1.98509000 	 3.16993000
2381 	 0.62646600 	 0.00000000 	 269.27605000 	 7.00449514 	 11.27640780 	 6.04400000 	 27.17400000 	 4.96600000 	 1.23100000 	 0.17400000 	 158.14800000 	 0.15800000 	 0.00000000 	 0.05800000 	 0.30800000 	 0.00000000 	 0.04100000 	 0.00400000 	 0.17900000 	 0.00000000 	 23.45426400 	 403.89316000 	 35.52833200 	 0.06020000 	 0.83415800 	 83.43621800 	 81.75246400 	 10.49503800 	 0.03190000 	 0.00580000 	 0.05142400 	 0.22460000 	 18.03526469 	 477.29960000 	 140.03380000 	 52.90485000 	 1.87701000 	 16.23057000 	 1.98509000 	 3.16993000
2382 	 0.62535200 	 0.00000000 	 269.28516000 	 7.00449514 	 11.27640780 	 6.04500000 	 27.17600000 	 4.96700000 	 1.23200000 	 0.17400000 	 158.15400000 	 0.15800000 	 0.00000000 	 0.05800000 	 0.30800000 	 0.00000000 	 0.04100000 	 0.00400000 	 0.17900000 	 0.00000000 	 23.45470800 	 403.90081000 	 35.52900400 	 0.06020000 	 0.83417600 	 83.43779600 	 81.75400800 	 10.49523600 	 0.03190000 	 0.00580000 	 0.05142800 	 0.22460000 	 18.03526469 	 477.29960000 	 140.03380000 	 52.90485000 	 1.87701000 	 16.23057000 	 1.98509000 	 3.16993000
2383 	 0.62423800 	 0.00000000 	 269.29426000 	 7.00449514 	 11.27640780 	 6.04500000 	 27.17800000 	 4.96700000 	 1.23200000 	 0.17400000 	 158.16000000 	 0.15800000 	 0.00000000 	 0.05800000 	 0.30800000 	 0.00000000 	 0.04100000 	 0.00400000 	 0.17900000 	 0.00000000 	 23.45515200 	 403.90845000 	 35.52967600 	 0.06020000 	 0.83419400 	 83.43937400 	 81.75555200 	 10.49543400 	 0.03190000 	 0.00580000 	 0.05143200 	 0.22460000 	 18.03526469 	 477.29960000 	 140.03380000 	 52.90485000 	 1.87701000 	 16.23057000 	 1.98509000 	 3.16993000
2384 	 0.62312400 	 0.00000000 	 269.30337000 	 7.00449514 	 11.27640780 	 6.04500000 	 27.18000000 	 4.96700000 	 1.23200000 	 0.17400000 	 158.16600000 	 0.15800000 	 0.00000000 	 0.05800000 	 0.30800000 	 0.00000000 	 0.04100000 	 0.00400000 	 0.17900000 	 0.00000000 	 23.45559600 	 403.91610000 	 35.53034800 	 0.06020000 	 0.83421200 	 83.44095200 	 81.75709600 	 10.49563200 	 0.03190000 	 0.00580000 	 0.05143600 	 0.22460000 	 18.03526469 	 477.29960000 	 140.03380000 	 52.90485000 	 1.87701000 	 16.23057000 	 1.98509000 	 3.16993000
2385 	 0.62201000 	 0.00000000 	 269.31248000 	 7.00449514 	 11.27640780 	 6.04600000 	 27.18200000 	 4.96800000 	 1.23200000 	 0.17400000 	 158.17200000 	 0.15800000 	 0.00000000 	 0.05800000 	 0.30800000 	 0.00000000 	 0.04100000 	 0.00400000 	 0.17900000 	 0.00000000 	 23.45604000 	 403.92374000 	 35.53102000 	 0.06020000 	 0.83423000 	 83.44253000 	 81.75864000 	 10.49583000 	 0.03190000 	 0.00580000 	 0.05144000 	 0.22460000 	 18.03526469 	 477.29960000 	 140.03380000 	 52.90485000 	 1.87701000 	 16.23057000 	 1.98509000 	 3.16993000
2386 	 0.62089600 	 0.00000000 	 269.32159000 	 7.00449514 	 11.27640780 	 6.04600000 	 27.18400000 	 4.96800000 	 1.23200000 	 0.17400000 	 158.17800000 	 0.15800000 	 0.00000000 	 0.05800000 	 0.30800000 	 0.00000000 	 0.04100000 	 0.00400000 	 0.18000000 	 0.00000000 	 23.45648400 	 403.93138000 	 35.53169200 	 0.06020000 	 0.83424800 	 83.44410800 	 81.76018400 	 10.49602800 	 0.03190000 	 0.00580000 	 0.05144400 	 0.22460000 	 18.03526469 	 477.29960000 	 140.03380000 	 52.90485000 	 1.87701000 	 16.23057000 	 1.98509000 	 3.16993000
2387 	 0.61978200 	 0.00000000 	 269.33070000 	 7.00449514 	 11.27640780 	 6.04700000 	 27.18600000 	 4.96800000 	 1.23200000 	 0.17400000 	 158.18400000 	 0.15800000 	 0.00000000 	 0.05800000 	 0.30800000 	 0.00000000 	 0.04100000 	 0.00400000 	 0.18000000 	 0.00000000 	 23.45692800 	 403.93903000 	 35.53236400 	 0.06020000 	 0.83426600 	 83.44568600 	 81.76172800 	 10.49622600 	 0.03190000 	 0.00580000 	 0.05144800 	 0.22460000 	 18.03526469 	 477.29960000 	 140.03380000 	 52.90485000 	 1.87701000 	 16.23057000 	 1.98509000 	 3.16993000
2388 	 0.61866800 	 0.00000000 	 269.33980000 	 7.00449514 	 11.27640780 	 6.04700000 	 27.18800000 	 4.96900000 	 1.23200000 	 0.17400000 	 158.19000000 	 0.15800000 	 0.00000000 	 0.05800000 	 0.30800000 	 0.00000000 	 0.04100000 	 0.00400000 	 0.18000000 	 0.00000000 	 23.45737200 	 403.94667000 	 35.53303600 	 0.06020000 	 0.83428400 	 83.44726400 	 81.76327200 	 10.49642400 	 0.03190000 	 0.00580000 	 0.05145200 	 0.22460000 	 18.03526469 	 477.29960000 	 140.03380000 	 52.90485000 	 1.87701000 	 16.23057000 	 1.98509000 	 3.16993000
2389 	 0.61755400 	 0.00000000 	 269.34891000 	 7.00449514 	 11.27640780 	 6.04800000 	 27.18900000 	 4.96900000 	 1.23200000 	 0.17400000 	 158.19500000 	 0.15800000 	 0.00000000 	 0.05800000 	 0.30800000 	 0.00000000 	 0.04100000 	 0.00400000 	 0.18000000 	 0.00000000 	 23.45781600 	 403.95432000 	 35.53370800 	 0.06020000 	 0.83430200 	 83.44884200 	 81.76481600 	 10.49662200 	 0.03190000 	 0.00580000 	 0.05145600 	 0.22460000 	 18.03526469 	 477.29960000 	 140.03380000 	 52.90485000 	 1.87701000 	 16.23057000 	 1.98509000 	 3.16993000
2390 	 0.61644000 	 0.00000000 	 269.35802000 	 7.00449514 	 11.27640780 	 6.04800000 	 27.19100000 	 4.96900000 	 1.23200000 	 0.17500000 	 158.20100000 	 0.15800000 	 0.00000000 	 0.05800000 	 0.30800000 	 0.00000000 	 0.04100000 	 0.00400000 	 0.18000000 	 0.00000000 	 23.45826000 	 403.96196000 	 35.53438000 	 0.06020000 	 0.83432000 	 83.45042000 	 81.76636000 	 10.49682000 	 0.03190000 	 0.00580000 	 0.05146000 	 0.22460000 	 18.03526469 	 477.29960000 	 140.03380000 	 52.90485000 	 1.87701000 	 16.23057000 	 1.98509000 	 3.16993000
2391 	 0.61532600 	 0.00000000 	 269.36713000 	 7.00449514 	 11.27640780 	 6.04800000 	 27.19300000 	 4.97000000 	 1.23200000 	 0.17500000 	 158.20700000 	 0.15800000 	 0.00000000 	 0.05800000 	 0.30800000 	 0.00000000 	 0.04100000 	 0.00400000 	 0.18000000 	 0.00000000 	 23.45870400 	 403.96960000 	 35.53505200 	 0.06020000 	 0.83433800 	 83.45199800 	 81.76790400 	 10.49701800 	 0.03190000 	 0.00580000 	 0.05146400 	 0.22460000 	 18.03526469 	 477.29960000 	 140.03380000 	 52.90485000 	 1.87701000 	 16.23057000 	 1.98509000 	 3.16993000
2392 	 0.61421200 	 0.00000000 	 269.37624000 	 7.00449514 	 11.27640780 	 6.04900000 	 27.19500000 	 4.97000000 	 1.23200000 	 0.17500000 	 158.21300000 	 0.15800000 	 0.00000000 	 0.05800000 	 0.30800000 	 0.00000000 	 0.04100000 	 0.00400000 	 0.18000000 	 0.00000000 	 23.45914800 	 403.97725000 	 35.53572400 	 0.06020000 	 0.83435600 	 83.45357600 	 81.76944800 	 10.49721600 	 0.03190000 	 0.00580000 	 0.05146800 	 0.22460000 	 18.03526469 	 477.29960000 	 140.03380000 	 52.90485000 	 1.87701000 	 16.23057000 	 1.98509000 	 3.16993000
2393 	 0.61309800 	 0.00000000 	 269.38534000 	 7.00449514 	 11.27640780 	 6.04900000 	 27.19700000 	 4.97100000 	 1.23300000 	 0.17500000 	 158.21900000 	 0.15800000 	 0.00000000 	 0.05800000 	 0.30800000 	 0.00000000 	 0.04100000 	 0.00400000 	 0.18000000 	 0.00000000 	 23.45959200 	 403.98489000 	 35.53639600 	 0.06020000 	 0.83437400 	 83.45515400 	 81.77099200 	 10.49741400 	 0.03190000 	 0.00580000 	 0.05147200 	 0.22460000 	 18.03526469 	 477.29960000 	 140.03380000 	 52.90485000 	 1.87701000 	 16.23057000 	 1.98509000 	 3.16993000
2394 	 0.61198400 	 0.00000000 	 269.39445000 	 7.00449514 	 11.27640780 	 6.05000000 	 27.19900000 	 4.97100000 	 1.23300000 	 0.17500000 	 158.22500000 	 0.15800000 	 0.00000000 	 0.05800000 	 0.30800000 	 0.00000000 	 0.04100000 	 0.00400000 	 0.18000000 	 0.00000000 	 23.46003600 	 403.99254000 	 35.53706800 	 0.06020000 	 0.83439200 	 83.45673200 	 81.77253600 	 10.49761200 	 0.03190000 	 0.00580000 	 0.05147600 	 0.22460000 	 18.03526469 	 477.29960000 	 140.03380000 	 52.90485000 	 1.87701000 	 16.23057000 	 1.98509000 	 3.16993000
2395 	 0.61087000 	 0.00000000 	 269.40356000 	 7.00449514 	 11.27640780 	 6.05000000 	 27.20100000 	 4.97100000 	 1.23300000 	 0.17500000 	 158.23100000 	 0.15800000 	 0.00000000 	 0.05800000 	 0.30800000 	 0.00000000 	 0.04100000 	 0.00400000 	 0.18000000 	 0.00000000 	 23.46048000 	 404.00018000 	 35.53774000 	 0.06020000 	 0.83441000 	 83.45831000 	 81.77408000 	 10.49781000 	 0.03190000 	 0.00580000 	 0.05148000 	 0.22460000 	 18.03526469 	 477.29960000 	 140.03380000 	 52.90485000 	 1.87701000 	 16.23057000 	 1.98509000 	 3.16993000
2396 	 0.60975600 	 0.00000000 	 269.41267000 	 7.00449514 	 11.27640780 	 6.05000000 	 27.20300000 	 4.97200000 	 1.23300000 	 0.17500000 	 158.23700000 	 0.15800000 	 0.00000000 	 0.05800000 	 0.30800000 	 0.00000000 	 0.04100000 	 0.00400000 	 0.18000000 	 0.00000000 	 23.46092400 	 404.00782000 	 35.53841200 	 0.06020000 	 0.83442800 	 83.45988800 	 81.77562400 	 10.49800800 	 0.03190000 	 0.00580000 	 0.05148400 	 0.22460000 	 18.03526469 	 477.29960000 	 140.03380000 	 52.90485000 	 1.87701000 	 16.23057000 	 1.98509000 	 3.16993000
2397 	 0.60864200 	 0.00000000 	 269.42178000 	 7.00449514 	 11.27640780 	 6.05100000 	 27.20400000 	 4.97200000 	 1.23300000 	 0.17500000 	 158.24200000 	 0.15800000 	 0.00000000 	 0.05800000 	 0.30800000 	 0.00000000 	 0.04100000 	 0.00400000 	 0.18000000 	 0.00000000 	 23.46136800 	 404.01547000 	 35.53908400 	 0.06020000 	 0.83444600 	 83.46146600 	 81.77716800 	 10.49820600 	 0.03190000 	 0.00580000 	 0.05148800 	 0.22460000 	 18.03526469 	 477.29960000 	 140.03380000 	 52.90485000 	 1.87701000 	 16.23057000 	 1.98509000 	 3.16993000
2398 	 0.60752800 	 0.00000000 	 269.43088000 	 7.00449514 	 11.27640780 	 6.05100000 	 27.20600000 	 4.97200000 	 1.23300000 	 0.17500000 	 158.24800000 	 0.15800000 	 0.00000000 	 0.05800000 	 0.30800000 	 0.00000000 	 0.04100000 	 0.00400000 	 0.18000000 	 0.00000000 	 23.46181200 	 404.02311000 	 35.53975600 	 0.06020000 	 0.83446400 	 83.46304400 	 81.77871200 	 10.49840400 	 0.03190000 	 0.00580000 	 0.05149200 	 0.22460000 	 18.03526469 	 477.29960000 	 140.03380000 	 52.90485000 	 1.87701000 	 16.23057000 	 1.98509000 	 3.16993000
2399 	 0.60641400 	 0.00000000 	 269.43999000 	 7.00449514 	 11.27640780 	 6.05200000 	 27.20800000 	 4.97300000 	 1.23300000 	 0.17500000 	 158.25400000 	 0.15800000 	 0.00000000 	 0.05800000 	 0.30800000 	 0.00000000 	 0.04100000 	 0.00400000 	 0.18000000 	 0.00000000 	 23.46225600 	 404.03076000 	 35.54042800 	 0.06020000 	 0.83448200 	 83.46462200 	 81.78025600 	 10.49860200 	 0.03190000 	 0.00580000 	 0.05149600 	 0.22460000 	 18.03526469 	 477.29960000 	 140.03380000 	 52.90485000 	 1.87701000 	 16.23057000 	 1.98509000 	 3.16993000
2400 	 0.60530000 	 0.00000000 	 269.44910000 	 7.00449514 	 11.27640780 	 6.05200000 	 27.21000000 	 4.97300000 	 1.23300000 	 0.17500000 	 158.26000000 	 0.15800000 	 0.00000000 	 0.05800000 	 0.30800000 	 0.00000000 	 0.04100000 	 0.00400000 	 0.18000000 	 0.00000000 	 23.46270000 	 404.03840000 	 35.54110000 	 0.06020000 	 0.83450000 	 83.46620000 	 81.78180000 	 10.49880000 	 0.03190000 	 0.00580000 	 0.05150000 	 0.22460000 	 18.03526469 	 477.29960000 	 140.03380000 	 52.90485000 	 1.87701000 	 16.23057000 	 1.98509000 	 3.16993000
2401 	 0.60443400 	 0.00000000 	 269.45702000 	 7.00449514 	 11.27640780 	 6.05300000 	 27.21200000 	 4.97300000 	 1.23300000 	 0.17500000 	 158.26500000 	 0.15800000 	 0.00000000 	 0.05800000 	 0.30800000 	 0.00000000 	 0.04100000 	 0.00400000 	 0.18000000 	 0.00000000 	 23.46308600 	 404.04505000 	 35.54168600 	 0.06020200 	 0.83451400 	 83.46757600 	 81.78314800 	 10.49897200 	 0.03190000 	 0.00580000 	 0.05150000 	 0.22460000 	 18.03526469 	 477.29960000 	 140.03380000 	 52.90485000 	 1.87701000 	 16.23057000 	 1.98509000 	 3.16993000
2402 	 0.60356800 	 0.00000000 	 269.46495000 	 7.00449514 	 11.27640780 	 6.05300000 	 27.21400000 	 4.97400000 	 1.23300000 	 0.17500000 	 158.27100000 	 0.15800000 	 0.00000000 	 0.05800000 	 0.30800000 	 0.00000000 	 0.04100000 	 0.00400000 	 0.18000000 	 0.00000000 	 23.46347200 	 404.05170000 	 35.54227200 	 0.06020400 	 0.83452800 	 83.46895200 	 81.78449600 	 10.49914400 	 0.03190000 	 0.00580000 	 0.05150000 	 0.22460000 	 18.03526469 	 477.29960000 	 140.03380000 	 52.90485000 	 1.87701000 	 16.23057000 	 1.98509000 	 3.16993000
2403 	 0.60270200 	 0.00000000 	 269.47287000 	 7.00449514 	 11.27640780 	 6.05300000 	 27.21500000 	 4.97400000 	 1.23300000 	 0.17500000 	 158.27700000 	 0.15800000 	 0.00000000 	 0.05800000 	 0.30800000 	 0.00000000 	 0.04100000 	 0.00400000 	 0.18000000 	 0.00000000 	 23.46385800 	 404.05835000 	 35.54285800 	 0.06020600 	 0.83454200 	 83.47032800 	 81.78584400 	 10.49931600 	 0.03190000 	 0.00580000 	 0.05150000 	 0.22460000 	 18.03526469 	 477.29960000 	 140.03380000 	 52.90485000 	 1.87701000 	 16.23057000 	 1.98509000 	 3.16993000
2404 	 0.60183600 	 0.00000000 	 269.48080000 	 7.00449514 	 11.27640780 	 6.05400000 	 27.21700000 	 4.97400000 	 1.23300000 	 0.17500000 	 158.28200000 	 0.15800000 	 0.00000000 	 0.05800000 	 0.30800000 	 0.00000000 	 0.04100000 	 0.00400000 	 0.18000000 	 0.00000000 	 23.46424400 	 404.06500000 	 35.54344400 	 0.06020800 	 0.83455600 	 83.47170400 	 81.78719200 	 10.49948800 	 0.03190000 	 0.00580000 	 0.05150000 	 0.22460000 	 18.03526469 	 477.29960000 	 140.03380000 	 52.90485000 	 1.87701000 	 16.23057000 	 1.98509000 	 3.16993000
2405 	 0.60097000 	 0.00000000 	 269.48872000 	 7.00449514 	 11.27640780 	 6.05400000 	 27.21900000 	 4.97500000 	 1.23400000 	 0.17500000 	 158.28800000 	 0.15800000 	 0.00000000 	 0.05800000 	 0.30800000 	 0.00000000 	 0.04100000 	 0.00400000 	 0.18000000 	 0.00000000 	 23.46463000 	 404.07165000 	 35.54403000 	 0.06021000 	 0.83457000 	 83.47308000 	 81.78854000 	 10.49966000 	 0.03190000 	 0.00580000 	 0.05150000 	 0.22460000 	 18.03526469 	 477.29960000 	 140.03380000 	 52.90485000 	 1.87701000 	 16.23057000 	 1.98509000 	 3.16993000
2406 	 0.60010400 	 0.00000000 	 269.49664000 	 7.00449514 	 11.27640780 	 6.05500000 	 27.22100000 	 4.97500000 	 1.23400000 	 0.17500000 	 158.29400000 	 0.15800000 	 0.00000000 	 0.05800000 	 0.30800000 	 0.00000000 	 0.04100000 	 0.00400000 	 0.18000000 	 0.00000000 	 23.46501600 	 404.07830000 	 35.54461600 	 0.06021200 	 0.83458400 	 83.47445600 	 81.78988800 	 10.49983200 	 0.03190000 	 0.00580000 	 0.05150000 	 0.22460000 	 18.03526469 	 477.29960000 	 140.03380000 	 52.90485000 	 1.87701000 	 16.23057000 	 1.98509000 	 3.16993000
2407 	 0.59923800 	 0.00000000 	 269.50457000 	 7.00449514 	 11.27640780 	 6.05500000 	 27.22300000 	 4.97500000 	 1.23400000 	 0.17500000 	 158.29900000 	 0.15800000 	 0.00000000 	 0.05800000 	 0.30800000 	 0.00000000 	 0.04100000 	 0.00400000 	 0.18000000 	 0.00000000 	 23.46540200 	 404.08495000 	 35.54520200 	 0.06021400 	 0.83459800 	 83.47583200 	 81.79123600 	 10.50000400 	 0.03190000 	 0.00580000 	 0.05150000 	 0.22460000 	 18.03526469 	 477.29960000 	 140.03380000 	 52.90485000 	 1.87701000 	 16.23057000 	 1.98509000 	 3.16993000
2408 	 0.59837200 	 0.00000000 	 269.51249000 	 7.00449514 	 11.27640780 	 6.05500000 	 27.22400000 	 4.97600000 	 1.23400000 	 0.17500000 	 158.30500000 	 0.15800000 	 0.00000000 	 0.05800000 	 0.30800000 	 0.00000000 	 0.04100000 	 0.00400000 	 0.18000000 	 0.00000000 	 23.46578800 	 404.09160000 	 35.54578800 	 0.06021600 	 0.83461200 	 83.47720800 	 81.79258400 	 10.50017600 	 0.03190000 	 0.00580000 	 0.05150000 	 0.22460000 	 18.03526469 	 477.29960000 	 140.03380000 	 52.90485000 	 1.87701000 	 16.23057000 	 1.98509000 	 3.16993000
2409 	 0.59750600 	 0.00000000 	 269.52042000 	 7.00449514 	 11.27640780 	 6.05600000 	 27.22600000 	 4.97600000 	 1.23400000 	 0.17500000 	 158.31100000 	 0.15800000 	 0.00000000 	 0.05800000 	 0.30800000 	 0.00000000 	 0.04100000 	 0.00400000 	 0.18000000 	 0.00000000 	 23.46617400 	 404.09825000 	 35.54637400 	 0.06021800 	 0.83462600 	 83.47858400 	 81.79393200 	 10.50034800 	 0.03190000 	 0.00580000 	 0.05150000 	 0.22460000 	 18.03526469 	 477.29960000 	 140.03380000 	 52.90485000 	 1.87701000 	 16.23057000 	 1.98509000 	 3.16993000
2410 	 0.59664000 	 0.00000000 	 269.52834000 	 7.00449514 	 11.27640780 	 6.05600000 	 27.22800000 	 4.97600000 	 1.23400000 	 0.17500000 	 158.31600000 	 0.15800000 	 0.00000000 	 0.05800000 	 0.30800000 	 0.00000000 	 0.04100000 	 0.00400000 	 0.18000000 	 0.00000000 	 23.46656000 	 404.10490000 	 35.54696000 	 0.06022000 	 0.83464000 	 83.47996000 	 81.79528000 	 10.50052000 	 0.03190000 	 0.00580000 	 0.05150000 	 0.22460000 	 18.03526469 	 477.29960000 	 140.03380000 	 52.90485000 	 1.87701000 	 16.23057000 	 1.98509000 	 3.16993000
2411 	 0.59577400 	 0.00000000 	 269.53626000 	 7.00449514 	 11.27640780 	 6.05700000 	 27.23000000 	 4.97700000 	 1.23400000 	 0.17500000 	 158.32200000 	 0.15800000 	 0.00000000 	 0.05800000 	 0.30800000 	 0.00000000 	 0.04100000 	 0.00400000 	 0.18000000 	 0.00000000 	 23.46694600 	 404.11155000 	 35.54754600 	 0.06022200 	 0.83465400 	 83.48133600 	 81.79662800 	 10.50069200 	 0.03190000 	 0.00580000 	 0.05150000 	 0.22460000 	 18.03526469 	 477.29960000 	 140.03380000 	 52.90485000 	 1.87701000 	 16.23057000 	 1.98509000 	 3.16993000
2412 	 0.59490800 	 0.00000000 	 269.54419000 	 7.00449514 	 11.27640780 	 6.05700000 	 27.23100000 	 4.97700000 	 1.23400000 	 0.17500000 	 158.32700000 	 0.15800000 	 0.00000000 	 0.05800000 	 0.30800000 	 0.00000000 	 0.04100000 	 0.00400000 	 0.18000000 	 0.00000000 	 23.46733200 	 404.11820000 	 35.54813200 	 0.06022400 	 0.83466800 	 83.48271200 	 81.79797600 	 10.50086400 	 0.03190000 	 0.00580000 	 0.05150000 	 0.22460000 	 18.03526469 	 477.29960000 	 140.03380000 	 52.90485000 	 1.87701000 	 16.23057000 	 1.98509000 	 3.16993000
2413 	 0.59404200 	 0.00000000 	 269.55211000 	 7.00449514 	 11.27640780 	 6.05700000 	 27.23300000 	 4.97700000 	 1.23400000 	 0.17500000 	 158.33300000 	 0.15800000 	 0.00000000 	 0.05800000 	 0.30800000 	 0.00000000 	 0.04100000 	 0.00400000 	 0.18000000 	 0.00000000 	 23.46771800 	 404.12485000 	 35.54871800 	 0.06022600 	 0.83468200 	 83.48408800 	 81.79932400 	 10.50103600 	 0.03190000 	 0.00580000 	 0.05150000 	 0.22460000 	 18.03526469 	 477.29960000 	 140.03380000 	 52.90485000 	 1.87701000 	 16.23057000 	 1.98509000 	 3.16993000
2414 	 0.59317600 	 0.00000000 	 269.56004000 	 7.00449514 	 11.27640780 	 6.05800000 	 27.23500000 	 4.97700000 	 1.23400000 	 0.17500000 	 158.33800000 	 0.15800000 	 0.00000000 	 0.05800000 	 0.30800000 	 0.00000000 	 0.04100000 	 0.00400000 	 0.18000000 	 0.00000000 	 23.46810400 	 404.13150000 	 35.54930400 	 0.06022800 	 0.83469600 	 83.48546400 	 81.80067200 	 10.50120800 	 0.03190000 	 0.00580000 	 0.05150000 	 0.22460000 	 18.03526469 	 477.29960000 	 140.03380000 	 52.90485000 	 1.87701000 	 16.23057000 	 1.98509000 	 3.16993000
2415 	 0.59231000 	 0.00000000 	 269.56796000 	 7.00449514 	 11.27640780 	 6.05800000 	 27.23700000 	 4.97800000 	 1.23400000 	 0.17500000 	 158.34400000 	 0.15800000 	 0.00000000 	 0.05800000 	 0.30800000 	 0.00000000 	 0.04100000 	 0.00400000 	 0.18000000 	 0.00000000 	 23.46849000 	 404.13815000 	 35.54989000 	 0.06023000 	 0.83471000 	 83.48684000 	 81.80202000 	 10.50138000 	 0.03190000 	 0.00580000 	 0.05150000 	 0.22460000 	 18.03526469 	 477.29960000 	 140.03380000 	 52.90485000 	 1.87701000 	 16.23057000 	 1.98509000 	 3.16993000
2416 	 0.59144400 	 0.00000000 	 269.57588000 	 7.00449514 	 11.27640780 	 6.05800000 	 27.23900000 	 4.97800000 	 1.23400000 	 0.17500000 	 158.34900000 	 0.15800000 	 0.00000000 	 0.05800000 	 0.30800000 	 0.00000000 	 0.04100000 	 0.00400000 	 0.18000000 	 0.00000000 	 23.46887600 	 404.14480000 	 35.55047600 	 0.06023200 	 0.83472400 	 83.48821600 	 81.80336800 	 10.50155200 	 0.03190000 	 0.00580000 	 0.05150000 	 0.22460000 	 18.03526469 	 477.29960000 	 140.03380000 	 52.90485000 	 1.87701000 	 16.23057000 	 1.98509000 	 3.16993000
2417 	 0.59057800 	 0.00000000 	 269.58381000 	 7.00449514 	 11.27640780 	 6.05900000 	 27.24000000 	 4.97800000 	 1.23400000 	 0.17500000 	 158.35500000 	 0.15800000 	 0.00000000 	 0.05800000 	 0.30800000 	 0.00000000 	 0.04100000 	 0.00400000 	 0.18000000 	 0.00000000 	 23.46926200 	 404.15145000 	 35.55106200 	 0.06023400 	 0.83473800 	 83.48959200 	 81.80471600 	 10.50172400 	 0.03190000 	 0.00580000 	 0.05150000 	 0.22460000 	 18.03526469 	 477.29960000 	 140.03380000 	 52.90485000 	 1.87701000 	 16.23057000 	 1.98509000 	 3.16993000
2418 	 0.58971200 	 0.00000000 	 269.59173000 	 7.00449514 	 11.27640780 	 6.05900000 	 27.24200000 	 4.97900000 	 1.23500000 	 0.17500000 	 158.36000000 	 0.15800000 	 0.00000000 	 0.05800000 	 0.30800000 	 0.00000000 	 0.04100000 	 0.00400000 	 0.18000000 	 0.00000000 	 23.46964800 	 404.15810000 	 35.55164800 	 0.06023600 	 0.83475200 	 83.49096800 	 81.80606400 	 10.50189600 	 0.03190000 	 0.00580000 	 0.05150000 	 0.22460000 	 18.03526469 	 477.29960000 	 140.03380000 	 52.90485000 	 1.87701000 	 16.23057000 	 1.98509000 	 3.16993000
2419 	 0.58884600 	 0.00000000 	 269.59966000 	 7.00449514 	 11.27640780 	 6.06000000 	 27.24400000 	 4.97900000 	 1.23500000 	 0.17500000 	 158.36600000 	 0.15800000 	 0.00000000 	 0.05800000 	 0.30800000 	 0.00000000 	 0.04100000 	 0.00400000 	 0.18000000 	 0.00000000 	 23.47003400 	 404.16475000 	 35.55223400 	 0.06023800 	 0.83476600 	 83.49234400 	 81.80741200 	 10.50206800 	 0.03190000 	 0.00580000 	 0.05150000 	 0.22460000 	 18.03526469 	 477.29960000 	 140.03380000 	 52.90485000 	 1.87701000 	 16.23057000 	 1.98509000 	 3.16993000
2420 	 0.58798000 	 0.00000000 	 269.60758000 	 7.00449514 	 11.27640780 	 6.06000000 	 27.24500000 	 4.97900000 	 1.23500000 	 0.17500000 	 158.37100000 	 0.15800000 	 0.00000000 	 0.05800000 	 0.30800000 	 0.00000000 	 0.04100000 	 0.00400000 	 0.18000000 	 0.00000000 	 23.47042000 	 404.17140000 	 35.55282000 	 0.06024000 	 0.83478000 	 83.49372000 	 81.80876000 	 10.50224000 	 0.03190000 	 0.00580000 	 0.05150000 	 0.22460000 	 18.03526469 	 477.29960000 	 140.03380000 	 52.90485000 	 1.87701000 	 16.23057000 	 1.98509000 	 3.16993000
2421 	 0.58711400 	 0.00000000 	 269.61550000 	 7.00449514 	 11.27640780 	 6.06000000 	 27.24700000 	 4.98000000 	 1.23500000 	 0.17500000 	 158.37700000 	 0.15800000 	 0.00000000 	 0.05800000 	 0.30800000 	 0.00000000 	 0.04100000 	 0.00400000 	 0.18000000 	 0.00000000 	 23.47080600 	 404.17805000 	 35.55340600 	 0.06024200 	 0.83479400 	 83.49509600 	 81.81010800 	 10.50241200 	 0.03190000 	 0.00580000 	 0.05150000 	 0.22460000 	 18.03526469 	 477.29960000 	 140.03380000 	 52.90485000 	 1.87701000 	 16.23057000 	 1.98509000 	 3.16993000
2422 	 0.58624800 	 0.00000000 	 269.62343000 	 7.00449514 	 11.27640780 	 6.06100000 	 27.24900000 	 4.98000000 	 1.23500000 	 0.17500000 	 158.38200000 	 0.15800000 	 0.00000000 	 0.05800000 	 0.30800000 	 0.00000000 	 0.04100000 	 0.00400000 	 0.18000000 	 0.00000000 	 23.47119200 	 404.18470000 	 35.55399200 	 0.06024400 	 0.83480800 	 83.49647200 	 81.81145600 	 10.50258400 	 0.03190000 	 0.00580000 	 0.05150000 	 0.22460000 	 18.03526469 	 477.29960000 	 140.03380000 	 52.90485000 	 1.87701000 	 16.23057000 	 1.98509000 	 3.16993000
2423 	 0.58538200 	 0.00000000 	 269.63135000 	 7.00449514 	 11.27640780 	 6.06100000 	 27.25100000 	 4.98000000 	 1.23500000 	 0.17500000 	 158.38800000 	 0.15800000 	 0.00000000 	 0.05800000 	 0.30800000 	 0.00000000 	 0.04100000 	 0.00400000 	 0.18000000 	 0.00000000 	 23.47157800 	 404.19135000 	 35.55457800 	 0.06024600 	 0.83482200 	 83.49784800 	 81.81280400 	 10.50275600 	 0.03190000 	 0.00580000 	 0.05150000 	 0.22460000 	 18.03526469 	 477.29960000 	 140.03380000 	 52.90485000 	 1.87701000 	 16.23057000 	 1.98509000 	 3.16993000
2424 	 0.58451600 	 0.00000000 	 269.63928000 	 7.00449514 	 11.27640780 	 6.06200000 	 27.25200000 	 4.98100000 	 1.23500000 	 0.17500000 	 158.39300000 	 0.15800000 	 0.00000000 	 0.05800000 	 0.30800000 	 0.00000000 	 0.04100000 	 0.00400000 	 0.18000000 	 0.00000000 	 23.47196400 	 404.19800000 	 35.55516400 	 0.06024800 	 0.83483600 	 83.49922400 	 81.81415200 	 10.50292800 	 0.03190000 	 0.00580000 	 0.05150000 	 0.22460000 	 18.03526469 	 477.29960000 	 140.03380000 	 52.90485000 	 1.87701000 	 16.23057000 	 1.98509000 	 3.16993000
2425 	 0.58365000 	 0.00000000 	 269.64720000 	 7.00449514 	 11.27640780 	 6.06200000 	 27.25400000 	 4.98100000 	 1.23500000 	 0.17500000 	 158.39800000 	 0.15800000 	 0.00000000 	 0.05800000 	 0.30800000 	 0.00000000 	 0.04100000 	 0.00400000 	 0.18000000 	 0.00000000 	 23.47235000 	 404.20465000 	 35.55575000 	 0.06025000 	 0.83485000 	 83.50060000 	 81.81550000 	 10.50310000 	 0.03190000 	 0.00580000 	 0.05150000 	 0.22460000 	 18.03526469 	 477.29960000 	 140.03380000 	 52.90485000 	 1.87701000 	 16.23057000 	 1.98509000 	 3.16993000
2426 	 0.58278400 	 0.00000000 	 269.65512000 	 7.00449514 	 11.27640780 	 6.06200000 	 27.25600000 	 4.98100000 	 1.23500000 	 0.17500000 	 158.40400000 	 0.15800000 	 0.00000000 	 0.05800000 	 0.30800000 	 0.00000000 	 0.04100000 	 0.00400000 	 0.18000000 	 0.00000000 	 23.47273600 	 404.21130000 	 35.55633600 	 0.06025200 	 0.83486400 	 83.50197600 	 81.81684800 	 10.50327200 	 0.03190000 	 0.00580000 	 0.05150000 	 0.22460000 	 18.03526469 	 477.29960000 	 140.03380000 	 52.90485000 	 1.87701000 	 16.23057000 	 1.98509000 	 3.16993000
2427 	 0.58191800 	 0.00000000 	 269.66305000 	 7.00449514 	 11.27640780 	 6.06300000 	 27.25700000 	 4.98200000 	 1.23500000 	 0.17500000 	 158.40900000 	 0.15800000 	 0.00000000 	 0.05800000 	 0.30800000 	 0.00000000 	 0.04100000 	 0.00400000 	 0.18000000 	 0.00000000 	 23.47312200 	 404.21795000 	 35.55692200 	 0.06025400 	 0.83487800 	 83.50335200 	 81.81819600 	 10.50344400 	 0.03190000 	 0.00580000 	 0.05150000 	 0.22460000 	 18.03526469 	 477.29960000 	 140.03380000 	 52.90485000 	 1.87701000 	 16.23057000 	 1.98509000 	 3.16993000
2428 	 0.58105200 	 0.00000000 	 269.67097000 	 7.00449514 	 11.27640780 	 6.06300000 	 27.25900000 	 4.98200000 	 1.23500000 	 0.17500000 	 158.41400000 	 0.15800000 	 0.00000000 	 0.05800000 	 0.30800000 	 0.00000000 	 0.04100000 	 0.00400000 	 0.18000000 	 0.00000000 	 23.47350800 	 404.22460000 	 35.55750800 	 0.06025600 	 0.83489200 	 83.50472800 	 81.81954400 	 10.50361600 	 0.03190000 	 0.00580000 	 0.05150000 	 0.22460000 	 18.03526469 	 477.29960000 	 140.03380000 	 52.90485000 	 1.87701000 	 16.23057000 	 1.98509000 	 3.16993000
2429 	 0.58018600 	 0.00000000 	 269.67890000 	 7.00449514 	 11.27640780 	 6.06300000 	 27.26100000 	 4.98200000 	 1.23500000 	 0.17500000 	 158.42000000 	 0.15800000 	 0.00000000 	 0.05800000 	 0.30800000 	 0.00000000 	 0.04100000 	 0.00400000 	 0.18000000 	 0.00000000 	 23.47389400 	 404.23125000 	 35.55809400 	 0.06025800 	 0.83490600 	 83.50610400 	 81.82089200 	 10.50378800 	 0.03190000 	 0.00580000 	 0.05150000 	 0.22460000 	 18.03526469 	 477.29960000 	 140.03380000 	 52.90485000 	 1.87701000 	 16.23057000 	 1.98509000 	 3.16993000
2430 	 0.57932000 	 0.00000000 	 269.68682000 	 7.00449514 	 11.27640780 	 6.06400000 	 27.26300000 	 4.98300000 	 1.23500000 	 0.17500000 	 158.42500000 	 0.15800000 	 0.00000000 	 0.05800000 	 0.30800000 	 0.00000000 	 0.04100000 	 0.00400000 	 0.18000000 	 0.00000000 	 23.47428000 	 404.23790000 	 35.55868000 	 0.06026000 	 0.83492000 	 83.50748000 	 81.82224000 	 10.50396000 	 0.03190000 	 0.00580000 	 0.05150000 	 0.22460000 	 18.03526469 	 477.29960000 	 140.03380000 	 52.90485000 	 1.87701000 	 16.23057000 	 1.98509000 	 3.16993000
2431 	 0.57845400 	 0.00000000 	 269.69474000 	 7.00449514 	 11.27640780 	 6.06400000 	 27.26400000 	 4.98300000 	 1.23600000 	 0.17500000 	 158.43000000 	 0.15800000 	 0.00000000 	 0.05800000 	 0.30800000 	 0.00000000 	 0.04100000 	 0.00400000 	 0.18000000 	 0.00000000 	 23.47466600 	 404.24455000 	 35.55926600 	 0.06026200 	 0.83493400 	 83.50885600 	 81.82358800 	 10.50413200 	 0.03190000 	 0.00580000 	 0.05150000 	 0.22460000 	 18.03526469 	 477.29960000 	 140.03380000 	 52.90485000 	 1.87701000 	 16.23057000 	 1.98509000 	 3.16993000
2432 	 0.57758800 	 0.00000000 	 269.70267000 	 7.00449514 	 11.27640780 	 6.06500000 	 27.26600000 	 4.98300000 	 1.23600000 	 0.17500000 	 158.43600000 	 0.15800000 	 0.00000000 	 0.05800000 	 0.30800000 	 0.00000000 	 0.04100000 	 0.00400000 	 0.18000000 	 0.00000000 	 23.47505200 	 404.25120000 	 35.55985200 	 0.06026400 	 0.83494800 	 83.51023200 	 81.82493600 	 10.50430400 	 0.03190000 	 0.00580000 	 0.05150000 	 0.22460000 	 18.03526469 	 477.29960000 	 140.03380000 	 52.90485000 	 1.87701000 	 16.23057000 	 1.98509000 	 3.16993000
2433 	 0.57672200 	 0.00000000 	 269.71059000 	 7.00449514 	 11.27640780 	 6.06500000 	 27.26800000 	 4.98300000 	 1.23600000 	 0.17500000 	 158.44100000 	 0.15800000 	 0.00000000 	 0.05800000 	 0.30800000 	 0.00000000 	 0.04100000 	 0.00400000 	 0.18000000 	 0.00000000 	 23.47543800 	 404.25785000 	 35.56043800 	 0.06026600 	 0.83496200 	 83.51160800 	 81.82628400 	 10.50447600 	 0.03190000 	 0.00580000 	 0.05150000 	 0.22460000 	 18.03526469 	 477.29960000 	 140.03380000 	 52.90485000 	 1.87701000 	 16.23057000 	 1.98509000 	 3.16993000
2434 	 0.57585600 	 0.00000000 	 269.71852000 	 7.00449514 	 11.27640780 	 6.06500000 	 27.26900000 	 4.98400000 	 1.23600000 	 0.17500000 	 158.44600000 	 0.15800000 	 0.00000000 	 0.05800000 	 0.30800000 	 0.00000000 	 0.04100000 	 0.00400000 	 0.18000000 	 0.00000000 	 23.47582400 	 404.26450000 	 35.56102400 	 0.06026800 	 0.83497600 	 83.51298400 	 81.82763200 	 10.50464800 	 0.03190000 	 0.00580000 	 0.05150000 	 0.22460000 	 18.03526469 	 477.29960000 	 140.03380000 	 52.90485000 	 1.87701000 	 16.23057000 	 1.98509000 	 3.16993000
2435 	 0.57499000 	 0.00000000 	 269.72644000 	 7.00449514 	 11.27640780 	 6.06600000 	 27.27100000 	 4.98400000 	 1.23600000 	 0.17500000 	 158.45100000 	 0.15800000 	 0.00000000 	 0.05800000 	 0.30800000 	 0.00000000 	 0.04100000 	 0.00400000 	 0.18000000 	 0.00000000 	 23.47621000 	 404.27115000 	 35.56161000 	 0.06027000 	 0.83499000 	 83.51436000 	 81.82898000 	 10.50482000 	 0.03190000 	 0.00580000 	 0.05150000 	 0.22460000 	 18.03526469 	 477.29960000 	 140.03380000 	 52.90485000 	 1.87701000 	 16.23057000 	 1.98509000 	 3.16993000
2436 	 0.57412400 	 0.00000000 	 269.73436000 	 7.00449514 	 11.27640780 	 6.06600000 	 27.27300000 	 4.98400000 	 1.23600000 	 0.17500000 	 158.45700000 	 0.15800000 	 0.00000000 	 0.05800000 	 0.30800000 	 0.00000000 	 0.04100000 	 0.00400000 	 0.18000000 	 0.00000000 	 23.47659600 	 404.27780000 	 35.56219600 	 0.06027200 	 0.83500400 	 83.51573600 	 81.83032800 	 10.50499200 	 0.03190000 	 0.00580000 	 0.05150000 	 0.22460000 	 18.03526469 	 477.29960000 	 140.03380000 	 52.90485000 	 1.87701000 	 16.23057000 	 1.98509000 	 3.16993000
2437 	 0.57325800 	 0.00000000 	 269.74229000 	 7.00449514 	 11.27640780 	 6.06600000 	 27.27400000 	 4.98500000 	 1.23600000 	 0.17500000 	 158.46200000 	 0.15800000 	 0.00000000 	 0.05800000 	 0.30800000 	 0.00000000 	 0.04100000 	 0.00400000 	 0.18000000 	 0.00000000 	 23.47698200 	 404.28445000 	 35.56278200 	 0.06027400 	 0.83501800 	 83.51711200 	 81.83167600 	 10.50516400 	 0.03190000 	 0.00580000 	 0.05150000 	 0.22460000 	 18.03526469 	 477.29960000 	 140.03380000 	 52.90485000 	 1.87701000 	 16.23057000 	 1.98509000 	 3.16993000
2438 	 0.57239200 	 0.00000000 	 269.75021000 	 7.00449514 	 11.27640780 	 6.06700000 	 27.27600000 	 4.98500000 	 1.23600000 	 0.17500000 	 158.46700000 	 0.15800000 	 0.00000000 	 0.05800000 	 0.30800000 	 0.00000000 	 0.04100000 	 0.00400000 	 0.18000000 	 0.00000000 	 23.47736800 	 404.29110000 	 35.56336800 	 0.06027600 	 0.83503200 	 83.51848800 	 81.83302400 	 10.50533600 	 0.03190000 	 0.00580000 	 0.05150000 	 0.22460000 	 18.03526469 	 477.29960000 	 140.03380000 	 52.90485000 	 1.87701000 	 16.23057000 	 1.98509000 	 3.16993000
2439 	 0.57152600 	 0.00000000 	 269.75814000 	 7.00449514 	 11.27640780 	 6.06700000 	 27.27800000 	 4.98500000 	 1.23600000 	 0.17500000 	 158.47200000 	 0.15800000 	 0.00000000 	 0.05800000 	 0.30800000 	 0.00000000 	 0.04100000 	 0.00400000 	 0.18000000 	 0.00000000 	 23.47775400 	 404.29775000 	 35.56395400 	 0.06027800 	 0.83504600 	 83.51986400 	 81.83437200 	 10.50550800 	 0.03190000 	 0.00580000 	 0.05150000 	 0.22460000 	 18.03526469 	 477.29960000 	 140.03380000 	 52.90485000 	 1.87701000 	 16.23057000 	 1.98509000 	 3.16993000
2440 	 0.57066000 	 0.00000000 	 269.76606000 	 7.00449514 	 11.27640780 	 6.06800000 	 27.27900000 	 4.98600000 	 1.23600000 	 0.17500000 	 158.47700000 	 0.15800000 	 0.00000000 	 0.05800000 	 0.30800000 	 0.00000000 	 0.04100000 	 0.00400000 	 0.18000000 	 0.00000000 	 23.47814000 	 404.30440000 	 35.56454000 	 0.06028000 	 0.83506000 	 83.52124000 	 81.83572000 	 10.50568000 	 0.03190000 	 0.00580000 	 0.05150000 	 0.22460000 	 18.03526469 	 477.29960000 	 140.03380000 	 52.90485000 	 1.87701000 	 16.23057000 	 1.98509000 	 3.16993000
2441 	 0.56979400 	 0.00000000 	 269.77398000 	 7.00449514 	 11.27640780 	 6.06800000 	 27.28100000 	 4.98600000 	 1.23600000 	 0.17500000 	 158.48200000 	 0.15800000 	 0.00000000 	 0.05800000 	 0.30800000 	 0.00000000 	 0.04100000 	 0.00400000 	 0.18000000 	 0.00000000 	 23.47852600 	 404.31105000 	 35.56512600 	 0.06028200 	 0.83507400 	 83.52261600 	 81.83706800 	 10.50585200 	 0.03190000 	 0.00580000 	 0.05150000 	 0.22460000 	 18.03526469 	 477.29960000 	 140.03380000 	 52.90485000 	 1.87701000 	 16.23057000 	 1.98509000 	 3.16993000
2442 	 0.56892800 	 0.00000000 	 269.78191000 	 7.00449514 	 11.27640780 	 6.06800000 	 27.28300000 	 4.98600000 	 1.23600000 	 0.17500000 	 158.48800000 	 0.15800000 	 0.00000000 	 0.05800000 	 0.30800000 	 0.00000000 	 0.04100000 	 0.00400000 	 0.18000000 	 0.00000000 	 23.47891200 	 404.31770000 	 35.56571200 	 0.06028400 	 0.83508800 	 83.52399200 	 81.83841600 	 10.50602400 	 0.03190000 	 0.00580000 	 0.05150000 	 0.22460000 	 18.03526469 	 477.29960000 	 140.03380000 	 52.90485000 	 1.87701000 	 16.23057000 	 1.98509000 	 3.16993000
2443 	 0.56806200 	 0.00000000 	 269.78983000 	 7.00449514 	 11.27640780 	 6.06900000 	 27.28400000 	 4.98600000 	 1.23600000 	 0.17500000 	 158.49300000 	 0.15800000 	 0.00000000 	 0.05800000 	 0.30800000 	 0.00000000 	 0.04100000 	 0.00400000 	 0.18000000 	 0.00000000 	 23.47929800 	 404.32435000 	 35.56629800 	 0.06028600 	 0.83510200 	 83.52536800 	 81.83976400 	 10.50619600 	 0.03190000 	 0.00580000 	 0.05150000 	 0.22460000 	 18.03526469 	 477.29960000 	 140.03380000 	 52.90485000 	 1.87701000 	 16.23057000 	 1.98509000 	 3.16993000
2444 	 0.56719600 	 0.00000000 	 269.79776000 	 7.00449514 	 11.27640780 	 6.06900000 	 27.28600000 	 4.98700000 	 1.23700000 	 0.17500000 	 158.49800000 	 0.15800000 	 0.00000000 	 0.05800000 	 0.30800000 	 0.00000000 	 0.04100000 	 0.00400000 	 0.18000000 	 0.00000000 	 23.47968400 	 404.33100000 	 35.56688400 	 0.06028800 	 0.83511600 	 83.52674400 	 81.84111200 	 10.50636800 	 0.03190000 	 0.00580000 	 0.05150000 	 0.22460000 	 18.03526469 	 477.29960000 	 140.03380000 	 52.90485000 	 1.87701000 	 16.23057000 	 1.98509000 	 3.16993000
2445 	 0.56633000 	 0.00000000 	 269.80568000 	 7.00449514 	 11.27640780 	 6.06900000 	 27.28700000 	 4.98700000 	 1.23700000 	 0.17500000 	 158.50300000 	 0.15800000 	 0.00000000 	 0.05800000 	 0.30800000 	 0.00000000 	 0.04100000 	 0.00400000 	 0.18000000 	 0.00000000 	 23.48007000 	 404.33765000 	 35.56747000 	 0.06029000 	 0.83513000 	 83.52812000 	 81.84246000 	 10.50654000 	 0.03190000 	 0.00580000 	 0.05150000 	 0.22460000 	 18.03526469 	 477.29960000 	 140.03380000 	 52.90485000 	 1.87701000 	 16.23057000 	 1.98509000 	 3.16993000
2446 	 0.56546400 	 0.00000000 	 269.81360000 	 7.00449514 	 11.27640780 	 6.07000000 	 27.28900000 	 4.98700000 	 1.23700000 	 0.17500000 	 158.50800000 	 0.15800000 	 0.00000000 	 0.05800000 	 0.30800000 	 0.00000000 	 0.04100000 	 0.00400000 	 0.18000000 	 0.00000000 	 23.48045600 	 404.34430000 	 35.56805600 	 0.06029200 	 0.83514400 	 83.52949600 	 81.84380800 	 10.50671200 	 0.03190000 	 0.00580000 	 0.05150000 	 0.22460000 	 18.03526469 	 477.29960000 	 140.03380000 	 52.90485000 	 1.87701000 	 16.23057000 	 1.98509000 	 3.16993000
2447 	 0.56459800 	 0.00000000 	 269.82153000 	 7.00449514 	 11.27640780 	 6.07000000 	 27.29100000 	 4.98800000 	 1.23700000 	 0.17500000 	 158.51300000 	 0.15800000 	 0.00000000 	 0.05800000 	 0.30800000 	 0.00000000 	 0.04100000 	 0.00400000 	 0.18000000 	 0.00000000 	 23.48084200 	 404.35095000 	 35.56864200 	 0.06029400 	 0.83515800 	 83.53087200 	 81.84515600 	 10.50688400 	 0.03190000 	 0.00580000 	 0.05150000 	 0.22460000 	 18.03526469 	 477.29960000 	 140.03380000 	 52.90485000 	 1.87701000 	 16.23057000 	 1.98509000 	 3.16993000
2448 	 0.56373200 	 0.00000000 	 269.82945000 	 7.00449514 	 11.27640780 	 6.07000000 	 27.29200000 	 4.98800000 	 1.23700000 	 0.17500000 	 158.51800000 	 0.15800000 	 0.00000000 	 0.05800000 	 0.30800000 	 0.00000000 	 0.04100000 	 0.00400000 	 0.18000000 	 0.00000000 	 23.48122800 	 404.35760000 	 35.56922800 	 0.06029600 	 0.83517200 	 83.53224800 	 81.84650400 	 10.50705600 	 0.03190000 	 0.00580000 	 0.05150000 	 0.22460000 	 18.03526469 	 477.29960000 	 140.03380000 	 52.90485000 	 1.87701000 	 16.23057000 	 1.98509000 	 3.16993000
2449 	 0.56286600 	 0.00000000 	 269.83738000 	 7.00449514 	 11.27640780 	 6.07100000 	 27.29400000 	 4.98800000 	 1.23700000 	 0.17500000 	 158.52300000 	 0.15800000 	 0.00000000 	 0.05800000 	 0.30800000 	 0.00000000 	 0.04100000 	 0.00400000 	 0.18000000 	 0.00000000 	 23.48161400 	 404.36425000 	 35.56981400 	 0.06029800 	 0.83518600 	 83.53362400 	 81.84785200 	 10.50722800 	 0.03190000 	 0.00580000 	 0.05150000 	 0.22460000 	 18.03526469 	 477.29960000 	 140.03380000 	 52.90485000 	 1.87701000 	 16.23057000 	 1.98509000 	 3.16993000
2450 	 0.56200000 	 0.00000000 	 269.84530000 	 7.00449514 	 11.27640780 	 6.07100000 	 27.29500000 	 4.98900000 	 1.23700000 	 0.17500000 	 158.52800000 	 0.15800000 	 0.00000000 	 0.05800000 	 0.30800000 	 0.00000000 	 0.04100000 	 0.00400000 	 0.18000000 	 0.00000000 	 23.48200000 	 404.37090000 	 35.57040000 	 0.06030000 	 0.83520000 	 83.53500000 	 81.84920000 	 10.50740000 	 0.03190000 	 0.00580000 	 0.05150000 	 0.22460000 	 18.03526469 	 477.29960000 	 140.03380000 	 52.90485000 	 1.87701000 	 16.23057000 	 1.98509000 	 3.16993000
2451 	 0.56425000 	 0.00000000 	 269.82627000 	 7.00449514 	 11.27640780 	 6.07200000 	 27.29700000 	 4.98900000 	 1.23700000 	 0.17500000 	 158.53300000 	 0.15800000 	 0.00000000 	 0.05800000 	 0.30800000 	 0.00000000 	 0.04100000 	 0.00400000 	 0.18000000 	 0.00000000 	 23.48107200 	 404.35493000 	 35.56899400 	 0.06029800 	 0.83516400 	 83.53169800 	 81.84596800 	 10.50698400 	 0.03190000 	 0.00580000 	 0.05149600 	 0.22460000 	 18.03526469 	 477.29960000 	 140.03380000 	 52.90485000 	 1.87701000 	 16.23057000 	 1.98509000 	 3.16993000
2452 	 0.56650000 	 0.00000000 	 269.80724000 	 7.00449514 	 11.27640780 	 6.07200000 	 27.29900000 	 4.98900000 	 1.23700000 	 0.17500000 	 158.53800000 	 0.15800000 	 0.00000000 	 0.05800000 	 0.30800000 	 0.00000000 	 0.04100000 	 0.00400000 	 0.18000000 	 0.00000000 	 23.48014400 	 404.33896000 	 35.56758800 	 0.06029600 	 0.83512800 	 83.52839600 	 81.84273600 	 10.50656800 	 0.03190000 	 0.00580000 	 0.05149200 	 0.22460000 	 18.03526469 	 477.29960000 	 140.03380000 	 52.90485000 	 1.87701000 	 16.23057000 	 1.98509000 	 3.16993000
2453 	 0.56875000 	 0.00000000 	 269.78820000 	 7.00449514 	 11.27640780 	 6.07200000 	 27.30000000 	 4.98900000 	 1.23700000 	 0.17500000 	 158.54300000 	 0.15800000 	 0.00000000 	 0.05800000 	 0.30800000 	 0.00000000 	 0.04100000 	 0.00400000 	 0.18000000 	 0.00000000 	 23.47921600 	 404.32299000 	 35.56618200 	 0.06029400 	 0.83509200 	 83.52509400 	 81.83950400 	 10.50615200 	 0.03190000 	 0.00580000 	 0.05148800 	 0.22460000 	 18.03526469 	 477.29960000 	 140.03380000 	 52.90485000 	 1.87701000 	 16.23057000 	 1.98509000 	 3.16993000
2454 	 0.57100000 	 0.00000000 	 269.76917000 	 7.00449514 	 11.27640780 	 6.07300000 	 27.30200000 	 4.99000000 	 1.23700000 	 0.17500000 	 158.54800000 	 0.15800000 	 0.00000000 	 0.05800000 	 0.30800000 	 0.00000000 	 0.04100000 	 0.00400000 	 0.18000000 	 0.00000000 	 23.47828800 	 404.30702000 	 35.56477600 	 0.06029200 	 0.83505600 	 83.52179200 	 81.83627200 	 10.50573600 	 0.03190000 	 0.00580000 	 0.05148400 	 0.22460000 	 18.03526469 	 477.29960000 	 140.03380000 	 52.90485000 	 1.87701000 	 16.23057000 	 1.98509000 	 3.16993000
2455 	 0.57325000 	 0.00000000 	 269.75014000 	 7.00449514 	 11.27640780 	 6.07300000 	 27.30300000 	 4.99000000 	 1.23700000 	 0.17500000 	 158.55300000 	 0.15800000 	 0.00000000 	 0.05800000 	 0.30800000 	 0.00000000 	 0.04100000 	 0.00400000 	 0.18000000 	 0.00000000 	 23.47736000 	 404.29105000 	 35.56337000 	 0.06029000 	 0.83502000 	 83.51849000 	 81.83304000 	 10.50532000 	 0.03190000 	 0.00580000 	 0.05148000 	 0.22460000 	 18.03526469 	 477.29960000 	 140.03380000 	 52.90485000 	 1.87701000 	 16.23057000 	 1.98509000 	 3.16993000
2456 	 0.57550000 	 0.00000000 	 269.73111000 	 7.00449514 	 11.27640780 	 6.07300000 	 27.30500000 	 4.99000000 	 1.23700000 	 0.17500000 	 158.55800000 	 0.15800000 	 0.00000000 	 0.05800000 	 0.30800000 	 0.00000000 	 0.04100000 	 0.00400000 	 0.18000000 	 0.00000000 	 23.47643200 	 404.27508000 	 35.56196400 	 0.06028800 	 0.83498400 	 83.51518800 	 81.82980800 	 10.50490400 	 0.03190000 	 0.00580000 	 0.05147600 	 0.22460000 	 18.03526469 	 477.29960000 	 140.03380000 	 52.90485000 	 1.87701000 	 16.23057000 	 1.98509000 	 3.16993000
2457 	 0.57775000 	 0.00000000 	 269.71208000 	 7.00449514 	 11.27640780 	 6.07400000 	 27.30700000 	 4.99100000 	 1.23700000 	 0.17500000 	 158.56300000 	 0.15800000 	 0.00000000 	 0.05800000 	 0.30800000 	 0.00000000 	 0.04100000 	 0.00400000 	 0.18000000 	 0.00000000 	 23.47550400 	 404.25911000 	 35.56055800 	 0.06028600 	 0.83494800 	 83.51188600 	 81.82657600 	 10.50448800 	 0.03190000 	 0.00580000 	 0.05147200 	 0.22460000 	 18.03526469 	 477.29960000 	 140.03380000 	 52.90485000 	 1.87701000 	 16.23057000 	 1.98509000 	 3.16993000
2458 	 0.58000000 	 0.00000000 	 269.69304000 	 7.00449514 	 11.27640780 	 6.07400000 	 27.30800000 	 4.99100000 	 1.23800000 	 0.17500000 	 158.56800000 	 0.15800000 	 0.00000000 	 0.05800000 	 0.30800000 	 0.00000000 	 0.04100000 	 0.00400000 	 0.18000000 	 0.00000000 	 23.47457600 	 404.24314000 	 35.55915200 	 0.06028400 	 0.83491200 	 83.50858400 	 81.82334400 	 10.50407200 	 0.03190000 	 0.00580000 	 0.05146800 	 0.22460000 	 18.03526469 	 477.29960000 	 140.03380000 	 52.90485000 	 1.87701000 	 16.23057000 	 1.98509000 	 3.16993000
2459 	 0.58225000 	 0.00000000 	 269.67401000 	 7.00449514 	 11.27640780 	 6.07400000 	 27.31000000 	 4.99100000 	 1.23800000 	 0.17500000 	 158.57300000 	 0.15800000 	 0.00000000 	 0.05800000 	 0.30800000 	 0.00000000 	 0.04100000 	 0.00400000 	 0.18000000 	 0.00000000 	 23.47364800 	 404.22717000 	 35.55774600 	 0.06028200 	 0.83487600 	 83.50528200 	 81.82011200 	 10.50365600 	 0.03190000 	 0.00580000 	 0.05146400 	 0.22460000 	 18.03526469 	 477.29960000 	 140.03380000 	 52.90485000 	 1.87701000 	 16.23057000 	 1.98509000 	 3.16993000
2460 	 0.58450000 	 0.00000000 	 269.65498000 	 7.00449514 	 11.27640780 	 6.07500000 	 27.31100000 	 4.99100000 	 1.23800000 	 0.17500000 	 158.57800000 	 0.15800000 	 0.00000000 	 0.05800000 	 0.30800000 	 0.00000000 	 0.04100000 	 0.00400000 	 0.18000000 	 0.00000000 	 23.47272000 	 404.21120000 	 35.55634000 	 0.06028000 	 0.83484000 	 83.50198000 	 81.81688000 	 10.50324000 	 0.03190000 	 0.00580000 	 0.05146000 	 0.22460000 	 18.03526469 	 477.29960000 	 140.03380000 	 52.90485000 	 1.87701000 	 16.23057000 	 1.98509000 	 3.16993000
2461 	 0.58675000 	 0.00000000 	 269.63595000 	 7.00449514 	 11.27640780 	 6.07500000 	 27.31300000 	 4.99200000 	 1.23800000 	 0.17500000 	 158.58300000 	 0.15800000 	 0.00000000 	 0.05800000 	 0.30800000 	 0.00000000 	 0.04100000 	 0.00400000 	 0.18000000 	 0.00000000 	 23.47179200 	 404.19523000 	 35.55493400 	 0.06027800 	 0.83480400 	 83.49867800 	 81.81364800 	 10.50282400 	 0.03190000 	 0.00580000 	 0.05145600 	 0.22460000 	 18.03526469 	 477.29960000 	 140.03380000 	 52.90485000 	 1.87701000 	 16.23057000 	 1.98509000 	 3.16993000
2462 	 0.58900000 	 0.00000000 	 269.61692000 	 7.00449514 	 11.27640780 	 6.07500000 	 27.31400000 	 4.99200000 	 1.23800000 	 0.17500000 	 158.58800000 	 0.15800000 	 0.00000000 	 0.05800000 	 0.30800000 	 0.00000000 	 0.04100000 	 0.00400000 	 0.18000000 	 0.00000000 	 23.47086400 	 404.17926000 	 35.55352800 	 0.06027600 	 0.83476800 	 83.49537600 	 81.81041600 	 10.50240800 	 0.03190000 	 0.00580000 	 0.05145200 	 0.22460000 	 18.03526469 	 477.29960000 	 140.03380000 	 52.90485000 	 1.87701000 	 16.23057000 	 1.98509000 	 3.16993000
2463 	 0.59125000 	 0.00000000 	 269.59788000 	 7.00449514 	 11.27640780 	 6.07600000 	 27.31600000 	 4.99200000 	 1.23800000 	 0.17500000 	 158.59300000 	 0.15800000 	 0.00000000 	 0.05800000 	 0.30800000 	 0.00000000 	 0.04100000 	 0.00400000 	 0.18000000 	 0.00000000 	 23.46993600 	 404.16329000 	 35.55212200 	 0.06027400 	 0.83473200 	 83.49207400 	 81.80718400 	 10.50199200 	 0.03190000 	 0.00580000 	 0.05144800 	 0.22460000 	 18.03526469 	 477.29960000 	 140.03380000 	 52.90485000 	 1.87701000 	 16.23057000 	 1.98509000 	 3.16993000
2464 	 0.59350000 	 0.00000000 	 269.57885000 	 7.00449514 	 11.27640780 	 6.07600000 	 27.31800000 	 4.99300000 	 1.23800000 	 0.17500000 	 158.59700000 	 0.15900000 	 0.00000000 	 0.05800000 	 0.30800000 	 0.00000000 	 0.04100000 	 0.00400000 	 0.18000000 	 0.00000000 	 23.46900800 	 404.14732000 	 35.55071600 	 0.06027200 	 0.83469600 	 83.48877200 	 81.80395200 	 10.50157600 	 0.03190000 	 0.00580000 	 0.05144400 	 0.22460000 	 18.03526469 	 477.29960000 	 140.03380000 	 52.90485000 	 1.87701000 	 16.23057000 	 1.98509000 	 3.16993000
2465 	 0.59575000 	 0.00000000 	 269.55982000 	 7.00449514 	 11.27640780 	 6.07600000 	 27.31900000 	 4.99300000 	 1.23800000 	 0.17500000 	 158.60200000 	 0.15900000 	 0.00000000 	 0.05800000 	 0.30800000 	 0.00000000 	 0.04100000 	 0.00400000 	 0.18000000 	 0.00000000 	 23.46808000 	 404.13135000 	 35.54931000 	 0.06027000 	 0.83466000 	 83.48547000 	 81.80072000 	 10.50116000 	 0.03190000 	 0.00580000 	 0.05144000 	 0.22460000 	 18.03526469 	 477.29960000 	 140.03380000 	 52.90485000 	 1.87701000 	 16.23057000 	 1.98509000 	 3.16993000
2466 	 0.59800000 	 0.00000000 	 269.54079000 	 7.00449514 	 11.27640780 	 6.07700000 	 27.32100000 	 4.99300000 	 1.23800000 	 0.17500000 	 158.60700000 	 0.15900000 	 0.00000000 	 0.05800000 	 0.30800000 	 0.00000000 	 0.04100000 	 0.00400000 	 0.18000000 	 0.00000000 	 23.46715200 	 404.11538000 	 35.54790400 	 0.06026800 	 0.83462400 	 83.48216800 	 81.79748800 	 10.50074400 	 0.03190000 	 0.00580000 	 0.05143600 	 0.22460000 	 18.03526469 	 477.29960000 	 140.03380000 	 52.90485000 	 1.87701000 	 16.23057000 	 1.98509000 	 3.16993000
2467 	 0.60025000 	 0.00000000 	 269.52176000 	 7.00449514 	 11.27640780 	 6.07700000 	 27.32200000 	 4.99300000 	 1.23800000 	 0.17500000 	 158.61200000 	 0.15900000 	 0.00000000 	 0.05800000 	 0.30800000 	 0.00000000 	 0.04100000 	 0.00400000 	 0.18000000 	 0.00000000 	 23.46622400 	 404.09941000 	 35.54649800 	 0.06026600 	 0.83458800 	 83.47886600 	 81.79425600 	 10.50032800 	 0.03190000 	 0.00580000 	 0.05143200 	 0.22460000 	 18.03526469 	 477.29960000 	 140.03380000 	 52.90485000 	 1.87701000 	 16.23057000 	 1.98509000 	 3.16993000
2468 	 0.60250000 	 0.00000000 	 269.50272000 	 7.00449514 	 11.27640780 	 6.07700000 	 27.32400000 	 4.99400000 	 1.23800000 	 0.17500000 	 158.61700000 	 0.15900000 	 0.00000000 	 0.05800000 	 0.30800000 	 0.00000000 	 0.04100000 	 0.00400000 	 0.18000000 	 0.00000000 	 23.46529600 	 404.08344000 	 35.54509200 	 0.06026400 	 0.83455200 	 83.47556400 	 81.79102400 	 10.49991200 	 0.03190000 	 0.00580000 	 0.05142800 	 0.22460000 	 18.03526469 	 477.29960000 	 140.03380000 	 52.90485000 	 1.87701000 	 16.23057000 	 1.98509000 	 3.16993000
2469 	 0.60475000 	 0.00000000 	 269.48369000 	 7.00449514 	 11.27640780 	 6.07800000 	 27.32500000 	 4.99400000 	 1.23800000 	 0.17500000 	 158.62200000 	 0.15900000 	 0.00000000 	 0.05800000 	 0.30800000 	 0.00000000 	 0.04100000 	 0.00400000 	 0.18000000 	 0.00000000 	 23.46436800 	 404.06747000 	 35.54368600 	 0.06026200 	 0.83451600 	 83.47226200 	 81.78779200 	 10.49949600 	 0.03190000 	 0.00580000 	 0.05142400 	 0.22460000 	 18.03526469 	 477.29960000 	 140.03380000 	 52.90485000 	 1.87701000 	 16.23057000 	 1.98509000 	 3.16993000
2470 	 0.60700000 	 0.00000000 	 269.46466000 	 7.00449514 	 11.27640780 	 6.07800000 	 27.32700000 	 4.99400000 	 1.23800000 	 0.17500000 	 158.62600000 	 0.15900000 	 0.00000000 	 0.05800000 	 0.30800000 	 0.00000000 	 0.04100000 	 0.00400000 	 0.18000000 	 0.00000000 	 23.46344000 	 404.05150000 	 35.54228000 	 0.06026000 	 0.83448000 	 83.46896000 	 81.78456000 	 10.49908000 	 0.03190000 	 0.00580000 	 0.05142000 	 0.22460000 	 18.03526469 	 477.29960000 	 140.03380000 	 52.90485000 	 1.87701000 	 16.23057000 	 1.98509000 	 3.16993000
2471 	 0.60925000 	 0.00000000 	 269.44563000 	 7.00449514 	 11.27640780 	 6.07800000 	 27.32800000 	 4.99500000 	 1.23800000 	 0.17500000 	 158.63100000 	 0.15900000 	 0.00000000 	 0.05800000 	 0.30800000 	 0.00000000 	 0.04100000 	 0.00400000 	 0.18000000 	 0.00000000 	 23.46251200 	 404.03553000 	 35.54087400 	 0.06025800 	 0.83444400 	 83.46565800 	 81.78132800 	 10.49866400 	 0.03190000 	 0.00580000 	 0.05141600 	 0.22460000 	 18.03526469 	 477.29960000 	 140.03380000 	 52.90485000 	 1.87701000 	 16.23057000 	 1.98509000 	 3.16993000
2472 	 0.61150000 	 0.00000000 	 269.42660000 	 7.00449514 	 11.27640780 	 6.07900000 	 27.33000000 	 4.99500000 	 1.23900000 	 0.17500000 	 158.63600000 	 0.15900000 	 0.00000000 	 0.05800000 	 0.30800000 	 0.00000000 	 0.04100000 	 0.00400000 	 0.18000000 	 0.00000000 	 23.46158400 	 404.01956000 	 35.53946800 	 0.06025600 	 0.83440800 	 83.46235600 	 81.77809600 	 10.49824800 	 0.03190000 	 0.00580000 	 0.05141200 	 0.22460000 	 18.03526469 	 477.29960000 	 140.03380000 	 52.90485000 	 1.87701000 	 16.23057000 	 1.98509000 	 3.16993000
2473 	 0.61375000 	 0.00000000 	 269.40756000 	 7.00449514 	 11.27640780 	 6.07900000 	 27.33100000 	 4.99500000 	 1.23900000 	 0.17500000 	 158.64100000 	 0.15900000 	 0.00000000 	 0.05800000 	 0.30800000 	 0.00000000 	 0.04100000 	 0.00400000 	 0.18000000 	 0.00000000 	 23.46065600 	 404.00359000 	 35.53806200 	 0.06025400 	 0.83437200 	 83.45905400 	 81.77486400 	 10.49783200 	 0.03190000 	 0.00580000 	 0.05140800 	 0.22460000 	 18.03526469 	 477.29960000 	 140.03380000 	 52.90485000 	 1.87701000 	 16.23057000 	 1.98509000 	 3.16993000
2474 	 0.61600000 	 0.00000000 	 269.38853000 	 7.00449514 	 11.27640780 	 6.07900000 	 27.33300000 	 4.99500000 	 1.23900000 	 0.17500000 	 158.64500000 	 0.15900000 	 0.00000000 	 0.05800000 	 0.30800000 	 0.00000000 	 0.04100000 	 0.00400000 	 0.18000000 	 0.00000000 	 23.45972800 	 403.98762000 	 35.53665600 	 0.06025200 	 0.83433600 	 83.45575200 	 81.77163200 	 10.49741600 	 0.03190000 	 0.00580000 	 0.05140400 	 0.22460000 	 18.03526469 	 477.29960000 	 140.03380000 	 52.90485000 	 1.87701000 	 16.23057000 	 1.98509000 	 3.16993000
2475 	 0.61825000 	 0.00000000 	 269.36950000 	 7.00449514 	 11.27640780 	 6.08000000 	 27.33400000 	 4.99600000 	 1.23900000 	 0.17500000 	 158.65000000 	 0.15900000 	 0.00000000 	 0.05800000 	 0.30800000 	 0.00000000 	 0.04100000 	 0.00400000 	 0.18000000 	 0.00000000 	 23.45880000 	 403.97165000 	 35.53525000 	 0.06025000 	 0.83430000 	 83.45245000 	 81.76840000 	 10.49700000 	 0.03190000 	 0.00580000 	 0.05140000 	 0.22460000 	 18.03526469 	 477.29960000 	 140.03380000 	 52.90485000 	 1.87701000 	 16.23057000 	 1.98509000 	 3.16993000
2476 	 0.62050000 	 0.00000000 	 269.35047000 	 7.00449514 	 11.27640780 	 6.08000000 	 27.33600000 	 4.99600000 	 1.23900000 	 0.17500000 	 158.65500000 	 0.15900000 	 0.00000000 	 0.05800000 	 0.30800000 	 0.00000000 	 0.04100000 	 0.00400000 	 0.18100000 	 0.00000000 	 23.45787200 	 403.95568000 	 35.53384400 	 0.06024800 	 0.83426400 	 83.44914800 	 81.76516800 	 10.49658400 	 0.03190000 	 0.00580000 	 0.05139600 	 0.22460000 	 18.03526469 	 477.29960000 	 140.03380000 	 52.90485000 	 1.87701000 	 16.23057000 	 1.98509000 	 3.16993000
2477 	 0.62275000 	 0.00000000 	 269.33144000 	 7.00449514 	 11.27640780 	 6.08000000 	 27.33700000 	 4.99600000 	 1.23900000 	 0.17500000 	 158.66000000 	 0.15900000 	 0.00000000 	 0.05800000 	 0.30800000 	 0.00000000 	 0.04100000 	 0.00400000 	 0.18100000 	 0.00000000 	 23.45694400 	 403.93971000 	 35.53243800 	 0.06024600 	 0.83422800 	 83.44584600 	 81.76193600 	 10.49616800 	 0.03190000 	 0.00580000 	 0.05139200 	 0.22460000 	 18.03526469 	 477.29960000 	 140.03380000 	 52.90485000 	 1.87701000 	 16.23057000 	 1.98509000 	 3.16993000
2478 	 0.62500000 	 0.00000000 	 269.31240000 	 7.00449514 	 11.27640780 	 6.08100000 	 27.33900000 	 4.99600000 	 1.23900000 	 0.17500000 	 158.66400000 	 0.15900000 	 0.00000000 	 0.05800000 	 0.30800000 	 0.00000000 	 0.04100000 	 0.00400000 	 0.18100000 	 0.00000000 	 23.45601600 	 403.92374000 	 35.53103200 	 0.06024400 	 0.83419200 	 83.44254400 	 81.75870400 	 10.49575200 	 0.03190000 	 0.00580000 	 0.05138800 	 0.22460000 	 18.03526469 	 477.29960000 	 140.03380000 	 52.90485000 	 1.87701000 	 16.23057000 	 1.98509000 	 3.16993000
2479 	 0.62725000 	 0.00000000 	 269.29337000 	 7.00449514 	 11.27640780 	 6.08100000 	 27.34000000 	 4.99700000 	 1.23900000 	 0.17500000 	 158.66900000 	 0.15900000 	 0.00000000 	 0.05800000 	 0.30800000 	 0.00000000 	 0.04100000 	 0.00400000 	 0.18100000 	 0.00000000 	 23.45508800 	 403.90777000 	 35.52962600 	 0.06024200 	 0.83415600 	 83.43924200 	 81.75547200 	 10.49533600 	 0.03190000 	 0.00580000 	 0.05138400 	 0.22460000 	 18.03526469 	 477.29960000 	 140.03380000 	 52.90485000 	 1.87701000 	 16.23057000 	 1.98509000 	 3.16993000
2480 	 0.62950000 	 0.00000000 	 269.27434000 	 7.00449514 	 11.27640780 	 6.08100000 	 27.34200000 	 4.99700000 	 1.23900000 	 0.17500000 	 158.67400000 	 0.15900000 	 0.00000000 	 0.05800000 	 0.30800000 	 0.00000000 	 0.04100000 	 0.00400000 	 0.18100000 	 0.00000000 	 23.45416000 	 403.89180000 	 35.52822000 	 0.06024000 	 0.83412000 	 83.43594000 	 81.75224000 	 10.49492000 	 0.03190000 	 0.00580000 	 0.05138000 	 0.22460000 	 18.03526469 	 477.29960000 	 140.03380000 	 52.90485000 	 1.87701000 	 16.23057000 	 1.98509000 	 3.16993000
2481 	 0.63175000 	 0.00000000 	 269.25531000 	 7.00449514 	 11.27640780 	 6.08200000 	 27.34300000 	 4.99700000 	 1.23900000 	 0.17500000 	 158.67800000 	 0.15900000 	 0.00000000 	 0.05800000 	 0.30800000 	 0.00000000 	 0.04100000 	 0.00400000 	 0.18100000 	 0.00000000 	 23.45323200 	 403.87583000 	 35.52681400 	 0.06023800 	 0.83408400 	 83.43263800 	 81.74900800 	 10.49450400 	 0.03190000 	 0.00580000 	 0.05137600 	 0.22460000 	 18.03526469 	 477.29960000 	 140.03380000 	 52.90485000 	 1.87701000 	 16.23057000 	 1.98509000 	 3.16993000
2482 	 0.63400000 	 0.00000000 	 269.23628000 	 7.00449514 	 11.27640780 	 6.08200000 	 27.34500000 	 4.99800000 	 1.23900000 	 0.17500000 	 158.68300000 	 0.15900000 	 0.00000000 	 0.05800000 	 0.30800000 	 0.00000000 	 0.04100000 	 0.00400000 	 0.18100000 	 0.00000000 	 23.45230400 	 403.85986000 	 35.52540800 	 0.06023600 	 0.83404800 	 83.42933600 	 81.74577600 	 10.49408800 	 0.03190000 	 0.00580000 	 0.05137200 	 0.22460000 	 18.03526469 	 477.29960000 	 140.03380000 	 52.90485000 	 1.87701000 	 16.23057000 	 1.98509000 	 3.16993000
2483 	 0.63625000 	 0.00000000 	 269.21724000 	 7.00449514 	 11.27640780 	 6.08200000 	 27.34600000 	 4.99800000 	 1.23900000 	 0.17600000 	 158.68800000 	 0.15900000 	 0.00000000 	 0.05800000 	 0.30800000 	 0.00000000 	 0.04100000 	 0.00400000 	 0.18100000 	 0.00000000 	 23.45137600 	 403.84389000 	 35.52400200 	 0.06023400 	 0.83401200 	 83.42603400 	 81.74254400 	 10.49367200 	 0.03190000 	 0.00580000 	 0.05136800 	 0.22460000 	 18.03526469 	 477.29960000 	 140.03380000 	 52.90485000 	 1.87701000 	 16.23057000 	 1.98509000 	 3.16993000
2484 	 0.63850000 	 0.00000000 	 269.19821000 	 7.00449514 	 11.27640780 	 6.08300000 	 27.34800000 	 4.99800000 	 1.23900000 	 0.17600000 	 158.69200000 	 0.15900000 	 0.00000000 	 0.05800000 	 0.30800000 	 0.00000000 	 0.04100000 	 0.00400000 	 0.18100000 	 0.00000000 	 23.45044800 	 403.82792000 	 35.52259600 	 0.06023200 	 0.83397600 	 83.42273200 	 81.73931200 	 10.49325600 	 0.03190000 	 0.00580000 	 0.05136400 	 0.22460000 	 18.03526469 	 477.29960000 	 140.03380000 	 52.90485000 	 1.87701000 	 16.23057000 	 1.98509000 	 3.16993000
2485 	 0.64075000 	 0.00000000 	 269.17918000 	 7.00449514 	 11.27640780 	 6.08300000 	 27.34900000 	 4.99800000 	 1.23900000 	 0.17600000 	 158.69700000 	 0.15900000 	 0.00000000 	 0.05800000 	 0.30800000 	 0.00000000 	 0.04100000 	 0.00400000 	 0.18100000 	 0.00000000 	 23.44952000 	 403.81195000 	 35.52119000 	 0.06023000 	 0.83394000 	 83.41943000 	 81.73608000 	 10.49284000 	 0.03190000 	 0.00580000 	 0.05136000 	 0.22460000 	 18.03526469 	 477.29960000 	 140.03380000 	 52.90485000 	 1.87701000 	 16.23057000 	 1.98509000 	 3.16993000
2486 	 0.64300000 	 0.00000000 	 269.16015000 	 7.00449514 	 11.27640780 	 6.08300000 	 27.35100000 	 4.99900000 	 1.23900000 	 0.17600000 	 158.70200000 	 0.15900000 	 0.00000000 	 0.05800000 	 0.30800000 	 0.00000000 	 0.04100000 	 0.00400000 	 0.18100000 	 0.00000000 	 23.44859200 	 403.79598000 	 35.51978400 	 0.06022800 	 0.83390400 	 83.41612800 	 81.73284800 	 10.49242400 	 0.03190000 	 0.00580000 	 0.05135600 	 0.22460000 	 18.03526469 	 477.29960000 	 140.03380000 	 52.90485000 	 1.87701000 	 16.23057000 	 1.98509000 	 3.16993000
2487 	 0.64525000 	 0.00000000 	 269.14112000 	 7.00449514 	 11.27640780 	 6.08400000 	 27.35200000 	 4.99900000 	 1.24000000 	 0.17600000 	 158.70600000 	 0.15900000 	 0.00000000 	 0.05800000 	 0.30800000 	 0.00000000 	 0.04100000 	 0.00400000 	 0.18100000 	 0.00000000 	 23.44766400 	 403.78001000 	 35.51837800 	 0.06022600 	 0.83386800 	 83.41282600 	 81.72961600 	 10.49200800 	 0.03190000 	 0.00580000 	 0.05135200 	 0.22460000 	 18.03526469 	 477.29960000 	 140.03380000 	 52.90485000 	 1.87701000 	 16.23057000 	 1.98509000 	 3.16993000
2488 	 0.64750000 	 0.00000000 	 269.12208000 	 7.00449514 	 11.27640780 	 6.08400000 	 27.35400000 	 4.99900000 	 1.24000000 	 0.17600000 	 158.71100000 	 0.15900000 	 0.00000000 	 0.05800000 	 0.30800000 	 0.00000000 	 0.04100000 	 0.00400000 	 0.18100000 	 0.00000000 	 23.44673600 	 403.76404000 	 35.51697200 	 0.06022400 	 0.83383200 	 83.40952400 	 81.72638400 	 10.49159200 	 0.03190000 	 0.00580000 	 0.05134800 	 0.22460000 	 18.03526469 	 477.29960000 	 140.03380000 	 52.90485000 	 1.87701000 	 16.23057000 	 1.98509000 	 3.16993000
2489 	 0.64975000 	 0.00000000 	 269.10305000 	 7.00449514 	 11.27640780 	 6.08400000 	 27.35500000 	 4.99900000 	 1.24000000 	 0.17600000 	 158.71500000 	 0.15900000 	 0.00000000 	 0.05800000 	 0.30800000 	 0.00000000 	 0.04100000 	 0.00400000 	 0.18100000 	 0.00000000 	 23.44580800 	 403.74807000 	 35.51556600 	 0.06022200 	 0.83379600 	 83.40622200 	 81.72315200 	 10.49117600 	 0.03190000 	 0.00580000 	 0.05134400 	 0.22460000 	 18.03526469 	 477.29960000 	 140.03380000 	 52.90485000 	 1.87701000 	 16.23057000 	 1.98509000 	 3.16993000
2490 	 0.65200000 	 0.00000000 	 269.08402000 	 7.00449514 	 11.27640780 	 6.08500000 	 27.35700000 	 5.00000000 	 1.24000000 	 0.17600000 	 158.72000000 	 0.15900000 	 0.00000000 	 0.05800000 	 0.30800000 	 0.00000000 	 0.04100000 	 0.00400000 	 0.18100000 	 0.00000000 	 23.44488000 	 403.73210000 	 35.51416000 	 0.06022000 	 0.83376000 	 83.40292000 	 81.71992000 	 10.49076000 	 0.03190000 	 0.00580000 	 0.05134000 	 0.22460000 	 18.03526469 	 477.29960000 	 140.03380000 	 52.90485000 	 1.87701000 	 16.23057000 	 1.98509000 	 3.16993000
2491 	 0.65425000 	 0.00000000 	 269.06499000 	 7.00449514 	 11.27640780 	 6.08500000 	 27.35800000 	 5.00000000 	 1.24000000 	 0.17600000 	 158.72500000 	 0.15900000 	 0.00000000 	 0.05800000 	 0.30800000 	 0.00000000 	 0.04100000 	 0.00400000 	 0.18100000 	 0.00000000 	 23.44395200 	 403.71613000 	 35.51275400 	 0.06021800 	 0.83372400 	 83.39961800 	 81.71668800 	 10.49034400 	 0.03190000 	 0.00580000 	 0.05133600 	 0.22460000 	 18.03526469 	 477.29960000 	 140.03380000 	 52.90485000 	 1.87701000 	 16.23057000 	 1.98509000 	 3.16993000
2492 	 0.65650000 	 0.00000000 	 269.04596000 	 7.00449514 	 11.27640780 	 6.08500000 	 27.35900000 	 5.00000000 	 1.24000000 	 0.17600000 	 158.72900000 	 0.15900000 	 0.00000000 	 0.05800000 	 0.30800000 	 0.00000000 	 0.04100000 	 0.00400000 	 0.18100000 	 0.00000000 	 23.44302400 	 403.70016000 	 35.51134800 	 0.06021600 	 0.83368800 	 83.39631600 	 81.71345600 	 10.48992800 	 0.03190000 	 0.00580000 	 0.05133200 	 0.22460000 	 18.03526469 	 477.29960000 	 140.03380000 	 52.90485000 	 1.87701000 	 16.23057000 	 1.98509000 	 3.16993000
2493 	 0.65875000 	 0.00000000 	 269.02692000 	 7.00449514 	 11.27640780 	 6.08600000 	 27.36100000 	 5.00000000 	 1.24000000 	 0.17600000 	 158.73400000 	 0.15900000 	 0.00000000 	 0.05800000 	 0.30800000 	 0.00000000 	 0.04100000 	 0.00400000 	 0.18100000 	 0.00000000 	 23.44209600 	 403.68419000 	 35.50994200 	 0.06021400 	 0.83365200 	 83.39301400 	 81.71022400 	 10.48951200 	 0.03190000 	 0.00580000 	 0.05132800 	 0.22460000 	 18.03526469 	 477.29960000 	 140.03380000 	 52.90485000 	 1.87701000 	 16.23057000 	 1.98509000 	 3.16993000
2494 	 0.66100000 	 0.00000000 	 269.00789000 	 7.00449514 	 11.27640780 	 6.08600000 	 27.36200000 	 5.00100000 	 1.24000000 	 0.17600000 	 158.73800000 	 0.15900000 	 0.00000000 	 0.05900000 	 0.30800000 	 0.00000000 	 0.04100000 	 0.00400000 	 0.18100000 	 0.00000000 	 23.44116800 	 403.66822000 	 35.50853600 	 0.06021200 	 0.83361600 	 83.38971200 	 81.70699200 	 10.48909600 	 0.03190000 	 0.00580000 	 0.05132400 	 0.22460000 	 18.03526469 	 477.29960000 	 140.03380000 	 52.90485000 	 1.87701000 	 16.23057000 	 1.98509000 	 3.16993000
2495 	 0.66325000 	 0.00000000 	 268.98886000 	 7.00449514 	 11.27640780 	 6.08600000 	 27.36400000 	 5.00100000 	 1.24000000 	 0.17600000 	 158.74300000 	 0.15900000 	 0.00000000 	 0.05900000 	 0.30900000 	 0.00000000 	 0.04100000 	 0.00400000 	 0.18100000 	 0.00000000 	 23.44024000 	 403.65225000 	 35.50713000 	 0.06021000 	 0.83358000 	 83.38641000 	 81.70376000 	 10.48868000 	 0.03190000 	 0.00580000 	 0.05132000 	 0.22460000 	 18.03526469 	 477.29960000 	 140.03380000 	 52.90485000 	 1.87701000 	 16.23057000 	 1.98509000 	 3.16993000
2496 	 0.66550000 	 0.00000000 	 268.96983000 	 7.00449514 	 11.27640780 	 6.08700000 	 27.36500000 	 5.00100000 	 1.24000000 	 0.17600000 	 158.74700000 	 0.15900000 	 0.00000000 	 0.05900000 	 0.30900000 	 0.00000000 	 0.04100000 	 0.00400000 	 0.18100000 	 0.00000000 	 23.43931200 	 403.63628000 	 35.50572400 	 0.06020800 	 0.83354400 	 83.38310800 	 81.70052800 	 10.48826400 	 0.03190000 	 0.00580000 	 0.05131600 	 0.22460000 	 18.03526469 	 477.29960000 	 140.03380000 	 52.90485000 	 1.87701000 	 16.23057000 	 1.98509000 	 3.16993000
2497 	 0.66775000 	 0.00000000 	 268.95080000 	 7.00449514 	 11.27640780 	 6.08700000 	 27.36700000 	 5.00200000 	 1.24000000 	 0.17600000 	 158.75200000 	 0.15900000 	 0.00000000 	 0.05900000 	 0.30900000 	 0.00000000 	 0.04100000 	 0.00400000 	 0.18100000 	 0.00000000 	 23.43838400 	 403.62031000 	 35.50431800 	 0.06020600 	 0.83350800 	 83.37980600 	 81.69729600 	 10.48784800 	 0.03190000 	 0.00580000 	 0.05131200 	 0.22460000 	 18.03526469 	 477.29960000 	 140.03380000 	 52.90485000 	 1.87701000 	 16.23057000 	 1.98509000 	 3.16993000
2498 	 0.67000000 	 0.00000000 	 268.93176000 	 7.00449514 	 11.27640780 	 6.08700000 	 27.36800000 	 5.00200000 	 1.24000000 	 0.17600000 	 158.75600000 	 0.15900000 	 0.00000000 	 0.05900000 	 0.30900000 	 0.00000000 	 0.04100000 	 0.00400000 	 0.18100000 	 0.00000000 	 23.43745600 	 403.60434000 	 35.50291200 	 0.06020400 	 0.83347200 	 83.37650400 	 81.69406400 	 10.48743200 	 0.03190000 	 0.00580000 	 0.05130800 	 0.22460000 	 18.03526469 	 477.29960000 	 140.03380000 	 52.90485000 	 1.87701000 	 16.23057000 	 1.98509000 	 3.16993000
2499 	 0.67225000 	 0.00000000 	 268.91273000 	 7.00449514 	 11.27640780 	 6.08800000 	 27.37000000 	 5.00200000 	 1.24000000 	 0.17600000 	 158.76100000 	 0.15900000 	 0.00000000 	 0.05900000 	 0.30900000 	 0.00000000 	 0.04100000 	 0.00400000 	 0.18100000 	 0.00000000 	 23.43652800 	 403.58837000 	 35.50150600 	 0.06020200 	 0.83343600 	 83.37320200 	 81.69083200 	 10.48701600 	 0.03190000 	 0.00580000 	 0.05130400 	 0.22460000 	 18.03526469 	 477.29960000 	 140.03380000 	 52.90485000 	 1.87701000 	 16.23057000 	 1.98509000 	 3.16993000
2500 	 0.67450000 	 0.00000000 	 268.89370000 	 7.00449514 	 11.27640780 	 6.08800000 	 27.37000000 	 5.00200000 	 1.24000000 	 0.17600000 	 158.76100000 	 0.15900000 	 0.00000000 	 0.05900000 	 0.30900000 	 0.00000000 	 0.04100000 	 0.00400000 	 0.18100000 	 0.00000000 	 23.43560000 	 403.57240000 	 35.50010000 	 0.06020000 	 0.83340000 	 83.36990000 	 81.68760000 	 10.48660000 	 0.03190000 	 0.00580000 	 0.05130000 	 0.22460000 	 18.03526469 	 477.29960000 	 140.03380000 	 52.90485000 	 1.87701000 	 16.23057000 	 1.98509000 	 3.16993000
