Component 	 CO2 	 CO2 	 CH4	N2O	SO2	CFC-11	CFC-12	CFC-113	CFC-114	CFC-115	CH3Br	CCl4	CH3CCl3	HCFC-22	HCFC-141b	HCFC-123	HCFC-142b	H-1211	H-1301	H-2402	HFC125	HFC134a	HFC143a	HFC227ea	HFC23	HFC245fa	HFC32	HFC4310mee	C2F6	C6F14	CF4	SF6	NOx	CO	NMVOC	NH3	BMB_AEROS_BC	BMB_AEROS_OC	BC	OC 
Unit 	 Pg_C	Pg_C	Tg	Tg_N	Tg_S	Gg	Gg	Gg	Gg	Gg	Gg	Gg	Gg	Gg	Gg	Gg	Gg	Gg	Gg	Gg	Gg	Gg	Gg	Gg	Gg	Gg	Gg	Gg	Gg	Gg	Gg	Gg	Mt_N	Mt	Mt	Mt	Tg	Tg	Tg	Tg
Description 	 fossil_fuel 	 landuse 	 total	 total	 total	 total	 total	 total	 total	 total	 total	 total	 total	 total	 total	 total	 total	 total	 total	 total	 total	 total	 total	 total	 total	 total	 total	 total	 total	 total	 total	 total	 total	 total	 total	 total	 total	 total	 total	 total
Reference	ssp119	ssp119	ssp119	ssp119	ssp119	ssp119	ssp119	ssp119	ssp119	ssp119	ssp119	ssp119	ssp119	ssp119	ssp119	No data	ssp119	ssp119	ssp119	ssp119	ssp119	ssp119	ssp119	ssp119	ssp119	ssp119	ssp119	ssp119	ssp119	ssp119	ssp119	ssp119	ssp119	ssp119	ssp119	ssp119	ssp119	ssp119	ssp119	ssp119
1750 	 0.00259244 	 0.08112671 	 19.01978312 	 0.05471019 	 1.22246427 	 0.00000000 	 0.00000000 	 0.00000000 	 0.00000000 	 0.00000000 	 105.08773000 	 0.02485686 	 0.00000000 	 0.00000000 	 0.00000000 	 0.00000000 	 0.00000000 	 0.00772327 	 0.00000000 	 0.00000000 	 0.00000000 	 0.00000000 	 0.00000000 	 0.00000000 	 0.00000000 	 0.00000000 	 0.00000000 	 0.00000000 	 0.00000000 	 0.00000000 	 0.01007122 	 0.00000000 	 3.87150443 	 348.52735878 	 60.02182622 	 6.92769009 	 1.35325036 	 12.52026941 	 0.74452040 	 2.92739873
1751 	 0.00259254 	 0.08261921 	 18.91510887 	 0.05574379 	 1.20659795 	 0.00000000 	 0.00000000 	 0.00000000 	 0.00000000 	 0.00000000 	 105.10720000 	 0.02485686 	 0.00000000 	 0.00000000 	 0.00000000 	 0.00000000 	 0.00000000 	 0.00772327 	 0.00000000 	 0.00000000 	 0.00000000 	 0.00000000 	 0.00000000 	 0.00000000 	 0.00000000 	 0.00000000 	 0.00000000 	 0.00000000 	 0.00000000 	 0.00000000 	 0.01007122 	 0.00000000 	 3.82806018 	 343.92636725 	 59.08812628 	 6.86014218 	 1.33527377 	 12.27927966 	 0.73765215 	 2.90943708
1752 	 0.00259364 	 0.08413916 	 18.88971181 	 0.05679691 	 1.20095514 	 0.00000000 	 0.00000000 	 0.00000000 	 0.00000000 	 0.00000000 	 105.12502000 	 0.02485686 	 0.00000000 	 0.00000000 	 0.00000000 	 0.00000000 	 0.00000000 	 0.00772327 	 0.00000000 	 0.00000000 	 0.00000000 	 0.00000000 	 0.00000000 	 0.00000000 	 0.00000000 	 0.00000000 	 0.00000000 	 0.00000000 	 0.00000000 	 0.00000000 	 0.01007122 	 0.00000000 	 3.82865821 	 341.80903390 	 58.63199703 	 6.81948204 	 1.32661698 	 12.12181632 	 0.73769495 	 2.91265942
1753 	 0.00259373 	 0.08568708 	 19.12137723 	 0.05786994 	 1.20775738 	 0.00000000 	 0.00000000 	 0.00000000 	 0.00000000 	 0.00000000 	 105.10373000 	 0.02485686 	 0.00000000 	 0.00000000 	 0.00000000 	 0.00000000 	 0.00000000 	 0.00772327 	 0.00000000 	 0.00000000 	 0.00000000 	 0.00000000 	 0.00000000 	 0.00000000 	 0.00000000 	 0.00000000 	 0.00000000 	 0.00000000 	 0.00000000 	 0.00000000 	 0.01007122 	 0.00000000 	 3.81210538 	 343.67545621 	 59.02634940 	 6.88143853 	 1.32856000 	 12.24933018 	 0.74339057 	 2.93321497
1754 	 0.00259483 	 0.08726348 	 19.50906107 	 0.05896323 	 1.23349469 	 0.00000000 	 0.00000000 	 0.00000000 	 0.00000000 	 0.00000000 	 105.07356000 	 0.02485686 	 0.00000000 	 0.00000000 	 0.00000000 	 0.00000000 	 0.00000000 	 0.00772327 	 0.00000000 	 0.00000000 	 0.00000000 	 0.00000000 	 0.00000000 	 0.00000000 	 0.00000000 	 0.00000000 	 0.00000000 	 0.00000000 	 0.00000000 	 0.00000000 	 0.01007122 	 0.00000000 	 3.84159838 	 349.81562520 	 60.26994517 	 7.01518922 	 1.34655344 	 12.59363457 	 0.75279634 	 2.96513848
1755 	 0.00259593 	 0.08886887 	 19.50045493 	 0.06007718 	 1.22361993 	 0.00000000 	 0.00000000 	 0.00000000 	 0.00000000 	 0.00000000 	 105.09182000 	 0.02485686 	 0.00000000 	 0.00000000 	 0.00000000 	 0.00000000 	 0.00000000 	 0.00772327 	 0.00000000 	 0.00000000 	 0.00000000 	 0.00000000 	 0.00000000 	 0.00000000 	 0.00000000 	 0.00000000 	 0.00000000 	 0.00000000 	 0.00000000 	 0.00000000 	 0.01007122 	 0.00000000 	 3.88086134 	 348.14466796 	 59.82493372 	 6.94398904 	 1.34987392 	 12.40069534 	 0.74929925 	 2.95748719
1756 	 0.00277341 	 0.09050381 	 19.46253660 	 0.06121217 	 1.21201135 	 0.00000000 	 0.00000000 	 0.00000000 	 0.00000000 	 0.00000000 	 105.08556000 	 0.02485686 	 0.00000000 	 0.00000000 	 0.00000000 	 0.00000000 	 0.00000000 	 0.00772327 	 0.00000000 	 0.00000000 	 0.00000000 	 0.00000000 	 0.00000000 	 0.00000000 	 0.00000000 	 0.00000000 	 0.00000000 	 0.00000000 	 0.00000000 	 0.00000000 	 0.01007122 	 0.00000000 	 3.77451343 	 343.32315168 	 58.94682931 	 6.92271156 	 1.31826105 	 12.23174852 	 0.75065436 	 2.96402811
1757 	 0.00277451 	 0.09216882 	 20.02354066 	 0.06236861 	 1.25623981 	 0.00000000 	 0.00000000 	 0.00000000 	 0.00000000 	 0.00000000 	 105.09137000 	 0.02485686 	 0.00000000 	 0.00000000 	 0.00000000 	 0.00000000 	 0.00000000 	 0.00772327 	 0.00000000 	 0.00000000 	 0.00000000 	 0.00000000 	 0.00000000 	 0.00000000 	 0.00000000 	 0.00000000 	 0.00000000 	 0.00000000 	 0.00000000 	 0.00000000 	 0.01007122 	 0.00000000 	 3.99247815 	 355.94189226 	 61.26369300 	 7.04767413 	 1.38485797 	 12.69966835 	 0.76306571 	 3.00515077
1758 	 0.00277561 	 0.09386446 	 19.93400533 	 0.06354689 	 1.24235166 	 0.00000000 	 0.00000000 	 0.00000000 	 0.00000000 	 0.00000000 	 105.09662000 	 0.02485686 	 0.00000000 	 0.00000000 	 0.00000000 	 0.00000000 	 0.00000000 	 0.00772327 	 0.00000000 	 0.00000000 	 0.00000000 	 0.00000000 	 0.00000000 	 0.00000000 	 0.00000000 	 0.00000000 	 0.00000000 	 0.00000000 	 0.00000000 	 0.00000000 	 0.01007122 	 0.00000000 	 3.94572098 	 351.83974905 	 60.43461244 	 6.99545977 	 1.37003231 	 12.54469792 	 0.75057910 	 2.96991371
1759 	 0.00277671 	 0.09559129 	 20.14146621 	 0.06474744 	 1.23923755 	 0.00000000 	 0.00000000 	 0.00000000 	 0.00000000 	 0.00000000 	 105.08372000 	 0.02485686 	 0.00000000 	 0.00000000 	 0.00000000 	 0.00000000 	 0.00000000 	 0.00772327 	 0.00000000 	 0.00000000 	 0.00000000 	 0.00000000 	 0.00000000 	 0.00000000 	 0.00000000 	 0.00000000 	 0.00000000 	 0.00000000 	 0.00000000 	 0.00000000 	 0.01007122 	 0.00000000 	 3.87677401 	 351.50776273 	 60.44526305 	 7.04595833 	 1.35645251 	 12.56966069 	 0.76081492 	 3.00435280
1760 	 0.00277681 	 0.09734990 	 20.41679714 	 0.06597066 	 1.25137034 	 0.00000000 	 0.00000000 	 0.00000000 	 0.00000000 	 0.00000000 	 105.04022000 	 0.02485686 	 0.00000000 	 0.00000000 	 0.00000000 	 0.00000000 	 0.00000000 	 0.00772327 	 0.00000000 	 0.00000000 	 0.00000000 	 0.00000000 	 0.00000000 	 0.00000000 	 0.00000000 	 0.00000000 	 0.00000000 	 0.00000000 	 0.00000000 	 0.00000000 	 0.01007122 	 0.00000000 	 3.86465960 	 354.41828531 	 61.05172479 	 7.12804829 	 1.36281615 	 12.79886668 	 0.76498795 	 3.02019725
1761 	 0.00303996 	 0.09914085 	 20.45599017 	 0.06721700 	 1.25710006 	 0.00000000 	 0.00000000 	 0.00000000 	 0.00000000 	 0.00000000 	 105.09143000 	 0.02485686 	 0.00000000 	 0.00000000 	 0.00000000 	 0.00000000 	 0.00000000 	 0.00772327 	 0.00000000 	 0.00000000 	 0.00000000 	 0.00000000 	 0.00000000 	 0.00000000 	 0.00000000 	 0.00000000 	 0.00000000 	 0.00000000 	 0.00000000 	 0.00000000 	 0.01007122 	 0.00000000 	 3.94190290 	 354.70796792 	 60.98422720 	 7.08096981 	 1.37301465 	 12.66996491 	 0.76474234 	 3.02195097
1762 	 0.00304106 	 0.10096476 	 20.45168738 	 0.06848688 	 1.23571857 	 0.00000000 	 0.00000000 	 0.00000000 	 0.00000000 	 0.00000000 	 105.08127000 	 0.02485686 	 0.00000000 	 0.00000000 	 0.00000000 	 0.00000000 	 0.00000000 	 0.00772327 	 0.00000000 	 0.00000000 	 0.00000000 	 0.00000000 	 0.00000000 	 0.00000008 	 0.00000000 	 0.00000000 	 0.00000151 	 0.00000000 	 0.00000000 	 0.00000000 	 0.01007122 	 0.00000000 	 3.79993594 	 349.24969723 	 60.02708933 	 7.07254734 	 1.33465816 	 12.49327134 	 0.76708995 	 3.03266397
1763 	 0.00304217 	 0.10282222 	 20.54517934 	 0.06978075 	 1.24297708 	 0.00000000 	 0.00000000 	 0.00000000 	 0.00000000 	 0.00000000 	 105.09332000 	 0.02485686 	 0.00000000 	 0.00000000 	 0.00000000 	 0.00000000 	 0.00000000 	 0.00772327 	 0.00000000 	 0.00000000 	 0.00000000 	 0.00000000 	 0.00000000 	 0.00000067 	 0.00000000 	 0.00000000 	 0.00001237 	 0.00000000 	 0.00000000 	 0.00000000 	 0.01007122 	 0.00000000 	 3.84041824 	 350.05933492 	 60.12706627 	 7.06798258 	 1.34176070 	 12.49617538 	 0.76526906 	 3.03058711
1764 	 0.00304328 	 0.10471385 	 20.26091721 	 0.07109907 	 1.21335583 	 0.00000000 	 0.00000000 	 0.00000000 	 0.00000000 	 0.00000000 	 105.11040000 	 0.02485686 	 0.00000000 	 0.00000000 	 0.00000000 	 0.00000000 	 0.00000000 	 0.00772327 	 0.00000000 	 0.00000000 	 0.00000000 	 0.00000000 	 0.00000000 	 0.00000127 	 0.00000000 	 0.00000000 	 0.00002500 	 0.00000000 	 0.00000000 	 0.00000000 	 0.01007122 	 0.00000000 	 3.82329772 	 342.04461066 	 58.43835717 	 6.89874574 	 1.31841164 	 11.96181430 	 0.75313758 	 2.99688468
1765 	 0.00304438 	 0.10664029 	 20.91915500 	 0.07244229 	 1.25127459 	 0.00000000 	 0.00000000 	 0.00000000 	 0.00000000 	 0.00000000 	 105.07293000 	 0.02485686 	 0.00000000 	 0.00000000 	 0.00000000 	 0.00000000 	 0.00000000 	 0.00772327 	 0.00000000 	 0.00000000 	 0.00000000 	 0.00000000 	 0.00000000 	 0.00000139 	 0.00000000 	 0.00000000 	 0.00003031 	 0.00000000 	 0.00000000 	 0.00000000 	 0.01007122 	 0.00000000 	 3.87237634 	 352.93272577 	 60.62945786 	 7.11238233 	 1.35716719 	 12.63877301 	 0.76643284 	 3.04115110
1766 	 0.00339421 	 0.10860216 	 20.85359190 	 0.07381089 	 1.24468857 	 0.00000000 	 0.00000000 	 0.00000000 	 0.00000000 	 0.00000000 	 105.07758000 	 0.02485686 	 0.00000000 	 0.00000000 	 0.00000000 	 0.00000000 	 0.00000000 	 0.00772327 	 0.00000000 	 0.00000000 	 0.00000000 	 0.00000000 	 0.00000000 	 0.00000142 	 0.00000000 	 0.00000000 	 0.00003437 	 0.00000000 	 0.00000000 	 0.00000000 	 0.01007122 	 0.00000000 	 3.87906403 	 349.38064500 	 59.85878463 	 7.03629653 	 1.34498311 	 12.31847179 	 0.76547686 	 3.04035903
1767 	 0.00339532 	 0.11060013 	 20.99917946 	 0.07520534 	 1.24385418 	 0.00000000 	 0.00000000 	 0.00000000 	 0.00000000 	 0.00000000 	 105.08566000 	 0.02485686 	 0.00000000 	 0.00000000 	 0.00000000 	 0.00000000 	 0.00000000 	 0.00772327 	 0.00000000 	 0.00000000 	 0.00000000 	 0.00000000 	 0.00000000 	 0.00000146 	 0.00000000 	 0.00000000 	 0.00003843 	 0.00000000 	 0.00000000 	 0.00000000 	 0.01007122 	 0.00000000 	 3.87469400 	 349.61609900 	 59.89102690 	 7.04538243 	 1.34524008 	 12.35137655 	 0.76722062 	 3.04918795
1768 	 0.00339642 	 0.11263485 	 21.65945211 	 0.07662614 	 1.29527413 	 0.00000000 	 0.00000000 	 0.00000000 	 0.00000000 	 0.00000000 	 105.04673000 	 0.02485686 	 0.00000000 	 0.00000000 	 0.00000000 	 0.00000000 	 0.00000000 	 0.00772327 	 0.00000000 	 0.00000000 	 0.00000000 	 0.00000000 	 0.00000000 	 0.00000149 	 0.00000000 	 0.00000000 	 0.00004247 	 0.00000000 	 0.00000000 	 0.00000000 	 0.01007122 	 0.00000000 	 4.03298658 	 362.65368483 	 62.36582555 	 7.22361782 	 1.40901338 	 12.98991329 	 0.77411866 	 3.07381691
1769 	 0.00339753 	 0.11470701 	 21.49633535 	 0.07807378 	 1.27392155 	 0.00000000 	 0.00000000 	 0.00000000 	 0.00000000 	 0.00000000 	 105.07670000 	 0.02485686 	 0.00000000 	 0.00000000 	 0.00000000 	 0.00000000 	 0.00000000 	 0.00772327 	 0.00000000 	 0.00000000 	 0.00000000 	 0.00000000 	 0.00000000 	 0.00000153 	 0.00000000 	 0.00000000 	 0.00004654 	 0.00000000 	 0.00000000 	 0.00000000 	 0.01007122 	 0.00000000 	 3.90878664 	 355.02541845 	 60.95040361 	 7.15786370 	 1.36313658 	 12.65664863 	 0.77449716 	 3.07844616
1770 	 0.00339864 	 0.11681729 	 21.63439757 	 0.07954877 	 1.27805335 	 0.00000000 	 0.00000000 	 0.00000000 	 0.00000000 	 0.00000000 	 105.04544000 	 0.02485686 	 0.00000000 	 0.00000000 	 0.00000000 	 0.00000000 	 0.00000000 	 0.00772327 	 0.00000000 	 0.00000000 	 0.00000000 	 0.00000000 	 0.00000000 	 0.00000157 	 0.00000000 	 0.00000000 	 0.00005058 	 0.00000000 	 0.00000000 	 0.00000000 	 0.01007122 	 0.00000000 	 3.92127114 	 355.36054756 	 60.96602721 	 7.15597828 	 1.36957723 	 12.67524978 	 0.76978751 	 3.06746531
1771 	 0.00376661 	 0.11896639 	 21.42892110 	 0.08105163 	 1.23066858 	 0.00000000 	 0.00000000 	 0.00000000 	 0.00000000 	 0.00000000 	 105.07227000 	 0.02485686 	 0.00000000 	 0.00000000 	 0.00000000 	 0.00000000 	 0.00000000 	 0.00772327 	 0.00000000 	 0.00000000 	 0.00000000 	 0.00000000 	 0.00000000 	 0.00000160 	 0.00000000 	 0.00000000 	 0.00005466 	 0.00000000 	 0.00000000 	 0.00000000 	 0.01007122 	 0.00000000 	 3.83746579 	 347.86198829 	 59.42424033 	 7.06921841 	 1.33548287 	 12.26705852 	 0.76542684 	 3.05491887
1772 	 0.00376772 	 0.12115503 	 21.39461572 	 0.08258288 	 1.21837129 	 0.00000000 	 0.00000000 	 0.00000000 	 0.00000000 	 0.00000000 	 105.08887000 	 0.02485686 	 0.00000000 	 0.00000000 	 0.00000000 	 0.00000000 	 0.00000000 	 0.00772327 	 0.00000000 	 0.00000000 	 0.00000000 	 0.00000000 	 0.00000000 	 0.00000164 	 0.00000000 	 0.00000000 	 0.00005873 	 0.00000000 	 0.00000000 	 0.00000000 	 0.01007122 	 0.00000000 	 3.80729827 	 344.61347383 	 58.72495295 	 7.04323056 	 1.31719396 	 12.04335906 	 0.76988358 	 3.07082422
1773 	 0.00376883 	 0.12338393 	 21.59523139 	 0.08414306 	 1.22122283 	 0.00000000 	 0.00000000 	 0.00000000 	 0.00000000 	 0.00000000 	 105.06952000 	 0.02485686 	 0.00000000 	 0.00000000 	 0.00000000 	 0.00000000 	 0.00000000 	 0.00772327 	 0.00000000 	 0.00000000 	 0.00000000 	 0.00000000 	 0.00000000 	 0.00000167 	 0.00000000 	 0.00000000 	 0.00006277 	 0.00000000 	 0.00000000 	 0.00000000 	 0.01007122 	 0.00000000 	 3.79008644 	 345.77680909 	 58.91656885 	 7.10450374 	 1.31696355 	 12.11348900 	 0.77579205 	 3.09117479
1774 	 0.00376995 	 0.12565384 	 22.25970773 	 0.08573271 	 1.26698490 	 0.00000000 	 0.00000000 	 0.00000000 	 0.00000000 	 0.00000000 	 105.02650000 	 0.02485686 	 0.00000000 	 0.00000000 	 0.00000000 	 0.00000000 	 0.00000000 	 0.00772327 	 0.00000000 	 0.00000000 	 0.00000000 	 0.00000000 	 0.00000000 	 0.00000171 	 0.00000000 	 0.00000000 	 0.00006678 	 0.00000000 	 0.00000000 	 0.00000000 	 0.01007122 	 0.00000000 	 3.88630638 	 358.10358504 	 61.31335787 	 7.34770147 	 1.36087205 	 12.72626815 	 0.79402869 	 3.14932503
1775 	 0.00377106 	 0.12796551 	 22.20096329 	 0.08735240 	 1.25115383 	 0.00000000 	 0.00000000 	 0.00000000 	 0.00000000 	 0.00000000 	 105.05246000 	 0.02485686 	 0.00000000 	 0.00000000 	 0.00000000 	 0.00000000 	 0.00000000 	 0.00772327 	 0.00000000 	 0.00000000 	 0.00000000 	 0.00000000 	 0.00000000 	 0.00000175 	 0.00000000 	 0.00000000 	 0.00007086 	 0.00000000 	 0.00000000 	 0.00000000 	 0.01007122 	 0.00000000 	 3.91226451 	 355.04717286 	 60.54083046 	 7.26964482 	 1.35803971 	 12.44701310 	 0.79095688 	 3.14212260
1776 	 0.00415919 	 0.13031971 	 22.14194213 	 0.08900268 	 1.23580271 	 0.00000000 	 0.00000000 	 0.00000000 	 0.00000000 	 0.00000000 	 105.03944000 	 0.02485686 	 0.00000000 	 0.00000000 	 0.00000000 	 0.00000000 	 0.00000000 	 0.00772327 	 0.00000000 	 0.00000000 	 0.00000000 	 0.00000000 	 0.00000000 	 0.00000178 	 0.00000000 	 0.00000000 	 0.00007491 	 0.00000000 	 0.00000000 	 0.00000000 	 0.01007122 	 0.00000000 	 3.77185467 	 348.89855251 	 59.38114480 	 7.26146998 	 1.31531341 	 12.20922967 	 0.79682972 	 3.16084735
1777 	 0.00416030 	 0.13271721 	 22.56871006 	 0.09068414 	 1.26319817 	 0.00000000 	 0.00000000 	 0.00000000 	 0.00000000 	 0.00000000 	 105.05273000 	 0.02485686 	 0.00000000 	 0.00000000 	 0.00000000 	 0.00000000 	 0.00000000 	 0.00772327 	 0.00000000 	 0.00000000 	 0.00000000 	 0.00000000 	 0.00000000 	 0.00000182 	 0.00000000 	 0.00000000 	 0.00007898 	 0.00000000 	 0.00000000 	 0.00000000 	 0.01007122 	 0.00000000 	 3.93211338 	 357.54536101 	 60.89349007 	 7.35597376 	 1.36123426 	 12.47305139 	 0.80901052 	 3.20040614
1778 	 0.00416141 	 0.13515883 	 22.85608093 	 0.09239737 	 1.28284354 	 0.00000000 	 0.00000000 	 0.00000000 	 0.00000000 	 0.00000000 	 105.04465000 	 0.02485686 	 0.00000000 	 0.00000000 	 0.00000000 	 0.00000000 	 0.00000000 	 0.00772327 	 0.00000000 	 0.00000000 	 0.00000000 	 0.00000000 	 0.00000000 	 0.00000185 	 0.00000000 	 0.00000000 	 0.00008302 	 0.00000000 	 0.00000000 	 0.00000000 	 0.01007122 	 0.00000000 	 4.01508515 	 362.75541346 	 61.78348695 	 7.43460607 	 1.39043630 	 12.70128511 	 0.80756511 	 3.19817113
1779 	 0.00416253 	 0.13764536 	 22.82063569 	 0.09414297 	 1.25435994 	 0.00000000 	 0.00000000 	 0.00000000 	 0.00000000 	 0.00000000 	 105.03691000 	 0.02485686 	 0.00000000 	 0.00000000 	 0.00000000 	 0.00000000 	 0.00000000 	 0.00772327 	 0.00000000 	 0.00000000 	 0.00000000 	 0.00000000 	 0.00000000 	 0.00000189 	 0.00000000 	 0.00000000 	 0.00008707 	 0.00000000 	 0.00000000 	 0.00000000 	 0.01007122 	 0.00000000 	 3.85988496 	 355.92617152 	 60.50081488 	 7.41877346 	 1.34484260 	 12.40499112 	 0.81477317 	 3.22246674
1780 	 0.00416465 	 0.14017764 	 23.24616665 	 0.09592154 	 1.27535767 	 0.00000000 	 0.00000000 	 0.00000000 	 0.00000000 	 0.00000000 	 104.98817000 	 0.02485686 	 0.00000000 	 0.00000000 	 0.00000000 	 0.00000000 	 0.00000000 	 0.00772327 	 0.00000000 	 0.00000000 	 0.00000000 	 0.00000000 	 0.00000000 	 0.00000192 	 0.00000000 	 0.00000000 	 0.00009105 	 0.00000000 	 0.00000000 	 0.00000000 	 0.01007122 	 0.00000000 	 3.86537952 	 361.61404216 	 61.61859566 	 7.56942912 	 1.35886730 	 12.74981062 	 0.83040029 	 3.26857018
1781 	 0.00465659 	 0.14275650 	 23.24965548 	 0.09773371 	 1.27809741 	 0.00000000 	 0.00000000 	 0.00000000 	 0.00000000 	 0.00000000 	 105.04236000 	 0.02485686 	 0.00000000 	 0.00000000 	 0.00000000 	 0.00000000 	 0.00000000 	 0.00772327 	 0.00000000 	 0.00000000 	 0.00000000 	 0.00000000 	 0.00000000 	 0.00000196 	 0.00000000 	 0.00000000 	 0.00009518 	 0.00000000 	 0.00000000 	 0.00000000 	 0.01007122 	 0.00000000 	 3.91488161 	 360.09005386 	 61.19330647 	 7.50578335 	 1.35889209 	 12.53540445 	 0.83054911 	 3.27154781
1782 	 0.00465771 	 0.14538281 	 23.34175812 	 0.09958013 	 1.26160480 	 0.00000000 	 0.00000000 	 0.00000000 	 0.00000000 	 0.00000000 	 105.03125000 	 0.02485686 	 0.00000000 	 0.00000000 	 0.00000000 	 0.00000000 	 0.00000000 	 0.00772327 	 0.00000000 	 0.00000000 	 0.00000000 	 0.00000000 	 0.00000000 	 0.00000200 	 0.00000000 	 0.00000000 	 0.00009922 	 0.00000000 	 0.00000000 	 0.00000000 	 0.01007122 	 0.00000000 	 3.78818494 	 356.04655462 	 60.48572145 	 7.51962579 	 1.32908861 	 12.43440348 	 0.83143409 	 3.27841734
1783 	 0.00465984 	 0.14805744 	 23.37991679 	 0.10146142 	 1.25924410 	 0.00000000 	 0.00000000 	 0.00000000 	 0.00000000 	 0.00000000 	 105.04360000 	 0.02485686 	 0.00000000 	 0.00000000 	 0.00000000 	 0.00000000 	 0.00000000 	 0.00772327 	 0.00000000 	 0.00000000 	 0.00000000 	 0.00000000 	 0.00000000 	 0.00000203 	 0.00000000 	 0.00000000 	 0.00010329 	 0.00000000 	 0.00000000 	 0.00000000 	 0.01007122 	 0.00000000 	 3.78309253 	 354.28692425 	 60.10171272 	 7.49623227 	 1.32093087 	 12.32972767 	 0.82979472 	 3.27753280
1784 	 0.00466096 	 0.15078127 	 23.29404230 	 0.10337826 	 1.24163654 	 0.00000000 	 0.00000000 	 0.00000000 	 0.00000000 	 0.00000000 	 105.05531000 	 0.02485686 	 0.00000000 	 0.00000000 	 0.00000000 	 0.00000000 	 0.00000000 	 0.00772327 	 0.00000000 	 0.00000000 	 0.00000000 	 0.00000000 	 0.00000000 	 0.00000207 	 0.00000000 	 0.00000000 	 0.00010737 	 0.00000000 	 0.00000000 	 0.00000000 	 0.01007122 	 0.00000000 	 3.82964523 	 350.56949626 	 59.21225989 	 7.38115640 	 1.31834021 	 11.96953701 	 0.82220200 	 3.25860425
1785 	 0.00466417 	 0.15355521 	 23.80210554 	 0.10533130 	 1.26712449 	 0.00000000 	 0.00000000 	 0.00000000 	 0.00000000 	 0.00000000 	 105.02817000 	 0.02485686 	 0.00000000 	 0.00000000 	 0.00000000 	 0.00000000 	 0.00000000 	 0.00772327 	 0.00000000 	 0.00000000 	 0.00000000 	 0.00000000 	 0.00000000 	 0.00000210 	 0.00000000 	 0.00000000 	 0.00011137 	 0.00000000 	 0.00000000 	 0.00000000 	 0.01007122 	 0.00000000 	 3.81595451 	 356.80512535 	 60.49447936 	 7.53815232 	 1.33620880 	 12.44734647 	 0.82963090 	 3.28536501
1786 	 0.00529217 	 0.15638018 	 23.83199500 	 0.10732125 	 1.26446108 	 0.00000000 	 0.00000000 	 0.00000000 	 0.00000000 	 0.00000000 	 105.02684000 	 0.02485686 	 0.00000000 	 0.00000000 	 0.00000000 	 0.00000000 	 0.00000000 	 0.00772327 	 0.00000000 	 0.00000000 	 0.00000000 	 0.00000000 	 0.00000000 	 0.00000214 	 0.00000000 	 0.00000000 	 0.00011542 	 0.00000000 	 0.00000000 	 0.00000000 	 0.01007122 	 0.00000000 	 3.82061457 	 354.20587730 	 59.91468241 	 7.49108425 	 1.32397725 	 12.16464029 	 0.83470623 	 3.30251684
1787 	 0.00529430 	 0.15925713 	 24.17652818 	 0.10934879 	 1.28189425 	 0.00000000 	 0.00000000 	 0.00000000 	 0.00000000 	 0.00000000 	 105.03415000 	 0.02485686 	 0.00000000 	 0.00000000 	 0.00000000 	 0.00000000 	 0.00000000 	 0.00772327 	 0.00000000 	 0.00000000 	 0.00000000 	 0.00000000 	 0.00000000 	 0.00000218 	 0.00000000 	 0.00000000 	 0.00011949 	 0.00000000 	 0.00000000 	 0.00000000 	 0.01007122 	 0.00000000 	 3.87931875 	 358.79336825 	 60.75335708 	 7.55517197 	 1.34642146 	 12.39124602 	 0.83875783 	 3.31908544
1788 	 0.00529542 	 0.16218700 	 24.85592892 	 0.11141464 	 1.32666321 	 0.00000000 	 0.00000000 	 0.00000000 	 0.00000000 	 0.00000000 	 104.99220000 	 0.02485686 	 0.00000000 	 0.00000000 	 0.00000000 	 0.00000000 	 0.00000000 	 0.00772327 	 0.00000000 	 0.00000000 	 0.00000000 	 0.00000000 	 0.00000000 	 0.00000221 	 0.00000000 	 0.00000000 	 0.00012346 	 0.00000000 	 0.00000000 	 0.00000000 	 0.01007122 	 0.00000000 	 4.03250151 	 371.35709235 	 63.12433047 	 7.73093474 	 1.40691265 	 12.99231757 	 0.84831083 	 3.35103677
1789 	 0.00529755 	 0.16517077 	 24.71707284 	 0.11351951 	 1.30150649 	 0.00000000 	 0.00000000 	 0.00000000 	 0.00000000 	 0.00000000 	 105.02420000 	 0.02485686 	 0.00000000 	 0.00000000 	 0.00000000 	 0.00000000 	 0.00000000 	 0.00772327 	 0.00000000 	 0.00000000 	 0.00000000 	 0.00000000 	 0.00000000 	 0.00000225 	 0.00000000 	 0.00000000 	 0.00012758 	 0.00000000 	 0.00000000 	 0.00000000 	 0.01007122 	 0.00000000 	 3.90526346 	 363.44164458 	 61.63229238 	 7.66351624 	 1.36106730 	 12.65051528 	 0.84659733 	 3.34989334
1790 	 0.00529967 	 0.16820944 	 24.94220857 	 0.11566415 	 1.30537362 	 0.00000000 	 0.00000000 	 0.00000000 	 0.00000000 	 0.00000000 	 104.99139000 	 0.02485686 	 0.00000000 	 0.00000000 	 0.00000000 	 0.00000000 	 0.00000000 	 0.00772327 	 0.00000000 	 0.00000000 	 0.00000000 	 0.00000000 	 0.00000000 	 0.00000228 	 0.00000000 	 0.00000000 	 0.00013156 	 0.00000000 	 0.00000000 	 0.00000000 	 0.01007122 	 0.00000000 	 3.93133633 	 364.88021639 	 61.84599181 	 7.68025437 	 1.37221648 	 12.71029090 	 0.84422051 	 3.34645301
1791 	 0.00591660 	 0.17130401 	 24.77843217 	 0.11784931 	 1.28533314 	 0.00000000 	 0.00000000 	 0.00000000 	 0.00000000 	 0.00000000 	 105.02128000 	 0.02485686 	 0.00000000 	 0.00000000 	 0.00000000 	 0.00000000 	 0.00000000 	 0.00772327 	 0.00000000 	 0.00000000 	 0.00000000 	 0.00000000 	 0.00000000 	 0.00000232 	 0.00000000 	 0.00000000 	 0.00013568 	 0.00000000 	 0.00000000 	 0.00000000 	 0.01007122 	 0.00000000 	 3.84238324 	 356.65838617 	 60.21873920 	 7.55694354 	 1.33610385 	 12.28900535 	 0.83647970 	 3.32744452
1792 	 0.00609512 	 0.17445551 	 24.81889294 	 0.12007575 	 1.28049884 	 0.00000000 	 0.00000000 	 0.00000000 	 0.00000000 	 0.00000000 	 105.04466000 	 0.02485686 	 0.00000000 	 0.00000000 	 0.00000000 	 0.00000000 	 0.00000000 	 0.00772327 	 0.00000000 	 0.00000000 	 0.00000000 	 0.00000000 	 0.00000000 	 0.00000236 	 0.00000000 	 0.00000000 	 0.00013979 	 0.00000000 	 0.00000000 	 0.00000000 	 0.01007122 	 0.00000000 	 3.84642839 	 354.25153761 	 59.70568574 	 7.49915504 	 1.32763654 	 12.11884997 	 0.83401426 	 3.32781922
1793 	 0.00610139 	 0.17766499 	 25.03153141 	 0.12234425 	 1.27723667 	 0.00000000 	 0.00000000 	 0.00000000 	 0.00000000 	 0.00000000 	 105.02605000 	 0.02485686 	 0.00000000 	 0.00000000 	 0.00000000 	 0.00000000 	 0.00000000 	 0.00772327 	 0.00000000 	 0.00000000 	 0.00000000 	 0.00000000 	 0.00000000 	 0.00000239 	 0.00000000 	 0.00000000 	 0.00014380 	 0.00000000 	 0.00000000 	 0.00000000 	 0.01007122 	 0.00000000 	 3.79247500 	 353.37230934 	 59.58493950 	 7.51812074 	 1.31703442 	 12.13640972 	 0.83623941 	 3.34156982
1794 	 0.00608873 	 0.18093351 	 25.76753778 	 0.12465561 	 1.32397285 	 0.00000000 	 0.00000000 	 0.00000000 	 0.00000000 	 0.00000000 	 104.98417000 	 0.02485686 	 0.00000000 	 0.00000000 	 0.00000000 	 0.00000000 	 0.00000000 	 0.00772327 	 0.00000000 	 0.00000000 	 0.00000000 	 0.00000000 	 0.00000000 	 0.00000243 	 0.00000000 	 0.00000000 	 0.00014774 	 0.00000000 	 0.00000000 	 0.00000000 	 0.01007122 	 0.00000000 	 3.89617003 	 365.72191403 	 62.03822453 	 7.73153599 	 1.36347184 	 12.77281690 	 0.85037128 	 3.39244307
1795 	 0.00609224 	 0.18426217 	 25.77334281 	 0.12701064 	 1.30769195 	 0.00000000 	 0.00000000 	 0.00000000 	 0.00000000 	 0.00000000 	 105.01093000 	 0.02485686 	 0.00000000 	 0.00000000 	 0.00000000 	 0.00000000 	 0.00000000 	 0.00772327 	 0.00000000 	 0.00000000 	 0.00000000 	 0.00000000 	 0.00000000 	 0.00000246 	 0.00000000 	 0.00000000 	 0.00015186 	 0.00000000 	 0.00000000 	 0.00000000 	 0.01007122 	 0.00000000 	 3.91326671 	 362.19212269 	 61.24273214 	 7.62616922 	 1.35903137 	 12.50408380 	 0.84366090 	 3.37904814
1796 	 0.00639251 	 0.18765206 	 25.74058407 	 0.12941016 	 1.28697990 	 0.00000000 	 0.00000000 	 0.00000000 	 0.00000000 	 0.00000000 	 104.99978000 	 0.02485686 	 0.00000000 	 0.00000000 	 0.00000000 	 0.00000000 	 0.00000000 	 0.00772327 	 0.00000000 	 0.00000000 	 0.00000000 	 0.00000000 	 0.00000000 	 0.00000250 	 0.00000000 	 0.00000000 	 0.00015588 	 0.00000000 	 0.00000000 	 0.00000000 	 0.01007122 	 0.00000000 	 3.74402218 	 354.47830294 	 59.86424243 	 7.58186310 	 1.30830761 	 12.23893827 	 0.84484701 	 3.38943153
1797 	 0.00670856 	 0.19110432 	 26.23006226 	 0.13185501 	 1.32275997 	 0.00000000 	 0.00000000 	 0.00000000 	 0.00000000 	 0.00000000 	 105.01623000 	 0.02485686 	 0.00000000 	 0.00000000 	 0.00000000 	 0.00000000 	 0.00000000 	 0.00772327 	 0.00000000 	 0.00000000 	 0.00000000 	 0.00000000 	 0.00000000 	 0.00000254 	 0.00000000 	 0.00000000 	 0.00015998 	 0.00000000 	 0.00000000 	 0.00000000 	 0.01007122 	 0.00000000 	 3.93510161 	 363.54823720 	 61.47137695 	 7.63630258 	 1.36260362 	 12.52497017 	 0.85087141 	 3.41368288
1798 	 0.00698642 	 0.19462009 	 26.54644012 	 0.13434605 	 1.34508488 	 0.00000000 	 0.00000000 	 0.00000000 	 0.00000000 	 0.00000000 	 105.00810000 	 0.02485686 	 0.00000000 	 0.00000000 	 0.00000000 	 0.00000000 	 0.00000000 	 0.00772327 	 0.00000000 	 0.00000000 	 0.00000000 	 0.00000000 	 0.00000000 	 0.00000257 	 0.00000000 	 0.00000000 	 0.00016401 	 0.00000000 	 0.00000000 	 0.00000000 	 0.01007049 	 0.00000000 	 4.00971652 	 367.65010280 	 62.19763903 	 7.67101772 	 1.38850333 	 12.72341412 	 0.84555295 	 3.40325863
1799 	 0.00735858 	 0.19820054 	 26.70648817 	 0.13688415 	 1.33331817 	 0.00000000 	 0.00000000 	 0.00000000 	 0.00000000 	 0.00000000 	 104.99068000 	 0.02485686 	 0.00000000 	 0.00000000 	 0.00000000 	 0.00000000 	 0.00000000 	 0.00772327 	 0.00000000 	 0.00000000 	 0.00000000 	 0.00000000 	 0.00000000 	 0.00000261 	 0.00000000 	 0.00000000 	 0.00016801 	 0.00000000 	 0.00000000 	 0.00000000 	 0.01007196 	 0.00000000 	 3.87711743 	 363.48604690 	 61.49623020 	 7.67446285 	 1.35522569 	 12.60886035 	 0.85206648 	 3.42848244
1800 	 0.00784849 	 0.20184686 	 27.05634308 	 0.13947020 	 1.35199549 	 0.00000000 	 0.00000000 	 0.00000000 	 0.00000000 	 0.00000000 	 104.95838000 	 0.02485686 	 0.00000000 	 0.00000000 	 0.00000000 	 0.00000000 	 0.00000000 	 0.00772327 	 0.00000000 	 0.00000000 	 0.00000000 	 0.00000000 	 0.00000000 	 0.00000264 	 0.00000000 	 0.00000000 	 0.00017195 	 0.00000000 	 0.00000000 	 0.00000000 	 0.01007122 	 0.00000000 	 3.86192817 	 365.84663684 	 62.00320914 	 7.74064532 	 1.35785921 	 12.78939600 	 0.85811485 	 3.45274570
1801 	 0.00778764 	 0.20556026 	 27.12488718 	 0.14210511 	 1.34690404 	 0.00000000 	 0.00000000 	 0.00000000 	 0.00000000 	 0.00000000 	 105.01099000 	 0.02485686 	 0.00000000 	 0.00000000 	 0.00000000 	 0.00000000 	 0.00000000 	 0.00772327 	 0.00000000 	 0.00000000 	 0.00000000 	 0.00000000 	 0.00000000 	 0.00000268 	 0.00000000 	 0.00000000 	 0.00017617 	 0.00000000 	 0.00000000 	 0.00000000 	 0.01007122 	 0.00000000 	 3.91599978 	 364.91706839 	 61.66564779 	 7.70118698 	 1.36039628 	 12.60088664 	 0.85900541 	 3.46284658
1802 	 0.01011065 	 0.20934197 	 27.33978432 	 0.14478980 	 1.36639239 	 0.00000000 	 0.00000000 	 0.00000000 	 0.00000000 	 0.00000000 	 104.99468000 	 0.02485686 	 0.00000000 	 0.00000000 	 0.00000000 	 0.00000000 	 0.00000000 	 0.00772327 	 0.00000000 	 0.00000000 	 0.00000000 	 0.00000000 	 0.00000000 	 0.00000272 	 0.00000000 	 0.00000000 	 0.00018017 	 0.00000000 	 0.00000000 	 0.00000000 	 0.01007122 	 0.00000000 	 3.80922108 	 362.96270751 	 61.32615659 	 7.76305409 	 1.33764038 	 12.58995971 	 0.86505228 	 3.48586390
1803 	 0.00875865 	 0.21319326 	 27.32049985 	 0.14752520 	 1.34061187 	 0.00000000 	 0.00000000 	 0.00000000 	 0.00000000 	 0.00000000 	 105.01080000 	 0.02485686 	 0.00000000 	 0.00000000 	 0.00000000 	 0.00000000 	 0.00000000 	 0.00772327 	 0.00000000 	 0.00000000 	 0.00000000 	 0.00000000 	 0.00000000 	 0.00000275 	 0.00000000 	 0.00000000 	 0.00018428 	 0.00000000 	 0.00000000 	 0.00000000 	 0.01007122 	 0.00000000 	 3.76807397 	 358.65077998 	 60.40434182 	 7.72086376 	 1.31667276 	 12.34278591 	 0.86334307 	 3.48824497
1804 	 0.00955980 	 0.21711540 	 27.46474997 	 0.15031229 	 1.34858279 	 0.00000000 	 0.00000000 	 0.00000000 	 0.00000000 	 0.00000000 	 105.01210000 	 0.02485686 	 0.00000000 	 0.00000000 	 0.00000000 	 0.00000000 	 0.00000000 	 0.00772327 	 0.00000000 	 0.00000000 	 0.00000000 	 0.00000000 	 0.00000000 	 0.00000279 	 0.00000000 	 0.00000000 	 0.00018833 	 0.00000000 	 0.00000000 	 0.00000000 	 0.01007122 	 0.00000000 	 3.86570438 	 359.52869598 	 60.36470275 	 7.68708673 	 1.33216497 	 12.17706443 	 0.86513312 	 3.49918368
1805 	 0.00934590 	 0.22110970 	 27.95079820 	 0.15315203 	 1.36762240 	 0.00000000 	 0.00000000 	 0.00000000 	 0.00000000 	 0.00000000 	 104.98963000 	 0.02485686 	 0.00000000 	 0.00000000 	 0.00000000 	 0.00000000 	 0.00000000 	 0.00772327 	 0.00000000 	 0.00000000 	 0.00000000 	 0.00000000 	 0.00000000 	 0.00000282 	 0.00000000 	 0.00000000 	 0.00019230 	 0.00000000 	 0.00000000 	 0.00000000 	 0.01007122 	 0.00000000 	 3.83779105 	 364.30370433 	 61.31991146 	 7.83516221 	 1.34415434 	 12.56889889 	 0.87088806 	 3.52525591
1806 	 0.00978056 	 0.22517748 	 28.13437245 	 0.15604542 	 1.37089914 	 0.00000000 	 0.00000000 	 0.00000000 	 0.00000000 	 0.00000000 	 104.98239000 	 0.02485686 	 0.00000000 	 0.00000000 	 0.00000000 	 0.00000000 	 0.00000000 	 0.00772327 	 0.00000000 	 0.00000000 	 0.00000000 	 0.00000000 	 0.00000000 	 0.00000286 	 0.00000000 	 0.00000000 	 0.00019633 	 0.00000000 	 0.00000000 	 0.00000000 	 0.01007122 	 0.00000000 	 3.87123510 	 364.34322934 	 61.22344968 	 7.84354145 	 1.34191062 	 12.38962627 	 0.88091197 	 3.56181690
1807 	 0.01046380 	 0.22932010 	 28.45865603 	 0.15899347 	 1.39033597 	 0.00000000 	 0.00000000 	 0.00000000 	 0.00000000 	 0.00000000 	 104.99423000 	 0.02485686 	 0.00000000 	 0.00000000 	 0.00000000 	 0.00000000 	 0.00000000 	 0.00772327 	 0.00000000 	 0.00000000 	 0.00000000 	 0.00000000 	 0.00000000 	 0.00000290 	 0.00000000 	 0.00000000 	 0.00020042 	 0.00000000 	 0.00000000 	 0.00000000 	 0.01007122 	 0.00000000 	 3.90091990 	 367.23493281 	 61.70646914 	 7.90622733 	 1.35434856 	 12.53404121 	 0.88552342 	 3.58352288
1808 	 0.00977916 	 0.23353893 	 29.18524117 	 0.16199721 	 1.42620131 	 0.00000000 	 0.00000000 	 0.00000000 	 0.00000000 	 0.00000000 	 104.95199000 	 0.02485686 	 0.00000000 	 0.00000000 	 0.00000000 	 0.00000000 	 0.00000000 	 0.00772327 	 0.00000000 	 0.00000000 	 0.00000000 	 0.00000000 	 0.00000000 	 0.00000293 	 0.00000000 	 0.00000000 	 0.00020431 	 0.00000000 	 0.00000000 	 0.00000000 	 0.01007122 	 0.00000000 	 4.06429298 	 380.03527200 	 64.08195973 	 8.09530346 	 1.41601778 	 13.10841013 	 0.89591870 	 3.62313677
1809 	 0.00978777 	 0.23783537 	 29.12865813 	 0.16505771 	 1.40374792 	 0.00000000 	 0.00000000 	 0.00000000 	 0.00000000 	 0.00000000 	 104.97900000 	 0.02485686 	 0.00000000 	 0.00000000 	 0.00000000 	 0.00000000 	 0.00000000 	 0.00772327 	 0.00000000 	 0.00000000 	 0.00000000 	 0.00000000 	 0.00000000 	 0.00000297 	 0.00000000 	 0.00000000 	 0.00020846 	 0.00000000 	 0.00000000 	 0.00000000 	 0.01007122 	 0.00000000 	 3.93419735 	 372.84868554 	 62.71002213 	 8.06276698 	 1.37117141 	 12.80837738 	 0.89627123 	 3.63178862
1810 	 0.01040638 	 0.24221086 	 29.42453242 	 0.16817602 	 1.41481575 	 0.00000000 	 0.00000000 	 0.00000000 	 0.00000000 	 0.00000000 	 104.93988000 	 0.02485686 	 0.00000000 	 0.00000000 	 0.00000000 	 0.00000000 	 0.00000000 	 0.00772327 	 0.00000000 	 0.00000000 	 0.00000000 	 0.00000000 	 0.00000000 	 0.00000300 	 0.00000000 	 0.00000000 	 0.00021235 	 0.00000000 	 0.00000000 	 0.00000000 	 0.01007122 	 0.00000000 	 3.95568838 	 374.71801191 	 62.97351665 	 8.10707915 	 1.38218253 	 12.88545900 	 0.89734119 	 3.63992909
1811 	 0.01100823 	 0.24666684 	 29.40578756 	 0.17135325 	 1.40430332 	 0.00000000 	 0.00000000 	 0.00000000 	 0.00000000 	 0.00000000 	 104.96903000 	 0.02485686 	 0.00000000 	 0.00000000 	 0.00000000 	 0.00000000 	 0.00000000 	 0.00772327 	 0.00000000 	 0.00000000 	 0.00000000 	 0.00000000 	 0.00000000 	 0.00000304 	 0.00000000 	 0.00000000 	 0.00021652 	 0.00000000 	 0.00000000 	 0.00000000 	 0.01007122 	 0.00000000 	 3.91290633 	 369.26948631 	 61.82960600 	 8.02694834 	 1.35934967 	 12.55160026 	 0.89318057 	 3.63726531
1812 	 0.01138901 	 0.25120480 	 29.42029850 	 0.17459050 	 1.39549684 	 0.00000000 	 0.00000000 	 0.00000000 	 0.00000000 	 0.00000000 	 104.99029000 	 0.02485686 	 0.00000000 	 0.00000000 	 0.00000000 	 0.00000000 	 0.00000000 	 0.00772327 	 0.00000000 	 0.00000000 	 0.00000000 	 0.00000000 	 0.00000000 	 0.00000307 	 0.00000000 	 0.00000000 	 0.00022066 	 0.00000000 	 0.00000000 	 0.00000000 	 0.01007122 	 0.00000000 	 3.87021300 	 364.58068747 	 60.85746997 	 7.96516964 	 1.33732571 	 12.28810487 	 0.89068123 	 3.64094576
1813 	 0.01144215 	 0.25582625 	 29.77847603 	 0.17788891 	 1.40094065 	 0.00000000 	 0.00000000 	 0.00000000 	 0.00000000 	 0.00000000 	 104.97005000 	 0.02485686 	 0.00000000 	 0.00000000 	 0.00000000 	 0.00000000 	 0.00000000 	 0.00772327 	 0.00000000 	 0.00000000 	 0.00000000 	 0.00000000 	 0.00000000 	 0.00000311 	 0.00000000 	 0.00000000 	 0.00022462 	 0.00000000 	 0.00000000 	 0.00000000 	 0.01007122 	 0.00000000 	 3.83836043 	 365.91388742 	 61.13613020 	 8.03299595 	 1.33448168 	 12.39070614 	 0.89751518 	 3.67420889
1814 	 0.01169663 	 0.26053271 	 30.54785186 	 0.18124963 	 1.44975641 	 0.00000000 	 0.00000000 	 0.00000000 	 0.00000000 	 0.00000000 	 104.93884000 	 0.02485686 	 0.00000000 	 0.00000000 	 0.00000000 	 0.00000000 	 0.00000000 	 0.00772327 	 0.00000000 	 0.00000000 	 0.00000000 	 0.00000000 	 0.00000000 	 0.00000314 	 0.00000000 	 0.00000000 	 0.00022853 	 0.00000000 	 0.00000000 	 0.00000000 	 0.01007122 	 0.00000000 	 3.94099217 	 377.98554168 	 63.49192823 	 8.25536579 	 1.37921528 	 12.98831830 	 0.91236441 	 3.73160518
1815 	 0.01208679 	 0.26532576 	 30.64433954 	 0.18467385 	 1.44346837 	 0.00000000 	 0.00000000 	 0.00000000 	 0.00000000 	 0.00000000 	 104.94955000 	 0.02485686 	 0.00000000 	 0.00000000 	 0.00000000 	 0.00000000 	 0.00000000 	 0.00772327 	 0.00000000 	 0.00000000 	 0.00000000 	 0.00000000 	 0.00000000 	 0.00000318 	 0.00000000 	 0.00000000 	 0.00023263 	 0.00000000 	 0.00000000 	 0.00000000 	 0.01007122 	 0.00000000 	 3.97207060 	 375.58066480 	 62.87157570 	 8.17889456 	 1.37892635 	 12.75686767 	 0.90839834 	 3.73062921
1816 	 0.01337446 	 0.27020699 	 30.79985622 	 0.18816276 	 1.45015433 	 0.00000000 	 0.00000000 	 0.00000000 	 0.00000000 	 0.00000000 	 104.93504000 	 0.02485686 	 0.00000000 	 0.00000000 	 0.00000000 	 0.00000000 	 0.00000000 	 0.00772327 	 0.00000000 	 0.00000000 	 0.00000000 	 0.00000000 	 0.00000000 	 0.00000322 	 0.00000000 	 0.00000000 	 0.00023661 	 0.00000000 	 0.00000000 	 0.00000000 	 0.01007122 	 0.00000000 	 3.86024766 	 371.62982277 	 62.14643252 	 8.18824748 	 1.34761335 	 12.63975077 	 0.91340865 	 3.75528308
1817 	 0.01396165 	 0.27517802 	 31.19839541 	 0.19171758 	 1.47265241 	 0.00000000 	 0.00000000 	 0.00000000 	 0.00000000 	 0.00000000 	 104.95336000 	 0.02485686 	 0.00000000 	 0.00000000 	 0.00000000 	 0.00000000 	 0.00000000 	 0.00772327 	 0.00000000 	 0.00000000 	 0.00000000 	 0.00000000 	 0.00000000 	 0.00000325 	 0.00000000 	 0.00000000 	 0.00024074 	 0.00000000 	 0.00000000 	 0.00000000 	 0.01007122 	 0.00000000 	 3.97527014 	 376.44294413 	 62.94153101 	 8.22082538 	 1.37611145 	 12.73003262 	 0.92006911 	 3.78719602
1818 	 0.01404634 	 0.28024051 	 31.68760832 	 0.19533955 	 1.50399109 	 0.00000000 	 0.00000000 	 0.00000000 	 0.00000000 	 0.00000000 	 104.94012000 	 0.02485686 	 0.00000000 	 0.00000000 	 0.00000000 	 0.00000000 	 0.00000000 	 0.00772327 	 0.00000000 	 0.00000000 	 0.00000000 	 0.00000000 	 0.00000000 	 0.00000329 	 0.00000000 	 0.00000000 	 0.00024472 	 0.00000000 	 0.00000000 	 0.00000000 	 0.01007122 	 0.00000000 	 4.10317253 	 383.91420960 	 64.26768049 	 8.30681711 	 1.41925160 	 13.06162781 	 0.91623851 	 3.78802107
1819 	 0.01411246 	 0.28539613 	 31.84544135 	 0.19902996 	 1.48104748 	 0.00000000 	 0.00000000 	 0.00000000 	 0.00000000 	 0.00000000 	 104.92235000 	 0.02485686 	 0.00000000 	 0.00000000 	 0.00000000 	 0.00000000 	 0.00000000 	 0.00772327 	 0.00000000 	 0.00000000 	 0.00000000 	 0.00000000 	 0.00000000 	 0.00000332 	 0.00000000 	 0.00000000 	 0.00024868 	 0.00000000 	 0.00000000 	 0.00000000 	 0.01007122 	 0.00000000 	 3.95761310 	 378.33258383 	 63.25758927 	 8.30287886 	 1.37829508 	 12.83879978 	 0.92583440 	 3.82639843
1820 	 0.01432805 	 0.29064659 	 32.33339467 	 0.20279009 	 1.50078636 	 0.00000000 	 0.00000000 	 0.00000000 	 0.00000000 	 0.00000000 	 104.88909000 	 0.02485686 	 0.00000000 	 0.00000000 	 0.00000000 	 0.00000000 	 0.00000000 	 0.00772327 	 0.00000000 	 0.00000000 	 0.00000000 	 0.00000000 	 0.00000000 	 0.00000336 	 0.00000000 	 0.00000000 	 0.00025256 	 0.00000000 	 0.00000000 	 0.00000000 	 0.01007122 	 0.00000000 	 3.95266353 	 382.41974828 	 64.07664330 	 8.41607797 	 1.38739495 	 13.10211888 	 0.93365382 	 3.86144553
1821 	 0.01455325 	 0.29599365 	 32.52138863 	 0.20662125 	 1.50666167 	 0.00000000 	 0.00000000 	 0.00000000 	 0.00000000 	 0.00000000 	 104.93899000 	 0.02485686 	 0.00000000 	 0.00000000 	 0.00000000 	 0.00000000 	 0.00000000 	 0.00772327 	 0.00000000 	 0.00000000 	 0.00000000 	 0.00000000 	 0.00000000 	 0.00000340 	 0.00000000 	 0.00000000 	 0.00025685 	 0.00000000 	 0.00000000 	 0.00000000 	 0.01007122 	 0.00000000 	 4.02372688 	 382.89753410 	 63.98744909 	 8.39629917 	 1.39608955 	 12.97435659 	 0.93739423 	 3.88574374
1822 	 0.01512422 	 0.30143908 	 32.73451052 	 0.21052479 	 1.50013590 	 0.00000000 	 0.00000000 	 0.00000000 	 0.00000000 	 0.00000000 	 104.92104000 	 0.02485686 	 0.00000000 	 0.00000000 	 0.00000000 	 0.00000000 	 0.00000000 	 0.00772327 	 0.00000000 	 0.00000000 	 0.00000000 	 0.00000000 	 0.00000000 	 0.00000343 	 0.00000000 	 0.00000000 	 0.00026081 	 0.00000000 	 0.00000000 	 0.00000000 	 0.01007122 	 0.00000000 	 3.86536510 	 378.67080044 	 63.22724653 	 8.44785207 	 1.35813297 	 12.87669532 	 0.94438215 	 3.91960276
1823 	 0.01602844 	 0.30698469 	 32.75571509 	 0.21450208 	 1.50026346 	 0.00000000 	 0.00000000 	 0.00000000 	 0.00000000 	 0.00000000 	 104.94096000 	 0.02485686 	 0.00000000 	 0.00000000 	 0.00000000 	 0.00000000 	 0.00000000 	 0.00772327 	 0.00000000 	 0.00000000 	 0.00000000 	 0.00000000 	 0.00000000 	 0.00000347 	 0.00000000 	 0.00000000 	 0.00026495 	 0.00000000 	 0.00000000 	 0.00000000 	 0.01007122 	 0.00000000 	 3.84032101 	 374.39318132 	 62.26076437 	 8.39526106 	 1.34029617 	 12.61032738 	 0.94217560 	 3.92238490
1824 	 0.01649102 	 0.31263233 	 33.05197870 	 0.21855451 	 1.51357710 	 0.00000000 	 0.00000000 	 0.00000000 	 0.00000000 	 0.00000000 	 104.93425000 	 0.02485686 	 0.00000000 	 0.00000000 	 0.00000000 	 0.00000000 	 0.00000000 	 0.00772327 	 0.00000000 	 0.00000000 	 0.00000000 	 0.00000000 	 0.00000000 	 0.00000350 	 0.00000000 	 0.00000000 	 0.00026896 	 0.00000000 	 0.00000000 	 0.00000000 	 0.01007122 	 0.00000000 	 3.95068157 	 377.04071142 	 62.56343380 	 8.39583394 	 1.35964332 	 12.50936389 	 0.95130449 	 3.96136137
1825 	 0.01721223 	 0.31838386 	 33.52533882 	 0.22268350 	 1.53887900 	 0.00000000 	 0.00000000 	 0.00000000 	 0.00000000 	 0.00000000 	 104.91652000 	 0.02485686 	 0.00000000 	 0.00000000 	 0.00000000 	 0.00000000 	 0.00000000 	 0.00772327 	 0.00000000 	 0.00000000 	 0.00000000 	 0.00000000 	 0.00000000 	 0.00000354 	 0.00000000 	 0.00000000 	 0.00027292 	 0.00000000 	 0.00000000 	 0.00000000 	 0.01007122 	 0.00000000 	 3.91322821 	 380.31674976 	 63.18578955 	 8.51623649 	 1.36644272 	 12.82055568 	 0.95626039 	 3.98812184
1826 	 0.01737170 	 0.32424121 	 33.74810290 	 0.22689050 	 1.53265574 	 0.00000000 	 0.00000000 	 0.00000000 	 0.00000000 	 0.00000000 	 104.90841000 	 0.02485686 	 0.00000000 	 0.00000000 	 0.00000000 	 0.00000000 	 0.00000000 	 0.00772327 	 0.00000000 	 0.00000000 	 0.00000000 	 0.00000000 	 0.00000000 	 0.00000357 	 0.00000000 	 0.00000000 	 0.00027692 	 0.00000000 	 0.00000000 	 0.00000000 	 0.01007122 	 0.00000000 	 3.90577575 	 378.82226551 	 62.81594151 	 8.52362041 	 1.35288262 	 12.58363573 	 0.96808622 	 4.03714335
1827 	 0.01862859 	 0.33020631 	 34.15505001 	 0.23117697 	 1.56678012 	 0.00000000 	 0.00000000 	 0.00000000 	 0.00000000 	 0.00000000 	 104.91515000 	 0.02485686 	 0.00000000 	 0.00000000 	 0.00000000 	 0.00000000 	 0.00000000 	 0.00772327 	 0.00000000 	 0.00000000 	 0.00000000 	 0.00000000 	 0.00000000 	 0.00000361 	 0.00000000 	 0.00000000 	 0.00028100 	 0.00000000 	 0.00000000 	 0.00000000 	 0.01007122 	 0.00000000 	 3.95688858 	 382.47733921 	 63.38999011 	 8.58585032 	 1.37068936 	 12.73103758 	 0.97564842 	 4.06888165
1828 	 0.01881335 	 0.33628116 	 34.99912851 	 0.23554443 	 1.61873144 	 0.00000000 	 0.00000000 	 0.00000000 	 0.00000000 	 0.00000000 	 104.87222000 	 0.02485686 	 0.00000000 	 0.00000000 	 0.00000000 	 0.00000000 	 0.00000000 	 0.00772327 	 0.00000000 	 0.00000000 	 0.00000000 	 0.00000000 	 0.00000000 	 0.00000364 	 0.00000000 	 0.00000000 	 0.00028480 	 0.00000000 	 0.00000000 	 0.00000000 	 0.01007122 	 0.00000000 	 4.11022115 	 395.97543247 	 65.90535949 	 8.80149595 	 1.43143371 	 13.35572223 	 0.98934044 	 4.12484227
1829 	 0.01865289 	 0.34246776 	 35.01640513 	 0.23999440 	 1.59793989 	 0.00000000 	 0.00000000 	 0.00000000 	 0.00000000 	 0.00000000 	 104.90025000 	 0.02485686 	 0.00000000 	 0.00000000 	 0.00000000 	 0.00000000 	 0.00000000 	 0.00772327 	 0.00000000 	 0.00000000 	 0.00000000 	 0.00000000 	 0.00000000 	 0.00000368 	 0.00000000 	 0.00000000 	 0.00028900 	 0.00000000 	 0.00000000 	 0.00000000 	 0.01007122 	 0.00000000 	 3.99438984 	 389.17462820 	 64.57289824 	 8.76722939 	 1.38987089 	 13.05487661 	 0.98950544 	 4.13920505
1830 	 0.02491864 	 0.34876818 	 35.40215534 	 0.24452844 	 1.70665258 	 0.00000000 	 0.00000000 	 0.00000000 	 0.00000000 	 0.00000000 	 104.86670000 	 0.02485686 	 0.00000000 	 0.00000000 	 0.00000000 	 0.00000000 	 0.00000000 	 0.00772327 	 0.00000000 	 0.00000000 	 0.00000000 	 0.00000000 	 0.00000000 	 0.00000372 	 0.00000000 	 0.00000000 	 0.00029285 	 0.00000000 	 0.00000000 	 0.00000000 	 0.01007122 	 0.00000000 	 4.03241258 	 392.10653286 	 64.94076179 	 8.81880645 	 1.40373592 	 13.14826728 	 0.99942391 	 4.16598429
1831 	 0.02364585 	 0.35518451 	 35.37418705 	 0.24914813 	 1.66176274 	 0.00000000 	 0.00000000 	 0.00000000 	 0.00000000 	 0.00000000 	 104.89174000 	 0.02485686 	 0.00000000 	 0.00000000 	 0.00000000 	 0.00000000 	 0.00000000 	 0.00772327 	 0.00000000 	 0.00000000 	 0.00000000 	 0.00000000 	 0.00000000 	 0.00000375 	 0.00000000 	 0.00000000 	 0.00029703 	 0.00000000 	 0.00000000 	 0.00000000 	 0.01007122 	 0.00000000 	 3.94152737 	 384.20125072 	 63.33682174 	 8.73150739 	 1.36534653 	 12.69985246 	 0.99600059 	 4.17787620
1832 	 0.02367158 	 0.36171889 	 35.56272349 	 0.25385510 	 1.66134001 	 0.00000000 	 0.00000000 	 0.00000000 	 0.00000000 	 0.00000000 	 104.90924000 	 0.02485686 	 0.00000000 	 0.00000000 	 0.00000000 	 0.00000000 	 0.00000000 	 0.00772327 	 0.00000000 	 0.00000000 	 0.00000000 	 0.00000000 	 0.00000000 	 0.00000379 	 0.00000000 	 0.00000000 	 0.00030118 	 0.00000000 	 0.00000000 	 0.00000000 	 0.01007122 	 0.00000000 	 3.94029481 	 382.36339800 	 62.87089656 	 8.71243001 	 1.35640011 	 12.53577503 	 0.99746319 	 4.20321172
1833 	 0.02421202 	 0.36837347 	 35.98083111 	 0.25865100 	 1.67461019 	 0.00000000 	 0.00000000 	 0.00000000 	 0.00000000 	 0.00000000 	 104.89175000 	 0.02485686 	 0.00000000 	 0.00000000 	 0.00000000 	 0.00000000 	 0.00000000 	 0.00772327 	 0.00000000 	 0.00000000 	 0.00000000 	 0.00000000 	 0.00000000 	 0.00000382 	 0.00000000 	 0.00000000 	 0.00030512 	 0.00000000 	 0.00000000 	 0.00000000 	 0.01007049 	 0.00000000 	 3.89951621 	 383.45379279 	 63.06958370 	 8.79092296 	 1.35011594 	 12.61210363 	 1.00684344 	 4.25239329
1834 	 0.02468763 	 0.37515048 	 36.76106097 	 0.26353750 	 1.72202542 	 0.00000000 	 0.00000000 	 0.00000000 	 0.00000000 	 0.00000000 	 104.85400000 	 0.02485686 	 0.00000000 	 0.00000000 	 0.00000000 	 0.00000000 	 0.00000000 	 0.00772327 	 0.00000000 	 0.00000000 	 0.00000000 	 0.00000000 	 0.00000000 	 0.00000386 	 0.00000000 	 0.00000000 	 0.00030893 	 0.00000000 	 0.00000000 	 0.00000000 	 0.01007196 	 0.00000000 	 3.98311715 	 394.14290234 	 65.10499264 	 9.00142047 	 1.38921464 	 13.13635246 	 1.02323083 	 4.31793288
1835 	 0.02525833 	 0.38205217 	 36.88278973 	 0.26851632 	 1.71897686 	 0.00000000 	 0.00000000 	 0.00000000 	 0.00000000 	 0.00000000 	 104.86980000 	 0.02485686 	 0.00000000 	 0.00000000 	 0.00000000 	 0.00000000 	 0.00000000 	 0.00772327 	 0.00000000 	 0.00000000 	 0.00000000 	 0.00000000 	 0.00000000 	 0.00000390 	 0.00000000 	 0.00000000 	 0.00031307 	 0.00000000 	 0.00000000 	 0.00000000 	 0.01007122 	 0.00000000 	 3.99259974 	 390.55513918 	 64.23544317 	 8.92554829 	 1.37939039 	 12.82848880 	 1.02606599 	 4.34199799
1836 	 0.02920337 	 0.38908083 	 37.24729235 	 0.27358920 	 1.78386664 	 0.00000000 	 0.00000000 	 0.00000000 	 0.00000000 	 0.00000000 	 104.84901000 	 0.02485686 	 0.00000000 	 0.00000000 	 0.00000000 	 0.00000000 	 0.00000000 	 0.00772327 	 0.00000000 	 0.00000000 	 0.00000000 	 0.00000000 	 0.00000000 	 0.00000393 	 0.00000000 	 0.00000000 	 0.00031697 	 0.00000000 	 0.00000000 	 0.00000000 	 0.01007122 	 0.00000000 	 3.91160856 	 389.97866439 	 64.08016333 	 8.99301509 	 1.35916934 	 12.83028475 	 1.04501862 	 4.40471954
1837 	 0.02924268 	 0.39623880 	 37.69980678 	 0.27875792 	 1.79887801 	 0.00000000 	 0.00000000 	 0.00000000 	 0.00000000 	 0.00000000 	 104.86946000 	 0.02485686 	 0.00000000 	 0.00000000 	 0.00000000 	 0.00000000 	 0.00000000 	 0.00772327 	 0.00000000 	 0.00000000 	 0.00000000 	 0.00000000 	 0.00000000 	 0.00000397 	 0.00000000 	 0.00000000 	 0.00032114 	 0.00000000 	 0.00000000 	 0.00000000 	 0.01007122 	 0.00000000 	 4.03419684 	 394.75650377 	 64.82242714 	 9.02705982 	 1.39004655 	 12.91380059 	 1.05016363 	 4.44003465
1838 	 0.03027035 	 0.40352845 	 38.24210962 	 0.28402429 	 1.84235204 	 0.00000000 	 0.00000000 	 0.00000000 	 0.00000000 	 0.00000000 	 104.85548000 	 0.02485686 	 0.00000000 	 0.00000000 	 0.00000000 	 0.00000000 	 0.00000000 	 0.00772327 	 0.00000000 	 0.00000000 	 0.00000000 	 0.00000000 	 0.00000000 	 0.00000400 	 0.00000000 	 0.00000000 	 0.00032509 	 0.00000000 	 0.00000000 	 0.00000000 	 0.01007122 	 0.00000000 	 4.13600055 	 401.29618701 	 65.94724657 	 9.12253589 	 1.42223182 	 13.16907262 	 1.05507993 	 4.47246585
1839 	 0.03129160 	 0.41095221 	 38.51117556 	 0.28939015 	 1.84389040 	 0.00000000 	 0.00000000 	 0.00000000 	 0.00000000 	 0.00000000 	 104.83788000 	 0.02485686 	 0.00000000 	 0.00000000 	 0.00000000 	 0.00000000 	 0.00000000 	 0.00772327 	 0.00000000 	 0.00000000 	 0.00000000 	 0.00000000 	 0.00000000 	 0.00000404 	 0.00000000 	 0.00000000 	 0.00032902 	 0.00000000 	 0.00000000 	 0.00000000 	 0.01007122 	 0.00000000 	 4.00932861 	 396.91163686 	 65.11131218 	 9.13960833 	 1.38695085 	 12.98298331 	 1.06568729 	 4.52219302
1840 	 0.03352266 	 0.41851255 	 38.88776194 	 0.29485739 	 1.87496505 	 0.00000000 	 0.00000000 	 0.00000000 	 0.00000000 	 0.00000000 	 104.80755000 	 0.02485686 	 0.00000000 	 0.00000000 	 0.00000000 	 0.00000000 	 0.00000000 	 0.00772327 	 0.00000000 	 0.00000000 	 0.00000000 	 0.00000000 	 0.00000000 	 0.00000407 	 0.00000000 	 0.00000000 	 0.00033285 	 0.00000000 	 0.00000000 	 0.00000000 	 0.01007122 	 0.00000000 	 3.91842154 	 395.88091619 	 64.92298176 	 9.21132630 	 1.36560539 	 13.00170670 	 1.07827213 	 4.57342578
1841 	 0.03458028 	 0.42621197 	 39.38162317 	 0.30042791 	 1.91710593 	 0.00000000 	 0.00000000 	 0.00000000 	 0.00000000 	 0.00000000 	 104.84789000 	 0.02485686 	 0.00000000 	 0.00000000 	 0.00000000 	 0.00000000 	 0.00000000 	 0.00772327 	 0.00000000 	 0.00000000 	 0.00000000 	 0.00000000 	 0.00000000 	 0.00000411 	 0.00000000 	 0.00000000 	 0.00033716 	 0.00000000 	 0.00000000 	 0.00000000 	 0.01007122 	 0.00000000 	 4.08335182 	 402.37274182 	 65.94544518 	 9.24945320 	 1.40607000 	 13.13544894 	 1.08441986 	 4.61009463
1842 	 0.03661779 	 0.43405305 	 39.61872888 	 0.30610367 	 1.93231091 	 0.00000000 	 0.00000000 	 0.00000000 	 0.00000000 	 0.00000000 	 104.84034000 	 0.02485686 	 0.00000000 	 0.00000000 	 0.00000000 	 0.00000000 	 0.00000000 	 0.00772327 	 0.00000000 	 0.00000000 	 0.00000000 	 0.00000000 	 0.00000000 	 0.00000414 	 0.00000000 	 0.00000000 	 0.00034114 	 0.00000000 	 0.00000000 	 0.00000000 	 0.01007049 	 0.00000000 	 3.93030273 	 396.99512214 	 64.92167359 	 9.26138185 	 1.36622278 	 12.95963499 	 1.08294769 	 4.63132672
1843 	 0.03742771 	 0.44203837 	 39.65326382 	 0.31188667 	 1.93050801 	 0.00000000 	 0.00000000 	 0.00000000 	 0.00000000 	 0.00000000 	 104.85726000 	 0.02485686 	 0.00000000 	 0.00000000 	 0.00000000 	 0.00000000 	 0.00000000 	 0.00772327 	 0.00000000 	 0.00000000 	 0.00000000 	 0.00000000 	 0.00000000 	 0.00000418 	 0.00000000 	 0.00000000 	 0.00034530 	 0.00000000 	 0.00000000 	 0.00000000 	 0.01007196 	 0.00000000 	 3.84033514 	 389.73678087 	 63.42406091 	 9.18585261 	 1.32888433 	 12.57505963 	 1.08225194 	 4.64315869
1844 	 0.03982284 	 0.45017061 	 40.04426499 	 0.31777891 	 1.99232039 	 0.00000000 	 0.00000000 	 0.00000000 	 0.00000000 	 0.00000000 	 104.85117000 	 0.02485686 	 0.00000000 	 0.00000000 	 0.00000000 	 0.00000000 	 0.00000000 	 0.00772327 	 0.00000000 	 0.00000000 	 0.00000000 	 0.00000000 	 0.00000000 	 0.00000422 	 0.00000000 	 0.00000000 	 0.00034929 	 0.00000000 	 0.00000000 	 0.00000000 	 0.01007122 	 0.00000000 	 3.95940103 	 392.70744171 	 63.76245430 	 9.17891353 	 1.34983348 	 12.48918415 	 1.09399242 	 4.69093775
1845 	 0.04376561 	 0.45845245 	 40.66967667 	 0.32378247 	 2.08129490 	 0.00000000 	 0.00000000 	 0.00000000 	 0.00000000 	 0.00000000 	 104.83257000 	 0.02485686 	 0.00000000 	 0.00000000 	 0.00000000 	 0.00000000 	 0.00000000 	 0.00772327 	 0.00000000 	 0.00000000 	 0.00000000 	 0.00000000 	 0.00000000 	 0.00000425 	 0.00000000 	 0.00000000 	 0.00035320 	 0.00000000 	 0.00000000 	 0.00000000 	 0.01007122 	 0.00000000 	 3.95197867 	 397.85005600 	 64.68556723 	 9.30790591 	 1.36481272 	 12.86379989 	 1.10655916 	 4.73556342
1846 	 0.04417061 	 0.46688665 	 40.97519975 	 0.32989946 	 2.07320069 	 0.00000000 	 0.00000000 	 0.00000000 	 0.00000000 	 0.00000000 	 104.82423000 	 0.02485686 	 0.00000000 	 0.00000000 	 0.00000000 	 0.00000000 	 0.00000000 	 0.00772327 	 0.00000000 	 0.00000000 	 0.00000000 	 0.00000000 	 0.00000000 	 0.00000429 	 0.00000000 	 0.00000000 	 0.00035718 	 0.00000000 	 0.00000000 	 0.00000000 	 0.01007122 	 0.00000000 	 3.94365628 	 395.90826217 	 64.24405153 	 9.30249836 	 1.35025534 	 12.60562624 	 1.12094341 	 4.79325232
1847 	 0.04743588 	 0.47547602 	 41.61647168 	 0.33613200 	 2.15517685 	 0.00000000 	 0.00000000 	 0.00000000 	 0.00000000 	 0.00000000 	 104.82758000 	 0.02485686 	 0.00000000 	 0.00000000 	 0.00000000 	 0.00000000 	 0.00000000 	 0.00772327 	 0.00000000 	 0.00000000 	 0.00000000 	 0.00000000 	 0.00000000 	 0.00000432 	 0.00000000 	 0.00000000 	 0.00036124 	 0.00000000 	 0.00000000 	 0.00000000 	 0.01007122 	 0.00000000 	 4.03454520 	 402.98515747 	 65.44362075 	 9.40196202 	 1.38303775 	 12.91262560 	 1.13807748 	 4.84788859
1848 	 0.04708927 	 0.48422341 	 42.44947063 	 0.34248230 	 2.20538503 	 0.00000000 	 0.00000000 	 0.00000000 	 0.00000000 	 0.00000000 	 104.78829000 	 0.02485686 	 0.00000000 	 0.00000000 	 0.00000000 	 0.00000000 	 0.00000000 	 0.00772327 	 0.00000000 	 0.00000000 	 0.00000000 	 0.00000000 	 0.00000000 	 0.00000436 	 0.00000000 	 0.00000000 	 0.00036499 	 0.00000000 	 0.00001495 	 0.00000000 	 0.01007049 	 0.00000000 	 4.14886500 	 413.55829295 	 67.39824375 	 9.57323857 	 1.42977559 	 13.40264406 	 1.14759621 	 4.89804967
1849 	 0.04882186 	 0.49313173 	 42.63396461 	 0.34895257 	 2.22587301 	 0.00000000 	 0.00000000 	 0.00000000 	 0.00000000 	 0.00000000 	 104.81678000 	 0.02485686 	 0.00000000 	 0.00000000 	 0.00000000 	 0.00000000 	 0.00000000 	 0.00772327 	 0.00000000 	 0.00000000 	 0.00000000 	 0.00000000 	 0.00000000 	 0.00000439 	 0.00000000 	 0.00000000 	 0.00036923 	 0.00000000 	 0.00011956 	 0.00000000 	 0.01007196 	 0.00000000 	 4.08093084 	 408.93993412 	 66.42707154 	 9.54335883 	 1.40041826 	 13.15005863 	 1.15197583 	 4.92472764
1850 	 0.05135378 	 0.50220393 	 43.14236365 	 0.35554507 	 2.27677635 	 0.00000000 	 0.00000000 	 0.00000000 	 0.00000000 	 0.00000000 	 104.93295000 	 0.02485686 	 0.00000000 	 0.00000000 	 0.00000000 	 0.00000000 	 0.00000000 	 0.00772327 	 0.00000000 	 0.00000000 	 0.00000000 	 0.00000000 	 0.00000000 	 0.00000444 	 0.00000000 	 0.00000000 	 0.00037413 	 0.00000000 	 0.00022474 	 0.00000000 	 0.01007122 	 0.00000000 	 4.09079936 	 411.46287432 	 66.78304875 	 9.60416256 	 1.40985355 	 13.26860301 	 1.16127093 	 4.95822177
1851 	 0.05153108 	 0.49435682 	 43.15191371 	 0.36351949 	 2.25780646 	 0.00000000 	 0.00000000 	 0.00000000 	 0.00000000 	 0.00000000 	 104.96457000 	 0.02485686 	 0.00000000 	 0.00000000 	 0.00000000 	 0.00000000 	 0.00000000 	 0.00772327 	 0.00000000 	 0.00000000 	 0.00000000 	 0.00000000 	 0.00000000 	 0.00000448 	 0.00000000 	 0.00000000 	 0.00037842 	 0.00000000 	 0.00024083 	 0.00000000 	 0.01007122 	 0.00000000 	 4.00442174 	 402.24481525 	 64.95004659 	 9.47847133 	 1.36897130 	 12.76098965 	 1.15772128 	 4.96531085
1852 	 0.05360990 	 0.55035240 	 43.34412933 	 0.37214377 	 2.27863486 	 0.00000000 	 0.00000000 	 0.00000000 	 0.00000000 	 0.00000000 	 104.98199000 	 0.02485686 	 0.00000000 	 0.00000000 	 0.00000000 	 0.00000000 	 0.00000000 	 0.00772327 	 0.00000000 	 0.00000000 	 0.00000000 	 0.00000000 	 0.00000000 	 0.00000451 	 0.00000000 	 0.00000000 	 0.00038260 	 0.00000000 	 0.00024180 	 0.00000000 	 0.01007122 	 0.00000000 	 3.95255307 	 397.49851999 	 63.95789986 	 9.42452025 	 1.34277076 	 12.47583786 	 1.16486340 	 5.00342369
1853 	 0.05591847 	 0.54829886 	 43.88435963 	 0.37982347 	 2.32744250 	 0.00000000 	 0.00000000 	 0.00000000 	 0.00000000 	 0.00000000 	 104.96930000 	 0.02485686 	 0.00000000 	 0.00000000 	 0.00000000 	 0.00000000 	 0.00000000 	 0.00772327 	 0.00000000 	 0.00000000 	 0.00000000 	 0.00000000 	 0.00000000 	 0.00000455 	 0.00000000 	 0.00000000 	 0.00038655 	 0.00000000 	 0.00024278 	 0.00000000 	 0.01007122 	 0.00000000 	 3.96241298 	 400.33880414 	 64.44555418 	 9.49318713 	 1.34933493 	 12.59722807 	 1.17847682 	 5.06126181
1854 	 0.06585575 	 0.54640869 	 44.80907906 	 0.38782576 	 2.53627177 	 0.00000000 	 0.00000000 	 0.00000000 	 0.00000000 	 0.00000000 	 104.92260000 	 0.02485686 	 0.00000000 	 0.00000000 	 0.00000000 	 0.00000000 	 0.00000000 	 0.00772327 	 0.00000000 	 0.00000000 	 0.00000000 	 0.00000000 	 0.00000000 	 0.00000458 	 0.00000000 	 0.00000000 	 0.00039023 	 0.00000000 	 0.00024406 	 0.00000000 	 0.01007122 	 0.00000000 	 4.08028498 	 413.39913151 	 66.79469522 	 9.70892605 	 1.39571707 	 13.17829469 	 1.21433148 	 5.16213663
1855 	 0.06652029 	 0.54342901 	 44.95705390 	 0.39485736 	 2.53299421 	 0.00000000 	 0.00000000 	 0.00000000 	 0.00000000 	 0.00000000 	 104.95064000 	 0.02485686 	 0.00000000 	 0.00000000 	 0.00000000 	 0.00000000 	 0.00000000 	 0.00772327 	 0.00000000 	 0.00000000 	 0.00000000 	 0.00000000 	 0.00000000 	 0.00000462 	 0.00000000 	 0.00000000 	 0.00039450 	 0.00000000 	 0.00024548 	 0.00000000 	 0.01007049 	 0.00000000 	 4.06558999 	 408.11045388 	 65.65156398 	 9.60821845 	 1.37672168 	 12.79897242 	 1.21654263 	 5.19267617
1856 	 0.07115260 	 0.54939238 	 45.32147323 	 0.40091148 	 2.59946467 	 0.00000000 	 0.00000000 	 0.00000000 	 0.00000000 	 0.00000000 	 104.92886000 	 0.02485686 	 0.00000000 	 0.00000000 	 0.00000000 	 0.00000000 	 0.00000000 	 0.00772327 	 0.00000000 	 0.00000000 	 0.00000000 	 0.00000000 	 0.00000000 	 0.00000465 	 0.00000000 	 0.00000000 	 0.00039837 	 0.00000000 	 0.00024705 	 0.00000000 	 0.01007196 	 0.00000000 	 3.93562858 	 404.85491673 	 65.04253470 	 9.64896741 	 1.34002851 	 12.69496842 	 1.23340149 	 5.25914963
1857 	 0.07185041 	 0.55472479 	 46.01300694 	 0.40721930 	 2.64815899 	 0.00000000 	 0.00000000 	 0.00000000 	 0.00000000 	 0.00000000 	 104.94976000 	 0.02485686 	 0.00000000 	 0.00000000 	 0.00000000 	 0.00000000 	 0.00000000 	 0.00772327 	 0.00000000 	 0.00000000 	 0.00000000 	 0.00000000 	 0.00000000 	 0.00000469 	 0.00000000 	 0.00000000 	 0.00040259 	 0.00000000 	 0.00024876 	 0.00000000 	 0.01007122 	 0.00000000 	 4.15294342 	 414.67319185 	 66.72779877 	 9.71798745 	 1.40154772 	 12.99873839 	 1.23490486 	 5.29282726
1858 	 0.07298394 	 0.55939796 	 46.54057729 	 0.41220681 	 2.68603275 	 0.00000000 	 0.00000000 	 0.00000000 	 0.00000000 	 0.00000000 	 104.93987000 	 0.02485686 	 0.00000000 	 0.00000000 	 0.00000000 	 0.00000000 	 0.00000000 	 0.00772327 	 0.00000000 	 0.00000000 	 0.00000000 	 0.00000000 	 0.00000000 	 0.00000473 	 0.00000000 	 0.00000000 	 0.00040655 	 0.00000000 	 0.00025062 	 0.00000000 	 0.01007122 	 0.00000000 	 4.23455311 	 419.01402361 	 67.47060376 	 9.77387272 	 1.42468915 	 13.15495736 	 1.23543349 	 5.32431894
1859 	 0.07780497 	 0.56704179 	 46.94962615 	 0.41668339 	 2.76656619 	 0.00000000 	 0.00000000 	 0.00000000 	 0.00000000 	 0.00000000 	 104.91443000 	 0.02485686 	 0.00000000 	 0.00000000 	 0.00000000 	 0.00000000 	 0.00000000 	 0.00772327 	 0.00000000 	 0.00000000 	 0.00000000 	 0.00000000 	 0.00000000 	 0.00000476 	 0.00000000 	 0.00000000 	 0.00041039 	 0.00000000 	 0.00025263 	 0.00000000 	 0.01007122 	 0.00000000 	 4.11357190 	 416.29974849 	 66.95694734 	 9.81563379 	 1.39135962 	 13.04837298 	 1.25684363 	 5.40113300
1860 	 0.08575383 	 0.57155939 	 47.37614023 	 0.42043573 	 2.89965090 	 0.00000000 	 0.00000000 	 0.00000000 	 0.00000000 	 0.00000000 	 104.89112000 	 0.02485686 	 0.00000000 	 0.00000000 	 0.00000000 	 0.00000000 	 0.00000000 	 0.00772327 	 0.00000000 	 0.00000000 	 0.00000000 	 0.00000000 	 0.00000000 	 0.00000479 	 0.00000000 	 0.00000000 	 0.00041424 	 0.00000000 	 0.00025478 	 0.00000000 	 0.01081068 	 0.00000000 	 4.05492495 	 416.06399659 	 66.84953493 	 9.86846259 	 1.37512964 	 13.06056175 	 1.27327509 	 5.45990626
1861 	 0.09038281 	 0.58274225 	 48.23468670 	 0.42304105 	 2.97258398 	 0.00000000 	 0.00000000 	 0.00000000 	 0.00000000 	 0.00000000 	 104.94268000 	 0.02485686 	 0.00000000 	 0.00000000 	 0.00000000 	 0.00000000 	 0.00000000 	 0.00772327 	 0.00000000 	 0.00000000 	 0.00000000 	 0.00000000 	 0.00000000 	 0.00000483 	 0.00000000 	 0.00000000 	 0.00041871 	 0.00000000 	 0.00025708 	 0.00000000 	 0.01081069 	 0.00000000 	 4.15501231 	 417.24413722 	 66.88575551 	 9.85713565 	 1.38939413 	 12.95182710 	 1.28087454 	 5.48529273
1862 	 0.09180996 	 0.52263988 	 49.13056212 	 0.42564762 	 2.97769543 	 0.00000000 	 0.00000000 	 0.00000000 	 0.00000000 	 0.00000000 	 104.93302000 	 0.02485686 	 0.00000000 	 0.00000000 	 0.00000000 	 0.00000000 	 0.00000000 	 0.00772327 	 0.00000000 	 0.00000000 	 0.00000000 	 0.00000000 	 0.00000000 	 0.00000487 	 0.00000000 	 0.00000000 	 0.00042268 	 0.00000000 	 0.00025952 	 0.00000000 	 0.01007125 	 0.00000000 	 4.03642566 	 414.16280656 	 66.35896016 	 9.91888197 	 1.36174795 	 12.89796496 	 1.28681704 	 5.51792825
1863 	 0.09742952 	 0.52281751 	 49.71022253 	 0.42811005 	 3.06579297 	 0.00000000 	 0.00000000 	 0.00000000 	 0.00000000 	 0.00000000 	 104.95090000 	 0.02485686 	 0.00000000 	 0.00000000 	 0.00000000 	 0.00000000 	 0.00000000 	 0.00772327 	 0.00000000 	 0.00000000 	 0.00000000 	 0.00000000 	 0.00000000 	 0.00000491 	 0.00000000 	 0.00000000 	 0.00042688 	 0.00000000 	 0.00026211 	 0.00000000 	 0.01007125 	 0.00000000 	 3.96560135 	 408.12241941 	 65.00963540 	 9.86866585 	 1.32744048 	 12.52633195 	 1.30182904 	 5.56507906
1864 	 0.10466172 	 0.52316439 	 50.66032473 	 0.43068962 	 3.19462089 	 0.00000000 	 0.00000000 	 0.00000000 	 0.00000000 	 0.00000000 	 104.94467000 	 0.02485686 	 0.00000000 	 0.00000000 	 0.00000000 	 0.00000000 	 0.00000000 	 0.00772327 	 0.00000000 	 0.00000000 	 0.00000000 	 0.00000000 	 0.00000000 	 0.00000494 	 0.00000000 	 0.00000000 	 0.00043087 	 0.00000000 	 0.00026485 	 0.00000000 	 0.01007125 	 0.00000000 	 4.08136795 	 411.33106429 	 65.39906664 	 9.88713408 	 1.34624410 	 12.47255978 	 1.32151154 	 5.62125752
1865 	 0.11086914 	 0.52393292 	 51.98007510 	 0.43311237 	 3.32854160 	 0.00000000 	 0.00000000 	 0.00000000 	 0.00000000 	 0.00000000 	 104.93017000 	 0.02485686 	 0.00000000 	 0.00000000 	 0.00000000 	 0.00000000 	 0.00000000 	 0.00772327 	 0.00000000 	 0.00000000 	 0.00000000 	 0.00000000 	 0.00000000 	 0.00000498 	 0.00000000 	 0.00000000 	 0.00043479 	 0.00000000 	 0.00026774 	 0.00000000 	 0.01081071 	 0.00000000 	 4.15146609 	 420.48900498 	 67.10347351 	 10.07353478 	 1.38393328 	 12.99709115 	 1.33626778 	 5.66947723
1866 	 0.11466903 	 0.52406882 	 52.74699293 	 0.43541664 	 3.38974638 	 0.00000000 	 0.00000000 	 0.00000000 	 0.00000000 	 0.00000000 	 104.92398000 	 0.02485686 	 0.00000000 	 0.00000000 	 0.00000000 	 0.00000000 	 0.00000000 	 0.00772327 	 0.00000000 	 0.00000000 	 0.00000000 	 0.00000000 	 0.00000000 	 0.00000501 	 0.00000000 	 0.00000000 	 0.00043878 	 0.00000000 	 0.00027077 	 0.00000000 	 0.01081072 	 0.00000000 	 4.12751154 	 417.10118493 	 66.37528156 	 10.06454912 	 1.36023022 	 12.66276268 	 1.35006812 	 5.73191751
1867 	 0.12250781 	 0.52255982 	 53.94102178 	 0.43788065 	 3.56700166 	 0.00000000 	 0.00000000 	 0.00000000 	 0.00000000 	 0.00000000 	 104.93094000 	 0.02485686 	 0.00000000 	 0.00000000 	 0.00000000 	 0.00000000 	 0.00000000 	 0.00772327 	 0.00000000 	 0.00000000 	 0.00000000 	 0.00000000 	 0.00000000 	 0.00000505 	 0.00000000 	 0.00000000 	 0.00044289 	 0.00000000 	 0.00027394 	 0.00000000 	 0.01007054 	 0.00000000 	 4.22487603 	 424.29697530 	 67.66026449 	 10.18913310 	 1.39345939 	 12.99673037 	 1.36756329 	 5.77162580
1868 	 0.12553338 	 0.52109965 	 55.28767356 	 0.44110183 	 3.66992005 	 0.00000000 	 0.00000000 	 0.00000000 	 0.00000000 	 0.00000000 	 104.89186000 	 0.02485686 	 0.00000000 	 0.00000000 	 0.00000000 	 0.00000000 	 0.00000000 	 0.00772327 	 0.00000000 	 0.00000000 	 0.00000000 	 0.00000000 	 0.00000000 	 0.00000508 	 0.00000000 	 0.00000000 	 0.00044658 	 0.00000000 	 0.00027727 	 0.00000000 	 0.01007202 	 0.00000000 	 4.35680292 	 434.93022826 	 69.64729381 	 10.37220092 	 1.44103079 	 13.47067471 	 1.38410977 	 5.83057286
1869 	 0.13321081 	 0.51945615 	 55.83359728 	 0.44357398 	 3.79312815 	 0.00000000 	 0.00000000 	 0.00000000 	 0.00000000 	 0.00000000 	 104.93014000 	 0.02485686 	 0.00000000 	 0.00000000 	 0.00000000 	 0.00000000 	 0.00000000 	 0.00772327 	 0.00000000 	 0.00000000 	 0.00000000 	 0.00000000 	 0.00000000 	 0.00000512 	 0.00000000 	 0.00000000 	 0.00045097 	 0.00000000 	 0.00028073 	 0.00000000 	 0.01081074 	 0.00000000 	 4.23900394 	 426.40361673 	 67.92949559 	 10.31106127 	 1.38974100 	 13.02658904 	 1.39526332 	 5.86223600
1870 	 0.13659162 	 0.51835778 	 56.99659231 	 0.44630362 	 3.88923694 	 0.00000000 	 0.00000000 	 0.00000000 	 0.00000000 	 0.00000000 	 104.89317000 	 0.02485686 	 0.00000000 	 0.00000000 	 0.00000000 	 0.00000000 	 0.00000000 	 0.00772327 	 0.00000000 	 0.00000000 	 0.00000000 	 0.00000000 	 0.00000000 	 0.00000515 	 0.00000000 	 0.00000000 	 0.00045467 	 0.00000000 	 0.00028435 	 0.00000000 	 0.01081075 	 0.00000000 	 4.31702620 	 433.22876245 	 69.12187694 	 10.44102397 	 1.42148442 	 13.33667612 	 1.40971636 	 5.92144463
1871 	 0.14516120 	 0.53848893 	 57.57401422 	 0.45399380 	 4.01779633 	 0.00000000 	 0.00000000 	 0.00000000 	 0.00000000 	 0.00000000 	 104.92871000 	 0.02485686 	 0.00000000 	 0.00000000 	 0.00000000 	 0.00000000 	 0.00000000 	 0.00772327 	 0.00000000 	 0.00000000 	 0.00000000 	 0.00000000 	 0.00000000 	 0.00000519 	 0.00000000 	 0.00000000 	 0.00045904 	 0.00000000 	 0.00028811 	 0.00000000 	 0.01007131 	 0.00000000 	 4.26304215 	 425.16065132 	 67.42862358 	 10.36949770 	 1.38415476 	 12.83646332 	 1.41367559 	 5.92531045
1872 	 0.16024941 	 0.62385979 	 58.18710545 	 0.47050804 	 4.25212385 	 0.00000000 	 0.00000000 	 0.00000000 	 0.00000000 	 0.00000000 	 104.95075000 	 0.02485686 	 0.00000000 	 0.00000000 	 0.00000000 	 0.00000000 	 0.00000000 	 0.00772327 	 0.00000000 	 0.00000000 	 0.00000000 	 0.00000000 	 0.00000000 	 0.00000523 	 0.00000000 	 0.00000000 	 0.00046330 	 0.00000000 	 0.00029202 	 0.00000000 	 0.01081076 	 0.00000000 	 4.17248307 	 417.74427336 	 65.84553711 	 10.33038424 	 1.33853838 	 12.40998519 	 1.43275431 	 5.95535646
1873 	 0.16999248 	 0.63481313 	 59.62016165 	 0.49352232 	 4.47541460 	 0.00000000 	 0.00000000 	 0.00000000 	 0.00000000 	 0.00000000 	 104.93223000 	 0.02485686 	 0.00000000 	 0.00000000 	 0.00000000 	 0.00000000 	 0.00000000 	 0.00772327 	 0.00000000 	 0.00000000 	 0.00000000 	 0.00000000 	 0.00000000 	 0.00000526 	 0.00000000 	 0.00000000 	 0.00046717 	 0.00000000 	 0.00029607 	 0.00000000 	 0.01081078 	 0.00000000 	 4.30356496 	 429.28028904 	 67.99437045 	 10.56453512 	 1.38477011 	 12.91942275 	 1.45686373 	 6.01787616
1874 	 0.16091514 	 0.64206988 	 60.88850035 	 0.52134292 	 4.38410143 	 0.00000000 	 0.00000000 	 0.00000000 	 0.00000000 	 0.00000000 	 104.88493000 	 0.02485686 	 0.00000000 	 0.00000000 	 0.00000000 	 0.00000000 	 0.00000000 	 0.00772327 	 0.00000000 	 0.00000000 	 0.00000000 	 0.00000000 	 0.00000000 	 0.00000530 	 0.00000000 	 0.00000000 	 0.00047076 	 0.00000000 	 0.00030027 	 0.00000000 	 0.01081079 	 0.00000000 	 4.36308573 	 435.80418001 	 69.34908007 	 10.75161101 	 1.41479159 	 13.27580335 	 1.45326732 	 6.02900737
1875 	 0.17315415 	 0.64992770 	 61.44717030 	 0.55174781 	 4.55451006 	 0.00000000 	 0.00000000 	 0.00000000 	 0.00000000 	 0.00000000 	 104.93101000 	 0.02485686 	 0.00000000 	 0.00000000 	 0.00000000 	 0.00000000 	 0.00000000 	 0.00772327 	 0.00000000 	 0.00000000 	 0.00000000 	 0.00000000 	 0.00000000 	 0.00000533 	 0.00000000 	 0.00000000 	 0.00047525 	 0.00000000 	 0.00030462 	 0.00000000 	 0.01081081 	 0.00000000 	 4.30512155 	 426.89349545 	 67.48208860 	 10.66354523 	 1.37324083 	 12.70878477 	 1.46024828 	 6.04509132
1876 	 0.17583169 	 0.65764191 	 62.60294811 	 0.58244422 	 4.64236098 	 0.00000000 	 0.00000000 	 0.00000000 	 0.00000000 	 0.00000000 	 104.90175000 	 0.02485686 	 0.00000000 	 0.00000000 	 0.00000000 	 0.00000000 	 0.00000000 	 0.00772327 	 0.00000000 	 0.00000000 	 0.00000000 	 0.00000000 	 0.00000000 	 0.00000537 	 0.00000000 	 0.00000000 	 0.00047901 	 0.00000000 	 0.00030911 	 0.00000000 	 0.01081082 	 0.00000000 	 4.26728170 	 429.48054773 	 68.07266489 	 10.83189303 	 1.36839945 	 12.90197323 	 1.47472581 	 6.10016743
1877 	 0.17971645 	 0.66429158 	 63.64524259 	 0.61176567 	 4.76469674 	 0.00000000 	 0.00000000 	 0.00000000 	 0.00000000 	 0.00000000 	 104.92824000 	 0.02485686 	 0.00000000 	 0.00000000 	 0.00000000 	 0.00000000 	 0.00000000 	 0.00772327 	 0.00000000 	 0.00000000 	 0.00000000 	 0.00000000 	 0.00000000 	 0.00000541 	 0.00000000 	 0.00000000 	 0.00048331 	 0.00000000 	 0.00031375 	 0.00000000 	 0.01081084 	 0.00000000 	 4.40692911 	 434.06034600 	 68.77838073 	 10.89702160 	 1.40182301 	 12.97853584 	 1.47975617 	 6.11052326
1878 	 0.18066751 	 0.67117908 	 64.71120383 	 0.63723819 	 4.80842768 	 0.00000000 	 0.00000000 	 0.00000000 	 0.00000000 	 0.00000000 	 104.92472000 	 0.02485686 	 0.00000000 	 0.00000000 	 0.00000000 	 0.00000000 	 0.00000000 	 0.00772327 	 0.00000000 	 0.00000000 	 0.00000000 	 0.00000000 	 0.00000000 	 0.00000544 	 0.00000000 	 0.00000000 	 0.00048732 	 0.00000000 	 0.00031854 	 0.00000000 	 0.01081085 	 0.00000000 	 4.49642067 	 437.95994977 	 69.46979574 	 10.99894534 	 1.42489594 	 13.10796596 	 1.48014056 	 6.12020535
1879 	 0.19305846 	 0.67820435 	 65.90279841 	 0.65843057 	 5.05685513 	 0.00000000 	 0.00000000 	 0.00000000 	 0.00000000 	 0.00000000 	 104.88028000 	 0.02485686 	 0.00000000 	 0.00000000 	 0.00000000 	 0.00000000 	 0.00000000 	 0.00772327 	 0.00000000 	 0.00000000 	 0.00000000 	 0.00000000 	 0.00000000 	 0.00000547 	 0.00000000 	 0.00000000 	 0.00049092 	 0.00000000 	 0.00032347 	 0.00000000 	 0.01081087 	 0.00000000 	 4.44053163 	 440.85175907 	 70.08572002 	 11.18150569 	 1.41277131 	 13.27672711 	 1.51648734 	 6.21058828
1880 	 0.21920718 	 0.68444270 	 66.66498430 	 0.67227114 	 5.47909749 	 0.00000000 	 0.00000000 	 0.00000000 	 0.00000000 	 0.00000000 	 104.88174000 	 0.02485686 	 0.00000000 	 0.00000000 	 0.00000000 	 0.00000000 	 0.00000000 	 0.00772327 	 0.00000000 	 0.00000000 	 0.00000000 	 0.00000000 	 0.00000000 	 0.00000551 	 0.00000000 	 0.00000000 	 0.00049498 	 0.00000000 	 0.00032855 	 0.00000000 	 0.01081014 	 0.00000000 	 4.38021501 	 437.36572754 	 69.18788119 	 11.21057035 	 1.37970954 	 13.07624494 	 1.54146253 	 6.25057634
1881 	 0.22508679 	 0.72218861 	 67.70670095 	 0.68012415 	 5.65804687 	 0.00000000 	 0.00000000 	 0.00000000 	 0.00000000 	 0.00000000 	 104.92914000 	 0.02485686 	 0.00000000 	 0.00000000 	 0.00000000 	 0.00000000 	 0.00000000 	 0.00772327 	 0.00000000 	 0.00000000 	 0.00000000 	 0.00000000 	 0.00000000 	 0.00000555 	 0.00000000 	 0.00000000 	 0.00049950 	 0.00000000 	 0.00033378 	 0.00000000 	 0.01155109 	 0.00000000 	 4.52506909 	 440.97372482 	 69.70896889 	 11.27474846 	 1.40631549 	 13.05916594 	 1.55656173 	 6.26800030
1882 	 0.23680551 	 0.67397023 	 68.57787524 	 0.68873664 	 5.88116295 	 0.00000000 	 0.00000000 	 0.00000000 	 0.00000000 	 0.00000000 	 104.92759000 	 0.02485686 	 0.00000000 	 0.00000000 	 0.00000000 	 0.00000000 	 0.00000000 	 0.00772327 	 0.00000000 	 0.00000000 	 0.00000000 	 0.00000000 	 0.00000000 	 0.00000559 	 0.00000000 	 0.00000000 	 0.00050353 	 0.00000000 	 0.00033915 	 0.00000000 	 0.01155038 	 0.00000000 	 4.40327005 	 436.07863012 	 68.75016749 	 11.34322096 	 1.36692070 	 12.86204527 	 1.57742515 	 6.29611702
1883 	 0.25074275 	 0.68104137 	 69.18597910 	 0.69534852 	 6.13944640 	 0.00000000 	 0.00000000 	 0.00000000 	 0.00000000 	 0.00000000 	 104.95902000 	 0.02485686 	 0.00000000 	 0.00000000 	 0.00000000 	 0.00000000 	 0.00000000 	 0.00772327 	 0.00000000 	 0.00000000 	 0.00000000 	 0.00000000 	 0.00000000 	 0.00000562 	 0.00000000 	 0.00000000 	 0.00050790 	 0.00000000 	 0.00034467 	 0.00000000 	 0.01081096 	 0.00000000 	 4.33823349 	 428.22120343 	 67.06254476 	 11.30107278 	 1.32745985 	 12.41171819 	 1.59062424 	 6.29764317
1884 	 0.25269679 	 0.68426893 	 70.48060515 	 0.70116204 	 6.24609001 	 0.00000000 	 0.00000000 	 0.00000000 	 0.00000000 	 0.00000000 	 104.93535000 	 0.02485686 	 0.00000000 	 0.00000000 	 0.00000000 	 0.00000000 	 0.00000000 	 0.00772327 	 0.00000000 	 0.00000000 	 0.00000000 	 0.00000000 	 0.00000000 	 0.00000566 	 0.00000000 	 0.00000000 	 0.00051170 	 0.00000000 	 0.00035034 	 0.00000000 	 0.01081097 	 0.00000000 	 4.50104667 	 436.51834918 	 68.59402326 	 11.46377857 	 1.37125216 	 12.67617226 	 1.60690658 	 6.33371772
1885 	 0.25428891 	 0.69044542 	 71.60546241 	 0.70735779 	 6.29770338 	 0.00000000 	 0.00000000 	 0.00000000 	 0.00000000 	 0.00000000 	 104.93798000 	 0.02485686 	 0.00000000 	 0.00000000 	 0.00000000 	 0.00000000 	 0.00000000 	 0.00772327 	 0.00000000 	 0.00000000 	 0.00000000 	 0.00000000 	 0.00000000 	 0.00000569 	 0.00000000 	 0.00000000 	 0.00051577 	 0.00000000 	 0.00035615 	 0.00000000 	 0.01155044 	 0.00000000 	 4.48615153 	 438.14153854 	 68.94977818 	 11.60315357 	 1.37608218 	 12.86719880 	 1.61157647 	 6.33967026
1886 	 0.25816970 	 0.69151591 	 72.58254388 	 0.71209613 	 6.35581788 	 0.00000000 	 0.00000000 	 0.00000000 	 0.00000000 	 0.00000000 	 104.93570000 	 0.02485686 	 0.00000000 	 0.00000000 	 0.00000000 	 0.00000000 	 0.00000000 	 0.00772327 	 0.00000000 	 0.00000000 	 0.00000000 	 0.00000000 	 0.00000000 	 0.00000573 	 0.00000000 	 0.00000000 	 0.00051979 	 0.00000000 	 0.00036210 	 0.00000000 	 0.01155047 	 0.00000000 	 4.52798168 	 437.73332685 	 68.86926284 	 11.67579747 	 1.37167521 	 12.69590197 	 1.62847316 	 6.37191761
1887 	 0.27080924 	 0.69146649 	 73.77743063 	 0.71767581 	 6.60866856 	 0.00000000 	 0.00000000 	 0.00000000 	 0.00000000 	 0.00000000 	 104.94903000 	 0.02485686 	 0.00000000 	 0.00000000 	 0.00000000 	 0.00000000 	 0.00000000 	 0.00772327 	 0.00000000 	 0.00000000 	 0.00000000 	 0.00000000 	 0.00000000 	 0.00000577 	 0.00000000 	 0.00000000 	 0.00052398 	 0.00000000 	 0.00036821 	 0.00000000 	 0.01155050 	 0.00000000 	 4.61211205 	 443.10773814 	 69.79403942 	 11.82565523 	 1.39346502 	 12.92347563 	 1.65112506 	 6.40497801
1888 	 0.29884299 	 0.69112102 	 75.11035553 	 0.72367886 	 7.18541964 	 0.00000000 	 0.00000000 	 0.00000000 	 0.00000000 	 0.00000000 	 104.91459000 	 0.02485686 	 0.00000000 	 0.00000000 	 0.00000000 	 0.00000000 	 0.00000000 	 0.00772327 	 0.00000000 	 0.00000000 	 0.00000000 	 0.00000000 	 0.00000000 	 0.00000580 	 0.00000000 	 0.00000000 	 0.00052766 	 0.00000000 	 0.00037446 	 0.00000000 	 0.01155053 	 0.00000000 	 4.73483096 	 452.50230797 	 71.42723744 	 12.04162329 	 1.42227215 	 13.30097883 	 1.70121190 	 6.48476760
1889 	 0.29921459 	 0.69063074 	 75.92960019 	 0.73021381 	 7.18174545 	 0.00000000 	 0.00000000 	 0.00000000 	 0.00000000 	 0.00000000 	 104.95877000 	 0.02485686 	 0.00000000 	 0.00000000 	 0.00000000 	 0.00000000 	 0.00000000 	 0.00772327 	 0.00000000 	 0.00000000 	 0.00000000 	 0.00000000 	 0.00000000 	 0.00000584 	 0.00000000 	 0.00000000 	 0.00053218 	 0.00000000 	 0.00038086 	 0.00000000 	 0.01155056 	 0.00000000 	 4.72012028 	 448.69086963 	 70.65718772 	 12.07532791 	 1.40564110 	 13.07503323 	 1.69902724 	 6.47774383
1890 	 0.32508899 	 0.68734646 	 77.07862319 	 0.75509250 	 7.73182603 	 0.00000000 	 0.00000000 	 0.00000000 	 0.00000000 	 0.00000000 	 104.93170000 	 0.02485686 	 0.00000000 	 0.00000000 	 0.00000000 	 0.00000000 	 0.00000000 	 0.00772327 	 0.00000000 	 0.00000000 	 0.00000000 	 0.00000000 	 0.00000000 	 0.00000587 	 0.00000000 	 0.00000000 	 0.00053593 	 0.00000000 	 0.00038741 	 0.00000000 	 0.01155059 	 0.00000000 	 4.80075235 	 453.89903233 	 71.47659717 	 12.22188071 	 1.42072803 	 13.25215587 	 1.73846691 	 6.52590900
1891 	 0.34024774 	 0.68399696 	 77.68229292 	 0.76641842 	 8.02942557 	 0.00000000 	 0.00000000 	 0.00000000 	 0.00000000 	 0.00000000 	 104.97344000 	 0.02485686 	 0.00000000 	 0.00000000 	 0.00000000 	 0.00000000 	 0.00000000 	 0.00772327 	 0.00000000 	 0.00000000 	 0.00000000 	 0.00000000 	 0.00000000 	 0.00000591 	 0.00000000 	 0.00000000 	 0.00054043 	 0.00000000 	 0.00039410 	 0.00000000 	 0.01155062 	 0.00000000 	 4.73623801 	 444.38273180 	 69.53172191 	 12.15964020 	 1.37428769 	 12.67645127 	 1.75089301 	 6.52322175
1892 	 0.34273842 	 0.69850808 	 78.54558089 	 0.77768639 	 8.16973015 	 0.00000000 	 0.00000000 	 0.00000000 	 0.00000000 	 0.00000000 	 104.99082000 	 0.02485686 	 0.00000000 	 0.00000000 	 0.00000000 	 0.00000000 	 0.00000000 	 0.00772327 	 0.00000000 	 0.00000000 	 0.00000000 	 0.00000000 	 0.00000000 	 0.00000595 	 0.00000000 	 0.00000000 	 0.00054468 	 0.00000000 	 0.00040094 	 0.00000000 	 0.01155065 	 0.00000000 	 4.68868521 	 439.80865905 	 68.66391959 	 12.19914652 	 1.34895149 	 12.41948527 	 1.76157687 	 6.53003649
1893 	 0.33766579 	 0.69928941 	 79.81501329 	 0.78913512 	 8.12421175 	 0.00000000 	 0.00000000 	 0.00000000 	 0.00000000 	 0.00000000 	 104.97994000 	 0.02485686 	 0.00000000 	 0.00000000 	 0.00000000 	 0.00000000 	 0.00000000 	 0.00772327 	 0.00000000 	 0.00000000 	 0.00000000 	 0.00000000 	 0.00000000 	 0.00000599 	 0.00000000 	 0.00000000 	 0.00054860 	 0.00000000 	 0.00040792 	 0.00000000 	 0.01229013 	 0.00000000 	 4.70821350 	 443.35065579 	 69.48705802 	 12.37945386 	 1.36418818 	 12.64575826 	 1.76124271 	 6.53269794
1894 	 0.35091188 	 0.71514807 	 81.38345626 	 0.80140069 	 8.41508320 	 0.00000000 	 0.00000000 	 0.00000000 	 0.00000000 	 0.00000000 	 104.93101000 	 0.02485686 	 0.00000000 	 0.00000000 	 0.00000000 	 0.00000000 	 0.00000000 	 0.00772327 	 0.00000000 	 0.00000000 	 0.00000000 	 0.00000000 	 0.00000000 	 0.00000602 	 0.00000000 	 0.00000000 	 0.00055210 	 0.00000000 	 0.00041505 	 0.00000000 	 0.01229017 	 0.00000000 	 4.88166346 	 456.69603251 	 71.90804381 	 12.66238559 	 1.42186540 	 13.26493542 	 1.78324522 	 6.57119306
1895 	 0.37148694 	 0.72050852 	 82.23116014 	 0.81227549 	 8.85055293 	 0.00000000 	 0.00000000 	 0.00000000 	 0.00000000 	 0.00000000 	 104.96751000 	 0.02485686 	 0.00000000 	 0.00000000 	 0.00000000 	 0.00000000 	 0.00000000 	 0.00772327 	 0.00000000 	 0.00000000 	 0.00000000 	 0.00000000 	 0.00000000 	 0.00000606 	 0.00000000 	 0.00000000 	 0.00055656 	 0.00000000 	 0.00042233 	 0.00000000 	 0.01155076 	 0.00000000 	 4.91184114 	 453.55188505 	 71.15178658 	 12.67244423 	 1.40305492 	 12.91765136 	 1.81310892 	 6.60484912
1896 	 0.38344248 	 0.72300270 	 83.00005426 	 0.82348227 	 9.09359106 	 0.00000000 	 0.00000000 	 0.00000000 	 0.00000000 	 0.00000000 	 104.96751000 	 0.02485686 	 0.00000000 	 0.00000000 	 0.00000000 	 0.00000000 	 0.00000000 	 0.00772327 	 0.00000000 	 0.00000000 	 0.00000000 	 0.00000000 	 0.00000000 	 0.00000609 	 0.00000000 	 0.00000000 	 0.00056061 	 0.00000000 	 0.00042976 	 0.00000000 	 0.01229024 	 0.00000000 	 4.72694043 	 444.09442778 	 69.42267706 	 12.72059369 	 1.33655652 	 12.54663707 	 1.83421223 	 6.63065065
1897 	 0.40173774 	 0.72543871 	 84.39253635 	 0.83400860 	 9.52457571 	 0.00000000 	 0.00000000 	 0.00000000 	 0.00000000 	 0.00000000 	 104.99693000 	 0.02485686 	 0.00000000 	 0.00000000 	 0.00000000 	 0.00000000 	 0.00000000 	 0.00772327 	 0.00000000 	 0.00000000 	 0.00000000 	 0.00000000 	 0.00000000 	 0.00000613 	 0.00000000 	 0.00000000 	 0.00056500 	 0.00000000 	 0.00043733 	 0.00000000 	 0.01229029 	 0.00000000 	 5.01926970 	 456.41220547 	 71.54673250 	 12.89021710 	 1.40922488 	 12.92568313 	 1.85947723 	 6.65649975
1898 	 0.42304788 	 0.72793550 	 85.36127162 	 0.84366951 	 10.01449279 	 0.00000000 	 0.00000000 	 0.00000000 	 0.00000000 	 0.00000000 	 105.01512000 	 0.02485618 	 0.00000000 	 0.00000000 	 0.00000000 	 0.00000000 	 0.00000000 	 0.00772324 	 0.00000000 	 0.00000000 	 0.00000000 	 0.00000000 	 0.00000000 	 0.00000617 	 0.00000000 	 0.00000000 	 0.00056926 	 0.00000000 	 0.00044505 	 0.00000000 	 0.01229033 	 0.00000000 	 5.09043290 	 456.60376736 	 71.45665952 	 12.95906823 	 1.40905160 	 12.81728480 	 1.88781866 	 6.68439631
1899 	 0.46303663 	 0.72811498 	 86.70543387 	 0.85314042 	 10.84287412 	 0.00000000 	 0.00000000 	 0.00000000 	 0.00000000 	 0.00000000 	 104.97653000 	 0.02485770 	 0.00000000 	 0.00000000 	 0.00000000 	 0.00000000 	 0.00000000 	 0.00772323 	 0.00000000 	 0.00000000 	 0.00000000 	 0.00000000 	 0.00000000 	 0.00000620 	 0.00000000 	 0.00000000 	 0.00057286 	 0.00000000 	 0.00048567 	 0.00000000 	 0.01229038 	 0.00000000 	 5.08738729 	 462.10359939 	 72.46072256 	 13.20706844 	 1.39757386 	 13.06397027 	 1.95825749 	 6.80473966
1900 	 0.48786026 	 0.73012996 	 87.61328845 	 0.86251964 	 11.35371245 	 0.00000000 	 0.00000000 	 0.00000000 	 0.00000000 	 0.00000000 	 104.98481000 	 0.02485644 	 0.00000000 	 0.00000000 	 0.00000000 	 0.00000000 	 0.00000000 	 0.00772327 	 0.00000000 	 0.00000000 	 0.00000000 	 0.00000000 	 0.00000000 	 0.00000624 	 0.00000000 	 0.00000000 	 0.00057701 	 0.00000000 	 0.00239267 	 0.00000000 	 0.02855835 	 0.00000000 	 5.08158496 	 459.54446685 	 71.90656631 	 13.27666955 	 1.37688995 	 12.91962009 	 1.98493108 	 6.83116784
1901 	 0.50418023 	 0.79642374 	 88.39116711 	 0.87074974 	 11.78042751 	 0.00000000 	 0.00000000 	 0.00000000 	 0.00000000 	 0.00000000 	 105.04131000 	 0.02485744 	 0.00000000 	 0.00000000 	 0.00000000 	 0.00000000 	 0.00000000 	 0.00772327 	 0.00000000 	 0.00000000 	 0.00000000 	 0.00000000 	 0.00000000 	 0.00000628 	 0.00000000 	 0.00000000 	 0.00058173 	 0.00000000 	 0.00482010 	 0.00000000 	 0.04778445 	 0.00000000 	 5.19439236 	 457.61683051 	 71.63263161 	 13.30140990 	 1.37440685 	 12.62557761 	 2.00854608 	 6.86204456
1902 	 0.51903062 	 0.79979402 	 89.26282464 	 0.88055185 	 12.10586396 	 0.00000000 	 0.00000000 	 0.00000000 	 0.00000000 	 0.00000000 	 105.04898000 	 0.02485606 	 0.00000000 	 0.00000000 	 0.00000000 	 0.00000000 	 0.00000000 	 0.00772327 	 0.00000000 	 0.00000000 	 0.00000000 	 0.00000000 	 0.00000000 	 0.00000632 	 0.00000000 	 0.00000000 	 0.00058587 	 0.00000000 	 0.00577812 	 0.00000000 	 0.05074301 	 0.00000000 	 5.17196972 	 455.02617682 	 71.24149846 	 13.41248803 	 1.34844751 	 12.46132200 	 2.03309396 	 6.89673950
1903 	 0.56611160 	 0.82906879 	 89.89074057 	 0.88999002 	 13.04988783 	 0.00000000 	 0.00000000 	 0.00000000 	 0.00000000 	 0.00000000 	 105.09555000 	 0.02485798 	 0.00000000 	 0.00000000 	 0.00000000 	 0.00000000 	 0.00000000 	 0.00772327 	 0.00000000 	 0.00000000 	 0.00000000 	 0.00000000 	 0.00000000 	 0.00000636 	 0.00000000 	 0.00000000 	 0.00059049 	 0.00000000 	 0.00695761 	 0.00000000 	 0.05591998 	 0.00000000 	 5.18236962 	 449.96253041 	 70.25376393 	 13.43752052 	 1.30722602 	 12.08006095 	 2.08216031 	 6.95053693
1904 	 0.57480385 	 0.85558166 	 91.35674943 	 0.90032017 	 13.28026802 	 0.00000000 	 0.00000000 	 0.00000000 	 0.00000000 	 0.00000000 	 105.07939000 	 0.02485529 	 0.00000000 	 0.00000000 	 0.00000000 	 0.00000000 	 0.00000000 	 0.00772327 	 0.00000000 	 0.00000000 	 0.00000000 	 0.00000000 	 0.00000000 	 0.00000639 	 0.00000000 	 0.00000000 	 0.00059435 	 0.00000000 	 0.00943634 	 0.00000000 	 0.06849157 	 0.00000000 	 5.39217962 	 462.62176503 	 72.88437625 	 13.73147170 	 1.36380421 	 12.65551239 	 2.10025409 	 7.00060734
1905 	 0.61192547 	 0.88255566 	 92.40132432 	 0.91111012 	 14.10717227 	 0.00000000 	 0.00000000 	 0.00000000 	 0.00000000 	 0.00000000 	 105.08907000 	 0.02485910 	 0.00000000 	 0.00000000 	 0.00000000 	 0.00000000 	 0.00000000 	 0.00772327 	 0.00000000 	 0.00000000 	 0.00000000 	 0.00000000 	 0.00000000 	 0.00000643 	 0.00000000 	 0.00000000 	 0.00059853 	 0.00000000 	 0.01341283 	 0.00000000 	 0.08771847 	 0.00000000 	 5.56259652 	 467.44012884 	 73.70973522 	 13.85510547 	 1.38104779 	 12.68669499 	 2.14428694 	 7.06627217
1906 	 0.64388621 	 0.91339245 	 93.24998316 	 0.92216934 	 14.77293632 	 0.00000000 	 0.00000000 	 0.00000000 	 0.00000000 	 0.00000000 	 105.10645000 	 0.02485365 	 0.00000000 	 0.00000000 	 0.00000000 	 0.00000000 	 0.00000000 	 0.00772327 	 0.00000000 	 0.00000000 	 0.00000000 	 0.00000000 	 0.00000000 	 0.00000647 	 0.00000000 	 0.00000000 	 0.00060280 	 0.00000000 	 0.01819645 	 0.00000000 	 0.11138246 	 0.00000000 	 5.59948579 	 466.43564790 	 73.46173851 	 13.95964537 	 1.35822077 	 12.46307853 	 2.19110371 	 7.14385283
1907 	 0.72647579 	 0.92243810 	 94.56080194 	 0.93285400 	 16.27213164 	 0.00000000 	 0.00000000 	 0.00000000 	 0.00000000 	 0.00000000 	 105.14627000 	 0.02581295 	 0.00000000 	 0.00000000 	 0.00000000 	 0.00000000 	 0.00000000 	 0.00772327 	 0.00000000 	 0.00000000 	 0.00000000 	 0.00000000 	 0.00000000 	 0.00000651 	 0.00000000 	 0.00000000 	 0.00060735 	 0.00000000 	 0.01696619 	 0.00000000 	 0.10398923 	 0.00000000 	 5.91692149 	 480.31745636 	 76.00444514 	 14.21677499 	 1.39542572 	 12.85147020 	 2.27903165 	 7.29302055
1908 	 0.70280674 	 0.93181386 	 95.71237193 	 0.94326728 	 15.59756138 	 0.00000000 	 0.00000000 	 0.00000000 	 0.00000000 	 0.00000000 	 105.12414000 	 0.02923194 	 0.00000000 	 0.00000000 	 0.00000000 	 0.00000000 	 0.00000000 	 0.00772327 	 0.00000000 	 0.00000000 	 0.00000000 	 0.00000000 	 0.00000000 	 0.00000654 	 0.00000000 	 0.00000000 	 0.00061114 	 0.00000000 	 0.02140488 	 0.00000000 	 0.12765503 	 0.00000000 	 5.96634788 	 482.58263401 	 76.85623800 	 14.40742286 	 1.41753142 	 13.04019758 	 2.25834522 	 7.30199197
1909 	 0.72891144 	 0.93889509 	 96.46669460 	 0.95342817 	 16.37819647 	 0.00000000 	 0.00000000 	 0.00000000 	 0.00000000 	 0.00000000 	 105.16533000 	 0.76508600 	 0.00000000 	 0.00000000 	 0.00000000 	 0.00000000 	 0.00000000 	 0.00772327 	 0.00000000 	 0.00000000 	 0.00000000 	 0.00000000 	 0.00000000 	 0.00000658 	 0.00000000 	 0.00000000 	 0.00061572 	 0.00000000 	 0.03671437 	 0.00000000 	 0.21121463 	 0.00000000 	 6.03271250 	 480.68946879 	 76.44087710 	 14.46573428 	 1.39812294 	 12.76041003 	 2.29192572 	 7.34926128
1910 	 0.76526270 	 0.94501948 	 97.77187103 	 0.96414091 	 17.13059187 	 0.00000000 	 0.00000000 	 0.00000000 	 0.00000000 	 0.00000000 	 105.14442000 	 1.03668880 	 0.00000000 	 0.00000000 	 0.00000000 	 0.00000000 	 0.00000000 	 0.00772327 	 0.00000000 	 0.00000000 	 0.00000000 	 0.00000000 	 0.00000000 	 0.00000662 	 0.00000000 	 0.00000000 	 0.00061952 	 0.00000000 	 0.04234233 	 0.00000000 	 0.24301505 	 0.00000000 	 6.21596524 	 491.47136222 	 78.48124343 	 14.73060447 	 1.43022825 	 13.16936723 	 2.33737985 	 7.43296117
1911 	 0.78054171 	 0.88686630 	 98.42938116 	 0.97543690 	 17.25176004 	 0.00000000 	 0.00000000 	 0.00000000 	 0.00000000 	 0.00000000 	 105.20214000 	 0.55672031 	 0.00000000 	 0.00000000 	 0.00000000 	 0.00000000 	 0.00000000 	 0.00772327 	 0.00000000 	 0.00000000 	 0.00000000 	 0.00000000 	 0.00000000 	 0.00000666 	 0.00000000 	 0.00000000 	 0.00062432 	 0.00000000 	 0.04721708 	 0.00000000 	 0.27037941 	 0.00000000 	 6.19620689 	 482.37364837 	 76.73370569 	 14.67937454 	 1.38586805 	 12.58147549 	 2.34004948 	 7.42613194
1912 	 0.81946966 	 0.85032464 	 99.26614632 	 0.99167299 	 17.99709871 	 0.00000000 	 0.00000000 	 0.00000000 	 0.00000000 	 0.00000000 	 105.23472000 	 1.33723850 	 0.00000000 	 0.00000000 	 0.00000000 	 0.00000000 	 0.00000000 	 0.00772327 	 0.00000000 	 0.00000000 	 0.00000000 	 0.00000000 	 0.00000000 	 0.00000670 	 0.00000000 	 0.00000000 	 0.00062880 	 0.00000000 	 0.05597714 	 0.00000000 	 0.31844894 	 0.00000000 	 6.21019621 	 477.98892146 	 75.83160819 	 14.71366480 	 1.34730808 	 12.21757780 	 2.36179239 	 7.46331463
1913 	 0.88899531 	 0.81985171 	 100.61255837 	 1.01067843 	 19.08113094 	 0.00000000 	 0.00000000 	 0.00000000 	 0.00000000 	 0.00000000 	 105.25437000 	 2.78747720 	 0.00000000 	 0.00000000 	 0.00000000 	 0.00000000 	 0.00000000 	 0.00772327 	 0.00000000 	 0.00000000 	 0.00000000 	 0.00000000 	 0.00000000 	 0.00000674 	 0.00000000 	 0.00000000 	 0.00063313 	 0.00000000 	 0.05934571 	 0.00000000 	 0.33694139 	 0.00000000 	 6.44426262 	 488.26760349 	 77.57996160 	 14.92180765 	 1.36462207 	 12.44628947 	 2.42331697 	 7.56103923
1914 	 0.81099997 	 0.80871449 	 102.28405865 	 1.03135227 	 17.60216245 	 0.00000000 	 0.00000000 	 0.00000000 	 0.00000000 	 0.00000000 	 105.19867000 	 4.56559120 	 0.00000000 	 0.00000000 	 0.00000000 	 0.00000000 	 0.00000000 	 0.00772327 	 0.00000000 	 0.00000000 	 0.00000000 	 0.00000000 	 0.00000000 	 0.00000677 	 0.00000000 	 0.00000000 	 0.00063648 	 0.00000000 	 0.06480198 	 0.00000000 	 0.36726542 	 0.00000000 	 6.48949223 	 494.49788263 	 79.77807343 	 15.24149746 	 1.42020729 	 13.12965727 	 2.34421151 	 7.46282382
1915 	 0.80250540 	 0.79691909 	 103.05791975 	 1.05382540 	 17.58083508 	 0.00000000 	 0.00000000 	 0.00000000 	 0.00000000 	 0.00000000 	 105.27160000 	 6.20983720 	 0.00000000 	 0.00000000 	 0.00000000 	 0.00000000 	 0.00000000 	 0.00772327 	 0.00000000 	 0.00000000 	 0.00000000 	 0.00000000 	 0.00000000 	 0.00000681 	 0.00000000 	 0.00000000 	 0.00064150 	 0.00000000 	 0.08400063 	 0.00000000 	 0.47153519 	 0.00000000 	 6.47311202 	 484.24768488 	 78.35040062 	 15.23213103 	 1.37835216 	 12.62608591 	 2.34398562 	 7.43533866
1916 	 0.86480678 	 0.79922596 	 104.08894352 	 1.07697975 	 19.07385884 	 0.00000000 	 0.00000000 	 0.00000000 	 0.00000000 	 0.00000000 	 105.29863000 	 5.99689170 	 0.00000000 	 0.00000000 	 0.00000000 	 0.00000000 	 0.00000000 	 0.00772327 	 0.00000000 	 0.00000000 	 0.00000000 	 0.00000000 	 0.00000000 	 0.00000685 	 0.00000000 	 0.00000000 	 0.00064593 	 0.00000000 	 0.10465075 	 0.00000000 	 0.58467971 	 0.00000000 	 6.59184361 	 482.95426601 	 78.27985155 	 15.34284718 	 1.34270930 	 12.42283497 	 2.40149777 	 7.48546363
1917 	 0.89607863 	 0.80225947 	 105.43974145 	 1.09942706 	 19.91574313 	 0.00000000 	 0.00000000 	 0.00000000 	 0.00000000 	 0.00000000 	 105.37275000 	 5.15852710 	 0.00000000 	 0.00000000 	 0.00000000 	 0.00000000 	 0.00000000 	 0.00772327 	 0.00000000 	 0.00000000 	 0.00000000 	 0.00000000 	 0.00000000 	 0.00000689 	 0.00000000 	 0.00000000 	 0.00065098 	 0.00000000 	 0.11034348 	 0.00000000 	 0.61870744 	 0.00000000 	 6.99327405 	 492.96004475 	 80.45481807 	 15.50036500 	 1.40118939 	 12.69666275 	 2.42520746 	 7.48089829
1918 	 0.88685819 	 0.80554775 	 106.74593160 	 1.12038237 	 19.75191723 	 0.00000000 	 0.00000000 	 0.00000000 	 0.00000000 	 0.00000000 	 105.37311000 	 4.27216720 	 0.00000000 	 0.00000000 	 0.00000000 	 0.00000000 	 0.00000000 	 0.00772327 	 0.00000000 	 0.00000000 	 0.00000000 	 0.00000000 	 0.00000000 	 0.00000693 	 0.00000000 	 0.00000000 	 0.00065507 	 0.00000000 	 0.10461425 	 0.00000000 	 0.58914082 	 0.00000000 	 7.10758435 	 496.24207308 	 81.61294814 	 15.70439103 	 1.41941377 	 12.93568546 	 2.41118361 	 7.43326612
1919 	 0.78038755 	 0.81066795 	 108.09510704 	 1.13937482 	 17.00225187 	 0.00000000 	 0.00000000 	 0.00000000 	 0.00000000 	 0.00000000 	 105.33647000 	 3.19603500 	 0.00000000 	 0.00000000 	 0.00000000 	 0.00000000 	 0.00000000 	 0.00772327 	 0.00000000 	 0.00000000 	 0.00000000 	 0.00000000 	 0.00000000 	 0.00000696 	 0.00000000 	 0.00000000 	 0.00065866 	 0.00000000 	 0.10155164 	 0.00000000 	 0.57214502 	 0.00000000 	 6.91660078 	 490.97941712 	 81.67724386 	 15.91565271 	 1.41347132 	 13.08535373 	 2.30916981 	 7.28328448
1920 	 0.90251325 	 0.81302582 	 109.13363853 	 1.15676201 	 18.81095805 	 0.00000000 	 0.00000000 	 0.00000000 	 0.00000000 	 0.00000000 	 105.40157000 	 4.00594970 	 0.00000000 	 0.00000000 	 0.00000000 	 0.00000000 	 0.00000000 	 0.00772327 	 0.00000000 	 0.00000000 	 0.00000000 	 0.00000000 	 0.00000000 	 0.00000701 	 0.00000000 	 0.00000000 	 0.00066362 	 0.00000000 	 0.07187480 	 0.00000000 	 0.41169313 	 0.00000000 	 7.30790929 	 498.87459988 	 82.96992111 	 16.03665614 	 1.40344868 	 13.00423863 	 2.40956144 	 7.39815647
1921 	 0.79335515 	 0.86077777 	 109.80934796 	 1.17253404 	 16.05675580 	 0.00000000 	 0.00000000 	 0.00000000 	 0.00000000 	 0.00000000 	 105.42979000 	 6.35757550 	 0.00000000 	 0.00000000 	 0.00000000 	 0.00000000 	 0.00000000 	 0.00772327 	 0.00000000 	 0.00000000 	 0.00000000 	 0.00000000 	 0.00000000 	 0.00000705 	 0.00000000 	 0.00000000 	 0.00066809 	 0.00000000 	 0.05599481 	 0.00000000 	 0.32444592 	 0.00000000 	 7.13630032 	 486.61362419 	 81.18725519 	 16.01016130 	 1.39379650 	 12.64511513 	 2.26742620 	 7.20099365
1922 	 0.84338564 	 0.85285244 	 110.48581040 	 1.18788416 	 16.95834172 	 0.00000000 	 0.00000000 	 0.00000000 	 0.00000000 	 0.00000000 	 105.47367000 	 7.51966890 	 0.00000000 	 0.00000000 	 0.00000000 	 0.00000000 	 0.00000000 	 0.00772327 	 0.00000000 	 0.00000000 	 0.00000000 	 0.00000000 	 0.00000000 	 0.00000709 	 0.00000000 	 0.00000000 	 0.00067278 	 0.00000000 	 0.10093674 	 0.00000000 	 0.56921203 	 0.00000000 	 7.24123246 	 484.82734184 	 80.53069431 	 16.07300912 	 1.34612212 	 12.22472269 	 2.31221161 	 7.24955570
1923 	 0.95897793 	 0.86096273 	 112.25356413 	 1.20421346 	 19.73233569 	 0.00000000 	 0.00000000 	 0.00000000 	 0.00000000 	 0.00000000 	 105.54539000 	 8.19956090 	 0.00000000 	 0.00000000 	 0.00000000 	 0.00000000 	 0.00000000 	 0.00772327 	 0.00000000 	 0.00000000 	 0.00000000 	 0.00000000 	 0.00000000 	 0.00000713 	 0.00000000 	 0.00000000 	 0.00067786 	 0.00000000 	 0.13753371 	 0.00000000 	 0.77479139 	 0.00000000 	 8.00189482 	 514.23439514 	 86.27583424 	 16.46930530 	 1.43276794 	 12.95620855 	 2.44847827 	 7.46161666
1924 	 0.96977183 	 0.86713791 	 112.63350597 	 1.22129865 	 19.53046911 	 0.00000000 	 0.00000000 	 0.00000000 	 0.00000000 	 0.00000000 	 105.55899000 	 10.06403200 	 0.00000000 	 0.00000000 	 0.00000000 	 0.00000000 	 0.00000000 	 0.00772327 	 0.00000000 	 0.00000000 	 0.00000000 	 0.00000000 	 0.00000000 	 0.00000717 	 0.00000000 	 0.00000000 	 0.00068214 	 0.00000000 	 0.14595489 	 0.00000000 	 0.82730698 	 0.00000000 	 7.77868816 	 499.09741440 	 83.21123114 	 16.41564777 	 1.35548379 	 12.34420154 	 2.41932522 	 7.43462223
1925 	 0.98310344 	 0.87031982 	 113.67042692 	 1.23685898 	 19.74756019 	 0.00000000 	 0.00000000 	 0.00000000 	 0.00000000 	 0.00000000 	 105.60265000 	 9.88798500 	 0.00000000 	 0.00000000 	 0.00000000 	 0.00000000 	 0.00000000 	 0.00772327 	 0.00000000 	 0.00000000 	 0.00000000 	 0.00000000 	 0.00000000 	 0.00000721 	 0.00000000 	 0.00000000 	 0.00068685 	 0.00000000 	 0.15281139 	 0.00000000 	 0.86947278 	 0.00000000 	 7.97136785 	 502.69576876 	 84.06174423 	 16.84168156 	 1.36390006 	 12.29022974 	 2.42670693 	 7.46322510
1926 	 0.97060555 	 0.87475812 	 114.54563027 	 1.25166882 	 19.81761435 	 0.00000000 	 0.00000000 	 0.00000000 	 0.00000000 	 0.00000000 	 105.65209000 	 10.02058400 	 0.00000000 	 0.00000000 	 0.00000000 	 0.00000000 	 0.00000000 	 0.00772327 	 0.00000000 	 0.00000000 	 0.00000000 	 0.00000000 	 0.00000000 	 0.00000725 	 0.00000000 	 0.00000000 	 0.00069164 	 0.00000000 	 0.16877181 	 0.00000000 	 0.96266008 	 0.00000000 	 8.04516002 	 499.04182037 	 84.16877083 	 17.14732508 	 1.35396253 	 12.17844471 	 2.37042110 	 7.39457540
1927 	 1.07133315 	 0.91426127 	 115.74747998 	 1.26581134 	 21.14906799 	 0.00000000 	 0.00000000 	 0.00000000 	 0.00000000 	 0.00000000 	 105.65063000 	 13.69172800 	 0.00000000 	 0.00000000 	 0.00000000 	 0.00000000 	 0.00000000 	 0.00772327 	 0.00000000 	 0.00000000 	 0.00000000 	 0.00000000 	 0.00000000 	 0.00000729 	 0.00494503 	 0.00000000 	 0.00069573 	 0.00000000 	 0.19366311 	 0.00000000 	 1.10761160 	 0.00000000 	 8.48710819 	 515.09108838 	 86.52753525 	 17.43232174 	 1.37838955 	 12.30685062 	 2.47196783 	 7.56865924
1928 	 1.07552261 	 0.91770585 	 116.79586661 	 1.27882134 	 21.07430033 	 0.00000000 	 0.00000000 	 0.02081473 	 0.00000000 	 0.00000000 	 105.59392000 	 16.91430700 	 0.00000000 	 0.00000000 	 0.00000000 	 0.00000000 	 0.00000000 	 0.00772327 	 0.00000000 	 0.00000000 	 0.00000000 	 0.00000000 	 0.00000000 	 0.00000732 	 0.03013990 	 0.00000000 	 0.00069903 	 0.00000000 	 0.21328050 	 0.00000000 	 1.22520770 	 0.00000000 	 8.55625489 	 515.84008893 	 87.11586337 	 17.62700285 	 1.37955979 	 12.35424113 	 2.44857514 	 7.56168963
1929 	 1.15625079 	 0.94496390 	 118.01999772 	 1.28985552 	 22.41205974 	 0.00000000 	 0.00000000 	 0.33502494 	 0.00000000 	 0.00000000 	 105.60372000 	 19.38339000 	 0.00000000 	 0.00000000 	 0.00000000 	 0.00000000 	 0.00000000 	 0.00772327 	 0.00000000 	 0.00000000 	 0.00000000 	 0.00000000 	 0.00000000 	 0.00000735 	 0.00332930 	 0.00000000 	 0.00070195 	 0.00000000 	 0.20802541 	 0.00000000 	 1.20378650 	 0.00000000 	 8.88122817 	 527.05357551 	 89.37670247 	 17.86727278 	 1.38733846 	 12.61840792 	 2.50287753 	 7.65656602
1930 	 1.07223679 	 1.02218152 	 119.67017881 	 1.29939111 	 20.80147294 	 0.00000000 	 0.00000000 	 1.17010260 	 0.00000000 	 0.00000000 	 105.91829000 	 20.57183400 	 0.00000000 	 0.00000000 	 0.00000000 	 0.00000000 	 0.00000000 	 0.00772327 	 0.00000000 	 0.00000000 	 0.00000000 	 0.00000000 	 0.00000000 	 0.00000736 	 -0.02605104 	 0.00000000 	 0.00070327 	 0.00000000 	 0.17035764 	 0.00000000 	 0.99750344 	 0.00000000 	 8.82859565 	 535.03490282 	 91.59573863 	 18.10997615 	 1.46724858 	 13.35110028 	 2.44037423 	 7.60128831
1931 	 0.96808514 	 1.03250467 	 119.90750782 	 1.30633371 	 18.35620546 	 0.00000000 	 0.00000000 	 1.66003290 	 0.00000000 	 0.00000000 	 106.68870000 	 21.23232900 	 0.00000000 	 0.00000000 	 0.00000000 	 0.00000000 	 0.00000000 	 0.00772326 	 0.00000000 	 0.00000000 	 0.00000000 	 0.00000000 	 0.00000000 	 0.00000738 	 -0.00382921 	 0.00000000 	 0.00070594 	 0.00000000 	 0.11326202 	 0.00000000 	 0.67660210 	 0.00000000 	 8.19408782 	 504.89813450 	 86.48531867 	 17.95829420 	 1.35095346 	 12.30437939 	 2.34823963 	 7.47860406
1932 	 0.87974134 	 0.93441887 	 121.42198729 	 1.31311676 	 16.15819961 	 0.00000000 	 0.00000000 	 1.61673680 	 0.00000000 	 0.00000000 	 107.41813000 	 23.83714400 	 0.00000000 	 0.00576435 	 0.00000000 	 0.00000000 	 0.00000000 	 0.00772329 	 0.00000000 	 0.00000000 	 0.00000000 	 0.00000000 	 0.00000000 	 0.00000740 	 0.00074311 	 0.00000000 	 0.00070837 	 0.00000000 	 0.08584763 	 0.00000000 	 0.51911084 	 0.00000000 	 8.13035109 	 510.18233150 	 87.90725373 	 18.10001304 	 1.42037574 	 12.74119936 	 2.28074477 	 7.42061618
1933 	 0.92289341 	 0.93123708 	 122.34376590 	 1.31878393 	 17.00250592 	 0.00000000 	 0.00000000 	 1.63365820 	 0.00000000 	 0.00000000 	 108.09758000 	 28.12002800 	 0.00000000 	 0.14482802 	 0.00000000 	 0.00000000 	 0.00000000 	 0.00772322 	 0.00000000 	 0.00000000 	 0.00000000 	 0.00000000 	 0.00000000 	 0.00000743 	 0.00080764 	 0.00000000 	 0.00071090 	 0.00000000 	 0.10162740 	 0.00000000 	 0.61081444 	 0.00000000 	 8.09025959 	 508.11601206 	 87.73926442 	 18.14058312 	 1.36596959 	 12.54431479 	 2.30802210 	 7.47529852
1934 	 1.00008200 	 0.91947263 	 123.95329985 	 1.32506438 	 18.68811796 	 0.00000000 	 0.00000000 	 1.65058830 	 0.00000000 	 0.00000000 	 108.91202000 	 34.51928700 	 0.00000000 	 0.60639434 	 0.00000000 	 0.00000000 	 0.00000000 	 0.00772337 	 0.00000000 	 0.00000000 	 0.00000000 	 0.00000000 	 0.00000000 	 0.00000747 	 0.00087789 	 0.00000000 	 0.00071527 	 0.00000000 	 0.15202423 	 0.00000000 	 0.91252255 	 0.00000000 	 8.59085514 	 528.03316601 	 91.49703968 	 18.32411359 	 1.44171419 	 13.11045248 	 2.37590822 	 7.59216536
1935 	 1.04996067 	 0.91812800 	 124.89460439 	 1.33144892 	 20.08676260 	 0.00000000 	 0.00000000 	 1.66751730 	 0.00000000 	 0.00000000 	 109.70014000 	 40.13285900 	 0.00000000 	 0.97427321 	 0.00000000 	 0.00000000 	 0.00000000 	 0.00772302 	 0.00000000 	 0.00000000 	 0.00000000 	 0.00000000 	 0.00000000 	 0.00000750 	 0.00095422 	 0.00000000 	 0.00071926 	 0.00000000 	 0.22028466 	 0.00000000 	 1.33032980 	 0.00000000 	 8.76634235 	 529.44094063 	 91.90214074 	 18.31731965 	 1.41662248 	 12.88978840 	 2.41014075 	 7.65340864
1936 	 1.14967011 	 0.92650800 	 126.46470475 	 1.33768189 	 21.60705857 	 0.00000000 	 0.00000000 	 1.68444640 	 0.00000000 	 0.00000000 	 110.56758000 	 42.33712000 	 0.00000000 	 1.04552990 	 0.00000000 	 0.00000000 	 0.00000000 	 0.00772385 	 0.00000000 	 0.00000000 	 0.00000000 	 0.00000000 	 0.00000000 	 0.00000755 	 0.00103728 	 0.00000000 	 0.00072437 	 0.00000000 	 0.28820401 	 0.00000000 	 1.75702030 	 0.00000000 	 9.34809343 	 550.03985485 	 95.83484543 	 18.65286964 	 1.47493686 	 13.35682068 	 2.49707116 	 7.80736586
1937 	 1.23035760 	 0.90396876 	 127.18233707 	 1.34551135 	 23.24191662 	 0.00000000 	 0.00000000 	 1.70137550 	 0.00639002 	 0.00000000 	 111.36250000 	 44.18847100 	 0.00000000 	 1.11318780 	 0.00000000 	 0.00000000 	 0.00000000 	 0.00772185 	 0.00000000 	 0.00000000 	 0.00000000 	 0.00000000 	 0.00000000 	 0.00000758 	 0.00112748 	 0.00000000 	 0.00072845 	 0.00000000 	 0.34372195 	 0.00000000 	 2.11864540 	 0.00000000 	 9.56136178 	 550.61094191 	 95.84567433 	 18.73588300 	 1.42501442 	 12.95635516 	 2.55220065 	 7.89424955
1938 	 1.16071867 	 0.90677211 	 127.90539304 	 1.35410620 	 21.55243867 	 0.00000000 	 0.00000000 	 1.71830470 	 0.13288080 	 0.00000000 	 112.06030000 	 49.06474000 	 0.00000000 	 1.18503300 	 0.00000000 	 0.00000000 	 0.00000000 	 0.00772855 	 0.00000000 	 0.00000000 	 0.00000000 	 0.00000000 	 0.00000000 	 0.00000761 	 0.00122542 	 0.00000000 	 0.00073116 	 0.00000000 	 0.39883954 	 0.00000000 	 2.48915410 	 0.00000000 	 9.12000198 	 535.42684846 	 93.23706062 	 18.72062801 	 1.37681071 	 12.41929957 	 2.50273572 	 7.86451843
1939 	 1.23186729 	 0.90533147 	 129.50135677 	 1.36579988 	 23.02037612 	 0.00000000 	 0.00000000 	 1.73523380 	 0.68779311 	 0.00000000 	 112.82930000 	 56.68305400 	 0.00000000 	 1.25713980 	 0.00000000 	 0.00000000 	 0.00000000 	 0.11813875 	 0.00000000 	 0.00000000 	 0.00000000 	 0.00000000 	 0.00000000 	 0.00000764 	 0.00133206 	 0.00000000 	 0.00073488 	 0.00000000 	 0.43390074 	 0.00000000 	 2.74505300 	 0.00000000 	 9.61862979 	 554.53791712 	 97.34535423 	 18.98792969 	 1.44088222 	 13.01874514 	 2.56993838 	 8.00210818
1940 	 1.33168758 	 0.89292259 	 130.13499426 	 1.37855030 	 25.17012530 	 0.00000000 	 0.00000000 	 1.75216290 	 1.49289160 	 0.00000000 	 113.75015000 	 67.98074100 	 0.00000000 	 1.33045940 	 0.00000000 	 0.00000000 	 0.00000000 	 0.21814961 	 0.00000000 	 0.00000000 	 0.00000000 	 0.00000000 	 0.00000000 	 0.00000769 	 0.00144818 	 0.00000000 	 0.00074075 	 0.00000000 	 0.50172554 	 0.00000000 	 3.21909520 	 0.00000000 	 9.94652532 	 550.46540565 	 96.49612887 	 18.93380648 	 1.38869784 	 12.48044091 	 2.63755579 	 8.08583483
1941 	 1.35651045 	 0.87555089 	 132.21809394 	 1.42598852 	 26.12542032 	 0.00000000 	 0.00000000 	 1.76909200 	 2.23399290 	 0.00000000 	 114.54353000 	 81.74027900 	 0.00000000 	 1.40287480 	 0.00000000 	 0.00000000 	 0.00000000 	 0.19511640 	 0.00000000 	 0.00000000 	 0.00000000 	 0.00000000 	 0.00000000 	 0.00000773 	 0.00157415 	 0.00000000 	 0.00074481 	 0.00000000 	 0.64957282 	 0.00000000 	 4.22407430 	 0.00000000 	 10.17852197 	 552.95006508 	 97.09407345 	 19.03403078 	 1.37779967 	 12.33633525 	 2.67249459 	 8.12569612
1942 	 1.35822634 	 0.89677115 	 134.70602408 	 1.52866651 	 26.71377172 	 0.00000000 	 0.19841173 	 1.78602120 	 2.97647100 	 0.00000000 	 115.26991000 	 95.02113600 	 0.00000000 	 1.47455640 	 0.00000000 	 0.00000000 	 0.00000000 	 0.16898031 	 0.00000000 	 0.00000000 	 0.00000000 	 0.00000000 	 0.00000000 	 0.00000776 	 0.00171095 	 0.00000000 	 0.00074793 	 0.00000000 	 0.84353078 	 0.00000000 	 5.58548900 	 0.00000000 	 10.33006785 	 560.18418611 	 98.65719695 	 19.21018323 	 1.41696897 	 12.84272372 	 2.69722432 	 8.17147005
1943 	 1.40209626 	 0.89158461 	 136.62968688 	 1.67652974 	 27.12225687 	 0.05645176 	 4.30532470 	 1.80295020 	 3.71999610 	 0.00000000 	 116.04761000 	 89.52161500 	 0.00000000 	 1.54670270 	 0.00000000 	 0.00000000 	 0.00000000 	 0.14684461 	 0.00000000 	 0.00000000 	 0.00000000 	 0.00000000 	 0.00000000 	 0.00000779 	 0.00185974 	 0.00000000 	 0.00075177 	 0.00000000 	 0.80476688 	 0.00000000 	 5.45767390 	 0.00000000 	 10.62820202 	 561.01855030 	 99.48634644 	 19.22648995 	 1.40553399 	 12.58617426 	 2.70855180 	 8.17852474
1944 	 1.38707266 	 0.89777497 	 138.93105622 	 1.85234803 	 26.58982603 	 0.97266311 	 16.54561700 	 1.81987940 	 4.46380590 	 0.00000000 	 116.85265000 	 72.69430200 	 0.00000000 	 1.61916750 	 0.00000000 	 0.00000000 	 0.00000000 	 0.11439264 	 0.00000000 	 0.00000000 	 0.00000000 	 0.00000000 	 0.00000000 	 0.00000783 	 0.00202151 	 0.00000000 	 0.00075600 	 0.00000000 	 0.41764093 	 0.00000000 	 2.96065690 	 0.00000000 	 10.95580023 	 569.42755785 	 102.00830515 	 19.45467137 	 1.41392912 	 12.77844158 	 2.69734077 	 8.13968070
1945 	 1.18020137 	 0.89827788 	 141.02296396 	 2.04529525 	 23.42520792 	 3.45934050 	 24.84615400 	 1.83680840 	 5.20772330 	 0.00000000 	 117.61180000 	 68.36926200 	 0.00000000 	 1.69101000 	 0.00000000 	 0.00000000 	 0.00000000 	 0.08079857 	 0.00000000 	 0.00000000 	 0.00000000 	 0.00000000 	 0.00000000 	 0.00000786 	 0.00219726 	 0.00000000 	 0.00075958 	 0.00000000 	 0.20111842 	 0.00000000 	 1.50769420 	 0.00000000 	 10.79494868 	 562.38814030 	 102.38686289 	 19.53099873 	 1.43419512 	 12.74330316 	 2.53621120 	 7.88711204
1946 	 1.29342735 	 0.98235178 	 142.70640225 	 2.24054669 	 23.14745435 	 4.94046790 	 24.83937800 	 1.85373780 	 5.98561040 	 0.00000000 	 118.39896000 	 74.71723400 	 0.00000000 	 1.76319080 	 0.00000000 	 0.00000000 	 0.00000000 	 0.06430043 	 0.00000000 	 0.00000000 	 0.00000000 	 0.00000000 	 0.00000000 	 0.00000789 	 0.00238835 	 0.00000000 	 0.00076356 	 0.00000000 	 0.27970458 	 0.00000000 	 2.07266490 	 0.00000000 	 10.79383034 	 555.28996295 	 102.65818349 	 19.68948842 	 1.35941137 	 12.30492982 	 2.61228507 	 8.00100368
1947 	 1.44901695 	 1.01302145 	 144.79449650 	 2.42682560 	 25.98999129 	 4.83903740 	 24.98237100 	 1.87066650 	 6.44435410 	 0.00000000 	 119.29730000 	 84.08174600 	 0.00000000 	 1.83726790 	 0.00000000 	 0.00000000 	 0.00000000 	 0.04673123 	 0.00000000 	 0.00000000 	 0.00000000 	 0.00000000 	 0.00000000 	 0.00000794 	 0.00259631 	 0.00000000 	 0.00076909 	 0.00000000 	 0.34838359 	 0.00000000 	 2.63690740 	 0.00337284 	 11.47255751 	 563.40377537 	 104.15736761 	 19.91609513 	 1.37727324 	 12.31774746 	 2.62701636 	 7.87325201
1948 	 1.54081314 	 1.02117022 	 147.27202945 	 2.58769476 	 27.17424786 	 4.85636610 	 24.98710300 	 1.88759610 	 6.66490720 	 0.00000000 	 120.08364000 	 90.67068600 	 0.00000000 	 1.96627700 	 0.00000000 	 0.00000000 	 0.00000000 	 0.02016938 	 0.00000000 	 0.00000000 	 0.00000000 	 0.00000000 	 0.00000000 	 0.00000798 	 0.00332767 	 0.00000000 	 0.00077305 	 0.00000000 	 0.33316898 	 0.00000000 	 2.62438920 	 0.02361198 	 12.17759194 	 586.53608005 	 108.09641739 	 20.34906056 	 1.43213993 	 12.65723544 	 2.69138094 	 7.99312162
1949 	 1.51411664 	 1.03160404 	 150.21571489 	 2.71197019 	 26.21035927 	 5.56114100 	 27.29546100 	 1.89550330 	 7.16407050 	 0.00000000 	 120.70601000 	 91.96241600 	 0.00000000 	 1.64262780 	 0.00000000 	 0.00000000 	 0.00000000 	 -0.00157844 	 0.00000000 	 0.00000000 	 0.00000000 	 0.00000000 	 0.00000000 	 0.00000799 	 0.02463759 	 0.00000000 	 0.00077473 	 0.00000000 	 0.31424196 	 0.00000000 	 2.59264440 	 0.06374104 	 11.84629258 	 588.44103868 	 109.15442578 	 20.90919590 	 1.40397943 	 13.06341577 	 2.69176712 	 8.01776361
1950 	 1.69465396 	 1.04480132 	 152.20100845 	 2.78472518 	 29.16135039 	 8.14605740 	 32.67374500 	 1.98973290 	 7.47060530 	 0.00000000 	 121.62274000 	 78.58005300 	 0.00000000 	 1.06614650 	 0.00000000 	 0.00000000 	 0.00000000 	 0.00024328 	 0.00000000 	 0.00000000 	 0.00000000 	 0.00000000 	 0.00000000 	 0.00000805 	 0.10531435 	 0.00000000 	 0.00078062 	 0.00000000 	 0.32876887 	 0.00000000 	 2.84411010 	 0.16053368 	 13.11257347 	 619.94397091 	 113.85984720 	 21.60140457 	 1.52392422 	 13.90821503 	 2.80733657 	 8.19759553
1951 	 1.81625619 	 1.26302317 	 155.27193517 	 2.82866091 	 30.39227899 	 12.05013800 	 36.81585300 	 2.16852870 	 7.55422370 	 0.00000000 	 122.51807000 	 70.47669000 	 0.01433052 	 1.05277890 	 0.00000000 	 0.00000000 	 0.00000000 	 0.00116643 	 0.00000000 	 0.00000000 	 0.00000000 	 0.00000000 	 0.00000000 	 0.00000809 	 0.23432190 	 0.00000000 	 0.00078510 	 0.00000000 	 0.33222262 	 0.00000000 	 3.04307840 	 0.23983988 	 13.13259565 	 593.19945058 	 109.09095442 	 21.71096706 	 1.35214401 	 12.16857120 	 2.86019206 	 8.22961698
1952 	 1.85075452 	 1.29072658 	 160.57335760 	 2.87130535 	 30.78639644 	 16.07884200 	 40.44128300 	 2.41204260 	 7.67340140 	 0.00000000 	 123.26435000 	 76.50876200 	 0.21725302 	 1.44147440 	 0.00000000 	 0.00000000 	 0.00000000 	 -0.00203006 	 0.00000000 	 0.00000000 	 0.00000000 	 0.00000000 	 0.00000000 	 0.00000810 	 0.36283510 	 0.00000000 	 0.00078674 	 0.00000000 	 0.32854487 	 0.00000000 	 3.22282570 	 0.24565292 	 13.46651847 	 606.95633999 	 112.61821090 	 22.39378605 	 1.37206299 	 12.62926716 	 2.90618698 	 8.32866719
1953 	 1.90473307 	 1.28788222 	 165.68183231 	 2.91627546 	 31.40623216 	 20.20105500 	 45.58143200 	 2.84789340 	 7.70344580 	 0.00000000 	 124.06078000 	 81.68122400 	 1.35755080 	 2.10040800 	 0.00000000 	 0.00000000 	 0.00000000 	 -0.00022819 	 0.00000000 	 0.00000000 	 0.00000000 	 0.00000000 	 0.00000000 	 0.00000812 	 0.48047903 	 0.00000000 	 0.00078951 	 0.00000000 	 0.31999622 	 0.00000000 	 3.38630870 	 0.24572915 	 14.02968336 	 623.97505480 	 116.77653779 	 23.08627653 	 1.43082925 	 13.14995960 	 2.96930564 	 8.45098011
1954 	 1.95414177 	 1.34187017 	 170.37100792 	 2.96307220 	 31.61552171 	 25.21238100 	 51.89241100 	 3.27631560 	 7.76021300 	 0.00000000 	 124.75392000 	 86.86347000 	 3.61988330 	 2.88888480 	 0.00000000 	 0.00000000 	 0.00000000 	 -0.00407082 	 0.00000000 	 0.00000000 	 0.00000000 	 0.00000000 	 0.00000000 	 0.00000814 	 0.59576061 	 0.00000000 	 0.00079082 	 0.00000000 	 0.29457384 	 0.00000000 	 3.40486320 	 0.24580572 	 14.33124080 	 628.90966353 	 118.78969286 	 23.51826930 	 1.43892276 	 13.07704682 	 3.03618501 	 8.57769213
1955 	 2.13749166 	 1.38698028 	 174.74044706 	 3.01373296 	 34.57058126 	 30.72731900 	 59.87188100 	 3.67880150 	 7.63707020 	 0.00000000 	 125.74327000 	 91.98001900 	 6.48486790 	 3.55647770 	 0.00000000 	 0.00000000 	 0.00000000 	 0.00104935 	 0.00000000 	 0.00000000 	 0.00000000 	 0.00000000 	 0.00000000 	 0.00000818 	 0.70910415 	 0.00000000 	 0.00079623 	 0.00000000 	 0.26311875 	 0.00000000 	 3.33468240 	 0.24588273 	 15.33699694 	 641.32672533 	 122.54258151 	 23.78869162 	 1.43699861 	 12.90436012 	 3.14874650 	 8.70758045
1956 	 2.28965212 	 1.44540784 	 180.67111746 	 3.06538300 	 37.13507559 	 33.54675600 	 66.95048900 	 4.27599120 	 7.54303160 	 0.00000000 	 126.58168000 	 97.00849100 	 9.15616620 	 4.53226580 	 0.00000000 	 0.00000000 	 0.00000000 	 0.00664016 	 0.00000000 	 0.00000000 	 0.00000000 	 0.00000000 	 0.00000000 	 0.00000821 	 0.82044371 	 0.00000000 	 0.00079956 	 0.00000000 	 0.22075982 	 0.00000000 	 3.07963750 	 0.24595899 	 16.38328141 	 673.80622903 	 129.82302004 	 24.39548109 	 1.51825893 	 13.73337117 	 3.32614256 	 8.99111159
1957 	 2.38332889 	 1.47659987 	 186.05556774 	 3.12041433 	 38.89082970 	 32.87144600 	 72.20414100 	 4.96120190 	 7.37653130 	 0.00000000 	 127.41838000 	 102.11597000 	 11.48850900 	 5.98751080 	 0.00000000 	 0.00000000 	 0.00000000 	 0.00434237 	 0.00000000 	 0.00000000 	 0.00000000 	 0.00000000 	 0.00000000 	 0.00000825 	 0.92977447 	 0.00000000 	 0.00080300 	 0.00000000 	 0.18587639 	 0.00000000 	 2.85712480 	 0.24603635 	 17.17665517 	 695.94961306 	 135.59152056 	 25.10938271 	 1.60851225 	 14.58187903 	 3.47601032 	 9.24447041
1958 	 2.46560150 	 1.52767170 	 188.38553995 	 3.18179046 	 39.35927242 	 34.74628400 	 80.92532900 	 5.63305030 	 6.90873130 	 0.00000000 	 128.42262000 	 107.20600000 	 14.78120200 	 7.12020400 	 0.00000000 	 0.00000000 	 0.00000000 	 0.00260529 	 0.00001526 	 0.00015507 	 0.00000000 	 0.00000000 	 0.00000000 	 0.00000829 	 1.03713060 	 0.00000000 	 0.00080761 	 0.00000000 	 0.17928487 	 0.00000000 	 2.99545910 	 0.24611310 	 17.01770860 	 661.28548584 	 129.20858361 	 25.26871426 	 1.43084589 	 12.82042743 	 3.62964215 	 9.42622297
1959 	 2.60209624 	 1.47277590 	 192.68675731 	 3.24787497 	 41.33762319 	 43.50625700 	 93.98346700 	 6.38802260 	 6.87604580 	 0.00000000 	 129.47587000 	 112.29185000 	 18.06369800 	 8.02538070 	 0.00000000 	 0.00000000 	 0.00000000 	 0.00086846 	 0.00012225 	 0.00124604 	 0.00000000 	 0.00000000 	 0.00000000 	 0.00000833 	 1.14246940 	 0.00000000 	 0.00081212 	 0.00000000 	 0.18081021 	 0.00000000 	 3.24767160 	 0.30755864 	 17.48916662 	 665.43672221 	 131.21049744 	 25.78456832 	 1.38058891 	 12.48688189 	 3.80617344 	 9.65006856
1960 	 2.72679462 	 1.46063450 	 197.26110048 	 3.32142544 	 42.98960971 	 56.28148100 	 107.54170000 	 7.32017180 	 7.23926310 	 0.00000000 	 130.53321000 	 117.25970000 	 21.75043700 	 9.58857320 	 0.00000000 	 0.00000000 	 0.00000000 	 -0.00086849 	 0.00023072 	 0.00237509 	 0.00000000 	 0.00000000 	 0.00000000 	 0.00000837 	 1.24581070 	 0.00000000 	 0.00081724 	 0.00000000 	 0.17259465 	 0.00000000 	 3.32093980 	 0.43040210 	 18.11095913 	 668.56566298 	 133.33681491 	 26.12794679 	 1.35323809 	 12.24127438 	 3.93497499 	 9.82738876
1961 	 2.75043530 	 1.53023100 	 205.13834130 	 3.54270588 	 48.39199457 	 70.61855700 	 123.80387000 	 8.42878490 	 7.45147350 	 0.00186180 	 131.26152000 	 121.58986000 	 27.27829800 	 11.88438600 	 0.00000000 	 0.00000000 	 0.00000000 	 -0.00260532 	 0.00024914 	 0.00354641 	 0.00000000 	 0.00000000 	 0.00000000 	 0.00000837 	 1.34689200 	 0.00000000 	 0.00081675 	 0.00000000 	 0.16861102 	 0.00000000 	 3.43043510 	 0.55328481 	 18.71107378 	 701.00534526 	 143.56526348 	 26.88973850 	 1.43746992 	 13.67653939 	 3.84271786 	 9.69703375
1962 	 2.86665561 	 1.51980380 	 207.21229918 	 3.67601298 	 49.39515008 	 86.21455100 	 144.89716000 	 9.61276780 	 7.58052790 	 0.04518137 	 132.40110000 	 125.71015000 	 32.04902100 	 14.50008900 	 0.00000000 	 0.00000000 	 0.00000000 	 -0.00434252 	 0.00025250 	 0.00492068 	 0.00000000 	 0.00000000 	 0.00000000 	 0.00000841 	 1.44609510 	 0.00000000 	 0.00082101 	 0.00000000 	 0.17112099 	 0.00000000 	 3.62498210 	 0.61483924 	 19.30412115 	 678.84922337 	 140.10589201 	 27.39134430 	 1.41572196 	 12.85134726 	 3.85264915 	 9.69874737
1963 	 3.03434758 	 1.52628450 	 216.19226559 	 3.80091187 	 50.94091401 	 101.83231000 	 167.67883000 	 10.94972100 	 7.91108540 	 0.24720738 	 132.99126000 	 128.88013000 	 37.52532000 	 17.28022800 	 0.00000000 	 0.00000000 	 0.00000000 	 -0.00786993 	 0.00035209 	 0.00597276 	 0.00000000 	 0.00000000 	 0.00000000 	 0.00000839 	 1.54292610 	 0.00000000 	 0.00081943 	 0.00000000 	 0.18314033 	 0.00029590 	 3.98813670 	 0.55366285 	 20.49026901 	 741.31960162 	 156.13095399 	 28.74464761 	 1.53673715 	 14.84912675 	 3.90113860 	 9.76008418
1964 	 3.19165183 	 1.51733370 	 216.55616296 	 3.94278293 	 52.85484409 	 116.30072000 	 189.87660000 	 12.65721400 	 8.47789460 	 0.46848862 	 134.07707000 	 129.76929000 	 49.91404600 	 20.77197100 	 0.00000000 	 0.00000000 	 0.00000000 	 -0.00075971 	 0.00103037 	 0.03358002 	 0.00000000 	 0.00000000 	 0.00000000 	 0.00000844 	 1.63797760 	 0.00000000 	 0.00082434 	 0.00000000 	 0.20130699 	 0.00281424 	 4.43262570 	 0.49245891 	 21.21896084 	 689.11146001 	 146.45477556 	 28.60741633 	 1.37982072 	 12.67250954 	 3.88008874 	 9.70511445
1965 	 3.34002282 	 1.54847210 	 222.66641570 	 4.11209631 	 54.08754943 	 130.83984000 	 213.39190000 	 14.52825700 	 9.03583150 	 0.58010695 	 135.19804000 	 129.69213000 	 70.50793500 	 25.06030000 	 0.00000000 	 0.00000000 	 0.00000000 	 0.01594865 	 0.00214069 	 0.11324642 	 0.00000000 	 0.00000000 	 0.00000000 	 0.00000846 	 1.73084610 	 0.00000000 	 0.00082747 	 0.00000000 	 0.22504180 	 0.00633699 	 4.90891920 	 0.49260840 	 22.05010438 	 709.31229627 	 153.40539119 	 29.97215368 	 1.37978108 	 12.97409303 	 3.89022917 	 9.67587990
1966 	 3.49960006 	 1.55082560 	 226.31069580 	 4.30795080 	 55.29359394 	 147.99606000 	 240.15802000 	 16.54777400 	 9.50089520 	 0.77191369 	 136.46754000 	 129.70542000 	 94.25876500 	 30.47707500 	 0.00000000 	 0.00000000 	 0.00000000 	 0.06978616 	 0.00310310 	 0.20275693 	 0.00000000 	 0.00000000 	 0.00000000 	 0.00000851 	 1.82179690 	 0.00000000 	 0.00083229 	 0.00000000 	 0.26721734 	 0.00871699 	 5.62480740 	 0.61550021 	 22.81374563 	 710.94146646 	 156.49498091 	 31.55306755 	 1.37158628 	 12.73725145 	 3.91358851 	 9.69704570
1967 	 3.62377029 	 1.59489900 	 232.33314649 	 4.47840262 	 54.78695183 	 169.42177000 	 269.58286000 	 18.91817200 	 9.92081190 	 1.03730000 	 137.66763000 	 129.68847000 	 116.32544000 	 36.03694500 	 0.00000000 	 0.00000000 	 0.00000000 	 0.24404072 	 0.00375425 	 0.26151045 	 0.00001246 	 0.00000000 	 0.00006899 	 0.00000854 	 1.91059490 	 0.00000000 	 0.00083658 	 0.00000000 	 0.32052973 	 0.01079236 	 6.35475720 	 0.73844860 	 24.16018227 	 746.20982087 	 164.77531621 	 33.16777605 	 1.49042702 	 13.86462062 	 3.90003183 	 9.72067292
1968 	 3.83227320 	 1.54605630 	 235.33540267 	 4.61482187 	 56.89335844 	 195.13757000 	 299.71437000 	 21.71359400 	 10.29517200 	 1.36738240 	 139.24379000 	 129.73308000 	 133.08156000 	 40.35903400 	 0.00000000 	 0.00000000 	 0.00923798 	 0.44305972 	 0.00554318 	 0.29037411 	 0.00008804 	 0.00000000 	 0.00048559 	 0.00000863 	 1.99769350 	 0.00000000 	 0.00084583 	 0.00000000 	 0.40423022 	 0.01305003 	 7.33244150 	 0.67731523 	 25.37294758 	 740.48241823 	 165.09570877 	 34.38157284 	 1.38590485 	 12.98609835 	 3.98446824 	 9.83969857
1969 	 4.05910822 	 1.54277410 	 239.18485161 	 4.72905142 	 58.49349292 	 220.72612000 	 327.55328000 	 24.93817800 	 10.63863400 	 1.71209010 	 140.05867000 	 129.76058000 	 146.61896000 	 44.14450800 	 0.00000000 	 0.00000000 	 0.18322115 	 0.55613635 	 0.03648951 	 0.30862539 	 0.00009368 	 0.00000000 	 0.00050389 	 0.00982482 	 2.08173690 	 0.00000000 	 0.00084505 	 0.00000000 	 0.52064110 	 0.01545898 	 8.48317180 	 0.67751619 	 26.02622913 	 747.02973154 	 169.68157132 	 34.96181251 	 1.34122628 	 12.19349376 	 4.06286533 	 9.90699576
1970 	 4.32089591 	 1.53100140 	 244.41839555 	 4.71064028 	 61.55680689 	 245.38621000 	 354.60102000 	 28.57690400 	 11.00827000 	 1.89096580 	 141.52757000 	 129.69302000 	 173.56366000 	 49.03739400 	 0.00000000 	 0.00000000 	 0.60795801 	 0.64373178 	 0.11813403 	 0.34789664 	 0.00002469 	 0.00000000 	 0.00010851 	 0.03633065 	 2.16449920 	 0.00000000 	 0.00085202 	 0.00000000 	 0.65816920 	 0.01763153 	 9.53188010 	 0.80047128 	 27.78262307 	 781.03755230 	 179.68595467 	 37.46957853 	 1.36259954 	 12.64884847 	 4.18710926 	 10.13137585
1971 	 4.50751366 	 1.40470310 	 249.28953308 	 4.66001017 	 61.74390488 	 276.44309000 	 387.53989000 	 32.72913900 	 11.45252900 	 2.14021180 	 143.11960000 	 129.60227000 	 217.72405000 	 55.79088800 	 0.00000000 	 0.00000000 	 0.85645760 	 0.78786166 	 0.22321290 	 0.40686343 	 0.00001325 	 0.00000000 	 0.00004259 	 0.06458691 	 2.24511740 	 0.00000000 	 0.00085867 	 0.00000000 	 0.82992065 	 0.02001087 	 10.71149400 	 0.86210262 	 28.57462104 	 796.20294253 	 183.53555790 	 38.13342516 	 1.36702999 	 12.86392198 	 4.33671900 	 10.33119403
1972 	 4.70364427 	 1.32613360 	 257.21020543 	 4.92702901 	 63.49298144 	 314.22879000 	 427.68026000 	 37.46552300 	 11.97792000 	 2.55176280 	 144.52172000 	 129.65777000 	 267.60333000 	 61.45663300 	 0.00000000 	 0.00000000 	 0.87667663 	 1.09518670 	 0.31882408 	 0.47214740 	 0.00001348 	 0.00000000 	 0.00004304 	 0.08258019 	 2.32332950 	 0.00000000 	 0.00086363 	 0.00000000 	 1.05590290 	 0.02242113 	 12.24311000 	 0.86237286 	 30.19116615 	 868.47357075 	 196.66552471 	 39.56446297 	 1.55163065 	 15.06410846 	 4.41952272 	 10.46332608
1973 	 4.97263875 	 1.31758730 	 260.29472497 	 5.04702260 	 66.34684210 	 338.06930000 	 454.71123000 	 42.97926200 	 12.58516100 	 2.92937000 	 146.54158000 	 129.79157000 	 301.85553000 	 65.42011300 	 0.00000000 	 0.00000000 	 0.82240702 	 1.59306730 	 0.39726303 	 0.54390644 	 0.00001377 	 0.00000000 	 0.00005497 	 0.09021493 	 2.40064920 	 0.00000000 	 0.00087688 	 0.00000000 	 1.33078700 	 0.02454693 	 14.08533200 	 0.92401065 	 31.19354563 	 826.02931323 	 186.52593193 	 39.95714271 	 1.36371697 	 12.87753081 	 4.53211461 	 10.57811729
1974 	 4.94515282 	 1.28976750 	 261.80827705 	 5.03062795 	 65.40034131 	 340.60550000 	 453.22872000 	 49.24795900 	 13.44744200 	 3.51840150 	 147.80664000 	 129.76026000 	 327.35544000 	 71.66699500 	 0.00000000 	 0.00000000 	 0.76119143 	 2.18065470 	 0.67241083 	 0.65809554 	 0.00001397 	 0.00000000 	 0.05241622 	 0.08706316 	 2.47411600 	 0.00000000 	 0.00087790 	 0.00000000 	 1.41916910 	 0.02681050 	 14.31114600 	 1.03947180 	 31.03109723 	 824.62140222 	 183.60052508 	 40.69211664 	 1.41032620 	 12.89414726 	 4.56131774 	 10.70547736
1975 	 4.92563784 	 1.30241580 	 263.05854865 	 5.20289177 	 64.21096125 	 337.71465000 	 440.16522000 	 57.56581100 	 14.53844200 	 4.21768680 	 148.91662000 	 129.65616000 	 384.99818000 	 79.15390400 	 0.00000000 	 0.00000000 	 0.80304672 	 2.80183630 	 1.26827090 	 0.82874370 	 0.00001415 	 0.00000000 	 0.19213674 	 0.07287559 	 2.54512500 	 0.00000000 	 0.00087775 	 0.00000000 	 1.40040840 	 0.02894208 	 14.32104200 	 1.16464580 	 30.72052737 	 816.91948586 	 177.51306731 	 41.47672590 	 1.33704077 	 12.24345620 	 4.66139060 	 10.88619760
1976 	 5.19151536 	 1.31940590 	 269.94820966 	 5.34833109 	 67.18290605 	 329.27602000 	 426.10768000 	 57.24638000 	 15.38646600 	 4.74364700 	 150.23158000 	 129.63321000 	 475.43135000 	 92.66442600 	 0.00000000 	 0.00000000 	 0.82394648 	 3.41070570 	 1.84355730 	 0.98712807 	 0.00001436 	 0.00000000 	 0.33759564 	 0.04741259 	 2.61434700 	 0.00000000 	 0.00088049 	 0.00000000 	 1.55547710 	 0.03090111 	 16.01171400 	 1.42354160 	 32.23852139 	 856.06349153 	 186.24742730 	 42.52135697 	 1.43268175 	 13.26401779 	 4.80481478 	 11.14170013
1977 	 5.36118018 	 1.35127920 	 274.03015240 	 5.49532241 	 67.80696211 	 306.11158000 	 404.22830000 	 55.87524100 	 15.71703000 	 5.17825480 	 152.04264000 	 129.63647000 	 533.03250000 	 109.06413000 	 0.00000000 	 0.00000000 	 0.93269902 	 3.88260890 	 2.14208780 	 1.08529770 	 0.00000214 	 0.00000000 	 0.42456315 	 0.02218051 	 3.53239310 	 0.00000000 	 0.00088741 	 0.00000000 	 1.69235500 	 0.03271768 	 16.76257700 	 2.15834690 	 33.01002824 	 868.43130969 	 189.22553226 	 43.27485688 	 1.41206016 	 13.04144477 	 4.94111861 	 11.34579950
1978 	 5.57842281 	 1.29851510 	 276.33335446 	 5.62088489 	 68.05292116 	 278.45958000 	 383.98960000 	 72.24534900 	 15.52941700 	 5.52141660 	 153.91731000 	 130.48849000 	 529.79652000 	 112.78031000 	 0.00000000 	 0.00000000 	 1.27791300 	 4.27012120 	 2.15992380 	 1.12091570 	 -0.00006254 	 0.00000000 	 0.45249588 	 -0.05986703 	 4.66146100 	 0.00000000 	 0.00089481 	 0.00000000 	 1.76917660 	 0.03414454 	 16.89823500 	 2.82869010 	 34.21812836 	 897.40514836 	 192.93479555 	 44.24089207 	 1.47269351 	 13.38870573 	 5.10635130 	 11.63103846
1979 	 5.72726186 	 1.25155930 	 281.60006561 	 5.80270876 	 69.15022477 	 271.13342000 	 394.80033000 	 94.63462800 	 14.99123800 	 6.10206390 	 155.58904000 	 128.37989000 	 518.50501000 	 113.22088000 	 0.00000000 	 0.00000000 	 1.75956550 	 4.65136970 	 2.05794170 	 1.13280910 	 -0.00000204 	 0.00000000 	 0.42017076 	 -0.17766763 	 5.09378820 	 0.00000000 	 0.00090008 	 0.00000000 	 1.92033950 	 0.04627545 	 17.89831300 	 2.82961770 	 34.96181242 	 900.46642270 	 196.01690287 	 45.13478108 	 1.44250962 	 13.33983949 	 5.23472203 	 11.87264037
1980 	 5.64752600 	 1.24338240 	 283.34647024 	 5.86853641 	 68.81405903 	 276.09356000 	 398.43779000 	 120.23426000 	 14.76086100 	 7.23625950 	 157.04196000 	 125.08456000 	 513.02719000 	 118.29604000 	 0.00000000 	 0.00000000 	 2.03304530 	 5.11299130 	 2.15456610 	 1.15620960 	 0.00007935 	 0.00000000 	 0.35605477 	 -0.12485274 	 5.17327090 	 0.00000000 	 0.00090156 	 0.00008167 	 1.96332260 	 0.07463433 	 17.66426700 	 2.83048230 	 34.71259861 	 890.51149519 	 194.39124204 	 45.97852705 	 1.42795971 	 13.27186891 	 5.19042742 	 11.96067675
1981 	 5.53598160 	 1.25205490 	 279.78942072 	 5.80103567 	 66.71812044 	 271.00597000 	 403.07178000 	 128.45086000 	 13.92011500 	 8.63724470 	 158.51506000 	 126.52811000 	 516.86109000 	 122.37567000 	 0.00000000 	 0.00000000 	 1.96562000 	 6.00902150 	 2.48638880 	 1.17428140 	 0.00001711 	 0.00000000 	 0.32601335 	 0.11779446 	 4.42743610 	 0.00000000 	 0.00090260 	 0.00069675 	 1.73912660 	 0.09733278 	 16.18719200 	 2.95411190 	 34.06458094 	 875.78160944 	 189.16861386 	 46.37436562 	 1.36907057 	 12.79763321 	 5.20871166 	 12.07566276
1982 	 5.47393273 	 1.25738360 	 287.66931539 	 6.03851199 	 65.56108697 	 277.72577000 	 391.79861000 	 128.57689000 	 13.88545900 	 9.27483240 	 159.18065000 	 129.38621000 	 532.93449000 	 125.26367000 	 0.00000000 	 0.00000000 	 1.65733640 	 6.46934490 	 3.01312870 	 1.35241100 	 -0.00008228 	 0.00000000 	 0.33083911 	 0.22216908 	 3.55758650 	 0.00000000 	 0.00089426 	 0.00157850 	 1.62055220 	 0.10860240 	 15.97381000 	 2.95504320 	 34.10519500 	 967.42929829 	 206.88446478 	 47.66689068 	 1.64670317 	 15.96571081 	 5.26855540 	 12.30649490
1983 	 5.47974189 	 1.43215640 	 281.61765836 	 6.06126619 	 64.58077097 	 353.29433000 	 385.70972000 	 150.74703000 	 15.56484100 	 9.05703900 	 160.09109000 	 130.75989000 	 547.19948000 	 129.40550000 	 0.00000000 	 0.00000000 	 1.33787780 	 6.00340550 	 3.81981420 	 1.37877400 	 -0.00002710 	 0.00000000 	 0.33559498 	 0.09748991 	 3.80403690 	 0.00000000 	 0.00088712 	 0.00201785 	 1.84568540 	 0.13627202 	 16.38452500 	 3.20143710 	 33.23553041 	 862.02149433 	 183.83582233 	 47.64540210 	 1.29578118 	 12.02876078 	 5.32962104 	 12.43075265
1984 	 5.61560247 	 1.46034000 	 285.00304517 	 5.99186038 	 65.33858668 	 352.61795000 	 438.30954000 	 167.86607000 	 17.17769600 	 10.53760600 	 162.15076000 	 134.99340000 	 546.65240000 	 137.14097000 	 0.00000000 	 0.00000000 	 1.23917050 	 6.34123380 	 4.79872590 	 1.13295070 	 0.00008659 	 0.00000000 	 0.48356263 	 0.02741779 	 4.88053950 	 0.00000000 	 0.00089282 	 0.00430716 	 1.95418100 	 0.17274509 	 14.92739900 	 3.57068300 	 34.27371748 	 889.70201070 	 189.33352573 	 48.69349353 	 1.36217644 	 12.67542361 	 5.45284252 	 12.65085274
1985 	 5.67545611 	 1.49883560 	 285.67526972 	 5.99203852 	 65.50284680 	 321.80334000 	 487.46531000 	 191.20489000 	 18.04299200 	 12.09310700 	 164.43684000 	 138.44665000 	 559.24581000 	 148.48134000 	 0.00000000 	 0.00000000 	 1.42902660 	 7.68627140 	 5.53596520 	 1.18649160 	 0.00021607 	 0.00000000 	 0.56320674 	 0.08578755 	 5.25539330 	 0.00000000 	 0.00090213 	 0.01296604 	 1.93095100 	 0.23530336 	 13.86362400 	 3.69456570 	 34.80956164 	 906.93681995 	 190.45688567 	 49.41563613 	 1.38533252 	 12.95952790 	 5.53742947 	 12.87291208
1986 	 5.78083163 	 1.52918700 	 290.80844875 	 6.11858284 	 65.50803341 	 363.19165000 	 561.19711000 	 226.48099000 	 17.34317500 	 11.15620900 	 166.53505000 	 134.66824000 	 605.54478000 	 163.26271000 	 0.00000000 	 0.00000000 	 2.14806170 	 8.61992670 	 5.66263880 	 1.45302600 	 0.00021613 	 0.00068363 	 0.57273931 	 0.04430514 	 5.68969510 	 0.00000000 	 0.00090806 	 0.02810266 	 2.04478920 	 0.29825896 	 14.59521600 	 3.94119580 	 35.19400795 	 914.52180932 	 195.66522347 	 50.21167874 	 1.39469907 	 12.91608203 	 5.61900460 	 12.99603482
1987 	 5.93845663 	 1.51477150 	 295.04851469 	 6.34544659 	 66.75040139 	 377.17492000 	 543.59326000 	 234.71551000 	 15.98636200 	 11.17658400 	 168.70781000 	 140.05915000 	 636.85035000 	 177.25124000 	 0.00115782 	 0.00000000 	 3.26312480 	 9.16924280 	 5.24126870 	 1.73648710 	 0.00005821 	 0.00487859 	 0.79616882 	 -0.09966579 	 6.53860640 	 0.00000000 	 0.00091427 	 0.04478351 	 2.18681790 	 0.35555072 	 15.12273700 	 4.31066970 	 36.38386124 	 952.06114919 	 203.58517005 	 51.33101366 	 1.45754501 	 14.01604032 	 5.74259414 	 13.23582685
1988 	 6.12964870 	 1.51417730 	 298.68549508 	 6.18364988 	 67.31704009 	 324.40759000 	 433.01446000 	 225.34631000 	 14.05216900 	 12.06359200 	 171.54521000 	 134.89421000 	 645.54402000 	 185.32790000 	 0.34924766 	 0.00000000 	 5.26611920 	 10.09465700 	 4.70309710 	 1.77019800 	 0.02111501 	 0.06849384 	 0.88192316 	 -0.07366244 	 6.62781390 	 0.00000000 	 0.00092785 	 0.06056735 	 2.23840910 	 0.39827470 	 15.29533300 	 4.68026080 	 37.74146635 	 950.41518743 	 203.53222761 	 51.72677742 	 1.49180710 	 13.71625877 	 5.90482796 	 13.46880735
1989 	 6.20735997 	 1.53120210 	 302.16417439 	 6.25981220 	 67.34250011 	 246.46809000 	 357.76410000 	 212.83728000 	 10.11986300 	 11.29204500 	 174.22363000 	 105.50252000 	 713.52261000 	 189.56819000 	 0.72136249 	 0.00000000 	 10.73046400 	 10.90486200 	 4.38640960 	 1.67024930 	 0.31476996 	 0.67304705 	 0.82629641 	 0.05439740 	 6.65721820 	 0.00000000 	 0.00606553 	 0.07614779 	 2.20755390 	 0.44101244 	 15.21208100 	 5.04996640 	 38.08142061 	 930.84677546 	 200.31650520 	 52.06403696 	 1.37362992 	 12.76413752 	 5.94660375 	 13.56726924
1990 	 6.18306524 	 1.44422180 	 305.27255465 	 6.27242526 	 67.12354302 	 208.25652000 	 333.97703000 	 176.84560000 	 7.09050850 	 10.59120100 	 176.36773000 	 86.42653200 	 658.40311000 	 192.30881000 	 1.52032640 	 0.00000000 	 17.76805500 	 10.05133800 	 4.27415310 	 1.73732550 	 0.96053501 	 1.72086980 	 0.69729352 	 0.18589003 	 6.68384290 	 0.00000000 	 0.02696988 	 0.09176710 	 2.10769670 	 0.51217022 	 14.40786500 	 5.17431080 	 38.20020793 	 940.56263135 	 203.02123099 	 52.52170068 	 1.40495363 	 13.49128716 	 6.10331790 	 13.87408119
1991 	 6.18638268 	 1.63586890 	 318.73119205 	 6.34016752 	 66.50151314 	 159.81289000 	 286.27307000 	 120.64491000 	 6.95422280 	 10.77559100 	 177.30503000 	 85.14222600 	 474.47964000 	 185.52075000 	 6.93942230 	 0.00000000 	 22.06288000 	 9.65805280 	 4.15857490 	 1.67354620 	 1.72773400 	 2.72513130 	 0.70613627 	 0.24819351 	 7.05725660 	 0.00000000 	 0.05814159 	 0.10715402 	 1.98289700 	 0.56914776 	 12.92481500 	 5.29866000 	 39.63334567 	 1129.98388325 	 244.42863411 	 54.26130892 	 1.87052137 	 20.27194211 	 6.14101490 	 14.12299622
1992 	 6.14219128 	 1.68203790 	 299.40179547 	 6.35368817 	 64.25213616 	 106.91739000 	 227.43518000 	 74.36185200 	 5.30899840 	 10.12043900 	 179.34410000 	 85.43727900 	 361.04368000 	 194.06100000 	 22.26499000 	 0.00000000 	 24.23341600 	 10.78436200 	 3.81273920 	 1.46311070 	 2.47674850 	 4.02501160 	 1.00186370 	 0.18194194 	 7.91026150 	 0.00000000 	 0.08875591 	 0.12273589 	 1.95004440 	 0.61194046 	 11.90758800 	 5.42306360 	 38.65948303 	 913.37541860 	 198.23847301 	 52.37759099 	 1.35091635 	 12.56332941 	 6.01397264 	 14.08564748
1993 	 6.18964437 	 1.54579080 	 299.44251407 	 6.30599969 	 63.22330931 	 84.32510000 	 231.96180000 	 50.56739600 	 3.46377800 	 8.67716490 	 179.76429000 	 84.45833900 	 256.33383000 	 208.33854000 	 34.33223000 	 0.00000000 	 22.55136200 	 11.61233700 	 3.31804410 	 1.25145050 	 3.09499970 	 11.96719800 	 1.51663550 	 0.15716300 	 8.35348380 	 0.00000000 	 0.11880940 	 0.13825367 	 1.99848030 	 0.66895006 	 11.38133400 	 5.42476200 	 39.68450448 	 941.88163533 	 203.77578316 	 52.78275226 	 1.49269394 	 13.86241152 	 6.03842890 	 14.25258474
1994 	 6.23628905 	 1.50280610 	 310.25183676 	 6.43697597 	 61.84765604 	 85.89349500 	 238.58315000 	 37.56545100 	 4.60957760 	 8.16364300 	 178.03958000 	 86.05046000 	 159.08791000 	 237.88968000 	 45.28742100 	 0.00000000 	 24.42311200 	 11.30311500 	 2.96046270 	 1.19620620 	 3.55155180 	 24.55822900 	 2.32531550 	 0.20390529 	 8.73796800 	 0.00000000 	 0.14808425 	 0.15358509 	 2.14305570 	 0.76858745 	 11.00665800 	 5.54918260 	 40.21136130 	 1060.28274433 	 231.05035429 	 54.21042307 	 1.81237576 	 18.68609036 	 6.08335697 	 14.45726028
1995 	 6.37352459 	 1.48518060 	 305.40958890 	 6.49917823 	 60.66214136 	 86.26497500 	 210.72453000 	 23.47312700 	 5.70762420 	 7.67475770 	 180.13151000 	 80.48024500 	 95.78376300 	 230.34530000 	 51.09545800 	 0.00000000 	 27.59918000 	 11.01135800 	 2.89233040 	 1.08425970 	 3.87712230 	 36.21119300 	 3.43953050 	 0.29614801 	 9.31525700 	 0.00000000 	 0.17780027 	 0.16982122 	 2.38807070 	 0.83985059 	 10.68299800 	 5.67366250 	 40.39013229 	 955.03630616 	 206.47424847 	 53.41671788 	 1.63666553 	 14.99644083 	 6.17652397 	 14.71896671
1996 	 6.50743627 	 1.46930370 	 307.29120752 	 6.53729347 	 59.67621744 	 85.27874100 	 170.78176000 	 13.00530900 	 4.65222270 	 5.52421890 	 183.44400000 	 75.25603500 	 59.51433500 	 224.86947000 	 53.56836300 	 0.00000000 	 26.00128000 	 10.51099400 	 2.86542270 	 0.84755661 	 4.05791490 	 48.53829600 	 4.50145210 	 0.39044285 	 9.77070470 	 0.00000000 	 0.20547879 	 0.23841137 	 2.66384140 	 0.88273034 	 10.50574300 	 5.55270080 	 40.38991697 	 930.02188072 	 200.87242079 	 53.42127729 	 1.51252535 	 13.89060866 	 6.17381420 	 14.82358286
1997 	 6.57059261 	 2.18199187 	 331.28891976 	 6.73538013 	 59.89457410 	 86.34144600 	 160.63531000 	 10.39816400 	 3.76910620 	 3.45593890 	 180.14900000 	 75.48991200 	 29.55090700 	 240.52210000 	 55.76348100 	 0.00000000 	 29.37053600 	 9.82427680 	 2.85668520 	 0.76826308 	 4.62663270 	 58.75853700 	 5.57170230 	 0.42756200 	 9.79522590 	 0.00004959 	 0.25820595 	 0.31501343 	 2.87284370 	 0.92562382 	 10.41795800 	 5.78342590 	 41.83073042 	 1204.99230541 	 264.67515030 	 56.11803189 	 2.04433987 	 23.20101192 	 6.22544887 	 15.14037040
1998 	 6.58646898 	 1.54031197 	 315.33262120 	 6.44166695 	 58.63010969 	 86.34814100 	 156.67666000 	 12.99247700 	 3.96153460 	 2.93183620 	 176.10820000 	 72.91626300 	 23.41263600 	 234.46613000 	 55.95678100 	 0.00000000 	 28.47119600 	 10.32383700 	 2.70123900 	 0.76943857 	 6.90494690 	 70.04979200 	 6.89173970 	 0.54029666 	 10.02529000 	 0.00035835 	 0.60512272 	 0.38665542 	 2.98990690 	 0.92592158 	 10.33534800 	 5.60311070 	 42.27160091 	 1085.43059920 	 232.31801820 	 56.58934432 	 2.31614134 	 22.62635522 	 6.09608553 	 15.18592308
1999 	 6.65729525 	 1.30264117 	 309.40837085 	 6.27642077 	 55.54793358 	 82.70353800 	 140.42544000 	 14.05417500 	 3.97498530 	 3.15388420 	 168.37661000 	 72.96355000 	 18.42017300 	 252.31636000 	 58.33870700 	 0.00000000 	 25.74105100 	 10.26265800 	 2.15098550 	 0.77063120 	 8.68484450 	 91.97836300 	 7.94865020 	 0.74242070 	 10.07373000 	 0.00310815 	 1.06990130 	 0.49435229 	 2.96075050 	 0.91201618 	 10.21650500 	 5.16764630 	 40.88618512 	 940.70067799 	 205.11187816 	 54.76937230 	 1.72221137 	 15.37138536 	 5.97595075 	 15.07778597
2000 	 6.88899310 	 1.20061057 	 310.18680983 	 6.10762699 	 55.68545074 	 76.33007600 	 122.76605000 	 9.40438840 	 3.98671420 	 2.34765180 	 165.25876000 	 72.65140800 	 19.47122700 	 263.60627000 	 56.34168600 	 0.00000000 	 25.73015200 	 9.48013480 	 1.96944120 	 0.77151922 	 10.64066700 	 99.65742400 	 8.59875630 	 0.86319988 	 9.29783890 	 0.03400693 	 1.41149200 	 0.57423278 	 2.81539430 	 0.82709043 	 9.92314570 	 5.27353320 	 41.20213436 	 886.56473023 	 195.32415819 	 54.50959652 	 1.44330245 	 12.75640223 	 6.01404478 	 15.22557616
2001 	 6.95287402 	 0.96121967 	 312.89637870 	 6.18334929 	 56.07378615 	 68.27146600 	 111.64066000 	 5.95904710 	 3.27713640 	 1.16005450 	 165.59900000 	 70.65696900 	 19.80690100 	 261.60586000 	 56.36878100 	 0.00000000 	 24.49046300 	 8.83379360 	 2.32482610 	 0.74608572 	 11.07529500 	 96.24325100 	 9.85212520 	 0.94275566 	 8.98400030 	 0.80619906 	 1.65403090 	 0.63867332 	 3.04806820 	 0.71373088 	 10.59327500 	 5.32821020 	 41.31551891 	 881.67039558 	 196.18778281 	 54.70989639 	 1.45106707 	 12.39736849 	 6.14069169 	 15.48062994
2002 	 7.09364909 	 1.07000417 	 322.27883125 	 6.35476717 	 55.71198324 	 63.48480900 	 101.90454000 	 3.15136020 	 2.42055900 	 0.95011524 	 161.14055000 	 70.45667400 	 12.30271600 	 270.32175000 	 50.84317400 	 0.00000000 	 25.15609700 	 8.36859090 	 2.27975770 	 0.67660085 	 12.21447400 	 102.73275000 	 11.61758500 	 1.21078130 	 9.72089970 	 2.91706510 	 2.80378170 	 0.73327062 	 3.45343720 	 0.64294415 	 11.98216700 	 5.49764810 	 41.83634938 	 970.72441719 	 218.46041412 	 57.07665954 	 1.78813502 	 18.03120003 	 6.25833917 	 15.77704325
2003 	 7.42019228 	 0.90049627 	 328.12422420 	 6.42346446 	 57.66704296 	 62.27795500 	 97.84482800 	 5.76930160 	 1.73363370 	 0.74505988 	 158.92828000 	 69.83902400 	 10.12291700 	 287.30923000 	 44.44117200 	 0.00000000 	 25.07090900 	 8.08311540 	 2.02627720 	 0.60195554 	 15.64053900 	 117.40605000 	 13.11483200 	 1.56051200 	 11.00536900 	 5.22651800 	 4.78568970 	 0.85366012 	 3.16329000 	 0.57213452 	 12.57988200 	 5.54171940 	 42.61856435 	 944.74707861 	 214.40339143 	 57.69037488 	 1.74570156 	 18.08932734 	 6.49599603 	 16.27285401
2004 	 7.80791332 	 1.03758447 	 338.94177221 	 6.58550708 	 60.36735675 	 60.96680200 	 87.65410300 	 9.21674900 	 1.47299690 	 0.75667708 	 156.21655000 	 66.99856300 	 9.74699950 	 307.57676000 	 49.13580100 	 0.00000000 	 28.55488700 	 7.52676460 	 2.11926610 	 0.55294607 	 15.75887900 	 125.65071000 	 13.09750100 	 2.05104610 	 12.71261300 	 6.65121310 	 5.48730380 	 0.97410928 	 2.20295330 	 0.48709882 	 12.19488300 	 5.64800850 	 44.49046119 	 945.54695007 	 216.68728341 	 58.11358477 	 1.70229979 	 15.49009948 	 6.84016572 	 16.84023093
2005 	 8.08859025 	 1.02503607 	 346.39555462 	 6.68853887 	 62.61531857 	 60.33117900 	 71.95659300 	 4.62970250 	 1.81396580 	 0.58070615 	 154.12291000 	 63.19560700 	 7.54051950 	 329.52471000 	 53.95547100 	 0.00000000 	 33.44749300 	 6.94332840 	 1.89478280 	 0.46971744 	 16.14367500 	 126.49199000 	 12.43428400 	 2.36552800 	 14.62652900 	 7.07919740 	 6.36069220 	 1.08459270 	 1.94805040 	 0.41623880 	 11.06083800 	 6.27991430 	 45.55439840 	 950.59244444 	 218.78806478 	 58.88341048 	 1.72637810 	 15.31098598 	 7.11375029 	 17.41300473
2006 	 8.35307309 	 1.09198117 	 356.46968956 	 6.87042926 	 63.07403840 	 63.03720300 	 65.57527100 	 0.64506410 	 1.75103110 	 0.58710647 	 152.41471000 	 60.04808100 	 9.31904850 	 346.30497000 	 51.91159800 	 0.00000000 	 36.48980900 	 6.31184490 	 1.59023580 	 0.43579597 	 19.89106600 	 133.41048000 	 14.11851800 	 2.35315880 	 12.63984900 	 6.87540440 	 8.38624820 	 1.18525240 	 2.04542300 	 0.35955902 	 10.21735000 	 6.94091780 	 46.56963620 	 986.15100889 	 229.89543952 	 60.37974253 	 1.59251297 	 16.46891322 	 7.33313518 	 17.88623338
2007 	 8.67589117 	 0.96562687 	 355.02257554 	 6.59117412 	 62.66887456 	 64.73751300 	 61.62375500 	 4.50892030 	 1.55454930 	 0.78280059 	 147.28895000 	 57.25715400 	 9.69813040 	 357.26506000 	 49.95353200 	 0.00000000 	 37.10967900 	 5.77074370 	 1.70215540 	 0.59162888 	 26.59524600 	 127.25708000 	 16.39973800 	 2.41540530 	 9.32628910 	 6.69809950 	 8.40297450 	 1.26493760 	 1.76661580 	 0.28865777 	 9.32724150 	 6.97540730 	 48.05913961 	 945.86959444 	 219.70587066 	 60.96582609 	 1.73856508 	 15.05289185 	 7.54592901 	 18.22440614
2008 	 8.72785140 	 0.66793327 	 360.49171050 	 6.63327740 	 61.30268610 	 63.06087700 	 57.10847900 	 8.33953390 	 1.91644830 	 0.45696793 	 144.47281000 	 56.83769700 	 6.33764500 	 362.72449000 	 54.88145700 	 0.00000000 	 33.09162700 	 5.57375140 	 1.61713250 	 0.63840472 	 30.81562200 	 138.28669000 	 17.54409500 	 2.61965960 	 8.81234110 	 7.07605300 	 10.66937500 	 1.31648630 	 1.74603400 	 0.27454623 	 9.03534290 	 6.88353410 	 47.96349845 	 912.51048431 	 214.69549503 	 61.31644175 	 1.39589711 	 12.98488134 	 7.69595381 	 18.63413016
2009 	 8.57979141 	 0.75440617 	 364.20036338 	 6.70772787 	 58.74695512 	 60.06514800 	 54.78823800 	 5.78770040 	 1.67551740 	 0.38354940 	 144.24254000 	 55.35525300 	 3.76943240 	 366.55580000 	 61.50634300 	 0.00000000 	 32.08136900 	 5.25708960 	 1.72728460 	 0.47723148 	 33.92687200 	 160.10848000 	 21.14280400 	 2.96667250 	 9.93360030 	 7.85224940 	 16.22330600 	 1.43350120 	 1.79955070 	 0.26043012 	 9.68548740 	 7.15986100 	 46.41383071 	 917.72923094 	 218.75811434 	 61.37795930 	 1.34399450 	 12.82544330 	 7.76551950 	 18.94703306
2010 	 8.97010849 	 0.88457407 	 370.89625279 	 6.70332361 	 58.27504148 	 58.86009000 	 52.27120300 	 4.40703170 	 1.46441480 	 0.65896445 	 142.67450000 	 56.09086500 	 2.46147810 	 361.74691000 	 65.20953100 	 0.00000000 	 29.85179400 	 4.89755480 	 1.85116560 	 0.39655186 	 35.06951500 	 165.04400000 	 20.46088100 	 3.18270170 	 11.24760700 	 8.77787120 	 15.91452800 	 1.33755440 	 1.77421760 	 0.23210626 	 10.48947000 	 7.27590310 	 47.24778747 	 953.22863029 	 224.60211210 	 62.44447212 	 1.71252254 	 15.25121868 	 7.95260683 	 19.35931383
2011 	 9.25036125 	 0.91310127 	 372.65768318 	 6.64392842 	 58.86036522 	 62.41561500 	 52.12072200 	 4.62379380 	 2.04682870 	 0.85601742 	 140.42156000 	 57.56592700 	 3.00361580 	 366.94427000 	 67.69059200 	 0.00000000 	 28.64562800 	 4.33617730 	 2.09615300 	 0.39105944 	 43.33041800 	 190.47655000 	 22.15861400 	 3.41060400 	 12.49816500 	 9.46545780 	 20.41523300 	 1.12913450 	 1.84675550 	 0.23217956 	 11.05683700 	 7.46569280 	 48.41996272 	 906.76736751 	 218.62875398 	 62.39874927 	 1.41123567 	 12.88117775 	 8.06764090 	 19.63708152
2012 	 9.38096560 	 0.97010127 	 380.80976664 	 6.73771896 	 57.95045778 	 70.23522500 	 53.35878000 	 5.45292670 	 2.05205180 	 0.71686070 	 136.71475000 	 59.46491900 	 3.00966740 	 356.29002000 	 63.31154700 	 0.00000000 	 25.46826100 	 3.83798130 	 1.73287170 	 0.41594871 	 45.81505000 	 205.00564000 	 21.42300000 	 3.27711620 	 12.59158700 	 9.05424800 	 24.06710000 	 0.98551995 	 1.79498600 	 0.23225285 	 9.66094560 	 7.70628360 	 48.10495634 	 949.60221835 	 229.10693624 	 63.84845417 	 1.59584268 	 15.94688193 	 8.10944250 	 19.88002003
2013 	 9.65354719 	 0.91810127 	 381.59439282 	 6.84275381 	 57.43873689 	 75.74084200 	 54.81988700 	 6.51679340 	 1.94086170 	 0.61330322 	 133.39273000 	 62.51286100 	 1.83844240 	 342.89828000 	 59.81779100 	 0.00000000 	 19.46711800 	 3.57454930 	 0.96258078 	 0.44442215 	 38.88880000 	 202.01825000 	 23.80690000 	 2.99860060 	 11.60421300 	 9.78590000 	 21.45289100 	 0.87225171 	 1.63246520 	 0.23232615 	 8.30274360 	 7.68615800 	 47.43541717 	 901.23875664 	 219.38117925 	 63.65097665 	 1.36619510 	 13.10050046 	 8.19435864 	 20.14506537
2014 	 9.71333911 	 1.09510127 	 387.87353921 	 6.91095632 	 57.11833976 	 54.93650000 	 28.96120000 	 2.80240000 	 1.66960000 	 1.11489900 	 133.67910000 	 53.54750000 	 1.26250000 	 358.88130000 	 59.82000000 	 0.00000000 	 22.47000000 	 3.48100000 	 1.22990000 	 0.38540000 	 57.12430000 	 200.02490000 	 25.24870000 	 3.53930000 	 12.99100000 	 10.10250000 	 30.48580000 	 1.15160000 	 1.65170000 	 0.29970000 	 9.87350000 	 7.87840000 	 47.31462854 	 964.04761815 	 233.52551801 	 65.03685366 	 1.53862535 	 15.87606953 	 8.20575431 	 20.26975185
2015 	 9.71871445 	 0.95930182 	 388.07279566 	 6.93240000 	 50.48635466 	 43.57340000 	 14.60960000 	 0.87420000 	 1.66960000 	 1.67140000 	 133.82300000 	 47.54760000 	 0.00000000 	 358.88130000 	 59.82000000 	 0.00000000 	 22.47000000 	 3.29330000 	 1.33780000 	 0.34810000 	 78.79060000 	 201.95340000 	 32.38100000 	 3.66330000 	 14.48570000 	 11.72850000 	 38.57920000 	 1.15160000 	 1.57000000 	 0.35000000 	 10.86990000 	 8.02000000 	 47.27821681 	 934.34988468 	 227.24481932 	 65.27970313 	 1.56109958 	 14.28987364 	 8.16632400 	 20.45615058
2016 	 9.76686950 	 0.94065586 	 382.23978747 	 6.90777215 	 48.35990929 	 41.88082000 	 12.88774000 	 0.78156000 	 1.51523145 	 1.61422146 	 135.22242000 	 45.01716000 	 0.00000000 	 351.62520600 	 60.84287860 	 0.00000000 	 21.99015560 	 3.07158000 	 1.29166000 	 0.33428000 	 96.03550000 	 211.47616000 	 37.92486000 	 3.99074446 	 12.09188000 	 13.42060160 	 32.20384000 	 1.16567266 	 1.64646000 	 0.36704595 	 11.19197700 	 7.73546000 	 46.66574392 	 906.35346586 	 219.91552671 	 65.25142025 	 1.54953009 	 14.14776510 	 7.79727856 	 19.47829695
2017 	 9.81502455 	 0.92200991 	 376.40677928 	 6.88314430 	 46.23346392 	 40.18824000 	 11.16588000 	 0.68892000 	 1.36086291 	 1.55704292 	 136.62184000 	 42.48672000 	 0.00000000 	 344.36911200 	 61.86575720 	 0.00000000 	 21.51031120 	 2.84986000 	 1.24552000 	 0.32046000 	 113.28040000 	 220.99892000 	 43.46872000 	 4.31818892 	 9.69806000 	 15.11270320 	 25.82848000 	 1.17974532 	 1.72292000 	 0.38409190 	 11.51405400 	 7.45092000 	 46.05327104 	 878.35704705 	 212.58623409 	 65.22313737 	 1.53796060 	 14.00565655 	 7.42823312 	 18.50044331
2018 	 9.86317961 	 0.90336395 	 370.57377109 	 6.85851645 	 44.10701855 	 38.49566000 	 9.44402000 	 0.59628000 	 1.20649436 	 1.49986438 	 138.02126000 	 39.95628000 	 0.00000000 	 337.11301800 	 62.88863580 	 0.00000000 	 21.03046680 	 2.62814000 	 1.19938000 	 0.30664000 	 130.52530000 	 230.52168000 	 49.01258000 	 4.64563338 	 7.30424000 	 16.80480480 	 19.45312000 	 1.19381798 	 1.79938000 	 0.40113786 	 11.83613100 	 7.16638000 	 45.44079815 	 850.36062823 	 205.25694148 	 65.19485449 	 1.52639111 	 13.86354800 	 7.05918768 	 17.52258967
2019 	 9.91133466 	 0.88471800 	 364.74076290 	 6.83388860 	 41.98057318 	 36.80308000 	 7.72216000 	 0.50364000 	 1.05212582 	 1.44268584 	 139.42068000 	 37.42584000 	 0.00000000 	 329.85692400 	 63.91151440 	 0.00000000 	 20.55062240 	 2.40642000 	 1.15324000 	 0.29282000 	 147.77020000 	 240.04444000 	 54.55644000 	 4.97307784 	 4.91042000 	 18.49690640 	 13.07776000 	 1.20789064 	 1.87584000 	 0.41818381 	 12.15820800 	 6.88184000 	 44.82832527 	 822.36420941 	 197.92764887 	 65.16657160 	 1.51482162 	 13.72143946 	 6.69014224 	 16.54473603
2020 	 9.95948972 	 0.86607204 	 358.90775470 	 6.80926075 	 39.85412781 	 35.11050000 	 6.00030000 	 0.41100000 	 0.89775727 	 1.38550730 	 140.82010000 	 34.89540000 	 0.00000000 	 322.60083000 	 64.93439300 	 0.00000000 	 20.07077800 	 2.18470000 	 1.10710000 	 0.27900000 	 165.01510000 	 249.56720000 	 60.10030000 	 5.30052230 	 2.51660000 	 20.18900800 	 6.70240000 	 1.22196330 	 1.95230000 	 0.43522976 	 12.48028500 	 6.59730000 	 44.21585238 	 794.36779059 	 190.59835625 	 65.13828872 	 1.50325213 	 13.57933091 	 6.32109681 	 15.56688239
2021 	 9.57649376 	 0.78961921 	 347.31968128 	 6.66217775 	 37.69515573 	 33.87909000 	 5.50149000 	 0.37899000 	 0.83392621 	 1.34214865 	 138.08970000 	 33.28538000 	 0.00000000 	 304.67177000 	 63.84019210 	 0.00000000 	 19.22654540 	 2.06237000 	 1.07222000 	 0.26903000 	 151.84765220 	 227.73617000 	 55.28513000 	 4.85012424 	 2.27322000 	 18.56624278 	 6.05421000 	 1.11110123 	 1.80312000 	 0.40196937 	 11.64406271 	 6.24666000 	 42.42941935 	 767.57693758 	 183.21588471 	 65.11029536 	 1.47634475 	 13.32190592 	 6.00899211 	 14.99132160
2022 	 9.19349780 	 0.71316638 	 335.73160785 	 6.51509476 	 35.53618365 	 32.64768000 	 5.00268000 	 0.34698000 	 0.77009516 	 1.29879001 	 135.35930000 	 31.67536000 	 0.00000000 	 286.74271000 	 62.74599120 	 0.00000000 	 18.38231280 	 1.94004000 	 1.03734000 	 0.25906000 	 138.68020440 	 205.90514000 	 50.46996000 	 4.39972617 	 2.02984000 	 16.94347756 	 5.40602000 	 1.00023916 	 1.65394000 	 0.36870897 	 10.80784042 	 5.89602000 	 40.64298632 	 740.78608457 	 175.83341317 	 65.08230199 	 1.44943737 	 13.06448093 	 5.69688741 	 14.41576081
2023 	 8.81050185 	 0.63671355 	 324.14353443 	 6.36801176 	 33.37721156 	 31.41627000 	 4.50387000 	 0.31497000 	 0.70626410 	 1.25543136 	 132.62890000 	 30.06534000 	 0.00000000 	 268.81365000 	 61.65179030 	 0.00000000 	 17.53808020 	 1.81771000 	 1.00246000 	 0.24909000 	 125.51275660 	 184.07411000 	 45.65479000 	 3.94932811 	 1.78646000 	 15.32071234 	 4.75783000 	 0.88937709 	 1.50476000 	 0.33544858 	 9.97161813 	 5.54538000 	 38.85655328 	 713.99523156 	 168.45094163 	 65.05430863 	 1.42252999 	 12.80705594 	 5.38478272 	 13.84020002
2024 	 8.42750589 	 0.56026072 	 312.55546100 	 6.22092876 	 31.21823948 	 30.18486000 	 4.00506000 	 0.28296000 	 0.64243304 	 1.21207272 	 129.89850000 	 28.45532000 	 0.00000000 	 250.88459000 	 60.55758940 	 0.00000000 	 16.69384760 	 1.69538000 	 0.96758000 	 0.23912000 	 112.34530880 	 162.24308000 	 40.83962000 	 3.49893004 	 1.54308000 	 13.69794712 	 4.10964000 	 0.77851502 	 1.35558000 	 0.30218818 	 9.13539584 	 5.19474000 	 37.07012025 	 687.20437855 	 161.06847009 	 65.02631527 	 1.39562261 	 12.54963095 	 5.07267802 	 13.26463923
2025 	 8.04450993 	 0.48380789 	 300.96738757 	 6.07384577 	 29.05926739 	 28.95345000 	 3.50625000 	 0.25095000 	 0.57860199 	 1.16871407 	 127.16810000 	 26.84530000 	 0.00000000 	 232.95553000 	 59.46338850 	 0.00000000 	 15.84961500 	 1.57305000 	 0.93270000 	 0.22915000 	 99.17786100 	 140.41205000 	 36.02445000 	 3.04853198 	 1.29970000 	 12.07518190 	 3.46145000 	 0.66765295 	 1.20640000 	 0.26892779 	 8.29917355 	 4.84410000 	 35.28368722 	 660.41352554 	 153.68599855 	 64.99832191 	 1.36871523 	 12.29220596 	 4.76057332 	 12.68907843
2026 	 7.66151397 	 0.40735506 	 289.37931415 	 5.92676277 	 26.90029531 	 27.72204000 	 3.00744000 	 0.21894000 	 0.51477093 	 1.12535543 	 124.43770000 	 25.23528000 	 0.00000000 	 215.02647000 	 58.36918760 	 0.00000000 	 15.00538240 	 1.45072000 	 0.89782000 	 0.21918000 	 86.01041320 	 118.58102000 	 31.20928000 	 2.59813392 	 1.05632000 	 10.45241668 	 2.81326000 	 0.55679087 	 1.05722000 	 0.23566740 	 7.46295126 	 4.49346000 	 33.49725419 	 633.62267253 	 146.30352701 	 64.97032854 	 1.34180785 	 12.03478098 	 4.44846863 	 12.11351764
2027 	 7.27851801 	 0.33090223 	 277.79124072 	 5.77967977 	 24.74132323 	 26.49063000 	 2.50863000 	 0.18693000 	 0.45093987 	 1.08199678 	 121.70730000 	 23.62526000 	 0.00000000 	 197.09741000 	 57.27498670 	 0.00000000 	 14.16114980 	 1.32839000 	 0.86294000 	 0.20921000 	 72.84296540 	 96.74999000 	 26.39411000 	 2.14773585 	 0.81294000 	 8.82965146 	 2.16507000 	 0.44592880 	 0.90804000 	 0.20240700 	 6.62672897 	 4.14282000 	 31.71082115 	 606.83181952 	 138.92105547 	 64.94233518 	 1.31490047 	 11.77735599 	 4.13636393 	 11.53795685
2028 	 6.89552206 	 0.25444940 	 266.20316729 	 5.63259678 	 22.58235114 	 25.25922000 	 2.00982000 	 0.15492000 	 0.38710881 	 1.03863814 	 118.97690000 	 22.01524000 	 0.00000000 	 179.16835000 	 56.18078580 	 0.00000000 	 13.31691720 	 1.20606000 	 0.82806000 	 0.19924000 	 59.67551760 	 74.91896000 	 21.57894000 	 1.69733779 	 0.56956000 	 7.20688624 	 1.51688000 	 0.33506673 	 0.75886000 	 0.16914661 	 5.79050668 	 3.79218000 	 29.92438812 	 580.04096651 	 131.53858392 	 64.91434182 	 1.28799310 	 11.51993100 	 3.82425924 	 10.96239606
2029 	 6.51252610 	 0.17799657 	 254.61509387 	 5.48551378 	 20.42337906 	 24.02781000 	 1.51101000 	 0.12291000 	 0.32327776 	 0.99527949 	 116.24650000 	 20.40522000 	 0.00000000 	 161.23929000 	 55.08658490 	 0.00000000 	 12.47268460 	 1.08373000 	 0.79318000 	 0.18927000 	 46.50806980 	 53.08793000 	 16.76377000 	 1.24693972 	 0.32618000 	 5.58412102 	 0.86869000 	 0.22420466 	 0.60968000 	 0.13588621 	 4.95428439 	 3.44154000 	 28.13795509 	 553.25011350 	 124.15611238 	 64.88634846 	 1.26108572 	 11.26250601 	 3.51215454 	 10.38683527
2030 	 6.12953014 	 0.10154374 	 243.02702044 	 5.33843078 	 18.26440697 	 22.79640000 	 1.01220000 	 0.09090000 	 0.25944670 	 0.95192085 	 113.51610000 	 18.79520000 	 0.00000000 	 143.31023000 	 53.99238400 	 0.00000000 	 11.62845200 	 0.96140000 	 0.75830000 	 0.17930000 	 33.34062200 	 31.25690000 	 11.94860000 	 0.79654166 	 0.08280000 	 3.96135580 	 0.22050000 	 0.11334259 	 0.46050000 	 0.10262582 	 4.11806210 	 3.09090000 	 26.35152206 	 526.45926049 	 116.77364084 	 64.85835509 	 1.23417834 	 11.00508102 	 3.20004984 	 9.81127448
2031 	 5.76452550 	 0.12912524 	 238.78560459 	 5.33733779 	 17.62145849 	 21.99688000 	 0.92805000 	 0.08382000 	 0.24100761 	 0.92217113 	 113.19050000 	 17.92802000 	 0.00000000 	 131.00808400 	 51.76980000 	 0.00000000 	 10.82562094 	 0.90757000 	 0.73440000 	 0.17290000 	 31.83041780 	 29.52312000 	 11.43154000 	 0.75368602 	 0.07682000 	 3.79240023 	 0.20458000 	 0.10617118 	 0.44271000 	 0.09866521 	 4.02317297 	 3.05227000 	 25.67500224 	 525.37449591 	 116.10716371 	 64.89423802 	 1.24633559 	 11.14574993 	 3.09903573 	 9.65312168
2032 	 5.39952086 	 0.15670673 	 234.54418874 	 5.33624480 	 16.97851001 	 21.19736000 	 0.84390000 	 0.07674000 	 0.22256852 	 0.89242140 	 112.86490000 	 17.06084000 	 0.00000000 	 118.70593800 	 49.54721600 	 0.00000000 	 10.02278988 	 0.85374000 	 0.71050000 	 0.16650000 	 30.32021360 	 27.78934000 	 10.91448000 	 0.71083037 	 0.07084000 	 3.62344466 	 0.18866000 	 0.09899978 	 0.42492000 	 0.09470459 	 3.92828384 	 3.01364000 	 24.99848241 	 524.28973133 	 115.44068658 	 64.93012094 	 1.25849285 	 11.28641883 	 2.99802162 	 9.49496888
2033 	 5.03451622 	 0.18428822 	 230.30277289 	 5.33515180 	 16.33556153 	 20.39784000 	 0.75975000 	 0.06966000 	 0.20412944 	 0.86267168 	 112.53930000 	 16.19366000 	 0.00000000 	 106.40379200 	 47.32463200 	 0.00000000 	 9.21995882 	 0.79991000 	 0.68660000 	 0.16010000 	 28.81000940 	 26.05556000 	 10.39742000 	 0.66797473 	 0.06486000 	 3.45448909 	 0.17274000 	 0.09182837 	 0.40713000 	 0.09074398 	 3.83339471 	 2.97501000 	 24.32196259 	 523.20496675 	 114.77420946 	 64.96600387 	 1.27065011 	 11.42708774 	 2.89700751 	 9.33681608
2034 	 4.66951158 	 0.21186972 	 226.06135704 	 5.33405881 	 15.69261305 	 19.59832000 	 0.67560000 	 0.06258000 	 0.18569035 	 0.83292195 	 112.21370000 	 15.32648000 	 0.00000000 	 94.10164600 	 45.10204800 	 0.00000000 	 8.41712776 	 0.74608000 	 0.66270000 	 0.15370000 	 27.29980520 	 24.32178000 	 9.88036000 	 0.62511908 	 0.05888000 	 3.28553352 	 0.15682000 	 0.08465697 	 0.38934000 	 0.08678337 	 3.73850558 	 2.93638000 	 23.64544277 	 522.12020217 	 114.10773233 	 65.00188679 	 1.28280737 	 11.56775664 	 2.79599339 	 9.17866329
2035 	 4.30450694 	 0.23945121 	 221.81994119 	 5.33296582 	 15.04966457 	 18.79880000 	 0.59145000 	 0.05550000 	 0.16725126 	 0.80317223 	 111.88810000 	 14.45930000 	 0.00000000 	 81.79950000 	 42.87946400 	 0.00000000 	 7.61429670 	 0.69225000 	 0.63880000 	 0.14730000 	 25.78960100 	 22.58800000 	 9.36330000 	 0.58226344 	 0.05290000 	 3.11657795 	 0.14090000 	 0.07748556 	 0.37155000 	 0.08282276 	 3.64361645 	 2.89775000 	 22.96892295 	 521.03543759 	 113.44125520 	 65.03776971 	 1.29496463 	 11.70842555 	 2.69497928 	 9.02051049
2036 	 3.93950230 	 0.26703270 	 217.57852533 	 5.33187282 	 14.40671609 	 17.99928000 	 0.50730000 	 0.04842000 	 0.14881217 	 0.77342251 	 111.56250000 	 13.59212000 	 0.00000000 	 69.49735400 	 40.65688000 	 0.00000000 	 6.81146564 	 0.63842000 	 0.61490000 	 0.14090000 	 24.27939680 	 20.85422000 	 8.84624000 	 0.53940779 	 0.04692000 	 2.94762238 	 0.12498000 	 0.07031416 	 0.35376000 	 0.07886214 	 3.54872732 	 2.85912000 	 22.29240313 	 519.95067302 	 112.77477807 	 65.07365264 	 1.30712188 	 11.84909446 	 2.59396517 	 8.86235769
2037 	 3.57449766 	 0.29461419 	 213.33710948 	 5.33077983 	 13.76376760 	 17.19976000 	 0.42315000 	 0.04134000 	 0.13037309 	 0.74367278 	 111.23690000 	 12.72494000 	 0.00000000 	 57.19520800 	 38.43429600 	 0.00000000 	 6.00863458 	 0.58459000 	 0.59100000 	 0.13450000 	 22.76919260 	 19.12044000 	 8.32918000 	 0.49655214 	 0.04094000 	 2.77866681 	 0.10906000 	 0.06314275 	 0.33597000 	 0.07490153 	 3.45383819 	 2.82049000 	 21.61588331 	 518.86590844 	 112.10830094 	 65.10953556 	 1.31927914 	 11.98976336 	 2.49295105 	 8.70420489
2038 	 3.20949301 	 0.32219569 	 209.09569363 	 5.32968684 	 13.12081912 	 16.40024000 	 0.33900000 	 0.03426000 	 0.11193400 	 0.71392306 	 110.91130000 	 11.85776000 	 0.00000000 	 44.89306200 	 36.21171200 	 0.00000000 	 5.20580352 	 0.53076000 	 0.56710000 	 0.12810000 	 21.25898840 	 17.38666000 	 7.81212000 	 0.45369650 	 0.03496000 	 2.60971124 	 0.09314000 	 0.05597135 	 0.31818000 	 0.07094092 	 3.35894906 	 2.78186000 	 20.93936349 	 517.78114386 	 111.44182381 	 65.14541848 	 1.33143640 	 12.13043227 	 2.39193694 	 8.54605210
2039 	 2.84448837 	 0.34977718 	 204.85427778 	 5.32859384 	 12.47787064 	 15.60072000 	 0.25485000 	 0.02718000 	 0.09349491 	 0.68417333 	 110.58570000 	 10.99058000 	 0.00000000 	 32.59091600 	 33.98912800 	 0.00000000 	 4.40297246 	 0.47693000 	 0.54320000 	 0.12170000 	 19.74878420 	 15.65288000 	 7.29506000 	 0.41084086 	 0.02898000 	 2.44075567 	 0.07722000 	 0.04879994 	 0.30039000 	 0.06698031 	 3.26405993 	 2.74323000 	 20.26284367 	 516.69637928 	 110.77534668 	 65.18130141 	 1.34359366 	 12.27110117 	 2.29092283 	 8.38789930
2040 	 2.47948373 	 0.37735867 	 200.61286193 	 5.32750085 	 11.83492216 	 14.80120000 	 0.17070000 	 0.02010000 	 0.07505582 	 0.65442361 	 110.26010000 	 10.12340000 	 0.00000000 	 20.28877000 	 31.76654400 	 0.00000000 	 3.60014140 	 0.42310000 	 0.51930000 	 0.11530000 	 18.23858000 	 13.91910000 	 6.77800000 	 0.36798521 	 0.02300000 	 2.27180010 	 0.06130000 	 0.04162854 	 0.28260000 	 0.06301969 	 3.16917080 	 2.70460000 	 19.58632385 	 515.61161470 	 110.10886956 	 65.21718433 	 1.35575091 	 12.41177008 	 2.18990872 	 8.22974650
2041 	 2.30968398 	 0.31739314 	 197.57126193 	 5.30823078 	 11.73501139 	 14.28209000 	 0.15651000 	 0.01853000 	 0.06972350 	 0.63395749 	 110.04614000 	 9.65632000 	 0.00000000 	 18.44822429 	 30.40613220 	 0.00000000 	 3.34120265 	 0.39941000 	 0.50294000 	 0.11118000 	 18.48351080 	 14.00241000 	 6.88430000 	 0.36958045 	 0.02188000 	 2.31540641 	 0.05831000 	 0.04135838 	 0.27091000 	 0.06041576 	 3.08233160 	 2.65612000 	 19.11890185 	 508.70148913 	 108.40584693 	 65.16868015 	 1.33309246 	 12.16772094 	 2.13775400 	 8.14885226
2042 	 2.13988422 	 0.25742760 	 194.52966192 	 5.28896072 	 11.63510063 	 13.76298000 	 0.14232000 	 0.01696000 	 0.06439118 	 0.61349136 	 109.83218000 	 9.18924000 	 0.00000000 	 16.60767858 	 29.04572040 	 0.00000000 	 3.08226390 	 0.37572000 	 0.48658000 	 0.10706000 	 18.72844160 	 14.08572000 	 6.99060000 	 0.37117570 	 0.02076000 	 2.35901272 	 0.05532000 	 0.04108822 	 0.25922000 	 0.05781182 	 2.99549240 	 2.60764000 	 18.65147985 	 501.79136355 	 106.70282431 	 65.12017597 	 1.31043400 	 11.92367179 	 2.08559928 	 8.06795801
2043 	 1.97008447 	 0.19746207 	 191.48806192 	 5.26969065 	 11.53518986 	 13.24387000 	 0.12813000 	 0.01539000 	 0.05905885 	 0.59302524 	 109.61822000 	 8.72216000 	 0.00000000 	 14.76713287 	 27.68530860 	 0.00000000 	 2.82332515 	 0.35203000 	 0.47022000 	 0.10294000 	 18.97337240 	 14.16903000 	 7.09690000 	 0.37277094 	 0.01964000 	 2.40261903 	 0.05233000 	 0.04081807 	 0.24753000 	 0.05520788 	 2.90865320 	 2.55916000 	 18.18405785 	 494.88123798 	 104.99980169 	 65.07167179 	 1.28777555 	 11.67962265 	 2.03344457 	 7.98706377
2044 	 1.80028471 	 0.13749653 	 188.44646191 	 5.25042058 	 11.43527910 	 12.72476000 	 0.11394000 	 0.01382000 	 0.05372653 	 0.57255912 	 109.40426000 	 8.25508000 	 0.00000000 	 12.92658716 	 26.32489680 	 0.00000000 	 2.56438640 	 0.32834000 	 0.45386000 	 0.09882000 	 19.21830320 	 14.25234000 	 7.20320000 	 0.37436618 	 0.01852000 	 2.44622534 	 0.04934000 	 0.04054791 	 0.23584000 	 0.05260394 	 2.82181400 	 2.51068000 	 17.71663584 	 487.97111240 	 103.29677906 	 65.02316761 	 1.26511709 	 11.43557350 	 1.98128985 	 7.90616952
2045 	 1.63048496 	 0.07753100 	 185.40486191 	 5.23115052 	 11.33536833 	 12.20565000 	 0.09975000 	 0.01225000 	 0.04839420 	 0.55209300 	 109.19030000 	 7.78800000 	 0.00000000 	 11.08604145 	 24.96448500 	 0.00000000 	 2.30544765 	 0.30465000 	 0.43750000 	 0.09470000 	 19.46323400 	 14.33565000 	 7.30950000 	 0.37596142 	 0.01740000 	 2.48983165 	 0.04635000 	 0.04027776 	 0.22415000 	 0.05000000 	 2.73497480 	 2.46220000 	 17.24921384 	 481.06098683 	 101.59375644 	 64.97466343 	 1.24245864 	 11.19152436 	 1.92913513 	 7.82527528
2046 	 1.46068521 	 0.01756547 	 182.36326190 	 5.21188045 	 11.23545756 	 11.68654000 	 0.08556000 	 0.01068000 	 0.04306188 	 0.53162687 	 108.97634000 	 7.32092000 	 0.00000000 	 9.24549574 	 23.60407320 	 0.00000000 	 2.04650890 	 0.28096000 	 0.42114000 	 0.09058000 	 19.70816480 	 14.41896000 	 7.41580000 	 0.37755667 	 0.01628000 	 2.53343796 	 0.04336000 	 0.04000760 	 0.21246000 	 0.04739606 	 2.64813560 	 2.41372000 	 16.78179184 	 474.15086125 	 99.89073382 	 64.92615925 	 1.21980018 	 10.94747521 	 1.87698042 	 7.74438104
2047 	 1.29088545 	 -0.04240007 	 179.32166190 	 5.19261038 	 11.13554680 	 11.16743000 	 0.07137000 	 0.00911000 	 0.03772955 	 0.51116075 	 108.76238000 	 6.85384000 	 0.00000000 	 7.40495003 	 22.24366140 	 0.00000000 	 1.78757015 	 0.25727000 	 0.40478000 	 0.08646000 	 19.95309560 	 14.50227000 	 7.52210000 	 0.37915191 	 0.01516000 	 2.57704427 	 0.04037000 	 0.03973745 	 0.20077000 	 0.04479212 	 2.56129640 	 2.36524000 	 16.31436983 	 467.24073567 	 98.18771120 	 64.87765507 	 1.19714172 	 10.70342607 	 1.82482570 	 7.66348679
2048 	 1.12108570 	 -0.10236560 	 176.28006190 	 5.17334032 	 11.03563603 	 10.64832000 	 0.05718000 	 0.00754000 	 0.03239723 	 0.49069463 	 108.54842000 	 6.38676000 	 0.00000000 	 5.56440432 	 20.88324960 	 0.00000000 	 1.52863140 	 0.23358000 	 0.38842000 	 0.08234000 	 20.19802640 	 14.58558000 	 7.62840000 	 0.38074715 	 0.01404000 	 2.62065058 	 0.03738000 	 0.03946729 	 0.18908000 	 0.04218818 	 2.47445720 	 2.31676000 	 15.84694783 	 460.33061010 	 96.48468857 	 64.82915089 	 1.17448327 	 10.45937692 	 1.77267098 	 7.58259255
2049 	 0.95128594 	 -0.16233114 	 173.23846189 	 5.15407025 	 10.93572526 	 10.12921000 	 0.04299000 	 0.00597000 	 0.02706491 	 0.47022850 	 108.33446000 	 5.91968000 	 0.00000000 	 3.72385861 	 19.52283780 	 0.00000000 	 1.26969265 	 0.20989000 	 0.37206000 	 0.07822000 	 20.44295720 	 14.66889000 	 7.73470000 	 0.38234240 	 0.01292000 	 2.66425689 	 0.03439000 	 0.03919713 	 0.17739000 	 0.03958424 	 2.38761800 	 2.26828000 	 15.37952583 	 453.42048452 	 94.78166595 	 64.78064671 	 1.15182481 	 10.21532778 	 1.72051627 	 7.50169830
2050 	 0.78148619 	 -0.22229667 	 170.19686189 	 5.13480019 	 10.83581450 	 9.61010000 	 0.02880000 	 0.00440000 	 0.02173258 	 0.44976238 	 108.12050000 	 5.45260000 	 0.00000000 	 1.88331290 	 18.16242600 	 0.00000000 	 1.01075390 	 0.18620000 	 0.35570000 	 0.07410000 	 20.68788800 	 14.75220000 	 7.84100000 	 0.38393764 	 0.01180000 	 2.70786320 	 0.03140000 	 0.03892698 	 0.16570000 	 0.03698031 	 2.30077880 	 2.21980000 	 14.91210383 	 446.51035895 	 93.07864333 	 64.73214252 	 1.12916636 	 9.97127864 	 1.66836155 	 7.42080406
2051 	 0.70237039 	 -0.24071742 	 168.93306542 	 5.12640668 	 10.78779760 	 9.27305000 	 0.02641000 	 0.00406000 	 0.02018666 	 0.43569632 	 108.00263000 	 5.20103000 	 0.00000000 	 1.71246606 	 17.38460940 	 0.00000000 	 0.93805614 	 0.17577000 	 0.34449000 	 0.07145000 	 20.85066320 	 14.79238000 	 7.90757000 	 0.38171869 	 0.01125000 	 2.74131772 	 0.02994000 	 0.03865682 	 0.15926000 	 0.03553610 	 2.25611921 	 2.19113000 	 14.77294538 	 443.41291889 	 92.15430194 	 64.66919320 	 1.12495113 	 9.90410264 	 1.64470742 	 7.37076335
2052 	 0.62325460 	 -0.25913817 	 167.66926896 	 5.11801316 	 10.73978070 	 8.93600000 	 0.02402000 	 0.00372000 	 0.01864073 	 0.42163025 	 107.88476000 	 4.94946000 	 0.00000000 	 1.54161921 	 16.60679280 	 0.00000000 	 0.86535839 	 0.16534000 	 0.33328000 	 0.06880000 	 21.01343840 	 14.83256000 	 7.97414000 	 0.37949975 	 0.01070000 	 2.77477224 	 0.02848000 	 0.03838667 	 0.15282000 	 0.03409190 	 2.21145962 	 2.16246000 	 14.63378694 	 440.31547883 	 91.22996055 	 64.60624388 	 1.12073591 	 9.83692665 	 1.62105329 	 7.32072264
2053 	 0.54413880 	 -0.27755891 	 166.40547249 	 5.10961965 	 10.69176380 	 8.59895000 	 0.02163000 	 0.00338000 	 0.01709480 	 0.40756419 	 107.76689000 	 4.69789000 	 0.00000000 	 1.37077237 	 15.82897620 	 0.00000000 	 0.79266063 	 0.15491000 	 0.32207000 	 0.06615000 	 21.17621360 	 14.87274000 	 8.04071000 	 0.37728080 	 0.01015000 	 2.80822676 	 0.02702000 	 0.03811651 	 0.14638000 	 0.03264770 	 2.16680003 	 2.13379000 	 14.49462849 	 437.21803877 	 90.30561915 	 64.54329456 	 1.11652068 	 9.76975066 	 1.59739916 	 7.27068193
2054 	 0.46502301 	 -0.29597966 	 165.14167602 	 5.10122614 	 10.64374690 	 8.26190000 	 0.01924000 	 0.00304000 	 0.01554888 	 0.39349813 	 107.64902000 	 4.44632000 	 0.00000000 	 1.19992552 	 15.05115960 	 0.00000000 	 0.71996287 	 0.14448000 	 0.31086000 	 0.06350000 	 21.33898880 	 14.91292000 	 8.10728000 	 0.37506186 	 0.00960000 	 2.84168128 	 0.02556000 	 0.03784636 	 0.13994000 	 0.03120350 	 2.12214044 	 2.10512000 	 14.35547005 	 434.12059871 	 89.38127776 	 64.48034524 	 1.11230545 	 9.70257467 	 1.57374503 	 7.22064122
2055 	 0.38590721 	 -0.31440041 	 163.87787956 	 5.09283263 	 10.59573000 	 7.92485000 	 0.01685000 	 0.00270000 	 0.01400295 	 0.37943206 	 107.53115000 	 4.19475000 	 0.00000000 	 1.02907868 	 14.27334300 	 0.00000000 	 0.64726512 	 0.13405000 	 0.29965000 	 0.06085000 	 21.50176400 	 14.95310000 	 8.17385000 	 0.37284291 	 0.00905000 	 2.87513580 	 0.02410000 	 0.03757620 	 0.13350000 	 0.02975930 	 2.07748085 	 2.07645000 	 14.21631160 	 431.02315864 	 88.45693637 	 64.41739592 	 1.10809023 	 9.63539868 	 1.55009090 	 7.17060051
2056 	 0.30679142 	 -0.33282116 	 162.61408309 	 5.08443912 	 10.54771310 	 7.58780000 	 0.01446000 	 0.00236000 	 0.01245703 	 0.36536600 	 107.41328000 	 3.94318000 	 0.00000000 	 0.85823184 	 13.49552640 	 0.00000000 	 0.57456736 	 0.12362000 	 0.28844000 	 0.05820000 	 21.66453920 	 14.99328000 	 8.24042000 	 0.37062396 	 0.00850000 	 2.90859032 	 0.02264000 	 0.03730604 	 0.12706000 	 0.02831510 	 2.03282126 	 2.04778000 	 14.07715316 	 427.92571858 	 87.53259498 	 64.35444660 	 1.10387500 	 9.56822268 	 1.52643677 	 7.12055980
2057 	 0.22767563 	 -0.35124190 	 161.35028663 	 5.07604561 	 10.49969620 	 7.25075000 	 0.01207000 	 0.00202000 	 0.01091110 	 0.35129994 	 107.29541000 	 3.69161000 	 0.00000000 	 0.68738499 	 12.71770980 	 0.00000000 	 0.50186960 	 0.11319000 	 0.27723000 	 0.05555000 	 21.82731440 	 15.03346000 	 8.30699000 	 0.36840502 	 0.00795000 	 2.94204484 	 0.02118000 	 0.03703589 	 0.12062000 	 0.02687090 	 1.98816167 	 2.01911000 	 13.93799471 	 424.82827852 	 86.60825359 	 64.29149728 	 1.09965978 	 9.50104669 	 1.50278265 	 7.07051909
2058 	 0.14855983 	 -0.36966265 	 160.08649016 	 5.06765210 	 10.45167930 	 6.91370000 	 0.00968000 	 0.00168000 	 0.00936517 	 0.33723388 	 107.17754000 	 3.44004000 	 0.00000000 	 0.51653815 	 11.93989320 	 0.00000000 	 0.42917184 	 0.10276000 	 0.26602000 	 0.05290000 	 21.99008960 	 15.07364000 	 8.37356000 	 0.36618607 	 0.00740000 	 2.97549936 	 0.01972000 	 0.03676573 	 0.11418000 	 0.02542670 	 1.94350208 	 1.99044000 	 13.79883627 	 421.73083846 	 85.68391220 	 64.22854796 	 1.09544455 	 9.43387070 	 1.47912852 	 7.02047838
2059 	 0.06944404 	 -0.38808340 	 158.82269370 	 5.05925859 	 10.40366240 	 6.57665000 	 0.00729000 	 0.00134000 	 0.00781925 	 0.32316781 	 107.05967000 	 3.18847000 	 0.00000000 	 0.34569130 	 11.16207660 	 0.00000000 	 0.35647409 	 0.09233000 	 0.25481000 	 0.05025000 	 22.15286480 	 15.11382000 	 8.44013000 	 0.36396713 	 0.00685000 	 3.00895388 	 0.01826000 	 0.03649558 	 0.10774000 	 0.02398249 	 1.89884249 	 1.96177000 	 13.65967782 	 418.63339840 	 84.75957081 	 64.16559864 	 1.09122932 	 9.36669471 	 1.45547439 	 6.97043767
2060 	 -0.00967176 	 -0.40650415 	 157.55889723 	 5.05086508 	 10.35564550 	 6.23960000 	 0.00490000 	 0.00100000 	 0.00627332 	 0.30910175 	 106.94180000 	 2.93690000 	 0.00000000 	 0.17484446 	 10.38426000 	 0.00000000 	 0.28377633 	 0.08190000 	 0.24360000 	 0.04760000 	 22.31564000 	 15.15400000 	 8.50670000 	 0.36174818 	 0.00630000 	 3.04240840 	 0.01680000 	 0.03622542 	 0.10130000 	 0.02253829 	 1.85418290 	 1.93310000 	 13.52051937 	 415.53595834 	 83.83522942 	 64.10264931 	 1.08701410 	 9.29951872 	 1.43182026 	 6.92039696
2061 	 -0.08083253 	 -0.41582497 	 156.44897786 	 5.05191702 	 10.24224037 	 6.02076000 	 0.00449000 	 0.00092000 	 0.00582523 	 0.29943133 	 106.87701000 	 2.80139000 	 0.00000000 	 0.15898533 	 9.93955833 	 0.00000000 	 0.26336177 	 0.07732000 	 0.23592000 	 0.04590000 	 22.48857290 	 15.24520000 	 8.58795000 	 0.36010496 	 0.00600000 	 3.07806373 	 0.01600000 	 0.03610262 	 0.09776000 	 0.02175055 	 1.83071312 	 1.90590000 	 13.46293851 	 413.60473108 	 82.97654152 	 64.07984602 	 1.08497646 	 9.27236151 	 1.41900413 	 6.88245750
2062 	 -0.15199330 	 -0.42514579 	 155.33905849 	 5.05296897 	 10.12883523 	 5.80192000 	 0.00408000 	 0.00084000 	 0.00537713 	 0.28976091 	 106.81222000 	 2.66588000 	 0.00000000 	 0.14312620 	 9.49485666 	 0.00000000 	 0.24294720 	 0.07274000 	 0.22824000 	 0.04420000 	 22.66150580 	 15.33640000 	 8.66920000 	 0.35846174 	 0.00570000 	 3.11371906 	 0.01520000 	 0.03597983 	 0.09422000 	 0.02096280 	 1.80724334 	 1.87870000 	 13.40535764 	 411.67350383 	 82.11785362 	 64.05704273 	 1.08293882 	 9.24520431 	 1.40618800 	 6.84451804
2063 	 -0.22315408 	 -0.43446661 	 154.22913911 	 5.05402091 	 10.01543010 	 5.58308000 	 0.00367000 	 0.00076000 	 0.00492904 	 0.28009049 	 106.74743000 	 2.53037000 	 0.00000000 	 0.12726707 	 9.05015499 	 0.00000000 	 0.22253264 	 0.06816000 	 0.22056000 	 0.04250000 	 22.83443870 	 15.42760000 	 8.75045000 	 0.35681852 	 0.00540000 	 3.14937439 	 0.01440000 	 0.03585703 	 0.09068000 	 0.02017505 	 1.78377356 	 1.85150000 	 13.34777677 	 409.74227657 	 81.25916572 	 64.03423944 	 1.08090118 	 9.21804711 	 1.39337187 	 6.80657858
2064 	 -0.29431485 	 -0.44378744 	 153.11921974 	 5.05507285 	 9.90202497 	 5.36424000 	 0.00326000 	 0.00068000 	 0.00448094 	 0.27042007 	 106.68264000 	 2.39486000 	 0.00000000 	 0.11140793 	 8.60545332 	 0.00000000 	 0.20211808 	 0.06358000 	 0.21288000 	 0.04080000 	 23.00737160 	 15.51880000 	 8.83170000 	 0.35517530 	 0.00510000 	 3.18502972 	 0.01360000 	 0.03573423 	 0.08714000 	 0.01938731 	 1.76030378 	 1.82430000 	 13.29019591 	 407.81104931 	 80.40047782 	 64.01143615 	 1.07886354 	 9.19088990 	 1.38055574 	 6.76863912
2065 	 -0.36547562 	 -0.45310826 	 152.00930037 	 5.05612479 	 9.78861984 	 5.14540000 	 0.00285000 	 0.00060000 	 0.00403285 	 0.26074965 	 106.61785000 	 2.25935000 	 0.00000000 	 0.09554880 	 8.16075165 	 0.00000000 	 0.18170351 	 0.05900000 	 0.20520000 	 0.03910000 	 23.18030450 	 15.61000000 	 8.91295000 	 0.35353208 	 0.00480000 	 3.22068505 	 0.01280000 	 0.03561143 	 0.08360000 	 0.01859956 	 1.73683400 	 1.79710000 	 13.23261504 	 405.87982205 	 79.54178992 	 63.98863286 	 1.07682590 	 9.16373270 	 1.36773961 	 6.73069965
2066 	 -0.43663640 	 -0.46242908 	 150.89938100 	 5.05717673 	 9.67521471 	 4.92656000 	 0.00244000 	 0.00052000 	 0.00358476 	 0.25107924 	 106.55306000 	 2.12384000 	 0.00000000 	 0.07968967 	 7.71604998 	 0.00000000 	 0.16128895 	 0.05442000 	 0.19752000 	 0.03740000 	 23.35323740 	 15.70120000 	 8.99420000 	 0.35188886 	 0.00450000 	 3.25634038 	 0.01200000 	 0.03548863 	 0.08006000 	 0.01781182 	 1.71336422 	 1.76990000 	 13.17503417 	 403.94859480 	 78.68310203 	 63.96582957 	 1.07478826 	 9.13657550 	 1.35492348 	 6.69276019
2067 	 -0.50779717 	 -0.47174990 	 149.78946162 	 5.05822868 	 9.56180958 	 4.70772000 	 0.00203000 	 0.00044000 	 0.00313666 	 0.24140882 	 106.48827000 	 1.98833000 	 0.00000000 	 0.06383054 	 7.27134831 	 0.00000000 	 0.14087439 	 0.04984000 	 0.18984000 	 0.03570000 	 23.52617030 	 15.79240000 	 9.07545000 	 0.35024564 	 0.00420000 	 3.29199571 	 0.01120000 	 0.03536584 	 0.07652000 	 0.01702407 	 1.68989444 	 1.74270000 	 13.11745330 	 402.01736754 	 77.82441413 	 63.94302627 	 1.07275062 	 9.10941830 	 1.34210735 	 6.65482073
2068 	 -0.57895794 	 -0.48107073 	 148.67954225 	 5.05928062 	 9.44840445 	 4.48888000 	 0.00162000 	 0.00036000 	 0.00268857 	 0.23173840 	 106.42348000 	 1.85282000 	 0.00000000 	 0.04797141 	 6.82664664 	 0.00000000 	 0.12045982 	 0.04526000 	 0.18216000 	 0.03400000 	 23.69910320 	 15.88360000 	 9.15670000 	 0.34860242 	 0.00390000 	 3.32765104 	 0.01040000 	 0.03524304 	 0.07298000 	 0.01623632 	 1.66642466 	 1.71550000 	 13.05987244 	 400.08614028 	 76.96572623 	 63.92022298 	 1.07071298 	 9.08226109 	 1.32929122 	 6.61688127
2069 	 -0.65011871 	 -0.49039155 	 147.56962288 	 5.06033256 	 9.33499932 	 4.27004000 	 0.00121000 	 0.00028000 	 0.00224047 	 0.22206798 	 106.35869000 	 1.71731000 	 0.00000000 	 0.03211228 	 6.38194497 	 0.00000000 	 0.10004526 	 0.04068000 	 0.17448000 	 0.03230000 	 23.87203610 	 15.97480000 	 9.23795000 	 0.34695920 	 0.00360000 	 3.36330637 	 0.00960000 	 0.03512024 	 0.06944000 	 0.01544858 	 1.64295488 	 1.68830000 	 13.00229157 	 398.15491303 	 76.10703833 	 63.89741969 	 1.06867534 	 9.05510389 	 1.31647509 	 6.57894181
2070 	 -0.72127949 	 -0.49971237 	 146.45970351 	 5.06138450 	 9.22159419 	 4.05120000 	 0.00080000 	 0.00020000 	 0.00179238 	 0.21239756 	 106.29390000 	 1.58180000 	 0.00000000 	 0.01625315 	 5.93724330 	 0.00000000 	 0.07963070 	 0.03610000 	 0.16680000 	 0.03060000 	 24.04496900 	 16.06600000 	 9.31920000 	 0.34531598 	 0.00330000 	 3.39896170 	 0.00880000 	 0.03499744 	 0.06590000 	 0.01466083 	 1.61948510 	 1.66110000 	 12.94471070 	 396.22368577 	 75.24835043 	 63.87461640 	 1.06663770 	 9.02794669 	 1.30365896 	 6.54100235
2071 	 -0.79060979 	 -0.50761331 	 145.03847288 	 5.06270562 	 9.07619176 	 3.90912000 	 0.00073000 	 0.00018000 	 0.00165795 	 0.20575135 	 106.25564000 	 1.50882000 	 0.00000000 	 0.01477559 	 5.68298413 	 0.00000000 	 0.07390775 	 0.03408000 	 0.16155000 	 0.02951000 	 24.19276350 	 16.20012000 	 9.38695000 	 0.34426048 	 0.00314000 	 3.43151000 	 0.00837000 	 0.03498516 	 0.06381000 	 0.01420131 	 1.60008528 	 1.63254000 	 12.87553673 	 394.00682079 	 74.36779354 	 63.84864504 	 1.05911561 	 8.94929697 	 1.29852295 	 6.51595874
2072 	 -0.85994010 	 -0.51551425 	 143.61724226 	 5.06402673 	 8.93078933 	 3.76704000 	 0.00066000 	 0.00016000 	 0.00152352 	 0.19910513 	 106.21738000 	 1.43584000 	 0.00000000 	 0.01329803 	 5.42872496 	 0.00000000 	 0.06818481 	 0.03206000 	 0.15630000 	 0.02842000 	 24.34055800 	 16.33424000 	 9.45470000 	 0.34320498 	 0.00298000 	 3.46405830 	 0.00794000 	 0.03497288 	 0.06172000 	 0.01374179 	 1.58068546 	 1.60398000 	 12.80636275 	 391.78995581 	 73.48723665 	 63.82267367 	 1.05159351 	 8.87064724 	 1.29338693 	 6.49091513
2073 	 -0.92927041 	 -0.52341519 	 142.19601164 	 5.06534784 	 8.78538690 	 3.62496000 	 0.00059000 	 0.00014000 	 0.00138909 	 0.19245892 	 106.17912000 	 1.36286000 	 0.00000000 	 0.01182047 	 5.17446579 	 0.00000000 	 0.06246186 	 0.03004000 	 0.15105000 	 0.02733000 	 24.48835250 	 16.46836000 	 9.52245000 	 0.34214948 	 0.00282000 	 3.49660660 	 0.00751000 	 0.03496060 	 0.05963000 	 0.01328228 	 1.56128564 	 1.57542000 	 12.73718878 	 389.57309084 	 72.60667976 	 63.79670231 	 1.04407142 	 8.79199752 	 1.28825092 	 6.46587153
2074 	 -0.99860072 	 -0.53131613 	 140.77478102 	 5.06666896 	 8.63998447 	 3.48288000 	 0.00052000 	 0.00012000 	 0.00125466 	 0.18581270 	 106.14086000 	 1.28988000 	 0.00000000 	 0.01034291 	 4.92020662 	 0.00000000 	 0.05673891 	 0.02802000 	 0.14580000 	 0.02624000 	 24.63614700 	 16.60248000 	 9.59020000 	 0.34109398 	 0.00266000 	 3.52915490 	 0.00708000 	 0.03494832 	 0.05754000 	 0.01282276 	 1.54188582 	 1.54686000 	 12.66801480 	 387.35622586 	 71.72612287 	 63.77073094 	 1.03654933 	 8.71334780 	 1.28311490 	 6.44082792
2075 	 -1.06793103 	 -0.53921707 	 139.35355040 	 5.06799007 	 8.49458204 	 3.34080000 	 0.00045000 	 0.00010000 	 0.00112024 	 0.17916649 	 106.10260000 	 1.21690000 	 0.00000000 	 0.00886535 	 4.66594745 	 0.00000000 	 0.05101597 	 0.02600000 	 0.14055000 	 0.02515000 	 24.78394150 	 16.73660000 	 9.65795000 	 0.34003849 	 0.00250000 	 3.56170320 	 0.00665000 	 0.03493604 	 0.05545000 	 0.01236324 	 1.52248600 	 1.51830000 	 12.59884083 	 385.13936088 	 70.84556598 	 63.74475958 	 1.02902723 	 8.63469808 	 1.27797889 	 6.41578431
2076 	 -1.13726134 	 -0.54711801 	 137.93231978 	 5.06931119 	 8.34917961 	 3.19872000 	 0.00038000 	 0.00008000 	 0.00098581 	 0.17252027 	 106.06434000 	 1.14392000 	 0.00000000 	 0.00738779 	 4.41168828 	 0.00000000 	 0.04529302 	 0.02398000 	 0.13530000 	 0.02406000 	 24.93173600 	 16.87072000 	 9.72570000 	 0.33898299 	 0.00234000 	 3.59425150 	 0.00622000 	 0.03492376 	 0.05336000 	 0.01190372 	 1.50308618 	 1.48974000 	 12.52966685 	 382.92249591 	 69.96500910 	 63.71878821 	 1.02150514 	 8.55604836 	 1.27284288 	 6.39074071
2077 	 -1.20659165 	 -0.55501895 	 136.51108916 	 5.07063230 	 8.20377718 	 3.05664000 	 0.00031000 	 0.00006000 	 0.00085138 	 0.16587406 	 106.02608000 	 1.07094000 	 0.00000000 	 0.00591024 	 4.15742911 	 0.00000000 	 0.03957008 	 0.02196000 	 0.13005000 	 0.02297000 	 25.07953050 	 17.00484000 	 9.79345000 	 0.33792749 	 0.00218000 	 3.62679980 	 0.00579000 	 0.03491148 	 0.05127000 	 0.01144420 	 1.48368636 	 1.46118000 	 12.46049288 	 380.70563093 	 69.08445221 	 63.69281685 	 1.01398304 	 8.47739864 	 1.26770686 	 6.36569710
2078 	 -1.27592195 	 -0.56291989 	 135.08985854 	 5.07195341 	 8.05837475 	 2.91456000 	 0.00024000 	 0.00004000 	 0.00071695 	 0.15922784 	 105.98782000 	 0.99796000 	 0.00000000 	 0.00443268 	 3.90316994 	 0.00000000 	 0.03384713 	 0.01994000 	 0.12480000 	 0.02188000 	 25.22732500 	 17.13896000 	 9.86120000 	 0.33687199 	 0.00202000 	 3.65934810 	 0.00536000 	 0.03489920 	 0.04918000 	 0.01098468 	 1.46428654 	 1.43262000 	 12.39131890 	 378.48876595 	 68.20389532 	 63.66684548 	 1.00646095 	 8.39874892 	 1.26257085 	 6.34065350
2079 	 -1.34525226 	 -0.57082083 	 133.66862792 	 5.07327453 	 7.91297233 	 2.77248000 	 0.00017000 	 0.00002000 	 0.00058252 	 0.15258163 	 105.94956000 	 0.92498000 	 0.00000000 	 0.00295512 	 3.64891077 	 0.00000000 	 0.02812419 	 0.01792000 	 0.11955000 	 0.02079000 	 25.37511950 	 17.27308000 	 9.92895000 	 0.33581649 	 0.00186000 	 3.69189640 	 0.00493000 	 0.03488692 	 0.04709000 	 0.01052516 	 1.44488672 	 1.40406000 	 12.32214493 	 376.27190097 	 67.32333843 	 63.64087412 	 0.99893886 	 8.32009919 	 1.25743483 	 6.31560989
2080 	 -1.41458257 	 -0.57872177 	 132.24739730 	 5.07459564 	 7.76756990 	 2.63040000 	 0.00010000 	 0.00000000 	 0.00044809 	 0.14593541 	 105.91130000 	 0.85200000 	 0.00000000 	 0.00147756 	 3.39465160 	 0.00000000 	 0.02240124 	 0.01590000 	 0.11430000 	 0.01970000 	 25.52291400 	 17.40720000 	 9.99670000 	 0.33476099 	 0.00170000 	 3.72444470 	 0.00450000 	 0.03487464 	 0.04500000 	 0.01006565 	 1.42548690 	 1.37550000 	 12.25297095 	 374.05503600 	 66.44278154 	 63.61490275 	 0.99141676 	 8.24144947 	 1.25229882 	 6.29056628
2081 	 -1.50063505 	 -0.58147585 	 131.09908818 	 5.08895730 	 7.62317353 	 2.53814000 	 0.00009000 	 0.00000000 	 0.00042569 	 0.14136394 	 105.87891000 	 0.81269000 	 0.00000000 	 0.00134622 	 3.24927085 	 0.00000000 	 0.02079064 	 0.01501000 	 0.11070000 	 0.01899000 	 25.57947860 	 17.52036000 	 10.01798000 	 0.33326170 	 0.00161000 	 3.74492089 	 0.00426000 	 0.03483780 	 0.04323000 	 0.00967177 	 1.40044713 	 1.35195000 	 12.19701546 	 372.92345356 	 66.07687072 	 63.60523740 	 0.98706645 	 8.20338471 	 1.25001787 	 6.27212016
2082 	 -1.58668752 	 -0.58422992 	 129.95077906 	 5.10331897 	 7.47877716 	 2.44588000 	 0.00008000 	 0.00000000 	 0.00040329 	 0.13679247 	 105.84652000 	 0.77338000 	 0.00000000 	 0.00121488 	 3.10389010 	 0.00000000 	 0.01918004 	 0.01412000 	 0.10710000 	 0.01828000 	 25.63604320 	 17.63352000 	 10.03926000 	 0.33176242 	 0.00152000 	 3.76539708 	 0.00402000 	 0.03480096 	 0.04146000 	 0.00927790 	 1.37540736 	 1.32840000 	 12.14105997 	 371.79187113 	 65.71095990 	 63.59557205 	 0.98271613 	 8.16531995 	 1.24773693 	 6.25367403
2083 	 -1.67274000 	 -0.58698400 	 128.80246994 	 5.11768063 	 7.33438079 	 2.35362000 	 0.00007000 	 0.00000000 	 0.00038088 	 0.13222100 	 105.81413000 	 0.73407000 	 0.00000000 	 0.00108354 	 2.95850935 	 0.00000000 	 0.01756944 	 0.01323000 	 0.10350000 	 0.01757000 	 25.69260780 	 17.74668000 	 10.06054000 	 0.33026313 	 0.00143000 	 3.78587327 	 0.00378000 	 0.03476412 	 0.03969000 	 0.00888403 	 1.35036759 	 1.30485000 	 12.08510448 	 370.66028870 	 65.34504908 	 63.58590670 	 0.97836582 	 8.12725519 	 1.24545599 	 6.23522791
2084 	 -1.75879247 	 -0.58973808 	 127.65416082 	 5.13204229 	 7.18998443 	 2.26136000 	 0.00006000 	 0.00000000 	 0.00035848 	 0.12764953 	 105.78174000 	 0.69476000 	 0.00000000 	 0.00095220 	 2.81312860 	 0.00000000 	 0.01595884 	 0.01234000 	 0.09990000 	 0.01686000 	 25.74917240 	 17.85984000 	 10.08182000 	 0.32876384 	 0.00134000 	 3.80634946 	 0.00354000 	 0.03472729 	 0.03792000 	 0.00849015 	 1.32532782 	 1.28130000 	 12.02914899 	 369.52870627 	 64.97913826 	 63.57624135 	 0.97401550 	 8.08919043 	 1.24317504 	 6.21678178
2085 	 -1.84484495 	 -0.59249216 	 126.50585170 	 5.14640395 	 7.04558806 	 2.16910000 	 0.00005000 	 0.00000000 	 0.00033607 	 0.12307805 	 105.74935000 	 0.65545000 	 0.00000000 	 0.00082087 	 2.66774785 	 0.00000000 	 0.01434824 	 0.01145000 	 0.09630000 	 0.01615000 	 25.80573700 	 17.97300000 	 10.10310000 	 0.32726455 	 0.00125000 	 3.82682565 	 0.00330000 	 0.03469045 	 0.03615000 	 0.00809628 	 1.30028805 	 1.25775000 	 11.97319350 	 368.39712384 	 64.61322744 	 63.56657599 	 0.96966519 	 8.05112567 	 1.24089410 	 6.19833566
2086 	 -1.93089742 	 -0.59524623 	 125.35754258 	 5.16076561 	 6.90119169 	 2.07684000 	 0.00004000 	 0.00000000 	 0.00031367 	 0.11850658 	 105.71696000 	 0.61614000 	 0.00000000 	 0.00068953 	 2.52236710 	 0.00000000 	 0.01273764 	 0.01056000 	 0.09270000 	 0.01544000 	 25.86230160 	 18.08616000 	 10.12438000 	 0.32576527 	 0.00116000 	 3.84730184 	 0.00306000 	 0.03465361 	 0.03438000 	 0.00770241 	 1.27524828 	 1.23420000 	 11.91723801 	 367.26554141 	 64.24731662 	 63.55691064 	 0.96531487 	 8.01306091 	 1.23861315 	 6.17988953
2087 	 -2.01694990 	 -0.59800031 	 124.20923346 	 5.17512727 	 6.75679532 	 1.98458000 	 0.00003000 	 0.00000000 	 0.00029126 	 0.11393511 	 105.68457000 	 0.57683000 	 0.00000000 	 0.00055819 	 2.37698635 	 0.00000000 	 0.01112704 	 0.00967000 	 0.08910000 	 0.01473000 	 25.91886620 	 18.19932000 	 10.14566000 	 0.32426598 	 0.00107000 	 3.86777803 	 0.00282000 	 0.03461677 	 0.03261000 	 0.00730853 	 1.25020851 	 1.21065000 	 11.86128252 	 366.13395898 	 63.88140580 	 63.54724529 	 0.96096455 	 7.97499615 	 1.23633221 	 6.16144341
2088 	 -2.10300237 	 -0.60075439 	 123.06092434 	 5.18948894 	 6.61239896 	 1.89232000 	 0.00002000 	 0.00000000 	 0.00026886 	 0.10936364 	 105.65218000 	 0.53752000 	 0.00000000 	 0.00042685 	 2.23160560 	 0.00000000 	 0.00951644 	 0.00878000 	 0.08550000 	 0.01402000 	 25.97543080 	 18.31248000 	 10.16694000 	 0.32276669 	 0.00098000 	 3.88825422 	 0.00258000 	 0.03457993 	 0.03084000 	 0.00691466 	 1.22516874 	 1.18710000 	 11.80532703 	 365.00237654 	 63.51549498 	 63.53757994 	 0.95661424 	 7.93693139 	 1.23405126 	 6.14299728
2089 	 -2.18905485 	 -0.60350847 	 121.91261522 	 5.20385060 	 6.46800259 	 1.80006000 	 0.00001000 	 0.00000000 	 0.00024645 	 0.10479217 	 105.61979000 	 0.49821000 	 0.00000000 	 0.00029551 	 2.08622485 	 0.00000000 	 0.00790584 	 0.00789000 	 0.08190000 	 0.01331000 	 26.03199540 	 18.42564000 	 10.18822000 	 0.32126741 	 0.00089000 	 3.90873041 	 0.00234000 	 0.03454309 	 0.02907000 	 0.00652079 	 1.20012897 	 1.16355000 	 11.74937154 	 363.87079411 	 63.14958416 	 63.52791458 	 0.95226392 	 7.89886663 	 1.23177032 	 6.12455116
2090 	 -2.27510732 	 -0.60626254 	 120.76430610 	 5.21821226 	 6.32360622 	 1.70780000 	 0.00000000 	 0.00000000 	 0.00022405 	 0.10022070 	 105.58740000 	 0.45890000 	 0.00000000 	 0.00016417 	 1.94084410 	 0.00000000 	 0.00629524 	 0.00700000 	 0.07830000 	 0.01260000 	 26.08856000 	 18.53880000 	 10.20950000 	 0.31976812 	 0.00080000 	 3.92920660 	 0.00210000 	 0.03450625 	 0.02730000 	 0.00612691 	 1.17508920 	 1.14000000 	 11.69341605 	 362.73921168 	 62.78367333 	 63.51824923 	 0.94791361 	 7.86080187 	 1.22948937 	 6.10610503
2091 	 -2.36146079 	 -0.61058448 	 119.86000010 	 5.22675601 	 6.16526218 	 1.64769000 	 0.00120000 	 0.00000000 	 0.00020164 	 0.09705584 	 105.55500000 	 0.43762000 	 0.00000000 	 0.00105071 	 1.86679494 	 0.00000000 	 0.00775868 	 0.00710000 	 0.07583000 	 0.01215000 	 25.96992910 	 18.52154000 	 10.16304000 	 0.31657763 	 0.00072000 	 3.92017680 	 0.00189000 	 0.03427293 	 0.02553000 	 0.00573304 	 1.15004943 	 1.11568000 	 11.66006904 	 361.07946210 	 62.35687968 	 63.48463770 	 0.94027101 	 7.77762206 	 1.22684978 	 6.08656421
2092 	 -2.44781425 	 -0.61490641 	 118.95569410 	 5.23529975 	 6.00691813 	 1.58758000 	 0.00240000 	 0.00000000 	 0.00017924 	 0.09389097 	 105.52260000 	 0.41634000 	 0.00000000 	 0.00193724 	 1.79274578 	 0.00000000 	 0.00922212 	 0.00720000 	 0.07336000 	 0.01170000 	 25.85129820 	 18.50428000 	 10.11658000 	 0.31338715 	 0.00064000 	 3.91114700 	 0.00168000 	 0.03403962 	 0.02376000 	 0.00533917 	 1.12500966 	 1.09136000 	 11.62672202 	 359.41971252 	 61.93008603 	 63.45102617 	 0.93262842 	 7.69444224 	 1.22421019 	 6.06702338
2093 	 -2.53416772 	 -0.61922834 	 118.05138810 	 5.24384350 	 5.84857409 	 1.52747000 	 0.00360000 	 0.00000000 	 0.00015683 	 0.09072611 	 105.49020000 	 0.39506000 	 0.00000000 	 0.00282378 	 1.71869662 	 0.00000000 	 0.01068556 	 0.00730000 	 0.07089000 	 0.01125000 	 25.73266730 	 18.48702000 	 10.07012000 	 0.31019666 	 0.00056000 	 3.90211720 	 0.00147000 	 0.03380630 	 0.02199000 	 0.00494530 	 1.09996989 	 1.06704000 	 11.59337500 	 357.75996294 	 61.50329237 	 63.41741464 	 0.92498582 	 7.61126242 	 1.22157060 	 6.04748256
2094 	 -2.62052119 	 -0.62355028 	 117.14708210 	 5.25238725 	 5.69023004 	 1.46736000 	 0.00480000 	 0.00000000 	 0.00013443 	 0.08756124 	 105.45780000 	 0.37378000 	 0.00000000 	 0.00371031 	 1.64464746 	 0.00000000 	 0.01214900 	 0.00740000 	 0.06842000 	 0.01080000 	 25.61403640 	 18.46976000 	 10.02366000 	 0.30700618 	 0.00048000 	 3.89308740 	 0.00126000 	 0.03357298 	 0.02022000 	 0.00455142 	 1.07493012 	 1.04272000 	 11.56002799 	 356.10021336 	 61.07649872 	 63.38380311 	 0.91734323 	 7.52808261 	 1.21893101 	 6.02794174
2095 	 -2.70687466 	 -0.62787221 	 116.24277609 	 5.26093100 	 5.53188600 	 1.40725000 	 0.00600000 	 0.00000000 	 0.00011202 	 0.08439638 	 105.42540000 	 0.35250000 	 0.00000000 	 0.00459685 	 1.57059830 	 0.00000000 	 0.01361243 	 0.00750000 	 0.06595000 	 0.01035000 	 25.49540550 	 18.45250000 	 9.97720000 	 0.30381570 	 0.00040000 	 3.88405760 	 0.00105000 	 0.03333967 	 0.01845000 	 0.00415755 	 1.04989035 	 1.01840000 	 11.52668097 	 354.44046378 	 60.64970507 	 63.35019158 	 0.90970063 	 7.44490279 	 1.21629142 	 6.00840091
2096 	 -2.79322812 	 -0.63219415 	 115.33847009 	 5.26947475 	 5.37354195 	 1.34714000 	 0.00720000 	 0.00000000 	 0.00008962 	 0.08123152 	 105.39300000 	 0.33122000 	 0.00000000 	 0.00548338 	 1.49654914 	 0.00000000 	 0.01507587 	 0.00760000 	 0.06348000 	 0.00990000 	 25.37677460 	 18.43524000 	 9.93074000 	 0.30062521 	 0.00032000 	 3.87502780 	 0.00084000 	 0.03310635 	 0.01668000 	 0.00376368 	 1.02485057 	 0.99408000 	 11.49333396 	 352.78071419 	 60.22291141 	 63.31658005 	 0.90205803 	 7.36172298 	 1.21365183 	 5.98886009
2097 	 -2.87958159 	 -0.63651608 	 114.43416409 	 5.27801849 	 5.21519791 	 1.28703000 	 0.00840000 	 0.00000000 	 0.00006721 	 0.07806665 	 105.36060000 	 0.30994000 	 0.00000000 	 0.00636992 	 1.42249998 	 0.00000000 	 0.01653931 	 0.00770000 	 0.06101000 	 0.00945000 	 25.25814370 	 18.41798000 	 9.88428000 	 0.29743473 	 0.00024000 	 3.86599800 	 0.00063000 	 0.03287303 	 0.01491000 	 0.00336980 	 0.99981080 	 0.96976000 	 11.45998694 	 351.12096461 	 59.79611776 	 63.28296852 	 0.89441544 	 7.27854316 	 1.21101224 	 5.96931927
2098 	 -2.96593506 	 -0.64083802 	 113.52985809 	 5.28656224 	 5.05685386 	 1.22692000 	 0.00960000 	 0.00000000 	 0.00004481 	 0.07490179 	 105.32820000 	 0.28866000 	 0.00000000 	 0.00725646 	 1.34845082 	 0.00000000 	 0.01800275 	 0.00780000 	 0.05854000 	 0.00900000 	 25.13951280 	 18.40072000 	 9.83782000 	 0.29424424 	 0.00016000 	 3.85696820 	 0.00042000 	 0.03263972 	 0.01314000 	 0.00297593 	 0.97477103 	 0.94544000 	 11.42663993 	 349.46121503 	 59.36932411 	 63.24935699 	 0.88677284 	 7.19536335 	 1.20837265 	 5.94977844
2099 	 -3.05228852 	 -0.64515995 	 112.62555209 	 5.29510599 	 4.89850982 	 1.16681000 	 0.01080000 	 0.00000000 	 0.00002240 	 0.07173692 	 105.29580000 	 0.26738000 	 0.00000000 	 0.00814299 	 1.27440166 	 0.00000000 	 0.01946619 	 0.00790000 	 0.05607000 	 0.00855000 	 25.02088190 	 18.38346000 	 9.79136000 	 0.29105376 	 0.00008000 	 3.84793840 	 0.00021000 	 0.03240640 	 0.01137000 	 0.00258206 	 0.94973126 	 0.92112000 	 11.39329291 	 347.80146545 	 58.94253045 	 63.21574547 	 0.87913024 	 7.11218353 	 1.20573306 	 5.93023762
2100 	 -3.13864199 	 -0.64948188 	 111.72124609 	 5.30364974 	 4.74016578 	 1.10670000 	 0.01200000 	 0.00000000 	 0.00000000 	 0.06857206 	 105.26340000 	 0.24610000 	 0.00000000 	 0.00902953 	 1.20035250 	 0.00000000 	 0.02092963 	 0.00800000 	 0.05360000 	 0.00810000 	 24.90225100 	 18.36620000 	 9.74490000 	 0.28786327 	 0.00000000 	 3.83890860 	 0.00000000 	 0.03217309 	 0.00960000 	 0.00218818 	 0.92469149 	 0.89680000 	 11.35994589 	 346.14171587 	 58.51573680 	 63.18213394 	 0.87148765 	 7.02900372 	 1.20309347 	 5.91069679
2101 	 -3.13864199 	 -0.63649225 	 111.42271568 	 5.29729382 	 4.71301776 	 1.09932200 	 0.01192000 	 0.00000000 	 0.00000000 	 0.06811491 	 104.56164400 	 0.24445933 	 0.00000000 	 0.00896933 	 1.19235015 	 0.00000000 	 0.02079010 	 0.00794667 	 0.05324267 	 0.00804600 	 24.73623599 	 18.24375867 	 9.67993400 	 0.28594418 	 0.00000000 	 3.81331588 	 0.00000000 	 0.03195860 	 0.00953600 	 0.00217360 	 0.91852688 	 0.89082133 	 11.32035516 	 345.18090465 	 58.38504312 	 63.08081105 	 0.87148765 	 7.02900372 	 1.19670644 	 5.87954818
2102 	 -3.13864199 	 -0.62350261 	 111.12418526 	 5.29093790 	 4.68586974 	 1.09194400 	 0.01184000 	 0.00000000 	 0.00000000 	 0.06765776 	 103.85988800 	 0.24281867 	 0.00000000 	 0.00890913 	 1.18434780 	 0.00000000 	 0.02065057 	 0.00789333 	 0.05288533 	 0.00799200 	 24.57022099 	 18.12131733 	 9.61496800 	 0.28402509 	 0.00000000 	 3.78772315 	 0.00000000 	 0.03174411 	 0.00947200 	 0.00215901 	 0.91236227 	 0.88484267 	 11.28076442 	 344.22009344 	 58.25434944 	 62.97948816 	 0.87148765 	 7.02900372 	 1.19031941 	 5.84839957
2103 	 -3.13864199 	 -0.61051297 	 110.82565485 	 5.28458198 	 4.65872172 	 1.08456600 	 0.01176000 	 0.00000000 	 0.00000000 	 0.06720062 	 103.15813200 	 0.24117800 	 0.00000000 	 0.00884894 	 1.17634545 	 0.00000000 	 0.02051104 	 0.00784000 	 0.05252800 	 0.00793800 	 24.40420598 	 17.99887600 	 9.55000200 	 0.28210600 	 0.00000000 	 3.76213043 	 0.00000000 	 0.03152962 	 0.00940800 	 0.00214442 	 0.90619766 	 0.87886400 	 11.24117368 	 343.25928222 	 58.12365577 	 62.87816527 	 0.87148765 	 7.02900372 	 1.18393238 	 5.81725096
2104 	 -3.13864199 	 -0.59752333 	 110.52712444 	 5.27822606 	 4.63157371 	 1.07718800 	 0.01168000 	 0.00000000 	 0.00000000 	 0.06674347 	 102.45637600 	 0.23953733 	 0.00000000 	 0.00878874 	 1.16834310 	 0.00000000 	 0.02037150 	 0.00778667 	 0.05217067 	 0.00788400 	 24.23819097 	 17.87643467 	 9.48503600 	 0.28018692 	 0.00000000 	 3.73653770 	 0.00000000 	 0.03131514 	 0.00934400 	 0.00212983 	 0.90003305 	 0.87288533 	 11.20158294 	 342.29847100 	 57.99296209 	 62.77684239 	 0.87148765 	 7.02900372 	 1.17754535 	 5.78610235
2105 	 -3.13864199 	 -0.58453370 	 110.22859403 	 5.27187014 	 4.60442569 	 1.06981000 	 0.01160000 	 0.00000000 	 0.00000000 	 0.06628632 	 101.75462000 	 0.23789667 	 0.00000000 	 0.00872854 	 1.16034075 	 0.00000000 	 0.02023197 	 0.00773333 	 0.05181333 	 0.00783000 	 24.07217597 	 17.75399333 	 9.42007000 	 0.27826783 	 0.00000000 	 3.71094498 	 0.00000000 	 0.03110065 	 0.00928000 	 0.00211524 	 0.89386844 	 0.86690667 	 11.16199221 	 341.33765979 	 57.86226841 	 62.67551950 	 0.87148765 	 7.02900372 	 1.17115831 	 5.75495374
2106 	 -3.13864199 	 -0.57154406 	 109.93006361 	 5.26551422 	 4.57727767 	 1.06243200 	 0.01152000 	 0.00000000 	 0.00000000 	 0.06582918 	 101.05286400 	 0.23625600 	 0.00000000 	 0.00866834 	 1.15233840 	 0.00000000 	 0.02009244 	 0.00768000 	 0.05145600 	 0.00777600 	 23.90616096 	 17.63155200 	 9.35510400 	 0.27634874 	 0.00000000 	 3.68535226 	 0.00000000 	 0.03088616 	 0.00921600 	 0.00210066 	 0.88770383 	 0.86092800 	 11.12240147 	 340.37684857 	 57.73157474 	 62.57419661 	 0.87148765 	 7.02900372 	 1.16477128 	 5.72380513
2107 	 -3.13864199 	 -0.55855442 	 109.63153320 	 5.25915830 	 4.55012966 	 1.05505400 	 0.01144000 	 0.00000000 	 0.00000000 	 0.06537203 	 100.35110800 	 0.23461533 	 0.00000000 	 0.00860815 	 1.14433605 	 0.00000000 	 0.01995291 	 0.00762667 	 0.05109867 	 0.00772200 	 23.74014595 	 17.50911067 	 9.29013800 	 0.27442965 	 0.00000000 	 3.65975953 	 0.00000000 	 0.03067168 	 0.00915200 	 0.00208607 	 0.88153922 	 0.85494933 	 11.08281073 	 339.41603735 	 57.60088106 	 62.47287373 	 0.87148765 	 7.02900372 	 1.15838425 	 5.69265652
2108 	 -3.13864199 	 -0.54556478 	 109.33300279 	 5.25280238 	 4.52298164 	 1.04767600 	 0.01136000 	 0.00000000 	 0.00000000 	 0.06491488 	 99.64935200 	 0.23297467 	 0.00000000 	 0.00854795 	 1.13633370 	 0.00000000 	 0.01981338 	 0.00757333 	 0.05074133 	 0.00766800 	 23.57413095 	 17.38666933 	 9.22517200 	 0.27251056 	 0.00000000 	 3.63416681 	 0.00000000 	 0.03045719 	 0.00908800 	 0.00207148 	 0.87537461 	 0.84897067 	 11.04321999 	 338.45522614 	 57.47018738 	 62.37155084 	 0.87148765 	 7.02900372 	 1.15199722 	 5.66150791
2109 	 -3.13864199 	 -0.53257515 	 109.03447238 	 5.24644645 	 4.49583362 	 1.04029800 	 0.01128000 	 0.00000000 	 0.00000000 	 0.06445774 	 98.94759600 	 0.23133400 	 0.00000000 	 0.00848775 	 1.12833135 	 0.00000000 	 0.01967385 	 0.00752000 	 0.05038400 	 0.00761400 	 23.40811594 	 17.26422800 	 9.16020600 	 0.27059147 	 0.00000000 	 3.60857408 	 0.00000000 	 0.03024270 	 0.00902400 	 0.00205689 	 0.86921000 	 0.84299200 	 11.00362926 	 337.49441492 	 57.33949370 	 62.27022795 	 0.87148765 	 7.02900372 	 1.14561019 	 5.63035930
2110 	 -3.13864199 	 -0.51958551 	 108.73594197 	 5.24009053 	 4.46868560 	 1.03292000 	 0.01120000 	 0.00000000 	 0.00000000 	 0.06400059 	 98.24584000 	 0.22969333 	 0.00000000 	 0.00842756 	 1.12032900 	 0.00000000 	 0.01953432 	 0.00746667 	 0.05002667 	 0.00756000 	 23.24210093 	 17.14178667 	 9.09524000 	 0.26867239 	 0.00000000 	 3.58298136 	 0.00000000 	 0.03002821 	 0.00896000 	 0.00204230 	 0.86304539 	 0.83701333 	 10.96403852 	 336.53360370 	 57.20880003 	 62.16890506 	 0.87148765 	 7.02900372 	 1.13922316 	 5.59921069
2111 	 -3.13864199 	 -0.50659587 	 108.43741155 	 5.23373461 	 4.44153759 	 1.02554200 	 0.01112000 	 0.00000000 	 0.00000000 	 0.06354344 	 97.54408400 	 0.22805267 	 0.00000000 	 0.00836736 	 1.11232665 	 0.00000000 	 0.01939479 	 0.00741333 	 0.04966933 	 0.00750600 	 23.07608593 	 17.01934533 	 9.03027400 	 0.26675330 	 0.00000000 	 3.55738864 	 0.00000000 	 0.02981373 	 0.00889600 	 0.00202772 	 0.85688078 	 0.83103467 	 10.92444778 	 335.57279249 	 57.07810635 	 62.06758218 	 0.87148765 	 7.02900372 	 1.13283613 	 5.56806208
2112 	 -3.13864199 	 -0.49360623 	 108.13888114 	 5.22737869 	 4.41438957 	 1.01816400 	 0.01104000 	 0.00000000 	 0.00000000 	 0.06308629 	 96.84232800 	 0.22641200 	 0.00000000 	 0.00830716 	 1.10432430 	 0.00000000 	 0.01925526 	 0.00736000 	 0.04931200 	 0.00745200 	 22.91007092 	 16.89690400 	 8.96530800 	 0.26483421 	 0.00000000 	 3.53179591 	 0.00000000 	 0.02959924 	 0.00883200 	 0.00201313 	 0.85071617 	 0.82505600 	 10.88485704 	 334.61198127 	 56.94741267 	 61.96625929 	 0.87148765 	 7.02900372 	 1.12644910 	 5.53691347
2113 	 -3.13864199 	 -0.48061659 	 107.84035073 	 5.22102277 	 4.38724155 	 1.01078600 	 0.01096000 	 0.00000000 	 0.00000000 	 0.06262915 	 96.14057200 	 0.22477133 	 0.00000000 	 0.00824697 	 1.09632195 	 0.00000000 	 0.01911573 	 0.00730667 	 0.04895467 	 0.00739800 	 22.74405591 	 16.77446267 	 8.90034200 	 0.26291512 	 0.00000000 	 3.50620319 	 0.00000000 	 0.02938475 	 0.00876800 	 0.00199854 	 0.84455156 	 0.81907733 	 10.84526631 	 333.65117005 	 56.81671900 	 61.86493640 	 0.87148765 	 7.02900372 	 1.12006207 	 5.50576486
2114 	 -3.13864199 	 -0.46762696 	 107.54182032 	 5.21466685 	 4.36009354 	 1.00340800 	 0.01088000 	 0.00000000 	 0.00000000 	 0.06217200 	 95.43881600 	 0.22313067 	 0.00000000 	 0.00818677 	 1.08831960 	 0.00000000 	 0.01897620 	 0.00725333 	 0.04859733 	 0.00734400 	 22.57804091 	 16.65202133 	 8.83537600 	 0.26099603 	 0.00000000 	 3.48061046 	 0.00000000 	 0.02917026 	 0.00870400 	 0.00198395 	 0.83838695 	 0.81309867 	 10.80567557 	 332.69035884 	 56.68602532 	 61.76361352 	 0.87148765 	 7.02900372 	 1.11367504 	 5.47461625
2115 	 -3.13864199 	 -0.45463732 	 107.24328990 	 5.20831093 	 4.33294552 	 0.99603000 	 0.01080000 	 0.00000000 	 0.00000000 	 0.06171485 	 94.73706000 	 0.22149000 	 0.00000000 	 0.00812657 	 1.08031725 	 0.00000000 	 0.01883667 	 0.00720000 	 0.04824000 	 0.00729000 	 22.41202590 	 16.52958000 	 8.77041000 	 0.25907694 	 0.00000000 	 3.45501774 	 0.00000000 	 0.02895578 	 0.00864000 	 0.00196937 	 0.83222234 	 0.80712000 	 10.76608483 	 331.72954762 	 56.55533164 	 61.66229063 	 0.87148765 	 7.02900372 	 1.10728801 	 5.44346764
2116 	 -3.13864199 	 -0.44164768 	 106.94475949 	 5.20195501 	 4.30579750 	 0.98865200 	 0.01072000 	 0.00000000 	 0.00000000 	 0.06125771 	 94.03530400 	 0.21984933 	 0.00000000 	 0.00806638 	 1.07231490 	 0.00000000 	 0.01869713 	 0.00714667 	 0.04788267 	 0.00723600 	 22.24601089 	 16.40713867 	 8.70544400 	 0.25715785 	 0.00000000 	 3.42942502 	 0.00000000 	 0.02874129 	 0.00857600 	 0.00195478 	 0.82605773 	 0.80114133 	 10.72649409 	 330.76873641 	 56.42463796 	 61.56096774 	 0.87148765 	 7.02900372 	 1.10090098 	 5.41231903
2117 	 -3.13864199 	 -0.42865804 	 106.64622908 	 5.19559909 	 4.27864948 	 0.98127400 	 0.01064000 	 0.00000000 	 0.00000000 	 0.06080056 	 93.33354800 	 0.21820867 	 0.00000000 	 0.00800618 	 1.06431255 	 0.00000000 	 0.01855760 	 0.00709333 	 0.04752533 	 0.00718200 	 22.07999589 	 16.28469733 	 8.64047800 	 0.25523877 	 0.00000000 	 3.40383229 	 0.00000000 	 0.02852680 	 0.00851200 	 0.00194019 	 0.81989312 	 0.79516267 	 10.68690336 	 329.80792519 	 56.29394429 	 61.45964485 	 0.87148765 	 7.02900372 	 1.09451394 	 5.38117042
2118 	 -3.13864199 	 -0.41566841 	 106.34769867 	 5.18924317 	 4.25150147 	 0.97389600 	 0.01056000 	 0.00000000 	 0.00000000 	 0.06034341 	 92.63179200 	 0.21656800 	 0.00000000 	 0.00794598 	 1.05631020 	 0.00000000 	 0.01841807 	 0.00704000 	 0.04716800 	 0.00712800 	 21.91398088 	 16.16225600 	 8.57551200 	 0.25331968 	 0.00000000 	 3.37823957 	 0.00000000 	 0.02831232 	 0.00844800 	 0.00192560 	 0.81372851 	 0.78918400 	 10.64731262 	 328.84711397 	 56.16325061 	 61.35832197 	 0.87148765 	 7.02900372 	 1.08812691 	 5.35002181
2119 	 -3.13864199 	 -0.40267877 	 106.04916825 	 5.18288725 	 4.22435345 	 0.96651800 	 0.01048000 	 0.00000000 	 0.00000000 	 0.05988626 	 91.93003600 	 0.21492733 	 0.00000000 	 0.00788579 	 1.04830785 	 0.00000000 	 0.01827854 	 0.00698667 	 0.04681067 	 0.00707400 	 21.74796587 	 16.03981467 	 8.51054600 	 0.25140059 	 0.00000000 	 3.35264684 	 0.00000000 	 0.02809783 	 0.00838400 	 0.00191101 	 0.80756390 	 0.78320533 	 10.60772188 	 327.88630276 	 56.03255693 	 61.25699908 	 0.87148765 	 7.02900372 	 1.08173988 	 5.31887320
2120 	 -3.13864199 	 -0.38968913 	 105.75063784 	 5.17653133 	 4.19720543 	 0.95914000 	 0.01040000 	 0.00000000 	 0.00000000 	 0.05942912 	 91.22828000 	 0.21328667 	 0.00000000 	 0.00782559 	 1.04030550 	 0.00000000 	 0.01813901 	 0.00693333 	 0.04645333 	 0.00702000 	 21.58195087 	 15.91737333 	 8.44558000 	 0.24948150 	 0.00000000 	 3.32705412 	 0.00000000 	 0.02788334 	 0.00832000 	 0.00189643 	 0.80139929 	 0.77722667 	 10.56813114 	 326.92549154 	 55.90186326 	 61.15567619 	 0.87148765 	 7.02900372 	 1.07535285 	 5.28772459
2121 	 -3.13864199 	 -0.37669949 	 105.45210743 	 5.17017541 	 4.17005742 	 0.95176200 	 0.01032000 	 0.00000000 	 0.00000000 	 0.05897197 	 90.52652400 	 0.21164600 	 0.00000000 	 0.00776539 	 1.03230315 	 0.00000000 	 0.01799948 	 0.00688000 	 0.04609600 	 0.00696600 	 21.41593586 	 15.79493200 	 8.38061400 	 0.24756241 	 0.00000000 	 3.30146140 	 0.00000000 	 0.02766885 	 0.00825600 	 0.00188184 	 0.79523468 	 0.77124800 	 10.52854041 	 325.96468032 	 55.77116958 	 61.05435331 	 0.87148765 	 7.02900372 	 1.06896582 	 5.25657598
2122 	 -3.13864199 	 -0.36370986 	 105.15357702 	 5.16381949 	 4.14290940 	 0.94438400 	 0.01024000 	 0.00000000 	 0.00000000 	 0.05851482 	 89.82476800 	 0.21000533 	 0.00000000 	 0.00770520 	 1.02430080 	 0.00000000 	 0.01785995 	 0.00682667 	 0.04573867 	 0.00691200 	 21.24992085 	 15.67249067 	 8.31564800 	 0.24564332 	 0.00000000 	 3.27586867 	 0.00000000 	 0.02745437 	 0.00819200 	 0.00186725 	 0.78907007 	 0.76526933 	 10.48894967 	 325.00386911 	 55.64047590 	 60.95303042 	 0.87148765 	 7.02900372 	 1.06257879 	 5.22542737
2123 	 -3.13864199 	 -0.35072022 	 104.85504660 	 5.15746357 	 4.11576138 	 0.93700600 	 0.01016000 	 0.00000000 	 0.00000000 	 0.05805768 	 89.12301200 	 0.20836467 	 0.00000000 	 0.00764500 	 1.01629845 	 0.00000000 	 0.01772042 	 0.00677333 	 0.04538133 	 0.00685800 	 21.08390585 	 15.55004933 	 8.25068200 	 0.24372424 	 0.00000000 	 3.25027595 	 0.00000000 	 0.02723988 	 0.00812800 	 0.00185266 	 0.78290546 	 0.75929067 	 10.44935893 	 324.04305789 	 55.50978222 	 60.85170753 	 0.87148765 	 7.02900372 	 1.05619176 	 5.19427876
2124 	 -3.13864199 	 -0.33773058 	 104.55651619 	 5.15110765 	 4.08861337 	 0.92962800 	 0.01008000 	 0.00000000 	 0.00000000 	 0.05760053 	 88.42125600 	 0.20672400 	 0.00000000 	 0.00758480 	 1.00829610 	 0.00000000 	 0.01758089 	 0.00672000 	 0.04502400 	 0.00680400 	 20.91789084 	 15.42760800 	 8.18571600 	 0.24180515 	 0.00000000 	 3.22468322 	 0.00000000 	 0.02702539 	 0.00806400 	 0.00183807 	 0.77674085 	 0.75331200 	 10.40976819 	 323.08224667 	 55.37908855 	 60.75038464 	 0.87148765 	 7.02900372 	 1.04980473 	 5.16313015
2125 	 -3.13864199 	 -0.32474094 	 104.25798578 	 5.14475173 	 4.06146535 	 0.92225000 	 0.01000000 	 0.00000000 	 0.00000000 	 0.05714338 	 87.71950000 	 0.20508333 	 0.00000000 	 0.00752461 	 1.00029375 	 0.00000000 	 0.01744136 	 0.00666667 	 0.04466667 	 0.00675000 	 20.75187583 	 15.30516667 	 8.12075000 	 0.23988606 	 0.00000000 	 3.19909050 	 0.00000000 	 0.02681090 	 0.00800000 	 0.00182349 	 0.77057624 	 0.74733333 	 10.37017746 	 322.12143546 	 55.24839487 	 60.64906176 	 0.87148765 	 7.02900372 	 1.04341770 	 5.13198154
2126 	 -3.13864199 	 -0.31175130 	 103.95945537 	 5.13839581 	 4.03431733 	 0.91487200 	 0.00992000 	 0.00000000 	 0.00000000 	 0.05668624 	 87.01774400 	 0.20344267 	 0.00000000 	 0.00746441 	 0.99229140 	 0.00000000 	 0.01730183 	 0.00661333 	 0.04430933 	 0.00669600 	 20.58586083 	 15.18272533 	 8.05578400 	 0.23796697 	 0.00000000 	 3.17349778 	 0.00000000 	 0.02659642 	 0.00793600 	 0.00180890 	 0.76441163 	 0.74135467 	 10.33058672 	 321.16062424 	 55.11770119 	 60.54773887 	 0.87148765 	 7.02900372 	 1.03703067 	 5.10083293
2127 	 -3.13864199 	 -0.29876167 	 103.66092495 	 5.13203989 	 4.00716931 	 0.90749400 	 0.00984000 	 0.00000000 	 0.00000000 	 0.05622909 	 86.31598800 	 0.20180200 	 0.00000000 	 0.00740421 	 0.98428905 	 0.00000000 	 0.01716229 	 0.00656000 	 0.04395200 	 0.00664200 	 20.41984582 	 15.06028400 	 7.99081800 	 0.23604788 	 0.00000000 	 3.14790505 	 0.00000000 	 0.02638193 	 0.00787200 	 0.00179431 	 0.75824702 	 0.73537600 	 10.29099598 	 320.19981302 	 54.98700752 	 60.44641598 	 0.87148765 	 7.02900372 	 1.03064364 	 5.06968432
2128 	 -3.13864199 	 -0.28577203 	 103.36239454 	 5.12568397 	 3.98002130 	 0.90011600 	 0.00976000 	 0.00000000 	 0.00000000 	 0.05577194 	 85.61423200 	 0.20016133 	 0.00000000 	 0.00734401 	 0.97628670 	 0.00000000 	 0.01702276 	 0.00650667 	 0.04359467 	 0.00658800 	 20.25383081 	 14.93784267 	 7.92585200 	 0.23412879 	 0.00000000 	 3.12231233 	 0.00000000 	 0.02616744 	 0.00780800 	 0.00177972 	 0.75208241 	 0.72939733 	 10.25140524 	 319.23900181 	 54.85631384 	 60.34509310 	 0.87148765 	 7.02900372 	 1.02425660 	 5.03853571
2129 	 -3.13864199 	 -0.27278239 	 103.06386413 	 5.11932805 	 3.95287328 	 0.89273800 	 0.00968000 	 0.00000000 	 0.00000000 	 0.05531479 	 84.91247600 	 0.19852067 	 0.00000000 	 0.00728382 	 0.96828435 	 0.00000000 	 0.01688323 	 0.00645333 	 0.04323733 	 0.00653400 	 20.08781581 	 14.81540133 	 7.86088600 	 0.23220970 	 0.00000000 	 3.09671960 	 0.00000000 	 0.02595296 	 0.00774400 	 0.00176513 	 0.74591780 	 0.72341867 	 10.21181451 	 318.27819059 	 54.72562016 	 60.24377021 	 0.87148765 	 7.02900372 	 1.01786957 	 5.00738710
2130 	 -3.13864199 	 -0.25979275 	 102.76533372 	 5.11297213 	 3.92572526 	 0.88536000 	 0.00960000 	 0.00000000 	 0.00000000 	 0.05485765 	 84.21072000 	 0.19688000 	 0.00000000 	 0.00722362 	 0.96028200 	 0.00000000 	 0.01674370 	 0.00640000 	 0.04288000 	 0.00648000 	 19.92180080 	 14.69296000 	 7.79592000 	 0.23029062 	 0.00000000 	 3.07112688 	 0.00000000 	 0.02573847 	 0.00768000 	 0.00175055 	 0.73975319 	 0.71744000 	 10.17222377 	 317.31737938 	 54.59492648 	 60.14244732 	 0.87148765 	 7.02900372 	 1.01148254 	 4.97623849
2131 	 -3.13864199 	 -0.24680312 	 102.46680330 	 5.10661621 	 3.89857725 	 0.87798200 	 0.00952000 	 0.00000000 	 0.00000000 	 0.05440050 	 83.50896400 	 0.19523933 	 0.00000000 	 0.00716342 	 0.95227965 	 0.00000000 	 0.01660417 	 0.00634667 	 0.04252267 	 0.00642600 	 19.75578579 	 14.57051867 	 7.73095400 	 0.22837153 	 0.00000000 	 3.04553416 	 0.00000000 	 0.02552398 	 0.00761600 	 0.00173596 	 0.73358858 	 0.71146133 	 10.13263303 	 316.35656816 	 54.46423281 	 60.04112443 	 0.87148765 	 7.02900372 	 1.00509551 	 4.94508988
2132 	 -3.13864199 	 -0.23381348 	 102.16827289 	 5.10026029 	 3.87142923 	 0.87060400 	 0.00944000 	 0.00000000 	 0.00000000 	 0.05394335 	 82.80720800 	 0.19359867 	 0.00000000 	 0.00710323 	 0.94427730 	 0.00000000 	 0.01646464 	 0.00629333 	 0.04216533 	 0.00637200 	 19.58977079 	 14.44807733 	 7.66598800 	 0.22645244 	 0.00000000 	 3.01994143 	 0.00000000 	 0.02530949 	 0.00755200 	 0.00172137 	 0.72742397 	 0.70548267 	 10.09304229 	 315.39575694 	 54.33353913 	 59.93980155 	 0.87148765 	 7.02900372 	 0.99870848 	 4.91394127
2133 	 -3.13864199 	 -0.22082384 	 101.86974248 	 5.09390437 	 3.84428121 	 0.86322600 	 0.00936000 	 0.00000000 	 0.00000000 	 0.05348621 	 82.10545200 	 0.19195800 	 0.00000000 	 0.00704303 	 0.93627495 	 0.00000000 	 0.01632511 	 0.00624000 	 0.04180800 	 0.00631800 	 19.42375578 	 14.32563600 	 7.60102200 	 0.22453335 	 0.00000000 	 2.99434871 	 0.00000000 	 0.02509501 	 0.00748800 	 0.00170678 	 0.72125936 	 0.69950400 	 10.05345156 	 314.43494573 	 54.20284545 	 59.83847866 	 0.87148765 	 7.02900372 	 0.99232145 	 4.88279266
2134 	 -3.13864199 	 -0.20783420 	 101.57121207 	 5.08754845 	 3.81713319 	 0.85584800 	 0.00928000 	 0.00000000 	 0.00000000 	 0.05302906 	 81.40369600 	 0.19031733 	 0.00000000 	 0.00698283 	 0.92827260 	 0.00000000 	 0.01618558 	 0.00618667 	 0.04145067 	 0.00626400 	 19.25774077 	 14.20319467 	 7.53605600 	 0.22261426 	 0.00000000 	 2.96875598 	 0.00000000 	 0.02488052 	 0.00742400 	 0.00169220 	 0.71509475 	 0.69352533 	 10.01386082 	 313.47413451 	 54.07215178 	 59.73715577 	 0.87148765 	 7.02900372 	 0.98593442 	 4.85164405
2135 	 -3.13864199 	 -0.19484457 	 101.27268165 	 5.08119253 	 3.78998518 	 0.84847000 	 0.00920000 	 0.00000000 	 0.00000000 	 0.05257191 	 80.70194000 	 0.18867667 	 0.00000000 	 0.00692264 	 0.92027025 	 0.00000000 	 0.01604605 	 0.00613333 	 0.04109333 	 0.00621000 	 19.09172577 	 14.08075333 	 7.47109000 	 0.22069517 	 0.00000000 	 2.94316326 	 0.00000000 	 0.02466603 	 0.00736000 	 0.00167761 	 0.70893014 	 0.68754667 	 9.97427008 	 312.51332329 	 53.94145810 	 59.63583289 	 0.87148765 	 7.02900372 	 0.97954739 	 4.82049544
2136 	 -3.13864199 	 -0.18185493 	 100.97415124 	 5.07483661 	 3.76283716 	 0.84109200 	 0.00912000 	 0.00000000 	 0.00000000 	 0.05211476 	 80.00018400 	 0.18703600 	 0.00000000 	 0.00686244 	 0.91226790 	 0.00000000 	 0.01590652 	 0.00608000 	 0.04073600 	 0.00615600 	 18.92571076 	 13.95831200 	 7.40612400 	 0.21877609 	 0.00000000 	 2.91757054 	 0.00000000 	 0.02445155 	 0.00729600 	 0.00166302 	 0.70276553 	 0.68156800 	 9.93467934 	 311.55251208 	 53.81076442 	 59.53451000 	 0.87148765 	 7.02900372 	 0.97316036 	 4.78934683
2137 	 -3.13864199 	 -0.16886529 	 100.67562083 	 5.06848069 	 3.73568914 	 0.83371400 	 0.00904000 	 0.00000000 	 0.00000000 	 0.05165762 	 79.29842800 	 0.18539533 	 0.00000000 	 0.00680224 	 0.90426555 	 0.00000000 	 0.01576699 	 0.00602667 	 0.04037867 	 0.00610200 	 18.75969575 	 13.83587067 	 7.34115800 	 0.21685700 	 0.00000000 	 2.89197781 	 0.00000000 	 0.02423706 	 0.00723200 	 0.00164843 	 0.69660092 	 0.67558933 	 9.89508861 	 310.59170086 	 53.68007074 	 59.43318711 	 0.87148765 	 7.02900372 	 0.96677333 	 4.75819822
2138 	 -3.13864199 	 -0.15587565 	 100.37709042 	 5.06212477 	 3.70854113 	 0.82633600 	 0.00896000 	 0.00000000 	 0.00000000 	 0.05120047 	 78.59667200 	 0.18375467 	 0.00000000 	 0.00674205 	 0.89626320 	 0.00000000 	 0.01562746 	 0.00597333 	 0.04002133 	 0.00604800 	 18.59368075 	 13.71342933 	 7.27619200 	 0.21493791 	 0.00000000 	 2.86638509 	 0.00000000 	 0.02402257 	 0.00716800 	 0.00163384 	 0.69043631 	 0.66961067 	 9.85549787 	 309.63088964 	 53.54937707 	 59.33186422 	 0.87148765 	 7.02900372 	 0.96038630 	 4.72704960
2139 	 -3.13864199 	 -0.14288601 	 100.07856000 	 5.05576885 	 3.68139311 	 0.81895800 	 0.00888000 	 0.00000000 	 0.00000000 	 0.05074332 	 77.89491600 	 0.18211400 	 0.00000000 	 0.00668185 	 0.88826085 	 0.00000000 	 0.01548792 	 0.00592000 	 0.03966400 	 0.00599400 	 18.42766574 	 13.59098800 	 7.21122600 	 0.21301882 	 0.00000000 	 2.84079236 	 0.00000000 	 0.02380808 	 0.00710400 	 0.00161926 	 0.68427170 	 0.66363200 	 9.81590713 	 308.67007843 	 53.41868339 	 59.23054134 	 0.87148765 	 7.02900372 	 0.95399926 	 4.69590099
2140 	 -3.13864199 	 -0.12989638 	 99.78002959 	 5.04941292 	 3.65424509 	 0.81158000 	 0.00880000 	 0.00000000 	 0.00000000 	 0.05028618 	 77.19316000 	 0.18047333 	 0.00000000 	 0.00662165 	 0.88025850 	 0.00000000 	 0.01534839 	 0.00586667 	 0.03930667 	 0.00594000 	 18.26165073 	 13.46854667 	 7.14626000 	 0.21109973 	 0.00000000 	 2.81519964 	 0.00000000 	 0.02359360 	 0.00704000 	 0.00160467 	 0.67810709 	 0.65765333 	 9.77631639 	 307.70926721 	 53.28798971 	 59.12921845 	 0.87148765 	 7.02900372 	 0.94761223 	 4.66475238
2141 	 -3.07586915 	 -0.11690674 	 99.48149918 	 5.04305700 	 3.62709707 	 0.80420200 	 0.00872000 	 0.00000000 	 0.00000000 	 0.04982903 	 76.49140400 	 0.17883267 	 0.00000000 	 0.00656146 	 0.87225615 	 0.00000000 	 0.01520886 	 0.00581333 	 0.03894933 	 0.00588600 	 18.09563573 	 13.34610533 	 7.08129400 	 0.20918064 	 0.00000000 	 2.78960692 	 0.00000000 	 0.02337911 	 0.00697600 	 0.00159008 	 0.67194248 	 0.65167467 	 9.73672566 	 306.74845599 	 53.15729604 	 59.02789556 	 0.87148765 	 7.02900372 	 0.94122520 	 4.63360377
2142 	 -3.01309631 	 -0.10391710 	 99.18296877 	 5.03670108 	 3.59994906 	 0.79682400 	 0.00864000 	 0.00000000 	 0.00000000 	 0.04937188 	 75.78964800 	 0.17719200 	 0.00000000 	 0.00650126 	 0.86425380 	 0.00000000 	 0.01506933 	 0.00576000 	 0.03859200 	 0.00583200 	 17.92962072 	 13.22366400 	 7.01632800 	 0.20726155 	 0.00000000 	 2.76401419 	 0.00000000 	 0.02316462 	 0.00691200 	 0.00157549 	 0.66577787 	 0.64569600 	 9.69713492 	 305.78764478 	 53.02660236 	 58.92657268 	 0.87148765 	 7.02900372 	 0.93483817 	 4.60245516
2143 	 -2.95032347 	 -0.09092746 	 98.88443835 	 5.03034516 	 3.57280104 	 0.78944600 	 0.00856000 	 0.00000000 	 0.00000000 	 0.04891474 	 75.08789200 	 0.17555133 	 0.00000000 	 0.00644106 	 0.85625145 	 0.00000000 	 0.01492980 	 0.00570667 	 0.03823467 	 0.00577800 	 17.76360571 	 13.10122267 	 6.95136200 	 0.20534247 	 0.00000000 	 2.73842147 	 0.00000000 	 0.02295013 	 0.00684800 	 0.00156090 	 0.65961326 	 0.63971733 	 9.65754418 	 304.82683356 	 52.89590868 	 58.82524979 	 0.87148765 	 7.02900372 	 0.92845114 	 4.57130655
2144 	 -2.88755063 	 -0.07793783 	 98.58590794 	 5.02398924 	 3.54565302 	 0.78206800 	 0.00848000 	 0.00000000 	 0.00000000 	 0.04845759 	 74.38613600 	 0.17391067 	 0.00000000 	 0.00638087 	 0.84824910 	 0.00000000 	 0.01479027 	 0.00565333 	 0.03787733 	 0.00572400 	 17.59759071 	 12.97878133 	 6.88639600 	 0.20342338 	 0.00000000 	 2.71282874 	 0.00000000 	 0.02273565 	 0.00678400 	 0.00154632 	 0.65344865 	 0.63373867 	 9.61795344 	 303.86602235 	 52.76521500 	 58.72392690 	 0.87148765 	 7.02900372 	 0.92206411 	 4.54015794
2145 	 -2.82477779 	 -0.06494819 	 98.28737753 	 5.01763332 	 3.51850501 	 0.77469000 	 0.00840000 	 0.00000000 	 0.00000000 	 0.04800044 	 73.68438000 	 0.17227000 	 0.00000000 	 0.00632067 	 0.84024675 	 0.00000000 	 0.01465074 	 0.00560000 	 0.03752000 	 0.00567000 	 17.43157570 	 12.85634000 	 6.82143000 	 0.20150429 	 0.00000000 	 2.68723602 	 0.00000000 	 0.02252116 	 0.00672000 	 0.00153173 	 0.64728404 	 0.62776000 	 9.57836271 	 302.90521113 	 52.63452133 	 58.62260401 	 0.87148765 	 7.02900372 	 0.91567708 	 4.50900933
2146 	 -2.76200495 	 -0.05195855 	 97.98884712 	 5.01127740 	 3.49135699 	 0.76731200 	 0.00832000 	 0.00000000 	 0.00000000 	 0.04754329 	 72.98262400 	 0.17062933 	 0.00000000 	 0.00626047 	 0.83224440 	 0.00000000 	 0.01451121 	 0.00554667 	 0.03716267 	 0.00561600 	 17.26556069 	 12.73389867 	 6.75646400 	 0.19958520 	 0.00000000 	 2.66164330 	 0.00000000 	 0.02230667 	 0.00665600 	 0.00151714 	 0.64111943 	 0.62178133 	 9.53877197 	 301.94439991 	 52.50382765 	 58.52128113 	 0.87148765 	 7.02900372 	 0.90929005 	 4.47786072
2147 	 -2.69923211 	 -0.03896891 	 97.69031670 	 5.00492148 	 3.46420897 	 0.75993400 	 0.00824000 	 0.00000000 	 0.00000000 	 0.04708615 	 72.28086800 	 0.16898867 	 0.00000000 	 0.00620027 	 0.82424205 	 0.00000000 	 0.01437168 	 0.00549333 	 0.03680533 	 0.00556200 	 17.09954569 	 12.61145733 	 6.69149800 	 0.19766611 	 0.00000000 	 2.63605057 	 0.00000000 	 0.02209219 	 0.00659200 	 0.00150255 	 0.63495482 	 0.61580267 	 9.49918123 	 300.98358870 	 52.37313397 	 58.41995824 	 0.87148765 	 7.02900372 	 0.90290302 	 4.44671211
2148 	 -2.63645927 	 -0.02597928 	 97.39178629 	 4.99856556 	 3.43706096 	 0.75255600 	 0.00816000 	 0.00000000 	 0.00000000 	 0.04662900 	 71.57911200 	 0.16734800 	 0.00000000 	 0.00614008 	 0.81623970 	 0.00000000 	 0.01423215 	 0.00544000 	 0.03644800 	 0.00550800 	 16.93353068 	 12.48901600 	 6.62653200 	 0.19574702 	 0.00000000 	 2.61045785 	 0.00000000 	 0.02187770 	 0.00652800 	 0.00148796 	 0.62879021 	 0.60982400 	 9.45959049 	 300.02277748 	 52.24244030 	 58.31863535 	 0.87148765 	 7.02900372 	 0.89651599 	 4.41556350
2149 	 -2.57368643 	 -0.01298964 	 97.09325588 	 4.99220964 	 3.40991294 	 0.74517800 	 0.00808000 	 0.00000000 	 0.00000000 	 0.04617185 	 70.87735600 	 0.16570733 	 0.00000000 	 0.00607988 	 0.80823735 	 0.00000000 	 0.01409262 	 0.00538667 	 0.03609067 	 0.00545400 	 16.76751567 	 12.36657467 	 6.56156600 	 0.19382794 	 0.00000000 	 2.58486512 	 0.00000000 	 0.02166321 	 0.00646400 	 0.00147338 	 0.62262560 	 0.60384533 	 9.41999976 	 299.06196626 	 52.11174662 	 58.21731247 	 0.87148765 	 7.02900372 	 0.89012896 	 4.38441489
2150 	 -2.51091359 	 0.00000000 	 96.79472547 	 4.98585372 	 3.38276492 	 0.73780000 	 0.00800000 	 0.00000000 	 0.00000000 	 0.04571471 	 70.17560000 	 0.16406667 	 0.00000000 	 0.00601968 	 0.80023500 	 0.00000000 	 0.01395309 	 0.00533333 	 0.03573333 	 0.00540000 	 16.60150067 	 12.24413333 	 6.49660000 	 0.19190885 	 0.00000000 	 2.55927240 	 0.00000000 	 0.02144872 	 0.00640000 	 0.00145879 	 0.61646099 	 0.59786667 	 9.38040902 	 298.10115505 	 51.98105294 	 58.11598958 	 0.87148765 	 7.02900372 	 0.88374192 	 4.35326628
2151 	 -2.44814075 	 0.00000000 	 96.49619505 	 4.97949780 	 3.35561690 	 0.73042200 	 0.00792000 	 0.00000000 	 0.00000000 	 0.04525756 	 69.47384400 	 0.16242600 	 0.00000000 	 0.00595949 	 0.79223265 	 0.00000000 	 0.01381355 	 0.00528000 	 0.03537600 	 0.00534600 	 16.43548566 	 12.12169200 	 6.43163400 	 0.18998976 	 0.00000000 	 2.53367968 	 0.00000000 	 0.02123424 	 0.00633600 	 0.00144420 	 0.61029638 	 0.59188800 	 9.34081828 	 297.14034383 	 51.85035926 	 58.01466669 	 0.87148765 	 7.02900372 	 0.87735489 	 4.32211767
2152 	 -2.38536791 	 0.00000000 	 96.19766464 	 4.97314188 	 3.32846889 	 0.72304400 	 0.00784000 	 0.00000000 	 0.00000000 	 0.04480041 	 68.77208800 	 0.16078533 	 0.00000000 	 0.00589929 	 0.78423030 	 0.00000000 	 0.01367402 	 0.00522667 	 0.03501867 	 0.00529200 	 16.26947065 	 11.99925067 	 6.36666800 	 0.18807067 	 0.00000000 	 2.50808695 	 0.00000000 	 0.02101975 	 0.00627200 	 0.00142961 	 0.60413177 	 0.58590933 	 9.30122754 	 296.17953261 	 51.71966559 	 57.91334380 	 0.87148765 	 7.02900372 	 0.87096786 	 4.29096906
2153 	 -2.32259507 	 0.00000000 	 95.89913423 	 4.96678596 	 3.30132087 	 0.71566600 	 0.00776000 	 0.00000000 	 0.00000000 	 0.04434326 	 68.07033200 	 0.15914467 	 0.00000000 	 0.00583909 	 0.77622795 	 0.00000000 	 0.01353449 	 0.00517333 	 0.03466133 	 0.00523800 	 16.10345565 	 11.87680933 	 6.30170200 	 0.18615158 	 0.00000000 	 2.48249423 	 0.00000000 	 0.02080526 	 0.00620800 	 0.00141503 	 0.59796716 	 0.57993067 	 9.26163681 	 295.21872140 	 51.58897191 	 57.81202092 	 0.87148765 	 7.02900372 	 0.86458083 	 4.25982045
2154 	 -2.25982223 	 0.00000000 	 95.60060382 	 4.96043004 	 3.27417285 	 0.70828800 	 0.00768000 	 0.00000000 	 0.00000000 	 0.04388612 	 67.36857600 	 0.15750400 	 0.00000000 	 0.00577890 	 0.76822560 	 0.00000000 	 0.01339496 	 0.00512000 	 0.03430400 	 0.00518400 	 15.93744064 	 11.75436800 	 6.23673600 	 0.18423249 	 0.00000000 	 2.45690150 	 0.00000000 	 0.02059078 	 0.00614400 	 0.00140044 	 0.59180255 	 0.57395200 	 9.22204607 	 294.25791018 	 51.45827823 	 57.71069803 	 0.87148765 	 7.02900372 	 0.85819380 	 4.22867184
2155 	 -2.19704939 	 0.00000000 	 95.30207341 	 4.95407412 	 3.24702484 	 0.70091000 	 0.00760000 	 0.00000000 	 0.00000000 	 0.04342897 	 66.66682000 	 0.15586333 	 0.00000000 	 0.00571870 	 0.76022325 	 0.00000000 	 0.01325543 	 0.00506667 	 0.03394667 	 0.00513000 	 15.77142563 	 11.63192667 	 6.17177000 	 0.18231340 	 0.00000000 	 2.43130878 	 0.00000000 	 0.02037629 	 0.00608000 	 0.00138585 	 0.58563794 	 0.56797333 	 9.18245533 	 293.29709896 	 51.32758456 	 57.60937514 	 0.87148765 	 7.02900372 	 0.85180677 	 4.19752323
2156 	 -2.13427655 	 0.00000000 	 95.00354299 	 4.94771820 	 3.21987682 	 0.69353200 	 0.00752000 	 0.00000000 	 0.00000000 	 0.04297182 	 65.96506400 	 0.15422267 	 0.00000000 	 0.00565850 	 0.75222090 	 0.00000000 	 0.01311590 	 0.00501333 	 0.03358933 	 0.00507600 	 15.60541063 	 11.50948533 	 6.10680400 	 0.18039432 	 0.00000000 	 2.40571606 	 0.00000000 	 0.02016180 	 0.00601600 	 0.00137126 	 0.57947333 	 0.56199467 	 9.14286459 	 292.33628775 	 51.19689088 	 57.50805226 	 0.87148765 	 7.02900372 	 0.84541974 	 4.16637462
2157 	 -2.07150371 	 0.00000000 	 94.70501258 	 4.94136228 	 3.19272880 	 0.68615400 	 0.00744000 	 0.00000000 	 0.00000000 	 0.04251468 	 65.26330800 	 0.15258200 	 0.00000000 	 0.00559831 	 0.74421855 	 0.00000000 	 0.01297637 	 0.00496000 	 0.03323200 	 0.00502200 	 15.43939562 	 11.38704400 	 6.04183800 	 0.17847523 	 0.00000000 	 2.38012333 	 0.00000000 	 0.01994731 	 0.00595200 	 0.00135667 	 0.57330872 	 0.55601600 	 9.10327386 	 291.37547653 	 51.06619720 	 57.40672937 	 0.87148765 	 7.02900372 	 0.83903271 	 4.13522601
2158 	 -2.00873087 	 0.00000000 	 94.40648217 	 4.93500636 	 3.16558078 	 0.67877600 	 0.00736000 	 0.00000000 	 0.00000000 	 0.04205753 	 64.56155200 	 0.15094133 	 0.00000000 	 0.00553811 	 0.73621620 	 0.00000000 	 0.01283684 	 0.00490667 	 0.03287467 	 0.00496800 	 15.27338061 	 11.26460267 	 5.97687200 	 0.17655614 	 0.00000000 	 2.35453061 	 0.00000000 	 0.01973283 	 0.00588800 	 0.00134209 	 0.56714411 	 0.55003733 	 9.06368312 	 290.41466532 	 50.93550352 	 57.30540648 	 0.87148765 	 7.02900372 	 0.83264568 	 4.10407740
2159 	 -1.94595804 	 0.00000000 	 94.10795176 	 4.92865044 	 3.13843277 	 0.67139800 	 0.00728000 	 0.00000000 	 0.00000000 	 0.04160038 	 63.85979600 	 0.14930067 	 0.00000000 	 0.00547791 	 0.72821385 	 0.00000000 	 0.01269731 	 0.00485333 	 0.03251733 	 0.00491400 	 15.10736561 	 11.14216133 	 5.91190600 	 0.17463705 	 0.00000000 	 2.32893788 	 0.00000000 	 0.01951834 	 0.00582400 	 0.00132750 	 0.56097950 	 0.54405867 	 9.02409238 	 289.45385410 	 50.80480985 	 57.20408360 	 0.87148765 	 7.02900372 	 0.82625865 	 4.07292879
2160 	 -1.88318520 	 0.00000000 	 93.80942134 	 4.92229452 	 3.11128475 	 0.66402000 	 0.00720000 	 0.00000000 	 0.00000000 	 0.04114324 	 63.15804000 	 0.14766000 	 0.00000000 	 0.00541772 	 0.72021150 	 0.00000000 	 0.01255778 	 0.00480000 	 0.03216000 	 0.00486000 	 14.94135060 	 11.01972000 	 5.84694000 	 0.17271796 	 0.00000000 	 2.30334516 	 0.00000000 	 0.01930385 	 0.00576000 	 0.00131291 	 0.55481489 	 0.53808000 	 8.98450164 	 288.49304288 	 50.67411617 	 57.10276071 	 0.87148765 	 7.02900372 	 0.81987162 	 4.04178018
2161 	 -1.82041236 	 0.00000000 	 93.51089093 	 4.91593860 	 3.08413673 	 0.65664200 	 0.00712000 	 0.00000000 	 0.00000000 	 0.04068609 	 62.45628400 	 0.14601933 	 0.00000000 	 0.00535752 	 0.71220915 	 0.00000000 	 0.01241825 	 0.00474667 	 0.03180267 	 0.00480600 	 14.77533559 	 10.89727867 	 5.78197400 	 0.17079887 	 0.00000000 	 2.27775244 	 0.00000000 	 0.01908936 	 0.00569600 	 0.00129832 	 0.54865028 	 0.53210133 	 8.94491091 	 287.53223167 	 50.54342249 	 57.00143782 	 0.87148765 	 7.02900372 	 0.81348458 	 4.01063157
2162 	 -1.75763952 	 0.00000000 	 93.21236052 	 4.90958268 	 3.05698872 	 0.64926400 	 0.00704000 	 0.00000000 	 0.00000000 	 0.04022894 	 61.75452800 	 0.14437867 	 0.00000000 	 0.00529732 	 0.70420680 	 0.00000000 	 0.01227872 	 0.00469333 	 0.03144533 	 0.00475200 	 14.60932059 	 10.77483733 	 5.71700800 	 0.16887979 	 0.00000000 	 2.25215971 	 0.00000000 	 0.01887488 	 0.00563200 	 0.00128373 	 0.54248567 	 0.52612267 	 8.90532017 	 286.57142045 	 50.41272882 	 56.90011493 	 0.87148765 	 7.02900372 	 0.80709755 	 3.97948296
2163 	 -1.69486668 	 0.00000000 	 92.91383011 	 4.90322676 	 3.02984070 	 0.64188600 	 0.00696000 	 0.00000000 	 0.00000000 	 0.03977179 	 61.05277200 	 0.14273800 	 0.00000000 	 0.00523713 	 0.69620445 	 0.00000000 	 0.01213918 	 0.00464000 	 0.03108800 	 0.00469800 	 14.44330558 	 10.65239600 	 5.65204200 	 0.16696070 	 0.00000000 	 2.22656699 	 0.00000000 	 0.01866039 	 0.00556800 	 0.00126915 	 0.53632106 	 0.52014400 	 8.86572943 	 285.61060923 	 50.28203514 	 56.79879205 	 0.87148765 	 7.02900372 	 0.80071052 	 3.94833435
2164 	 -1.63209384 	 0.00000000 	 92.61529969 	 4.89687084 	 3.00269268 	 0.63450800 	 0.00688000 	 0.00000000 	 0.00000000 	 0.03931465 	 60.35101600 	 0.14109733 	 0.00000000 	 0.00517693 	 0.68820210 	 0.00000000 	 0.01199965 	 0.00458667 	 0.03073067 	 0.00464400 	 14.27729057 	 10.52995467 	 5.58707600 	 0.16504161 	 0.00000000 	 2.20097426 	 0.00000000 	 0.01844590 	 0.00550400 	 0.00125456 	 0.53015645 	 0.51416533 	 8.82613869 	 284.64979802 	 50.15134146 	 56.69746916 	 0.87148765 	 7.02900372 	 0.79432349 	 3.91718574
2165 	 -1.56932100 	 0.00000000 	 92.31676928 	 4.89051492 	 2.97554466 	 0.62713000 	 0.00680000 	 0.00000000 	 0.00000000 	 0.03885750 	 59.64926000 	 0.13945667 	 0.00000000 	 0.00511673 	 0.68019975 	 0.00000000 	 0.01186012 	 0.00453333 	 0.03037333 	 0.00459000 	 14.11127557 	 10.40751333 	 5.52211000 	 0.16312252 	 0.00000000 	 2.17538154 	 0.00000000 	 0.01823142 	 0.00544000 	 0.00123997 	 0.52399184 	 0.50818667 	 8.78654796 	 283.68898680 	 50.02064778 	 56.59614627 	 0.87148765 	 7.02900372 	 0.78793646 	 3.88603713
2166 	 -1.50654816 	 0.00000000 	 92.01823887 	 4.88415900 	 2.94839665 	 0.61975200 	 0.00672000 	 0.00000000 	 0.00000000 	 0.03840035 	 58.94750400 	 0.13781600 	 0.00000000 	 0.00505653 	 0.67219740 	 0.00000000 	 0.01172059 	 0.00448000 	 0.03001600 	 0.00453600 	 13.94526056 	 10.28507200 	 5.45714400 	 0.16120343 	 0.00000000 	 2.14978882 	 0.00000000 	 0.01801693 	 0.00537600 	 0.00122538 	 0.51782723 	 0.50220800 	 8.74695722 	 282.72817558 	 49.88995411 	 56.49482339 	 0.87148765 	 7.02900372 	 0.78154943 	 3.85488852
2167 	 -1.44377532 	 0.00000000 	 91.71970846 	 4.87780308 	 2.92124863 	 0.61237400 	 0.00664000 	 0.00000000 	 0.00000000 	 0.03794321 	 58.24574800 	 0.13617533 	 0.00000000 	 0.00499634 	 0.66419505 	 0.00000000 	 0.01158106 	 0.00442667 	 0.02965867 	 0.00448200 	 13.77924555 	 10.16263067 	 5.39217800 	 0.15928434 	 0.00000000 	 2.12419609 	 0.00000000 	 0.01780244 	 0.00531200 	 0.00121080 	 0.51166262 	 0.49622933 	 8.70736648 	 281.76736437 	 49.75926043 	 56.39350050 	 0.87148765 	 7.02900372 	 0.77516240 	 3.82373991
2168 	 -1.38100248 	 0.00000000 	 91.42117804 	 4.87144716 	 2.89410061 	 0.60499600 	 0.00656000 	 0.00000000 	 0.00000000 	 0.03748606 	 57.54399200 	 0.13453467 	 0.00000000 	 0.00493614 	 0.65619270 	 0.00000000 	 0.01144153 	 0.00437333 	 0.02930133 	 0.00442800 	 13.61323055 	 10.04018933 	 5.32721200 	 0.15736525 	 0.00000000 	 2.09860337 	 0.00000000 	 0.01758795 	 0.00524800 	 0.00119621 	 0.50549801 	 0.49025067 	 8.66777574 	 280.80655315 	 49.62856675 	 56.29217761 	 0.87148765 	 7.02900372 	 0.76877537 	 3.79259130
2169 	 -1.31822964 	 0.00000000 	 91.12264763 	 4.86509124 	 2.86695260 	 0.59761800 	 0.00648000 	 0.00000000 	 0.00000000 	 0.03702891 	 56.84223600 	 0.13289400 	 0.00000000 	 0.00487594 	 0.64819035 	 0.00000000 	 0.01130200 	 0.00432000 	 0.02894400 	 0.00437400 	 13.44721554 	 9.91774800 	 5.26224600 	 0.15544617 	 0.00000000 	 2.07301064 	 0.00000000 	 0.01737347 	 0.00518400 	 0.00118162 	 0.49933340 	 0.48427200 	 8.62818501 	 279.84574193 	 49.49787308 	 56.19085472 	 0.87148765 	 7.02900372 	 0.76238834 	 3.76144269
2170 	 -1.25545680 	 0.00000000 	 90.82411722 	 4.85873532 	 2.83980458 	 0.59024000 	 0.00640000 	 0.00000000 	 0.00000000 	 0.03657176 	 56.14048000 	 0.13125333 	 0.00000000 	 0.00481575 	 0.64018800 	 0.00000000 	 0.01116247 	 0.00426667 	 0.02858667 	 0.00432000 	 13.28120053 	 9.79530667 	 5.19728000 	 0.15352708 	 0.00000000 	 2.04741792 	 0.00000000 	 0.01715898 	 0.00512000 	 0.00116703 	 0.49316879 	 0.47829333 	 8.58859427 	 278.88493072 	 49.36717940 	 56.08953184 	 0.87148765 	 7.02900372 	 0.75600131 	 3.73029408
2171 	 -1.19268396 	 0.00000000 	 90.52558681 	 4.85237939 	 2.81265656 	 0.58286200 	 0.00632000 	 0.00000000 	 0.00000000 	 0.03611462 	 55.43872400 	 0.12961267 	 0.00000000 	 0.00475555 	 0.63218565 	 0.00000000 	 0.01102294 	 0.00421333 	 0.02822933 	 0.00426600 	 13.11518553 	 9.67286533 	 5.13231400 	 0.15160799 	 0.00000000 	 2.02182520 	 0.00000000 	 0.01694449 	 0.00505600 	 0.00115244 	 0.48700418 	 0.47231467 	 8.54900353 	 277.92411950 	 49.23648572 	 55.98820895 	 0.87148765 	 7.02900372 	 0.74961428 	 3.69914547
2172 	 -1.12991112 	 0.00000000 	 90.22705639 	 4.84602347 	 2.78550855 	 0.57548400 	 0.00624000 	 0.00000000 	 0.00000000 	 0.03565747 	 54.73696800 	 0.12797200 	 0.00000000 	 0.00469535 	 0.62418330 	 0.00000000 	 0.01088341 	 0.00416000 	 0.02787200 	 0.00421200 	 12.94917052 	 9.55042400 	 5.06734800 	 0.14968890 	 0.00000000 	 1.99623247 	 0.00000000 	 0.01673000 	 0.00499200 	 0.00113786 	 0.48083957 	 0.46633600 	 8.50941279 	 276.96330828 	 49.10579204 	 55.88688606 	 0.87148765 	 7.02900372 	 0.74322724 	 3.66799686
2173 	 -1.06713828 	 0.00000000 	 89.92852598 	 4.83966755 	 2.75836053 	 0.56810600 	 0.00616000 	 0.00000000 	 0.00000000 	 0.03520032 	 54.03521200 	 0.12633133 	 0.00000000 	 0.00463516 	 0.61618095 	 0.00000000 	 0.01074388 	 0.00410667 	 0.02751467 	 0.00415800 	 12.78315551 	 9.42798267 	 5.00238200 	 0.14776981 	 0.00000000 	 1.97063975 	 0.00000000 	 0.01651552 	 0.00492800 	 0.00112327 	 0.47467496 	 0.46035733 	 8.46982206 	 276.00249707 	 48.97509837 	 55.78556318 	 0.87148765 	 7.02900372 	 0.73684021 	 3.63684825
2174 	 -1.00436544 	 0.00000000 	 89.62999557 	 4.83331163 	 2.73121251 	 0.56072800 	 0.00608000 	 0.00000000 	 0.00000000 	 0.03474318 	 53.33345600 	 0.12469067 	 0.00000000 	 0.00457496 	 0.60817860 	 0.00000000 	 0.01060434 	 0.00405333 	 0.02715733 	 0.00410400 	 12.61714051 	 9.30554133 	 4.93741600 	 0.14585072 	 0.00000000 	 1.94504702 	 0.00000000 	 0.01630103 	 0.00486400 	 0.00110868 	 0.46851035 	 0.45437867 	 8.43023132 	 275.04168585 	 48.84440469 	 55.68424029 	 0.87148765 	 7.02900372 	 0.73045318 	 3.60569964
2175 	 -0.94159260 	 0.00000000 	 89.33146516 	 4.82695571 	 2.70406449 	 0.55335000 	 0.00600000 	 0.00000000 	 0.00000000 	 0.03428603 	 52.63170000 	 0.12305000 	 0.00000000 	 0.00451476 	 0.60017625 	 0.00000000 	 0.01046481 	 0.00400000 	 0.02680000 	 0.00405000 	 12.45112550 	 9.18310000 	 4.87245000 	 0.14393164 	 0.00000000 	 1.91945430 	 0.00000000 	 0.01608654 	 0.00480000 	 0.00109409 	 0.46234575 	 0.44840000 	 8.39064058 	 274.08087464 	 48.71371101 	 55.58291740 	 0.87148765 	 7.02900372 	 0.72406615 	 3.57455103
2176 	 -0.87881976 	 0.00000000 	 89.03293474 	 4.82059979 	 2.67691648 	 0.54597200 	 0.00592000 	 0.00000000 	 0.00000000 	 0.03382888 	 51.92994400 	 0.12140933 	 0.00000000 	 0.00445457 	 0.59217390 	 0.00000000 	 0.01032528 	 0.00394667 	 0.02644267 	 0.00399600 	 12.28511049 	 9.06065867 	 4.80748400 	 0.14201255 	 0.00000000 	 1.89386158 	 0.00000000 	 0.01587206 	 0.00473600 	 0.00107950 	 0.45618114 	 0.44242133 	 8.35104984 	 273.12006342 	 48.58301734 	 55.48159451 	 0.87148765 	 7.02900372 	 0.71767912 	 3.54340242
2177 	 -0.81604692 	 0.00000000 	 88.73440433 	 4.81424387 	 2.64976846 	 0.53859400 	 0.00584000 	 0.00000000 	 0.00000000 	 0.03337174 	 51.22818800 	 0.11976867 	 0.00000000 	 0.00439437 	 0.58417155 	 0.00000000 	 0.01018575 	 0.00389333 	 0.02608533 	 0.00394200 	 12.11909549 	 8.93821733 	 4.74251800 	 0.14009346 	 0.00000000 	 1.86826885 	 0.00000000 	 0.01565757 	 0.00467200 	 0.00106492 	 0.45001653 	 0.43644267 	 8.31145911 	 272.15925220 	 48.45232366 	 55.38027163 	 0.87148765 	 7.02900372 	 0.71129209 	 3.51225381
2178 	 -0.75327408 	 0.00000000 	 88.43587392 	 4.80788795 	 2.62262044 	 0.53121600 	 0.00576000 	 0.00000000 	 0.00000000 	 0.03291459 	 50.52643200 	 0.11812800 	 0.00000000 	 0.00433417 	 0.57616920 	 0.00000000 	 0.01004622 	 0.00384000 	 0.02572800 	 0.00388800 	 11.95308048 	 8.81577600 	 4.67755200 	 0.13817437 	 0.00000000 	 1.84267613 	 0.00000000 	 0.01544308 	 0.00460800 	 0.00105033 	 0.44385192 	 0.43046400 	 8.27186837 	 271.19844099 	 48.32162998 	 55.27894874 	 0.87148765 	 7.02900372 	 0.70490506 	 3.48110520
2179 	 -0.69050124 	 0.00000000 	 88.13734351 	 4.80153203 	 2.59547243 	 0.52383800 	 0.00568000 	 0.00000000 	 0.00000000 	 0.03245744 	 49.82467600 	 0.11648733 	 0.00000000 	 0.00427398 	 0.56816685 	 0.00000000 	 0.00990669 	 0.00378667 	 0.02537067 	 0.00383400 	 11.78706547 	 8.69333467 	 4.61258600 	 0.13625528 	 0.00000000 	 1.81708340 	 0.00000000 	 0.01522859 	 0.00454400 	 0.00103574 	 0.43768731 	 0.42448533 	 8.23227763 	 270.23762977 	 48.19093630 	 55.17762585 	 0.87148765 	 7.02900372 	 0.69851803 	 3.44995659
2180 	 -0.62772840 	 0.00000000 	 87.83881309 	 4.79517611 	 2.56832441 	 0.51646000 	 0.00560000 	 0.00000000 	 0.00000000 	 0.03200029 	 49.12292000 	 0.11484667 	 0.00000000 	 0.00421378 	 0.56016450 	 0.00000000 	 0.00976716 	 0.00373333 	 0.02501333 	 0.00378000 	 11.62105047 	 8.57089333 	 4.54762000 	 0.13433619 	 0.00000000 	 1.79149068 	 0.00000000 	 0.01501411 	 0.00448000 	 0.00102115 	 0.43152270 	 0.41850667 	 8.19268689 	 269.27681855 	 48.06024263 	 55.07630297 	 0.87148765 	 7.02900372 	 0.69213100 	 3.41880798
2181 	 -0.56495556 	 0.00000000 	 87.54028268 	 4.78882019 	 2.54117639 	 0.50908200 	 0.00552000 	 0.00000000 	 0.00000000 	 0.03154315 	 48.42116400 	 0.11320600 	 0.00000000 	 0.00415358 	 0.55216215 	 0.00000000 	 0.00962763 	 0.00368000 	 0.02465600 	 0.00372600 	 11.45503546 	 8.44845200 	 4.48265400 	 0.13241710 	 0.00000000 	 1.76589796 	 0.00000000 	 0.01479962 	 0.00441600 	 0.00100656 	 0.42535809 	 0.41252800 	 8.15309616 	 268.31600734 	 47.92954895 	 54.97498008 	 0.87148765 	 7.02900372 	 0.68574397 	 3.38765936
2182 	 -0.50218272 	 0.00000000 	 87.24175227 	 4.78246427 	 2.51402837 	 0.50170400 	 0.00544000 	 0.00000000 	 0.00000000 	 0.03108600 	 47.71940800 	 0.11156533 	 0.00000000 	 0.00409339 	 0.54415980 	 0.00000000 	 0.00948810 	 0.00362667 	 0.02429867 	 0.00367200 	 11.28902045 	 8.32601067 	 4.41768800 	 0.13049802 	 0.00000000 	 1.74030523 	 0.00000000 	 0.01458513 	 0.00435200 	 0.00099198 	 0.41919348 	 0.40654933 	 8.11350542 	 267.35519612 	 47.79885527 	 54.87365719 	 0.87148765 	 7.02900372 	 0.67935694 	 3.35651075
2183 	 -0.43940988 	 0.00000000 	 86.94322186 	 4.77610835 	 2.48688036 	 0.49432600 	 0.00536000 	 0.00000000 	 0.00000000 	 0.03062885 	 47.01765200 	 0.10992467 	 0.00000000 	 0.00403319 	 0.53615745 	 0.00000000 	 0.00934857 	 0.00357333 	 0.02394133 	 0.00361800 	 11.12300545 	 8.20356933 	 4.35272200 	 0.12857893 	 0.00000000 	 1.71471251 	 0.00000000 	 0.01437065 	 0.00428800 	 0.00097739 	 0.41302887 	 0.40057067 	 8.07391468 	 266.39438490 	 47.66816160 	 54.77233430 	 0.87148765 	 7.02900372 	 0.67296991 	 3.32536214
2184 	 -0.37663704 	 0.00000000 	 86.64469144 	 4.76975243 	 2.45973234 	 0.48694800 	 0.00528000 	 0.00000000 	 0.00000000 	 0.03017171 	 46.31589600 	 0.10828400 	 0.00000000 	 0.00397299 	 0.52815510 	 0.00000000 	 0.00920904 	 0.00352000 	 0.02358400 	 0.00356400 	 10.95699044 	 8.08112800 	 4.28775600 	 0.12665984 	 0.00000000 	 1.68911978 	 0.00000000 	 0.01415616 	 0.00422400 	 0.00096280 	 0.40686426 	 0.39459200 	 8.03432394 	 265.43357369 	 47.53746792 	 54.67101142 	 0.87148765 	 7.02900372 	 0.66658287 	 3.29421353
2185 	 -0.31386420 	 0.00000000 	 86.34616103 	 4.76339651 	 2.43258432 	 0.47957000 	 0.00520000 	 0.00000000 	 0.00000000 	 0.02971456 	 45.61414000 	 0.10664333 	 0.00000000 	 0.00391279 	 0.52015275 	 0.00000000 	 0.00906951 	 0.00346667 	 0.02322667 	 0.00351000 	 10.79097543 	 7.95868667 	 4.22279000 	 0.12474075 	 0.00000000 	 1.66352706 	 0.00000000 	 0.01394167 	 0.00416000 	 0.00094821 	 0.40069965 	 0.38861333 	 7.99473321 	 264.47276247 	 47.40677424 	 54.56968853 	 0.87148765 	 7.02900372 	 0.66019584 	 3.26306492
2186 	 -0.25109136 	 0.00000000 	 86.04763062 	 4.75704059 	 2.40543631 	 0.47219200 	 0.00512000 	 0.00000000 	 0.00000000 	 0.02925741 	 44.91238400 	 0.10500267 	 0.00000000 	 0.00385260 	 0.51215040 	 0.00000000 	 0.00892997 	 0.00341333 	 0.02286933 	 0.00345600 	 10.62496043 	 7.83624533 	 4.15782400 	 0.12282166 	 0.00000000 	 1.63793434 	 0.00000000 	 0.01372718 	 0.00409600 	 0.00093363 	 0.39453504 	 0.38263467 	 7.95514247 	 263.51195125 	 47.27608056 	 54.46836564 	 0.87148765 	 7.02900372 	 0.65380881 	 3.23191631
2187 	 -0.18831852 	 0.00000000 	 85.74910021 	 4.75068467 	 2.37828829 	 0.46481400 	 0.00504000 	 0.00000000 	 0.00000000 	 0.02880026 	 44.21062800 	 0.10336200 	 0.00000000 	 0.00379240 	 0.50414805 	 0.00000000 	 0.00879044 	 0.00336000 	 0.02251200 	 0.00340200 	 10.45894542 	 7.71380400 	 4.09285800 	 0.12090257 	 0.00000000 	 1.61234161 	 0.00000000 	 0.01351270 	 0.00403200 	 0.00091904 	 0.38837043 	 0.37665600 	 7.91555173 	 262.55114004 	 47.14538689 	 54.36704276 	 0.87148765 	 7.02900372 	 0.64742178 	 3.20076770
2188 	 -0.12554568 	 0.00000000 	 85.45056979 	 4.74432875 	 2.35114027 	 0.45743600 	 0.00496000 	 0.00000000 	 0.00000000 	 0.02834312 	 43.50887200 	 0.10172133 	 0.00000000 	 0.00373220 	 0.49614570 	 0.00000000 	 0.00865091 	 0.00330667 	 0.02215467 	 0.00334800 	 10.29293041 	 7.59136267 	 4.02789200 	 0.11898348 	 0.00000000 	 1.58674889 	 0.00000000 	 0.01329821 	 0.00396800 	 0.00090445 	 0.38220582 	 0.37067733 	 7.87596099 	 261.59032882 	 47.01469321 	 54.26571987 	 0.87148765 	 7.02900372 	 0.64103475 	 3.16961909
2189 	 -0.06277284 	 0.00000000 	 85.15203938 	 4.73797283 	 2.32399225 	 0.45005800 	 0.00488000 	 0.00000000 	 0.00000000 	 0.02788597 	 42.80711600 	 0.10008067 	 0.00000000 	 0.00367201 	 0.48814335 	 0.00000000 	 0.00851138 	 0.00325333 	 0.02179733 	 0.00329400 	 10.12691541 	 7.46892133 	 3.96292600 	 0.11706440 	 0.00000000 	 1.56115616 	 0.00000000 	 0.01308372 	 0.00390400 	 0.00088986 	 0.37604121 	 0.36469867 	 7.83637026 	 260.62951761 	 46.88399953 	 54.16439698 	 0.87148765 	 7.02900372 	 0.63464772 	 3.13847048
2190 	 0.00000000 	 0.00000000 	 84.85350897 	 4.73161691 	 2.29684424 	 0.44268000 	 0.00480000 	 0.00000000 	 0.00000000 	 0.02742882 	 42.10536000 	 0.09844000 	 0.00000000 	 0.00361181 	 0.48014100 	 0.00000000 	 0.00837185 	 0.00320000 	 0.02144000 	 0.00324000 	 9.96090040 	 7.34648000 	 3.89796000 	 0.11514531 	 0.00000000 	 1.53556344 	 0.00000000 	 0.01286923 	 0.00384000 	 0.00087527 	 0.36987660 	 0.35872000 	 7.79677952 	 259.66870639 	 46.75330586 	 54.06307409 	 0.87148765 	 7.02900372 	 0.62826069 	 3.10732187
2191 	 0.00000000 	 0.00000000 	 84.55497856 	 4.72526099 	 2.26969622 	 0.43530200 	 0.00472000 	 0.00000000 	 0.00000000 	 0.02697168 	 41.40360400 	 0.09679933 	 0.00000000 	 0.00355161 	 0.47213865 	 0.00000000 	 0.00823232 	 0.00314667 	 0.02108267 	 0.00318600 	 9.79488539 	 7.22403867 	 3.83299400 	 0.11322622 	 0.00000000 	 1.50997072 	 0.00000000 	 0.01265475 	 0.00377600 	 0.00086069 	 0.36371199 	 0.35274133 	 7.75718878 	 258.70789517 	 46.62261218 	 53.96175121 	 0.87148765 	 7.02900372 	 0.62187366 	 3.07617326
2192 	 0.00000000 	 0.00000000 	 84.25644814 	 4.71890507 	 2.24254820 	 0.42792400 	 0.00464000 	 0.00000000 	 0.00000000 	 0.02651453 	 40.70184800 	 0.09515867 	 0.00000000 	 0.00349142 	 0.46413630 	 0.00000000 	 0.00809279 	 0.00309333 	 0.02072533 	 0.00313200 	 9.62887039 	 7.10159733 	 3.76802800 	 0.11130713 	 0.00000000 	 1.48437799 	 0.00000000 	 0.01244026 	 0.00371200 	 0.00084610 	 0.35754738 	 0.34676267 	 7.71759804 	 257.74708396 	 46.49191850 	 53.86042832 	 0.87148765 	 7.02900372 	 0.61548663 	 3.04502465
2193 	 0.00000000 	 0.00000000 	 83.95791773 	 4.71254915 	 2.21540019 	 0.42054600 	 0.00456000 	 0.00000000 	 0.00000000 	 0.02605738 	 40.00009200 	 0.09351800 	 0.00000000 	 0.00343122 	 0.45613395 	 0.00000000 	 0.00795326 	 0.00304000 	 0.02036800 	 0.00307800 	 9.46285538 	 6.97915600 	 3.70306200 	 0.10938804 	 0.00000000 	 1.45878527 	 0.00000000 	 0.01222577 	 0.00364800 	 0.00083151 	 0.35138277 	 0.34078400 	 7.67800731 	 256.78627274 	 46.36122482 	 53.75910543 	 0.87148765 	 7.02900372 	 0.60909960 	 3.01387604
2194 	 0.00000000 	 0.00000000 	 83.65938732 	 4.70619323 	 2.18825217 	 0.41316800 	 0.00448000 	 0.00000000 	 0.00000000 	 0.02560024 	 39.29833600 	 0.09187733 	 0.00000000 	 0.00337102 	 0.44813160 	 0.00000000 	 0.00781373 	 0.00298667 	 0.02001067 	 0.00302400 	 9.29684037 	 6.85671467 	 3.63809600 	 0.10746895 	 0.00000000 	 1.43319254 	 0.00000000 	 0.01201129 	 0.00358400 	 0.00081692 	 0.34521816 	 0.33480533 	 7.63841657 	 255.82546152 	 46.23053115 	 53.65778255 	 0.87148765 	 7.02900372 	 0.60271257 	 2.98272743
2195 	 0.00000000 	 0.00000000 	 83.36085691 	 4.69983731 	 2.16110415 	 0.40579000 	 0.00440000 	 0.00000000 	 0.00000000 	 0.02514309 	 38.59658000 	 0.09023667 	 0.00000000 	 0.00331083 	 0.44012925 	 0.00000000 	 0.00767420 	 0.00293333 	 0.01965333 	 0.00297000 	 9.13082537 	 6.73427333 	 3.57313000 	 0.10554987 	 0.00000000 	 1.40759982 	 0.00000000 	 0.01179680 	 0.00352000 	 0.00080233 	 0.33905355 	 0.32882667 	 7.59882583 	 254.86465031 	 46.09983747 	 53.55645966 	 0.87148765 	 7.02900372 	 0.59632553 	 2.95157882
2196 	 0.00000000 	 0.00000000 	 83.06232650 	 4.69348139 	 2.13395614 	 0.39841200 	 0.00432000 	 0.00000000 	 0.00000000 	 0.02468594 	 37.89482400 	 0.08859600 	 0.00000000 	 0.00325063 	 0.43212690 	 0.00000000 	 0.00753467 	 0.00288000 	 0.01929600 	 0.00291600 	 8.96481036 	 6.61183200 	 3.50816400 	 0.10363078 	 0.00000000 	 1.38200710 	 0.00000000 	 0.01158231 	 0.00345600 	 0.00078775 	 0.33288894 	 0.32284800 	 7.55923509 	 253.90383909 	 45.96914379 	 53.45513677 	 0.87148765 	 7.02900372 	 0.58993850 	 2.92043021
2197 	 0.00000000 	 0.00000000 	 82.76379608 	 4.68712547 	 2.10680812 	 0.39103400 	 0.00424000 	 0.00000000 	 0.00000000 	 0.02422879 	 37.19306800 	 0.08695533 	 0.00000000 	 0.00319043 	 0.42412455 	 0.00000000 	 0.00739514 	 0.00282667 	 0.01893867 	 0.00286200 	 8.79879535 	 6.48939067 	 3.44319800 	 0.10171169 	 0.00000000 	 1.35641437 	 0.00000000 	 0.01136782 	 0.00339200 	 0.00077316 	 0.32672433 	 0.31686933 	 7.51964436 	 252.94302787 	 45.83845012 	 53.35381388 	 0.87148765 	 7.02900372 	 0.58355147 	 2.88928160
2198 	 0.00000000 	 0.00000000 	 82.46526567 	 4.68076955 	 2.07966010 	 0.38365600 	 0.00416000 	 0.00000000 	 0.00000000 	 0.02377165 	 36.49131200 	 0.08531467 	 0.00000000 	 0.00313024 	 0.41612220 	 0.00000000 	 0.00725560 	 0.00277333 	 0.01858133 	 0.00280800 	 8.63278035 	 6.36694933 	 3.37823200 	 0.09979260 	 0.00000000 	 1.33082165 	 0.00000000 	 0.01115334 	 0.00332800 	 0.00075857 	 0.32055972 	 0.31089067 	 7.48005362 	 251.98221666 	 45.70775644 	 53.25249100 	 0.87148765 	 7.02900372 	 0.57716444 	 2.85813299
2199 	 0.00000000 	 0.00000000 	 82.16673526 	 4.67441363 	 2.05251208 	 0.37627800 	 0.00408000 	 0.00000000 	 0.00000000 	 0.02331450 	 35.78955600 	 0.08367400 	 0.00000000 	 0.00307004 	 0.40811985 	 0.00000000 	 0.00711607 	 0.00272000 	 0.01822400 	 0.00275400 	 8.46676534 	 6.24450800 	 3.31326600 	 0.09787351 	 0.00000000 	 1.30522892 	 0.00000000 	 0.01093885 	 0.00326400 	 0.00074398 	 0.31439511 	 0.30491200 	 7.44046288 	 251.02140544 	 45.57706276 	 53.15116811 	 0.87148765 	 7.02900372 	 0.57077741 	 2.82698438
2200 	 0.00000000 	 0.00000000 	 81.86820485 	 4.66805771 	 2.02536407 	 0.36890000 	 0.00400000 	 0.00000000 	 0.00000000 	 0.02285735 	 35.08780000 	 0.08203333 	 0.00000000 	 0.00300984 	 0.40011750 	 0.00000000 	 0.00697654 	 0.00266667 	 0.01786667 	 0.00270000 	 8.30075033 	 6.12206667 	 3.24830000 	 0.09595442 	 0.00000000 	 1.27963620 	 0.00000000 	 0.01072436 	 0.00320000 	 0.00072939 	 0.30823050 	 0.29893333 	 7.40087214 	 250.06059422 	 45.44636908 	 53.04984522 	 0.87148765 	 7.02900372 	 0.56439038 	 2.79583577
2201 	 0.00000000 	 0.00000000 	 81.56967443 	 4.66170178 	 1.99821605 	 0.36152200 	 0.00392000 	 0.00000000 	 0.00000000 	 0.02240021 	 34.38604400 	 0.08039267 	 0.00000000 	 0.00294965 	 0.39211515 	 0.00000000 	 0.00683701 	 0.00261333 	 0.01750933 	 0.00264600 	 8.13473533 	 5.99962533 	 3.18333400 	 0.09403533 	 0.00000000 	 1.25404348 	 0.00000000 	 0.01050987 	 0.00313600 	 0.00071481 	 0.30206589 	 0.29295467 	 7.36128141 	 249.09978301 	 45.31567541 	 52.94852234 	 0.87148765 	 7.02900372 	 0.55800335 	 2.76468716
2202 	 0.00000000 	 0.00000000 	 81.27114402 	 4.65534586 	 1.97106803 	 0.35414400 	 0.00384000 	 0.00000000 	 0.00000000 	 0.02194306 	 33.68428800 	 0.07875200 	 0.00000000 	 0.00288945 	 0.38411280 	 0.00000000 	 0.00669748 	 0.00256000 	 0.01715200 	 0.00259200 	 7.96872032 	 5.87718400 	 3.11836800 	 0.09211625 	 0.00000000 	 1.22845075 	 0.00000000 	 0.01029539 	 0.00307200 	 0.00070022 	 0.29590128 	 0.28697600 	 7.32169067 	 248.13897179 	 45.18498173 	 52.84719945 	 0.87148765 	 7.02900372 	 0.55161632 	 2.73353855
2203 	 0.00000000 	 0.00000000 	 80.97261361 	 4.64898994 	 1.94392002 	 0.34676600 	 0.00376000 	 0.00000000 	 0.00000000 	 0.02148591 	 32.98253200 	 0.07711133 	 0.00000000 	 0.00282925 	 0.37611045 	 0.00000000 	 0.00655795 	 0.00250667 	 0.01679467 	 0.00253800 	 7.80270531 	 5.75474267 	 3.05340200 	 0.09019716 	 0.00000000 	 1.20285803 	 0.00000000 	 0.01008090 	 0.00300800 	 0.00068563 	 0.28973667 	 0.28099733 	 7.28209993 	 247.17816058 	 45.05428805 	 52.74587656 	 0.87148765 	 7.02900372 	 0.54522929 	 2.70238994
2204 	 0.00000000 	 0.00000000 	 80.67408320 	 4.64263402 	 1.91677200 	 0.33938800 	 0.00368000 	 0.00000000 	 0.00000000 	 0.02102876 	 32.28077600 	 0.07547067 	 0.00000000 	 0.00276905 	 0.36810810 	 0.00000000 	 0.00641842 	 0.00245333 	 0.01643733 	 0.00248400 	 7.63669031 	 5.63230133 	 2.98843600 	 0.08827807 	 0.00000000 	 1.17726530 	 0.00000000 	 0.00986641 	 0.00294400 	 0.00067104 	 0.28357206 	 0.27501867 	 7.24250919 	 246.21734936 	 44.92359438 	 52.64455367 	 0.87148765 	 7.02900372 	 0.53884226 	 2.67124133
2205 	 0.00000000 	 0.00000000 	 80.37555278 	 4.63627810 	 1.88962398 	 0.33201000 	 0.00360000 	 0.00000000 	 0.00000000 	 0.02057162 	 31.57902000 	 0.07383000 	 0.00000000 	 0.00270886 	 0.36010575 	 0.00000000 	 0.00627889 	 0.00240000 	 0.01608000 	 0.00243000 	 7.47067530 	 5.50986000 	 2.92347000 	 0.08635898 	 0.00000000 	 1.15167258 	 0.00000000 	 0.00965193 	 0.00288000 	 0.00065646 	 0.27740745 	 0.26904000 	 7.20291846 	 245.25653814 	 44.79290070 	 52.54323079 	 0.87148765 	 7.02900372 	 0.53245523 	 2.64009272
2206 	 0.00000000 	 0.00000000 	 80.07702237 	 4.62992218 	 1.86247596 	 0.32463200 	 0.00352000 	 0.00000000 	 0.00000000 	 0.02011447 	 30.87726400 	 0.07218933 	 0.00000000 	 0.00264866 	 0.35210340 	 0.00000000 	 0.00613936 	 0.00234667 	 0.01572267 	 0.00237600 	 7.30466029 	 5.38741867 	 2.85850400 	 0.08443989 	 0.00000000 	 1.12607986 	 0.00000000 	 0.00943744 	 0.00281600 	 0.00064187 	 0.27124284 	 0.26306133 	 7.16332772 	 244.29572693 	 44.66220702 	 52.44190790 	 0.87148765 	 7.02900372 	 0.52606819 	 2.60894411
2207 	 0.00000000 	 0.00000000 	 79.77849196 	 4.62356626 	 1.83532795 	 0.31725400 	 0.00344000 	 0.00000000 	 0.00000000 	 0.01965732 	 30.17550800 	 0.07054867 	 0.00000000 	 0.00258846 	 0.34410105 	 0.00000000 	 0.00599983 	 0.00229333 	 0.01536533 	 0.00232200 	 7.13864529 	 5.26497733 	 2.79353800 	 0.08252080 	 0.00000000 	 1.10048713 	 0.00000000 	 0.00922295 	 0.00275200 	 0.00062728 	 0.26507823 	 0.25708267 	 7.12373698 	 243.33491571 	 44.53151334 	 52.34058501 	 0.87148765 	 7.02900372 	 0.51968116 	 2.57779550
2208 	 0.00000000 	 0.00000000 	 79.47996155 	 4.61721034 	 1.80817993 	 0.30987600 	 0.00336000 	 0.00000000 	 0.00000000 	 0.01920018 	 29.47375200 	 0.06890800 	 0.00000000 	 0.00252827 	 0.33609870 	 0.00000000 	 0.00586030 	 0.00224000 	 0.01500800 	 0.00226800 	 6.97263028 	 5.14253600 	 2.72857200 	 0.08060172 	 0.00000000 	 1.07489441 	 0.00000000 	 0.00900846 	 0.00268800 	 0.00061269 	 0.25891362 	 0.25110400 	 7.08414624 	 242.37410449 	 44.40081967 	 52.23926213 	 0.87148765 	 7.02900372 	 0.51329413 	 2.54664689
2209 	 0.00000000 	 0.00000000 	 79.18143113 	 4.61085442 	 1.78103191 	 0.30249800 	 0.00328000 	 0.00000000 	 0.00000000 	 0.01874303 	 28.77199600 	 0.06726733 	 0.00000000 	 0.00246807 	 0.32809635 	 0.00000000 	 0.00572076 	 0.00218667 	 0.01465067 	 0.00221400 	 6.80661527 	 5.02009467 	 2.66360600 	 0.07868263 	 0.00000000 	 1.04930168 	 0.00000000 	 0.00879398 	 0.00262400 	 0.00059810 	 0.25274901 	 0.24512533 	 7.04455551 	 241.41329328 	 44.27012599 	 52.13793924 	 0.87148765 	 7.02900372 	 0.50690710 	 2.51549828
2210 	 0.00000000 	 0.00000000 	 78.88290072 	 4.60449850 	 1.75388390 	 0.29512000 	 0.00320000 	 0.00000000 	 0.00000000 	 0.01828588 	 28.07024000 	 0.06562667 	 0.00000000 	 0.00240787 	 0.32009400 	 0.00000000 	 0.00558123 	 0.00213333 	 0.01429333 	 0.00216000 	 6.64060027 	 4.89765333 	 2.59864000 	 0.07676354 	 0.00000000 	 1.02370896 	 0.00000000 	 0.00857949 	 0.00256000 	 0.00058352 	 0.24658440 	 0.23914667 	 7.00496477 	 240.45248206 	 44.13943231 	 52.03661635 	 0.87148765 	 7.02900372 	 0.50052007 	 2.48434967
2211 	 0.00000000 	 0.00000000 	 78.58437031 	 4.59814258 	 1.72673588 	 0.28774200 	 0.00312000 	 0.00000000 	 0.00000000 	 0.01782874 	 27.36848400 	 0.06398600 	 0.00000000 	 0.00234768 	 0.31209165 	 0.00000000 	 0.00544170 	 0.00208000 	 0.01393600 	 0.00210600 	 6.47458526 	 4.77521200 	 2.53367400 	 0.07484445 	 0.00000000 	 0.99811624 	 0.00000000 	 0.00836500 	 0.00249600 	 0.00056893 	 0.24041979 	 0.23316800 	 6.96537403 	 239.49167084 	 44.00873864 	 51.93529346 	 0.87148765 	 7.02900372 	 0.49413304 	 2.45320106
2212 	 0.00000000 	 0.00000000 	 78.28583990 	 4.59178666 	 1.69958786 	 0.28036400 	 0.00304000 	 0.00000000 	 0.00000000 	 0.01737159 	 26.66672800 	 0.06234533 	 0.00000000 	 0.00228748 	 0.30408930 	 0.00000000 	 0.00530217 	 0.00202667 	 0.01357867 	 0.00205200 	 6.30857025 	 4.65277067 	 2.46870800 	 0.07292536 	 0.00000000 	 0.97252351 	 0.00000000 	 0.00815052 	 0.00243200 	 0.00055434 	 0.23425518 	 0.22718933 	 6.92578329 	 238.53085963 	 43.87804496 	 51.83397058 	 0.87148765 	 7.02900372 	 0.48774601 	 2.42205245
2213 	 0.00000000 	 0.00000000 	 77.98730948 	 4.58543074 	 1.67243984 	 0.27298600 	 0.00296000 	 0.00000000 	 0.00000000 	 0.01691444 	 25.96497200 	 0.06070467 	 0.00000000 	 0.00222728 	 0.29608695 	 0.00000000 	 0.00516264 	 0.00197333 	 0.01322133 	 0.00199800 	 6.14255525 	 4.53032933 	 2.40374200 	 0.07100627 	 0.00000000 	 0.94693079 	 0.00000000 	 0.00793603 	 0.00236800 	 0.00053975 	 0.22809057 	 0.22121067 	 6.88619256 	 237.57004841 	 43.74735128 	 51.73264769 	 0.87148765 	 7.02900372 	 0.48135898 	 2.39090384
2214 	 0.00000000 	 0.00000000 	 77.68877907 	 4.57907482 	 1.64529183 	 0.26560800 	 0.00288000 	 0.00000000 	 0.00000000 	 0.01645729 	 25.26321600 	 0.05906400 	 0.00000000 	 0.00216709 	 0.28808460 	 0.00000000 	 0.00502311 	 0.00192000 	 0.01286400 	 0.00194400 	 5.97654024 	 4.40788800 	 2.33877600 	 0.06908718 	 0.00000000 	 0.92133806 	 0.00000000 	 0.00772154 	 0.00230400 	 0.00052516 	 0.22192596 	 0.21523200 	 6.84660182 	 236.60923719 	 43.61665760 	 51.63132480 	 0.87148765 	 7.02900372 	 0.47497195 	 2.35975523
2215 	 0.00000000 	 0.00000000 	 77.39024866 	 4.57271890 	 1.61814381 	 0.25823000 	 0.00280000 	 0.00000000 	 0.00000000 	 0.01600015 	 24.56146000 	 0.05742333 	 0.00000000 	 0.00210689 	 0.28008225 	 0.00000000 	 0.00488358 	 0.00186667 	 0.01250667 	 0.00189000 	 5.81052523 	 4.28544667 	 2.27381000 	 0.06716810 	 0.00000000 	 0.89574534 	 0.00000000 	 0.00750705 	 0.00224000 	 0.00051058 	 0.21576135 	 0.20925333 	 6.80701108 	 235.64842598 	 43.48596393 	 51.53000192 	 0.87148765 	 7.02900372 	 0.46858492 	 2.32860662
2216 	 0.00000000 	 0.00000000 	 77.09171825 	 4.56636298 	 1.59099579 	 0.25085200 	 0.00272000 	 0.00000000 	 0.00000000 	 0.01554300 	 23.85970400 	 0.05578267 	 0.00000000 	 0.00204669 	 0.27207990 	 0.00000000 	 0.00474405 	 0.00181333 	 0.01214933 	 0.00183600 	 5.64451023 	 4.16300533 	 2.20884400 	 0.06524901 	 0.00000000 	 0.87015262 	 0.00000000 	 0.00729257 	 0.00217600 	 0.00049599 	 0.20959674 	 0.20327467 	 6.76742034 	 234.68761476 	 43.35527025 	 51.42867903 	 0.87148765 	 7.02900372 	 0.46219789 	 2.29745801
2217 	 0.00000000 	 0.00000000 	 76.79318783 	 4.56000706 	 1.56384778 	 0.24347400 	 0.00264000 	 0.00000000 	 0.00000000 	 0.01508585 	 23.15794800 	 0.05414200 	 0.00000000 	 0.00198650 	 0.26407755 	 0.00000000 	 0.00460452 	 0.00176000 	 0.01179200 	 0.00178200 	 5.47849522 	 4.04056400 	 2.14387800 	 0.06332992 	 0.00000000 	 0.84455989 	 0.00000000 	 0.00707808 	 0.00211200 	 0.00048140 	 0.20343213 	 0.19729600 	 6.72782961 	 233.72680354 	 43.22457657 	 51.32735614 	 0.87148765 	 7.02900372 	 0.45581085 	 2.26630940
2218 	 0.00000000 	 0.00000000 	 76.49465742 	 4.55365114 	 1.53669976 	 0.23609600 	 0.00256000 	 0.00000000 	 0.00000000 	 0.01462871 	 22.45619200 	 0.05250133 	 0.00000000 	 0.00192630 	 0.25607520 	 0.00000000 	 0.00446499 	 0.00170667 	 0.01143467 	 0.00172800 	 5.31248021 	 3.91812267 	 2.07891200 	 0.06141083 	 0.00000000 	 0.81896717 	 0.00000000 	 0.00686359 	 0.00204800 	 0.00046681 	 0.19726752 	 0.19131733 	 6.68823887 	 232.76599233 	 43.09388290 	 51.22603325 	 0.87148765 	 7.02900372 	 0.44942382 	 2.23516079
2219 	 0.00000000 	 0.00000000 	 76.19612701 	 4.54729522 	 1.50955174 	 0.22871800 	 0.00248000 	 0.00000000 	 0.00000000 	 0.01417156 	 21.75443600 	 0.05086067 	 0.00000000 	 0.00186610 	 0.24807285 	 0.00000000 	 0.00432546 	 0.00165333 	 0.01107733 	 0.00167400 	 5.14646521 	 3.79568133 	 2.01394600 	 0.05949174 	 0.00000000 	 0.79337444 	 0.00000000 	 0.00664910 	 0.00198400 	 0.00045222 	 0.19110291 	 0.18533867 	 6.64864813 	 231.80518111 	 42.96318922 	 51.12471037 	 0.87148765 	 7.02900372 	 0.44303679 	 2.20401218
2220 	 0.00000000 	 0.00000000 	 75.89759660 	 4.54093930 	 1.48240373 	 0.22134000 	 0.00240000 	 0.00000000 	 0.00000000 	 0.01371441 	 21.05268000 	 0.04922000 	 0.00000000 	 0.00180591 	 0.24007050 	 0.00000000 	 0.00418593 	 0.00160000 	 0.01072000 	 0.00162000 	 4.98045020 	 3.67324000 	 1.94898000 	 0.05757265 	 0.00000000 	 0.76778172 	 0.00000000 	 0.00643462 	 0.00192000 	 0.00043764 	 0.18493830 	 0.17936000 	 6.60905739 	 230.84436990 	 42.83249554 	 51.02338748 	 0.87148765 	 7.02900372 	 0.43664976 	 2.17286357
2221 	 0.00000000 	 0.00000000 	 75.59906618 	 4.53458338 	 1.45525571 	 0.21396200 	 0.00232000 	 0.00000000 	 0.00000000 	 0.01325726 	 20.35092400 	 0.04757933 	 0.00000000 	 0.00174571 	 0.23206815 	 0.00000000 	 0.00404639 	 0.00154667 	 0.01036267 	 0.00156600 	 4.81443519 	 3.55079867 	 1.88401400 	 0.05565357 	 0.00000000 	 0.74218900 	 0.00000000 	 0.00622013 	 0.00185600 	 0.00042305 	 0.17877369 	 0.17338133 	 6.56946666 	 229.88355868 	 42.70180186 	 50.92206459 	 0.87148765 	 7.02900372 	 0.43026273 	 2.14171496
2222 	 0.00000000 	 0.00000000 	 75.30053577 	 4.52822746 	 1.42810769 	 0.20658400 	 0.00224000 	 0.00000000 	 0.00000000 	 0.01280012 	 19.64916800 	 0.04593867 	 0.00000000 	 0.00168551 	 0.22406580 	 0.00000000 	 0.00390686 	 0.00149333 	 0.01000533 	 0.00151200 	 4.64842019 	 3.42835733 	 1.81904800 	 0.05373448 	 0.00000000 	 0.71659627 	 0.00000000 	 0.00600564 	 0.00179200 	 0.00040846 	 0.17260908 	 0.16740267 	 6.52987592 	 228.92274746 	 42.57110819 	 50.82074171 	 0.87148765 	 7.02900372 	 0.42387570 	 2.11056635
2223 	 0.00000000 	 0.00000000 	 75.00200536 	 4.52187154 	 1.40095967 	 0.19920600 	 0.00216000 	 0.00000000 	 0.00000000 	 0.01234297 	 18.94741200 	 0.04429800 	 0.00000000 	 0.00162531 	 0.21606345 	 0.00000000 	 0.00376733 	 0.00144000 	 0.00964800 	 0.00145800 	 4.48240518 	 3.30591600 	 1.75408200 	 0.05181539 	 0.00000000 	 0.69100355 	 0.00000000 	 0.00579116 	 0.00172800 	 0.00039387 	 0.16644447 	 0.16142400 	 6.49028518 	 227.96193625 	 42.44041451 	 50.71941882 	 0.87148765 	 7.02900372 	 0.41748867 	 2.07941773
2224 	 0.00000000 	 0.00000000 	 74.70347495 	 4.51551562 	 1.37381166 	 0.19182800 	 0.00208000 	 0.00000000 	 0.00000000 	 0.01188582 	 18.24565600 	 0.04265733 	 0.00000000 	 0.00156512 	 0.20806110 	 0.00000000 	 0.00362780 	 0.00138667 	 0.00929067 	 0.00140400 	 4.31639017 	 3.18347467 	 1.68911600 	 0.04989630 	 0.00000000 	 0.66541082 	 0.00000000 	 0.00557667 	 0.00166400 	 0.00037929 	 0.16027986 	 0.15544533 	 6.45069444 	 227.00112503 	 42.30972083 	 50.61809593 	 0.87148765 	 7.02900372 	 0.41110164 	 2.04826912
2225 	 0.00000000 	 0.00000000 	 74.40494453 	 4.50915970 	 1.34666364 	 0.18445000 	 0.00200000 	 0.00000000 	 0.00000000 	 0.01142868 	 17.54390000 	 0.04101667 	 0.00000000 	 0.00150492 	 0.20005875 	 0.00000000 	 0.00348827 	 0.00133333 	 0.00893333 	 0.00135000 	 4.15037517 	 3.06103333 	 1.62415000 	 0.04797721 	 0.00000000 	 0.63981810 	 0.00000000 	 0.00536218 	 0.00160000 	 0.00036470 	 0.15411525 	 0.14946667 	 6.41110371 	 226.04031381 	 42.17902716 	 50.51677304 	 0.87148765 	 7.02900372 	 0.40471461 	 2.01712051
2226 	 0.00000000 	 0.00000000 	 74.10641412 	 4.50280378 	 1.31951562 	 0.17707200 	 0.00192000 	 0.00000000 	 0.00000000 	 0.01097153 	 16.84214400 	 0.03937600 	 0.00000000 	 0.00144472 	 0.19205640 	 0.00000000 	 0.00334874 	 0.00128000 	 0.00857600 	 0.00129600 	 3.98436016 	 2.93859200 	 1.55918400 	 0.04605812 	 0.00000000 	 0.61422538 	 0.00000000 	 0.00514769 	 0.00153600 	 0.00035011 	 0.14795064 	 0.14348800 	 6.37151297 	 225.07950260 	 42.04833348 	 50.41545016 	 0.87148765 	 7.02900372 	 0.39832758 	 1.98597190
2227 	 0.00000000 	 0.00000000 	 73.80788371 	 4.49644786 	 1.29236761 	 0.16969400 	 0.00184000 	 0.00000000 	 0.00000000 	 0.01051438 	 16.14038800 	 0.03773533 	 0.00000000 	 0.00138453 	 0.18405405 	 0.00000000 	 0.00320921 	 0.00122667 	 0.00821867 	 0.00124200 	 3.81834515 	 2.81615067 	 1.49421800 	 0.04413903 	 0.00000000 	 0.58863265 	 0.00000000 	 0.00493321 	 0.00147200 	 0.00033552 	 0.14178603 	 0.13750933 	 6.33192223 	 224.11869138 	 41.91763980 	 50.31412727 	 0.87148765 	 7.02900372 	 0.39194055 	 1.95482329
2228 	 0.00000000 	 0.00000000 	 73.50935330 	 4.49009194 	 1.26521959 	 0.16231600 	 0.00176000 	 0.00000000 	 0.00000000 	 0.01005724 	 15.43863200 	 0.03609467 	 0.00000000 	 0.00132433 	 0.17605170 	 0.00000000 	 0.00306968 	 0.00117333 	 0.00786133 	 0.00118800 	 3.65233015 	 2.69370933 	 1.42925200 	 0.04221995 	 0.00000000 	 0.56303993 	 0.00000000 	 0.00471872 	 0.00140800 	 0.00032093 	 0.13562142 	 0.13153067 	 6.29233149 	 223.15788016 	 41.78694612 	 50.21280438 	 0.87148765 	 7.02900372 	 0.38555351 	 1.92367468
2229 	 0.00000000 	 0.00000000 	 73.21082288 	 4.48373602 	 1.23807157 	 0.15493800 	 0.00168000 	 0.00000000 	 0.00000000 	 0.00960009 	 14.73687600 	 0.03445400 	 0.00000000 	 0.00126413 	 0.16804935 	 0.00000000 	 0.00293015 	 0.00112000 	 0.00750400 	 0.00113400 	 3.48631514 	 2.57126800 	 1.36428600 	 0.04030086 	 0.00000000 	 0.53744720 	 0.00000000 	 0.00450423 	 0.00134400 	 0.00030635 	 0.12945681 	 0.12555200 	 6.25274076 	 222.19706895 	 41.65625245 	 50.11148150 	 0.87148765 	 7.02900372 	 0.37916648 	 1.89252607
2230 	 0.00000000 	 0.00000000 	 72.91229247 	 4.47738010 	 1.21092355 	 0.14756000 	 0.00160000 	 0.00000000 	 0.00000000 	 0.00914294 	 14.03512000 	 0.03281333 	 0.00000000 	 0.00120394 	 0.16004700 	 0.00000000 	 0.00279062 	 0.00106667 	 0.00714667 	 0.00108000 	 3.32030013 	 2.44882667 	 1.29932000 	 0.03838177 	 0.00000000 	 0.51185448 	 0.00000000 	 0.00428974 	 0.00128000 	 0.00029176 	 0.12329220 	 0.11957333 	 6.21315002 	 221.23625773 	 41.52555877 	 50.01015861 	 0.87148765 	 7.02900372 	 0.37277945 	 1.86137746
2231 	 0.00000000 	 0.00000000 	 72.61376206 	 4.47102418 	 1.18377554 	 0.14018200 	 0.00152000 	 0.00000000 	 0.00000000 	 0.00868579 	 13.33336400 	 0.03117267 	 0.00000000 	 0.00114374 	 0.15204465 	 0.00000000 	 0.00265109 	 0.00101333 	 0.00678933 	 0.00102600 	 3.15428513 	 2.32638533 	 1.23435400 	 0.03646268 	 0.00000000 	 0.48626176 	 0.00000000 	 0.00407526 	 0.00121600 	 0.00027717 	 0.11712759 	 0.11359467 	 6.17355928 	 220.27544651 	 41.39486509 	 49.90883572 	 0.87148765 	 7.02900372 	 0.36639242 	 1.83022885
2232 	 0.00000000 	 0.00000000 	 72.31523165 	 4.46466825 	 1.15662752 	 0.13280400 	 0.00144000 	 0.00000000 	 0.00000000 	 0.00822865 	 12.63160800 	 0.02953200 	 0.00000000 	 0.00108354 	 0.14404230 	 0.00000000 	 0.00251156 	 0.00096000 	 0.00643200 	 0.00097200 	 2.98827012 	 2.20394400 	 1.16938800 	 0.03454359 	 0.00000000 	 0.46066903 	 0.00000000 	 0.00386077 	 0.00115200 	 0.00026258 	 0.11096298 	 0.10761600 	 6.13396854 	 219.31463530 	 41.26417142 	 49.80751283 	 0.87148765 	 7.02900372 	 0.36000539 	 1.79908024
2233 	 0.00000000 	 0.00000000 	 72.01670123 	 4.45831233 	 1.12947950 	 0.12542600 	 0.00136000 	 0.00000000 	 0.00000000 	 0.00777150 	 11.92985200 	 0.02789133 	 0.00000000 	 0.00102335 	 0.13603995 	 0.00000000 	 0.00237202 	 0.00090667 	 0.00607467 	 0.00091800 	 2.82225511 	 2.08150267 	 1.10442200 	 0.03262450 	 0.00000000 	 0.43507631 	 0.00000000 	 0.00364628 	 0.00108800 	 0.00024799 	 0.10479837 	 0.10163733 	 6.09437781 	 218.35382408 	 41.13347774 	 49.70618995 	 0.87148765 	 7.02900372 	 0.35361836 	 1.76793163
2234 	 0.00000000 	 0.00000000 	 71.71817082 	 4.45195641 	 1.10233149 	 0.11804800 	 0.00128000 	 0.00000000 	 0.00000000 	 0.00731435 	 11.22809600 	 0.02625067 	 0.00000000 	 0.00096315 	 0.12803760 	 0.00000000 	 0.00223249 	 0.00085333 	 0.00571733 	 0.00086400 	 2.65624011 	 1.95906133 	 1.03945600 	 0.03070542 	 0.00000000 	 0.40948358 	 0.00000000 	 0.00343180 	 0.00102400 	 0.00023341 	 0.09863376 	 0.09565867 	 6.05478707 	 217.39301287 	 41.00278406 	 49.60486706 	 0.87148765 	 7.02900372 	 0.34723133 	 1.73678302
2235 	 0.00000000 	 0.00000000 	 71.41964041 	 4.44560049 	 1.07518347 	 0.11067000 	 0.00120000 	 0.00000000 	 0.00000000 	 0.00685721 	 10.52634000 	 0.02461000 	 0.00000000 	 0.00090295 	 0.12003525 	 0.00000000 	 0.00209296 	 0.00080000 	 0.00536000 	 0.00081000 	 2.49022510 	 1.83662000 	 0.97449000 	 0.02878633 	 0.00000000 	 0.38389086 	 0.00000000 	 0.00321731 	 0.00096000 	 0.00021882 	 0.09246915 	 0.08968000 	 6.01519633 	 216.43220165 	 40.87209038 	 49.50354417 	 0.87148765 	 7.02900372 	 0.34084430 	 1.70563441
2236 	 0.00000000 	 0.00000000 	 71.12111000 	 4.43924457 	 1.04803545 	 0.10329200 	 0.00112000 	 0.00000000 	 0.00000000 	 0.00640006 	 9.82458400 	 0.02296933 	 0.00000000 	 0.00084276 	 0.11203290 	 0.00000000 	 0.00195343 	 0.00074667 	 0.00500267 	 0.00075600 	 2.32421009 	 1.71417867 	 0.90952400 	 0.02686724 	 0.00000000 	 0.35829814 	 0.00000000 	 0.00300282 	 0.00089600 	 0.00020423 	 0.08630454 	 0.08370133 	 5.97560559 	 215.47139043 	 40.74139671 	 49.40222129 	 0.87148765 	 7.02900372 	 0.33445727 	 1.67448580
2237 	 0.00000000 	 0.00000000 	 70.82257958 	 4.43288865 	 1.02088743 	 0.09591400 	 0.00104000 	 0.00000000 	 0.00000000 	 0.00594291 	 9.12282800 	 0.02132867 	 0.00000000 	 0.00078256 	 0.10403055 	 0.00000000 	 0.00181390 	 0.00069333 	 0.00464533 	 0.00070200 	 2.15819509 	 1.59173733 	 0.84455800 	 0.02494815 	 0.00000000 	 0.33270541 	 0.00000000 	 0.00278833 	 0.00083200 	 0.00018964 	 0.08013993 	 0.07772267 	 5.93601486 	 214.51057922 	 40.61070303 	 49.30089840 	 0.87148765 	 7.02900372 	 0.32807024 	 1.64333719
2238 	 0.00000000 	 0.00000000 	 70.52404917 	 4.42653273 	 0.99373942 	 0.08853600 	 0.00096000 	 0.00000000 	 0.00000000 	 0.00548576 	 8.42107200 	 0.01968800 	 0.00000000 	 0.00072236 	 0.09602820 	 0.00000000 	 0.00167437 	 0.00064000 	 0.00428800 	 0.00064800 	 1.99218008 	 1.46929600 	 0.77959200 	 0.02302906 	 0.00000000 	 0.30711269 	 0.00000000 	 0.00257385 	 0.00076800 	 0.00017505 	 0.07397532 	 0.07174400 	 5.89642412 	 213.54976800 	 40.48000935 	 49.19957551 	 0.87148765 	 7.02900372 	 0.32168321 	 1.61218858
2239 	 0.00000000 	 0.00000000 	 70.22551876 	 4.42017681 	 0.96659140 	 0.08115800 	 0.00088000 	 0.00000000 	 0.00000000 	 0.00502862 	 7.71931600 	 0.01804733 	 0.00000000 	 0.00066217 	 0.08802585 	 0.00000000 	 0.00153484 	 0.00058667 	 0.00393067 	 0.00059400 	 1.82616507 	 1.34685467 	 0.71462600 	 0.02110997 	 0.00000000 	 0.28151996 	 0.00000000 	 0.00235936 	 0.00070400 	 0.00016047 	 0.06781071 	 0.06576533 	 5.85683338 	 212.58895678 	 40.34931568 	 49.09825262 	 0.87148765 	 7.02900372 	 0.31529617 	 1.58103997
2240 	 0.00000000 	 0.00000000 	 69.92698835 	 4.41382089 	 0.93944338 	 0.07378000 	 0.00080000 	 0.00000000 	 0.00000000 	 0.00457147 	 7.01756000 	 0.01640667 	 0.00000000 	 0.00060197 	 0.08002350 	 0.00000000 	 0.00139531 	 0.00053333 	 0.00357333 	 0.00054000 	 1.66015007 	 1.22441333 	 0.64966000 	 0.01919088 	 0.00000000 	 0.25592724 	 0.00000000 	 0.00214487 	 0.00064000 	 0.00014588 	 0.06164610 	 0.05978667 	 5.81724264 	 211.62814557 	 40.21862200 	 48.99692974 	 0.87148765 	 7.02900372 	 0.30890914 	 1.54989136
2241 	 0.00000000 	 0.00000000 	 69.62845794 	 4.40746497 	 0.91229537 	 0.06640200 	 0.00072000 	 0.00000000 	 0.00000000 	 0.00411432 	 6.31580400 	 0.01476600 	 0.00000000 	 0.00054177 	 0.07202115 	 0.00000000 	 0.00125578 	 0.00048000 	 0.00321600 	 0.00048600 	 1.49413506 	 1.10197200 	 0.58469400 	 0.01727180 	 0.00000000 	 0.23033452 	 0.00000000 	 0.00193039 	 0.00057600 	 0.00013129 	 0.05548149 	 0.05380800 	 5.77765191 	 210.66733435 	 40.08792832 	 48.89560685 	 0.87148765 	 7.02900372 	 0.30252211 	 1.51874275
2242 	 0.00000000 	 0.00000000 	 69.32992752 	 4.40110905 	 0.88514735 	 0.05902400 	 0.00064000 	 0.00000000 	 0.00000000 	 0.00365718 	 5.61404800 	 0.01312533 	 0.00000000 	 0.00048157 	 0.06401880 	 0.00000000 	 0.00111625 	 0.00042667 	 0.00285867 	 0.00043200 	 1.32812005 	 0.97953067 	 0.51972800 	 0.01535271 	 0.00000000 	 0.20474179 	 0.00000000 	 0.00171590 	 0.00051200 	 0.00011670 	 0.04931688 	 0.04782933 	 5.73806117 	 209.70652313 	 39.95723464 	 48.79428396 	 0.87148765 	 7.02900372 	 0.29613508 	 1.48759414
2243 	 0.00000000 	 0.00000000 	 69.03139711 	 4.39475313 	 0.85799933 	 0.05164600 	 0.00056000 	 0.00000000 	 0.00000000 	 0.00320003 	 4.91229200 	 0.01148467 	 0.00000000 	 0.00042138 	 0.05601645 	 0.00000000 	 0.00097672 	 0.00037333 	 0.00250133 	 0.00037800 	 1.16210505 	 0.85708933 	 0.45476200 	 0.01343362 	 0.00000000 	 0.17914907 	 0.00000000 	 0.00150141 	 0.00044800 	 0.00010212 	 0.04315227 	 0.04185067 	 5.69847043 	 208.74571192 	 39.82654097 	 48.69296108 	 0.87148765 	 7.02900372 	 0.28974805 	 1.45644553
2244 	 0.00000000 	 0.00000000 	 68.73286670 	 4.38839721 	 0.83085132 	 0.04426800 	 0.00048000 	 0.00000000 	 0.00000000 	 0.00274288 	 4.21053600 	 0.00984400 	 0.00000000 	 0.00036118 	 0.04801410 	 0.00000000 	 0.00083719 	 0.00032000 	 0.00214400 	 0.00032400 	 0.99609004 	 0.73464800 	 0.38979600 	 0.01151453 	 0.00000000 	 0.15355634 	 0.00000000 	 0.00128692 	 0.00038400 	 0.00008753 	 0.03698766 	 0.03587200 	 5.65887969 	 207.78490070 	 39.69584729 	 48.59163819 	 0.87148765 	 7.02900372 	 0.28336102 	 1.42529692
2245 	 0.00000000 	 0.00000000 	 68.43433629 	 4.38204129 	 0.80370330 	 0.03689000 	 0.00040000 	 0.00000000 	 0.00000000 	 0.00228574 	 3.50878000 	 0.00820333 	 0.00000000 	 0.00030098 	 0.04001175 	 0.00000000 	 0.00069765 	 0.00026667 	 0.00178667 	 0.00027000 	 0.83007503 	 0.61220667 	 0.32483000 	 0.00959544 	 0.00000000 	 0.12796362 	 0.00000000 	 0.00107244 	 0.00032000 	 0.00007294 	 0.03082305 	 0.02989333 	 5.61928896 	 206.82408948 	 39.56515361 	 48.49031530 	 0.87148765 	 7.02900372 	 0.27697399 	 1.39414831
2246 	 0.00000000 	 0.00000000 	 68.13580587 	 4.37568537 	 0.77655528 	 0.02951200 	 0.00032000 	 0.00000000 	 0.00000000 	 0.00182859 	 2.80702400 	 0.00656267 	 0.00000000 	 0.00024079 	 0.03200940 	 0.00000000 	 0.00055812 	 0.00021333 	 0.00142933 	 0.00021600 	 0.66406003 	 0.48976533 	 0.25986400 	 0.00767635 	 0.00000000 	 0.10237090 	 0.00000000 	 0.00085795 	 0.00025600 	 0.00005835 	 0.02465844 	 0.02391467 	 5.57969822 	 205.86327827 	 39.43445994 	 48.38899242 	 0.87148765 	 7.02900372 	 0.27058696 	 1.36299970
2247 	 0.00000000 	 0.00000000 	 67.83727546 	 4.36932945 	 0.74940726 	 0.02213400 	 0.00024000 	 0.00000000 	 0.00000000 	 0.00137144 	 2.10526800 	 0.00492200 	 0.00000000 	 0.00018059 	 0.02400705 	 0.00000000 	 0.00041859 	 0.00016000 	 0.00107200 	 0.00016200 	 0.49804502 	 0.36732400 	 0.19489800 	 0.00575727 	 0.00000000 	 0.07677817 	 0.00000000 	 0.00064346 	 0.00019200 	 0.00004376 	 0.01849383 	 0.01793600 	 5.54010748 	 204.90246705 	 39.30376626 	 48.28766953 	 0.87148765 	 7.02900372 	 0.26419993 	 1.33185109
2248 	 0.00000000 	 0.00000000 	 67.53874505 	 4.36297353 	 0.72225925 	 0.01475600 	 0.00016000 	 0.00000000 	 0.00000000 	 0.00091429 	 1.40351200 	 0.00328133 	 0.00000000 	 0.00012039 	 0.01600470 	 0.00000000 	 0.00027906 	 0.00010667 	 0.00071467 	 0.00010800 	 0.33203001 	 0.24488267 	 0.12993200 	 0.00383818 	 0.00000000 	 0.05118545 	 0.00000000 	 0.00042897 	 0.00012800 	 0.00002918 	 0.01232922 	 0.01195733 	 5.50051674 	 203.94165584 	 39.17307258 	 48.18634664 	 0.87148765 	 7.02900372 	 0.25781290 	 1.30070248
2249 	 0.00000000 	 0.00000000 	 67.24021464 	 4.35661761 	 0.69511123 	 0.00737800 	 0.00008000 	 0.00000000 	 0.00000000 	 0.00045715 	 0.70175600 	 0.00164067 	 0.00000000 	 0.00006020 	 0.00800235 	 0.00000000 	 0.00013953 	 0.00005333 	 0.00035733 	 0.00005400 	 0.16601501 	 0.12244133 	 0.06496600 	 0.00191909 	 0.00000000 	 0.02559272 	 0.00000000 	 0.00021449 	 0.00006400 	 0.00001459 	 0.00616461 	 0.00597867 	 5.46092601 	 202.98084462 	 39.04237890 	 48.08502375 	 0.87148765 	 7.02900372 	 0.25142587 	 1.26955387
2250 	 0.00000000 	 0.00000000 	 66.94168422 	 4.35026169 	 0.66796321 	 0.00000000 	 0.00000000 	 0.00000000 	 0.00000000 	 0.00000000 	 0.00000000 	 0.00000000 	 0.00000000 	 0.00000000 	 0.00000000 	 0.00000000 	 0.00000000 	 0.00000000 	 0.00000000 	 0.00000000 	 0.00000000 	 0.00000000 	 0.00000000 	 0.00000000 	 0.00000000 	 0.00000000 	 0.00000000 	 0.00000000 	 0.00000000 	 0.00000000 	 0.00000000 	 0.00000000 	 5.42133527 	 202.02003340 	 38.91168523 	 47.98370087 	 0.87148765 	 7.02900372 	 0.24503884 	 1.23840526
2251 	 0.00000000 	 0.00000000 	 66.94168422 	 4.35026169 	 0.66796321 	 0.00000000 	 0.00000000 	 0.00000000 	 0.00000000 	 0.00000000 	 0.00000000 	 0.00000000 	 0.00000000 	 0.00000000 	 0.00000000 	 0.00000000 	 0.00000000 	 0.00000000 	 0.00000000 	 0.00000000 	 0.00000000 	 0.00000000 	 0.00000000 	 0.00000000 	 0.00000000 	 0.00000000 	 0.00000000 	 0.00000000 	 0.00000000 	 0.00000000 	 0.00000000 	 0.00000000 	 5.42133527 	 202.02003340 	 38.91168523 	 47.98370087 	 0.87148765 	 7.02900372 	 0.24503884 	 1.23840526
2252 	 0.00000000 	 0.00000000 	 66.94168422 	 4.35026169 	 0.66796321 	 0.00000000 	 0.00000000 	 0.00000000 	 0.00000000 	 0.00000000 	 0.00000000 	 0.00000000 	 0.00000000 	 0.00000000 	 0.00000000 	 0.00000000 	 0.00000000 	 0.00000000 	 0.00000000 	 0.00000000 	 0.00000000 	 0.00000000 	 0.00000000 	 0.00000000 	 0.00000000 	 0.00000000 	 0.00000000 	 0.00000000 	 0.00000000 	 0.00000000 	 0.00000000 	 0.00000000 	 5.42133527 	 202.02003340 	 38.91168523 	 47.98370087 	 0.87148765 	 7.02900372 	 0.24503884 	 1.23840526
2253 	 0.00000000 	 0.00000000 	 66.94168422 	 4.35026169 	 0.66796321 	 0.00000000 	 0.00000000 	 0.00000000 	 0.00000000 	 0.00000000 	 0.00000000 	 0.00000000 	 0.00000000 	 0.00000000 	 0.00000000 	 0.00000000 	 0.00000000 	 0.00000000 	 0.00000000 	 0.00000000 	 0.00000000 	 0.00000000 	 0.00000000 	 0.00000000 	 0.00000000 	 0.00000000 	 0.00000000 	 0.00000000 	 0.00000000 	 0.00000000 	 0.00000000 	 0.00000000 	 5.42133527 	 202.02003340 	 38.91168523 	 47.98370087 	 0.87148765 	 7.02900372 	 0.24503884 	 1.23840526
2254 	 0.00000000 	 0.00000000 	 66.94168422 	 4.35026169 	 0.66796321 	 0.00000000 	 0.00000000 	 0.00000000 	 0.00000000 	 0.00000000 	 0.00000000 	 0.00000000 	 0.00000000 	 0.00000000 	 0.00000000 	 0.00000000 	 0.00000000 	 0.00000000 	 0.00000000 	 0.00000000 	 0.00000000 	 0.00000000 	 0.00000000 	 0.00000000 	 0.00000000 	 0.00000000 	 0.00000000 	 0.00000000 	 0.00000000 	 0.00000000 	 0.00000000 	 0.00000000 	 5.42133527 	 202.02003340 	 38.91168523 	 47.98370087 	 0.87148765 	 7.02900372 	 0.24503884 	 1.23840526
2255 	 0.00000000 	 0.00000000 	 66.94168422 	 4.35026169 	 0.66796321 	 0.00000000 	 0.00000000 	 0.00000000 	 0.00000000 	 0.00000000 	 0.00000000 	 0.00000000 	 0.00000000 	 0.00000000 	 0.00000000 	 0.00000000 	 0.00000000 	 0.00000000 	 0.00000000 	 0.00000000 	 0.00000000 	 0.00000000 	 0.00000000 	 0.00000000 	 0.00000000 	 0.00000000 	 0.00000000 	 0.00000000 	 0.00000000 	 0.00000000 	 0.00000000 	 0.00000000 	 5.42133527 	 202.02003340 	 38.91168523 	 47.98370087 	 0.87148765 	 7.02900372 	 0.24503884 	 1.23840526
2256 	 0.00000000 	 0.00000000 	 66.94168422 	 4.35026169 	 0.66796321 	 0.00000000 	 0.00000000 	 0.00000000 	 0.00000000 	 0.00000000 	 0.00000000 	 0.00000000 	 0.00000000 	 0.00000000 	 0.00000000 	 0.00000000 	 0.00000000 	 0.00000000 	 0.00000000 	 0.00000000 	 0.00000000 	 0.00000000 	 0.00000000 	 0.00000000 	 0.00000000 	 0.00000000 	 0.00000000 	 0.00000000 	 0.00000000 	 0.00000000 	 0.00000000 	 0.00000000 	 5.42133527 	 202.02003340 	 38.91168523 	 47.98370087 	 0.87148765 	 7.02900372 	 0.24503884 	 1.23840526
2257 	 0.00000000 	 0.00000000 	 66.94168422 	 4.35026169 	 0.66796321 	 0.00000000 	 0.00000000 	 0.00000000 	 0.00000000 	 0.00000000 	 0.00000000 	 0.00000000 	 0.00000000 	 0.00000000 	 0.00000000 	 0.00000000 	 0.00000000 	 0.00000000 	 0.00000000 	 0.00000000 	 0.00000000 	 0.00000000 	 0.00000000 	 0.00000000 	 0.00000000 	 0.00000000 	 0.00000000 	 0.00000000 	 0.00000000 	 0.00000000 	 0.00000000 	 0.00000000 	 5.42133527 	 202.02003340 	 38.91168523 	 47.98370087 	 0.87148765 	 7.02900372 	 0.24503884 	 1.23840526
2258 	 0.00000000 	 0.00000000 	 66.94168422 	 4.35026169 	 0.66796321 	 0.00000000 	 0.00000000 	 0.00000000 	 0.00000000 	 0.00000000 	 0.00000000 	 0.00000000 	 0.00000000 	 0.00000000 	 0.00000000 	 0.00000000 	 0.00000000 	 0.00000000 	 0.00000000 	 0.00000000 	 0.00000000 	 0.00000000 	 0.00000000 	 0.00000000 	 0.00000000 	 0.00000000 	 0.00000000 	 0.00000000 	 0.00000000 	 0.00000000 	 0.00000000 	 0.00000000 	 5.42133527 	 202.02003340 	 38.91168523 	 47.98370087 	 0.87148765 	 7.02900372 	 0.24503884 	 1.23840526
2259 	 0.00000000 	 0.00000000 	 66.94168422 	 4.35026169 	 0.66796321 	 0.00000000 	 0.00000000 	 0.00000000 	 0.00000000 	 0.00000000 	 0.00000000 	 0.00000000 	 0.00000000 	 0.00000000 	 0.00000000 	 0.00000000 	 0.00000000 	 0.00000000 	 0.00000000 	 0.00000000 	 0.00000000 	 0.00000000 	 0.00000000 	 0.00000000 	 0.00000000 	 0.00000000 	 0.00000000 	 0.00000000 	 0.00000000 	 0.00000000 	 0.00000000 	 0.00000000 	 5.42133527 	 202.02003340 	 38.91168523 	 47.98370087 	 0.87148765 	 7.02900372 	 0.24503884 	 1.23840526
2260 	 0.00000000 	 0.00000000 	 66.94168422 	 4.35026169 	 0.66796321 	 0.00000000 	 0.00000000 	 0.00000000 	 0.00000000 	 0.00000000 	 0.00000000 	 0.00000000 	 0.00000000 	 0.00000000 	 0.00000000 	 0.00000000 	 0.00000000 	 0.00000000 	 0.00000000 	 0.00000000 	 0.00000000 	 0.00000000 	 0.00000000 	 0.00000000 	 0.00000000 	 0.00000000 	 0.00000000 	 0.00000000 	 0.00000000 	 0.00000000 	 0.00000000 	 0.00000000 	 5.42133527 	 202.02003340 	 38.91168523 	 47.98370087 	 0.87148765 	 7.02900372 	 0.24503884 	 1.23840526
2261 	 0.00000000 	 0.00000000 	 66.94168422 	 4.35026169 	 0.66796321 	 0.00000000 	 0.00000000 	 0.00000000 	 0.00000000 	 0.00000000 	 0.00000000 	 0.00000000 	 0.00000000 	 0.00000000 	 0.00000000 	 0.00000000 	 0.00000000 	 0.00000000 	 0.00000000 	 0.00000000 	 0.00000000 	 0.00000000 	 0.00000000 	 0.00000000 	 0.00000000 	 0.00000000 	 0.00000000 	 0.00000000 	 0.00000000 	 0.00000000 	 0.00000000 	 0.00000000 	 5.42133527 	 202.02003340 	 38.91168523 	 47.98370087 	 0.87148765 	 7.02900372 	 0.24503884 	 1.23840526
2262 	 0.00000000 	 0.00000000 	 66.94168422 	 4.35026169 	 0.66796321 	 0.00000000 	 0.00000000 	 0.00000000 	 0.00000000 	 0.00000000 	 0.00000000 	 0.00000000 	 0.00000000 	 0.00000000 	 0.00000000 	 0.00000000 	 0.00000000 	 0.00000000 	 0.00000000 	 0.00000000 	 0.00000000 	 0.00000000 	 0.00000000 	 0.00000000 	 0.00000000 	 0.00000000 	 0.00000000 	 0.00000000 	 0.00000000 	 0.00000000 	 0.00000000 	 0.00000000 	 5.42133527 	 202.02003340 	 38.91168523 	 47.98370087 	 0.87148765 	 7.02900372 	 0.24503884 	 1.23840526
2263 	 0.00000000 	 0.00000000 	 66.94168422 	 4.35026169 	 0.66796321 	 0.00000000 	 0.00000000 	 0.00000000 	 0.00000000 	 0.00000000 	 0.00000000 	 0.00000000 	 0.00000000 	 0.00000000 	 0.00000000 	 0.00000000 	 0.00000000 	 0.00000000 	 0.00000000 	 0.00000000 	 0.00000000 	 0.00000000 	 0.00000000 	 0.00000000 	 0.00000000 	 0.00000000 	 0.00000000 	 0.00000000 	 0.00000000 	 0.00000000 	 0.00000000 	 0.00000000 	 5.42133527 	 202.02003340 	 38.91168523 	 47.98370087 	 0.87148765 	 7.02900372 	 0.24503884 	 1.23840526
2264 	 0.00000000 	 0.00000000 	 66.94168422 	 4.35026169 	 0.66796321 	 0.00000000 	 0.00000000 	 0.00000000 	 0.00000000 	 0.00000000 	 0.00000000 	 0.00000000 	 0.00000000 	 0.00000000 	 0.00000000 	 0.00000000 	 0.00000000 	 0.00000000 	 0.00000000 	 0.00000000 	 0.00000000 	 0.00000000 	 0.00000000 	 0.00000000 	 0.00000000 	 0.00000000 	 0.00000000 	 0.00000000 	 0.00000000 	 0.00000000 	 0.00000000 	 0.00000000 	 5.42133527 	 202.02003340 	 38.91168523 	 47.98370087 	 0.87148765 	 7.02900372 	 0.24503884 	 1.23840526
2265 	 0.00000000 	 0.00000000 	 66.94168422 	 4.35026169 	 0.66796321 	 0.00000000 	 0.00000000 	 0.00000000 	 0.00000000 	 0.00000000 	 0.00000000 	 0.00000000 	 0.00000000 	 0.00000000 	 0.00000000 	 0.00000000 	 0.00000000 	 0.00000000 	 0.00000000 	 0.00000000 	 0.00000000 	 0.00000000 	 0.00000000 	 0.00000000 	 0.00000000 	 0.00000000 	 0.00000000 	 0.00000000 	 0.00000000 	 0.00000000 	 0.00000000 	 0.00000000 	 5.42133527 	 202.02003340 	 38.91168523 	 47.98370087 	 0.87148765 	 7.02900372 	 0.24503884 	 1.23840526
2266 	 0.00000000 	 0.00000000 	 66.94168422 	 4.35026169 	 0.66796321 	 0.00000000 	 0.00000000 	 0.00000000 	 0.00000000 	 0.00000000 	 0.00000000 	 0.00000000 	 0.00000000 	 0.00000000 	 0.00000000 	 0.00000000 	 0.00000000 	 0.00000000 	 0.00000000 	 0.00000000 	 0.00000000 	 0.00000000 	 0.00000000 	 0.00000000 	 0.00000000 	 0.00000000 	 0.00000000 	 0.00000000 	 0.00000000 	 0.00000000 	 0.00000000 	 0.00000000 	 5.42133527 	 202.02003340 	 38.91168523 	 47.98370087 	 0.87148765 	 7.02900372 	 0.24503884 	 1.23840526
2267 	 0.00000000 	 0.00000000 	 66.94168422 	 4.35026169 	 0.66796321 	 0.00000000 	 0.00000000 	 0.00000000 	 0.00000000 	 0.00000000 	 0.00000000 	 0.00000000 	 0.00000000 	 0.00000000 	 0.00000000 	 0.00000000 	 0.00000000 	 0.00000000 	 0.00000000 	 0.00000000 	 0.00000000 	 0.00000000 	 0.00000000 	 0.00000000 	 0.00000000 	 0.00000000 	 0.00000000 	 0.00000000 	 0.00000000 	 0.00000000 	 0.00000000 	 0.00000000 	 5.42133527 	 202.02003340 	 38.91168523 	 47.98370087 	 0.87148765 	 7.02900372 	 0.24503884 	 1.23840526
2268 	 0.00000000 	 0.00000000 	 66.94168422 	 4.35026169 	 0.66796321 	 0.00000000 	 0.00000000 	 0.00000000 	 0.00000000 	 0.00000000 	 0.00000000 	 0.00000000 	 0.00000000 	 0.00000000 	 0.00000000 	 0.00000000 	 0.00000000 	 0.00000000 	 0.00000000 	 0.00000000 	 0.00000000 	 0.00000000 	 0.00000000 	 0.00000000 	 0.00000000 	 0.00000000 	 0.00000000 	 0.00000000 	 0.00000000 	 0.00000000 	 0.00000000 	 0.00000000 	 5.42133527 	 202.02003340 	 38.91168523 	 47.98370087 	 0.87148765 	 7.02900372 	 0.24503884 	 1.23840526
2269 	 0.00000000 	 0.00000000 	 66.94168422 	 4.35026169 	 0.66796321 	 0.00000000 	 0.00000000 	 0.00000000 	 0.00000000 	 0.00000000 	 0.00000000 	 0.00000000 	 0.00000000 	 0.00000000 	 0.00000000 	 0.00000000 	 0.00000000 	 0.00000000 	 0.00000000 	 0.00000000 	 0.00000000 	 0.00000000 	 0.00000000 	 0.00000000 	 0.00000000 	 0.00000000 	 0.00000000 	 0.00000000 	 0.00000000 	 0.00000000 	 0.00000000 	 0.00000000 	 5.42133527 	 202.02003340 	 38.91168523 	 47.98370087 	 0.87148765 	 7.02900372 	 0.24503884 	 1.23840526
2270 	 0.00000000 	 0.00000000 	 66.94168422 	 4.35026169 	 0.66796321 	 0.00000000 	 0.00000000 	 0.00000000 	 0.00000000 	 0.00000000 	 0.00000000 	 0.00000000 	 0.00000000 	 0.00000000 	 0.00000000 	 0.00000000 	 0.00000000 	 0.00000000 	 0.00000000 	 0.00000000 	 0.00000000 	 0.00000000 	 0.00000000 	 0.00000000 	 0.00000000 	 0.00000000 	 0.00000000 	 0.00000000 	 0.00000000 	 0.00000000 	 0.00000000 	 0.00000000 	 5.42133527 	 202.02003340 	 38.91168523 	 47.98370087 	 0.87148765 	 7.02900372 	 0.24503884 	 1.23840526
2271 	 0.00000000 	 0.00000000 	 66.94168422 	 4.35026169 	 0.66796321 	 0.00000000 	 0.00000000 	 0.00000000 	 0.00000000 	 0.00000000 	 0.00000000 	 0.00000000 	 0.00000000 	 0.00000000 	 0.00000000 	 0.00000000 	 0.00000000 	 0.00000000 	 0.00000000 	 0.00000000 	 0.00000000 	 0.00000000 	 0.00000000 	 0.00000000 	 0.00000000 	 0.00000000 	 0.00000000 	 0.00000000 	 0.00000000 	 0.00000000 	 0.00000000 	 0.00000000 	 5.42133527 	 202.02003340 	 38.91168523 	 47.98370087 	 0.87148765 	 7.02900372 	 0.24503884 	 1.23840526
2272 	 0.00000000 	 0.00000000 	 66.94168422 	 4.35026169 	 0.66796321 	 0.00000000 	 0.00000000 	 0.00000000 	 0.00000000 	 0.00000000 	 0.00000000 	 0.00000000 	 0.00000000 	 0.00000000 	 0.00000000 	 0.00000000 	 0.00000000 	 0.00000000 	 0.00000000 	 0.00000000 	 0.00000000 	 0.00000000 	 0.00000000 	 0.00000000 	 0.00000000 	 0.00000000 	 0.00000000 	 0.00000000 	 0.00000000 	 0.00000000 	 0.00000000 	 0.00000000 	 5.42133527 	 202.02003340 	 38.91168523 	 47.98370087 	 0.87148765 	 7.02900372 	 0.24503884 	 1.23840526
2273 	 0.00000000 	 0.00000000 	 66.94168422 	 4.35026169 	 0.66796321 	 0.00000000 	 0.00000000 	 0.00000000 	 0.00000000 	 0.00000000 	 0.00000000 	 0.00000000 	 0.00000000 	 0.00000000 	 0.00000000 	 0.00000000 	 0.00000000 	 0.00000000 	 0.00000000 	 0.00000000 	 0.00000000 	 0.00000000 	 0.00000000 	 0.00000000 	 0.00000000 	 0.00000000 	 0.00000000 	 0.00000000 	 0.00000000 	 0.00000000 	 0.00000000 	 0.00000000 	 5.42133527 	 202.02003340 	 38.91168523 	 47.98370087 	 0.87148765 	 7.02900372 	 0.24503884 	 1.23840526
2274 	 0.00000000 	 0.00000000 	 66.94168422 	 4.35026169 	 0.66796321 	 0.00000000 	 0.00000000 	 0.00000000 	 0.00000000 	 0.00000000 	 0.00000000 	 0.00000000 	 0.00000000 	 0.00000000 	 0.00000000 	 0.00000000 	 0.00000000 	 0.00000000 	 0.00000000 	 0.00000000 	 0.00000000 	 0.00000000 	 0.00000000 	 0.00000000 	 0.00000000 	 0.00000000 	 0.00000000 	 0.00000000 	 0.00000000 	 0.00000000 	 0.00000000 	 0.00000000 	 5.42133527 	 202.02003340 	 38.91168523 	 47.98370087 	 0.87148765 	 7.02900372 	 0.24503884 	 1.23840526
2275 	 0.00000000 	 0.00000000 	 66.94168422 	 4.35026169 	 0.66796321 	 0.00000000 	 0.00000000 	 0.00000000 	 0.00000000 	 0.00000000 	 0.00000000 	 0.00000000 	 0.00000000 	 0.00000000 	 0.00000000 	 0.00000000 	 0.00000000 	 0.00000000 	 0.00000000 	 0.00000000 	 0.00000000 	 0.00000000 	 0.00000000 	 0.00000000 	 0.00000000 	 0.00000000 	 0.00000000 	 0.00000000 	 0.00000000 	 0.00000000 	 0.00000000 	 0.00000000 	 5.42133527 	 202.02003340 	 38.91168523 	 47.98370087 	 0.87148765 	 7.02900372 	 0.24503884 	 1.23840526
2276 	 0.00000000 	 0.00000000 	 66.94168422 	 4.35026169 	 0.66796321 	 0.00000000 	 0.00000000 	 0.00000000 	 0.00000000 	 0.00000000 	 0.00000000 	 0.00000000 	 0.00000000 	 0.00000000 	 0.00000000 	 0.00000000 	 0.00000000 	 0.00000000 	 0.00000000 	 0.00000000 	 0.00000000 	 0.00000000 	 0.00000000 	 0.00000000 	 0.00000000 	 0.00000000 	 0.00000000 	 0.00000000 	 0.00000000 	 0.00000000 	 0.00000000 	 0.00000000 	 5.42133527 	 202.02003340 	 38.91168523 	 47.98370087 	 0.87148765 	 7.02900372 	 0.24503884 	 1.23840526
2277 	 0.00000000 	 0.00000000 	 66.94168422 	 4.35026169 	 0.66796321 	 0.00000000 	 0.00000000 	 0.00000000 	 0.00000000 	 0.00000000 	 0.00000000 	 0.00000000 	 0.00000000 	 0.00000000 	 0.00000000 	 0.00000000 	 0.00000000 	 0.00000000 	 0.00000000 	 0.00000000 	 0.00000000 	 0.00000000 	 0.00000000 	 0.00000000 	 0.00000000 	 0.00000000 	 0.00000000 	 0.00000000 	 0.00000000 	 0.00000000 	 0.00000000 	 0.00000000 	 5.42133527 	 202.02003340 	 38.91168523 	 47.98370087 	 0.87148765 	 7.02900372 	 0.24503884 	 1.23840526
2278 	 0.00000000 	 0.00000000 	 66.94168422 	 4.35026169 	 0.66796321 	 0.00000000 	 0.00000000 	 0.00000000 	 0.00000000 	 0.00000000 	 0.00000000 	 0.00000000 	 0.00000000 	 0.00000000 	 0.00000000 	 0.00000000 	 0.00000000 	 0.00000000 	 0.00000000 	 0.00000000 	 0.00000000 	 0.00000000 	 0.00000000 	 0.00000000 	 0.00000000 	 0.00000000 	 0.00000000 	 0.00000000 	 0.00000000 	 0.00000000 	 0.00000000 	 0.00000000 	 5.42133527 	 202.02003340 	 38.91168523 	 47.98370087 	 0.87148765 	 7.02900372 	 0.24503884 	 1.23840526
2279 	 0.00000000 	 0.00000000 	 66.94168422 	 4.35026169 	 0.66796321 	 0.00000000 	 0.00000000 	 0.00000000 	 0.00000000 	 0.00000000 	 0.00000000 	 0.00000000 	 0.00000000 	 0.00000000 	 0.00000000 	 0.00000000 	 0.00000000 	 0.00000000 	 0.00000000 	 0.00000000 	 0.00000000 	 0.00000000 	 0.00000000 	 0.00000000 	 0.00000000 	 0.00000000 	 0.00000000 	 0.00000000 	 0.00000000 	 0.00000000 	 0.00000000 	 0.00000000 	 5.42133527 	 202.02003340 	 38.91168523 	 47.98370087 	 0.87148765 	 7.02900372 	 0.24503884 	 1.23840526
2280 	 0.00000000 	 0.00000000 	 66.94168422 	 4.35026169 	 0.66796321 	 0.00000000 	 0.00000000 	 0.00000000 	 0.00000000 	 0.00000000 	 0.00000000 	 0.00000000 	 0.00000000 	 0.00000000 	 0.00000000 	 0.00000000 	 0.00000000 	 0.00000000 	 0.00000000 	 0.00000000 	 0.00000000 	 0.00000000 	 0.00000000 	 0.00000000 	 0.00000000 	 0.00000000 	 0.00000000 	 0.00000000 	 0.00000000 	 0.00000000 	 0.00000000 	 0.00000000 	 5.42133527 	 202.02003340 	 38.91168523 	 47.98370087 	 0.87148765 	 7.02900372 	 0.24503884 	 1.23840526
2281 	 0.00000000 	 0.00000000 	 66.94168422 	 4.35026169 	 0.66796321 	 0.00000000 	 0.00000000 	 0.00000000 	 0.00000000 	 0.00000000 	 0.00000000 	 0.00000000 	 0.00000000 	 0.00000000 	 0.00000000 	 0.00000000 	 0.00000000 	 0.00000000 	 0.00000000 	 0.00000000 	 0.00000000 	 0.00000000 	 0.00000000 	 0.00000000 	 0.00000000 	 0.00000000 	 0.00000000 	 0.00000000 	 0.00000000 	 0.00000000 	 0.00000000 	 0.00000000 	 5.42133527 	 202.02003340 	 38.91168523 	 47.98370087 	 0.87148765 	 7.02900372 	 0.24503884 	 1.23840526
2282 	 0.00000000 	 0.00000000 	 66.94168422 	 4.35026169 	 0.66796321 	 0.00000000 	 0.00000000 	 0.00000000 	 0.00000000 	 0.00000000 	 0.00000000 	 0.00000000 	 0.00000000 	 0.00000000 	 0.00000000 	 0.00000000 	 0.00000000 	 0.00000000 	 0.00000000 	 0.00000000 	 0.00000000 	 0.00000000 	 0.00000000 	 0.00000000 	 0.00000000 	 0.00000000 	 0.00000000 	 0.00000000 	 0.00000000 	 0.00000000 	 0.00000000 	 0.00000000 	 5.42133527 	 202.02003340 	 38.91168523 	 47.98370087 	 0.87148765 	 7.02900372 	 0.24503884 	 1.23840526
2283 	 0.00000000 	 0.00000000 	 66.94168422 	 4.35026169 	 0.66796321 	 0.00000000 	 0.00000000 	 0.00000000 	 0.00000000 	 0.00000000 	 0.00000000 	 0.00000000 	 0.00000000 	 0.00000000 	 0.00000000 	 0.00000000 	 0.00000000 	 0.00000000 	 0.00000000 	 0.00000000 	 0.00000000 	 0.00000000 	 0.00000000 	 0.00000000 	 0.00000000 	 0.00000000 	 0.00000000 	 0.00000000 	 0.00000000 	 0.00000000 	 0.00000000 	 0.00000000 	 5.42133527 	 202.02003340 	 38.91168523 	 47.98370087 	 0.87148765 	 7.02900372 	 0.24503884 	 1.23840526
2284 	 0.00000000 	 0.00000000 	 66.94168422 	 4.35026169 	 0.66796321 	 0.00000000 	 0.00000000 	 0.00000000 	 0.00000000 	 0.00000000 	 0.00000000 	 0.00000000 	 0.00000000 	 0.00000000 	 0.00000000 	 0.00000000 	 0.00000000 	 0.00000000 	 0.00000000 	 0.00000000 	 0.00000000 	 0.00000000 	 0.00000000 	 0.00000000 	 0.00000000 	 0.00000000 	 0.00000000 	 0.00000000 	 0.00000000 	 0.00000000 	 0.00000000 	 0.00000000 	 5.42133527 	 202.02003340 	 38.91168523 	 47.98370087 	 0.87148765 	 7.02900372 	 0.24503884 	 1.23840526
2285 	 0.00000000 	 0.00000000 	 66.94168422 	 4.35026169 	 0.66796321 	 0.00000000 	 0.00000000 	 0.00000000 	 0.00000000 	 0.00000000 	 0.00000000 	 0.00000000 	 0.00000000 	 0.00000000 	 0.00000000 	 0.00000000 	 0.00000000 	 0.00000000 	 0.00000000 	 0.00000000 	 0.00000000 	 0.00000000 	 0.00000000 	 0.00000000 	 0.00000000 	 0.00000000 	 0.00000000 	 0.00000000 	 0.00000000 	 0.00000000 	 0.00000000 	 0.00000000 	 5.42133527 	 202.02003340 	 38.91168523 	 47.98370087 	 0.87148765 	 7.02900372 	 0.24503884 	 1.23840526
2286 	 0.00000000 	 0.00000000 	 66.94168422 	 4.35026169 	 0.66796321 	 0.00000000 	 0.00000000 	 0.00000000 	 0.00000000 	 0.00000000 	 0.00000000 	 0.00000000 	 0.00000000 	 0.00000000 	 0.00000000 	 0.00000000 	 0.00000000 	 0.00000000 	 0.00000000 	 0.00000000 	 0.00000000 	 0.00000000 	 0.00000000 	 0.00000000 	 0.00000000 	 0.00000000 	 0.00000000 	 0.00000000 	 0.00000000 	 0.00000000 	 0.00000000 	 0.00000000 	 5.42133527 	 202.02003340 	 38.91168523 	 47.98370087 	 0.87148765 	 7.02900372 	 0.24503884 	 1.23840526
2287 	 0.00000000 	 0.00000000 	 66.94168422 	 4.35026169 	 0.66796321 	 0.00000000 	 0.00000000 	 0.00000000 	 0.00000000 	 0.00000000 	 0.00000000 	 0.00000000 	 0.00000000 	 0.00000000 	 0.00000000 	 0.00000000 	 0.00000000 	 0.00000000 	 0.00000000 	 0.00000000 	 0.00000000 	 0.00000000 	 0.00000000 	 0.00000000 	 0.00000000 	 0.00000000 	 0.00000000 	 0.00000000 	 0.00000000 	 0.00000000 	 0.00000000 	 0.00000000 	 5.42133527 	 202.02003340 	 38.91168523 	 47.98370087 	 0.87148765 	 7.02900372 	 0.24503884 	 1.23840526
2288 	 0.00000000 	 0.00000000 	 66.94168422 	 4.35026169 	 0.66796321 	 0.00000000 	 0.00000000 	 0.00000000 	 0.00000000 	 0.00000000 	 0.00000000 	 0.00000000 	 0.00000000 	 0.00000000 	 0.00000000 	 0.00000000 	 0.00000000 	 0.00000000 	 0.00000000 	 0.00000000 	 0.00000000 	 0.00000000 	 0.00000000 	 0.00000000 	 0.00000000 	 0.00000000 	 0.00000000 	 0.00000000 	 0.00000000 	 0.00000000 	 0.00000000 	 0.00000000 	 5.42133527 	 202.02003340 	 38.91168523 	 47.98370087 	 0.87148765 	 7.02900372 	 0.24503884 	 1.23840526
2289 	 0.00000000 	 0.00000000 	 66.94168422 	 4.35026169 	 0.66796321 	 0.00000000 	 0.00000000 	 0.00000000 	 0.00000000 	 0.00000000 	 0.00000000 	 0.00000000 	 0.00000000 	 0.00000000 	 0.00000000 	 0.00000000 	 0.00000000 	 0.00000000 	 0.00000000 	 0.00000000 	 0.00000000 	 0.00000000 	 0.00000000 	 0.00000000 	 0.00000000 	 0.00000000 	 0.00000000 	 0.00000000 	 0.00000000 	 0.00000000 	 0.00000000 	 0.00000000 	 5.42133527 	 202.02003340 	 38.91168523 	 47.98370087 	 0.87148765 	 7.02900372 	 0.24503884 	 1.23840526
2290 	 0.00000000 	 0.00000000 	 66.94168422 	 4.35026169 	 0.66796321 	 0.00000000 	 0.00000000 	 0.00000000 	 0.00000000 	 0.00000000 	 0.00000000 	 0.00000000 	 0.00000000 	 0.00000000 	 0.00000000 	 0.00000000 	 0.00000000 	 0.00000000 	 0.00000000 	 0.00000000 	 0.00000000 	 0.00000000 	 0.00000000 	 0.00000000 	 0.00000000 	 0.00000000 	 0.00000000 	 0.00000000 	 0.00000000 	 0.00000000 	 0.00000000 	 0.00000000 	 5.42133527 	 202.02003340 	 38.91168523 	 47.98370087 	 0.87148765 	 7.02900372 	 0.24503884 	 1.23840526
2291 	 0.00000000 	 0.00000000 	 66.94168422 	 4.35026169 	 0.66796321 	 0.00000000 	 0.00000000 	 0.00000000 	 0.00000000 	 0.00000000 	 0.00000000 	 0.00000000 	 0.00000000 	 0.00000000 	 0.00000000 	 0.00000000 	 0.00000000 	 0.00000000 	 0.00000000 	 0.00000000 	 0.00000000 	 0.00000000 	 0.00000000 	 0.00000000 	 0.00000000 	 0.00000000 	 0.00000000 	 0.00000000 	 0.00000000 	 0.00000000 	 0.00000000 	 0.00000000 	 5.42133527 	 202.02003340 	 38.91168523 	 47.98370087 	 0.87148765 	 7.02900372 	 0.24503884 	 1.23840526
2292 	 0.00000000 	 0.00000000 	 66.94168422 	 4.35026169 	 0.66796321 	 0.00000000 	 0.00000000 	 0.00000000 	 0.00000000 	 0.00000000 	 0.00000000 	 0.00000000 	 0.00000000 	 0.00000000 	 0.00000000 	 0.00000000 	 0.00000000 	 0.00000000 	 0.00000000 	 0.00000000 	 0.00000000 	 0.00000000 	 0.00000000 	 0.00000000 	 0.00000000 	 0.00000000 	 0.00000000 	 0.00000000 	 0.00000000 	 0.00000000 	 0.00000000 	 0.00000000 	 5.42133527 	 202.02003340 	 38.91168523 	 47.98370087 	 0.87148765 	 7.02900372 	 0.24503884 	 1.23840526
2293 	 0.00000000 	 0.00000000 	 66.94168422 	 4.35026169 	 0.66796321 	 0.00000000 	 0.00000000 	 0.00000000 	 0.00000000 	 0.00000000 	 0.00000000 	 0.00000000 	 0.00000000 	 0.00000000 	 0.00000000 	 0.00000000 	 0.00000000 	 0.00000000 	 0.00000000 	 0.00000000 	 0.00000000 	 0.00000000 	 0.00000000 	 0.00000000 	 0.00000000 	 0.00000000 	 0.00000000 	 0.00000000 	 0.00000000 	 0.00000000 	 0.00000000 	 0.00000000 	 5.42133527 	 202.02003340 	 38.91168523 	 47.98370087 	 0.87148765 	 7.02900372 	 0.24503884 	 1.23840526
2294 	 0.00000000 	 0.00000000 	 66.94168422 	 4.35026169 	 0.66796321 	 0.00000000 	 0.00000000 	 0.00000000 	 0.00000000 	 0.00000000 	 0.00000000 	 0.00000000 	 0.00000000 	 0.00000000 	 0.00000000 	 0.00000000 	 0.00000000 	 0.00000000 	 0.00000000 	 0.00000000 	 0.00000000 	 0.00000000 	 0.00000000 	 0.00000000 	 0.00000000 	 0.00000000 	 0.00000000 	 0.00000000 	 0.00000000 	 0.00000000 	 0.00000000 	 0.00000000 	 5.42133527 	 202.02003340 	 38.91168523 	 47.98370087 	 0.87148765 	 7.02900372 	 0.24503884 	 1.23840526
2295 	 0.00000000 	 0.00000000 	 66.94168422 	 4.35026169 	 0.66796321 	 0.00000000 	 0.00000000 	 0.00000000 	 0.00000000 	 0.00000000 	 0.00000000 	 0.00000000 	 0.00000000 	 0.00000000 	 0.00000000 	 0.00000000 	 0.00000000 	 0.00000000 	 0.00000000 	 0.00000000 	 0.00000000 	 0.00000000 	 0.00000000 	 0.00000000 	 0.00000000 	 0.00000000 	 0.00000000 	 0.00000000 	 0.00000000 	 0.00000000 	 0.00000000 	 0.00000000 	 5.42133527 	 202.02003340 	 38.91168523 	 47.98370087 	 0.87148765 	 7.02900372 	 0.24503884 	 1.23840526
2296 	 0.00000000 	 0.00000000 	 66.94168422 	 4.35026169 	 0.66796321 	 0.00000000 	 0.00000000 	 0.00000000 	 0.00000000 	 0.00000000 	 0.00000000 	 0.00000000 	 0.00000000 	 0.00000000 	 0.00000000 	 0.00000000 	 0.00000000 	 0.00000000 	 0.00000000 	 0.00000000 	 0.00000000 	 0.00000000 	 0.00000000 	 0.00000000 	 0.00000000 	 0.00000000 	 0.00000000 	 0.00000000 	 0.00000000 	 0.00000000 	 0.00000000 	 0.00000000 	 5.42133527 	 202.02003340 	 38.91168523 	 47.98370087 	 0.87148765 	 7.02900372 	 0.24503884 	 1.23840526
2297 	 0.00000000 	 0.00000000 	 66.94168422 	 4.35026169 	 0.66796321 	 0.00000000 	 0.00000000 	 0.00000000 	 0.00000000 	 0.00000000 	 0.00000000 	 0.00000000 	 0.00000000 	 0.00000000 	 0.00000000 	 0.00000000 	 0.00000000 	 0.00000000 	 0.00000000 	 0.00000000 	 0.00000000 	 0.00000000 	 0.00000000 	 0.00000000 	 0.00000000 	 0.00000000 	 0.00000000 	 0.00000000 	 0.00000000 	 0.00000000 	 0.00000000 	 0.00000000 	 5.42133527 	 202.02003340 	 38.91168523 	 47.98370087 	 0.87148765 	 7.02900372 	 0.24503884 	 1.23840526
2298 	 0.00000000 	 0.00000000 	 66.94168422 	 4.35026169 	 0.66796321 	 0.00000000 	 0.00000000 	 0.00000000 	 0.00000000 	 0.00000000 	 0.00000000 	 0.00000000 	 0.00000000 	 0.00000000 	 0.00000000 	 0.00000000 	 0.00000000 	 0.00000000 	 0.00000000 	 0.00000000 	 0.00000000 	 0.00000000 	 0.00000000 	 0.00000000 	 0.00000000 	 0.00000000 	 0.00000000 	 0.00000000 	 0.00000000 	 0.00000000 	 0.00000000 	 0.00000000 	 5.42133527 	 202.02003340 	 38.91168523 	 47.98370087 	 0.87148765 	 7.02900372 	 0.24503884 	 1.23840526
2299 	 0.00000000 	 0.00000000 	 66.94168422 	 4.35026169 	 0.66796321 	 0.00000000 	 0.00000000 	 0.00000000 	 0.00000000 	 0.00000000 	 0.00000000 	 0.00000000 	 0.00000000 	 0.00000000 	 0.00000000 	 0.00000000 	 0.00000000 	 0.00000000 	 0.00000000 	 0.00000000 	 0.00000000 	 0.00000000 	 0.00000000 	 0.00000000 	 0.00000000 	 0.00000000 	 0.00000000 	 0.00000000 	 0.00000000 	 0.00000000 	 0.00000000 	 0.00000000 	 5.42133527 	 202.02003340 	 38.91168523 	 47.98370087 	 0.87148765 	 7.02900372 	 0.24503884 	 1.23840526
2300 	 0.00000000 	 0.00000000 	 66.94168422 	 4.35026169 	 0.66796321 	 0.00000000 	 0.00000000 	 0.00000000 	 0.00000000 	 0.00000000 	 0.00000000 	 0.00000000 	 0.00000000 	 0.00000000 	 0.00000000 	 0.00000000 	 0.00000000 	 0.00000000 	 0.00000000 	 0.00000000 	 0.00000000 	 0.00000000 	 0.00000000 	 0.00000000 	 0.00000000 	 0.00000000 	 0.00000000 	 0.00000000 	 0.00000000 	 0.00000000 	 0.00000000 	 0.00000000 	 5.42133527 	 202.02003340 	 38.91168523 	 47.98370087 	 0.87148765 	 7.02900372 	 0.24503884 	 1.23840526
2301 	 0.00000000 	 0.00000000 	 66.94168422 	 4.35026169 	 0.66796321 	 0.00000000 	 0.00000000 	 0.00000000 	 0.00000000 	 0.00000000 	 0.00000000 	 0.00000000 	 0.00000000 	 0.00000000 	 0.00000000 	 0.00000000 	 0.00000000 	 0.00000000 	 0.00000000 	 0.00000000 	 0.00000000 	 0.00000000 	 0.00000000 	 0.00000000 	 0.00000000 	 0.00000000 	 0.00000000 	 0.00000000 	 0.00000000 	 0.00000000 	 0.00000000 	 0.00000000 	 5.42133527 	 202.02003340 	 38.91168523 	 47.98370087 	 0.87148765 	 7.02900372 	 0.24503884 	 1.23840526
2302 	 0.00000000 	 0.00000000 	 66.94168422 	 4.35026169 	 0.66796321 	 0.00000000 	 0.00000000 	 0.00000000 	 0.00000000 	 0.00000000 	 0.00000000 	 0.00000000 	 0.00000000 	 0.00000000 	 0.00000000 	 0.00000000 	 0.00000000 	 0.00000000 	 0.00000000 	 0.00000000 	 0.00000000 	 0.00000000 	 0.00000000 	 0.00000000 	 0.00000000 	 0.00000000 	 0.00000000 	 0.00000000 	 0.00000000 	 0.00000000 	 0.00000000 	 0.00000000 	 5.42133527 	 202.02003340 	 38.91168523 	 47.98370087 	 0.87148765 	 7.02900372 	 0.24503884 	 1.23840526
2303 	 0.00000000 	 0.00000000 	 66.94168422 	 4.35026169 	 0.66796321 	 0.00000000 	 0.00000000 	 0.00000000 	 0.00000000 	 0.00000000 	 0.00000000 	 0.00000000 	 0.00000000 	 0.00000000 	 0.00000000 	 0.00000000 	 0.00000000 	 0.00000000 	 0.00000000 	 0.00000000 	 0.00000000 	 0.00000000 	 0.00000000 	 0.00000000 	 0.00000000 	 0.00000000 	 0.00000000 	 0.00000000 	 0.00000000 	 0.00000000 	 0.00000000 	 0.00000000 	 5.42133527 	 202.02003340 	 38.91168523 	 47.98370087 	 0.87148765 	 7.02900372 	 0.24503884 	 1.23840526
2304 	 0.00000000 	 0.00000000 	 66.94168422 	 4.35026169 	 0.66796321 	 0.00000000 	 0.00000000 	 0.00000000 	 0.00000000 	 0.00000000 	 0.00000000 	 0.00000000 	 0.00000000 	 0.00000000 	 0.00000000 	 0.00000000 	 0.00000000 	 0.00000000 	 0.00000000 	 0.00000000 	 0.00000000 	 0.00000000 	 0.00000000 	 0.00000000 	 0.00000000 	 0.00000000 	 0.00000000 	 0.00000000 	 0.00000000 	 0.00000000 	 0.00000000 	 0.00000000 	 5.42133527 	 202.02003340 	 38.91168523 	 47.98370087 	 0.87148765 	 7.02900372 	 0.24503884 	 1.23840526
2305 	 0.00000000 	 0.00000000 	 66.94168422 	 4.35026169 	 0.66796321 	 0.00000000 	 0.00000000 	 0.00000000 	 0.00000000 	 0.00000000 	 0.00000000 	 0.00000000 	 0.00000000 	 0.00000000 	 0.00000000 	 0.00000000 	 0.00000000 	 0.00000000 	 0.00000000 	 0.00000000 	 0.00000000 	 0.00000000 	 0.00000000 	 0.00000000 	 0.00000000 	 0.00000000 	 0.00000000 	 0.00000000 	 0.00000000 	 0.00000000 	 0.00000000 	 0.00000000 	 5.42133527 	 202.02003340 	 38.91168523 	 47.98370087 	 0.87148765 	 7.02900372 	 0.24503884 	 1.23840526
2306 	 0.00000000 	 0.00000000 	 66.94168422 	 4.35026169 	 0.66796321 	 0.00000000 	 0.00000000 	 0.00000000 	 0.00000000 	 0.00000000 	 0.00000000 	 0.00000000 	 0.00000000 	 0.00000000 	 0.00000000 	 0.00000000 	 0.00000000 	 0.00000000 	 0.00000000 	 0.00000000 	 0.00000000 	 0.00000000 	 0.00000000 	 0.00000000 	 0.00000000 	 0.00000000 	 0.00000000 	 0.00000000 	 0.00000000 	 0.00000000 	 0.00000000 	 0.00000000 	 5.42133527 	 202.02003340 	 38.91168523 	 47.98370087 	 0.87148765 	 7.02900372 	 0.24503884 	 1.23840526
2307 	 0.00000000 	 0.00000000 	 66.94168422 	 4.35026169 	 0.66796321 	 0.00000000 	 0.00000000 	 0.00000000 	 0.00000000 	 0.00000000 	 0.00000000 	 0.00000000 	 0.00000000 	 0.00000000 	 0.00000000 	 0.00000000 	 0.00000000 	 0.00000000 	 0.00000000 	 0.00000000 	 0.00000000 	 0.00000000 	 0.00000000 	 0.00000000 	 0.00000000 	 0.00000000 	 0.00000000 	 0.00000000 	 0.00000000 	 0.00000000 	 0.00000000 	 0.00000000 	 5.42133527 	 202.02003340 	 38.91168523 	 47.98370087 	 0.87148765 	 7.02900372 	 0.24503884 	 1.23840526
2308 	 0.00000000 	 0.00000000 	 66.94168422 	 4.35026169 	 0.66796321 	 0.00000000 	 0.00000000 	 0.00000000 	 0.00000000 	 0.00000000 	 0.00000000 	 0.00000000 	 0.00000000 	 0.00000000 	 0.00000000 	 0.00000000 	 0.00000000 	 0.00000000 	 0.00000000 	 0.00000000 	 0.00000000 	 0.00000000 	 0.00000000 	 0.00000000 	 0.00000000 	 0.00000000 	 0.00000000 	 0.00000000 	 0.00000000 	 0.00000000 	 0.00000000 	 0.00000000 	 5.42133527 	 202.02003340 	 38.91168523 	 47.98370087 	 0.87148765 	 7.02900372 	 0.24503884 	 1.23840526
2309 	 0.00000000 	 0.00000000 	 66.94168422 	 4.35026169 	 0.66796321 	 0.00000000 	 0.00000000 	 0.00000000 	 0.00000000 	 0.00000000 	 0.00000000 	 0.00000000 	 0.00000000 	 0.00000000 	 0.00000000 	 0.00000000 	 0.00000000 	 0.00000000 	 0.00000000 	 0.00000000 	 0.00000000 	 0.00000000 	 0.00000000 	 0.00000000 	 0.00000000 	 0.00000000 	 0.00000000 	 0.00000000 	 0.00000000 	 0.00000000 	 0.00000000 	 0.00000000 	 5.42133527 	 202.02003340 	 38.91168523 	 47.98370087 	 0.87148765 	 7.02900372 	 0.24503884 	 1.23840526
2310 	 0.00000000 	 0.00000000 	 66.94168422 	 4.35026169 	 0.66796321 	 0.00000000 	 0.00000000 	 0.00000000 	 0.00000000 	 0.00000000 	 0.00000000 	 0.00000000 	 0.00000000 	 0.00000000 	 0.00000000 	 0.00000000 	 0.00000000 	 0.00000000 	 0.00000000 	 0.00000000 	 0.00000000 	 0.00000000 	 0.00000000 	 0.00000000 	 0.00000000 	 0.00000000 	 0.00000000 	 0.00000000 	 0.00000000 	 0.00000000 	 0.00000000 	 0.00000000 	 5.42133527 	 202.02003340 	 38.91168523 	 47.98370087 	 0.87148765 	 7.02900372 	 0.24503884 	 1.23840526
2311 	 0.00000000 	 0.00000000 	 66.94168422 	 4.35026169 	 0.66796321 	 0.00000000 	 0.00000000 	 0.00000000 	 0.00000000 	 0.00000000 	 0.00000000 	 0.00000000 	 0.00000000 	 0.00000000 	 0.00000000 	 0.00000000 	 0.00000000 	 0.00000000 	 0.00000000 	 0.00000000 	 0.00000000 	 0.00000000 	 0.00000000 	 0.00000000 	 0.00000000 	 0.00000000 	 0.00000000 	 0.00000000 	 0.00000000 	 0.00000000 	 0.00000000 	 0.00000000 	 5.42133527 	 202.02003340 	 38.91168523 	 47.98370087 	 0.87148765 	 7.02900372 	 0.24503884 	 1.23840526
2312 	 0.00000000 	 0.00000000 	 66.94168422 	 4.35026169 	 0.66796321 	 0.00000000 	 0.00000000 	 0.00000000 	 0.00000000 	 0.00000000 	 0.00000000 	 0.00000000 	 0.00000000 	 0.00000000 	 0.00000000 	 0.00000000 	 0.00000000 	 0.00000000 	 0.00000000 	 0.00000000 	 0.00000000 	 0.00000000 	 0.00000000 	 0.00000000 	 0.00000000 	 0.00000000 	 0.00000000 	 0.00000000 	 0.00000000 	 0.00000000 	 0.00000000 	 0.00000000 	 5.42133527 	 202.02003340 	 38.91168523 	 47.98370087 	 0.87148765 	 7.02900372 	 0.24503884 	 1.23840526
2313 	 0.00000000 	 0.00000000 	 66.94168422 	 4.35026169 	 0.66796321 	 0.00000000 	 0.00000000 	 0.00000000 	 0.00000000 	 0.00000000 	 0.00000000 	 0.00000000 	 0.00000000 	 0.00000000 	 0.00000000 	 0.00000000 	 0.00000000 	 0.00000000 	 0.00000000 	 0.00000000 	 0.00000000 	 0.00000000 	 0.00000000 	 0.00000000 	 0.00000000 	 0.00000000 	 0.00000000 	 0.00000000 	 0.00000000 	 0.00000000 	 0.00000000 	 0.00000000 	 5.42133527 	 202.02003340 	 38.91168523 	 47.98370087 	 0.87148765 	 7.02900372 	 0.24503884 	 1.23840526
2314 	 0.00000000 	 0.00000000 	 66.94168422 	 4.35026169 	 0.66796321 	 0.00000000 	 0.00000000 	 0.00000000 	 0.00000000 	 0.00000000 	 0.00000000 	 0.00000000 	 0.00000000 	 0.00000000 	 0.00000000 	 0.00000000 	 0.00000000 	 0.00000000 	 0.00000000 	 0.00000000 	 0.00000000 	 0.00000000 	 0.00000000 	 0.00000000 	 0.00000000 	 0.00000000 	 0.00000000 	 0.00000000 	 0.00000000 	 0.00000000 	 0.00000000 	 0.00000000 	 5.42133527 	 202.02003340 	 38.91168523 	 47.98370087 	 0.87148765 	 7.02900372 	 0.24503884 	 1.23840526
2315 	 0.00000000 	 0.00000000 	 66.94168422 	 4.35026169 	 0.66796321 	 0.00000000 	 0.00000000 	 0.00000000 	 0.00000000 	 0.00000000 	 0.00000000 	 0.00000000 	 0.00000000 	 0.00000000 	 0.00000000 	 0.00000000 	 0.00000000 	 0.00000000 	 0.00000000 	 0.00000000 	 0.00000000 	 0.00000000 	 0.00000000 	 0.00000000 	 0.00000000 	 0.00000000 	 0.00000000 	 0.00000000 	 0.00000000 	 0.00000000 	 0.00000000 	 0.00000000 	 5.42133527 	 202.02003340 	 38.91168523 	 47.98370087 	 0.87148765 	 7.02900372 	 0.24503884 	 1.23840526
2316 	 0.00000000 	 0.00000000 	 66.94168422 	 4.35026169 	 0.66796321 	 0.00000000 	 0.00000000 	 0.00000000 	 0.00000000 	 0.00000000 	 0.00000000 	 0.00000000 	 0.00000000 	 0.00000000 	 0.00000000 	 0.00000000 	 0.00000000 	 0.00000000 	 0.00000000 	 0.00000000 	 0.00000000 	 0.00000000 	 0.00000000 	 0.00000000 	 0.00000000 	 0.00000000 	 0.00000000 	 0.00000000 	 0.00000000 	 0.00000000 	 0.00000000 	 0.00000000 	 5.42133527 	 202.02003340 	 38.91168523 	 47.98370087 	 0.87148765 	 7.02900372 	 0.24503884 	 1.23840526
2317 	 0.00000000 	 0.00000000 	 66.94168422 	 4.35026169 	 0.66796321 	 0.00000000 	 0.00000000 	 0.00000000 	 0.00000000 	 0.00000000 	 0.00000000 	 0.00000000 	 0.00000000 	 0.00000000 	 0.00000000 	 0.00000000 	 0.00000000 	 0.00000000 	 0.00000000 	 0.00000000 	 0.00000000 	 0.00000000 	 0.00000000 	 0.00000000 	 0.00000000 	 0.00000000 	 0.00000000 	 0.00000000 	 0.00000000 	 0.00000000 	 0.00000000 	 0.00000000 	 5.42133527 	 202.02003340 	 38.91168523 	 47.98370087 	 0.87148765 	 7.02900372 	 0.24503884 	 1.23840526
2318 	 0.00000000 	 0.00000000 	 66.94168422 	 4.35026169 	 0.66796321 	 0.00000000 	 0.00000000 	 0.00000000 	 0.00000000 	 0.00000000 	 0.00000000 	 0.00000000 	 0.00000000 	 0.00000000 	 0.00000000 	 0.00000000 	 0.00000000 	 0.00000000 	 0.00000000 	 0.00000000 	 0.00000000 	 0.00000000 	 0.00000000 	 0.00000000 	 0.00000000 	 0.00000000 	 0.00000000 	 0.00000000 	 0.00000000 	 0.00000000 	 0.00000000 	 0.00000000 	 5.42133527 	 202.02003340 	 38.91168523 	 47.98370087 	 0.87148765 	 7.02900372 	 0.24503884 	 1.23840526
2319 	 0.00000000 	 0.00000000 	 66.94168422 	 4.35026169 	 0.66796321 	 0.00000000 	 0.00000000 	 0.00000000 	 0.00000000 	 0.00000000 	 0.00000000 	 0.00000000 	 0.00000000 	 0.00000000 	 0.00000000 	 0.00000000 	 0.00000000 	 0.00000000 	 0.00000000 	 0.00000000 	 0.00000000 	 0.00000000 	 0.00000000 	 0.00000000 	 0.00000000 	 0.00000000 	 0.00000000 	 0.00000000 	 0.00000000 	 0.00000000 	 0.00000000 	 0.00000000 	 5.42133527 	 202.02003340 	 38.91168523 	 47.98370087 	 0.87148765 	 7.02900372 	 0.24503884 	 1.23840526
2320 	 0.00000000 	 0.00000000 	 66.94168422 	 4.35026169 	 0.66796321 	 0.00000000 	 0.00000000 	 0.00000000 	 0.00000000 	 0.00000000 	 0.00000000 	 0.00000000 	 0.00000000 	 0.00000000 	 0.00000000 	 0.00000000 	 0.00000000 	 0.00000000 	 0.00000000 	 0.00000000 	 0.00000000 	 0.00000000 	 0.00000000 	 0.00000000 	 0.00000000 	 0.00000000 	 0.00000000 	 0.00000000 	 0.00000000 	 0.00000000 	 0.00000000 	 0.00000000 	 5.42133527 	 202.02003340 	 38.91168523 	 47.98370087 	 0.87148765 	 7.02900372 	 0.24503884 	 1.23840526
2321 	 0.00000000 	 0.00000000 	 66.94168422 	 4.35026169 	 0.66796321 	 0.00000000 	 0.00000000 	 0.00000000 	 0.00000000 	 0.00000000 	 0.00000000 	 0.00000000 	 0.00000000 	 0.00000000 	 0.00000000 	 0.00000000 	 0.00000000 	 0.00000000 	 0.00000000 	 0.00000000 	 0.00000000 	 0.00000000 	 0.00000000 	 0.00000000 	 0.00000000 	 0.00000000 	 0.00000000 	 0.00000000 	 0.00000000 	 0.00000000 	 0.00000000 	 0.00000000 	 5.42133527 	 202.02003340 	 38.91168523 	 47.98370087 	 0.87148765 	 7.02900372 	 0.24503884 	 1.23840526
2322 	 0.00000000 	 0.00000000 	 66.94168422 	 4.35026169 	 0.66796321 	 0.00000000 	 0.00000000 	 0.00000000 	 0.00000000 	 0.00000000 	 0.00000000 	 0.00000000 	 0.00000000 	 0.00000000 	 0.00000000 	 0.00000000 	 0.00000000 	 0.00000000 	 0.00000000 	 0.00000000 	 0.00000000 	 0.00000000 	 0.00000000 	 0.00000000 	 0.00000000 	 0.00000000 	 0.00000000 	 0.00000000 	 0.00000000 	 0.00000000 	 0.00000000 	 0.00000000 	 5.42133527 	 202.02003340 	 38.91168523 	 47.98370087 	 0.87148765 	 7.02900372 	 0.24503884 	 1.23840526
2323 	 0.00000000 	 0.00000000 	 66.94168422 	 4.35026169 	 0.66796321 	 0.00000000 	 0.00000000 	 0.00000000 	 0.00000000 	 0.00000000 	 0.00000000 	 0.00000000 	 0.00000000 	 0.00000000 	 0.00000000 	 0.00000000 	 0.00000000 	 0.00000000 	 0.00000000 	 0.00000000 	 0.00000000 	 0.00000000 	 0.00000000 	 0.00000000 	 0.00000000 	 0.00000000 	 0.00000000 	 0.00000000 	 0.00000000 	 0.00000000 	 0.00000000 	 0.00000000 	 5.42133527 	 202.02003340 	 38.91168523 	 47.98370087 	 0.87148765 	 7.02900372 	 0.24503884 	 1.23840526
2324 	 0.00000000 	 0.00000000 	 66.94168422 	 4.35026169 	 0.66796321 	 0.00000000 	 0.00000000 	 0.00000000 	 0.00000000 	 0.00000000 	 0.00000000 	 0.00000000 	 0.00000000 	 0.00000000 	 0.00000000 	 0.00000000 	 0.00000000 	 0.00000000 	 0.00000000 	 0.00000000 	 0.00000000 	 0.00000000 	 0.00000000 	 0.00000000 	 0.00000000 	 0.00000000 	 0.00000000 	 0.00000000 	 0.00000000 	 0.00000000 	 0.00000000 	 0.00000000 	 5.42133527 	 202.02003340 	 38.91168523 	 47.98370087 	 0.87148765 	 7.02900372 	 0.24503884 	 1.23840526
2325 	 0.00000000 	 0.00000000 	 66.94168422 	 4.35026169 	 0.66796321 	 0.00000000 	 0.00000000 	 0.00000000 	 0.00000000 	 0.00000000 	 0.00000000 	 0.00000000 	 0.00000000 	 0.00000000 	 0.00000000 	 0.00000000 	 0.00000000 	 0.00000000 	 0.00000000 	 0.00000000 	 0.00000000 	 0.00000000 	 0.00000000 	 0.00000000 	 0.00000000 	 0.00000000 	 0.00000000 	 0.00000000 	 0.00000000 	 0.00000000 	 0.00000000 	 0.00000000 	 5.42133527 	 202.02003340 	 38.91168523 	 47.98370087 	 0.87148765 	 7.02900372 	 0.24503884 	 1.23840526
2326 	 0.00000000 	 0.00000000 	 66.94168422 	 4.35026169 	 0.66796321 	 0.00000000 	 0.00000000 	 0.00000000 	 0.00000000 	 0.00000000 	 0.00000000 	 0.00000000 	 0.00000000 	 0.00000000 	 0.00000000 	 0.00000000 	 0.00000000 	 0.00000000 	 0.00000000 	 0.00000000 	 0.00000000 	 0.00000000 	 0.00000000 	 0.00000000 	 0.00000000 	 0.00000000 	 0.00000000 	 0.00000000 	 0.00000000 	 0.00000000 	 0.00000000 	 0.00000000 	 5.42133527 	 202.02003340 	 38.91168523 	 47.98370087 	 0.87148765 	 7.02900372 	 0.24503884 	 1.23840526
2327 	 0.00000000 	 0.00000000 	 66.94168422 	 4.35026169 	 0.66796321 	 0.00000000 	 0.00000000 	 0.00000000 	 0.00000000 	 0.00000000 	 0.00000000 	 0.00000000 	 0.00000000 	 0.00000000 	 0.00000000 	 0.00000000 	 0.00000000 	 0.00000000 	 0.00000000 	 0.00000000 	 0.00000000 	 0.00000000 	 0.00000000 	 0.00000000 	 0.00000000 	 0.00000000 	 0.00000000 	 0.00000000 	 0.00000000 	 0.00000000 	 0.00000000 	 0.00000000 	 5.42133527 	 202.02003340 	 38.91168523 	 47.98370087 	 0.87148765 	 7.02900372 	 0.24503884 	 1.23840526
2328 	 0.00000000 	 0.00000000 	 66.94168422 	 4.35026169 	 0.66796321 	 0.00000000 	 0.00000000 	 0.00000000 	 0.00000000 	 0.00000000 	 0.00000000 	 0.00000000 	 0.00000000 	 0.00000000 	 0.00000000 	 0.00000000 	 0.00000000 	 0.00000000 	 0.00000000 	 0.00000000 	 0.00000000 	 0.00000000 	 0.00000000 	 0.00000000 	 0.00000000 	 0.00000000 	 0.00000000 	 0.00000000 	 0.00000000 	 0.00000000 	 0.00000000 	 0.00000000 	 5.42133527 	 202.02003340 	 38.91168523 	 47.98370087 	 0.87148765 	 7.02900372 	 0.24503884 	 1.23840526
2329 	 0.00000000 	 0.00000000 	 66.94168422 	 4.35026169 	 0.66796321 	 0.00000000 	 0.00000000 	 0.00000000 	 0.00000000 	 0.00000000 	 0.00000000 	 0.00000000 	 0.00000000 	 0.00000000 	 0.00000000 	 0.00000000 	 0.00000000 	 0.00000000 	 0.00000000 	 0.00000000 	 0.00000000 	 0.00000000 	 0.00000000 	 0.00000000 	 0.00000000 	 0.00000000 	 0.00000000 	 0.00000000 	 0.00000000 	 0.00000000 	 0.00000000 	 0.00000000 	 5.42133527 	 202.02003340 	 38.91168523 	 47.98370087 	 0.87148765 	 7.02900372 	 0.24503884 	 1.23840526
2330 	 0.00000000 	 0.00000000 	 66.94168422 	 4.35026169 	 0.66796321 	 0.00000000 	 0.00000000 	 0.00000000 	 0.00000000 	 0.00000000 	 0.00000000 	 0.00000000 	 0.00000000 	 0.00000000 	 0.00000000 	 0.00000000 	 0.00000000 	 0.00000000 	 0.00000000 	 0.00000000 	 0.00000000 	 0.00000000 	 0.00000000 	 0.00000000 	 0.00000000 	 0.00000000 	 0.00000000 	 0.00000000 	 0.00000000 	 0.00000000 	 0.00000000 	 0.00000000 	 5.42133527 	 202.02003340 	 38.91168523 	 47.98370087 	 0.87148765 	 7.02900372 	 0.24503884 	 1.23840526
2331 	 0.00000000 	 0.00000000 	 66.94168422 	 4.35026169 	 0.66796321 	 0.00000000 	 0.00000000 	 0.00000000 	 0.00000000 	 0.00000000 	 0.00000000 	 0.00000000 	 0.00000000 	 0.00000000 	 0.00000000 	 0.00000000 	 0.00000000 	 0.00000000 	 0.00000000 	 0.00000000 	 0.00000000 	 0.00000000 	 0.00000000 	 0.00000000 	 0.00000000 	 0.00000000 	 0.00000000 	 0.00000000 	 0.00000000 	 0.00000000 	 0.00000000 	 0.00000000 	 5.42133527 	 202.02003340 	 38.91168523 	 47.98370087 	 0.87148765 	 7.02900372 	 0.24503884 	 1.23840526
2332 	 0.00000000 	 0.00000000 	 66.94168422 	 4.35026169 	 0.66796321 	 0.00000000 	 0.00000000 	 0.00000000 	 0.00000000 	 0.00000000 	 0.00000000 	 0.00000000 	 0.00000000 	 0.00000000 	 0.00000000 	 0.00000000 	 0.00000000 	 0.00000000 	 0.00000000 	 0.00000000 	 0.00000000 	 0.00000000 	 0.00000000 	 0.00000000 	 0.00000000 	 0.00000000 	 0.00000000 	 0.00000000 	 0.00000000 	 0.00000000 	 0.00000000 	 0.00000000 	 5.42133527 	 202.02003340 	 38.91168523 	 47.98370087 	 0.87148765 	 7.02900372 	 0.24503884 	 1.23840526
2333 	 0.00000000 	 0.00000000 	 66.94168422 	 4.35026169 	 0.66796321 	 0.00000000 	 0.00000000 	 0.00000000 	 0.00000000 	 0.00000000 	 0.00000000 	 0.00000000 	 0.00000000 	 0.00000000 	 0.00000000 	 0.00000000 	 0.00000000 	 0.00000000 	 0.00000000 	 0.00000000 	 0.00000000 	 0.00000000 	 0.00000000 	 0.00000000 	 0.00000000 	 0.00000000 	 0.00000000 	 0.00000000 	 0.00000000 	 0.00000000 	 0.00000000 	 0.00000000 	 5.42133527 	 202.02003340 	 38.91168523 	 47.98370087 	 0.87148765 	 7.02900372 	 0.24503884 	 1.23840526
2334 	 0.00000000 	 0.00000000 	 66.94168422 	 4.35026169 	 0.66796321 	 0.00000000 	 0.00000000 	 0.00000000 	 0.00000000 	 0.00000000 	 0.00000000 	 0.00000000 	 0.00000000 	 0.00000000 	 0.00000000 	 0.00000000 	 0.00000000 	 0.00000000 	 0.00000000 	 0.00000000 	 0.00000000 	 0.00000000 	 0.00000000 	 0.00000000 	 0.00000000 	 0.00000000 	 0.00000000 	 0.00000000 	 0.00000000 	 0.00000000 	 0.00000000 	 0.00000000 	 5.42133527 	 202.02003340 	 38.91168523 	 47.98370087 	 0.87148765 	 7.02900372 	 0.24503884 	 1.23840526
2335 	 0.00000000 	 0.00000000 	 66.94168422 	 4.35026169 	 0.66796321 	 0.00000000 	 0.00000000 	 0.00000000 	 0.00000000 	 0.00000000 	 0.00000000 	 0.00000000 	 0.00000000 	 0.00000000 	 0.00000000 	 0.00000000 	 0.00000000 	 0.00000000 	 0.00000000 	 0.00000000 	 0.00000000 	 0.00000000 	 0.00000000 	 0.00000000 	 0.00000000 	 0.00000000 	 0.00000000 	 0.00000000 	 0.00000000 	 0.00000000 	 0.00000000 	 0.00000000 	 5.42133527 	 202.02003340 	 38.91168523 	 47.98370087 	 0.87148765 	 7.02900372 	 0.24503884 	 1.23840526
2336 	 0.00000000 	 0.00000000 	 66.94168422 	 4.35026169 	 0.66796321 	 0.00000000 	 0.00000000 	 0.00000000 	 0.00000000 	 0.00000000 	 0.00000000 	 0.00000000 	 0.00000000 	 0.00000000 	 0.00000000 	 0.00000000 	 0.00000000 	 0.00000000 	 0.00000000 	 0.00000000 	 0.00000000 	 0.00000000 	 0.00000000 	 0.00000000 	 0.00000000 	 0.00000000 	 0.00000000 	 0.00000000 	 0.00000000 	 0.00000000 	 0.00000000 	 0.00000000 	 5.42133527 	 202.02003340 	 38.91168523 	 47.98370087 	 0.87148765 	 7.02900372 	 0.24503884 	 1.23840526
2337 	 0.00000000 	 0.00000000 	 66.94168422 	 4.35026169 	 0.66796321 	 0.00000000 	 0.00000000 	 0.00000000 	 0.00000000 	 0.00000000 	 0.00000000 	 0.00000000 	 0.00000000 	 0.00000000 	 0.00000000 	 0.00000000 	 0.00000000 	 0.00000000 	 0.00000000 	 0.00000000 	 0.00000000 	 0.00000000 	 0.00000000 	 0.00000000 	 0.00000000 	 0.00000000 	 0.00000000 	 0.00000000 	 0.00000000 	 0.00000000 	 0.00000000 	 0.00000000 	 5.42133527 	 202.02003340 	 38.91168523 	 47.98370087 	 0.87148765 	 7.02900372 	 0.24503884 	 1.23840526
2338 	 0.00000000 	 0.00000000 	 66.94168422 	 4.35026169 	 0.66796321 	 0.00000000 	 0.00000000 	 0.00000000 	 0.00000000 	 0.00000000 	 0.00000000 	 0.00000000 	 0.00000000 	 0.00000000 	 0.00000000 	 0.00000000 	 0.00000000 	 0.00000000 	 0.00000000 	 0.00000000 	 0.00000000 	 0.00000000 	 0.00000000 	 0.00000000 	 0.00000000 	 0.00000000 	 0.00000000 	 0.00000000 	 0.00000000 	 0.00000000 	 0.00000000 	 0.00000000 	 5.42133527 	 202.02003340 	 38.91168523 	 47.98370087 	 0.87148765 	 7.02900372 	 0.24503884 	 1.23840526
2339 	 0.00000000 	 0.00000000 	 66.94168422 	 4.35026169 	 0.66796321 	 0.00000000 	 0.00000000 	 0.00000000 	 0.00000000 	 0.00000000 	 0.00000000 	 0.00000000 	 0.00000000 	 0.00000000 	 0.00000000 	 0.00000000 	 0.00000000 	 0.00000000 	 0.00000000 	 0.00000000 	 0.00000000 	 0.00000000 	 0.00000000 	 0.00000000 	 0.00000000 	 0.00000000 	 0.00000000 	 0.00000000 	 0.00000000 	 0.00000000 	 0.00000000 	 0.00000000 	 5.42133527 	 202.02003340 	 38.91168523 	 47.98370087 	 0.87148765 	 7.02900372 	 0.24503884 	 1.23840526
2340 	 0.00000000 	 0.00000000 	 66.94168422 	 4.35026169 	 0.66796321 	 0.00000000 	 0.00000000 	 0.00000000 	 0.00000000 	 0.00000000 	 0.00000000 	 0.00000000 	 0.00000000 	 0.00000000 	 0.00000000 	 0.00000000 	 0.00000000 	 0.00000000 	 0.00000000 	 0.00000000 	 0.00000000 	 0.00000000 	 0.00000000 	 0.00000000 	 0.00000000 	 0.00000000 	 0.00000000 	 0.00000000 	 0.00000000 	 0.00000000 	 0.00000000 	 0.00000000 	 5.42133527 	 202.02003340 	 38.91168523 	 47.98370087 	 0.87148765 	 7.02900372 	 0.24503884 	 1.23840526
2341 	 0.00000000 	 0.00000000 	 66.94168422 	 4.35026169 	 0.66796321 	 0.00000000 	 0.00000000 	 0.00000000 	 0.00000000 	 0.00000000 	 0.00000000 	 0.00000000 	 0.00000000 	 0.00000000 	 0.00000000 	 0.00000000 	 0.00000000 	 0.00000000 	 0.00000000 	 0.00000000 	 0.00000000 	 0.00000000 	 0.00000000 	 0.00000000 	 0.00000000 	 0.00000000 	 0.00000000 	 0.00000000 	 0.00000000 	 0.00000000 	 0.00000000 	 0.00000000 	 5.42133527 	 202.02003340 	 38.91168523 	 47.98370087 	 0.87148765 	 7.02900372 	 0.24503884 	 1.23840526
2342 	 0.00000000 	 0.00000000 	 66.94168422 	 4.35026169 	 0.66796321 	 0.00000000 	 0.00000000 	 0.00000000 	 0.00000000 	 0.00000000 	 0.00000000 	 0.00000000 	 0.00000000 	 0.00000000 	 0.00000000 	 0.00000000 	 0.00000000 	 0.00000000 	 0.00000000 	 0.00000000 	 0.00000000 	 0.00000000 	 0.00000000 	 0.00000000 	 0.00000000 	 0.00000000 	 0.00000000 	 0.00000000 	 0.00000000 	 0.00000000 	 0.00000000 	 0.00000000 	 5.42133527 	 202.02003340 	 38.91168523 	 47.98370087 	 0.87148765 	 7.02900372 	 0.24503884 	 1.23840526
2343 	 0.00000000 	 0.00000000 	 66.94168422 	 4.35026169 	 0.66796321 	 0.00000000 	 0.00000000 	 0.00000000 	 0.00000000 	 0.00000000 	 0.00000000 	 0.00000000 	 0.00000000 	 0.00000000 	 0.00000000 	 0.00000000 	 0.00000000 	 0.00000000 	 0.00000000 	 0.00000000 	 0.00000000 	 0.00000000 	 0.00000000 	 0.00000000 	 0.00000000 	 0.00000000 	 0.00000000 	 0.00000000 	 0.00000000 	 0.00000000 	 0.00000000 	 0.00000000 	 5.42133527 	 202.02003340 	 38.91168523 	 47.98370087 	 0.87148765 	 7.02900372 	 0.24503884 	 1.23840526
2344 	 0.00000000 	 0.00000000 	 66.94168422 	 4.35026169 	 0.66796321 	 0.00000000 	 0.00000000 	 0.00000000 	 0.00000000 	 0.00000000 	 0.00000000 	 0.00000000 	 0.00000000 	 0.00000000 	 0.00000000 	 0.00000000 	 0.00000000 	 0.00000000 	 0.00000000 	 0.00000000 	 0.00000000 	 0.00000000 	 0.00000000 	 0.00000000 	 0.00000000 	 0.00000000 	 0.00000000 	 0.00000000 	 0.00000000 	 0.00000000 	 0.00000000 	 0.00000000 	 5.42133527 	 202.02003340 	 38.91168523 	 47.98370087 	 0.87148765 	 7.02900372 	 0.24503884 	 1.23840526
2345 	 0.00000000 	 0.00000000 	 66.94168422 	 4.35026169 	 0.66796321 	 0.00000000 	 0.00000000 	 0.00000000 	 0.00000000 	 0.00000000 	 0.00000000 	 0.00000000 	 0.00000000 	 0.00000000 	 0.00000000 	 0.00000000 	 0.00000000 	 0.00000000 	 0.00000000 	 0.00000000 	 0.00000000 	 0.00000000 	 0.00000000 	 0.00000000 	 0.00000000 	 0.00000000 	 0.00000000 	 0.00000000 	 0.00000000 	 0.00000000 	 0.00000000 	 0.00000000 	 5.42133527 	 202.02003340 	 38.91168523 	 47.98370087 	 0.87148765 	 7.02900372 	 0.24503884 	 1.23840526
2346 	 0.00000000 	 0.00000000 	 66.94168422 	 4.35026169 	 0.66796321 	 0.00000000 	 0.00000000 	 0.00000000 	 0.00000000 	 0.00000000 	 0.00000000 	 0.00000000 	 0.00000000 	 0.00000000 	 0.00000000 	 0.00000000 	 0.00000000 	 0.00000000 	 0.00000000 	 0.00000000 	 0.00000000 	 0.00000000 	 0.00000000 	 0.00000000 	 0.00000000 	 0.00000000 	 0.00000000 	 0.00000000 	 0.00000000 	 0.00000000 	 0.00000000 	 0.00000000 	 5.42133527 	 202.02003340 	 38.91168523 	 47.98370087 	 0.87148765 	 7.02900372 	 0.24503884 	 1.23840526
2347 	 0.00000000 	 0.00000000 	 66.94168422 	 4.35026169 	 0.66796321 	 0.00000000 	 0.00000000 	 0.00000000 	 0.00000000 	 0.00000000 	 0.00000000 	 0.00000000 	 0.00000000 	 0.00000000 	 0.00000000 	 0.00000000 	 0.00000000 	 0.00000000 	 0.00000000 	 0.00000000 	 0.00000000 	 0.00000000 	 0.00000000 	 0.00000000 	 0.00000000 	 0.00000000 	 0.00000000 	 0.00000000 	 0.00000000 	 0.00000000 	 0.00000000 	 0.00000000 	 5.42133527 	 202.02003340 	 38.91168523 	 47.98370087 	 0.87148765 	 7.02900372 	 0.24503884 	 1.23840526
2348 	 0.00000000 	 0.00000000 	 66.94168422 	 4.35026169 	 0.66796321 	 0.00000000 	 0.00000000 	 0.00000000 	 0.00000000 	 0.00000000 	 0.00000000 	 0.00000000 	 0.00000000 	 0.00000000 	 0.00000000 	 0.00000000 	 0.00000000 	 0.00000000 	 0.00000000 	 0.00000000 	 0.00000000 	 0.00000000 	 0.00000000 	 0.00000000 	 0.00000000 	 0.00000000 	 0.00000000 	 0.00000000 	 0.00000000 	 0.00000000 	 0.00000000 	 0.00000000 	 5.42133527 	 202.02003340 	 38.91168523 	 47.98370087 	 0.87148765 	 7.02900372 	 0.24503884 	 1.23840526
2349 	 0.00000000 	 0.00000000 	 66.94168422 	 4.35026169 	 0.66796321 	 0.00000000 	 0.00000000 	 0.00000000 	 0.00000000 	 0.00000000 	 0.00000000 	 0.00000000 	 0.00000000 	 0.00000000 	 0.00000000 	 0.00000000 	 0.00000000 	 0.00000000 	 0.00000000 	 0.00000000 	 0.00000000 	 0.00000000 	 0.00000000 	 0.00000000 	 0.00000000 	 0.00000000 	 0.00000000 	 0.00000000 	 0.00000000 	 0.00000000 	 0.00000000 	 0.00000000 	 5.42133527 	 202.02003340 	 38.91168523 	 47.98370087 	 0.87148765 	 7.02900372 	 0.24503884 	 1.23840526
2350 	 0.00000000 	 0.00000000 	 66.94168422 	 4.35026169 	 0.66796321 	 0.00000000 	 0.00000000 	 0.00000000 	 0.00000000 	 0.00000000 	 0.00000000 	 0.00000000 	 0.00000000 	 0.00000000 	 0.00000000 	 0.00000000 	 0.00000000 	 0.00000000 	 0.00000000 	 0.00000000 	 0.00000000 	 0.00000000 	 0.00000000 	 0.00000000 	 0.00000000 	 0.00000000 	 0.00000000 	 0.00000000 	 0.00000000 	 0.00000000 	 0.00000000 	 0.00000000 	 5.42133527 	 202.02003340 	 38.91168523 	 47.98370087 	 0.87148765 	 7.02900372 	 0.24503884 	 1.23840526
2351 	 0.00000000 	 0.00000000 	 66.94168422 	 4.35026169 	 0.66796321 	 0.00000000 	 0.00000000 	 0.00000000 	 0.00000000 	 0.00000000 	 0.00000000 	 0.00000000 	 0.00000000 	 0.00000000 	 0.00000000 	 0.00000000 	 0.00000000 	 0.00000000 	 0.00000000 	 0.00000000 	 0.00000000 	 0.00000000 	 0.00000000 	 0.00000000 	 0.00000000 	 0.00000000 	 0.00000000 	 0.00000000 	 0.00000000 	 0.00000000 	 0.00000000 	 0.00000000 	 5.42133527 	 202.02003340 	 38.91168523 	 47.98370087 	 0.87148765 	 7.02900372 	 0.24503884 	 1.23840526
2352 	 0.00000000 	 0.00000000 	 66.94168422 	 4.35026169 	 0.66796321 	 0.00000000 	 0.00000000 	 0.00000000 	 0.00000000 	 0.00000000 	 0.00000000 	 0.00000000 	 0.00000000 	 0.00000000 	 0.00000000 	 0.00000000 	 0.00000000 	 0.00000000 	 0.00000000 	 0.00000000 	 0.00000000 	 0.00000000 	 0.00000000 	 0.00000000 	 0.00000000 	 0.00000000 	 0.00000000 	 0.00000000 	 0.00000000 	 0.00000000 	 0.00000000 	 0.00000000 	 5.42133527 	 202.02003340 	 38.91168523 	 47.98370087 	 0.87148765 	 7.02900372 	 0.24503884 	 1.23840526
2353 	 0.00000000 	 0.00000000 	 66.94168422 	 4.35026169 	 0.66796321 	 0.00000000 	 0.00000000 	 0.00000000 	 0.00000000 	 0.00000000 	 0.00000000 	 0.00000000 	 0.00000000 	 0.00000000 	 0.00000000 	 0.00000000 	 0.00000000 	 0.00000000 	 0.00000000 	 0.00000000 	 0.00000000 	 0.00000000 	 0.00000000 	 0.00000000 	 0.00000000 	 0.00000000 	 0.00000000 	 0.00000000 	 0.00000000 	 0.00000000 	 0.00000000 	 0.00000000 	 5.42133527 	 202.02003340 	 38.91168523 	 47.98370087 	 0.87148765 	 7.02900372 	 0.24503884 	 1.23840526
2354 	 0.00000000 	 0.00000000 	 66.94168422 	 4.35026169 	 0.66796321 	 0.00000000 	 0.00000000 	 0.00000000 	 0.00000000 	 0.00000000 	 0.00000000 	 0.00000000 	 0.00000000 	 0.00000000 	 0.00000000 	 0.00000000 	 0.00000000 	 0.00000000 	 0.00000000 	 0.00000000 	 0.00000000 	 0.00000000 	 0.00000000 	 0.00000000 	 0.00000000 	 0.00000000 	 0.00000000 	 0.00000000 	 0.00000000 	 0.00000000 	 0.00000000 	 0.00000000 	 5.42133527 	 202.02003340 	 38.91168523 	 47.98370087 	 0.87148765 	 7.02900372 	 0.24503884 	 1.23840526
2355 	 0.00000000 	 0.00000000 	 66.94168422 	 4.35026169 	 0.66796321 	 0.00000000 	 0.00000000 	 0.00000000 	 0.00000000 	 0.00000000 	 0.00000000 	 0.00000000 	 0.00000000 	 0.00000000 	 0.00000000 	 0.00000000 	 0.00000000 	 0.00000000 	 0.00000000 	 0.00000000 	 0.00000000 	 0.00000000 	 0.00000000 	 0.00000000 	 0.00000000 	 0.00000000 	 0.00000000 	 0.00000000 	 0.00000000 	 0.00000000 	 0.00000000 	 0.00000000 	 5.42133527 	 202.02003340 	 38.91168523 	 47.98370087 	 0.87148765 	 7.02900372 	 0.24503884 	 1.23840526
2356 	 0.00000000 	 0.00000000 	 66.94168422 	 4.35026169 	 0.66796321 	 0.00000000 	 0.00000000 	 0.00000000 	 0.00000000 	 0.00000000 	 0.00000000 	 0.00000000 	 0.00000000 	 0.00000000 	 0.00000000 	 0.00000000 	 0.00000000 	 0.00000000 	 0.00000000 	 0.00000000 	 0.00000000 	 0.00000000 	 0.00000000 	 0.00000000 	 0.00000000 	 0.00000000 	 0.00000000 	 0.00000000 	 0.00000000 	 0.00000000 	 0.00000000 	 0.00000000 	 5.42133527 	 202.02003340 	 38.91168523 	 47.98370087 	 0.87148765 	 7.02900372 	 0.24503884 	 1.23840526
2357 	 0.00000000 	 0.00000000 	 66.94168422 	 4.35026169 	 0.66796321 	 0.00000000 	 0.00000000 	 0.00000000 	 0.00000000 	 0.00000000 	 0.00000000 	 0.00000000 	 0.00000000 	 0.00000000 	 0.00000000 	 0.00000000 	 0.00000000 	 0.00000000 	 0.00000000 	 0.00000000 	 0.00000000 	 0.00000000 	 0.00000000 	 0.00000000 	 0.00000000 	 0.00000000 	 0.00000000 	 0.00000000 	 0.00000000 	 0.00000000 	 0.00000000 	 0.00000000 	 5.42133527 	 202.02003340 	 38.91168523 	 47.98370087 	 0.87148765 	 7.02900372 	 0.24503884 	 1.23840526
2358 	 0.00000000 	 0.00000000 	 66.94168422 	 4.35026169 	 0.66796321 	 0.00000000 	 0.00000000 	 0.00000000 	 0.00000000 	 0.00000000 	 0.00000000 	 0.00000000 	 0.00000000 	 0.00000000 	 0.00000000 	 0.00000000 	 0.00000000 	 0.00000000 	 0.00000000 	 0.00000000 	 0.00000000 	 0.00000000 	 0.00000000 	 0.00000000 	 0.00000000 	 0.00000000 	 0.00000000 	 0.00000000 	 0.00000000 	 0.00000000 	 0.00000000 	 0.00000000 	 5.42133527 	 202.02003340 	 38.91168523 	 47.98370087 	 0.87148765 	 7.02900372 	 0.24503884 	 1.23840526
2359 	 0.00000000 	 0.00000000 	 66.94168422 	 4.35026169 	 0.66796321 	 0.00000000 	 0.00000000 	 0.00000000 	 0.00000000 	 0.00000000 	 0.00000000 	 0.00000000 	 0.00000000 	 0.00000000 	 0.00000000 	 0.00000000 	 0.00000000 	 0.00000000 	 0.00000000 	 0.00000000 	 0.00000000 	 0.00000000 	 0.00000000 	 0.00000000 	 0.00000000 	 0.00000000 	 0.00000000 	 0.00000000 	 0.00000000 	 0.00000000 	 0.00000000 	 0.00000000 	 5.42133527 	 202.02003340 	 38.91168523 	 47.98370087 	 0.87148765 	 7.02900372 	 0.24503884 	 1.23840526
2360 	 0.00000000 	 0.00000000 	 66.94168422 	 4.35026169 	 0.66796321 	 0.00000000 	 0.00000000 	 0.00000000 	 0.00000000 	 0.00000000 	 0.00000000 	 0.00000000 	 0.00000000 	 0.00000000 	 0.00000000 	 0.00000000 	 0.00000000 	 0.00000000 	 0.00000000 	 0.00000000 	 0.00000000 	 0.00000000 	 0.00000000 	 0.00000000 	 0.00000000 	 0.00000000 	 0.00000000 	 0.00000000 	 0.00000000 	 0.00000000 	 0.00000000 	 0.00000000 	 5.42133527 	 202.02003340 	 38.91168523 	 47.98370087 	 0.87148765 	 7.02900372 	 0.24503884 	 1.23840526
2361 	 0.00000000 	 0.00000000 	 66.94168422 	 4.35026169 	 0.66796321 	 0.00000000 	 0.00000000 	 0.00000000 	 0.00000000 	 0.00000000 	 0.00000000 	 0.00000000 	 0.00000000 	 0.00000000 	 0.00000000 	 0.00000000 	 0.00000000 	 0.00000000 	 0.00000000 	 0.00000000 	 0.00000000 	 0.00000000 	 0.00000000 	 0.00000000 	 0.00000000 	 0.00000000 	 0.00000000 	 0.00000000 	 0.00000000 	 0.00000000 	 0.00000000 	 0.00000000 	 5.42133527 	 202.02003340 	 38.91168523 	 47.98370087 	 0.87148765 	 7.02900372 	 0.24503884 	 1.23840526
2362 	 0.00000000 	 0.00000000 	 66.94168422 	 4.35026169 	 0.66796321 	 0.00000000 	 0.00000000 	 0.00000000 	 0.00000000 	 0.00000000 	 0.00000000 	 0.00000000 	 0.00000000 	 0.00000000 	 0.00000000 	 0.00000000 	 0.00000000 	 0.00000000 	 0.00000000 	 0.00000000 	 0.00000000 	 0.00000000 	 0.00000000 	 0.00000000 	 0.00000000 	 0.00000000 	 0.00000000 	 0.00000000 	 0.00000000 	 0.00000000 	 0.00000000 	 0.00000000 	 5.42133527 	 202.02003340 	 38.91168523 	 47.98370087 	 0.87148765 	 7.02900372 	 0.24503884 	 1.23840526
2363 	 0.00000000 	 0.00000000 	 66.94168422 	 4.35026169 	 0.66796321 	 0.00000000 	 0.00000000 	 0.00000000 	 0.00000000 	 0.00000000 	 0.00000000 	 0.00000000 	 0.00000000 	 0.00000000 	 0.00000000 	 0.00000000 	 0.00000000 	 0.00000000 	 0.00000000 	 0.00000000 	 0.00000000 	 0.00000000 	 0.00000000 	 0.00000000 	 0.00000000 	 0.00000000 	 0.00000000 	 0.00000000 	 0.00000000 	 0.00000000 	 0.00000000 	 0.00000000 	 5.42133527 	 202.02003340 	 38.91168523 	 47.98370087 	 0.87148765 	 7.02900372 	 0.24503884 	 1.23840526
2364 	 0.00000000 	 0.00000000 	 66.94168422 	 4.35026169 	 0.66796321 	 0.00000000 	 0.00000000 	 0.00000000 	 0.00000000 	 0.00000000 	 0.00000000 	 0.00000000 	 0.00000000 	 0.00000000 	 0.00000000 	 0.00000000 	 0.00000000 	 0.00000000 	 0.00000000 	 0.00000000 	 0.00000000 	 0.00000000 	 0.00000000 	 0.00000000 	 0.00000000 	 0.00000000 	 0.00000000 	 0.00000000 	 0.00000000 	 0.00000000 	 0.00000000 	 0.00000000 	 5.42133527 	 202.02003340 	 38.91168523 	 47.98370087 	 0.87148765 	 7.02900372 	 0.24503884 	 1.23840526
2365 	 0.00000000 	 0.00000000 	 66.94168422 	 4.35026169 	 0.66796321 	 0.00000000 	 0.00000000 	 0.00000000 	 0.00000000 	 0.00000000 	 0.00000000 	 0.00000000 	 0.00000000 	 0.00000000 	 0.00000000 	 0.00000000 	 0.00000000 	 0.00000000 	 0.00000000 	 0.00000000 	 0.00000000 	 0.00000000 	 0.00000000 	 0.00000000 	 0.00000000 	 0.00000000 	 0.00000000 	 0.00000000 	 0.00000000 	 0.00000000 	 0.00000000 	 0.00000000 	 5.42133527 	 202.02003340 	 38.91168523 	 47.98370087 	 0.87148765 	 7.02900372 	 0.24503884 	 1.23840526
2366 	 0.00000000 	 0.00000000 	 66.94168422 	 4.35026169 	 0.66796321 	 0.00000000 	 0.00000000 	 0.00000000 	 0.00000000 	 0.00000000 	 0.00000000 	 0.00000000 	 0.00000000 	 0.00000000 	 0.00000000 	 0.00000000 	 0.00000000 	 0.00000000 	 0.00000000 	 0.00000000 	 0.00000000 	 0.00000000 	 0.00000000 	 0.00000000 	 0.00000000 	 0.00000000 	 0.00000000 	 0.00000000 	 0.00000000 	 0.00000000 	 0.00000000 	 0.00000000 	 5.42133527 	 202.02003340 	 38.91168523 	 47.98370087 	 0.87148765 	 7.02900372 	 0.24503884 	 1.23840526
2367 	 0.00000000 	 0.00000000 	 66.94168422 	 4.35026169 	 0.66796321 	 0.00000000 	 0.00000000 	 0.00000000 	 0.00000000 	 0.00000000 	 0.00000000 	 0.00000000 	 0.00000000 	 0.00000000 	 0.00000000 	 0.00000000 	 0.00000000 	 0.00000000 	 0.00000000 	 0.00000000 	 0.00000000 	 0.00000000 	 0.00000000 	 0.00000000 	 0.00000000 	 0.00000000 	 0.00000000 	 0.00000000 	 0.00000000 	 0.00000000 	 0.00000000 	 0.00000000 	 5.42133527 	 202.02003340 	 38.91168523 	 47.98370087 	 0.87148765 	 7.02900372 	 0.24503884 	 1.23840526
2368 	 0.00000000 	 0.00000000 	 66.94168422 	 4.35026169 	 0.66796321 	 0.00000000 	 0.00000000 	 0.00000000 	 0.00000000 	 0.00000000 	 0.00000000 	 0.00000000 	 0.00000000 	 0.00000000 	 0.00000000 	 0.00000000 	 0.00000000 	 0.00000000 	 0.00000000 	 0.00000000 	 0.00000000 	 0.00000000 	 0.00000000 	 0.00000000 	 0.00000000 	 0.00000000 	 0.00000000 	 0.00000000 	 0.00000000 	 0.00000000 	 0.00000000 	 0.00000000 	 5.42133527 	 202.02003340 	 38.91168523 	 47.98370087 	 0.87148765 	 7.02900372 	 0.24503884 	 1.23840526
2369 	 0.00000000 	 0.00000000 	 66.94168422 	 4.35026169 	 0.66796321 	 0.00000000 	 0.00000000 	 0.00000000 	 0.00000000 	 0.00000000 	 0.00000000 	 0.00000000 	 0.00000000 	 0.00000000 	 0.00000000 	 0.00000000 	 0.00000000 	 0.00000000 	 0.00000000 	 0.00000000 	 0.00000000 	 0.00000000 	 0.00000000 	 0.00000000 	 0.00000000 	 0.00000000 	 0.00000000 	 0.00000000 	 0.00000000 	 0.00000000 	 0.00000000 	 0.00000000 	 5.42133527 	 202.02003340 	 38.91168523 	 47.98370087 	 0.87148765 	 7.02900372 	 0.24503884 	 1.23840526
2370 	 0.00000000 	 0.00000000 	 66.94168422 	 4.35026169 	 0.66796321 	 0.00000000 	 0.00000000 	 0.00000000 	 0.00000000 	 0.00000000 	 0.00000000 	 0.00000000 	 0.00000000 	 0.00000000 	 0.00000000 	 0.00000000 	 0.00000000 	 0.00000000 	 0.00000000 	 0.00000000 	 0.00000000 	 0.00000000 	 0.00000000 	 0.00000000 	 0.00000000 	 0.00000000 	 0.00000000 	 0.00000000 	 0.00000000 	 0.00000000 	 0.00000000 	 0.00000000 	 5.42133527 	 202.02003340 	 38.91168523 	 47.98370087 	 0.87148765 	 7.02900372 	 0.24503884 	 1.23840526
2371 	 0.00000000 	 0.00000000 	 66.94168422 	 4.35026169 	 0.66796321 	 0.00000000 	 0.00000000 	 0.00000000 	 0.00000000 	 0.00000000 	 0.00000000 	 0.00000000 	 0.00000000 	 0.00000000 	 0.00000000 	 0.00000000 	 0.00000000 	 0.00000000 	 0.00000000 	 0.00000000 	 0.00000000 	 0.00000000 	 0.00000000 	 0.00000000 	 0.00000000 	 0.00000000 	 0.00000000 	 0.00000000 	 0.00000000 	 0.00000000 	 0.00000000 	 0.00000000 	 5.42133527 	 202.02003340 	 38.91168523 	 47.98370087 	 0.87148765 	 7.02900372 	 0.24503884 	 1.23840526
2372 	 0.00000000 	 0.00000000 	 66.94168422 	 4.35026169 	 0.66796321 	 0.00000000 	 0.00000000 	 0.00000000 	 0.00000000 	 0.00000000 	 0.00000000 	 0.00000000 	 0.00000000 	 0.00000000 	 0.00000000 	 0.00000000 	 0.00000000 	 0.00000000 	 0.00000000 	 0.00000000 	 0.00000000 	 0.00000000 	 0.00000000 	 0.00000000 	 0.00000000 	 0.00000000 	 0.00000000 	 0.00000000 	 0.00000000 	 0.00000000 	 0.00000000 	 0.00000000 	 5.42133527 	 202.02003340 	 38.91168523 	 47.98370087 	 0.87148765 	 7.02900372 	 0.24503884 	 1.23840526
2373 	 0.00000000 	 0.00000000 	 66.94168422 	 4.35026169 	 0.66796321 	 0.00000000 	 0.00000000 	 0.00000000 	 0.00000000 	 0.00000000 	 0.00000000 	 0.00000000 	 0.00000000 	 0.00000000 	 0.00000000 	 0.00000000 	 0.00000000 	 0.00000000 	 0.00000000 	 0.00000000 	 0.00000000 	 0.00000000 	 0.00000000 	 0.00000000 	 0.00000000 	 0.00000000 	 0.00000000 	 0.00000000 	 0.00000000 	 0.00000000 	 0.00000000 	 0.00000000 	 5.42133527 	 202.02003340 	 38.91168523 	 47.98370087 	 0.87148765 	 7.02900372 	 0.24503884 	 1.23840526
2374 	 0.00000000 	 0.00000000 	 66.94168422 	 4.35026169 	 0.66796321 	 0.00000000 	 0.00000000 	 0.00000000 	 0.00000000 	 0.00000000 	 0.00000000 	 0.00000000 	 0.00000000 	 0.00000000 	 0.00000000 	 0.00000000 	 0.00000000 	 0.00000000 	 0.00000000 	 0.00000000 	 0.00000000 	 0.00000000 	 0.00000000 	 0.00000000 	 0.00000000 	 0.00000000 	 0.00000000 	 0.00000000 	 0.00000000 	 0.00000000 	 0.00000000 	 0.00000000 	 5.42133527 	 202.02003340 	 38.91168523 	 47.98370087 	 0.87148765 	 7.02900372 	 0.24503884 	 1.23840526
2375 	 0.00000000 	 0.00000000 	 66.94168422 	 4.35026169 	 0.66796321 	 0.00000000 	 0.00000000 	 0.00000000 	 0.00000000 	 0.00000000 	 0.00000000 	 0.00000000 	 0.00000000 	 0.00000000 	 0.00000000 	 0.00000000 	 0.00000000 	 0.00000000 	 0.00000000 	 0.00000000 	 0.00000000 	 0.00000000 	 0.00000000 	 0.00000000 	 0.00000000 	 0.00000000 	 0.00000000 	 0.00000000 	 0.00000000 	 0.00000000 	 0.00000000 	 0.00000000 	 5.42133527 	 202.02003340 	 38.91168523 	 47.98370087 	 0.87148765 	 7.02900372 	 0.24503884 	 1.23840526
2376 	 0.00000000 	 0.00000000 	 66.94168422 	 4.35026169 	 0.66796321 	 0.00000000 	 0.00000000 	 0.00000000 	 0.00000000 	 0.00000000 	 0.00000000 	 0.00000000 	 0.00000000 	 0.00000000 	 0.00000000 	 0.00000000 	 0.00000000 	 0.00000000 	 0.00000000 	 0.00000000 	 0.00000000 	 0.00000000 	 0.00000000 	 0.00000000 	 0.00000000 	 0.00000000 	 0.00000000 	 0.00000000 	 0.00000000 	 0.00000000 	 0.00000000 	 0.00000000 	 5.42133527 	 202.02003340 	 38.91168523 	 47.98370087 	 0.87148765 	 7.02900372 	 0.24503884 	 1.23840526
2377 	 0.00000000 	 0.00000000 	 66.94168422 	 4.35026169 	 0.66796321 	 0.00000000 	 0.00000000 	 0.00000000 	 0.00000000 	 0.00000000 	 0.00000000 	 0.00000000 	 0.00000000 	 0.00000000 	 0.00000000 	 0.00000000 	 0.00000000 	 0.00000000 	 0.00000000 	 0.00000000 	 0.00000000 	 0.00000000 	 0.00000000 	 0.00000000 	 0.00000000 	 0.00000000 	 0.00000000 	 0.00000000 	 0.00000000 	 0.00000000 	 0.00000000 	 0.00000000 	 5.42133527 	 202.02003340 	 38.91168523 	 47.98370087 	 0.87148765 	 7.02900372 	 0.24503884 	 1.23840526
2378 	 0.00000000 	 0.00000000 	 66.94168422 	 4.35026169 	 0.66796321 	 0.00000000 	 0.00000000 	 0.00000000 	 0.00000000 	 0.00000000 	 0.00000000 	 0.00000000 	 0.00000000 	 0.00000000 	 0.00000000 	 0.00000000 	 0.00000000 	 0.00000000 	 0.00000000 	 0.00000000 	 0.00000000 	 0.00000000 	 0.00000000 	 0.00000000 	 0.00000000 	 0.00000000 	 0.00000000 	 0.00000000 	 0.00000000 	 0.00000000 	 0.00000000 	 0.00000000 	 5.42133527 	 202.02003340 	 38.91168523 	 47.98370087 	 0.87148765 	 7.02900372 	 0.24503884 	 1.23840526
2379 	 0.00000000 	 0.00000000 	 66.94168422 	 4.35026169 	 0.66796321 	 0.00000000 	 0.00000000 	 0.00000000 	 0.00000000 	 0.00000000 	 0.00000000 	 0.00000000 	 0.00000000 	 0.00000000 	 0.00000000 	 0.00000000 	 0.00000000 	 0.00000000 	 0.00000000 	 0.00000000 	 0.00000000 	 0.00000000 	 0.00000000 	 0.00000000 	 0.00000000 	 0.00000000 	 0.00000000 	 0.00000000 	 0.00000000 	 0.00000000 	 0.00000000 	 0.00000000 	 5.42133527 	 202.02003340 	 38.91168523 	 47.98370087 	 0.87148765 	 7.02900372 	 0.24503884 	 1.23840526
2380 	 0.00000000 	 0.00000000 	 66.94168422 	 4.35026169 	 0.66796321 	 0.00000000 	 0.00000000 	 0.00000000 	 0.00000000 	 0.00000000 	 0.00000000 	 0.00000000 	 0.00000000 	 0.00000000 	 0.00000000 	 0.00000000 	 0.00000000 	 0.00000000 	 0.00000000 	 0.00000000 	 0.00000000 	 0.00000000 	 0.00000000 	 0.00000000 	 0.00000000 	 0.00000000 	 0.00000000 	 0.00000000 	 0.00000000 	 0.00000000 	 0.00000000 	 0.00000000 	 5.42133527 	 202.02003340 	 38.91168523 	 47.98370087 	 0.87148765 	 7.02900372 	 0.24503884 	 1.23840526
2381 	 0.00000000 	 0.00000000 	 66.94168422 	 4.35026169 	 0.66796321 	 0.00000000 	 0.00000000 	 0.00000000 	 0.00000000 	 0.00000000 	 0.00000000 	 0.00000000 	 0.00000000 	 0.00000000 	 0.00000000 	 0.00000000 	 0.00000000 	 0.00000000 	 0.00000000 	 0.00000000 	 0.00000000 	 0.00000000 	 0.00000000 	 0.00000000 	 0.00000000 	 0.00000000 	 0.00000000 	 0.00000000 	 0.00000000 	 0.00000000 	 0.00000000 	 0.00000000 	 5.42133527 	 202.02003340 	 38.91168523 	 47.98370087 	 0.87148765 	 7.02900372 	 0.24503884 	 1.23840526
2382 	 0.00000000 	 0.00000000 	 66.94168422 	 4.35026169 	 0.66796321 	 0.00000000 	 0.00000000 	 0.00000000 	 0.00000000 	 0.00000000 	 0.00000000 	 0.00000000 	 0.00000000 	 0.00000000 	 0.00000000 	 0.00000000 	 0.00000000 	 0.00000000 	 0.00000000 	 0.00000000 	 0.00000000 	 0.00000000 	 0.00000000 	 0.00000000 	 0.00000000 	 0.00000000 	 0.00000000 	 0.00000000 	 0.00000000 	 0.00000000 	 0.00000000 	 0.00000000 	 5.42133527 	 202.02003340 	 38.91168523 	 47.98370087 	 0.87148765 	 7.02900372 	 0.24503884 	 1.23840526
2383 	 0.00000000 	 0.00000000 	 66.94168422 	 4.35026169 	 0.66796321 	 0.00000000 	 0.00000000 	 0.00000000 	 0.00000000 	 0.00000000 	 0.00000000 	 0.00000000 	 0.00000000 	 0.00000000 	 0.00000000 	 0.00000000 	 0.00000000 	 0.00000000 	 0.00000000 	 0.00000000 	 0.00000000 	 0.00000000 	 0.00000000 	 0.00000000 	 0.00000000 	 0.00000000 	 0.00000000 	 0.00000000 	 0.00000000 	 0.00000000 	 0.00000000 	 0.00000000 	 5.42133527 	 202.02003340 	 38.91168523 	 47.98370087 	 0.87148765 	 7.02900372 	 0.24503884 	 1.23840526
2384 	 0.00000000 	 0.00000000 	 66.94168422 	 4.35026169 	 0.66796321 	 0.00000000 	 0.00000000 	 0.00000000 	 0.00000000 	 0.00000000 	 0.00000000 	 0.00000000 	 0.00000000 	 0.00000000 	 0.00000000 	 0.00000000 	 0.00000000 	 0.00000000 	 0.00000000 	 0.00000000 	 0.00000000 	 0.00000000 	 0.00000000 	 0.00000000 	 0.00000000 	 0.00000000 	 0.00000000 	 0.00000000 	 0.00000000 	 0.00000000 	 0.00000000 	 0.00000000 	 5.42133527 	 202.02003340 	 38.91168523 	 47.98370087 	 0.87148765 	 7.02900372 	 0.24503884 	 1.23840526
2385 	 0.00000000 	 0.00000000 	 66.94168422 	 4.35026169 	 0.66796321 	 0.00000000 	 0.00000000 	 0.00000000 	 0.00000000 	 0.00000000 	 0.00000000 	 0.00000000 	 0.00000000 	 0.00000000 	 0.00000000 	 0.00000000 	 0.00000000 	 0.00000000 	 0.00000000 	 0.00000000 	 0.00000000 	 0.00000000 	 0.00000000 	 0.00000000 	 0.00000000 	 0.00000000 	 0.00000000 	 0.00000000 	 0.00000000 	 0.00000000 	 0.00000000 	 0.00000000 	 5.42133527 	 202.02003340 	 38.91168523 	 47.98370087 	 0.87148765 	 7.02900372 	 0.24503884 	 1.23840526
2386 	 0.00000000 	 0.00000000 	 66.94168422 	 4.35026169 	 0.66796321 	 0.00000000 	 0.00000000 	 0.00000000 	 0.00000000 	 0.00000000 	 0.00000000 	 0.00000000 	 0.00000000 	 0.00000000 	 0.00000000 	 0.00000000 	 0.00000000 	 0.00000000 	 0.00000000 	 0.00000000 	 0.00000000 	 0.00000000 	 0.00000000 	 0.00000000 	 0.00000000 	 0.00000000 	 0.00000000 	 0.00000000 	 0.00000000 	 0.00000000 	 0.00000000 	 0.00000000 	 5.42133527 	 202.02003340 	 38.91168523 	 47.98370087 	 0.87148765 	 7.02900372 	 0.24503884 	 1.23840526
2387 	 0.00000000 	 0.00000000 	 66.94168422 	 4.35026169 	 0.66796321 	 0.00000000 	 0.00000000 	 0.00000000 	 0.00000000 	 0.00000000 	 0.00000000 	 0.00000000 	 0.00000000 	 0.00000000 	 0.00000000 	 0.00000000 	 0.00000000 	 0.00000000 	 0.00000000 	 0.00000000 	 0.00000000 	 0.00000000 	 0.00000000 	 0.00000000 	 0.00000000 	 0.00000000 	 0.00000000 	 0.00000000 	 0.00000000 	 0.00000000 	 0.00000000 	 0.00000000 	 5.42133527 	 202.02003340 	 38.91168523 	 47.98370087 	 0.87148765 	 7.02900372 	 0.24503884 	 1.23840526
2388 	 0.00000000 	 0.00000000 	 66.94168422 	 4.35026169 	 0.66796321 	 0.00000000 	 0.00000000 	 0.00000000 	 0.00000000 	 0.00000000 	 0.00000000 	 0.00000000 	 0.00000000 	 0.00000000 	 0.00000000 	 0.00000000 	 0.00000000 	 0.00000000 	 0.00000000 	 0.00000000 	 0.00000000 	 0.00000000 	 0.00000000 	 0.00000000 	 0.00000000 	 0.00000000 	 0.00000000 	 0.00000000 	 0.00000000 	 0.00000000 	 0.00000000 	 0.00000000 	 5.42133527 	 202.02003340 	 38.91168523 	 47.98370087 	 0.87148765 	 7.02900372 	 0.24503884 	 1.23840526
2389 	 0.00000000 	 0.00000000 	 66.94168422 	 4.35026169 	 0.66796321 	 0.00000000 	 0.00000000 	 0.00000000 	 0.00000000 	 0.00000000 	 0.00000000 	 0.00000000 	 0.00000000 	 0.00000000 	 0.00000000 	 0.00000000 	 0.00000000 	 0.00000000 	 0.00000000 	 0.00000000 	 0.00000000 	 0.00000000 	 0.00000000 	 0.00000000 	 0.00000000 	 0.00000000 	 0.00000000 	 0.00000000 	 0.00000000 	 0.00000000 	 0.00000000 	 0.00000000 	 5.42133527 	 202.02003340 	 38.91168523 	 47.98370087 	 0.87148765 	 7.02900372 	 0.24503884 	 1.23840526
2390 	 0.00000000 	 0.00000000 	 66.94168422 	 4.35026169 	 0.66796321 	 0.00000000 	 0.00000000 	 0.00000000 	 0.00000000 	 0.00000000 	 0.00000000 	 0.00000000 	 0.00000000 	 0.00000000 	 0.00000000 	 0.00000000 	 0.00000000 	 0.00000000 	 0.00000000 	 0.00000000 	 0.00000000 	 0.00000000 	 0.00000000 	 0.00000000 	 0.00000000 	 0.00000000 	 0.00000000 	 0.00000000 	 0.00000000 	 0.00000000 	 0.00000000 	 0.00000000 	 5.42133527 	 202.02003340 	 38.91168523 	 47.98370087 	 0.87148765 	 7.02900372 	 0.24503884 	 1.23840526
2391 	 0.00000000 	 0.00000000 	 66.94168422 	 4.35026169 	 0.66796321 	 0.00000000 	 0.00000000 	 0.00000000 	 0.00000000 	 0.00000000 	 0.00000000 	 0.00000000 	 0.00000000 	 0.00000000 	 0.00000000 	 0.00000000 	 0.00000000 	 0.00000000 	 0.00000000 	 0.00000000 	 0.00000000 	 0.00000000 	 0.00000000 	 0.00000000 	 0.00000000 	 0.00000000 	 0.00000000 	 0.00000000 	 0.00000000 	 0.00000000 	 0.00000000 	 0.00000000 	 5.42133527 	 202.02003340 	 38.91168523 	 47.98370087 	 0.87148765 	 7.02900372 	 0.24503884 	 1.23840526
2392 	 0.00000000 	 0.00000000 	 66.94168422 	 4.35026169 	 0.66796321 	 0.00000000 	 0.00000000 	 0.00000000 	 0.00000000 	 0.00000000 	 0.00000000 	 0.00000000 	 0.00000000 	 0.00000000 	 0.00000000 	 0.00000000 	 0.00000000 	 0.00000000 	 0.00000000 	 0.00000000 	 0.00000000 	 0.00000000 	 0.00000000 	 0.00000000 	 0.00000000 	 0.00000000 	 0.00000000 	 0.00000000 	 0.00000000 	 0.00000000 	 0.00000000 	 0.00000000 	 5.42133527 	 202.02003340 	 38.91168523 	 47.98370087 	 0.87148765 	 7.02900372 	 0.24503884 	 1.23840526
2393 	 0.00000000 	 0.00000000 	 66.94168422 	 4.35026169 	 0.66796321 	 0.00000000 	 0.00000000 	 0.00000000 	 0.00000000 	 0.00000000 	 0.00000000 	 0.00000000 	 0.00000000 	 0.00000000 	 0.00000000 	 0.00000000 	 0.00000000 	 0.00000000 	 0.00000000 	 0.00000000 	 0.00000000 	 0.00000000 	 0.00000000 	 0.00000000 	 0.00000000 	 0.00000000 	 0.00000000 	 0.00000000 	 0.00000000 	 0.00000000 	 0.00000000 	 0.00000000 	 5.42133527 	 202.02003340 	 38.91168523 	 47.98370087 	 0.87148765 	 7.02900372 	 0.24503884 	 1.23840526
2394 	 0.00000000 	 0.00000000 	 66.94168422 	 4.35026169 	 0.66796321 	 0.00000000 	 0.00000000 	 0.00000000 	 0.00000000 	 0.00000000 	 0.00000000 	 0.00000000 	 0.00000000 	 0.00000000 	 0.00000000 	 0.00000000 	 0.00000000 	 0.00000000 	 0.00000000 	 0.00000000 	 0.00000000 	 0.00000000 	 0.00000000 	 0.00000000 	 0.00000000 	 0.00000000 	 0.00000000 	 0.00000000 	 0.00000000 	 0.00000000 	 0.00000000 	 0.00000000 	 5.42133527 	 202.02003340 	 38.91168523 	 47.98370087 	 0.87148765 	 7.02900372 	 0.24503884 	 1.23840526
2395 	 0.00000000 	 0.00000000 	 66.94168422 	 4.35026169 	 0.66796321 	 0.00000000 	 0.00000000 	 0.00000000 	 0.00000000 	 0.00000000 	 0.00000000 	 0.00000000 	 0.00000000 	 0.00000000 	 0.00000000 	 0.00000000 	 0.00000000 	 0.00000000 	 0.00000000 	 0.00000000 	 0.00000000 	 0.00000000 	 0.00000000 	 0.00000000 	 0.00000000 	 0.00000000 	 0.00000000 	 0.00000000 	 0.00000000 	 0.00000000 	 0.00000000 	 0.00000000 	 5.42133527 	 202.02003340 	 38.91168523 	 47.98370087 	 0.87148765 	 7.02900372 	 0.24503884 	 1.23840526
2396 	 0.00000000 	 0.00000000 	 66.94168422 	 4.35026169 	 0.66796321 	 0.00000000 	 0.00000000 	 0.00000000 	 0.00000000 	 0.00000000 	 0.00000000 	 0.00000000 	 0.00000000 	 0.00000000 	 0.00000000 	 0.00000000 	 0.00000000 	 0.00000000 	 0.00000000 	 0.00000000 	 0.00000000 	 0.00000000 	 0.00000000 	 0.00000000 	 0.00000000 	 0.00000000 	 0.00000000 	 0.00000000 	 0.00000000 	 0.00000000 	 0.00000000 	 0.00000000 	 5.42133527 	 202.02003340 	 38.91168523 	 47.98370087 	 0.87148765 	 7.02900372 	 0.24503884 	 1.23840526
2397 	 0.00000000 	 0.00000000 	 66.94168422 	 4.35026169 	 0.66796321 	 0.00000000 	 0.00000000 	 0.00000000 	 0.00000000 	 0.00000000 	 0.00000000 	 0.00000000 	 0.00000000 	 0.00000000 	 0.00000000 	 0.00000000 	 0.00000000 	 0.00000000 	 0.00000000 	 0.00000000 	 0.00000000 	 0.00000000 	 0.00000000 	 0.00000000 	 0.00000000 	 0.00000000 	 0.00000000 	 0.00000000 	 0.00000000 	 0.00000000 	 0.00000000 	 0.00000000 	 5.42133527 	 202.02003340 	 38.91168523 	 47.98370087 	 0.87148765 	 7.02900372 	 0.24503884 	 1.23840526
2398 	 0.00000000 	 0.00000000 	 66.94168422 	 4.35026169 	 0.66796321 	 0.00000000 	 0.00000000 	 0.00000000 	 0.00000000 	 0.00000000 	 0.00000000 	 0.00000000 	 0.00000000 	 0.00000000 	 0.00000000 	 0.00000000 	 0.00000000 	 0.00000000 	 0.00000000 	 0.00000000 	 0.00000000 	 0.00000000 	 0.00000000 	 0.00000000 	 0.00000000 	 0.00000000 	 0.00000000 	 0.00000000 	 0.00000000 	 0.00000000 	 0.00000000 	 0.00000000 	 5.42133527 	 202.02003340 	 38.91168523 	 47.98370087 	 0.87148765 	 7.02900372 	 0.24503884 	 1.23840526
2399 	 0.00000000 	 0.00000000 	 66.94168422 	 4.35026169 	 0.66796321 	 0.00000000 	 0.00000000 	 0.00000000 	 0.00000000 	 0.00000000 	 0.00000000 	 0.00000000 	 0.00000000 	 0.00000000 	 0.00000000 	 0.00000000 	 0.00000000 	 0.00000000 	 0.00000000 	 0.00000000 	 0.00000000 	 0.00000000 	 0.00000000 	 0.00000000 	 0.00000000 	 0.00000000 	 0.00000000 	 0.00000000 	 0.00000000 	 0.00000000 	 0.00000000 	 0.00000000 	 5.42133527 	 202.02003340 	 38.91168523 	 47.98370087 	 0.87148765 	 7.02900372 	 0.24503884 	 1.23840526
2400 	 0.00000000 	 0.00000000 	 66.94168422 	 4.35026169 	 0.66796321 	 0.00000000 	 0.00000000 	 0.00000000 	 0.00000000 	 0.00000000 	 0.00000000 	 0.00000000 	 0.00000000 	 0.00000000 	 0.00000000 	 0.00000000 	 0.00000000 	 0.00000000 	 0.00000000 	 0.00000000 	 0.00000000 	 0.00000000 	 0.00000000 	 0.00000000 	 0.00000000 	 0.00000000 	 0.00000000 	 0.00000000 	 0.00000000 	 0.00000000 	 0.00000000 	 0.00000000 	 5.42133527 	 202.02003340 	 38.91168523 	 47.98370087 	 0.87148765 	 7.02900372 	 0.24503884 	 1.23840526
2401 	 0.00000000 	 0.00000000 	 66.94168422 	 4.35026169 	 0.66796321 	 0.00000000 	 0.00000000 	 0.00000000 	 0.00000000 	 0.00000000 	 0.00000000 	 0.00000000 	 0.00000000 	 0.00000000 	 0.00000000 	 0.00000000 	 0.00000000 	 0.00000000 	 0.00000000 	 0.00000000 	 0.00000000 	 0.00000000 	 0.00000000 	 0.00000000 	 0.00000000 	 0.00000000 	 0.00000000 	 0.00000000 	 0.00000000 	 0.00000000 	 0.00000000 	 0.00000000 	 5.42133527 	 202.02003340 	 38.91168523 	 47.98370087 	 0.87148765 	 7.02900372 	 0.24503884 	 1.23840526
2402 	 0.00000000 	 0.00000000 	 66.94168422 	 4.35026169 	 0.66796321 	 0.00000000 	 0.00000000 	 0.00000000 	 0.00000000 	 0.00000000 	 0.00000000 	 0.00000000 	 0.00000000 	 0.00000000 	 0.00000000 	 0.00000000 	 0.00000000 	 0.00000000 	 0.00000000 	 0.00000000 	 0.00000000 	 0.00000000 	 0.00000000 	 0.00000000 	 0.00000000 	 0.00000000 	 0.00000000 	 0.00000000 	 0.00000000 	 0.00000000 	 0.00000000 	 0.00000000 	 5.42133527 	 202.02003340 	 38.91168523 	 47.98370087 	 0.87148765 	 7.02900372 	 0.24503884 	 1.23840526
2403 	 0.00000000 	 0.00000000 	 66.94168422 	 4.35026169 	 0.66796321 	 0.00000000 	 0.00000000 	 0.00000000 	 0.00000000 	 0.00000000 	 0.00000000 	 0.00000000 	 0.00000000 	 0.00000000 	 0.00000000 	 0.00000000 	 0.00000000 	 0.00000000 	 0.00000000 	 0.00000000 	 0.00000000 	 0.00000000 	 0.00000000 	 0.00000000 	 0.00000000 	 0.00000000 	 0.00000000 	 0.00000000 	 0.00000000 	 0.00000000 	 0.00000000 	 0.00000000 	 5.42133527 	 202.02003340 	 38.91168523 	 47.98370087 	 0.87148765 	 7.02900372 	 0.24503884 	 1.23840526
2404 	 0.00000000 	 0.00000000 	 66.94168422 	 4.35026169 	 0.66796321 	 0.00000000 	 0.00000000 	 0.00000000 	 0.00000000 	 0.00000000 	 0.00000000 	 0.00000000 	 0.00000000 	 0.00000000 	 0.00000000 	 0.00000000 	 0.00000000 	 0.00000000 	 0.00000000 	 0.00000000 	 0.00000000 	 0.00000000 	 0.00000000 	 0.00000000 	 0.00000000 	 0.00000000 	 0.00000000 	 0.00000000 	 0.00000000 	 0.00000000 	 0.00000000 	 0.00000000 	 5.42133527 	 202.02003340 	 38.91168523 	 47.98370087 	 0.87148765 	 7.02900372 	 0.24503884 	 1.23840526
2405 	 0.00000000 	 0.00000000 	 66.94168422 	 4.35026169 	 0.66796321 	 0.00000000 	 0.00000000 	 0.00000000 	 0.00000000 	 0.00000000 	 0.00000000 	 0.00000000 	 0.00000000 	 0.00000000 	 0.00000000 	 0.00000000 	 0.00000000 	 0.00000000 	 0.00000000 	 0.00000000 	 0.00000000 	 0.00000000 	 0.00000000 	 0.00000000 	 0.00000000 	 0.00000000 	 0.00000000 	 0.00000000 	 0.00000000 	 0.00000000 	 0.00000000 	 0.00000000 	 5.42133527 	 202.02003340 	 38.91168523 	 47.98370087 	 0.87148765 	 7.02900372 	 0.24503884 	 1.23840526
2406 	 0.00000000 	 0.00000000 	 66.94168422 	 4.35026169 	 0.66796321 	 0.00000000 	 0.00000000 	 0.00000000 	 0.00000000 	 0.00000000 	 0.00000000 	 0.00000000 	 0.00000000 	 0.00000000 	 0.00000000 	 0.00000000 	 0.00000000 	 0.00000000 	 0.00000000 	 0.00000000 	 0.00000000 	 0.00000000 	 0.00000000 	 0.00000000 	 0.00000000 	 0.00000000 	 0.00000000 	 0.00000000 	 0.00000000 	 0.00000000 	 0.00000000 	 0.00000000 	 5.42133527 	 202.02003340 	 38.91168523 	 47.98370087 	 0.87148765 	 7.02900372 	 0.24503884 	 1.23840526
2407 	 0.00000000 	 0.00000000 	 66.94168422 	 4.35026169 	 0.66796321 	 0.00000000 	 0.00000000 	 0.00000000 	 0.00000000 	 0.00000000 	 0.00000000 	 0.00000000 	 0.00000000 	 0.00000000 	 0.00000000 	 0.00000000 	 0.00000000 	 0.00000000 	 0.00000000 	 0.00000000 	 0.00000000 	 0.00000000 	 0.00000000 	 0.00000000 	 0.00000000 	 0.00000000 	 0.00000000 	 0.00000000 	 0.00000000 	 0.00000000 	 0.00000000 	 0.00000000 	 5.42133527 	 202.02003340 	 38.91168523 	 47.98370087 	 0.87148765 	 7.02900372 	 0.24503884 	 1.23840526
2408 	 0.00000000 	 0.00000000 	 66.94168422 	 4.35026169 	 0.66796321 	 0.00000000 	 0.00000000 	 0.00000000 	 0.00000000 	 0.00000000 	 0.00000000 	 0.00000000 	 0.00000000 	 0.00000000 	 0.00000000 	 0.00000000 	 0.00000000 	 0.00000000 	 0.00000000 	 0.00000000 	 0.00000000 	 0.00000000 	 0.00000000 	 0.00000000 	 0.00000000 	 0.00000000 	 0.00000000 	 0.00000000 	 0.00000000 	 0.00000000 	 0.00000000 	 0.00000000 	 5.42133527 	 202.02003340 	 38.91168523 	 47.98370087 	 0.87148765 	 7.02900372 	 0.24503884 	 1.23840526
2409 	 0.00000000 	 0.00000000 	 66.94168422 	 4.35026169 	 0.66796321 	 0.00000000 	 0.00000000 	 0.00000000 	 0.00000000 	 0.00000000 	 0.00000000 	 0.00000000 	 0.00000000 	 0.00000000 	 0.00000000 	 0.00000000 	 0.00000000 	 0.00000000 	 0.00000000 	 0.00000000 	 0.00000000 	 0.00000000 	 0.00000000 	 0.00000000 	 0.00000000 	 0.00000000 	 0.00000000 	 0.00000000 	 0.00000000 	 0.00000000 	 0.00000000 	 0.00000000 	 5.42133527 	 202.02003340 	 38.91168523 	 47.98370087 	 0.87148765 	 7.02900372 	 0.24503884 	 1.23840526
2410 	 0.00000000 	 0.00000000 	 66.94168422 	 4.35026169 	 0.66796321 	 0.00000000 	 0.00000000 	 0.00000000 	 0.00000000 	 0.00000000 	 0.00000000 	 0.00000000 	 0.00000000 	 0.00000000 	 0.00000000 	 0.00000000 	 0.00000000 	 0.00000000 	 0.00000000 	 0.00000000 	 0.00000000 	 0.00000000 	 0.00000000 	 0.00000000 	 0.00000000 	 0.00000000 	 0.00000000 	 0.00000000 	 0.00000000 	 0.00000000 	 0.00000000 	 0.00000000 	 5.42133527 	 202.02003340 	 38.91168523 	 47.98370087 	 0.87148765 	 7.02900372 	 0.24503884 	 1.23840526
2411 	 0.00000000 	 0.00000000 	 66.94168422 	 4.35026169 	 0.66796321 	 0.00000000 	 0.00000000 	 0.00000000 	 0.00000000 	 0.00000000 	 0.00000000 	 0.00000000 	 0.00000000 	 0.00000000 	 0.00000000 	 0.00000000 	 0.00000000 	 0.00000000 	 0.00000000 	 0.00000000 	 0.00000000 	 0.00000000 	 0.00000000 	 0.00000000 	 0.00000000 	 0.00000000 	 0.00000000 	 0.00000000 	 0.00000000 	 0.00000000 	 0.00000000 	 0.00000000 	 5.42133527 	 202.02003340 	 38.91168523 	 47.98370087 	 0.87148765 	 7.02900372 	 0.24503884 	 1.23840526
2412 	 0.00000000 	 0.00000000 	 66.94168422 	 4.35026169 	 0.66796321 	 0.00000000 	 0.00000000 	 0.00000000 	 0.00000000 	 0.00000000 	 0.00000000 	 0.00000000 	 0.00000000 	 0.00000000 	 0.00000000 	 0.00000000 	 0.00000000 	 0.00000000 	 0.00000000 	 0.00000000 	 0.00000000 	 0.00000000 	 0.00000000 	 0.00000000 	 0.00000000 	 0.00000000 	 0.00000000 	 0.00000000 	 0.00000000 	 0.00000000 	 0.00000000 	 0.00000000 	 5.42133527 	 202.02003340 	 38.91168523 	 47.98370087 	 0.87148765 	 7.02900372 	 0.24503884 	 1.23840526
2413 	 0.00000000 	 0.00000000 	 66.94168422 	 4.35026169 	 0.66796321 	 0.00000000 	 0.00000000 	 0.00000000 	 0.00000000 	 0.00000000 	 0.00000000 	 0.00000000 	 0.00000000 	 0.00000000 	 0.00000000 	 0.00000000 	 0.00000000 	 0.00000000 	 0.00000000 	 0.00000000 	 0.00000000 	 0.00000000 	 0.00000000 	 0.00000000 	 0.00000000 	 0.00000000 	 0.00000000 	 0.00000000 	 0.00000000 	 0.00000000 	 0.00000000 	 0.00000000 	 5.42133527 	 202.02003340 	 38.91168523 	 47.98370087 	 0.87148765 	 7.02900372 	 0.24503884 	 1.23840526
2414 	 0.00000000 	 0.00000000 	 66.94168422 	 4.35026169 	 0.66796321 	 0.00000000 	 0.00000000 	 0.00000000 	 0.00000000 	 0.00000000 	 0.00000000 	 0.00000000 	 0.00000000 	 0.00000000 	 0.00000000 	 0.00000000 	 0.00000000 	 0.00000000 	 0.00000000 	 0.00000000 	 0.00000000 	 0.00000000 	 0.00000000 	 0.00000000 	 0.00000000 	 0.00000000 	 0.00000000 	 0.00000000 	 0.00000000 	 0.00000000 	 0.00000000 	 0.00000000 	 5.42133527 	 202.02003340 	 38.91168523 	 47.98370087 	 0.87148765 	 7.02900372 	 0.24503884 	 1.23840526
2415 	 0.00000000 	 0.00000000 	 66.94168422 	 4.35026169 	 0.66796321 	 0.00000000 	 0.00000000 	 0.00000000 	 0.00000000 	 0.00000000 	 0.00000000 	 0.00000000 	 0.00000000 	 0.00000000 	 0.00000000 	 0.00000000 	 0.00000000 	 0.00000000 	 0.00000000 	 0.00000000 	 0.00000000 	 0.00000000 	 0.00000000 	 0.00000000 	 0.00000000 	 0.00000000 	 0.00000000 	 0.00000000 	 0.00000000 	 0.00000000 	 0.00000000 	 0.00000000 	 5.42133527 	 202.02003340 	 38.91168523 	 47.98370087 	 0.87148765 	 7.02900372 	 0.24503884 	 1.23840526
2416 	 0.00000000 	 0.00000000 	 66.94168422 	 4.35026169 	 0.66796321 	 0.00000000 	 0.00000000 	 0.00000000 	 0.00000000 	 0.00000000 	 0.00000000 	 0.00000000 	 0.00000000 	 0.00000000 	 0.00000000 	 0.00000000 	 0.00000000 	 0.00000000 	 0.00000000 	 0.00000000 	 0.00000000 	 0.00000000 	 0.00000000 	 0.00000000 	 0.00000000 	 0.00000000 	 0.00000000 	 0.00000000 	 0.00000000 	 0.00000000 	 0.00000000 	 0.00000000 	 5.42133527 	 202.02003340 	 38.91168523 	 47.98370087 	 0.87148765 	 7.02900372 	 0.24503884 	 1.23840526
2417 	 0.00000000 	 0.00000000 	 66.94168422 	 4.35026169 	 0.66796321 	 0.00000000 	 0.00000000 	 0.00000000 	 0.00000000 	 0.00000000 	 0.00000000 	 0.00000000 	 0.00000000 	 0.00000000 	 0.00000000 	 0.00000000 	 0.00000000 	 0.00000000 	 0.00000000 	 0.00000000 	 0.00000000 	 0.00000000 	 0.00000000 	 0.00000000 	 0.00000000 	 0.00000000 	 0.00000000 	 0.00000000 	 0.00000000 	 0.00000000 	 0.00000000 	 0.00000000 	 5.42133527 	 202.02003340 	 38.91168523 	 47.98370087 	 0.87148765 	 7.02900372 	 0.24503884 	 1.23840526
2418 	 0.00000000 	 0.00000000 	 66.94168422 	 4.35026169 	 0.66796321 	 0.00000000 	 0.00000000 	 0.00000000 	 0.00000000 	 0.00000000 	 0.00000000 	 0.00000000 	 0.00000000 	 0.00000000 	 0.00000000 	 0.00000000 	 0.00000000 	 0.00000000 	 0.00000000 	 0.00000000 	 0.00000000 	 0.00000000 	 0.00000000 	 0.00000000 	 0.00000000 	 0.00000000 	 0.00000000 	 0.00000000 	 0.00000000 	 0.00000000 	 0.00000000 	 0.00000000 	 5.42133527 	 202.02003340 	 38.91168523 	 47.98370087 	 0.87148765 	 7.02900372 	 0.24503884 	 1.23840526
2419 	 0.00000000 	 0.00000000 	 66.94168422 	 4.35026169 	 0.66796321 	 0.00000000 	 0.00000000 	 0.00000000 	 0.00000000 	 0.00000000 	 0.00000000 	 0.00000000 	 0.00000000 	 0.00000000 	 0.00000000 	 0.00000000 	 0.00000000 	 0.00000000 	 0.00000000 	 0.00000000 	 0.00000000 	 0.00000000 	 0.00000000 	 0.00000000 	 0.00000000 	 0.00000000 	 0.00000000 	 0.00000000 	 0.00000000 	 0.00000000 	 0.00000000 	 0.00000000 	 5.42133527 	 202.02003340 	 38.91168523 	 47.98370087 	 0.87148765 	 7.02900372 	 0.24503884 	 1.23840526
2420 	 0.00000000 	 0.00000000 	 66.94168422 	 4.35026169 	 0.66796321 	 0.00000000 	 0.00000000 	 0.00000000 	 0.00000000 	 0.00000000 	 0.00000000 	 0.00000000 	 0.00000000 	 0.00000000 	 0.00000000 	 0.00000000 	 0.00000000 	 0.00000000 	 0.00000000 	 0.00000000 	 0.00000000 	 0.00000000 	 0.00000000 	 0.00000000 	 0.00000000 	 0.00000000 	 0.00000000 	 0.00000000 	 0.00000000 	 0.00000000 	 0.00000000 	 0.00000000 	 5.42133527 	 202.02003340 	 38.91168523 	 47.98370087 	 0.87148765 	 7.02900372 	 0.24503884 	 1.23840526
2421 	 0.00000000 	 0.00000000 	 66.94168422 	 4.35026169 	 0.66796321 	 0.00000000 	 0.00000000 	 0.00000000 	 0.00000000 	 0.00000000 	 0.00000000 	 0.00000000 	 0.00000000 	 0.00000000 	 0.00000000 	 0.00000000 	 0.00000000 	 0.00000000 	 0.00000000 	 0.00000000 	 0.00000000 	 0.00000000 	 0.00000000 	 0.00000000 	 0.00000000 	 0.00000000 	 0.00000000 	 0.00000000 	 0.00000000 	 0.00000000 	 0.00000000 	 0.00000000 	 5.42133527 	 202.02003340 	 38.91168523 	 47.98370087 	 0.87148765 	 7.02900372 	 0.24503884 	 1.23840526
2422 	 0.00000000 	 0.00000000 	 66.94168422 	 4.35026169 	 0.66796321 	 0.00000000 	 0.00000000 	 0.00000000 	 0.00000000 	 0.00000000 	 0.00000000 	 0.00000000 	 0.00000000 	 0.00000000 	 0.00000000 	 0.00000000 	 0.00000000 	 0.00000000 	 0.00000000 	 0.00000000 	 0.00000000 	 0.00000000 	 0.00000000 	 0.00000000 	 0.00000000 	 0.00000000 	 0.00000000 	 0.00000000 	 0.00000000 	 0.00000000 	 0.00000000 	 0.00000000 	 5.42133527 	 202.02003340 	 38.91168523 	 47.98370087 	 0.87148765 	 7.02900372 	 0.24503884 	 1.23840526
2423 	 0.00000000 	 0.00000000 	 66.94168422 	 4.35026169 	 0.66796321 	 0.00000000 	 0.00000000 	 0.00000000 	 0.00000000 	 0.00000000 	 0.00000000 	 0.00000000 	 0.00000000 	 0.00000000 	 0.00000000 	 0.00000000 	 0.00000000 	 0.00000000 	 0.00000000 	 0.00000000 	 0.00000000 	 0.00000000 	 0.00000000 	 0.00000000 	 0.00000000 	 0.00000000 	 0.00000000 	 0.00000000 	 0.00000000 	 0.00000000 	 0.00000000 	 0.00000000 	 5.42133527 	 202.02003340 	 38.91168523 	 47.98370087 	 0.87148765 	 7.02900372 	 0.24503884 	 1.23840526
2424 	 0.00000000 	 0.00000000 	 66.94168422 	 4.35026169 	 0.66796321 	 0.00000000 	 0.00000000 	 0.00000000 	 0.00000000 	 0.00000000 	 0.00000000 	 0.00000000 	 0.00000000 	 0.00000000 	 0.00000000 	 0.00000000 	 0.00000000 	 0.00000000 	 0.00000000 	 0.00000000 	 0.00000000 	 0.00000000 	 0.00000000 	 0.00000000 	 0.00000000 	 0.00000000 	 0.00000000 	 0.00000000 	 0.00000000 	 0.00000000 	 0.00000000 	 0.00000000 	 5.42133527 	 202.02003340 	 38.91168523 	 47.98370087 	 0.87148765 	 7.02900372 	 0.24503884 	 1.23840526
2425 	 0.00000000 	 0.00000000 	 66.94168422 	 4.35026169 	 0.66796321 	 0.00000000 	 0.00000000 	 0.00000000 	 0.00000000 	 0.00000000 	 0.00000000 	 0.00000000 	 0.00000000 	 0.00000000 	 0.00000000 	 0.00000000 	 0.00000000 	 0.00000000 	 0.00000000 	 0.00000000 	 0.00000000 	 0.00000000 	 0.00000000 	 0.00000000 	 0.00000000 	 0.00000000 	 0.00000000 	 0.00000000 	 0.00000000 	 0.00000000 	 0.00000000 	 0.00000000 	 5.42133527 	 202.02003340 	 38.91168523 	 47.98370087 	 0.87148765 	 7.02900372 	 0.24503884 	 1.23840526
2426 	 0.00000000 	 0.00000000 	 66.94168422 	 4.35026169 	 0.66796321 	 0.00000000 	 0.00000000 	 0.00000000 	 0.00000000 	 0.00000000 	 0.00000000 	 0.00000000 	 0.00000000 	 0.00000000 	 0.00000000 	 0.00000000 	 0.00000000 	 0.00000000 	 0.00000000 	 0.00000000 	 0.00000000 	 0.00000000 	 0.00000000 	 0.00000000 	 0.00000000 	 0.00000000 	 0.00000000 	 0.00000000 	 0.00000000 	 0.00000000 	 0.00000000 	 0.00000000 	 5.42133527 	 202.02003340 	 38.91168523 	 47.98370087 	 0.87148765 	 7.02900372 	 0.24503884 	 1.23840526
2427 	 0.00000000 	 0.00000000 	 66.94168422 	 4.35026169 	 0.66796321 	 0.00000000 	 0.00000000 	 0.00000000 	 0.00000000 	 0.00000000 	 0.00000000 	 0.00000000 	 0.00000000 	 0.00000000 	 0.00000000 	 0.00000000 	 0.00000000 	 0.00000000 	 0.00000000 	 0.00000000 	 0.00000000 	 0.00000000 	 0.00000000 	 0.00000000 	 0.00000000 	 0.00000000 	 0.00000000 	 0.00000000 	 0.00000000 	 0.00000000 	 0.00000000 	 0.00000000 	 5.42133527 	 202.02003340 	 38.91168523 	 47.98370087 	 0.87148765 	 7.02900372 	 0.24503884 	 1.23840526
2428 	 0.00000000 	 0.00000000 	 66.94168422 	 4.35026169 	 0.66796321 	 0.00000000 	 0.00000000 	 0.00000000 	 0.00000000 	 0.00000000 	 0.00000000 	 0.00000000 	 0.00000000 	 0.00000000 	 0.00000000 	 0.00000000 	 0.00000000 	 0.00000000 	 0.00000000 	 0.00000000 	 0.00000000 	 0.00000000 	 0.00000000 	 0.00000000 	 0.00000000 	 0.00000000 	 0.00000000 	 0.00000000 	 0.00000000 	 0.00000000 	 0.00000000 	 0.00000000 	 5.42133527 	 202.02003340 	 38.91168523 	 47.98370087 	 0.87148765 	 7.02900372 	 0.24503884 	 1.23840526
2429 	 0.00000000 	 0.00000000 	 66.94168422 	 4.35026169 	 0.66796321 	 0.00000000 	 0.00000000 	 0.00000000 	 0.00000000 	 0.00000000 	 0.00000000 	 0.00000000 	 0.00000000 	 0.00000000 	 0.00000000 	 0.00000000 	 0.00000000 	 0.00000000 	 0.00000000 	 0.00000000 	 0.00000000 	 0.00000000 	 0.00000000 	 0.00000000 	 0.00000000 	 0.00000000 	 0.00000000 	 0.00000000 	 0.00000000 	 0.00000000 	 0.00000000 	 0.00000000 	 5.42133527 	 202.02003340 	 38.91168523 	 47.98370087 	 0.87148765 	 7.02900372 	 0.24503884 	 1.23840526
2430 	 0.00000000 	 0.00000000 	 66.94168422 	 4.35026169 	 0.66796321 	 0.00000000 	 0.00000000 	 0.00000000 	 0.00000000 	 0.00000000 	 0.00000000 	 0.00000000 	 0.00000000 	 0.00000000 	 0.00000000 	 0.00000000 	 0.00000000 	 0.00000000 	 0.00000000 	 0.00000000 	 0.00000000 	 0.00000000 	 0.00000000 	 0.00000000 	 0.00000000 	 0.00000000 	 0.00000000 	 0.00000000 	 0.00000000 	 0.00000000 	 0.00000000 	 0.00000000 	 5.42133527 	 202.02003340 	 38.91168523 	 47.98370087 	 0.87148765 	 7.02900372 	 0.24503884 	 1.23840526
2431 	 0.00000000 	 0.00000000 	 66.94168422 	 4.35026169 	 0.66796321 	 0.00000000 	 0.00000000 	 0.00000000 	 0.00000000 	 0.00000000 	 0.00000000 	 0.00000000 	 0.00000000 	 0.00000000 	 0.00000000 	 0.00000000 	 0.00000000 	 0.00000000 	 0.00000000 	 0.00000000 	 0.00000000 	 0.00000000 	 0.00000000 	 0.00000000 	 0.00000000 	 0.00000000 	 0.00000000 	 0.00000000 	 0.00000000 	 0.00000000 	 0.00000000 	 0.00000000 	 5.42133527 	 202.02003340 	 38.91168523 	 47.98370087 	 0.87148765 	 7.02900372 	 0.24503884 	 1.23840526
2432 	 0.00000000 	 0.00000000 	 66.94168422 	 4.35026169 	 0.66796321 	 0.00000000 	 0.00000000 	 0.00000000 	 0.00000000 	 0.00000000 	 0.00000000 	 0.00000000 	 0.00000000 	 0.00000000 	 0.00000000 	 0.00000000 	 0.00000000 	 0.00000000 	 0.00000000 	 0.00000000 	 0.00000000 	 0.00000000 	 0.00000000 	 0.00000000 	 0.00000000 	 0.00000000 	 0.00000000 	 0.00000000 	 0.00000000 	 0.00000000 	 0.00000000 	 0.00000000 	 5.42133527 	 202.02003340 	 38.91168523 	 47.98370087 	 0.87148765 	 7.02900372 	 0.24503884 	 1.23840526
2433 	 0.00000000 	 0.00000000 	 66.94168422 	 4.35026169 	 0.66796321 	 0.00000000 	 0.00000000 	 0.00000000 	 0.00000000 	 0.00000000 	 0.00000000 	 0.00000000 	 0.00000000 	 0.00000000 	 0.00000000 	 0.00000000 	 0.00000000 	 0.00000000 	 0.00000000 	 0.00000000 	 0.00000000 	 0.00000000 	 0.00000000 	 0.00000000 	 0.00000000 	 0.00000000 	 0.00000000 	 0.00000000 	 0.00000000 	 0.00000000 	 0.00000000 	 0.00000000 	 5.42133527 	 202.02003340 	 38.91168523 	 47.98370087 	 0.87148765 	 7.02900372 	 0.24503884 	 1.23840526
2434 	 0.00000000 	 0.00000000 	 66.94168422 	 4.35026169 	 0.66796321 	 0.00000000 	 0.00000000 	 0.00000000 	 0.00000000 	 0.00000000 	 0.00000000 	 0.00000000 	 0.00000000 	 0.00000000 	 0.00000000 	 0.00000000 	 0.00000000 	 0.00000000 	 0.00000000 	 0.00000000 	 0.00000000 	 0.00000000 	 0.00000000 	 0.00000000 	 0.00000000 	 0.00000000 	 0.00000000 	 0.00000000 	 0.00000000 	 0.00000000 	 0.00000000 	 0.00000000 	 5.42133527 	 202.02003340 	 38.91168523 	 47.98370087 	 0.87148765 	 7.02900372 	 0.24503884 	 1.23840526
2435 	 0.00000000 	 0.00000000 	 66.94168422 	 4.35026169 	 0.66796321 	 0.00000000 	 0.00000000 	 0.00000000 	 0.00000000 	 0.00000000 	 0.00000000 	 0.00000000 	 0.00000000 	 0.00000000 	 0.00000000 	 0.00000000 	 0.00000000 	 0.00000000 	 0.00000000 	 0.00000000 	 0.00000000 	 0.00000000 	 0.00000000 	 0.00000000 	 0.00000000 	 0.00000000 	 0.00000000 	 0.00000000 	 0.00000000 	 0.00000000 	 0.00000000 	 0.00000000 	 5.42133527 	 202.02003340 	 38.91168523 	 47.98370087 	 0.87148765 	 7.02900372 	 0.24503884 	 1.23840526
2436 	 0.00000000 	 0.00000000 	 66.94168422 	 4.35026169 	 0.66796321 	 0.00000000 	 0.00000000 	 0.00000000 	 0.00000000 	 0.00000000 	 0.00000000 	 0.00000000 	 0.00000000 	 0.00000000 	 0.00000000 	 0.00000000 	 0.00000000 	 0.00000000 	 0.00000000 	 0.00000000 	 0.00000000 	 0.00000000 	 0.00000000 	 0.00000000 	 0.00000000 	 0.00000000 	 0.00000000 	 0.00000000 	 0.00000000 	 0.00000000 	 0.00000000 	 0.00000000 	 5.42133527 	 202.02003340 	 38.91168523 	 47.98370087 	 0.87148765 	 7.02900372 	 0.24503884 	 1.23840526
2437 	 0.00000000 	 0.00000000 	 66.94168422 	 4.35026169 	 0.66796321 	 0.00000000 	 0.00000000 	 0.00000000 	 0.00000000 	 0.00000000 	 0.00000000 	 0.00000000 	 0.00000000 	 0.00000000 	 0.00000000 	 0.00000000 	 0.00000000 	 0.00000000 	 0.00000000 	 0.00000000 	 0.00000000 	 0.00000000 	 0.00000000 	 0.00000000 	 0.00000000 	 0.00000000 	 0.00000000 	 0.00000000 	 0.00000000 	 0.00000000 	 0.00000000 	 0.00000000 	 5.42133527 	 202.02003340 	 38.91168523 	 47.98370087 	 0.87148765 	 7.02900372 	 0.24503884 	 1.23840526
2438 	 0.00000000 	 0.00000000 	 66.94168422 	 4.35026169 	 0.66796321 	 0.00000000 	 0.00000000 	 0.00000000 	 0.00000000 	 0.00000000 	 0.00000000 	 0.00000000 	 0.00000000 	 0.00000000 	 0.00000000 	 0.00000000 	 0.00000000 	 0.00000000 	 0.00000000 	 0.00000000 	 0.00000000 	 0.00000000 	 0.00000000 	 0.00000000 	 0.00000000 	 0.00000000 	 0.00000000 	 0.00000000 	 0.00000000 	 0.00000000 	 0.00000000 	 0.00000000 	 5.42133527 	 202.02003340 	 38.91168523 	 47.98370087 	 0.87148765 	 7.02900372 	 0.24503884 	 1.23840526
2439 	 0.00000000 	 0.00000000 	 66.94168422 	 4.35026169 	 0.66796321 	 0.00000000 	 0.00000000 	 0.00000000 	 0.00000000 	 0.00000000 	 0.00000000 	 0.00000000 	 0.00000000 	 0.00000000 	 0.00000000 	 0.00000000 	 0.00000000 	 0.00000000 	 0.00000000 	 0.00000000 	 0.00000000 	 0.00000000 	 0.00000000 	 0.00000000 	 0.00000000 	 0.00000000 	 0.00000000 	 0.00000000 	 0.00000000 	 0.00000000 	 0.00000000 	 0.00000000 	 5.42133527 	 202.02003340 	 38.91168523 	 47.98370087 	 0.87148765 	 7.02900372 	 0.24503884 	 1.23840526
2440 	 0.00000000 	 0.00000000 	 66.94168422 	 4.35026169 	 0.66796321 	 0.00000000 	 0.00000000 	 0.00000000 	 0.00000000 	 0.00000000 	 0.00000000 	 0.00000000 	 0.00000000 	 0.00000000 	 0.00000000 	 0.00000000 	 0.00000000 	 0.00000000 	 0.00000000 	 0.00000000 	 0.00000000 	 0.00000000 	 0.00000000 	 0.00000000 	 0.00000000 	 0.00000000 	 0.00000000 	 0.00000000 	 0.00000000 	 0.00000000 	 0.00000000 	 0.00000000 	 5.42133527 	 202.02003340 	 38.91168523 	 47.98370087 	 0.87148765 	 7.02900372 	 0.24503884 	 1.23840526
2441 	 0.00000000 	 0.00000000 	 66.94168422 	 4.35026169 	 0.66796321 	 0.00000000 	 0.00000000 	 0.00000000 	 0.00000000 	 0.00000000 	 0.00000000 	 0.00000000 	 0.00000000 	 0.00000000 	 0.00000000 	 0.00000000 	 0.00000000 	 0.00000000 	 0.00000000 	 0.00000000 	 0.00000000 	 0.00000000 	 0.00000000 	 0.00000000 	 0.00000000 	 0.00000000 	 0.00000000 	 0.00000000 	 0.00000000 	 0.00000000 	 0.00000000 	 0.00000000 	 5.42133527 	 202.02003340 	 38.91168523 	 47.98370087 	 0.87148765 	 7.02900372 	 0.24503884 	 1.23840526
2442 	 0.00000000 	 0.00000000 	 66.94168422 	 4.35026169 	 0.66796321 	 0.00000000 	 0.00000000 	 0.00000000 	 0.00000000 	 0.00000000 	 0.00000000 	 0.00000000 	 0.00000000 	 0.00000000 	 0.00000000 	 0.00000000 	 0.00000000 	 0.00000000 	 0.00000000 	 0.00000000 	 0.00000000 	 0.00000000 	 0.00000000 	 0.00000000 	 0.00000000 	 0.00000000 	 0.00000000 	 0.00000000 	 0.00000000 	 0.00000000 	 0.00000000 	 0.00000000 	 5.42133527 	 202.02003340 	 38.91168523 	 47.98370087 	 0.87148765 	 7.02900372 	 0.24503884 	 1.23840526
2443 	 0.00000000 	 0.00000000 	 66.94168422 	 4.35026169 	 0.66796321 	 0.00000000 	 0.00000000 	 0.00000000 	 0.00000000 	 0.00000000 	 0.00000000 	 0.00000000 	 0.00000000 	 0.00000000 	 0.00000000 	 0.00000000 	 0.00000000 	 0.00000000 	 0.00000000 	 0.00000000 	 0.00000000 	 0.00000000 	 0.00000000 	 0.00000000 	 0.00000000 	 0.00000000 	 0.00000000 	 0.00000000 	 0.00000000 	 0.00000000 	 0.00000000 	 0.00000000 	 5.42133527 	 202.02003340 	 38.91168523 	 47.98370087 	 0.87148765 	 7.02900372 	 0.24503884 	 1.23840526
2444 	 0.00000000 	 0.00000000 	 66.94168422 	 4.35026169 	 0.66796321 	 0.00000000 	 0.00000000 	 0.00000000 	 0.00000000 	 0.00000000 	 0.00000000 	 0.00000000 	 0.00000000 	 0.00000000 	 0.00000000 	 0.00000000 	 0.00000000 	 0.00000000 	 0.00000000 	 0.00000000 	 0.00000000 	 0.00000000 	 0.00000000 	 0.00000000 	 0.00000000 	 0.00000000 	 0.00000000 	 0.00000000 	 0.00000000 	 0.00000000 	 0.00000000 	 0.00000000 	 5.42133527 	 202.02003340 	 38.91168523 	 47.98370087 	 0.87148765 	 7.02900372 	 0.24503884 	 1.23840526
2445 	 0.00000000 	 0.00000000 	 66.94168422 	 4.35026169 	 0.66796321 	 0.00000000 	 0.00000000 	 0.00000000 	 0.00000000 	 0.00000000 	 0.00000000 	 0.00000000 	 0.00000000 	 0.00000000 	 0.00000000 	 0.00000000 	 0.00000000 	 0.00000000 	 0.00000000 	 0.00000000 	 0.00000000 	 0.00000000 	 0.00000000 	 0.00000000 	 0.00000000 	 0.00000000 	 0.00000000 	 0.00000000 	 0.00000000 	 0.00000000 	 0.00000000 	 0.00000000 	 5.42133527 	 202.02003340 	 38.91168523 	 47.98370087 	 0.87148765 	 7.02900372 	 0.24503884 	 1.23840526
2446 	 0.00000000 	 0.00000000 	 66.94168422 	 4.35026169 	 0.66796321 	 0.00000000 	 0.00000000 	 0.00000000 	 0.00000000 	 0.00000000 	 0.00000000 	 0.00000000 	 0.00000000 	 0.00000000 	 0.00000000 	 0.00000000 	 0.00000000 	 0.00000000 	 0.00000000 	 0.00000000 	 0.00000000 	 0.00000000 	 0.00000000 	 0.00000000 	 0.00000000 	 0.00000000 	 0.00000000 	 0.00000000 	 0.00000000 	 0.00000000 	 0.00000000 	 0.00000000 	 5.42133527 	 202.02003340 	 38.91168523 	 47.98370087 	 0.87148765 	 7.02900372 	 0.24503884 	 1.23840526
2447 	 0.00000000 	 0.00000000 	 66.94168422 	 4.35026169 	 0.66796321 	 0.00000000 	 0.00000000 	 0.00000000 	 0.00000000 	 0.00000000 	 0.00000000 	 0.00000000 	 0.00000000 	 0.00000000 	 0.00000000 	 0.00000000 	 0.00000000 	 0.00000000 	 0.00000000 	 0.00000000 	 0.00000000 	 0.00000000 	 0.00000000 	 0.00000000 	 0.00000000 	 0.00000000 	 0.00000000 	 0.00000000 	 0.00000000 	 0.00000000 	 0.00000000 	 0.00000000 	 5.42133527 	 202.02003340 	 38.91168523 	 47.98370087 	 0.87148765 	 7.02900372 	 0.24503884 	 1.23840526
2448 	 0.00000000 	 0.00000000 	 66.94168422 	 4.35026169 	 0.66796321 	 0.00000000 	 0.00000000 	 0.00000000 	 0.00000000 	 0.00000000 	 0.00000000 	 0.00000000 	 0.00000000 	 0.00000000 	 0.00000000 	 0.00000000 	 0.00000000 	 0.00000000 	 0.00000000 	 0.00000000 	 0.00000000 	 0.00000000 	 0.00000000 	 0.00000000 	 0.00000000 	 0.00000000 	 0.00000000 	 0.00000000 	 0.00000000 	 0.00000000 	 0.00000000 	 0.00000000 	 5.42133527 	 202.02003340 	 38.91168523 	 47.98370087 	 0.87148765 	 7.02900372 	 0.24503884 	 1.23840526
2449 	 0.00000000 	 0.00000000 	 66.94168422 	 4.35026169 	 0.66796321 	 0.00000000 	 0.00000000 	 0.00000000 	 0.00000000 	 0.00000000 	 0.00000000 	 0.00000000 	 0.00000000 	 0.00000000 	 0.00000000 	 0.00000000 	 0.00000000 	 0.00000000 	 0.00000000 	 0.00000000 	 0.00000000 	 0.00000000 	 0.00000000 	 0.00000000 	 0.00000000 	 0.00000000 	 0.00000000 	 0.00000000 	 0.00000000 	 0.00000000 	 0.00000000 	 0.00000000 	 5.42133527 	 202.02003340 	 38.91168523 	 47.98370087 	 0.87148765 	 7.02900372 	 0.24503884 	 1.23840526
2450 	 0.00000000 	 0.00000000 	 66.94168422 	 4.35026169 	 0.66796321 	 0.00000000 	 0.00000000 	 0.00000000 	 0.00000000 	 0.00000000 	 0.00000000 	 0.00000000 	 0.00000000 	 0.00000000 	 0.00000000 	 0.00000000 	 0.00000000 	 0.00000000 	 0.00000000 	 0.00000000 	 0.00000000 	 0.00000000 	 0.00000000 	 0.00000000 	 0.00000000 	 0.00000000 	 0.00000000 	 0.00000000 	 0.00000000 	 0.00000000 	 0.00000000 	 0.00000000 	 5.42133527 	 202.02003340 	 38.91168523 	 47.98370087 	 0.87148765 	 7.02900372 	 0.24503884 	 1.23840526
2451 	 0.00000000 	 0.00000000 	 66.94168422 	 4.35026169 	 0.66796321 	 0.00000000 	 0.00000000 	 0.00000000 	 0.00000000 	 0.00000000 	 0.00000000 	 0.00000000 	 0.00000000 	 0.00000000 	 0.00000000 	 0.00000000 	 0.00000000 	 0.00000000 	 0.00000000 	 0.00000000 	 0.00000000 	 0.00000000 	 0.00000000 	 0.00000000 	 0.00000000 	 0.00000000 	 0.00000000 	 0.00000000 	 0.00000000 	 0.00000000 	 0.00000000 	 0.00000000 	 5.42133527 	 202.02003340 	 38.91168523 	 47.98370087 	 0.87148765 	 7.02900372 	 0.24503884 	 1.23840526
2452 	 0.00000000 	 0.00000000 	 66.94168422 	 4.35026169 	 0.66796321 	 0.00000000 	 0.00000000 	 0.00000000 	 0.00000000 	 0.00000000 	 0.00000000 	 0.00000000 	 0.00000000 	 0.00000000 	 0.00000000 	 0.00000000 	 0.00000000 	 0.00000000 	 0.00000000 	 0.00000000 	 0.00000000 	 0.00000000 	 0.00000000 	 0.00000000 	 0.00000000 	 0.00000000 	 0.00000000 	 0.00000000 	 0.00000000 	 0.00000000 	 0.00000000 	 0.00000000 	 5.42133527 	 202.02003340 	 38.91168523 	 47.98370087 	 0.87148765 	 7.02900372 	 0.24503884 	 1.23840526
2453 	 0.00000000 	 0.00000000 	 66.94168422 	 4.35026169 	 0.66796321 	 0.00000000 	 0.00000000 	 0.00000000 	 0.00000000 	 0.00000000 	 0.00000000 	 0.00000000 	 0.00000000 	 0.00000000 	 0.00000000 	 0.00000000 	 0.00000000 	 0.00000000 	 0.00000000 	 0.00000000 	 0.00000000 	 0.00000000 	 0.00000000 	 0.00000000 	 0.00000000 	 0.00000000 	 0.00000000 	 0.00000000 	 0.00000000 	 0.00000000 	 0.00000000 	 0.00000000 	 5.42133527 	 202.02003340 	 38.91168523 	 47.98370087 	 0.87148765 	 7.02900372 	 0.24503884 	 1.23840526
2454 	 0.00000000 	 0.00000000 	 66.94168422 	 4.35026169 	 0.66796321 	 0.00000000 	 0.00000000 	 0.00000000 	 0.00000000 	 0.00000000 	 0.00000000 	 0.00000000 	 0.00000000 	 0.00000000 	 0.00000000 	 0.00000000 	 0.00000000 	 0.00000000 	 0.00000000 	 0.00000000 	 0.00000000 	 0.00000000 	 0.00000000 	 0.00000000 	 0.00000000 	 0.00000000 	 0.00000000 	 0.00000000 	 0.00000000 	 0.00000000 	 0.00000000 	 0.00000000 	 5.42133527 	 202.02003340 	 38.91168523 	 47.98370087 	 0.87148765 	 7.02900372 	 0.24503884 	 1.23840526
2455 	 0.00000000 	 0.00000000 	 66.94168422 	 4.35026169 	 0.66796321 	 0.00000000 	 0.00000000 	 0.00000000 	 0.00000000 	 0.00000000 	 0.00000000 	 0.00000000 	 0.00000000 	 0.00000000 	 0.00000000 	 0.00000000 	 0.00000000 	 0.00000000 	 0.00000000 	 0.00000000 	 0.00000000 	 0.00000000 	 0.00000000 	 0.00000000 	 0.00000000 	 0.00000000 	 0.00000000 	 0.00000000 	 0.00000000 	 0.00000000 	 0.00000000 	 0.00000000 	 5.42133527 	 202.02003340 	 38.91168523 	 47.98370087 	 0.87148765 	 7.02900372 	 0.24503884 	 1.23840526
2456 	 0.00000000 	 0.00000000 	 66.94168422 	 4.35026169 	 0.66796321 	 0.00000000 	 0.00000000 	 0.00000000 	 0.00000000 	 0.00000000 	 0.00000000 	 0.00000000 	 0.00000000 	 0.00000000 	 0.00000000 	 0.00000000 	 0.00000000 	 0.00000000 	 0.00000000 	 0.00000000 	 0.00000000 	 0.00000000 	 0.00000000 	 0.00000000 	 0.00000000 	 0.00000000 	 0.00000000 	 0.00000000 	 0.00000000 	 0.00000000 	 0.00000000 	 0.00000000 	 5.42133527 	 202.02003340 	 38.91168523 	 47.98370087 	 0.87148765 	 7.02900372 	 0.24503884 	 1.23840526
2457 	 0.00000000 	 0.00000000 	 66.94168422 	 4.35026169 	 0.66796321 	 0.00000000 	 0.00000000 	 0.00000000 	 0.00000000 	 0.00000000 	 0.00000000 	 0.00000000 	 0.00000000 	 0.00000000 	 0.00000000 	 0.00000000 	 0.00000000 	 0.00000000 	 0.00000000 	 0.00000000 	 0.00000000 	 0.00000000 	 0.00000000 	 0.00000000 	 0.00000000 	 0.00000000 	 0.00000000 	 0.00000000 	 0.00000000 	 0.00000000 	 0.00000000 	 0.00000000 	 5.42133527 	 202.02003340 	 38.91168523 	 47.98370087 	 0.87148765 	 7.02900372 	 0.24503884 	 1.23840526
2458 	 0.00000000 	 0.00000000 	 66.94168422 	 4.35026169 	 0.66796321 	 0.00000000 	 0.00000000 	 0.00000000 	 0.00000000 	 0.00000000 	 0.00000000 	 0.00000000 	 0.00000000 	 0.00000000 	 0.00000000 	 0.00000000 	 0.00000000 	 0.00000000 	 0.00000000 	 0.00000000 	 0.00000000 	 0.00000000 	 0.00000000 	 0.00000000 	 0.00000000 	 0.00000000 	 0.00000000 	 0.00000000 	 0.00000000 	 0.00000000 	 0.00000000 	 0.00000000 	 5.42133527 	 202.02003340 	 38.91168523 	 47.98370087 	 0.87148765 	 7.02900372 	 0.24503884 	 1.23840526
2459 	 0.00000000 	 0.00000000 	 66.94168422 	 4.35026169 	 0.66796321 	 0.00000000 	 0.00000000 	 0.00000000 	 0.00000000 	 0.00000000 	 0.00000000 	 0.00000000 	 0.00000000 	 0.00000000 	 0.00000000 	 0.00000000 	 0.00000000 	 0.00000000 	 0.00000000 	 0.00000000 	 0.00000000 	 0.00000000 	 0.00000000 	 0.00000000 	 0.00000000 	 0.00000000 	 0.00000000 	 0.00000000 	 0.00000000 	 0.00000000 	 0.00000000 	 0.00000000 	 5.42133527 	 202.02003340 	 38.91168523 	 47.98370087 	 0.87148765 	 7.02900372 	 0.24503884 	 1.23840526
2460 	 0.00000000 	 0.00000000 	 66.94168422 	 4.35026169 	 0.66796321 	 0.00000000 	 0.00000000 	 0.00000000 	 0.00000000 	 0.00000000 	 0.00000000 	 0.00000000 	 0.00000000 	 0.00000000 	 0.00000000 	 0.00000000 	 0.00000000 	 0.00000000 	 0.00000000 	 0.00000000 	 0.00000000 	 0.00000000 	 0.00000000 	 0.00000000 	 0.00000000 	 0.00000000 	 0.00000000 	 0.00000000 	 0.00000000 	 0.00000000 	 0.00000000 	 0.00000000 	 5.42133527 	 202.02003340 	 38.91168523 	 47.98370087 	 0.87148765 	 7.02900372 	 0.24503884 	 1.23840526
2461 	 0.00000000 	 0.00000000 	 66.94168422 	 4.35026169 	 0.66796321 	 0.00000000 	 0.00000000 	 0.00000000 	 0.00000000 	 0.00000000 	 0.00000000 	 0.00000000 	 0.00000000 	 0.00000000 	 0.00000000 	 0.00000000 	 0.00000000 	 0.00000000 	 0.00000000 	 0.00000000 	 0.00000000 	 0.00000000 	 0.00000000 	 0.00000000 	 0.00000000 	 0.00000000 	 0.00000000 	 0.00000000 	 0.00000000 	 0.00000000 	 0.00000000 	 0.00000000 	 5.42133527 	 202.02003340 	 38.91168523 	 47.98370087 	 0.87148765 	 7.02900372 	 0.24503884 	 1.23840526
2462 	 0.00000000 	 0.00000000 	 66.94168422 	 4.35026169 	 0.66796321 	 0.00000000 	 0.00000000 	 0.00000000 	 0.00000000 	 0.00000000 	 0.00000000 	 0.00000000 	 0.00000000 	 0.00000000 	 0.00000000 	 0.00000000 	 0.00000000 	 0.00000000 	 0.00000000 	 0.00000000 	 0.00000000 	 0.00000000 	 0.00000000 	 0.00000000 	 0.00000000 	 0.00000000 	 0.00000000 	 0.00000000 	 0.00000000 	 0.00000000 	 0.00000000 	 0.00000000 	 5.42133527 	 202.02003340 	 38.91168523 	 47.98370087 	 0.87148765 	 7.02900372 	 0.24503884 	 1.23840526
2463 	 0.00000000 	 0.00000000 	 66.94168422 	 4.35026169 	 0.66796321 	 0.00000000 	 0.00000000 	 0.00000000 	 0.00000000 	 0.00000000 	 0.00000000 	 0.00000000 	 0.00000000 	 0.00000000 	 0.00000000 	 0.00000000 	 0.00000000 	 0.00000000 	 0.00000000 	 0.00000000 	 0.00000000 	 0.00000000 	 0.00000000 	 0.00000000 	 0.00000000 	 0.00000000 	 0.00000000 	 0.00000000 	 0.00000000 	 0.00000000 	 0.00000000 	 0.00000000 	 5.42133527 	 202.02003340 	 38.91168523 	 47.98370087 	 0.87148765 	 7.02900372 	 0.24503884 	 1.23840526
2464 	 0.00000000 	 0.00000000 	 66.94168422 	 4.35026169 	 0.66796321 	 0.00000000 	 0.00000000 	 0.00000000 	 0.00000000 	 0.00000000 	 0.00000000 	 0.00000000 	 0.00000000 	 0.00000000 	 0.00000000 	 0.00000000 	 0.00000000 	 0.00000000 	 0.00000000 	 0.00000000 	 0.00000000 	 0.00000000 	 0.00000000 	 0.00000000 	 0.00000000 	 0.00000000 	 0.00000000 	 0.00000000 	 0.00000000 	 0.00000000 	 0.00000000 	 0.00000000 	 5.42133527 	 202.02003340 	 38.91168523 	 47.98370087 	 0.87148765 	 7.02900372 	 0.24503884 	 1.23840526
2465 	 0.00000000 	 0.00000000 	 66.94168422 	 4.35026169 	 0.66796321 	 0.00000000 	 0.00000000 	 0.00000000 	 0.00000000 	 0.00000000 	 0.00000000 	 0.00000000 	 0.00000000 	 0.00000000 	 0.00000000 	 0.00000000 	 0.00000000 	 0.00000000 	 0.00000000 	 0.00000000 	 0.00000000 	 0.00000000 	 0.00000000 	 0.00000000 	 0.00000000 	 0.00000000 	 0.00000000 	 0.00000000 	 0.00000000 	 0.00000000 	 0.00000000 	 0.00000000 	 5.42133527 	 202.02003340 	 38.91168523 	 47.98370087 	 0.87148765 	 7.02900372 	 0.24503884 	 1.23840526
2466 	 0.00000000 	 0.00000000 	 66.94168422 	 4.35026169 	 0.66796321 	 0.00000000 	 0.00000000 	 0.00000000 	 0.00000000 	 0.00000000 	 0.00000000 	 0.00000000 	 0.00000000 	 0.00000000 	 0.00000000 	 0.00000000 	 0.00000000 	 0.00000000 	 0.00000000 	 0.00000000 	 0.00000000 	 0.00000000 	 0.00000000 	 0.00000000 	 0.00000000 	 0.00000000 	 0.00000000 	 0.00000000 	 0.00000000 	 0.00000000 	 0.00000000 	 0.00000000 	 5.42133527 	 202.02003340 	 38.91168523 	 47.98370087 	 0.87148765 	 7.02900372 	 0.24503884 	 1.23840526
2467 	 0.00000000 	 0.00000000 	 66.94168422 	 4.35026169 	 0.66796321 	 0.00000000 	 0.00000000 	 0.00000000 	 0.00000000 	 0.00000000 	 0.00000000 	 0.00000000 	 0.00000000 	 0.00000000 	 0.00000000 	 0.00000000 	 0.00000000 	 0.00000000 	 0.00000000 	 0.00000000 	 0.00000000 	 0.00000000 	 0.00000000 	 0.00000000 	 0.00000000 	 0.00000000 	 0.00000000 	 0.00000000 	 0.00000000 	 0.00000000 	 0.00000000 	 0.00000000 	 5.42133527 	 202.02003340 	 38.91168523 	 47.98370087 	 0.87148765 	 7.02900372 	 0.24503884 	 1.23840526
2468 	 0.00000000 	 0.00000000 	 66.94168422 	 4.35026169 	 0.66796321 	 0.00000000 	 0.00000000 	 0.00000000 	 0.00000000 	 0.00000000 	 0.00000000 	 0.00000000 	 0.00000000 	 0.00000000 	 0.00000000 	 0.00000000 	 0.00000000 	 0.00000000 	 0.00000000 	 0.00000000 	 0.00000000 	 0.00000000 	 0.00000000 	 0.00000000 	 0.00000000 	 0.00000000 	 0.00000000 	 0.00000000 	 0.00000000 	 0.00000000 	 0.00000000 	 0.00000000 	 5.42133527 	 202.02003340 	 38.91168523 	 47.98370087 	 0.87148765 	 7.02900372 	 0.24503884 	 1.23840526
2469 	 0.00000000 	 0.00000000 	 66.94168422 	 4.35026169 	 0.66796321 	 0.00000000 	 0.00000000 	 0.00000000 	 0.00000000 	 0.00000000 	 0.00000000 	 0.00000000 	 0.00000000 	 0.00000000 	 0.00000000 	 0.00000000 	 0.00000000 	 0.00000000 	 0.00000000 	 0.00000000 	 0.00000000 	 0.00000000 	 0.00000000 	 0.00000000 	 0.00000000 	 0.00000000 	 0.00000000 	 0.00000000 	 0.00000000 	 0.00000000 	 0.00000000 	 0.00000000 	 5.42133527 	 202.02003340 	 38.91168523 	 47.98370087 	 0.87148765 	 7.02900372 	 0.24503884 	 1.23840526
2470 	 0.00000000 	 0.00000000 	 66.94168422 	 4.35026169 	 0.66796321 	 0.00000000 	 0.00000000 	 0.00000000 	 0.00000000 	 0.00000000 	 0.00000000 	 0.00000000 	 0.00000000 	 0.00000000 	 0.00000000 	 0.00000000 	 0.00000000 	 0.00000000 	 0.00000000 	 0.00000000 	 0.00000000 	 0.00000000 	 0.00000000 	 0.00000000 	 0.00000000 	 0.00000000 	 0.00000000 	 0.00000000 	 0.00000000 	 0.00000000 	 0.00000000 	 0.00000000 	 5.42133527 	 202.02003340 	 38.91168523 	 47.98370087 	 0.87148765 	 7.02900372 	 0.24503884 	 1.23840526
2471 	 0.00000000 	 0.00000000 	 66.94168422 	 4.35026169 	 0.66796321 	 0.00000000 	 0.00000000 	 0.00000000 	 0.00000000 	 0.00000000 	 0.00000000 	 0.00000000 	 0.00000000 	 0.00000000 	 0.00000000 	 0.00000000 	 0.00000000 	 0.00000000 	 0.00000000 	 0.00000000 	 0.00000000 	 0.00000000 	 0.00000000 	 0.00000000 	 0.00000000 	 0.00000000 	 0.00000000 	 0.00000000 	 0.00000000 	 0.00000000 	 0.00000000 	 0.00000000 	 5.42133527 	 202.02003340 	 38.91168523 	 47.98370087 	 0.87148765 	 7.02900372 	 0.24503884 	 1.23840526
2472 	 0.00000000 	 0.00000000 	 66.94168422 	 4.35026169 	 0.66796321 	 0.00000000 	 0.00000000 	 0.00000000 	 0.00000000 	 0.00000000 	 0.00000000 	 0.00000000 	 0.00000000 	 0.00000000 	 0.00000000 	 0.00000000 	 0.00000000 	 0.00000000 	 0.00000000 	 0.00000000 	 0.00000000 	 0.00000000 	 0.00000000 	 0.00000000 	 0.00000000 	 0.00000000 	 0.00000000 	 0.00000000 	 0.00000000 	 0.00000000 	 0.00000000 	 0.00000000 	 5.42133527 	 202.02003340 	 38.91168523 	 47.98370087 	 0.87148765 	 7.02900372 	 0.24503884 	 1.23840526
2473 	 0.00000000 	 0.00000000 	 66.94168422 	 4.35026169 	 0.66796321 	 0.00000000 	 0.00000000 	 0.00000000 	 0.00000000 	 0.00000000 	 0.00000000 	 0.00000000 	 0.00000000 	 0.00000000 	 0.00000000 	 0.00000000 	 0.00000000 	 0.00000000 	 0.00000000 	 0.00000000 	 0.00000000 	 0.00000000 	 0.00000000 	 0.00000000 	 0.00000000 	 0.00000000 	 0.00000000 	 0.00000000 	 0.00000000 	 0.00000000 	 0.00000000 	 0.00000000 	 5.42133527 	 202.02003340 	 38.91168523 	 47.98370087 	 0.87148765 	 7.02900372 	 0.24503884 	 1.23840526
2474 	 0.00000000 	 0.00000000 	 66.94168422 	 4.35026169 	 0.66796321 	 0.00000000 	 0.00000000 	 0.00000000 	 0.00000000 	 0.00000000 	 0.00000000 	 0.00000000 	 0.00000000 	 0.00000000 	 0.00000000 	 0.00000000 	 0.00000000 	 0.00000000 	 0.00000000 	 0.00000000 	 0.00000000 	 0.00000000 	 0.00000000 	 0.00000000 	 0.00000000 	 0.00000000 	 0.00000000 	 0.00000000 	 0.00000000 	 0.00000000 	 0.00000000 	 0.00000000 	 5.42133527 	 202.02003340 	 38.91168523 	 47.98370087 	 0.87148765 	 7.02900372 	 0.24503884 	 1.23840526
2475 	 0.00000000 	 0.00000000 	 66.94168422 	 4.35026169 	 0.66796321 	 0.00000000 	 0.00000000 	 0.00000000 	 0.00000000 	 0.00000000 	 0.00000000 	 0.00000000 	 0.00000000 	 0.00000000 	 0.00000000 	 0.00000000 	 0.00000000 	 0.00000000 	 0.00000000 	 0.00000000 	 0.00000000 	 0.00000000 	 0.00000000 	 0.00000000 	 0.00000000 	 0.00000000 	 0.00000000 	 0.00000000 	 0.00000000 	 0.00000000 	 0.00000000 	 0.00000000 	 5.42133527 	 202.02003340 	 38.91168523 	 47.98370087 	 0.87148765 	 7.02900372 	 0.24503884 	 1.23840526
2476 	 0.00000000 	 0.00000000 	 66.94168422 	 4.35026169 	 0.66796321 	 0.00000000 	 0.00000000 	 0.00000000 	 0.00000000 	 0.00000000 	 0.00000000 	 0.00000000 	 0.00000000 	 0.00000000 	 0.00000000 	 0.00000000 	 0.00000000 	 0.00000000 	 0.00000000 	 0.00000000 	 0.00000000 	 0.00000000 	 0.00000000 	 0.00000000 	 0.00000000 	 0.00000000 	 0.00000000 	 0.00000000 	 0.00000000 	 0.00000000 	 0.00000000 	 0.00000000 	 5.42133527 	 202.02003340 	 38.91168523 	 47.98370087 	 0.87148765 	 7.02900372 	 0.24503884 	 1.23840526
2477 	 0.00000000 	 0.00000000 	 66.94168422 	 4.35026169 	 0.66796321 	 0.00000000 	 0.00000000 	 0.00000000 	 0.00000000 	 0.00000000 	 0.00000000 	 0.00000000 	 0.00000000 	 0.00000000 	 0.00000000 	 0.00000000 	 0.00000000 	 0.00000000 	 0.00000000 	 0.00000000 	 0.00000000 	 0.00000000 	 0.00000000 	 0.00000000 	 0.00000000 	 0.00000000 	 0.00000000 	 0.00000000 	 0.00000000 	 0.00000000 	 0.00000000 	 0.00000000 	 5.42133527 	 202.02003340 	 38.91168523 	 47.98370087 	 0.87148765 	 7.02900372 	 0.24503884 	 1.23840526
2478 	 0.00000000 	 0.00000000 	 66.94168422 	 4.35026169 	 0.66796321 	 0.00000000 	 0.00000000 	 0.00000000 	 0.00000000 	 0.00000000 	 0.00000000 	 0.00000000 	 0.00000000 	 0.00000000 	 0.00000000 	 0.00000000 	 0.00000000 	 0.00000000 	 0.00000000 	 0.00000000 	 0.00000000 	 0.00000000 	 0.00000000 	 0.00000000 	 0.00000000 	 0.00000000 	 0.00000000 	 0.00000000 	 0.00000000 	 0.00000000 	 0.00000000 	 0.00000000 	 5.42133527 	 202.02003340 	 38.91168523 	 47.98370087 	 0.87148765 	 7.02900372 	 0.24503884 	 1.23840526
2479 	 0.00000000 	 0.00000000 	 66.94168422 	 4.35026169 	 0.66796321 	 0.00000000 	 0.00000000 	 0.00000000 	 0.00000000 	 0.00000000 	 0.00000000 	 0.00000000 	 0.00000000 	 0.00000000 	 0.00000000 	 0.00000000 	 0.00000000 	 0.00000000 	 0.00000000 	 0.00000000 	 0.00000000 	 0.00000000 	 0.00000000 	 0.00000000 	 0.00000000 	 0.00000000 	 0.00000000 	 0.00000000 	 0.00000000 	 0.00000000 	 0.00000000 	 0.00000000 	 5.42133527 	 202.02003340 	 38.91168523 	 47.98370087 	 0.87148765 	 7.02900372 	 0.24503884 	 1.23840526
2480 	 0.00000000 	 0.00000000 	 66.94168422 	 4.35026169 	 0.66796321 	 0.00000000 	 0.00000000 	 0.00000000 	 0.00000000 	 0.00000000 	 0.00000000 	 0.00000000 	 0.00000000 	 0.00000000 	 0.00000000 	 0.00000000 	 0.00000000 	 0.00000000 	 0.00000000 	 0.00000000 	 0.00000000 	 0.00000000 	 0.00000000 	 0.00000000 	 0.00000000 	 0.00000000 	 0.00000000 	 0.00000000 	 0.00000000 	 0.00000000 	 0.00000000 	 0.00000000 	 5.42133527 	 202.02003340 	 38.91168523 	 47.98370087 	 0.87148765 	 7.02900372 	 0.24503884 	 1.23840526
2481 	 0.00000000 	 0.00000000 	 66.94168422 	 4.35026169 	 0.66796321 	 0.00000000 	 0.00000000 	 0.00000000 	 0.00000000 	 0.00000000 	 0.00000000 	 0.00000000 	 0.00000000 	 0.00000000 	 0.00000000 	 0.00000000 	 0.00000000 	 0.00000000 	 0.00000000 	 0.00000000 	 0.00000000 	 0.00000000 	 0.00000000 	 0.00000000 	 0.00000000 	 0.00000000 	 0.00000000 	 0.00000000 	 0.00000000 	 0.00000000 	 0.00000000 	 0.00000000 	 5.42133527 	 202.02003340 	 38.91168523 	 47.98370087 	 0.87148765 	 7.02900372 	 0.24503884 	 1.23840526
2482 	 0.00000000 	 0.00000000 	 66.94168422 	 4.35026169 	 0.66796321 	 0.00000000 	 0.00000000 	 0.00000000 	 0.00000000 	 0.00000000 	 0.00000000 	 0.00000000 	 0.00000000 	 0.00000000 	 0.00000000 	 0.00000000 	 0.00000000 	 0.00000000 	 0.00000000 	 0.00000000 	 0.00000000 	 0.00000000 	 0.00000000 	 0.00000000 	 0.00000000 	 0.00000000 	 0.00000000 	 0.00000000 	 0.00000000 	 0.00000000 	 0.00000000 	 0.00000000 	 5.42133527 	 202.02003340 	 38.91168523 	 47.98370087 	 0.87148765 	 7.02900372 	 0.24503884 	 1.23840526
2483 	 0.00000000 	 0.00000000 	 66.94168422 	 4.35026169 	 0.66796321 	 0.00000000 	 0.00000000 	 0.00000000 	 0.00000000 	 0.00000000 	 0.00000000 	 0.00000000 	 0.00000000 	 0.00000000 	 0.00000000 	 0.00000000 	 0.00000000 	 0.00000000 	 0.00000000 	 0.00000000 	 0.00000000 	 0.00000000 	 0.00000000 	 0.00000000 	 0.00000000 	 0.00000000 	 0.00000000 	 0.00000000 	 0.00000000 	 0.00000000 	 0.00000000 	 0.00000000 	 5.42133527 	 202.02003340 	 38.91168523 	 47.98370087 	 0.87148765 	 7.02900372 	 0.24503884 	 1.23840526
2484 	 0.00000000 	 0.00000000 	 66.94168422 	 4.35026169 	 0.66796321 	 0.00000000 	 0.00000000 	 0.00000000 	 0.00000000 	 0.00000000 	 0.00000000 	 0.00000000 	 0.00000000 	 0.00000000 	 0.00000000 	 0.00000000 	 0.00000000 	 0.00000000 	 0.00000000 	 0.00000000 	 0.00000000 	 0.00000000 	 0.00000000 	 0.00000000 	 0.00000000 	 0.00000000 	 0.00000000 	 0.00000000 	 0.00000000 	 0.00000000 	 0.00000000 	 0.00000000 	 5.42133527 	 202.02003340 	 38.91168523 	 47.98370087 	 0.87148765 	 7.02900372 	 0.24503884 	 1.23840526
2485 	 0.00000000 	 0.00000000 	 66.94168422 	 4.35026169 	 0.66796321 	 0.00000000 	 0.00000000 	 0.00000000 	 0.00000000 	 0.00000000 	 0.00000000 	 0.00000000 	 0.00000000 	 0.00000000 	 0.00000000 	 0.00000000 	 0.00000000 	 0.00000000 	 0.00000000 	 0.00000000 	 0.00000000 	 0.00000000 	 0.00000000 	 0.00000000 	 0.00000000 	 0.00000000 	 0.00000000 	 0.00000000 	 0.00000000 	 0.00000000 	 0.00000000 	 0.00000000 	 5.42133527 	 202.02003340 	 38.91168523 	 47.98370087 	 0.87148765 	 7.02900372 	 0.24503884 	 1.23840526
2486 	 0.00000000 	 0.00000000 	 66.94168422 	 4.35026169 	 0.66796321 	 0.00000000 	 0.00000000 	 0.00000000 	 0.00000000 	 0.00000000 	 0.00000000 	 0.00000000 	 0.00000000 	 0.00000000 	 0.00000000 	 0.00000000 	 0.00000000 	 0.00000000 	 0.00000000 	 0.00000000 	 0.00000000 	 0.00000000 	 0.00000000 	 0.00000000 	 0.00000000 	 0.00000000 	 0.00000000 	 0.00000000 	 0.00000000 	 0.00000000 	 0.00000000 	 0.00000000 	 5.42133527 	 202.02003340 	 38.91168523 	 47.98370087 	 0.87148765 	 7.02900372 	 0.24503884 	 1.23840526
2487 	 0.00000000 	 0.00000000 	 66.94168422 	 4.35026169 	 0.66796321 	 0.00000000 	 0.00000000 	 0.00000000 	 0.00000000 	 0.00000000 	 0.00000000 	 0.00000000 	 0.00000000 	 0.00000000 	 0.00000000 	 0.00000000 	 0.00000000 	 0.00000000 	 0.00000000 	 0.00000000 	 0.00000000 	 0.00000000 	 0.00000000 	 0.00000000 	 0.00000000 	 0.00000000 	 0.00000000 	 0.00000000 	 0.00000000 	 0.00000000 	 0.00000000 	 0.00000000 	 5.42133527 	 202.02003340 	 38.91168523 	 47.98370087 	 0.87148765 	 7.02900372 	 0.24503884 	 1.23840526
2488 	 0.00000000 	 0.00000000 	 66.94168422 	 4.35026169 	 0.66796321 	 0.00000000 	 0.00000000 	 0.00000000 	 0.00000000 	 0.00000000 	 0.00000000 	 0.00000000 	 0.00000000 	 0.00000000 	 0.00000000 	 0.00000000 	 0.00000000 	 0.00000000 	 0.00000000 	 0.00000000 	 0.00000000 	 0.00000000 	 0.00000000 	 0.00000000 	 0.00000000 	 0.00000000 	 0.00000000 	 0.00000000 	 0.00000000 	 0.00000000 	 0.00000000 	 0.00000000 	 5.42133527 	 202.02003340 	 38.91168523 	 47.98370087 	 0.87148765 	 7.02900372 	 0.24503884 	 1.23840526
2489 	 0.00000000 	 0.00000000 	 66.94168422 	 4.35026169 	 0.66796321 	 0.00000000 	 0.00000000 	 0.00000000 	 0.00000000 	 0.00000000 	 0.00000000 	 0.00000000 	 0.00000000 	 0.00000000 	 0.00000000 	 0.00000000 	 0.00000000 	 0.00000000 	 0.00000000 	 0.00000000 	 0.00000000 	 0.00000000 	 0.00000000 	 0.00000000 	 0.00000000 	 0.00000000 	 0.00000000 	 0.00000000 	 0.00000000 	 0.00000000 	 0.00000000 	 0.00000000 	 5.42133527 	 202.02003340 	 38.91168523 	 47.98370087 	 0.87148765 	 7.02900372 	 0.24503884 	 1.23840526
2490 	 0.00000000 	 0.00000000 	 66.94168422 	 4.35026169 	 0.66796321 	 0.00000000 	 0.00000000 	 0.00000000 	 0.00000000 	 0.00000000 	 0.00000000 	 0.00000000 	 0.00000000 	 0.00000000 	 0.00000000 	 0.00000000 	 0.00000000 	 0.00000000 	 0.00000000 	 0.00000000 	 0.00000000 	 0.00000000 	 0.00000000 	 0.00000000 	 0.00000000 	 0.00000000 	 0.00000000 	 0.00000000 	 0.00000000 	 0.00000000 	 0.00000000 	 0.00000000 	 5.42133527 	 202.02003340 	 38.91168523 	 47.98370087 	 0.87148765 	 7.02900372 	 0.24503884 	 1.23840526
2491 	 0.00000000 	 0.00000000 	 66.94168422 	 4.35026169 	 0.66796321 	 0.00000000 	 0.00000000 	 0.00000000 	 0.00000000 	 0.00000000 	 0.00000000 	 0.00000000 	 0.00000000 	 0.00000000 	 0.00000000 	 0.00000000 	 0.00000000 	 0.00000000 	 0.00000000 	 0.00000000 	 0.00000000 	 0.00000000 	 0.00000000 	 0.00000000 	 0.00000000 	 0.00000000 	 0.00000000 	 0.00000000 	 0.00000000 	 0.00000000 	 0.00000000 	 0.00000000 	 5.42133527 	 202.02003340 	 38.91168523 	 47.98370087 	 0.87148765 	 7.02900372 	 0.24503884 	 1.23840526
2492 	 0.00000000 	 0.00000000 	 66.94168422 	 4.35026169 	 0.66796321 	 0.00000000 	 0.00000000 	 0.00000000 	 0.00000000 	 0.00000000 	 0.00000000 	 0.00000000 	 0.00000000 	 0.00000000 	 0.00000000 	 0.00000000 	 0.00000000 	 0.00000000 	 0.00000000 	 0.00000000 	 0.00000000 	 0.00000000 	 0.00000000 	 0.00000000 	 0.00000000 	 0.00000000 	 0.00000000 	 0.00000000 	 0.00000000 	 0.00000000 	 0.00000000 	 0.00000000 	 5.42133527 	 202.02003340 	 38.91168523 	 47.98370087 	 0.87148765 	 7.02900372 	 0.24503884 	 1.23840526
2493 	 0.00000000 	 0.00000000 	 66.94168422 	 4.35026169 	 0.66796321 	 0.00000000 	 0.00000000 	 0.00000000 	 0.00000000 	 0.00000000 	 0.00000000 	 0.00000000 	 0.00000000 	 0.00000000 	 0.00000000 	 0.00000000 	 0.00000000 	 0.00000000 	 0.00000000 	 0.00000000 	 0.00000000 	 0.00000000 	 0.00000000 	 0.00000000 	 0.00000000 	 0.00000000 	 0.00000000 	 0.00000000 	 0.00000000 	 0.00000000 	 0.00000000 	 0.00000000 	 5.42133527 	 202.02003340 	 38.91168523 	 47.98370087 	 0.87148765 	 7.02900372 	 0.24503884 	 1.23840526
2494 	 0.00000000 	 0.00000000 	 66.94168422 	 4.35026169 	 0.66796321 	 0.00000000 	 0.00000000 	 0.00000000 	 0.00000000 	 0.00000000 	 0.00000000 	 0.00000000 	 0.00000000 	 0.00000000 	 0.00000000 	 0.00000000 	 0.00000000 	 0.00000000 	 0.00000000 	 0.00000000 	 0.00000000 	 0.00000000 	 0.00000000 	 0.00000000 	 0.00000000 	 0.00000000 	 0.00000000 	 0.00000000 	 0.00000000 	 0.00000000 	 0.00000000 	 0.00000000 	 5.42133527 	 202.02003340 	 38.91168523 	 47.98370087 	 0.87148765 	 7.02900372 	 0.24503884 	 1.23840526
2495 	 0.00000000 	 0.00000000 	 66.94168422 	 4.35026169 	 0.66796321 	 0.00000000 	 0.00000000 	 0.00000000 	 0.00000000 	 0.00000000 	 0.00000000 	 0.00000000 	 0.00000000 	 0.00000000 	 0.00000000 	 0.00000000 	 0.00000000 	 0.00000000 	 0.00000000 	 0.00000000 	 0.00000000 	 0.00000000 	 0.00000000 	 0.00000000 	 0.00000000 	 0.00000000 	 0.00000000 	 0.00000000 	 0.00000000 	 0.00000000 	 0.00000000 	 0.00000000 	 5.42133527 	 202.02003340 	 38.91168523 	 47.98370087 	 0.87148765 	 7.02900372 	 0.24503884 	 1.23840526
2496 	 0.00000000 	 0.00000000 	 66.94168422 	 4.35026169 	 0.66796321 	 0.00000000 	 0.00000000 	 0.00000000 	 0.00000000 	 0.00000000 	 0.00000000 	 0.00000000 	 0.00000000 	 0.00000000 	 0.00000000 	 0.00000000 	 0.00000000 	 0.00000000 	 0.00000000 	 0.00000000 	 0.00000000 	 0.00000000 	 0.00000000 	 0.00000000 	 0.00000000 	 0.00000000 	 0.00000000 	 0.00000000 	 0.00000000 	 0.00000000 	 0.00000000 	 0.00000000 	 5.42133527 	 202.02003340 	 38.91168523 	 47.98370087 	 0.87148765 	 7.02900372 	 0.24503884 	 1.23840526
2497 	 0.00000000 	 0.00000000 	 66.94168422 	 4.35026169 	 0.66796321 	 0.00000000 	 0.00000000 	 0.00000000 	 0.00000000 	 0.00000000 	 0.00000000 	 0.00000000 	 0.00000000 	 0.00000000 	 0.00000000 	 0.00000000 	 0.00000000 	 0.00000000 	 0.00000000 	 0.00000000 	 0.00000000 	 0.00000000 	 0.00000000 	 0.00000000 	 0.00000000 	 0.00000000 	 0.00000000 	 0.00000000 	 0.00000000 	 0.00000000 	 0.00000000 	 0.00000000 	 5.42133527 	 202.02003340 	 38.91168523 	 47.98370087 	 0.87148765 	 7.02900372 	 0.24503884 	 1.23840526
2498 	 0.00000000 	 0.00000000 	 66.94168422 	 4.35026169 	 0.66796321 	 0.00000000 	 0.00000000 	 0.00000000 	 0.00000000 	 0.00000000 	 0.00000000 	 0.00000000 	 0.00000000 	 0.00000000 	 0.00000000 	 0.00000000 	 0.00000000 	 0.00000000 	 0.00000000 	 0.00000000 	 0.00000000 	 0.00000000 	 0.00000000 	 0.00000000 	 0.00000000 	 0.00000000 	 0.00000000 	 0.00000000 	 0.00000000 	 0.00000000 	 0.00000000 	 0.00000000 	 5.42133527 	 202.02003340 	 38.91168523 	 47.98370087 	 0.87148765 	 7.02900372 	 0.24503884 	 1.23840526
2499 	 0.00000000 	 0.00000000 	 66.94168422 	 4.35026169 	 0.66796321 	 0.00000000 	 0.00000000 	 0.00000000 	 0.00000000 	 0.00000000 	 0.00000000 	 0.00000000 	 0.00000000 	 0.00000000 	 0.00000000 	 0.00000000 	 0.00000000 	 0.00000000 	 0.00000000 	 0.00000000 	 0.00000000 	 0.00000000 	 0.00000000 	 0.00000000 	 0.00000000 	 0.00000000 	 0.00000000 	 0.00000000 	 0.00000000 	 0.00000000 	 0.00000000 	 0.00000000 	 5.42133527 	 202.02003340 	 38.91168523 	 47.98370087 	 0.87148765 	 7.02900372 	 0.24503884 	 1.23840526
2500 	 0.00000000 	 0.00000000 	 66.94168422 	 4.35026169 	 0.66796321 	 0.00000000 	 0.00000000 	 0.00000000 	 0.00000000 	 0.00000000 	 0.00000000 	 0.00000000 	 0.00000000 	 0.00000000 	 0.00000000 	 0.00000000 	 0.00000000 	 0.00000000 	 0.00000000 	 0.00000000 	 0.00000000 	 0.00000000 	 0.00000000 	 0.00000000 	 0.00000000 	 0.00000000 	 0.00000000 	 0.00000000 	 0.00000000 	 0.00000000 	 0.00000000 	 0.00000000 	 5.42133527 	 202.02003340 	 38.91168523 	 47.98370087 	 0.87148765 	 7.02900372 	 0.24503884 	 1.23840526
