Component 	 CO2 	 CO2 	 CH4	N2O	SO2	CFC-11	CFC-12	CFC-113	CFC-114	CFC-115	CH3Br	CCl4	CH3CCl3	HCFC-22	HCFC-141b	HCFC-123	HCFC-142b	H-1211	H-1301	H-2402	HFC125	HFC134a	HFC143a	HFC227ea	HFC23	HFC245fa	HFC32	HFC4310mee	C2F6	C6F14	CF4	SF6	NOx	CO	NMVOC	NH3	BMB_AEROS_BC	BMB_AEROS_OC	BC	OC 
Unit 	 Pg_C	Pg_C	Tg	Tg_N	Tg_S	Gg	Gg	Gg	Gg	Gg	Gg	Gg	Gg	Gg	Gg	Gg	Gg	Gg	Gg	Gg	Gg	Gg	Gg	Gg	Gg	Gg	Gg	Gg	Gg	Gg	Gg	Gg	Mt_N	Mt	Mt	Mt	Tg	Tg	Tg	Tg
Description 	 fossil_fuel 	 landuse 	 total	 total	 total	 total	 total	 total	 total	 total	 total	 total	 total	 total	 total	 total	 total	 total	 total	 total	 total	 total	 total	 total	 total	 total	 total	 total	 total	 total	 total	 total	 total	 total	 total	 total	 total	 total	 total	 total
Reference	ssp370-lowNTCF	ssp370-lowNTCF	ssp370-lowNTCF	ssp370-lowNTCF	ssp370-lowNTCF	ssp370-lowNTCF	ssp370-lowNTCF	ssp370-lowNTCF	ssp370-lowNTCF	ssp370-lowNTCF	ssp370-lowNTCF	ssp370-lowNTCF	ssp370-lowNTCF	ssp370-lowNTCF	ssp370-lowNTCF	No data	ssp370-lowNTCF	ssp370-lowNTCF	ssp370-lowNTCF	ssp370-lowNTCF	ssp370-lowNTCF	ssp370-lowNTCF	ssp370-lowNTCF	ssp370-lowNTCF	ssp370-lowNTCF	ssp370-lowNTCF	ssp370-lowNTCF	ssp370-lowNTCF	ssp370-lowNTCF	ssp370-lowNTCF	ssp370-lowNTCF	ssp370-lowNTCF	ssp370-lowNTCF	ssp370-lowNTCF	ssp370-lowNTCF	ssp370-lowNTCF	ssp370-lowNTCF	ssp370-lowNTCF	ssp370-lowNTCF	ssp370-lowNTCF
1750 	 0.00259244 	 0.08112671 	 19.01978312 	 0.05471019 	 1.22246427 	 0.00000000 	 0.00000000 	 0.00000000 	 0.00000000 	 0.00000000 	 105.08773000 	 0.02485686 	 0.00000000 	 0.00000000 	 0.00000000 	 0.00000000 	 0.00000000 	 0.00772327 	 0.00000000 	 0.00000000 	 0.00000000 	 0.00000000 	 0.00000000 	 0.00000000 	 0.00000000 	 0.00000000 	 0.00000000 	 0.00000000 	 0.00000000 	 0.00000000 	 0.01007122 	 0.00000000 	 3.87150443 	 348.52735878 	 60.02182622 	 6.92769009 	 1.35325036 	 12.52026941 	 0.74452040 	 2.92739873
1751 	 0.00259254 	 0.08261921 	 18.91510887 	 0.05574379 	 1.20659795 	 0.00000000 	 0.00000000 	 0.00000000 	 0.00000000 	 0.00000000 	 105.10720000 	 0.02485686 	 0.00000000 	 0.00000000 	 0.00000000 	 0.00000000 	 0.00000000 	 0.00772327 	 0.00000000 	 0.00000000 	 0.00000000 	 0.00000000 	 0.00000000 	 0.00000000 	 0.00000000 	 0.00000000 	 0.00000000 	 0.00000000 	 0.00000000 	 0.00000000 	 0.01007122 	 0.00000000 	 3.82806018 	 343.92636725 	 59.08812628 	 6.86014218 	 1.33527377 	 12.27927966 	 0.73765215 	 2.90943708
1752 	 0.00259364 	 0.08413916 	 18.88971181 	 0.05679691 	 1.20095514 	 0.00000000 	 0.00000000 	 0.00000000 	 0.00000000 	 0.00000000 	 105.12502000 	 0.02485686 	 0.00000000 	 0.00000000 	 0.00000000 	 0.00000000 	 0.00000000 	 0.00772327 	 0.00000000 	 0.00000000 	 0.00000000 	 0.00000000 	 0.00000000 	 0.00000000 	 0.00000000 	 0.00000000 	 0.00000000 	 0.00000000 	 0.00000000 	 0.00000000 	 0.01007122 	 0.00000000 	 3.82865821 	 341.80903390 	 58.63199703 	 6.81948204 	 1.32661698 	 12.12181632 	 0.73769495 	 2.91265942
1753 	 0.00259373 	 0.08568708 	 19.12137723 	 0.05786994 	 1.20775738 	 0.00000000 	 0.00000000 	 0.00000000 	 0.00000000 	 0.00000000 	 105.10373000 	 0.02485686 	 0.00000000 	 0.00000000 	 0.00000000 	 0.00000000 	 0.00000000 	 0.00772327 	 0.00000000 	 0.00000000 	 0.00000000 	 0.00000000 	 0.00000000 	 0.00000000 	 0.00000000 	 0.00000000 	 0.00000000 	 0.00000000 	 0.00000000 	 0.00000000 	 0.01007122 	 0.00000000 	 3.81210538 	 343.67545621 	 59.02634940 	 6.88143853 	 1.32856000 	 12.24933018 	 0.74339057 	 2.93321497
1754 	 0.00259483 	 0.08726348 	 19.50906107 	 0.05896323 	 1.23349469 	 0.00000000 	 0.00000000 	 0.00000000 	 0.00000000 	 0.00000000 	 105.07356000 	 0.02485686 	 0.00000000 	 0.00000000 	 0.00000000 	 0.00000000 	 0.00000000 	 0.00772327 	 0.00000000 	 0.00000000 	 0.00000000 	 0.00000000 	 0.00000000 	 0.00000000 	 0.00000000 	 0.00000000 	 0.00000000 	 0.00000000 	 0.00000000 	 0.00000000 	 0.01007122 	 0.00000000 	 3.84159838 	 349.81562520 	 60.26994517 	 7.01518922 	 1.34655344 	 12.59363457 	 0.75279634 	 2.96513848
1755 	 0.00259593 	 0.08886887 	 19.50045493 	 0.06007718 	 1.22361993 	 0.00000000 	 0.00000000 	 0.00000000 	 0.00000000 	 0.00000000 	 105.09182000 	 0.02485686 	 0.00000000 	 0.00000000 	 0.00000000 	 0.00000000 	 0.00000000 	 0.00772327 	 0.00000000 	 0.00000000 	 0.00000000 	 0.00000000 	 0.00000000 	 0.00000000 	 0.00000000 	 0.00000000 	 0.00000000 	 0.00000000 	 0.00000000 	 0.00000000 	 0.01007122 	 0.00000000 	 3.88086134 	 348.14466796 	 59.82493372 	 6.94398904 	 1.34987392 	 12.40069534 	 0.74929925 	 2.95748719
1756 	 0.00277341 	 0.09050381 	 19.46253660 	 0.06121217 	 1.21201135 	 0.00000000 	 0.00000000 	 0.00000000 	 0.00000000 	 0.00000000 	 105.08556000 	 0.02485686 	 0.00000000 	 0.00000000 	 0.00000000 	 0.00000000 	 0.00000000 	 0.00772327 	 0.00000000 	 0.00000000 	 0.00000000 	 0.00000000 	 0.00000000 	 0.00000000 	 0.00000000 	 0.00000000 	 0.00000000 	 0.00000000 	 0.00000000 	 0.00000000 	 0.01007122 	 0.00000000 	 3.77451343 	 343.32315168 	 58.94682931 	 6.92271156 	 1.31826105 	 12.23174852 	 0.75065436 	 2.96402811
1757 	 0.00277451 	 0.09216882 	 20.02354066 	 0.06236861 	 1.25623981 	 0.00000000 	 0.00000000 	 0.00000000 	 0.00000000 	 0.00000000 	 105.09137000 	 0.02485686 	 0.00000000 	 0.00000000 	 0.00000000 	 0.00000000 	 0.00000000 	 0.00772327 	 0.00000000 	 0.00000000 	 0.00000000 	 0.00000000 	 0.00000000 	 0.00000000 	 0.00000000 	 0.00000000 	 0.00000000 	 0.00000000 	 0.00000000 	 0.00000000 	 0.01007122 	 0.00000000 	 3.99247815 	 355.94189226 	 61.26369300 	 7.04767413 	 1.38485797 	 12.69966835 	 0.76306571 	 3.00515077
1758 	 0.00277561 	 0.09386446 	 19.93400533 	 0.06354689 	 1.24235166 	 0.00000000 	 0.00000000 	 0.00000000 	 0.00000000 	 0.00000000 	 105.09662000 	 0.02485686 	 0.00000000 	 0.00000000 	 0.00000000 	 0.00000000 	 0.00000000 	 0.00772327 	 0.00000000 	 0.00000000 	 0.00000000 	 0.00000000 	 0.00000000 	 0.00000000 	 0.00000000 	 0.00000000 	 0.00000000 	 0.00000000 	 0.00000000 	 0.00000000 	 0.01007122 	 0.00000000 	 3.94572098 	 351.83974905 	 60.43461244 	 6.99545977 	 1.37003231 	 12.54469792 	 0.75057910 	 2.96991371
1759 	 0.00277671 	 0.09559129 	 20.14146621 	 0.06474744 	 1.23923755 	 0.00000000 	 0.00000000 	 0.00000000 	 0.00000000 	 0.00000000 	 105.08372000 	 0.02485686 	 0.00000000 	 0.00000000 	 0.00000000 	 0.00000000 	 0.00000000 	 0.00772327 	 0.00000000 	 0.00000000 	 0.00000000 	 0.00000000 	 0.00000000 	 0.00000000 	 0.00000000 	 0.00000000 	 0.00000000 	 0.00000000 	 0.00000000 	 0.00000000 	 0.01007122 	 0.00000000 	 3.87677401 	 351.50776273 	 60.44526305 	 7.04595833 	 1.35645251 	 12.56966069 	 0.76081492 	 3.00435280
1760 	 0.00277681 	 0.09734990 	 20.41679714 	 0.06597066 	 1.25137034 	 0.00000000 	 0.00000000 	 0.00000000 	 0.00000000 	 0.00000000 	 105.04022000 	 0.02485686 	 0.00000000 	 0.00000000 	 0.00000000 	 0.00000000 	 0.00000000 	 0.00772327 	 0.00000000 	 0.00000000 	 0.00000000 	 0.00000000 	 0.00000000 	 0.00000000 	 0.00000000 	 0.00000000 	 0.00000000 	 0.00000000 	 0.00000000 	 0.00000000 	 0.01007122 	 0.00000000 	 3.86465960 	 354.41828531 	 61.05172479 	 7.12804829 	 1.36281615 	 12.79886668 	 0.76498795 	 3.02019725
1761 	 0.00303996 	 0.09914085 	 20.45599017 	 0.06721700 	 1.25710006 	 0.00000000 	 0.00000000 	 0.00000000 	 0.00000000 	 0.00000000 	 105.09143000 	 0.02485686 	 0.00000000 	 0.00000000 	 0.00000000 	 0.00000000 	 0.00000000 	 0.00772327 	 0.00000000 	 0.00000000 	 0.00000000 	 0.00000000 	 0.00000000 	 0.00000000 	 0.00000000 	 0.00000000 	 0.00000000 	 0.00000000 	 0.00000000 	 0.00000000 	 0.01007122 	 0.00000000 	 3.94190290 	 354.70796792 	 60.98422720 	 7.08096981 	 1.37301465 	 12.66996491 	 0.76474234 	 3.02195097
1762 	 0.00304106 	 0.10096476 	 20.45168738 	 0.06848688 	 1.23571857 	 0.00000000 	 0.00000000 	 0.00000000 	 0.00000000 	 0.00000000 	 105.08127000 	 0.02485686 	 0.00000000 	 0.00000000 	 0.00000000 	 0.00000000 	 0.00000000 	 0.00772327 	 0.00000000 	 0.00000000 	 0.00000000 	 0.00000000 	 0.00000000 	 0.00000008 	 0.00000000 	 0.00000000 	 0.00000151 	 0.00000000 	 0.00000000 	 0.00000000 	 0.01007122 	 0.00000000 	 3.79993594 	 349.24969723 	 60.02708933 	 7.07254734 	 1.33465816 	 12.49327134 	 0.76708995 	 3.03266397
1763 	 0.00304217 	 0.10282222 	 20.54517934 	 0.06978075 	 1.24297708 	 0.00000000 	 0.00000000 	 0.00000000 	 0.00000000 	 0.00000000 	 105.09332000 	 0.02485686 	 0.00000000 	 0.00000000 	 0.00000000 	 0.00000000 	 0.00000000 	 0.00772327 	 0.00000000 	 0.00000000 	 0.00000000 	 0.00000000 	 0.00000000 	 0.00000067 	 0.00000000 	 0.00000000 	 0.00001237 	 0.00000000 	 0.00000000 	 0.00000000 	 0.01007122 	 0.00000000 	 3.84041824 	 350.05933492 	 60.12706627 	 7.06798258 	 1.34176070 	 12.49617538 	 0.76526906 	 3.03058711
1764 	 0.00304328 	 0.10471385 	 20.26091721 	 0.07109907 	 1.21335583 	 0.00000000 	 0.00000000 	 0.00000000 	 0.00000000 	 0.00000000 	 105.11040000 	 0.02485686 	 0.00000000 	 0.00000000 	 0.00000000 	 0.00000000 	 0.00000000 	 0.00772327 	 0.00000000 	 0.00000000 	 0.00000000 	 0.00000000 	 0.00000000 	 0.00000127 	 0.00000000 	 0.00000000 	 0.00002500 	 0.00000000 	 0.00000000 	 0.00000000 	 0.01007122 	 0.00000000 	 3.82329772 	 342.04461066 	 58.43835717 	 6.89874574 	 1.31841164 	 11.96181430 	 0.75313758 	 2.99688468
1765 	 0.00304438 	 0.10664029 	 20.91915500 	 0.07244229 	 1.25127459 	 0.00000000 	 0.00000000 	 0.00000000 	 0.00000000 	 0.00000000 	 105.07293000 	 0.02485686 	 0.00000000 	 0.00000000 	 0.00000000 	 0.00000000 	 0.00000000 	 0.00772327 	 0.00000000 	 0.00000000 	 0.00000000 	 0.00000000 	 0.00000000 	 0.00000139 	 0.00000000 	 0.00000000 	 0.00003031 	 0.00000000 	 0.00000000 	 0.00000000 	 0.01007122 	 0.00000000 	 3.87237634 	 352.93272577 	 60.62945786 	 7.11238233 	 1.35716719 	 12.63877301 	 0.76643284 	 3.04115110
1766 	 0.00339421 	 0.10860216 	 20.85359190 	 0.07381089 	 1.24468857 	 0.00000000 	 0.00000000 	 0.00000000 	 0.00000000 	 0.00000000 	 105.07758000 	 0.02485686 	 0.00000000 	 0.00000000 	 0.00000000 	 0.00000000 	 0.00000000 	 0.00772327 	 0.00000000 	 0.00000000 	 0.00000000 	 0.00000000 	 0.00000000 	 0.00000142 	 0.00000000 	 0.00000000 	 0.00003437 	 0.00000000 	 0.00000000 	 0.00000000 	 0.01007122 	 0.00000000 	 3.87906403 	 349.38064500 	 59.85878463 	 7.03629653 	 1.34498311 	 12.31847179 	 0.76547686 	 3.04035903
1767 	 0.00339532 	 0.11060013 	 20.99917946 	 0.07520534 	 1.24385418 	 0.00000000 	 0.00000000 	 0.00000000 	 0.00000000 	 0.00000000 	 105.08566000 	 0.02485686 	 0.00000000 	 0.00000000 	 0.00000000 	 0.00000000 	 0.00000000 	 0.00772327 	 0.00000000 	 0.00000000 	 0.00000000 	 0.00000000 	 0.00000000 	 0.00000146 	 0.00000000 	 0.00000000 	 0.00003843 	 0.00000000 	 0.00000000 	 0.00000000 	 0.01007122 	 0.00000000 	 3.87469400 	 349.61609900 	 59.89102690 	 7.04538243 	 1.34524008 	 12.35137655 	 0.76722062 	 3.04918795
1768 	 0.00339642 	 0.11263485 	 21.65945211 	 0.07662614 	 1.29527413 	 0.00000000 	 0.00000000 	 0.00000000 	 0.00000000 	 0.00000000 	 105.04673000 	 0.02485686 	 0.00000000 	 0.00000000 	 0.00000000 	 0.00000000 	 0.00000000 	 0.00772327 	 0.00000000 	 0.00000000 	 0.00000000 	 0.00000000 	 0.00000000 	 0.00000149 	 0.00000000 	 0.00000000 	 0.00004247 	 0.00000000 	 0.00000000 	 0.00000000 	 0.01007122 	 0.00000000 	 4.03298658 	 362.65368483 	 62.36582555 	 7.22361782 	 1.40901338 	 12.98991329 	 0.77411866 	 3.07381691
1769 	 0.00339753 	 0.11470701 	 21.49633535 	 0.07807378 	 1.27392155 	 0.00000000 	 0.00000000 	 0.00000000 	 0.00000000 	 0.00000000 	 105.07670000 	 0.02485686 	 0.00000000 	 0.00000000 	 0.00000000 	 0.00000000 	 0.00000000 	 0.00772327 	 0.00000000 	 0.00000000 	 0.00000000 	 0.00000000 	 0.00000000 	 0.00000153 	 0.00000000 	 0.00000000 	 0.00004654 	 0.00000000 	 0.00000000 	 0.00000000 	 0.01007122 	 0.00000000 	 3.90878664 	 355.02541845 	 60.95040361 	 7.15786370 	 1.36313658 	 12.65664863 	 0.77449716 	 3.07844616
1770 	 0.00339864 	 0.11681729 	 21.63439757 	 0.07954877 	 1.27805335 	 0.00000000 	 0.00000000 	 0.00000000 	 0.00000000 	 0.00000000 	 105.04544000 	 0.02485686 	 0.00000000 	 0.00000000 	 0.00000000 	 0.00000000 	 0.00000000 	 0.00772327 	 0.00000000 	 0.00000000 	 0.00000000 	 0.00000000 	 0.00000000 	 0.00000157 	 0.00000000 	 0.00000000 	 0.00005058 	 0.00000000 	 0.00000000 	 0.00000000 	 0.01007122 	 0.00000000 	 3.92127114 	 355.36054756 	 60.96602721 	 7.15597828 	 1.36957723 	 12.67524978 	 0.76978751 	 3.06746531
1771 	 0.00376661 	 0.11896639 	 21.42892110 	 0.08105163 	 1.23066858 	 0.00000000 	 0.00000000 	 0.00000000 	 0.00000000 	 0.00000000 	 105.07227000 	 0.02485686 	 0.00000000 	 0.00000000 	 0.00000000 	 0.00000000 	 0.00000000 	 0.00772327 	 0.00000000 	 0.00000000 	 0.00000000 	 0.00000000 	 0.00000000 	 0.00000160 	 0.00000000 	 0.00000000 	 0.00005466 	 0.00000000 	 0.00000000 	 0.00000000 	 0.01007122 	 0.00000000 	 3.83746579 	 347.86198829 	 59.42424033 	 7.06921841 	 1.33548287 	 12.26705852 	 0.76542684 	 3.05491887
1772 	 0.00376772 	 0.12115503 	 21.39461572 	 0.08258288 	 1.21837129 	 0.00000000 	 0.00000000 	 0.00000000 	 0.00000000 	 0.00000000 	 105.08887000 	 0.02485686 	 0.00000000 	 0.00000000 	 0.00000000 	 0.00000000 	 0.00000000 	 0.00772327 	 0.00000000 	 0.00000000 	 0.00000000 	 0.00000000 	 0.00000000 	 0.00000164 	 0.00000000 	 0.00000000 	 0.00005873 	 0.00000000 	 0.00000000 	 0.00000000 	 0.01007122 	 0.00000000 	 3.80729827 	 344.61347383 	 58.72495295 	 7.04323056 	 1.31719396 	 12.04335906 	 0.76988358 	 3.07082422
1773 	 0.00376883 	 0.12338393 	 21.59523139 	 0.08414306 	 1.22122283 	 0.00000000 	 0.00000000 	 0.00000000 	 0.00000000 	 0.00000000 	 105.06952000 	 0.02485686 	 0.00000000 	 0.00000000 	 0.00000000 	 0.00000000 	 0.00000000 	 0.00772327 	 0.00000000 	 0.00000000 	 0.00000000 	 0.00000000 	 0.00000000 	 0.00000167 	 0.00000000 	 0.00000000 	 0.00006277 	 0.00000000 	 0.00000000 	 0.00000000 	 0.01007122 	 0.00000000 	 3.79008644 	 345.77680909 	 58.91656885 	 7.10450374 	 1.31696355 	 12.11348900 	 0.77579205 	 3.09117479
1774 	 0.00376995 	 0.12565384 	 22.25970773 	 0.08573271 	 1.26698490 	 0.00000000 	 0.00000000 	 0.00000000 	 0.00000000 	 0.00000000 	 105.02650000 	 0.02485686 	 0.00000000 	 0.00000000 	 0.00000000 	 0.00000000 	 0.00000000 	 0.00772327 	 0.00000000 	 0.00000000 	 0.00000000 	 0.00000000 	 0.00000000 	 0.00000171 	 0.00000000 	 0.00000000 	 0.00006678 	 0.00000000 	 0.00000000 	 0.00000000 	 0.01007122 	 0.00000000 	 3.88630638 	 358.10358504 	 61.31335787 	 7.34770147 	 1.36087205 	 12.72626815 	 0.79402869 	 3.14932503
1775 	 0.00377106 	 0.12796551 	 22.20096329 	 0.08735240 	 1.25115383 	 0.00000000 	 0.00000000 	 0.00000000 	 0.00000000 	 0.00000000 	 105.05246000 	 0.02485686 	 0.00000000 	 0.00000000 	 0.00000000 	 0.00000000 	 0.00000000 	 0.00772327 	 0.00000000 	 0.00000000 	 0.00000000 	 0.00000000 	 0.00000000 	 0.00000175 	 0.00000000 	 0.00000000 	 0.00007086 	 0.00000000 	 0.00000000 	 0.00000000 	 0.01007122 	 0.00000000 	 3.91226451 	 355.04717286 	 60.54083046 	 7.26964482 	 1.35803971 	 12.44701310 	 0.79095688 	 3.14212260
1776 	 0.00415919 	 0.13031971 	 22.14194213 	 0.08900268 	 1.23580271 	 0.00000000 	 0.00000000 	 0.00000000 	 0.00000000 	 0.00000000 	 105.03944000 	 0.02485686 	 0.00000000 	 0.00000000 	 0.00000000 	 0.00000000 	 0.00000000 	 0.00772327 	 0.00000000 	 0.00000000 	 0.00000000 	 0.00000000 	 0.00000000 	 0.00000178 	 0.00000000 	 0.00000000 	 0.00007491 	 0.00000000 	 0.00000000 	 0.00000000 	 0.01007122 	 0.00000000 	 3.77185467 	 348.89855251 	 59.38114480 	 7.26146998 	 1.31531341 	 12.20922967 	 0.79682972 	 3.16084735
1777 	 0.00416030 	 0.13271721 	 22.56871006 	 0.09068414 	 1.26319817 	 0.00000000 	 0.00000000 	 0.00000000 	 0.00000000 	 0.00000000 	 105.05273000 	 0.02485686 	 0.00000000 	 0.00000000 	 0.00000000 	 0.00000000 	 0.00000000 	 0.00772327 	 0.00000000 	 0.00000000 	 0.00000000 	 0.00000000 	 0.00000000 	 0.00000182 	 0.00000000 	 0.00000000 	 0.00007898 	 0.00000000 	 0.00000000 	 0.00000000 	 0.01007122 	 0.00000000 	 3.93211338 	 357.54536101 	 60.89349007 	 7.35597376 	 1.36123426 	 12.47305139 	 0.80901052 	 3.20040614
1778 	 0.00416141 	 0.13515883 	 22.85608093 	 0.09239737 	 1.28284354 	 0.00000000 	 0.00000000 	 0.00000000 	 0.00000000 	 0.00000000 	 105.04465000 	 0.02485686 	 0.00000000 	 0.00000000 	 0.00000000 	 0.00000000 	 0.00000000 	 0.00772327 	 0.00000000 	 0.00000000 	 0.00000000 	 0.00000000 	 0.00000000 	 0.00000185 	 0.00000000 	 0.00000000 	 0.00008302 	 0.00000000 	 0.00000000 	 0.00000000 	 0.01007122 	 0.00000000 	 4.01508515 	 362.75541346 	 61.78348695 	 7.43460607 	 1.39043630 	 12.70128511 	 0.80756511 	 3.19817113
1779 	 0.00416253 	 0.13764536 	 22.82063569 	 0.09414297 	 1.25435994 	 0.00000000 	 0.00000000 	 0.00000000 	 0.00000000 	 0.00000000 	 105.03691000 	 0.02485686 	 0.00000000 	 0.00000000 	 0.00000000 	 0.00000000 	 0.00000000 	 0.00772327 	 0.00000000 	 0.00000000 	 0.00000000 	 0.00000000 	 0.00000000 	 0.00000189 	 0.00000000 	 0.00000000 	 0.00008707 	 0.00000000 	 0.00000000 	 0.00000000 	 0.01007122 	 0.00000000 	 3.85988496 	 355.92617152 	 60.50081488 	 7.41877346 	 1.34484260 	 12.40499112 	 0.81477317 	 3.22246674
1780 	 0.00416465 	 0.14017764 	 23.24616665 	 0.09592154 	 1.27535767 	 0.00000000 	 0.00000000 	 0.00000000 	 0.00000000 	 0.00000000 	 104.98817000 	 0.02485686 	 0.00000000 	 0.00000000 	 0.00000000 	 0.00000000 	 0.00000000 	 0.00772327 	 0.00000000 	 0.00000000 	 0.00000000 	 0.00000000 	 0.00000000 	 0.00000192 	 0.00000000 	 0.00000000 	 0.00009105 	 0.00000000 	 0.00000000 	 0.00000000 	 0.01007122 	 0.00000000 	 3.86537952 	 361.61404216 	 61.61859566 	 7.56942912 	 1.35886730 	 12.74981062 	 0.83040029 	 3.26857018
1781 	 0.00465659 	 0.14275650 	 23.24965548 	 0.09773371 	 1.27809741 	 0.00000000 	 0.00000000 	 0.00000000 	 0.00000000 	 0.00000000 	 105.04236000 	 0.02485686 	 0.00000000 	 0.00000000 	 0.00000000 	 0.00000000 	 0.00000000 	 0.00772327 	 0.00000000 	 0.00000000 	 0.00000000 	 0.00000000 	 0.00000000 	 0.00000196 	 0.00000000 	 0.00000000 	 0.00009518 	 0.00000000 	 0.00000000 	 0.00000000 	 0.01007122 	 0.00000000 	 3.91488161 	 360.09005386 	 61.19330647 	 7.50578335 	 1.35889209 	 12.53540445 	 0.83054911 	 3.27154781
1782 	 0.00465771 	 0.14538281 	 23.34175812 	 0.09958013 	 1.26160480 	 0.00000000 	 0.00000000 	 0.00000000 	 0.00000000 	 0.00000000 	 105.03125000 	 0.02485686 	 0.00000000 	 0.00000000 	 0.00000000 	 0.00000000 	 0.00000000 	 0.00772327 	 0.00000000 	 0.00000000 	 0.00000000 	 0.00000000 	 0.00000000 	 0.00000200 	 0.00000000 	 0.00000000 	 0.00009922 	 0.00000000 	 0.00000000 	 0.00000000 	 0.01007122 	 0.00000000 	 3.78818494 	 356.04655462 	 60.48572145 	 7.51962579 	 1.32908861 	 12.43440348 	 0.83143409 	 3.27841734
1783 	 0.00465984 	 0.14805744 	 23.37991679 	 0.10146142 	 1.25924410 	 0.00000000 	 0.00000000 	 0.00000000 	 0.00000000 	 0.00000000 	 105.04360000 	 0.02485686 	 0.00000000 	 0.00000000 	 0.00000000 	 0.00000000 	 0.00000000 	 0.00772327 	 0.00000000 	 0.00000000 	 0.00000000 	 0.00000000 	 0.00000000 	 0.00000203 	 0.00000000 	 0.00000000 	 0.00010329 	 0.00000000 	 0.00000000 	 0.00000000 	 0.01007122 	 0.00000000 	 3.78309253 	 354.28692425 	 60.10171272 	 7.49623227 	 1.32093087 	 12.32972767 	 0.82979472 	 3.27753280
1784 	 0.00466096 	 0.15078127 	 23.29404230 	 0.10337826 	 1.24163654 	 0.00000000 	 0.00000000 	 0.00000000 	 0.00000000 	 0.00000000 	 105.05531000 	 0.02485686 	 0.00000000 	 0.00000000 	 0.00000000 	 0.00000000 	 0.00000000 	 0.00772327 	 0.00000000 	 0.00000000 	 0.00000000 	 0.00000000 	 0.00000000 	 0.00000207 	 0.00000000 	 0.00000000 	 0.00010737 	 0.00000000 	 0.00000000 	 0.00000000 	 0.01007122 	 0.00000000 	 3.82964523 	 350.56949626 	 59.21225989 	 7.38115640 	 1.31834021 	 11.96953701 	 0.82220200 	 3.25860425
1785 	 0.00466417 	 0.15355521 	 23.80210554 	 0.10533130 	 1.26712449 	 0.00000000 	 0.00000000 	 0.00000000 	 0.00000000 	 0.00000000 	 105.02817000 	 0.02485686 	 0.00000000 	 0.00000000 	 0.00000000 	 0.00000000 	 0.00000000 	 0.00772327 	 0.00000000 	 0.00000000 	 0.00000000 	 0.00000000 	 0.00000000 	 0.00000210 	 0.00000000 	 0.00000000 	 0.00011137 	 0.00000000 	 0.00000000 	 0.00000000 	 0.01007122 	 0.00000000 	 3.81595451 	 356.80512535 	 60.49447936 	 7.53815232 	 1.33620880 	 12.44734647 	 0.82963090 	 3.28536501
1786 	 0.00529217 	 0.15638018 	 23.83199500 	 0.10732125 	 1.26446108 	 0.00000000 	 0.00000000 	 0.00000000 	 0.00000000 	 0.00000000 	 105.02684000 	 0.02485686 	 0.00000000 	 0.00000000 	 0.00000000 	 0.00000000 	 0.00000000 	 0.00772327 	 0.00000000 	 0.00000000 	 0.00000000 	 0.00000000 	 0.00000000 	 0.00000214 	 0.00000000 	 0.00000000 	 0.00011542 	 0.00000000 	 0.00000000 	 0.00000000 	 0.01007122 	 0.00000000 	 3.82061457 	 354.20587730 	 59.91468241 	 7.49108425 	 1.32397725 	 12.16464029 	 0.83470623 	 3.30251684
1787 	 0.00529430 	 0.15925713 	 24.17652818 	 0.10934879 	 1.28189425 	 0.00000000 	 0.00000000 	 0.00000000 	 0.00000000 	 0.00000000 	 105.03415000 	 0.02485686 	 0.00000000 	 0.00000000 	 0.00000000 	 0.00000000 	 0.00000000 	 0.00772327 	 0.00000000 	 0.00000000 	 0.00000000 	 0.00000000 	 0.00000000 	 0.00000218 	 0.00000000 	 0.00000000 	 0.00011949 	 0.00000000 	 0.00000000 	 0.00000000 	 0.01007122 	 0.00000000 	 3.87931875 	 358.79336825 	 60.75335708 	 7.55517197 	 1.34642146 	 12.39124602 	 0.83875783 	 3.31908544
1788 	 0.00529542 	 0.16218700 	 24.85592892 	 0.11141464 	 1.32666321 	 0.00000000 	 0.00000000 	 0.00000000 	 0.00000000 	 0.00000000 	 104.99220000 	 0.02485686 	 0.00000000 	 0.00000000 	 0.00000000 	 0.00000000 	 0.00000000 	 0.00772327 	 0.00000000 	 0.00000000 	 0.00000000 	 0.00000000 	 0.00000000 	 0.00000221 	 0.00000000 	 0.00000000 	 0.00012346 	 0.00000000 	 0.00000000 	 0.00000000 	 0.01007122 	 0.00000000 	 4.03250151 	 371.35709235 	 63.12433047 	 7.73093474 	 1.40691265 	 12.99231757 	 0.84831083 	 3.35103677
1789 	 0.00529755 	 0.16517077 	 24.71707284 	 0.11351951 	 1.30150649 	 0.00000000 	 0.00000000 	 0.00000000 	 0.00000000 	 0.00000000 	 105.02420000 	 0.02485686 	 0.00000000 	 0.00000000 	 0.00000000 	 0.00000000 	 0.00000000 	 0.00772327 	 0.00000000 	 0.00000000 	 0.00000000 	 0.00000000 	 0.00000000 	 0.00000225 	 0.00000000 	 0.00000000 	 0.00012758 	 0.00000000 	 0.00000000 	 0.00000000 	 0.01007122 	 0.00000000 	 3.90526346 	 363.44164458 	 61.63229238 	 7.66351624 	 1.36106730 	 12.65051528 	 0.84659733 	 3.34989334
1790 	 0.00529967 	 0.16820944 	 24.94220857 	 0.11566415 	 1.30537362 	 0.00000000 	 0.00000000 	 0.00000000 	 0.00000000 	 0.00000000 	 104.99139000 	 0.02485686 	 0.00000000 	 0.00000000 	 0.00000000 	 0.00000000 	 0.00000000 	 0.00772327 	 0.00000000 	 0.00000000 	 0.00000000 	 0.00000000 	 0.00000000 	 0.00000228 	 0.00000000 	 0.00000000 	 0.00013156 	 0.00000000 	 0.00000000 	 0.00000000 	 0.01007122 	 0.00000000 	 3.93133633 	 364.88021639 	 61.84599181 	 7.68025437 	 1.37221648 	 12.71029090 	 0.84422051 	 3.34645301
1791 	 0.00591660 	 0.17130401 	 24.77843217 	 0.11784931 	 1.28533314 	 0.00000000 	 0.00000000 	 0.00000000 	 0.00000000 	 0.00000000 	 105.02128000 	 0.02485686 	 0.00000000 	 0.00000000 	 0.00000000 	 0.00000000 	 0.00000000 	 0.00772327 	 0.00000000 	 0.00000000 	 0.00000000 	 0.00000000 	 0.00000000 	 0.00000232 	 0.00000000 	 0.00000000 	 0.00013568 	 0.00000000 	 0.00000000 	 0.00000000 	 0.01007122 	 0.00000000 	 3.84238324 	 356.65838617 	 60.21873920 	 7.55694354 	 1.33610385 	 12.28900535 	 0.83647970 	 3.32744452
1792 	 0.00609512 	 0.17445551 	 24.81889294 	 0.12007575 	 1.28049884 	 0.00000000 	 0.00000000 	 0.00000000 	 0.00000000 	 0.00000000 	 105.04466000 	 0.02485686 	 0.00000000 	 0.00000000 	 0.00000000 	 0.00000000 	 0.00000000 	 0.00772327 	 0.00000000 	 0.00000000 	 0.00000000 	 0.00000000 	 0.00000000 	 0.00000236 	 0.00000000 	 0.00000000 	 0.00013979 	 0.00000000 	 0.00000000 	 0.00000000 	 0.01007122 	 0.00000000 	 3.84642839 	 354.25153761 	 59.70568574 	 7.49915504 	 1.32763654 	 12.11884997 	 0.83401426 	 3.32781922
1793 	 0.00610139 	 0.17766499 	 25.03153141 	 0.12234425 	 1.27723667 	 0.00000000 	 0.00000000 	 0.00000000 	 0.00000000 	 0.00000000 	 105.02605000 	 0.02485686 	 0.00000000 	 0.00000000 	 0.00000000 	 0.00000000 	 0.00000000 	 0.00772327 	 0.00000000 	 0.00000000 	 0.00000000 	 0.00000000 	 0.00000000 	 0.00000239 	 0.00000000 	 0.00000000 	 0.00014380 	 0.00000000 	 0.00000000 	 0.00000000 	 0.01007122 	 0.00000000 	 3.79247500 	 353.37230934 	 59.58493950 	 7.51812074 	 1.31703442 	 12.13640972 	 0.83623941 	 3.34156982
1794 	 0.00608873 	 0.18093351 	 25.76753778 	 0.12465561 	 1.32397285 	 0.00000000 	 0.00000000 	 0.00000000 	 0.00000000 	 0.00000000 	 104.98417000 	 0.02485686 	 0.00000000 	 0.00000000 	 0.00000000 	 0.00000000 	 0.00000000 	 0.00772327 	 0.00000000 	 0.00000000 	 0.00000000 	 0.00000000 	 0.00000000 	 0.00000243 	 0.00000000 	 0.00000000 	 0.00014774 	 0.00000000 	 0.00000000 	 0.00000000 	 0.01007122 	 0.00000000 	 3.89617003 	 365.72191403 	 62.03822453 	 7.73153599 	 1.36347184 	 12.77281690 	 0.85037128 	 3.39244307
1795 	 0.00609224 	 0.18426217 	 25.77334281 	 0.12701064 	 1.30769195 	 0.00000000 	 0.00000000 	 0.00000000 	 0.00000000 	 0.00000000 	 105.01093000 	 0.02485686 	 0.00000000 	 0.00000000 	 0.00000000 	 0.00000000 	 0.00000000 	 0.00772327 	 0.00000000 	 0.00000000 	 0.00000000 	 0.00000000 	 0.00000000 	 0.00000246 	 0.00000000 	 0.00000000 	 0.00015186 	 0.00000000 	 0.00000000 	 0.00000000 	 0.01007122 	 0.00000000 	 3.91326671 	 362.19212269 	 61.24273214 	 7.62616922 	 1.35903137 	 12.50408380 	 0.84366090 	 3.37904814
1796 	 0.00639251 	 0.18765206 	 25.74058407 	 0.12941016 	 1.28697990 	 0.00000000 	 0.00000000 	 0.00000000 	 0.00000000 	 0.00000000 	 104.99978000 	 0.02485686 	 0.00000000 	 0.00000000 	 0.00000000 	 0.00000000 	 0.00000000 	 0.00772327 	 0.00000000 	 0.00000000 	 0.00000000 	 0.00000000 	 0.00000000 	 0.00000250 	 0.00000000 	 0.00000000 	 0.00015588 	 0.00000000 	 0.00000000 	 0.00000000 	 0.01007122 	 0.00000000 	 3.74402218 	 354.47830294 	 59.86424243 	 7.58186310 	 1.30830761 	 12.23893827 	 0.84484701 	 3.38943153
1797 	 0.00670856 	 0.19110432 	 26.23006226 	 0.13185501 	 1.32275997 	 0.00000000 	 0.00000000 	 0.00000000 	 0.00000000 	 0.00000000 	 105.01623000 	 0.02485686 	 0.00000000 	 0.00000000 	 0.00000000 	 0.00000000 	 0.00000000 	 0.00772327 	 0.00000000 	 0.00000000 	 0.00000000 	 0.00000000 	 0.00000000 	 0.00000254 	 0.00000000 	 0.00000000 	 0.00015998 	 0.00000000 	 0.00000000 	 0.00000000 	 0.01007122 	 0.00000000 	 3.93510161 	 363.54823720 	 61.47137695 	 7.63630258 	 1.36260362 	 12.52497017 	 0.85087141 	 3.41368288
1798 	 0.00698642 	 0.19462009 	 26.54644012 	 0.13434605 	 1.34508488 	 0.00000000 	 0.00000000 	 0.00000000 	 0.00000000 	 0.00000000 	 105.00810000 	 0.02485686 	 0.00000000 	 0.00000000 	 0.00000000 	 0.00000000 	 0.00000000 	 0.00772327 	 0.00000000 	 0.00000000 	 0.00000000 	 0.00000000 	 0.00000000 	 0.00000257 	 0.00000000 	 0.00000000 	 0.00016401 	 0.00000000 	 0.00000000 	 0.00000000 	 0.01007049 	 0.00000000 	 4.00971652 	 367.65010280 	 62.19763903 	 7.67101772 	 1.38850333 	 12.72341412 	 0.84555295 	 3.40325863
1799 	 0.00735858 	 0.19820054 	 26.70648817 	 0.13688415 	 1.33331817 	 0.00000000 	 0.00000000 	 0.00000000 	 0.00000000 	 0.00000000 	 104.99068000 	 0.02485686 	 0.00000000 	 0.00000000 	 0.00000000 	 0.00000000 	 0.00000000 	 0.00772327 	 0.00000000 	 0.00000000 	 0.00000000 	 0.00000000 	 0.00000000 	 0.00000261 	 0.00000000 	 0.00000000 	 0.00016801 	 0.00000000 	 0.00000000 	 0.00000000 	 0.01007196 	 0.00000000 	 3.87711743 	 363.48604690 	 61.49623020 	 7.67446285 	 1.35522569 	 12.60886035 	 0.85206648 	 3.42848244
1800 	 0.00784849 	 0.20184686 	 27.05634308 	 0.13947020 	 1.35199549 	 0.00000000 	 0.00000000 	 0.00000000 	 0.00000000 	 0.00000000 	 104.95838000 	 0.02485686 	 0.00000000 	 0.00000000 	 0.00000000 	 0.00000000 	 0.00000000 	 0.00772327 	 0.00000000 	 0.00000000 	 0.00000000 	 0.00000000 	 0.00000000 	 0.00000264 	 0.00000000 	 0.00000000 	 0.00017195 	 0.00000000 	 0.00000000 	 0.00000000 	 0.01007122 	 0.00000000 	 3.86192817 	 365.84663684 	 62.00320914 	 7.74064532 	 1.35785921 	 12.78939600 	 0.85811485 	 3.45274570
1801 	 0.00778764 	 0.20556026 	 27.12488718 	 0.14210511 	 1.34690404 	 0.00000000 	 0.00000000 	 0.00000000 	 0.00000000 	 0.00000000 	 105.01099000 	 0.02485686 	 0.00000000 	 0.00000000 	 0.00000000 	 0.00000000 	 0.00000000 	 0.00772327 	 0.00000000 	 0.00000000 	 0.00000000 	 0.00000000 	 0.00000000 	 0.00000268 	 0.00000000 	 0.00000000 	 0.00017617 	 0.00000000 	 0.00000000 	 0.00000000 	 0.01007122 	 0.00000000 	 3.91599978 	 364.91706839 	 61.66564779 	 7.70118698 	 1.36039628 	 12.60088664 	 0.85900541 	 3.46284658
1802 	 0.01011065 	 0.20934197 	 27.33978432 	 0.14478980 	 1.36639239 	 0.00000000 	 0.00000000 	 0.00000000 	 0.00000000 	 0.00000000 	 104.99468000 	 0.02485686 	 0.00000000 	 0.00000000 	 0.00000000 	 0.00000000 	 0.00000000 	 0.00772327 	 0.00000000 	 0.00000000 	 0.00000000 	 0.00000000 	 0.00000000 	 0.00000272 	 0.00000000 	 0.00000000 	 0.00018017 	 0.00000000 	 0.00000000 	 0.00000000 	 0.01007122 	 0.00000000 	 3.80922108 	 362.96270751 	 61.32615659 	 7.76305409 	 1.33764038 	 12.58995971 	 0.86505228 	 3.48586390
1803 	 0.00875865 	 0.21319326 	 27.32049985 	 0.14752520 	 1.34061187 	 0.00000000 	 0.00000000 	 0.00000000 	 0.00000000 	 0.00000000 	 105.01080000 	 0.02485686 	 0.00000000 	 0.00000000 	 0.00000000 	 0.00000000 	 0.00000000 	 0.00772327 	 0.00000000 	 0.00000000 	 0.00000000 	 0.00000000 	 0.00000000 	 0.00000275 	 0.00000000 	 0.00000000 	 0.00018428 	 0.00000000 	 0.00000000 	 0.00000000 	 0.01007122 	 0.00000000 	 3.76807397 	 358.65077998 	 60.40434182 	 7.72086376 	 1.31667276 	 12.34278591 	 0.86334307 	 3.48824497
1804 	 0.00955980 	 0.21711540 	 27.46474997 	 0.15031229 	 1.34858279 	 0.00000000 	 0.00000000 	 0.00000000 	 0.00000000 	 0.00000000 	 105.01210000 	 0.02485686 	 0.00000000 	 0.00000000 	 0.00000000 	 0.00000000 	 0.00000000 	 0.00772327 	 0.00000000 	 0.00000000 	 0.00000000 	 0.00000000 	 0.00000000 	 0.00000279 	 0.00000000 	 0.00000000 	 0.00018833 	 0.00000000 	 0.00000000 	 0.00000000 	 0.01007122 	 0.00000000 	 3.86570438 	 359.52869598 	 60.36470275 	 7.68708673 	 1.33216497 	 12.17706443 	 0.86513312 	 3.49918368
1805 	 0.00934590 	 0.22110970 	 27.95079820 	 0.15315203 	 1.36762240 	 0.00000000 	 0.00000000 	 0.00000000 	 0.00000000 	 0.00000000 	 104.98963000 	 0.02485686 	 0.00000000 	 0.00000000 	 0.00000000 	 0.00000000 	 0.00000000 	 0.00772327 	 0.00000000 	 0.00000000 	 0.00000000 	 0.00000000 	 0.00000000 	 0.00000282 	 0.00000000 	 0.00000000 	 0.00019230 	 0.00000000 	 0.00000000 	 0.00000000 	 0.01007122 	 0.00000000 	 3.83779105 	 364.30370433 	 61.31991146 	 7.83516221 	 1.34415434 	 12.56889889 	 0.87088806 	 3.52525591
1806 	 0.00978056 	 0.22517748 	 28.13437245 	 0.15604542 	 1.37089914 	 0.00000000 	 0.00000000 	 0.00000000 	 0.00000000 	 0.00000000 	 104.98239000 	 0.02485686 	 0.00000000 	 0.00000000 	 0.00000000 	 0.00000000 	 0.00000000 	 0.00772327 	 0.00000000 	 0.00000000 	 0.00000000 	 0.00000000 	 0.00000000 	 0.00000286 	 0.00000000 	 0.00000000 	 0.00019633 	 0.00000000 	 0.00000000 	 0.00000000 	 0.01007122 	 0.00000000 	 3.87123510 	 364.34322934 	 61.22344968 	 7.84354145 	 1.34191062 	 12.38962627 	 0.88091197 	 3.56181690
1807 	 0.01046380 	 0.22932010 	 28.45865603 	 0.15899347 	 1.39033597 	 0.00000000 	 0.00000000 	 0.00000000 	 0.00000000 	 0.00000000 	 104.99423000 	 0.02485686 	 0.00000000 	 0.00000000 	 0.00000000 	 0.00000000 	 0.00000000 	 0.00772327 	 0.00000000 	 0.00000000 	 0.00000000 	 0.00000000 	 0.00000000 	 0.00000290 	 0.00000000 	 0.00000000 	 0.00020042 	 0.00000000 	 0.00000000 	 0.00000000 	 0.01007122 	 0.00000000 	 3.90091990 	 367.23493281 	 61.70646914 	 7.90622733 	 1.35434856 	 12.53404121 	 0.88552342 	 3.58352288
1808 	 0.00977916 	 0.23353893 	 29.18524117 	 0.16199721 	 1.42620131 	 0.00000000 	 0.00000000 	 0.00000000 	 0.00000000 	 0.00000000 	 104.95199000 	 0.02485686 	 0.00000000 	 0.00000000 	 0.00000000 	 0.00000000 	 0.00000000 	 0.00772327 	 0.00000000 	 0.00000000 	 0.00000000 	 0.00000000 	 0.00000000 	 0.00000293 	 0.00000000 	 0.00000000 	 0.00020431 	 0.00000000 	 0.00000000 	 0.00000000 	 0.01007122 	 0.00000000 	 4.06429298 	 380.03527200 	 64.08195973 	 8.09530346 	 1.41601778 	 13.10841013 	 0.89591870 	 3.62313677
1809 	 0.00978777 	 0.23783537 	 29.12865813 	 0.16505771 	 1.40374792 	 0.00000000 	 0.00000000 	 0.00000000 	 0.00000000 	 0.00000000 	 104.97900000 	 0.02485686 	 0.00000000 	 0.00000000 	 0.00000000 	 0.00000000 	 0.00000000 	 0.00772327 	 0.00000000 	 0.00000000 	 0.00000000 	 0.00000000 	 0.00000000 	 0.00000297 	 0.00000000 	 0.00000000 	 0.00020846 	 0.00000000 	 0.00000000 	 0.00000000 	 0.01007122 	 0.00000000 	 3.93419735 	 372.84868554 	 62.71002213 	 8.06276698 	 1.37117141 	 12.80837738 	 0.89627123 	 3.63178862
1810 	 0.01040638 	 0.24221086 	 29.42453242 	 0.16817602 	 1.41481575 	 0.00000000 	 0.00000000 	 0.00000000 	 0.00000000 	 0.00000000 	 104.93988000 	 0.02485686 	 0.00000000 	 0.00000000 	 0.00000000 	 0.00000000 	 0.00000000 	 0.00772327 	 0.00000000 	 0.00000000 	 0.00000000 	 0.00000000 	 0.00000000 	 0.00000300 	 0.00000000 	 0.00000000 	 0.00021235 	 0.00000000 	 0.00000000 	 0.00000000 	 0.01007122 	 0.00000000 	 3.95568838 	 374.71801191 	 62.97351665 	 8.10707915 	 1.38218253 	 12.88545900 	 0.89734119 	 3.63992909
1811 	 0.01100823 	 0.24666684 	 29.40578756 	 0.17135325 	 1.40430332 	 0.00000000 	 0.00000000 	 0.00000000 	 0.00000000 	 0.00000000 	 104.96903000 	 0.02485686 	 0.00000000 	 0.00000000 	 0.00000000 	 0.00000000 	 0.00000000 	 0.00772327 	 0.00000000 	 0.00000000 	 0.00000000 	 0.00000000 	 0.00000000 	 0.00000304 	 0.00000000 	 0.00000000 	 0.00021652 	 0.00000000 	 0.00000000 	 0.00000000 	 0.01007122 	 0.00000000 	 3.91290633 	 369.26948631 	 61.82960600 	 8.02694834 	 1.35934967 	 12.55160026 	 0.89318057 	 3.63726531
1812 	 0.01138901 	 0.25120480 	 29.42029850 	 0.17459050 	 1.39549684 	 0.00000000 	 0.00000000 	 0.00000000 	 0.00000000 	 0.00000000 	 104.99029000 	 0.02485686 	 0.00000000 	 0.00000000 	 0.00000000 	 0.00000000 	 0.00000000 	 0.00772327 	 0.00000000 	 0.00000000 	 0.00000000 	 0.00000000 	 0.00000000 	 0.00000307 	 0.00000000 	 0.00000000 	 0.00022066 	 0.00000000 	 0.00000000 	 0.00000000 	 0.01007122 	 0.00000000 	 3.87021300 	 364.58068747 	 60.85746997 	 7.96516964 	 1.33732571 	 12.28810487 	 0.89068123 	 3.64094576
1813 	 0.01144215 	 0.25582625 	 29.77847603 	 0.17788891 	 1.40094065 	 0.00000000 	 0.00000000 	 0.00000000 	 0.00000000 	 0.00000000 	 104.97005000 	 0.02485686 	 0.00000000 	 0.00000000 	 0.00000000 	 0.00000000 	 0.00000000 	 0.00772327 	 0.00000000 	 0.00000000 	 0.00000000 	 0.00000000 	 0.00000000 	 0.00000311 	 0.00000000 	 0.00000000 	 0.00022462 	 0.00000000 	 0.00000000 	 0.00000000 	 0.01007122 	 0.00000000 	 3.83836043 	 365.91388742 	 61.13613020 	 8.03299595 	 1.33448168 	 12.39070614 	 0.89751518 	 3.67420889
1814 	 0.01169663 	 0.26053271 	 30.54785186 	 0.18124963 	 1.44975641 	 0.00000000 	 0.00000000 	 0.00000000 	 0.00000000 	 0.00000000 	 104.93884000 	 0.02485686 	 0.00000000 	 0.00000000 	 0.00000000 	 0.00000000 	 0.00000000 	 0.00772327 	 0.00000000 	 0.00000000 	 0.00000000 	 0.00000000 	 0.00000000 	 0.00000314 	 0.00000000 	 0.00000000 	 0.00022853 	 0.00000000 	 0.00000000 	 0.00000000 	 0.01007122 	 0.00000000 	 3.94099217 	 377.98554168 	 63.49192823 	 8.25536579 	 1.37921528 	 12.98831830 	 0.91236441 	 3.73160518
1815 	 0.01208679 	 0.26532576 	 30.64433954 	 0.18467385 	 1.44346837 	 0.00000000 	 0.00000000 	 0.00000000 	 0.00000000 	 0.00000000 	 104.94955000 	 0.02485686 	 0.00000000 	 0.00000000 	 0.00000000 	 0.00000000 	 0.00000000 	 0.00772327 	 0.00000000 	 0.00000000 	 0.00000000 	 0.00000000 	 0.00000000 	 0.00000318 	 0.00000000 	 0.00000000 	 0.00023263 	 0.00000000 	 0.00000000 	 0.00000000 	 0.01007122 	 0.00000000 	 3.97207060 	 375.58066480 	 62.87157570 	 8.17889456 	 1.37892635 	 12.75686767 	 0.90839834 	 3.73062921
1816 	 0.01337446 	 0.27020699 	 30.79985622 	 0.18816276 	 1.45015433 	 0.00000000 	 0.00000000 	 0.00000000 	 0.00000000 	 0.00000000 	 104.93504000 	 0.02485686 	 0.00000000 	 0.00000000 	 0.00000000 	 0.00000000 	 0.00000000 	 0.00772327 	 0.00000000 	 0.00000000 	 0.00000000 	 0.00000000 	 0.00000000 	 0.00000322 	 0.00000000 	 0.00000000 	 0.00023661 	 0.00000000 	 0.00000000 	 0.00000000 	 0.01007122 	 0.00000000 	 3.86024766 	 371.62982277 	 62.14643252 	 8.18824748 	 1.34761335 	 12.63975077 	 0.91340865 	 3.75528308
1817 	 0.01396165 	 0.27517802 	 31.19839541 	 0.19171758 	 1.47265241 	 0.00000000 	 0.00000000 	 0.00000000 	 0.00000000 	 0.00000000 	 104.95336000 	 0.02485686 	 0.00000000 	 0.00000000 	 0.00000000 	 0.00000000 	 0.00000000 	 0.00772327 	 0.00000000 	 0.00000000 	 0.00000000 	 0.00000000 	 0.00000000 	 0.00000325 	 0.00000000 	 0.00000000 	 0.00024074 	 0.00000000 	 0.00000000 	 0.00000000 	 0.01007122 	 0.00000000 	 3.97527014 	 376.44294413 	 62.94153101 	 8.22082538 	 1.37611145 	 12.73003262 	 0.92006911 	 3.78719602
1818 	 0.01404634 	 0.28024051 	 31.68760832 	 0.19533955 	 1.50399109 	 0.00000000 	 0.00000000 	 0.00000000 	 0.00000000 	 0.00000000 	 104.94012000 	 0.02485686 	 0.00000000 	 0.00000000 	 0.00000000 	 0.00000000 	 0.00000000 	 0.00772327 	 0.00000000 	 0.00000000 	 0.00000000 	 0.00000000 	 0.00000000 	 0.00000329 	 0.00000000 	 0.00000000 	 0.00024472 	 0.00000000 	 0.00000000 	 0.00000000 	 0.01007122 	 0.00000000 	 4.10317253 	 383.91420960 	 64.26768049 	 8.30681711 	 1.41925160 	 13.06162781 	 0.91623851 	 3.78802107
1819 	 0.01411246 	 0.28539613 	 31.84544135 	 0.19902996 	 1.48104748 	 0.00000000 	 0.00000000 	 0.00000000 	 0.00000000 	 0.00000000 	 104.92235000 	 0.02485686 	 0.00000000 	 0.00000000 	 0.00000000 	 0.00000000 	 0.00000000 	 0.00772327 	 0.00000000 	 0.00000000 	 0.00000000 	 0.00000000 	 0.00000000 	 0.00000332 	 0.00000000 	 0.00000000 	 0.00024868 	 0.00000000 	 0.00000000 	 0.00000000 	 0.01007122 	 0.00000000 	 3.95761310 	 378.33258383 	 63.25758927 	 8.30287886 	 1.37829508 	 12.83879978 	 0.92583440 	 3.82639843
1820 	 0.01432805 	 0.29064659 	 32.33339467 	 0.20279009 	 1.50078636 	 0.00000000 	 0.00000000 	 0.00000000 	 0.00000000 	 0.00000000 	 104.88909000 	 0.02485686 	 0.00000000 	 0.00000000 	 0.00000000 	 0.00000000 	 0.00000000 	 0.00772327 	 0.00000000 	 0.00000000 	 0.00000000 	 0.00000000 	 0.00000000 	 0.00000336 	 0.00000000 	 0.00000000 	 0.00025256 	 0.00000000 	 0.00000000 	 0.00000000 	 0.01007122 	 0.00000000 	 3.95266353 	 382.41974828 	 64.07664330 	 8.41607797 	 1.38739495 	 13.10211888 	 0.93365382 	 3.86144553
1821 	 0.01455325 	 0.29599365 	 32.52138863 	 0.20662125 	 1.50666167 	 0.00000000 	 0.00000000 	 0.00000000 	 0.00000000 	 0.00000000 	 104.93899000 	 0.02485686 	 0.00000000 	 0.00000000 	 0.00000000 	 0.00000000 	 0.00000000 	 0.00772327 	 0.00000000 	 0.00000000 	 0.00000000 	 0.00000000 	 0.00000000 	 0.00000340 	 0.00000000 	 0.00000000 	 0.00025685 	 0.00000000 	 0.00000000 	 0.00000000 	 0.01007122 	 0.00000000 	 4.02372688 	 382.89753410 	 63.98744909 	 8.39629917 	 1.39608955 	 12.97435659 	 0.93739423 	 3.88574374
1822 	 0.01512422 	 0.30143908 	 32.73451052 	 0.21052479 	 1.50013590 	 0.00000000 	 0.00000000 	 0.00000000 	 0.00000000 	 0.00000000 	 104.92104000 	 0.02485686 	 0.00000000 	 0.00000000 	 0.00000000 	 0.00000000 	 0.00000000 	 0.00772327 	 0.00000000 	 0.00000000 	 0.00000000 	 0.00000000 	 0.00000000 	 0.00000343 	 0.00000000 	 0.00000000 	 0.00026081 	 0.00000000 	 0.00000000 	 0.00000000 	 0.01007122 	 0.00000000 	 3.86536510 	 378.67080044 	 63.22724653 	 8.44785207 	 1.35813297 	 12.87669532 	 0.94438215 	 3.91960276
1823 	 0.01602844 	 0.30698469 	 32.75571509 	 0.21450208 	 1.50026346 	 0.00000000 	 0.00000000 	 0.00000000 	 0.00000000 	 0.00000000 	 104.94096000 	 0.02485686 	 0.00000000 	 0.00000000 	 0.00000000 	 0.00000000 	 0.00000000 	 0.00772327 	 0.00000000 	 0.00000000 	 0.00000000 	 0.00000000 	 0.00000000 	 0.00000347 	 0.00000000 	 0.00000000 	 0.00026495 	 0.00000000 	 0.00000000 	 0.00000000 	 0.01007122 	 0.00000000 	 3.84032101 	 374.39318132 	 62.26076437 	 8.39526106 	 1.34029617 	 12.61032738 	 0.94217560 	 3.92238490
1824 	 0.01649102 	 0.31263233 	 33.05197870 	 0.21855451 	 1.51357710 	 0.00000000 	 0.00000000 	 0.00000000 	 0.00000000 	 0.00000000 	 104.93425000 	 0.02485686 	 0.00000000 	 0.00000000 	 0.00000000 	 0.00000000 	 0.00000000 	 0.00772327 	 0.00000000 	 0.00000000 	 0.00000000 	 0.00000000 	 0.00000000 	 0.00000350 	 0.00000000 	 0.00000000 	 0.00026896 	 0.00000000 	 0.00000000 	 0.00000000 	 0.01007122 	 0.00000000 	 3.95068157 	 377.04071142 	 62.56343380 	 8.39583394 	 1.35964332 	 12.50936389 	 0.95130449 	 3.96136137
1825 	 0.01721223 	 0.31838386 	 33.52533882 	 0.22268350 	 1.53887900 	 0.00000000 	 0.00000000 	 0.00000000 	 0.00000000 	 0.00000000 	 104.91652000 	 0.02485686 	 0.00000000 	 0.00000000 	 0.00000000 	 0.00000000 	 0.00000000 	 0.00772327 	 0.00000000 	 0.00000000 	 0.00000000 	 0.00000000 	 0.00000000 	 0.00000354 	 0.00000000 	 0.00000000 	 0.00027292 	 0.00000000 	 0.00000000 	 0.00000000 	 0.01007122 	 0.00000000 	 3.91322821 	 380.31674976 	 63.18578955 	 8.51623649 	 1.36644272 	 12.82055568 	 0.95626039 	 3.98812184
1826 	 0.01737170 	 0.32424121 	 33.74810290 	 0.22689050 	 1.53265574 	 0.00000000 	 0.00000000 	 0.00000000 	 0.00000000 	 0.00000000 	 104.90841000 	 0.02485686 	 0.00000000 	 0.00000000 	 0.00000000 	 0.00000000 	 0.00000000 	 0.00772327 	 0.00000000 	 0.00000000 	 0.00000000 	 0.00000000 	 0.00000000 	 0.00000357 	 0.00000000 	 0.00000000 	 0.00027692 	 0.00000000 	 0.00000000 	 0.00000000 	 0.01007122 	 0.00000000 	 3.90577575 	 378.82226551 	 62.81594151 	 8.52362041 	 1.35288262 	 12.58363573 	 0.96808622 	 4.03714335
1827 	 0.01862859 	 0.33020631 	 34.15505001 	 0.23117697 	 1.56678012 	 0.00000000 	 0.00000000 	 0.00000000 	 0.00000000 	 0.00000000 	 104.91515000 	 0.02485686 	 0.00000000 	 0.00000000 	 0.00000000 	 0.00000000 	 0.00000000 	 0.00772327 	 0.00000000 	 0.00000000 	 0.00000000 	 0.00000000 	 0.00000000 	 0.00000361 	 0.00000000 	 0.00000000 	 0.00028100 	 0.00000000 	 0.00000000 	 0.00000000 	 0.01007122 	 0.00000000 	 3.95688858 	 382.47733921 	 63.38999011 	 8.58585032 	 1.37068936 	 12.73103758 	 0.97564842 	 4.06888165
1828 	 0.01881335 	 0.33628116 	 34.99912851 	 0.23554443 	 1.61873144 	 0.00000000 	 0.00000000 	 0.00000000 	 0.00000000 	 0.00000000 	 104.87222000 	 0.02485686 	 0.00000000 	 0.00000000 	 0.00000000 	 0.00000000 	 0.00000000 	 0.00772327 	 0.00000000 	 0.00000000 	 0.00000000 	 0.00000000 	 0.00000000 	 0.00000364 	 0.00000000 	 0.00000000 	 0.00028480 	 0.00000000 	 0.00000000 	 0.00000000 	 0.01007122 	 0.00000000 	 4.11022115 	 395.97543247 	 65.90535949 	 8.80149595 	 1.43143371 	 13.35572223 	 0.98934044 	 4.12484227
1829 	 0.01865289 	 0.34246776 	 35.01640513 	 0.23999440 	 1.59793989 	 0.00000000 	 0.00000000 	 0.00000000 	 0.00000000 	 0.00000000 	 104.90025000 	 0.02485686 	 0.00000000 	 0.00000000 	 0.00000000 	 0.00000000 	 0.00000000 	 0.00772327 	 0.00000000 	 0.00000000 	 0.00000000 	 0.00000000 	 0.00000000 	 0.00000368 	 0.00000000 	 0.00000000 	 0.00028900 	 0.00000000 	 0.00000000 	 0.00000000 	 0.01007122 	 0.00000000 	 3.99438984 	 389.17462820 	 64.57289824 	 8.76722939 	 1.38987089 	 13.05487661 	 0.98950544 	 4.13920505
1830 	 0.02491864 	 0.34876818 	 35.40215534 	 0.24452844 	 1.70665258 	 0.00000000 	 0.00000000 	 0.00000000 	 0.00000000 	 0.00000000 	 104.86670000 	 0.02485686 	 0.00000000 	 0.00000000 	 0.00000000 	 0.00000000 	 0.00000000 	 0.00772327 	 0.00000000 	 0.00000000 	 0.00000000 	 0.00000000 	 0.00000000 	 0.00000372 	 0.00000000 	 0.00000000 	 0.00029285 	 0.00000000 	 0.00000000 	 0.00000000 	 0.01007122 	 0.00000000 	 4.03241258 	 392.10653286 	 64.94076179 	 8.81880645 	 1.40373592 	 13.14826728 	 0.99942391 	 4.16598429
1831 	 0.02364585 	 0.35518451 	 35.37418705 	 0.24914813 	 1.66176274 	 0.00000000 	 0.00000000 	 0.00000000 	 0.00000000 	 0.00000000 	 104.89174000 	 0.02485686 	 0.00000000 	 0.00000000 	 0.00000000 	 0.00000000 	 0.00000000 	 0.00772327 	 0.00000000 	 0.00000000 	 0.00000000 	 0.00000000 	 0.00000000 	 0.00000375 	 0.00000000 	 0.00000000 	 0.00029703 	 0.00000000 	 0.00000000 	 0.00000000 	 0.01007122 	 0.00000000 	 3.94152737 	 384.20125072 	 63.33682174 	 8.73150739 	 1.36534653 	 12.69985246 	 0.99600059 	 4.17787620
1832 	 0.02367158 	 0.36171889 	 35.56272349 	 0.25385510 	 1.66134001 	 0.00000000 	 0.00000000 	 0.00000000 	 0.00000000 	 0.00000000 	 104.90924000 	 0.02485686 	 0.00000000 	 0.00000000 	 0.00000000 	 0.00000000 	 0.00000000 	 0.00772327 	 0.00000000 	 0.00000000 	 0.00000000 	 0.00000000 	 0.00000000 	 0.00000379 	 0.00000000 	 0.00000000 	 0.00030118 	 0.00000000 	 0.00000000 	 0.00000000 	 0.01007122 	 0.00000000 	 3.94029481 	 382.36339800 	 62.87089656 	 8.71243001 	 1.35640011 	 12.53577503 	 0.99746319 	 4.20321172
1833 	 0.02421202 	 0.36837347 	 35.98083111 	 0.25865100 	 1.67461019 	 0.00000000 	 0.00000000 	 0.00000000 	 0.00000000 	 0.00000000 	 104.89175000 	 0.02485686 	 0.00000000 	 0.00000000 	 0.00000000 	 0.00000000 	 0.00000000 	 0.00772327 	 0.00000000 	 0.00000000 	 0.00000000 	 0.00000000 	 0.00000000 	 0.00000382 	 0.00000000 	 0.00000000 	 0.00030512 	 0.00000000 	 0.00000000 	 0.00000000 	 0.01007049 	 0.00000000 	 3.89951621 	 383.45379279 	 63.06958370 	 8.79092296 	 1.35011594 	 12.61210363 	 1.00684344 	 4.25239329
1834 	 0.02468763 	 0.37515048 	 36.76106097 	 0.26353750 	 1.72202542 	 0.00000000 	 0.00000000 	 0.00000000 	 0.00000000 	 0.00000000 	 104.85400000 	 0.02485686 	 0.00000000 	 0.00000000 	 0.00000000 	 0.00000000 	 0.00000000 	 0.00772327 	 0.00000000 	 0.00000000 	 0.00000000 	 0.00000000 	 0.00000000 	 0.00000386 	 0.00000000 	 0.00000000 	 0.00030893 	 0.00000000 	 0.00000000 	 0.00000000 	 0.01007196 	 0.00000000 	 3.98311715 	 394.14290234 	 65.10499264 	 9.00142047 	 1.38921464 	 13.13635246 	 1.02323083 	 4.31793288
1835 	 0.02525833 	 0.38205217 	 36.88278973 	 0.26851632 	 1.71897686 	 0.00000000 	 0.00000000 	 0.00000000 	 0.00000000 	 0.00000000 	 104.86980000 	 0.02485686 	 0.00000000 	 0.00000000 	 0.00000000 	 0.00000000 	 0.00000000 	 0.00772327 	 0.00000000 	 0.00000000 	 0.00000000 	 0.00000000 	 0.00000000 	 0.00000390 	 0.00000000 	 0.00000000 	 0.00031307 	 0.00000000 	 0.00000000 	 0.00000000 	 0.01007122 	 0.00000000 	 3.99259974 	 390.55513918 	 64.23544317 	 8.92554829 	 1.37939039 	 12.82848880 	 1.02606599 	 4.34199799
1836 	 0.02920337 	 0.38908083 	 37.24729235 	 0.27358920 	 1.78386664 	 0.00000000 	 0.00000000 	 0.00000000 	 0.00000000 	 0.00000000 	 104.84901000 	 0.02485686 	 0.00000000 	 0.00000000 	 0.00000000 	 0.00000000 	 0.00000000 	 0.00772327 	 0.00000000 	 0.00000000 	 0.00000000 	 0.00000000 	 0.00000000 	 0.00000393 	 0.00000000 	 0.00000000 	 0.00031697 	 0.00000000 	 0.00000000 	 0.00000000 	 0.01007122 	 0.00000000 	 3.91160856 	 389.97866439 	 64.08016333 	 8.99301509 	 1.35916934 	 12.83028475 	 1.04501862 	 4.40471954
1837 	 0.02924268 	 0.39623880 	 37.69980678 	 0.27875792 	 1.79887801 	 0.00000000 	 0.00000000 	 0.00000000 	 0.00000000 	 0.00000000 	 104.86946000 	 0.02485686 	 0.00000000 	 0.00000000 	 0.00000000 	 0.00000000 	 0.00000000 	 0.00772327 	 0.00000000 	 0.00000000 	 0.00000000 	 0.00000000 	 0.00000000 	 0.00000397 	 0.00000000 	 0.00000000 	 0.00032114 	 0.00000000 	 0.00000000 	 0.00000000 	 0.01007122 	 0.00000000 	 4.03419684 	 394.75650377 	 64.82242714 	 9.02705982 	 1.39004655 	 12.91380059 	 1.05016363 	 4.44003465
1838 	 0.03027035 	 0.40352845 	 38.24210962 	 0.28402429 	 1.84235204 	 0.00000000 	 0.00000000 	 0.00000000 	 0.00000000 	 0.00000000 	 104.85548000 	 0.02485686 	 0.00000000 	 0.00000000 	 0.00000000 	 0.00000000 	 0.00000000 	 0.00772327 	 0.00000000 	 0.00000000 	 0.00000000 	 0.00000000 	 0.00000000 	 0.00000400 	 0.00000000 	 0.00000000 	 0.00032509 	 0.00000000 	 0.00000000 	 0.00000000 	 0.01007122 	 0.00000000 	 4.13600055 	 401.29618701 	 65.94724657 	 9.12253589 	 1.42223182 	 13.16907262 	 1.05507993 	 4.47246585
1839 	 0.03129160 	 0.41095221 	 38.51117556 	 0.28939015 	 1.84389040 	 0.00000000 	 0.00000000 	 0.00000000 	 0.00000000 	 0.00000000 	 104.83788000 	 0.02485686 	 0.00000000 	 0.00000000 	 0.00000000 	 0.00000000 	 0.00000000 	 0.00772327 	 0.00000000 	 0.00000000 	 0.00000000 	 0.00000000 	 0.00000000 	 0.00000404 	 0.00000000 	 0.00000000 	 0.00032902 	 0.00000000 	 0.00000000 	 0.00000000 	 0.01007122 	 0.00000000 	 4.00932861 	 396.91163686 	 65.11131218 	 9.13960833 	 1.38695085 	 12.98298331 	 1.06568729 	 4.52219302
1840 	 0.03352266 	 0.41851255 	 38.88776194 	 0.29485739 	 1.87496505 	 0.00000000 	 0.00000000 	 0.00000000 	 0.00000000 	 0.00000000 	 104.80755000 	 0.02485686 	 0.00000000 	 0.00000000 	 0.00000000 	 0.00000000 	 0.00000000 	 0.00772327 	 0.00000000 	 0.00000000 	 0.00000000 	 0.00000000 	 0.00000000 	 0.00000407 	 0.00000000 	 0.00000000 	 0.00033285 	 0.00000000 	 0.00000000 	 0.00000000 	 0.01007122 	 0.00000000 	 3.91842154 	 395.88091619 	 64.92298176 	 9.21132630 	 1.36560539 	 13.00170670 	 1.07827213 	 4.57342578
1841 	 0.03458028 	 0.42621197 	 39.38162317 	 0.30042791 	 1.91710593 	 0.00000000 	 0.00000000 	 0.00000000 	 0.00000000 	 0.00000000 	 104.84789000 	 0.02485686 	 0.00000000 	 0.00000000 	 0.00000000 	 0.00000000 	 0.00000000 	 0.00772327 	 0.00000000 	 0.00000000 	 0.00000000 	 0.00000000 	 0.00000000 	 0.00000411 	 0.00000000 	 0.00000000 	 0.00033716 	 0.00000000 	 0.00000000 	 0.00000000 	 0.01007122 	 0.00000000 	 4.08335182 	 402.37274182 	 65.94544518 	 9.24945320 	 1.40607000 	 13.13544894 	 1.08441986 	 4.61009463
1842 	 0.03661779 	 0.43405305 	 39.61872888 	 0.30610367 	 1.93231091 	 0.00000000 	 0.00000000 	 0.00000000 	 0.00000000 	 0.00000000 	 104.84034000 	 0.02485686 	 0.00000000 	 0.00000000 	 0.00000000 	 0.00000000 	 0.00000000 	 0.00772327 	 0.00000000 	 0.00000000 	 0.00000000 	 0.00000000 	 0.00000000 	 0.00000414 	 0.00000000 	 0.00000000 	 0.00034114 	 0.00000000 	 0.00000000 	 0.00000000 	 0.01007049 	 0.00000000 	 3.93030273 	 396.99512214 	 64.92167359 	 9.26138185 	 1.36622278 	 12.95963499 	 1.08294769 	 4.63132672
1843 	 0.03742771 	 0.44203837 	 39.65326382 	 0.31188667 	 1.93050801 	 0.00000000 	 0.00000000 	 0.00000000 	 0.00000000 	 0.00000000 	 104.85726000 	 0.02485686 	 0.00000000 	 0.00000000 	 0.00000000 	 0.00000000 	 0.00000000 	 0.00772327 	 0.00000000 	 0.00000000 	 0.00000000 	 0.00000000 	 0.00000000 	 0.00000418 	 0.00000000 	 0.00000000 	 0.00034530 	 0.00000000 	 0.00000000 	 0.00000000 	 0.01007196 	 0.00000000 	 3.84033514 	 389.73678087 	 63.42406091 	 9.18585261 	 1.32888433 	 12.57505963 	 1.08225194 	 4.64315869
1844 	 0.03982284 	 0.45017061 	 40.04426499 	 0.31777891 	 1.99232039 	 0.00000000 	 0.00000000 	 0.00000000 	 0.00000000 	 0.00000000 	 104.85117000 	 0.02485686 	 0.00000000 	 0.00000000 	 0.00000000 	 0.00000000 	 0.00000000 	 0.00772327 	 0.00000000 	 0.00000000 	 0.00000000 	 0.00000000 	 0.00000000 	 0.00000422 	 0.00000000 	 0.00000000 	 0.00034929 	 0.00000000 	 0.00000000 	 0.00000000 	 0.01007122 	 0.00000000 	 3.95940103 	 392.70744171 	 63.76245430 	 9.17891353 	 1.34983348 	 12.48918415 	 1.09399242 	 4.69093775
1845 	 0.04376561 	 0.45845245 	 40.66967667 	 0.32378247 	 2.08129490 	 0.00000000 	 0.00000000 	 0.00000000 	 0.00000000 	 0.00000000 	 104.83257000 	 0.02485686 	 0.00000000 	 0.00000000 	 0.00000000 	 0.00000000 	 0.00000000 	 0.00772327 	 0.00000000 	 0.00000000 	 0.00000000 	 0.00000000 	 0.00000000 	 0.00000425 	 0.00000000 	 0.00000000 	 0.00035320 	 0.00000000 	 0.00000000 	 0.00000000 	 0.01007122 	 0.00000000 	 3.95197867 	 397.85005600 	 64.68556723 	 9.30790591 	 1.36481272 	 12.86379989 	 1.10655916 	 4.73556342
1846 	 0.04417061 	 0.46688665 	 40.97519975 	 0.32989946 	 2.07320069 	 0.00000000 	 0.00000000 	 0.00000000 	 0.00000000 	 0.00000000 	 104.82423000 	 0.02485686 	 0.00000000 	 0.00000000 	 0.00000000 	 0.00000000 	 0.00000000 	 0.00772327 	 0.00000000 	 0.00000000 	 0.00000000 	 0.00000000 	 0.00000000 	 0.00000429 	 0.00000000 	 0.00000000 	 0.00035718 	 0.00000000 	 0.00000000 	 0.00000000 	 0.01007122 	 0.00000000 	 3.94365628 	 395.90826217 	 64.24405153 	 9.30249836 	 1.35025534 	 12.60562624 	 1.12094341 	 4.79325232
1847 	 0.04743588 	 0.47547602 	 41.61647168 	 0.33613200 	 2.15517685 	 0.00000000 	 0.00000000 	 0.00000000 	 0.00000000 	 0.00000000 	 104.82758000 	 0.02485686 	 0.00000000 	 0.00000000 	 0.00000000 	 0.00000000 	 0.00000000 	 0.00772327 	 0.00000000 	 0.00000000 	 0.00000000 	 0.00000000 	 0.00000000 	 0.00000432 	 0.00000000 	 0.00000000 	 0.00036124 	 0.00000000 	 0.00000000 	 0.00000000 	 0.01007122 	 0.00000000 	 4.03454520 	 402.98515747 	 65.44362075 	 9.40196202 	 1.38303775 	 12.91262560 	 1.13807748 	 4.84788859
1848 	 0.04708927 	 0.48422341 	 42.44947063 	 0.34248230 	 2.20538503 	 0.00000000 	 0.00000000 	 0.00000000 	 0.00000000 	 0.00000000 	 104.78829000 	 0.02485686 	 0.00000000 	 0.00000000 	 0.00000000 	 0.00000000 	 0.00000000 	 0.00772327 	 0.00000000 	 0.00000000 	 0.00000000 	 0.00000000 	 0.00000000 	 0.00000436 	 0.00000000 	 0.00000000 	 0.00036499 	 0.00000000 	 0.00001495 	 0.00000000 	 0.01007049 	 0.00000000 	 4.14886500 	 413.55829295 	 67.39824375 	 9.57323857 	 1.42977559 	 13.40264406 	 1.14759621 	 4.89804967
1849 	 0.04882186 	 0.49313173 	 42.63396461 	 0.34895257 	 2.22587301 	 0.00000000 	 0.00000000 	 0.00000000 	 0.00000000 	 0.00000000 	 104.81678000 	 0.02485686 	 0.00000000 	 0.00000000 	 0.00000000 	 0.00000000 	 0.00000000 	 0.00772327 	 0.00000000 	 0.00000000 	 0.00000000 	 0.00000000 	 0.00000000 	 0.00000439 	 0.00000000 	 0.00000000 	 0.00036923 	 0.00000000 	 0.00011956 	 0.00000000 	 0.01007196 	 0.00000000 	 4.08093084 	 408.93993412 	 66.42707154 	 9.54335883 	 1.40041826 	 13.15005863 	 1.15197583 	 4.92472764
1850 	 0.05135378 	 0.50220393 	 43.14236365 	 0.35554507 	 2.27677635 	 0.00000000 	 0.00000000 	 0.00000000 	 0.00000000 	 0.00000000 	 104.93295000 	 0.02485686 	 0.00000000 	 0.00000000 	 0.00000000 	 0.00000000 	 0.00000000 	 0.00772327 	 0.00000000 	 0.00000000 	 0.00000000 	 0.00000000 	 0.00000000 	 0.00000444 	 0.00000000 	 0.00000000 	 0.00037413 	 0.00000000 	 0.00022474 	 0.00000000 	 0.01007122 	 0.00000000 	 4.09079936 	 411.46287432 	 66.78304875 	 9.60416256 	 1.40985355 	 13.26860301 	 1.16127093 	 4.95822177
1851 	 0.05153108 	 0.49435682 	 43.15191371 	 0.36351949 	 2.25780646 	 0.00000000 	 0.00000000 	 0.00000000 	 0.00000000 	 0.00000000 	 104.96457000 	 0.02485686 	 0.00000000 	 0.00000000 	 0.00000000 	 0.00000000 	 0.00000000 	 0.00772327 	 0.00000000 	 0.00000000 	 0.00000000 	 0.00000000 	 0.00000000 	 0.00000448 	 0.00000000 	 0.00000000 	 0.00037842 	 0.00000000 	 0.00024083 	 0.00000000 	 0.01007122 	 0.00000000 	 4.00442174 	 402.24481525 	 64.95004659 	 9.47847133 	 1.36897130 	 12.76098965 	 1.15772128 	 4.96531085
1852 	 0.05360990 	 0.55035240 	 43.34412933 	 0.37214377 	 2.27863486 	 0.00000000 	 0.00000000 	 0.00000000 	 0.00000000 	 0.00000000 	 104.98199000 	 0.02485686 	 0.00000000 	 0.00000000 	 0.00000000 	 0.00000000 	 0.00000000 	 0.00772327 	 0.00000000 	 0.00000000 	 0.00000000 	 0.00000000 	 0.00000000 	 0.00000451 	 0.00000000 	 0.00000000 	 0.00038260 	 0.00000000 	 0.00024180 	 0.00000000 	 0.01007122 	 0.00000000 	 3.95255307 	 397.49851999 	 63.95789986 	 9.42452025 	 1.34277076 	 12.47583786 	 1.16486340 	 5.00342369
1853 	 0.05591847 	 0.54829886 	 43.88435963 	 0.37982347 	 2.32744250 	 0.00000000 	 0.00000000 	 0.00000000 	 0.00000000 	 0.00000000 	 104.96930000 	 0.02485686 	 0.00000000 	 0.00000000 	 0.00000000 	 0.00000000 	 0.00000000 	 0.00772327 	 0.00000000 	 0.00000000 	 0.00000000 	 0.00000000 	 0.00000000 	 0.00000455 	 0.00000000 	 0.00000000 	 0.00038655 	 0.00000000 	 0.00024278 	 0.00000000 	 0.01007122 	 0.00000000 	 3.96241298 	 400.33880414 	 64.44555418 	 9.49318713 	 1.34933493 	 12.59722807 	 1.17847682 	 5.06126181
1854 	 0.06585575 	 0.54640869 	 44.80907906 	 0.38782576 	 2.53627177 	 0.00000000 	 0.00000000 	 0.00000000 	 0.00000000 	 0.00000000 	 104.92260000 	 0.02485686 	 0.00000000 	 0.00000000 	 0.00000000 	 0.00000000 	 0.00000000 	 0.00772327 	 0.00000000 	 0.00000000 	 0.00000000 	 0.00000000 	 0.00000000 	 0.00000458 	 0.00000000 	 0.00000000 	 0.00039023 	 0.00000000 	 0.00024406 	 0.00000000 	 0.01007122 	 0.00000000 	 4.08028498 	 413.39913151 	 66.79469522 	 9.70892605 	 1.39571707 	 13.17829469 	 1.21433148 	 5.16213663
1855 	 0.06652029 	 0.54342901 	 44.95705390 	 0.39485736 	 2.53299421 	 0.00000000 	 0.00000000 	 0.00000000 	 0.00000000 	 0.00000000 	 104.95064000 	 0.02485686 	 0.00000000 	 0.00000000 	 0.00000000 	 0.00000000 	 0.00000000 	 0.00772327 	 0.00000000 	 0.00000000 	 0.00000000 	 0.00000000 	 0.00000000 	 0.00000462 	 0.00000000 	 0.00000000 	 0.00039450 	 0.00000000 	 0.00024548 	 0.00000000 	 0.01007049 	 0.00000000 	 4.06558999 	 408.11045388 	 65.65156398 	 9.60821845 	 1.37672168 	 12.79897242 	 1.21654263 	 5.19267617
1856 	 0.07115260 	 0.54939238 	 45.32147323 	 0.40091148 	 2.59946467 	 0.00000000 	 0.00000000 	 0.00000000 	 0.00000000 	 0.00000000 	 104.92886000 	 0.02485686 	 0.00000000 	 0.00000000 	 0.00000000 	 0.00000000 	 0.00000000 	 0.00772327 	 0.00000000 	 0.00000000 	 0.00000000 	 0.00000000 	 0.00000000 	 0.00000465 	 0.00000000 	 0.00000000 	 0.00039837 	 0.00000000 	 0.00024705 	 0.00000000 	 0.01007196 	 0.00000000 	 3.93562858 	 404.85491673 	 65.04253470 	 9.64896741 	 1.34002851 	 12.69496842 	 1.23340149 	 5.25914963
1857 	 0.07185041 	 0.55472479 	 46.01300694 	 0.40721930 	 2.64815899 	 0.00000000 	 0.00000000 	 0.00000000 	 0.00000000 	 0.00000000 	 104.94976000 	 0.02485686 	 0.00000000 	 0.00000000 	 0.00000000 	 0.00000000 	 0.00000000 	 0.00772327 	 0.00000000 	 0.00000000 	 0.00000000 	 0.00000000 	 0.00000000 	 0.00000469 	 0.00000000 	 0.00000000 	 0.00040259 	 0.00000000 	 0.00024876 	 0.00000000 	 0.01007122 	 0.00000000 	 4.15294342 	 414.67319185 	 66.72779877 	 9.71798745 	 1.40154772 	 12.99873839 	 1.23490486 	 5.29282726
1858 	 0.07298394 	 0.55939796 	 46.54057729 	 0.41220681 	 2.68603275 	 0.00000000 	 0.00000000 	 0.00000000 	 0.00000000 	 0.00000000 	 104.93987000 	 0.02485686 	 0.00000000 	 0.00000000 	 0.00000000 	 0.00000000 	 0.00000000 	 0.00772327 	 0.00000000 	 0.00000000 	 0.00000000 	 0.00000000 	 0.00000000 	 0.00000473 	 0.00000000 	 0.00000000 	 0.00040655 	 0.00000000 	 0.00025062 	 0.00000000 	 0.01007122 	 0.00000000 	 4.23455311 	 419.01402361 	 67.47060376 	 9.77387272 	 1.42468915 	 13.15495736 	 1.23543349 	 5.32431894
1859 	 0.07780497 	 0.56704179 	 46.94962615 	 0.41668339 	 2.76656619 	 0.00000000 	 0.00000000 	 0.00000000 	 0.00000000 	 0.00000000 	 104.91443000 	 0.02485686 	 0.00000000 	 0.00000000 	 0.00000000 	 0.00000000 	 0.00000000 	 0.00772327 	 0.00000000 	 0.00000000 	 0.00000000 	 0.00000000 	 0.00000000 	 0.00000476 	 0.00000000 	 0.00000000 	 0.00041039 	 0.00000000 	 0.00025263 	 0.00000000 	 0.01007122 	 0.00000000 	 4.11357190 	 416.29974849 	 66.95694734 	 9.81563379 	 1.39135962 	 13.04837298 	 1.25684363 	 5.40113300
1860 	 0.08575383 	 0.57155939 	 47.37614023 	 0.42043573 	 2.89965090 	 0.00000000 	 0.00000000 	 0.00000000 	 0.00000000 	 0.00000000 	 104.89112000 	 0.02485686 	 0.00000000 	 0.00000000 	 0.00000000 	 0.00000000 	 0.00000000 	 0.00772327 	 0.00000000 	 0.00000000 	 0.00000000 	 0.00000000 	 0.00000000 	 0.00000479 	 0.00000000 	 0.00000000 	 0.00041424 	 0.00000000 	 0.00025478 	 0.00000000 	 0.01081068 	 0.00000000 	 4.05492495 	 416.06399659 	 66.84953493 	 9.86846259 	 1.37512964 	 13.06056175 	 1.27327509 	 5.45990626
1861 	 0.09038281 	 0.58274225 	 48.23468670 	 0.42304105 	 2.97258398 	 0.00000000 	 0.00000000 	 0.00000000 	 0.00000000 	 0.00000000 	 104.94268000 	 0.02485686 	 0.00000000 	 0.00000000 	 0.00000000 	 0.00000000 	 0.00000000 	 0.00772327 	 0.00000000 	 0.00000000 	 0.00000000 	 0.00000000 	 0.00000000 	 0.00000483 	 0.00000000 	 0.00000000 	 0.00041871 	 0.00000000 	 0.00025708 	 0.00000000 	 0.01081069 	 0.00000000 	 4.15501231 	 417.24413722 	 66.88575551 	 9.85713565 	 1.38939413 	 12.95182710 	 1.28087454 	 5.48529273
1862 	 0.09180996 	 0.52263988 	 49.13056212 	 0.42564762 	 2.97769543 	 0.00000000 	 0.00000000 	 0.00000000 	 0.00000000 	 0.00000000 	 104.93302000 	 0.02485686 	 0.00000000 	 0.00000000 	 0.00000000 	 0.00000000 	 0.00000000 	 0.00772327 	 0.00000000 	 0.00000000 	 0.00000000 	 0.00000000 	 0.00000000 	 0.00000487 	 0.00000000 	 0.00000000 	 0.00042268 	 0.00000000 	 0.00025952 	 0.00000000 	 0.01007125 	 0.00000000 	 4.03642566 	 414.16280656 	 66.35896016 	 9.91888197 	 1.36174795 	 12.89796496 	 1.28681704 	 5.51792825
1863 	 0.09742952 	 0.52281751 	 49.71022253 	 0.42811005 	 3.06579297 	 0.00000000 	 0.00000000 	 0.00000000 	 0.00000000 	 0.00000000 	 104.95090000 	 0.02485686 	 0.00000000 	 0.00000000 	 0.00000000 	 0.00000000 	 0.00000000 	 0.00772327 	 0.00000000 	 0.00000000 	 0.00000000 	 0.00000000 	 0.00000000 	 0.00000491 	 0.00000000 	 0.00000000 	 0.00042688 	 0.00000000 	 0.00026211 	 0.00000000 	 0.01007125 	 0.00000000 	 3.96560135 	 408.12241941 	 65.00963540 	 9.86866585 	 1.32744048 	 12.52633195 	 1.30182904 	 5.56507906
1864 	 0.10466172 	 0.52316439 	 50.66032473 	 0.43068962 	 3.19462089 	 0.00000000 	 0.00000000 	 0.00000000 	 0.00000000 	 0.00000000 	 104.94467000 	 0.02485686 	 0.00000000 	 0.00000000 	 0.00000000 	 0.00000000 	 0.00000000 	 0.00772327 	 0.00000000 	 0.00000000 	 0.00000000 	 0.00000000 	 0.00000000 	 0.00000494 	 0.00000000 	 0.00000000 	 0.00043087 	 0.00000000 	 0.00026485 	 0.00000000 	 0.01007125 	 0.00000000 	 4.08136795 	 411.33106429 	 65.39906664 	 9.88713408 	 1.34624410 	 12.47255978 	 1.32151154 	 5.62125752
1865 	 0.11086914 	 0.52393292 	 51.98007510 	 0.43311237 	 3.32854160 	 0.00000000 	 0.00000000 	 0.00000000 	 0.00000000 	 0.00000000 	 104.93017000 	 0.02485686 	 0.00000000 	 0.00000000 	 0.00000000 	 0.00000000 	 0.00000000 	 0.00772327 	 0.00000000 	 0.00000000 	 0.00000000 	 0.00000000 	 0.00000000 	 0.00000498 	 0.00000000 	 0.00000000 	 0.00043479 	 0.00000000 	 0.00026774 	 0.00000000 	 0.01081071 	 0.00000000 	 4.15146609 	 420.48900498 	 67.10347351 	 10.07353478 	 1.38393328 	 12.99709115 	 1.33626778 	 5.66947723
1866 	 0.11466903 	 0.52406882 	 52.74699293 	 0.43541664 	 3.38974638 	 0.00000000 	 0.00000000 	 0.00000000 	 0.00000000 	 0.00000000 	 104.92398000 	 0.02485686 	 0.00000000 	 0.00000000 	 0.00000000 	 0.00000000 	 0.00000000 	 0.00772327 	 0.00000000 	 0.00000000 	 0.00000000 	 0.00000000 	 0.00000000 	 0.00000501 	 0.00000000 	 0.00000000 	 0.00043878 	 0.00000000 	 0.00027077 	 0.00000000 	 0.01081072 	 0.00000000 	 4.12751154 	 417.10118493 	 66.37528156 	 10.06454912 	 1.36023022 	 12.66276268 	 1.35006812 	 5.73191751
1867 	 0.12250781 	 0.52255982 	 53.94102178 	 0.43788065 	 3.56700166 	 0.00000000 	 0.00000000 	 0.00000000 	 0.00000000 	 0.00000000 	 104.93094000 	 0.02485686 	 0.00000000 	 0.00000000 	 0.00000000 	 0.00000000 	 0.00000000 	 0.00772327 	 0.00000000 	 0.00000000 	 0.00000000 	 0.00000000 	 0.00000000 	 0.00000505 	 0.00000000 	 0.00000000 	 0.00044289 	 0.00000000 	 0.00027394 	 0.00000000 	 0.01007054 	 0.00000000 	 4.22487603 	 424.29697530 	 67.66026449 	 10.18913310 	 1.39345939 	 12.99673037 	 1.36756329 	 5.77162580
1868 	 0.12553338 	 0.52109965 	 55.28767356 	 0.44110183 	 3.66992005 	 0.00000000 	 0.00000000 	 0.00000000 	 0.00000000 	 0.00000000 	 104.89186000 	 0.02485686 	 0.00000000 	 0.00000000 	 0.00000000 	 0.00000000 	 0.00000000 	 0.00772327 	 0.00000000 	 0.00000000 	 0.00000000 	 0.00000000 	 0.00000000 	 0.00000508 	 0.00000000 	 0.00000000 	 0.00044658 	 0.00000000 	 0.00027727 	 0.00000000 	 0.01007202 	 0.00000000 	 4.35680292 	 434.93022826 	 69.64729381 	 10.37220092 	 1.44103079 	 13.47067471 	 1.38410977 	 5.83057286
1869 	 0.13321081 	 0.51945615 	 55.83359728 	 0.44357398 	 3.79312815 	 0.00000000 	 0.00000000 	 0.00000000 	 0.00000000 	 0.00000000 	 104.93014000 	 0.02485686 	 0.00000000 	 0.00000000 	 0.00000000 	 0.00000000 	 0.00000000 	 0.00772327 	 0.00000000 	 0.00000000 	 0.00000000 	 0.00000000 	 0.00000000 	 0.00000512 	 0.00000000 	 0.00000000 	 0.00045097 	 0.00000000 	 0.00028073 	 0.00000000 	 0.01081074 	 0.00000000 	 4.23900394 	 426.40361673 	 67.92949559 	 10.31106127 	 1.38974100 	 13.02658904 	 1.39526332 	 5.86223600
1870 	 0.13659162 	 0.51835778 	 56.99659231 	 0.44630362 	 3.88923694 	 0.00000000 	 0.00000000 	 0.00000000 	 0.00000000 	 0.00000000 	 104.89317000 	 0.02485686 	 0.00000000 	 0.00000000 	 0.00000000 	 0.00000000 	 0.00000000 	 0.00772327 	 0.00000000 	 0.00000000 	 0.00000000 	 0.00000000 	 0.00000000 	 0.00000515 	 0.00000000 	 0.00000000 	 0.00045467 	 0.00000000 	 0.00028435 	 0.00000000 	 0.01081075 	 0.00000000 	 4.31702620 	 433.22876245 	 69.12187694 	 10.44102397 	 1.42148442 	 13.33667612 	 1.40971636 	 5.92144463
1871 	 0.14516120 	 0.53848893 	 57.57401422 	 0.45399380 	 4.01779633 	 0.00000000 	 0.00000000 	 0.00000000 	 0.00000000 	 0.00000000 	 104.92871000 	 0.02485686 	 0.00000000 	 0.00000000 	 0.00000000 	 0.00000000 	 0.00000000 	 0.00772327 	 0.00000000 	 0.00000000 	 0.00000000 	 0.00000000 	 0.00000000 	 0.00000519 	 0.00000000 	 0.00000000 	 0.00045904 	 0.00000000 	 0.00028811 	 0.00000000 	 0.01007131 	 0.00000000 	 4.26304215 	 425.16065132 	 67.42862358 	 10.36949770 	 1.38415476 	 12.83646332 	 1.41367559 	 5.92531045
1872 	 0.16024941 	 0.62385979 	 58.18710545 	 0.47050804 	 4.25212385 	 0.00000000 	 0.00000000 	 0.00000000 	 0.00000000 	 0.00000000 	 104.95075000 	 0.02485686 	 0.00000000 	 0.00000000 	 0.00000000 	 0.00000000 	 0.00000000 	 0.00772327 	 0.00000000 	 0.00000000 	 0.00000000 	 0.00000000 	 0.00000000 	 0.00000523 	 0.00000000 	 0.00000000 	 0.00046330 	 0.00000000 	 0.00029202 	 0.00000000 	 0.01081076 	 0.00000000 	 4.17248307 	 417.74427336 	 65.84553711 	 10.33038424 	 1.33853838 	 12.40998519 	 1.43275431 	 5.95535646
1873 	 0.16999248 	 0.63481313 	 59.62016165 	 0.49352232 	 4.47541460 	 0.00000000 	 0.00000000 	 0.00000000 	 0.00000000 	 0.00000000 	 104.93223000 	 0.02485686 	 0.00000000 	 0.00000000 	 0.00000000 	 0.00000000 	 0.00000000 	 0.00772327 	 0.00000000 	 0.00000000 	 0.00000000 	 0.00000000 	 0.00000000 	 0.00000526 	 0.00000000 	 0.00000000 	 0.00046717 	 0.00000000 	 0.00029607 	 0.00000000 	 0.01081078 	 0.00000000 	 4.30356496 	 429.28028904 	 67.99437045 	 10.56453512 	 1.38477011 	 12.91942275 	 1.45686373 	 6.01787616
1874 	 0.16091514 	 0.64206988 	 60.88850035 	 0.52134292 	 4.38410143 	 0.00000000 	 0.00000000 	 0.00000000 	 0.00000000 	 0.00000000 	 104.88493000 	 0.02485686 	 0.00000000 	 0.00000000 	 0.00000000 	 0.00000000 	 0.00000000 	 0.00772327 	 0.00000000 	 0.00000000 	 0.00000000 	 0.00000000 	 0.00000000 	 0.00000530 	 0.00000000 	 0.00000000 	 0.00047076 	 0.00000000 	 0.00030027 	 0.00000000 	 0.01081079 	 0.00000000 	 4.36308573 	 435.80418001 	 69.34908007 	 10.75161101 	 1.41479159 	 13.27580335 	 1.45326732 	 6.02900737
1875 	 0.17315415 	 0.64992770 	 61.44717030 	 0.55174781 	 4.55451006 	 0.00000000 	 0.00000000 	 0.00000000 	 0.00000000 	 0.00000000 	 104.93101000 	 0.02485686 	 0.00000000 	 0.00000000 	 0.00000000 	 0.00000000 	 0.00000000 	 0.00772327 	 0.00000000 	 0.00000000 	 0.00000000 	 0.00000000 	 0.00000000 	 0.00000533 	 0.00000000 	 0.00000000 	 0.00047525 	 0.00000000 	 0.00030462 	 0.00000000 	 0.01081081 	 0.00000000 	 4.30512155 	 426.89349545 	 67.48208860 	 10.66354523 	 1.37324083 	 12.70878477 	 1.46024828 	 6.04509132
1876 	 0.17583169 	 0.65764191 	 62.60294811 	 0.58244422 	 4.64236098 	 0.00000000 	 0.00000000 	 0.00000000 	 0.00000000 	 0.00000000 	 104.90175000 	 0.02485686 	 0.00000000 	 0.00000000 	 0.00000000 	 0.00000000 	 0.00000000 	 0.00772327 	 0.00000000 	 0.00000000 	 0.00000000 	 0.00000000 	 0.00000000 	 0.00000537 	 0.00000000 	 0.00000000 	 0.00047901 	 0.00000000 	 0.00030911 	 0.00000000 	 0.01081082 	 0.00000000 	 4.26728170 	 429.48054773 	 68.07266489 	 10.83189303 	 1.36839945 	 12.90197323 	 1.47472581 	 6.10016743
1877 	 0.17971645 	 0.66429158 	 63.64524259 	 0.61176567 	 4.76469674 	 0.00000000 	 0.00000000 	 0.00000000 	 0.00000000 	 0.00000000 	 104.92824000 	 0.02485686 	 0.00000000 	 0.00000000 	 0.00000000 	 0.00000000 	 0.00000000 	 0.00772327 	 0.00000000 	 0.00000000 	 0.00000000 	 0.00000000 	 0.00000000 	 0.00000541 	 0.00000000 	 0.00000000 	 0.00048331 	 0.00000000 	 0.00031375 	 0.00000000 	 0.01081084 	 0.00000000 	 4.40692911 	 434.06034600 	 68.77838073 	 10.89702160 	 1.40182301 	 12.97853584 	 1.47975617 	 6.11052326
1878 	 0.18066751 	 0.67117908 	 64.71120383 	 0.63723819 	 4.80842768 	 0.00000000 	 0.00000000 	 0.00000000 	 0.00000000 	 0.00000000 	 104.92472000 	 0.02485686 	 0.00000000 	 0.00000000 	 0.00000000 	 0.00000000 	 0.00000000 	 0.00772327 	 0.00000000 	 0.00000000 	 0.00000000 	 0.00000000 	 0.00000000 	 0.00000544 	 0.00000000 	 0.00000000 	 0.00048732 	 0.00000000 	 0.00031854 	 0.00000000 	 0.01081085 	 0.00000000 	 4.49642067 	 437.95994977 	 69.46979574 	 10.99894534 	 1.42489594 	 13.10796596 	 1.48014056 	 6.12020535
1879 	 0.19305846 	 0.67820435 	 65.90279841 	 0.65843057 	 5.05685513 	 0.00000000 	 0.00000000 	 0.00000000 	 0.00000000 	 0.00000000 	 104.88028000 	 0.02485686 	 0.00000000 	 0.00000000 	 0.00000000 	 0.00000000 	 0.00000000 	 0.00772327 	 0.00000000 	 0.00000000 	 0.00000000 	 0.00000000 	 0.00000000 	 0.00000547 	 0.00000000 	 0.00000000 	 0.00049092 	 0.00000000 	 0.00032347 	 0.00000000 	 0.01081087 	 0.00000000 	 4.44053163 	 440.85175907 	 70.08572002 	 11.18150569 	 1.41277131 	 13.27672711 	 1.51648734 	 6.21058828
1880 	 0.21920718 	 0.68444270 	 66.66498430 	 0.67227114 	 5.47909749 	 0.00000000 	 0.00000000 	 0.00000000 	 0.00000000 	 0.00000000 	 104.88174000 	 0.02485686 	 0.00000000 	 0.00000000 	 0.00000000 	 0.00000000 	 0.00000000 	 0.00772327 	 0.00000000 	 0.00000000 	 0.00000000 	 0.00000000 	 0.00000000 	 0.00000551 	 0.00000000 	 0.00000000 	 0.00049498 	 0.00000000 	 0.00032855 	 0.00000000 	 0.01081014 	 0.00000000 	 4.38021501 	 437.36572754 	 69.18788119 	 11.21057035 	 1.37970954 	 13.07624494 	 1.54146253 	 6.25057634
1881 	 0.22508679 	 0.72218861 	 67.70670095 	 0.68012415 	 5.65804687 	 0.00000000 	 0.00000000 	 0.00000000 	 0.00000000 	 0.00000000 	 104.92914000 	 0.02485686 	 0.00000000 	 0.00000000 	 0.00000000 	 0.00000000 	 0.00000000 	 0.00772327 	 0.00000000 	 0.00000000 	 0.00000000 	 0.00000000 	 0.00000000 	 0.00000555 	 0.00000000 	 0.00000000 	 0.00049950 	 0.00000000 	 0.00033378 	 0.00000000 	 0.01155109 	 0.00000000 	 4.52506909 	 440.97372482 	 69.70896889 	 11.27474846 	 1.40631549 	 13.05916594 	 1.55656173 	 6.26800030
1882 	 0.23680551 	 0.67397023 	 68.57787524 	 0.68873664 	 5.88116295 	 0.00000000 	 0.00000000 	 0.00000000 	 0.00000000 	 0.00000000 	 104.92759000 	 0.02485686 	 0.00000000 	 0.00000000 	 0.00000000 	 0.00000000 	 0.00000000 	 0.00772327 	 0.00000000 	 0.00000000 	 0.00000000 	 0.00000000 	 0.00000000 	 0.00000559 	 0.00000000 	 0.00000000 	 0.00050353 	 0.00000000 	 0.00033915 	 0.00000000 	 0.01155038 	 0.00000000 	 4.40327005 	 436.07863012 	 68.75016749 	 11.34322096 	 1.36692070 	 12.86204527 	 1.57742515 	 6.29611702
1883 	 0.25074275 	 0.68104137 	 69.18597910 	 0.69534852 	 6.13944640 	 0.00000000 	 0.00000000 	 0.00000000 	 0.00000000 	 0.00000000 	 104.95902000 	 0.02485686 	 0.00000000 	 0.00000000 	 0.00000000 	 0.00000000 	 0.00000000 	 0.00772327 	 0.00000000 	 0.00000000 	 0.00000000 	 0.00000000 	 0.00000000 	 0.00000562 	 0.00000000 	 0.00000000 	 0.00050790 	 0.00000000 	 0.00034467 	 0.00000000 	 0.01081096 	 0.00000000 	 4.33823349 	 428.22120343 	 67.06254476 	 11.30107278 	 1.32745985 	 12.41171819 	 1.59062424 	 6.29764317
1884 	 0.25269679 	 0.68426893 	 70.48060515 	 0.70116204 	 6.24609001 	 0.00000000 	 0.00000000 	 0.00000000 	 0.00000000 	 0.00000000 	 104.93535000 	 0.02485686 	 0.00000000 	 0.00000000 	 0.00000000 	 0.00000000 	 0.00000000 	 0.00772327 	 0.00000000 	 0.00000000 	 0.00000000 	 0.00000000 	 0.00000000 	 0.00000566 	 0.00000000 	 0.00000000 	 0.00051170 	 0.00000000 	 0.00035034 	 0.00000000 	 0.01081097 	 0.00000000 	 4.50104667 	 436.51834918 	 68.59402326 	 11.46377857 	 1.37125216 	 12.67617226 	 1.60690658 	 6.33371772
1885 	 0.25428891 	 0.69044542 	 71.60546241 	 0.70735779 	 6.29770338 	 0.00000000 	 0.00000000 	 0.00000000 	 0.00000000 	 0.00000000 	 104.93798000 	 0.02485686 	 0.00000000 	 0.00000000 	 0.00000000 	 0.00000000 	 0.00000000 	 0.00772327 	 0.00000000 	 0.00000000 	 0.00000000 	 0.00000000 	 0.00000000 	 0.00000569 	 0.00000000 	 0.00000000 	 0.00051577 	 0.00000000 	 0.00035615 	 0.00000000 	 0.01155044 	 0.00000000 	 4.48615153 	 438.14153854 	 68.94977818 	 11.60315357 	 1.37608218 	 12.86719880 	 1.61157647 	 6.33967026
1886 	 0.25816970 	 0.69151591 	 72.58254388 	 0.71209613 	 6.35581788 	 0.00000000 	 0.00000000 	 0.00000000 	 0.00000000 	 0.00000000 	 104.93570000 	 0.02485686 	 0.00000000 	 0.00000000 	 0.00000000 	 0.00000000 	 0.00000000 	 0.00772327 	 0.00000000 	 0.00000000 	 0.00000000 	 0.00000000 	 0.00000000 	 0.00000573 	 0.00000000 	 0.00000000 	 0.00051979 	 0.00000000 	 0.00036210 	 0.00000000 	 0.01155047 	 0.00000000 	 4.52798168 	 437.73332685 	 68.86926284 	 11.67579747 	 1.37167521 	 12.69590197 	 1.62847316 	 6.37191761
1887 	 0.27080924 	 0.69146649 	 73.77743063 	 0.71767581 	 6.60866856 	 0.00000000 	 0.00000000 	 0.00000000 	 0.00000000 	 0.00000000 	 104.94903000 	 0.02485686 	 0.00000000 	 0.00000000 	 0.00000000 	 0.00000000 	 0.00000000 	 0.00772327 	 0.00000000 	 0.00000000 	 0.00000000 	 0.00000000 	 0.00000000 	 0.00000577 	 0.00000000 	 0.00000000 	 0.00052398 	 0.00000000 	 0.00036821 	 0.00000000 	 0.01155050 	 0.00000000 	 4.61211205 	 443.10773814 	 69.79403942 	 11.82565523 	 1.39346502 	 12.92347563 	 1.65112506 	 6.40497801
1888 	 0.29884299 	 0.69112102 	 75.11035553 	 0.72367886 	 7.18541964 	 0.00000000 	 0.00000000 	 0.00000000 	 0.00000000 	 0.00000000 	 104.91459000 	 0.02485686 	 0.00000000 	 0.00000000 	 0.00000000 	 0.00000000 	 0.00000000 	 0.00772327 	 0.00000000 	 0.00000000 	 0.00000000 	 0.00000000 	 0.00000000 	 0.00000580 	 0.00000000 	 0.00000000 	 0.00052766 	 0.00000000 	 0.00037446 	 0.00000000 	 0.01155053 	 0.00000000 	 4.73483096 	 452.50230797 	 71.42723744 	 12.04162329 	 1.42227215 	 13.30097883 	 1.70121190 	 6.48476760
1889 	 0.29921459 	 0.69063074 	 75.92960019 	 0.73021381 	 7.18174545 	 0.00000000 	 0.00000000 	 0.00000000 	 0.00000000 	 0.00000000 	 104.95877000 	 0.02485686 	 0.00000000 	 0.00000000 	 0.00000000 	 0.00000000 	 0.00000000 	 0.00772327 	 0.00000000 	 0.00000000 	 0.00000000 	 0.00000000 	 0.00000000 	 0.00000584 	 0.00000000 	 0.00000000 	 0.00053218 	 0.00000000 	 0.00038086 	 0.00000000 	 0.01155056 	 0.00000000 	 4.72012028 	 448.69086963 	 70.65718772 	 12.07532791 	 1.40564110 	 13.07503323 	 1.69902724 	 6.47774383
1890 	 0.32508899 	 0.68734646 	 77.07862319 	 0.75509250 	 7.73182603 	 0.00000000 	 0.00000000 	 0.00000000 	 0.00000000 	 0.00000000 	 104.93170000 	 0.02485686 	 0.00000000 	 0.00000000 	 0.00000000 	 0.00000000 	 0.00000000 	 0.00772327 	 0.00000000 	 0.00000000 	 0.00000000 	 0.00000000 	 0.00000000 	 0.00000587 	 0.00000000 	 0.00000000 	 0.00053593 	 0.00000000 	 0.00038741 	 0.00000000 	 0.01155059 	 0.00000000 	 4.80075235 	 453.89903233 	 71.47659717 	 12.22188071 	 1.42072803 	 13.25215587 	 1.73846691 	 6.52590900
1891 	 0.34024774 	 0.68399696 	 77.68229292 	 0.76641842 	 8.02942557 	 0.00000000 	 0.00000000 	 0.00000000 	 0.00000000 	 0.00000000 	 104.97344000 	 0.02485686 	 0.00000000 	 0.00000000 	 0.00000000 	 0.00000000 	 0.00000000 	 0.00772327 	 0.00000000 	 0.00000000 	 0.00000000 	 0.00000000 	 0.00000000 	 0.00000591 	 0.00000000 	 0.00000000 	 0.00054043 	 0.00000000 	 0.00039410 	 0.00000000 	 0.01155062 	 0.00000000 	 4.73623801 	 444.38273180 	 69.53172191 	 12.15964020 	 1.37428769 	 12.67645127 	 1.75089301 	 6.52322175
1892 	 0.34273842 	 0.69850808 	 78.54558089 	 0.77768639 	 8.16973015 	 0.00000000 	 0.00000000 	 0.00000000 	 0.00000000 	 0.00000000 	 104.99082000 	 0.02485686 	 0.00000000 	 0.00000000 	 0.00000000 	 0.00000000 	 0.00000000 	 0.00772327 	 0.00000000 	 0.00000000 	 0.00000000 	 0.00000000 	 0.00000000 	 0.00000595 	 0.00000000 	 0.00000000 	 0.00054468 	 0.00000000 	 0.00040094 	 0.00000000 	 0.01155065 	 0.00000000 	 4.68868521 	 439.80865905 	 68.66391959 	 12.19914652 	 1.34895149 	 12.41948527 	 1.76157687 	 6.53003649
1893 	 0.33766579 	 0.69928941 	 79.81501329 	 0.78913512 	 8.12421175 	 0.00000000 	 0.00000000 	 0.00000000 	 0.00000000 	 0.00000000 	 104.97994000 	 0.02485686 	 0.00000000 	 0.00000000 	 0.00000000 	 0.00000000 	 0.00000000 	 0.00772327 	 0.00000000 	 0.00000000 	 0.00000000 	 0.00000000 	 0.00000000 	 0.00000599 	 0.00000000 	 0.00000000 	 0.00054860 	 0.00000000 	 0.00040792 	 0.00000000 	 0.01229013 	 0.00000000 	 4.70821350 	 443.35065579 	 69.48705802 	 12.37945386 	 1.36418818 	 12.64575826 	 1.76124271 	 6.53269794
1894 	 0.35091188 	 0.71514807 	 81.38345626 	 0.80140069 	 8.41508320 	 0.00000000 	 0.00000000 	 0.00000000 	 0.00000000 	 0.00000000 	 104.93101000 	 0.02485686 	 0.00000000 	 0.00000000 	 0.00000000 	 0.00000000 	 0.00000000 	 0.00772327 	 0.00000000 	 0.00000000 	 0.00000000 	 0.00000000 	 0.00000000 	 0.00000602 	 0.00000000 	 0.00000000 	 0.00055210 	 0.00000000 	 0.00041505 	 0.00000000 	 0.01229017 	 0.00000000 	 4.88166346 	 456.69603251 	 71.90804381 	 12.66238559 	 1.42186540 	 13.26493542 	 1.78324522 	 6.57119306
1895 	 0.37148694 	 0.72050852 	 82.23116014 	 0.81227549 	 8.85055293 	 0.00000000 	 0.00000000 	 0.00000000 	 0.00000000 	 0.00000000 	 104.96751000 	 0.02485686 	 0.00000000 	 0.00000000 	 0.00000000 	 0.00000000 	 0.00000000 	 0.00772327 	 0.00000000 	 0.00000000 	 0.00000000 	 0.00000000 	 0.00000000 	 0.00000606 	 0.00000000 	 0.00000000 	 0.00055656 	 0.00000000 	 0.00042233 	 0.00000000 	 0.01155076 	 0.00000000 	 4.91184114 	 453.55188505 	 71.15178658 	 12.67244423 	 1.40305492 	 12.91765136 	 1.81310892 	 6.60484912
1896 	 0.38344248 	 0.72300270 	 83.00005426 	 0.82348227 	 9.09359106 	 0.00000000 	 0.00000000 	 0.00000000 	 0.00000000 	 0.00000000 	 104.96751000 	 0.02485686 	 0.00000000 	 0.00000000 	 0.00000000 	 0.00000000 	 0.00000000 	 0.00772327 	 0.00000000 	 0.00000000 	 0.00000000 	 0.00000000 	 0.00000000 	 0.00000609 	 0.00000000 	 0.00000000 	 0.00056061 	 0.00000000 	 0.00042976 	 0.00000000 	 0.01229024 	 0.00000000 	 4.72694043 	 444.09442778 	 69.42267706 	 12.72059369 	 1.33655652 	 12.54663707 	 1.83421223 	 6.63065065
1897 	 0.40173774 	 0.72543871 	 84.39253635 	 0.83400860 	 9.52457571 	 0.00000000 	 0.00000000 	 0.00000000 	 0.00000000 	 0.00000000 	 104.99693000 	 0.02485686 	 0.00000000 	 0.00000000 	 0.00000000 	 0.00000000 	 0.00000000 	 0.00772327 	 0.00000000 	 0.00000000 	 0.00000000 	 0.00000000 	 0.00000000 	 0.00000613 	 0.00000000 	 0.00000000 	 0.00056500 	 0.00000000 	 0.00043733 	 0.00000000 	 0.01229029 	 0.00000000 	 5.01926970 	 456.41220547 	 71.54673250 	 12.89021710 	 1.40922488 	 12.92568313 	 1.85947723 	 6.65649975
1898 	 0.42304788 	 0.72793550 	 85.36127162 	 0.84366951 	 10.01449279 	 0.00000000 	 0.00000000 	 0.00000000 	 0.00000000 	 0.00000000 	 105.01512000 	 0.02485618 	 0.00000000 	 0.00000000 	 0.00000000 	 0.00000000 	 0.00000000 	 0.00772324 	 0.00000000 	 0.00000000 	 0.00000000 	 0.00000000 	 0.00000000 	 0.00000617 	 0.00000000 	 0.00000000 	 0.00056926 	 0.00000000 	 0.00044505 	 0.00000000 	 0.01229033 	 0.00000000 	 5.09043290 	 456.60376736 	 71.45665952 	 12.95906823 	 1.40905160 	 12.81728480 	 1.88781866 	 6.68439631
1899 	 0.46303663 	 0.72811498 	 86.70543387 	 0.85314042 	 10.84287412 	 0.00000000 	 0.00000000 	 0.00000000 	 0.00000000 	 0.00000000 	 104.97653000 	 0.02485770 	 0.00000000 	 0.00000000 	 0.00000000 	 0.00000000 	 0.00000000 	 0.00772323 	 0.00000000 	 0.00000000 	 0.00000000 	 0.00000000 	 0.00000000 	 0.00000620 	 0.00000000 	 0.00000000 	 0.00057286 	 0.00000000 	 0.00048567 	 0.00000000 	 0.01229038 	 0.00000000 	 5.08738729 	 462.10359939 	 72.46072256 	 13.20706844 	 1.39757386 	 13.06397027 	 1.95825749 	 6.80473966
1900 	 0.48786026 	 0.73012996 	 87.61328845 	 0.86251964 	 11.35371245 	 0.00000000 	 0.00000000 	 0.00000000 	 0.00000000 	 0.00000000 	 104.98481000 	 0.02485644 	 0.00000000 	 0.00000000 	 0.00000000 	 0.00000000 	 0.00000000 	 0.00772327 	 0.00000000 	 0.00000000 	 0.00000000 	 0.00000000 	 0.00000000 	 0.00000624 	 0.00000000 	 0.00000000 	 0.00057701 	 0.00000000 	 0.00239267 	 0.00000000 	 0.02855835 	 0.00000000 	 5.08158496 	 459.54446685 	 71.90656631 	 13.27666955 	 1.37688995 	 12.91962009 	 1.98493108 	 6.83116784
1901 	 0.50418023 	 0.79642374 	 88.39116711 	 0.87074974 	 11.78042751 	 0.00000000 	 0.00000000 	 0.00000000 	 0.00000000 	 0.00000000 	 105.04131000 	 0.02485744 	 0.00000000 	 0.00000000 	 0.00000000 	 0.00000000 	 0.00000000 	 0.00772327 	 0.00000000 	 0.00000000 	 0.00000000 	 0.00000000 	 0.00000000 	 0.00000628 	 0.00000000 	 0.00000000 	 0.00058173 	 0.00000000 	 0.00482010 	 0.00000000 	 0.04778445 	 0.00000000 	 5.19439236 	 457.61683051 	 71.63263161 	 13.30140990 	 1.37440685 	 12.62557761 	 2.00854608 	 6.86204456
1902 	 0.51903062 	 0.79979402 	 89.26282464 	 0.88055185 	 12.10586396 	 0.00000000 	 0.00000000 	 0.00000000 	 0.00000000 	 0.00000000 	 105.04898000 	 0.02485606 	 0.00000000 	 0.00000000 	 0.00000000 	 0.00000000 	 0.00000000 	 0.00772327 	 0.00000000 	 0.00000000 	 0.00000000 	 0.00000000 	 0.00000000 	 0.00000632 	 0.00000000 	 0.00000000 	 0.00058587 	 0.00000000 	 0.00577812 	 0.00000000 	 0.05074301 	 0.00000000 	 5.17196972 	 455.02617682 	 71.24149846 	 13.41248803 	 1.34844751 	 12.46132200 	 2.03309396 	 6.89673950
1903 	 0.56611160 	 0.82906879 	 89.89074057 	 0.88999002 	 13.04988783 	 0.00000000 	 0.00000000 	 0.00000000 	 0.00000000 	 0.00000000 	 105.09555000 	 0.02485798 	 0.00000000 	 0.00000000 	 0.00000000 	 0.00000000 	 0.00000000 	 0.00772327 	 0.00000000 	 0.00000000 	 0.00000000 	 0.00000000 	 0.00000000 	 0.00000636 	 0.00000000 	 0.00000000 	 0.00059049 	 0.00000000 	 0.00695761 	 0.00000000 	 0.05591998 	 0.00000000 	 5.18236962 	 449.96253041 	 70.25376393 	 13.43752052 	 1.30722602 	 12.08006095 	 2.08216031 	 6.95053693
1904 	 0.57480385 	 0.85558166 	 91.35674943 	 0.90032017 	 13.28026802 	 0.00000000 	 0.00000000 	 0.00000000 	 0.00000000 	 0.00000000 	 105.07939000 	 0.02485529 	 0.00000000 	 0.00000000 	 0.00000000 	 0.00000000 	 0.00000000 	 0.00772327 	 0.00000000 	 0.00000000 	 0.00000000 	 0.00000000 	 0.00000000 	 0.00000639 	 0.00000000 	 0.00000000 	 0.00059435 	 0.00000000 	 0.00943634 	 0.00000000 	 0.06849157 	 0.00000000 	 5.39217962 	 462.62176503 	 72.88437625 	 13.73147170 	 1.36380421 	 12.65551239 	 2.10025409 	 7.00060734
1905 	 0.61192547 	 0.88255566 	 92.40132432 	 0.91111012 	 14.10717227 	 0.00000000 	 0.00000000 	 0.00000000 	 0.00000000 	 0.00000000 	 105.08907000 	 0.02485910 	 0.00000000 	 0.00000000 	 0.00000000 	 0.00000000 	 0.00000000 	 0.00772327 	 0.00000000 	 0.00000000 	 0.00000000 	 0.00000000 	 0.00000000 	 0.00000643 	 0.00000000 	 0.00000000 	 0.00059853 	 0.00000000 	 0.01341283 	 0.00000000 	 0.08771847 	 0.00000000 	 5.56259652 	 467.44012884 	 73.70973522 	 13.85510547 	 1.38104779 	 12.68669499 	 2.14428694 	 7.06627217
1906 	 0.64388621 	 0.91339245 	 93.24998316 	 0.92216934 	 14.77293632 	 0.00000000 	 0.00000000 	 0.00000000 	 0.00000000 	 0.00000000 	 105.10645000 	 0.02485365 	 0.00000000 	 0.00000000 	 0.00000000 	 0.00000000 	 0.00000000 	 0.00772327 	 0.00000000 	 0.00000000 	 0.00000000 	 0.00000000 	 0.00000000 	 0.00000647 	 0.00000000 	 0.00000000 	 0.00060280 	 0.00000000 	 0.01819645 	 0.00000000 	 0.11138246 	 0.00000000 	 5.59948579 	 466.43564790 	 73.46173851 	 13.95964537 	 1.35822077 	 12.46307853 	 2.19110371 	 7.14385283
1907 	 0.72647579 	 0.92243810 	 94.56080194 	 0.93285400 	 16.27213164 	 0.00000000 	 0.00000000 	 0.00000000 	 0.00000000 	 0.00000000 	 105.14627000 	 0.02581295 	 0.00000000 	 0.00000000 	 0.00000000 	 0.00000000 	 0.00000000 	 0.00772327 	 0.00000000 	 0.00000000 	 0.00000000 	 0.00000000 	 0.00000000 	 0.00000651 	 0.00000000 	 0.00000000 	 0.00060735 	 0.00000000 	 0.01696619 	 0.00000000 	 0.10398923 	 0.00000000 	 5.91692149 	 480.31745636 	 76.00444514 	 14.21677499 	 1.39542572 	 12.85147020 	 2.27903165 	 7.29302055
1908 	 0.70280674 	 0.93181386 	 95.71237193 	 0.94326728 	 15.59756138 	 0.00000000 	 0.00000000 	 0.00000000 	 0.00000000 	 0.00000000 	 105.12414000 	 0.02923194 	 0.00000000 	 0.00000000 	 0.00000000 	 0.00000000 	 0.00000000 	 0.00772327 	 0.00000000 	 0.00000000 	 0.00000000 	 0.00000000 	 0.00000000 	 0.00000654 	 0.00000000 	 0.00000000 	 0.00061114 	 0.00000000 	 0.02140488 	 0.00000000 	 0.12765503 	 0.00000000 	 5.96634788 	 482.58263401 	 76.85623800 	 14.40742286 	 1.41753142 	 13.04019758 	 2.25834522 	 7.30199197
1909 	 0.72891144 	 0.93889509 	 96.46669460 	 0.95342817 	 16.37819647 	 0.00000000 	 0.00000000 	 0.00000000 	 0.00000000 	 0.00000000 	 105.16533000 	 0.76508600 	 0.00000000 	 0.00000000 	 0.00000000 	 0.00000000 	 0.00000000 	 0.00772327 	 0.00000000 	 0.00000000 	 0.00000000 	 0.00000000 	 0.00000000 	 0.00000658 	 0.00000000 	 0.00000000 	 0.00061572 	 0.00000000 	 0.03671437 	 0.00000000 	 0.21121463 	 0.00000000 	 6.03271250 	 480.68946879 	 76.44087710 	 14.46573428 	 1.39812294 	 12.76041003 	 2.29192572 	 7.34926128
1910 	 0.76526270 	 0.94501948 	 97.77187103 	 0.96414091 	 17.13059187 	 0.00000000 	 0.00000000 	 0.00000000 	 0.00000000 	 0.00000000 	 105.14442000 	 1.03668880 	 0.00000000 	 0.00000000 	 0.00000000 	 0.00000000 	 0.00000000 	 0.00772327 	 0.00000000 	 0.00000000 	 0.00000000 	 0.00000000 	 0.00000000 	 0.00000662 	 0.00000000 	 0.00000000 	 0.00061952 	 0.00000000 	 0.04234233 	 0.00000000 	 0.24301505 	 0.00000000 	 6.21596524 	 491.47136222 	 78.48124343 	 14.73060447 	 1.43022825 	 13.16936723 	 2.33737985 	 7.43296117
1911 	 0.78054171 	 0.88686630 	 98.42938116 	 0.97543690 	 17.25176004 	 0.00000000 	 0.00000000 	 0.00000000 	 0.00000000 	 0.00000000 	 105.20214000 	 0.55672031 	 0.00000000 	 0.00000000 	 0.00000000 	 0.00000000 	 0.00000000 	 0.00772327 	 0.00000000 	 0.00000000 	 0.00000000 	 0.00000000 	 0.00000000 	 0.00000666 	 0.00000000 	 0.00000000 	 0.00062432 	 0.00000000 	 0.04721708 	 0.00000000 	 0.27037941 	 0.00000000 	 6.19620689 	 482.37364837 	 76.73370569 	 14.67937454 	 1.38586805 	 12.58147549 	 2.34004948 	 7.42613194
1912 	 0.81946966 	 0.85032464 	 99.26614632 	 0.99167299 	 17.99709871 	 0.00000000 	 0.00000000 	 0.00000000 	 0.00000000 	 0.00000000 	 105.23472000 	 1.33723850 	 0.00000000 	 0.00000000 	 0.00000000 	 0.00000000 	 0.00000000 	 0.00772327 	 0.00000000 	 0.00000000 	 0.00000000 	 0.00000000 	 0.00000000 	 0.00000670 	 0.00000000 	 0.00000000 	 0.00062880 	 0.00000000 	 0.05597714 	 0.00000000 	 0.31844894 	 0.00000000 	 6.21019621 	 477.98892146 	 75.83160819 	 14.71366480 	 1.34730808 	 12.21757780 	 2.36179239 	 7.46331463
1913 	 0.88899531 	 0.81985171 	 100.61255837 	 1.01067843 	 19.08113094 	 0.00000000 	 0.00000000 	 0.00000000 	 0.00000000 	 0.00000000 	 105.25437000 	 2.78747720 	 0.00000000 	 0.00000000 	 0.00000000 	 0.00000000 	 0.00000000 	 0.00772327 	 0.00000000 	 0.00000000 	 0.00000000 	 0.00000000 	 0.00000000 	 0.00000674 	 0.00000000 	 0.00000000 	 0.00063313 	 0.00000000 	 0.05934571 	 0.00000000 	 0.33694139 	 0.00000000 	 6.44426262 	 488.26760349 	 77.57996160 	 14.92180765 	 1.36462207 	 12.44628947 	 2.42331697 	 7.56103923
1914 	 0.81099997 	 0.80871449 	 102.28405865 	 1.03135227 	 17.60216245 	 0.00000000 	 0.00000000 	 0.00000000 	 0.00000000 	 0.00000000 	 105.19867000 	 4.56559120 	 0.00000000 	 0.00000000 	 0.00000000 	 0.00000000 	 0.00000000 	 0.00772327 	 0.00000000 	 0.00000000 	 0.00000000 	 0.00000000 	 0.00000000 	 0.00000677 	 0.00000000 	 0.00000000 	 0.00063648 	 0.00000000 	 0.06480198 	 0.00000000 	 0.36726542 	 0.00000000 	 6.48949223 	 494.49788263 	 79.77807343 	 15.24149746 	 1.42020729 	 13.12965727 	 2.34421151 	 7.46282382
1915 	 0.80250540 	 0.79691909 	 103.05791975 	 1.05382540 	 17.58083508 	 0.00000000 	 0.00000000 	 0.00000000 	 0.00000000 	 0.00000000 	 105.27160000 	 6.20983720 	 0.00000000 	 0.00000000 	 0.00000000 	 0.00000000 	 0.00000000 	 0.00772327 	 0.00000000 	 0.00000000 	 0.00000000 	 0.00000000 	 0.00000000 	 0.00000681 	 0.00000000 	 0.00000000 	 0.00064150 	 0.00000000 	 0.08400063 	 0.00000000 	 0.47153519 	 0.00000000 	 6.47311202 	 484.24768488 	 78.35040062 	 15.23213103 	 1.37835216 	 12.62608591 	 2.34398562 	 7.43533866
1916 	 0.86480678 	 0.79922596 	 104.08894352 	 1.07697975 	 19.07385884 	 0.00000000 	 0.00000000 	 0.00000000 	 0.00000000 	 0.00000000 	 105.29863000 	 5.99689170 	 0.00000000 	 0.00000000 	 0.00000000 	 0.00000000 	 0.00000000 	 0.00772327 	 0.00000000 	 0.00000000 	 0.00000000 	 0.00000000 	 0.00000000 	 0.00000685 	 0.00000000 	 0.00000000 	 0.00064593 	 0.00000000 	 0.10465075 	 0.00000000 	 0.58467971 	 0.00000000 	 6.59184361 	 482.95426601 	 78.27985155 	 15.34284718 	 1.34270930 	 12.42283497 	 2.40149777 	 7.48546363
1917 	 0.89607863 	 0.80225947 	 105.43974145 	 1.09942706 	 19.91574313 	 0.00000000 	 0.00000000 	 0.00000000 	 0.00000000 	 0.00000000 	 105.37275000 	 5.15852710 	 0.00000000 	 0.00000000 	 0.00000000 	 0.00000000 	 0.00000000 	 0.00772327 	 0.00000000 	 0.00000000 	 0.00000000 	 0.00000000 	 0.00000000 	 0.00000689 	 0.00000000 	 0.00000000 	 0.00065098 	 0.00000000 	 0.11034348 	 0.00000000 	 0.61870744 	 0.00000000 	 6.99327405 	 492.96004475 	 80.45481807 	 15.50036500 	 1.40118939 	 12.69666275 	 2.42520746 	 7.48089829
1918 	 0.88685819 	 0.80554775 	 106.74593160 	 1.12038237 	 19.75191723 	 0.00000000 	 0.00000000 	 0.00000000 	 0.00000000 	 0.00000000 	 105.37311000 	 4.27216720 	 0.00000000 	 0.00000000 	 0.00000000 	 0.00000000 	 0.00000000 	 0.00772327 	 0.00000000 	 0.00000000 	 0.00000000 	 0.00000000 	 0.00000000 	 0.00000693 	 0.00000000 	 0.00000000 	 0.00065507 	 0.00000000 	 0.10461425 	 0.00000000 	 0.58914082 	 0.00000000 	 7.10758435 	 496.24207308 	 81.61294814 	 15.70439103 	 1.41941377 	 12.93568546 	 2.41118361 	 7.43326612
1919 	 0.78038755 	 0.81066795 	 108.09510704 	 1.13937482 	 17.00225187 	 0.00000000 	 0.00000000 	 0.00000000 	 0.00000000 	 0.00000000 	 105.33647000 	 3.19603500 	 0.00000000 	 0.00000000 	 0.00000000 	 0.00000000 	 0.00000000 	 0.00772327 	 0.00000000 	 0.00000000 	 0.00000000 	 0.00000000 	 0.00000000 	 0.00000696 	 0.00000000 	 0.00000000 	 0.00065866 	 0.00000000 	 0.10155164 	 0.00000000 	 0.57214502 	 0.00000000 	 6.91660078 	 490.97941712 	 81.67724386 	 15.91565271 	 1.41347132 	 13.08535373 	 2.30916981 	 7.28328448
1920 	 0.90251325 	 0.81302582 	 109.13363853 	 1.15676201 	 18.81095805 	 0.00000000 	 0.00000000 	 0.00000000 	 0.00000000 	 0.00000000 	 105.40157000 	 4.00594970 	 0.00000000 	 0.00000000 	 0.00000000 	 0.00000000 	 0.00000000 	 0.00772327 	 0.00000000 	 0.00000000 	 0.00000000 	 0.00000000 	 0.00000000 	 0.00000701 	 0.00000000 	 0.00000000 	 0.00066362 	 0.00000000 	 0.07187480 	 0.00000000 	 0.41169313 	 0.00000000 	 7.30790929 	 498.87459988 	 82.96992111 	 16.03665614 	 1.40344868 	 13.00423863 	 2.40956144 	 7.39815647
1921 	 0.79335515 	 0.86077777 	 109.80934796 	 1.17253404 	 16.05675580 	 0.00000000 	 0.00000000 	 0.00000000 	 0.00000000 	 0.00000000 	 105.42979000 	 6.35757550 	 0.00000000 	 0.00000000 	 0.00000000 	 0.00000000 	 0.00000000 	 0.00772327 	 0.00000000 	 0.00000000 	 0.00000000 	 0.00000000 	 0.00000000 	 0.00000705 	 0.00000000 	 0.00000000 	 0.00066809 	 0.00000000 	 0.05599481 	 0.00000000 	 0.32444592 	 0.00000000 	 7.13630032 	 486.61362419 	 81.18725519 	 16.01016130 	 1.39379650 	 12.64511513 	 2.26742620 	 7.20099365
1922 	 0.84338564 	 0.85285244 	 110.48581040 	 1.18788416 	 16.95834172 	 0.00000000 	 0.00000000 	 0.00000000 	 0.00000000 	 0.00000000 	 105.47367000 	 7.51966890 	 0.00000000 	 0.00000000 	 0.00000000 	 0.00000000 	 0.00000000 	 0.00772327 	 0.00000000 	 0.00000000 	 0.00000000 	 0.00000000 	 0.00000000 	 0.00000709 	 0.00000000 	 0.00000000 	 0.00067278 	 0.00000000 	 0.10093674 	 0.00000000 	 0.56921203 	 0.00000000 	 7.24123246 	 484.82734184 	 80.53069431 	 16.07300912 	 1.34612212 	 12.22472269 	 2.31221161 	 7.24955570
1923 	 0.95897793 	 0.86096273 	 112.25356413 	 1.20421346 	 19.73233569 	 0.00000000 	 0.00000000 	 0.00000000 	 0.00000000 	 0.00000000 	 105.54539000 	 8.19956090 	 0.00000000 	 0.00000000 	 0.00000000 	 0.00000000 	 0.00000000 	 0.00772327 	 0.00000000 	 0.00000000 	 0.00000000 	 0.00000000 	 0.00000000 	 0.00000713 	 0.00000000 	 0.00000000 	 0.00067786 	 0.00000000 	 0.13753371 	 0.00000000 	 0.77479139 	 0.00000000 	 8.00189482 	 514.23439514 	 86.27583424 	 16.46930530 	 1.43276794 	 12.95620855 	 2.44847827 	 7.46161666
1924 	 0.96977183 	 0.86713791 	 112.63350597 	 1.22129865 	 19.53046911 	 0.00000000 	 0.00000000 	 0.00000000 	 0.00000000 	 0.00000000 	 105.55899000 	 10.06403200 	 0.00000000 	 0.00000000 	 0.00000000 	 0.00000000 	 0.00000000 	 0.00772327 	 0.00000000 	 0.00000000 	 0.00000000 	 0.00000000 	 0.00000000 	 0.00000717 	 0.00000000 	 0.00000000 	 0.00068214 	 0.00000000 	 0.14595489 	 0.00000000 	 0.82730698 	 0.00000000 	 7.77868816 	 499.09741440 	 83.21123114 	 16.41564777 	 1.35548379 	 12.34420154 	 2.41932522 	 7.43462223
1925 	 0.98310344 	 0.87031982 	 113.67042692 	 1.23685898 	 19.74756019 	 0.00000000 	 0.00000000 	 0.00000000 	 0.00000000 	 0.00000000 	 105.60265000 	 9.88798500 	 0.00000000 	 0.00000000 	 0.00000000 	 0.00000000 	 0.00000000 	 0.00772327 	 0.00000000 	 0.00000000 	 0.00000000 	 0.00000000 	 0.00000000 	 0.00000721 	 0.00000000 	 0.00000000 	 0.00068685 	 0.00000000 	 0.15281139 	 0.00000000 	 0.86947278 	 0.00000000 	 7.97136785 	 502.69576876 	 84.06174423 	 16.84168156 	 1.36390006 	 12.29022974 	 2.42670693 	 7.46322510
1926 	 0.97060555 	 0.87475812 	 114.54563027 	 1.25166882 	 19.81761435 	 0.00000000 	 0.00000000 	 0.00000000 	 0.00000000 	 0.00000000 	 105.65209000 	 10.02058400 	 0.00000000 	 0.00000000 	 0.00000000 	 0.00000000 	 0.00000000 	 0.00772327 	 0.00000000 	 0.00000000 	 0.00000000 	 0.00000000 	 0.00000000 	 0.00000725 	 0.00000000 	 0.00000000 	 0.00069164 	 0.00000000 	 0.16877181 	 0.00000000 	 0.96266008 	 0.00000000 	 8.04516002 	 499.04182037 	 84.16877083 	 17.14732508 	 1.35396253 	 12.17844471 	 2.37042110 	 7.39457540
1927 	 1.07133315 	 0.91426127 	 115.74747998 	 1.26581134 	 21.14906799 	 0.00000000 	 0.00000000 	 0.00000000 	 0.00000000 	 0.00000000 	 105.65063000 	 13.69172800 	 0.00000000 	 0.00000000 	 0.00000000 	 0.00000000 	 0.00000000 	 0.00772327 	 0.00000000 	 0.00000000 	 0.00000000 	 0.00000000 	 0.00000000 	 0.00000729 	 0.00494503 	 0.00000000 	 0.00069573 	 0.00000000 	 0.19366311 	 0.00000000 	 1.10761160 	 0.00000000 	 8.48710819 	 515.09108838 	 86.52753525 	 17.43232174 	 1.37838955 	 12.30685062 	 2.47196783 	 7.56865924
1928 	 1.07552261 	 0.91770585 	 116.79586661 	 1.27882134 	 21.07430033 	 0.00000000 	 0.00000000 	 0.02081473 	 0.00000000 	 0.00000000 	 105.59392000 	 16.91430700 	 0.00000000 	 0.00000000 	 0.00000000 	 0.00000000 	 0.00000000 	 0.00772327 	 0.00000000 	 0.00000000 	 0.00000000 	 0.00000000 	 0.00000000 	 0.00000732 	 0.03013990 	 0.00000000 	 0.00069903 	 0.00000000 	 0.21328050 	 0.00000000 	 1.22520770 	 0.00000000 	 8.55625489 	 515.84008893 	 87.11586337 	 17.62700285 	 1.37955979 	 12.35424113 	 2.44857514 	 7.56168963
1929 	 1.15625079 	 0.94496390 	 118.01999772 	 1.28985552 	 22.41205974 	 0.00000000 	 0.00000000 	 0.33502494 	 0.00000000 	 0.00000000 	 105.60372000 	 19.38339000 	 0.00000000 	 0.00000000 	 0.00000000 	 0.00000000 	 0.00000000 	 0.00772327 	 0.00000000 	 0.00000000 	 0.00000000 	 0.00000000 	 0.00000000 	 0.00000735 	 0.00332930 	 0.00000000 	 0.00070195 	 0.00000000 	 0.20802541 	 0.00000000 	 1.20378650 	 0.00000000 	 8.88122817 	 527.05357551 	 89.37670247 	 17.86727278 	 1.38733846 	 12.61840792 	 2.50287753 	 7.65656602
1930 	 1.07223679 	 1.02218152 	 119.67017881 	 1.29939111 	 20.80147294 	 0.00000000 	 0.00000000 	 1.17010260 	 0.00000000 	 0.00000000 	 105.91829000 	 20.57183400 	 0.00000000 	 0.00000000 	 0.00000000 	 0.00000000 	 0.00000000 	 0.00772327 	 0.00000000 	 0.00000000 	 0.00000000 	 0.00000000 	 0.00000000 	 0.00000736 	 -0.02605104 	 0.00000000 	 0.00070327 	 0.00000000 	 0.17035764 	 0.00000000 	 0.99750344 	 0.00000000 	 8.82859565 	 535.03490282 	 91.59573863 	 18.10997615 	 1.46724858 	 13.35110028 	 2.44037423 	 7.60128831
1931 	 0.96808514 	 1.03250467 	 119.90750782 	 1.30633371 	 18.35620546 	 0.00000000 	 0.00000000 	 1.66003290 	 0.00000000 	 0.00000000 	 106.68870000 	 21.23232900 	 0.00000000 	 0.00000000 	 0.00000000 	 0.00000000 	 0.00000000 	 0.00772326 	 0.00000000 	 0.00000000 	 0.00000000 	 0.00000000 	 0.00000000 	 0.00000738 	 -0.00382921 	 0.00000000 	 0.00070594 	 0.00000000 	 0.11326202 	 0.00000000 	 0.67660210 	 0.00000000 	 8.19408782 	 504.89813450 	 86.48531867 	 17.95829420 	 1.35095346 	 12.30437939 	 2.34823963 	 7.47860406
1932 	 0.87974134 	 0.93441887 	 121.42198729 	 1.31311676 	 16.15819961 	 0.00000000 	 0.00000000 	 1.61673680 	 0.00000000 	 0.00000000 	 107.41813000 	 23.83714400 	 0.00000000 	 0.00576435 	 0.00000000 	 0.00000000 	 0.00000000 	 0.00772329 	 0.00000000 	 0.00000000 	 0.00000000 	 0.00000000 	 0.00000000 	 0.00000740 	 0.00074311 	 0.00000000 	 0.00070837 	 0.00000000 	 0.08584763 	 0.00000000 	 0.51911084 	 0.00000000 	 8.13035109 	 510.18233150 	 87.90725373 	 18.10001304 	 1.42037574 	 12.74119936 	 2.28074477 	 7.42061618
1933 	 0.92289341 	 0.93123708 	 122.34376590 	 1.31878393 	 17.00250592 	 0.00000000 	 0.00000000 	 1.63365820 	 0.00000000 	 0.00000000 	 108.09758000 	 28.12002800 	 0.00000000 	 0.14482802 	 0.00000000 	 0.00000000 	 0.00000000 	 0.00772322 	 0.00000000 	 0.00000000 	 0.00000000 	 0.00000000 	 0.00000000 	 0.00000743 	 0.00080764 	 0.00000000 	 0.00071090 	 0.00000000 	 0.10162740 	 0.00000000 	 0.61081444 	 0.00000000 	 8.09025959 	 508.11601206 	 87.73926442 	 18.14058312 	 1.36596959 	 12.54431479 	 2.30802210 	 7.47529852
1934 	 1.00008200 	 0.91947263 	 123.95329985 	 1.32506438 	 18.68811796 	 0.00000000 	 0.00000000 	 1.65058830 	 0.00000000 	 0.00000000 	 108.91202000 	 34.51928700 	 0.00000000 	 0.60639434 	 0.00000000 	 0.00000000 	 0.00000000 	 0.00772337 	 0.00000000 	 0.00000000 	 0.00000000 	 0.00000000 	 0.00000000 	 0.00000747 	 0.00087789 	 0.00000000 	 0.00071527 	 0.00000000 	 0.15202423 	 0.00000000 	 0.91252255 	 0.00000000 	 8.59085514 	 528.03316601 	 91.49703968 	 18.32411359 	 1.44171419 	 13.11045248 	 2.37590822 	 7.59216536
1935 	 1.04996067 	 0.91812800 	 124.89460439 	 1.33144892 	 20.08676260 	 0.00000000 	 0.00000000 	 1.66751730 	 0.00000000 	 0.00000000 	 109.70014000 	 40.13285900 	 0.00000000 	 0.97427321 	 0.00000000 	 0.00000000 	 0.00000000 	 0.00772302 	 0.00000000 	 0.00000000 	 0.00000000 	 0.00000000 	 0.00000000 	 0.00000750 	 0.00095422 	 0.00000000 	 0.00071926 	 0.00000000 	 0.22028466 	 0.00000000 	 1.33032980 	 0.00000000 	 8.76634235 	 529.44094063 	 91.90214074 	 18.31731965 	 1.41662248 	 12.88978840 	 2.41014075 	 7.65340864
1936 	 1.14967011 	 0.92650800 	 126.46470475 	 1.33768189 	 21.60705857 	 0.00000000 	 0.00000000 	 1.68444640 	 0.00000000 	 0.00000000 	 110.56758000 	 42.33712000 	 0.00000000 	 1.04552990 	 0.00000000 	 0.00000000 	 0.00000000 	 0.00772385 	 0.00000000 	 0.00000000 	 0.00000000 	 0.00000000 	 0.00000000 	 0.00000755 	 0.00103728 	 0.00000000 	 0.00072437 	 0.00000000 	 0.28820401 	 0.00000000 	 1.75702030 	 0.00000000 	 9.34809343 	 550.03985485 	 95.83484543 	 18.65286964 	 1.47493686 	 13.35682068 	 2.49707116 	 7.80736586
1937 	 1.23035760 	 0.90396876 	 127.18233707 	 1.34551135 	 23.24191662 	 0.00000000 	 0.00000000 	 1.70137550 	 0.00639002 	 0.00000000 	 111.36250000 	 44.18847100 	 0.00000000 	 1.11318780 	 0.00000000 	 0.00000000 	 0.00000000 	 0.00772185 	 0.00000000 	 0.00000000 	 0.00000000 	 0.00000000 	 0.00000000 	 0.00000758 	 0.00112748 	 0.00000000 	 0.00072845 	 0.00000000 	 0.34372195 	 0.00000000 	 2.11864540 	 0.00000000 	 9.56136178 	 550.61094191 	 95.84567433 	 18.73588300 	 1.42501442 	 12.95635516 	 2.55220065 	 7.89424955
1938 	 1.16071867 	 0.90677211 	 127.90539304 	 1.35410620 	 21.55243867 	 0.00000000 	 0.00000000 	 1.71830470 	 0.13288080 	 0.00000000 	 112.06030000 	 49.06474000 	 0.00000000 	 1.18503300 	 0.00000000 	 0.00000000 	 0.00000000 	 0.00772855 	 0.00000000 	 0.00000000 	 0.00000000 	 0.00000000 	 0.00000000 	 0.00000761 	 0.00122542 	 0.00000000 	 0.00073116 	 0.00000000 	 0.39883954 	 0.00000000 	 2.48915410 	 0.00000000 	 9.12000198 	 535.42684846 	 93.23706062 	 18.72062801 	 1.37681071 	 12.41929957 	 2.50273572 	 7.86451843
1939 	 1.23186729 	 0.90533147 	 129.50135677 	 1.36579988 	 23.02037612 	 0.00000000 	 0.00000000 	 1.73523380 	 0.68779311 	 0.00000000 	 112.82930000 	 56.68305400 	 0.00000000 	 1.25713980 	 0.00000000 	 0.00000000 	 0.00000000 	 0.11813875 	 0.00000000 	 0.00000000 	 0.00000000 	 0.00000000 	 0.00000000 	 0.00000764 	 0.00133206 	 0.00000000 	 0.00073488 	 0.00000000 	 0.43390074 	 0.00000000 	 2.74505300 	 0.00000000 	 9.61862979 	 554.53791712 	 97.34535423 	 18.98792969 	 1.44088222 	 13.01874514 	 2.56993838 	 8.00210818
1940 	 1.33168758 	 0.89292259 	 130.13499426 	 1.37855030 	 25.17012530 	 0.00000000 	 0.00000000 	 1.75216290 	 1.49289160 	 0.00000000 	 113.75015000 	 67.98074100 	 0.00000000 	 1.33045940 	 0.00000000 	 0.00000000 	 0.00000000 	 0.21814961 	 0.00000000 	 0.00000000 	 0.00000000 	 0.00000000 	 0.00000000 	 0.00000769 	 0.00144818 	 0.00000000 	 0.00074075 	 0.00000000 	 0.50172554 	 0.00000000 	 3.21909520 	 0.00000000 	 9.94652532 	 550.46540565 	 96.49612887 	 18.93380648 	 1.38869784 	 12.48044091 	 2.63755579 	 8.08583483
1941 	 1.35651045 	 0.87555089 	 132.21809394 	 1.42598852 	 26.12542032 	 0.00000000 	 0.00000000 	 1.76909200 	 2.23399290 	 0.00000000 	 114.54353000 	 81.74027900 	 0.00000000 	 1.40287480 	 0.00000000 	 0.00000000 	 0.00000000 	 0.19511640 	 0.00000000 	 0.00000000 	 0.00000000 	 0.00000000 	 0.00000000 	 0.00000773 	 0.00157415 	 0.00000000 	 0.00074481 	 0.00000000 	 0.64957282 	 0.00000000 	 4.22407430 	 0.00000000 	 10.17852197 	 552.95006508 	 97.09407345 	 19.03403078 	 1.37779967 	 12.33633525 	 2.67249459 	 8.12569612
1942 	 1.35822634 	 0.89677115 	 134.70602408 	 1.52866651 	 26.71377172 	 0.00000000 	 0.19841173 	 1.78602120 	 2.97647100 	 0.00000000 	 115.26991000 	 95.02113600 	 0.00000000 	 1.47455640 	 0.00000000 	 0.00000000 	 0.00000000 	 0.16898031 	 0.00000000 	 0.00000000 	 0.00000000 	 0.00000000 	 0.00000000 	 0.00000776 	 0.00171095 	 0.00000000 	 0.00074793 	 0.00000000 	 0.84353078 	 0.00000000 	 5.58548900 	 0.00000000 	 10.33006785 	 560.18418611 	 98.65719695 	 19.21018323 	 1.41696897 	 12.84272372 	 2.69722432 	 8.17147005
1943 	 1.40209626 	 0.89158461 	 136.62968688 	 1.67652974 	 27.12225687 	 0.05645176 	 4.30532470 	 1.80295020 	 3.71999610 	 0.00000000 	 116.04761000 	 89.52161500 	 0.00000000 	 1.54670270 	 0.00000000 	 0.00000000 	 0.00000000 	 0.14684461 	 0.00000000 	 0.00000000 	 0.00000000 	 0.00000000 	 0.00000000 	 0.00000779 	 0.00185974 	 0.00000000 	 0.00075177 	 0.00000000 	 0.80476688 	 0.00000000 	 5.45767390 	 0.00000000 	 10.62820202 	 561.01855030 	 99.48634644 	 19.22648995 	 1.40553399 	 12.58617426 	 2.70855180 	 8.17852474
1944 	 1.38707266 	 0.89777497 	 138.93105622 	 1.85234803 	 26.58982603 	 0.97266311 	 16.54561700 	 1.81987940 	 4.46380590 	 0.00000000 	 116.85265000 	 72.69430200 	 0.00000000 	 1.61916750 	 0.00000000 	 0.00000000 	 0.00000000 	 0.11439264 	 0.00000000 	 0.00000000 	 0.00000000 	 0.00000000 	 0.00000000 	 0.00000783 	 0.00202151 	 0.00000000 	 0.00075600 	 0.00000000 	 0.41764093 	 0.00000000 	 2.96065690 	 0.00000000 	 10.95580023 	 569.42755785 	 102.00830515 	 19.45467137 	 1.41392912 	 12.77844158 	 2.69734077 	 8.13968070
1945 	 1.18020137 	 0.89827788 	 141.02296396 	 2.04529525 	 23.42520792 	 3.45934050 	 24.84615400 	 1.83680840 	 5.20772330 	 0.00000000 	 117.61180000 	 68.36926200 	 0.00000000 	 1.69101000 	 0.00000000 	 0.00000000 	 0.00000000 	 0.08079857 	 0.00000000 	 0.00000000 	 0.00000000 	 0.00000000 	 0.00000000 	 0.00000786 	 0.00219726 	 0.00000000 	 0.00075958 	 0.00000000 	 0.20111842 	 0.00000000 	 1.50769420 	 0.00000000 	 10.79494868 	 562.38814030 	 102.38686289 	 19.53099873 	 1.43419512 	 12.74330316 	 2.53621120 	 7.88711204
1946 	 1.29342735 	 0.98235178 	 142.70640225 	 2.24054669 	 23.14745435 	 4.94046790 	 24.83937800 	 1.85373780 	 5.98561040 	 0.00000000 	 118.39896000 	 74.71723400 	 0.00000000 	 1.76319080 	 0.00000000 	 0.00000000 	 0.00000000 	 0.06430043 	 0.00000000 	 0.00000000 	 0.00000000 	 0.00000000 	 0.00000000 	 0.00000789 	 0.00238835 	 0.00000000 	 0.00076356 	 0.00000000 	 0.27970458 	 0.00000000 	 2.07266490 	 0.00000000 	 10.79383034 	 555.28996295 	 102.65818349 	 19.68948842 	 1.35941137 	 12.30492982 	 2.61228507 	 8.00100368
1947 	 1.44901695 	 1.01302145 	 144.79449650 	 2.42682560 	 25.98999129 	 4.83903740 	 24.98237100 	 1.87066650 	 6.44435410 	 0.00000000 	 119.29730000 	 84.08174600 	 0.00000000 	 1.83726790 	 0.00000000 	 0.00000000 	 0.00000000 	 0.04673123 	 0.00000000 	 0.00000000 	 0.00000000 	 0.00000000 	 0.00000000 	 0.00000794 	 0.00259631 	 0.00000000 	 0.00076909 	 0.00000000 	 0.34838359 	 0.00000000 	 2.63690740 	 0.00337284 	 11.47255751 	 563.40377537 	 104.15736761 	 19.91609513 	 1.37727324 	 12.31774746 	 2.62701636 	 7.87325201
1948 	 1.54081314 	 1.02117022 	 147.27202945 	 2.58769476 	 27.17424786 	 4.85636610 	 24.98710300 	 1.88759610 	 6.66490720 	 0.00000000 	 120.08364000 	 90.67068600 	 0.00000000 	 1.96627700 	 0.00000000 	 0.00000000 	 0.00000000 	 0.02016938 	 0.00000000 	 0.00000000 	 0.00000000 	 0.00000000 	 0.00000000 	 0.00000798 	 0.00332767 	 0.00000000 	 0.00077305 	 0.00000000 	 0.33316898 	 0.00000000 	 2.62438920 	 0.02361198 	 12.17759194 	 586.53608005 	 108.09641739 	 20.34906056 	 1.43213993 	 12.65723544 	 2.69138094 	 7.99312162
1949 	 1.51411664 	 1.03160404 	 150.21571489 	 2.71197019 	 26.21035927 	 5.56114100 	 27.29546100 	 1.89550330 	 7.16407050 	 0.00000000 	 120.70601000 	 91.96241600 	 0.00000000 	 1.64262780 	 0.00000000 	 0.00000000 	 0.00000000 	 -0.00157844 	 0.00000000 	 0.00000000 	 0.00000000 	 0.00000000 	 0.00000000 	 0.00000799 	 0.02463759 	 0.00000000 	 0.00077473 	 0.00000000 	 0.31424196 	 0.00000000 	 2.59264440 	 0.06374104 	 11.84629258 	 588.44103868 	 109.15442578 	 20.90919590 	 1.40397943 	 13.06341577 	 2.69176712 	 8.01776361
1950 	 1.69465396 	 1.04480132 	 152.20100845 	 2.78472518 	 29.16135039 	 8.14605740 	 32.67374500 	 1.98973290 	 7.47060530 	 0.00000000 	 121.62274000 	 78.58005300 	 0.00000000 	 1.06614650 	 0.00000000 	 0.00000000 	 0.00000000 	 0.00024328 	 0.00000000 	 0.00000000 	 0.00000000 	 0.00000000 	 0.00000000 	 0.00000805 	 0.10531435 	 0.00000000 	 0.00078062 	 0.00000000 	 0.32876887 	 0.00000000 	 2.84411010 	 0.16053368 	 13.11257347 	 619.94397091 	 113.85984720 	 21.60140457 	 1.52392422 	 13.90821503 	 2.80733657 	 8.19759553
1951 	 1.81625619 	 1.26302317 	 155.27193517 	 2.82866091 	 30.39227899 	 12.05013800 	 36.81585300 	 2.16852870 	 7.55422370 	 0.00000000 	 122.51807000 	 70.47669000 	 0.01433052 	 1.05277890 	 0.00000000 	 0.00000000 	 0.00000000 	 0.00116643 	 0.00000000 	 0.00000000 	 0.00000000 	 0.00000000 	 0.00000000 	 0.00000809 	 0.23432190 	 0.00000000 	 0.00078510 	 0.00000000 	 0.33222262 	 0.00000000 	 3.04307840 	 0.23983988 	 13.13259565 	 593.19945058 	 109.09095442 	 21.71096706 	 1.35214401 	 12.16857120 	 2.86019206 	 8.22961698
1952 	 1.85075452 	 1.29072658 	 160.57335760 	 2.87130535 	 30.78639644 	 16.07884200 	 40.44128300 	 2.41204260 	 7.67340140 	 0.00000000 	 123.26435000 	 76.50876200 	 0.21725302 	 1.44147440 	 0.00000000 	 0.00000000 	 0.00000000 	 -0.00203006 	 0.00000000 	 0.00000000 	 0.00000000 	 0.00000000 	 0.00000000 	 0.00000810 	 0.36283510 	 0.00000000 	 0.00078674 	 0.00000000 	 0.32854487 	 0.00000000 	 3.22282570 	 0.24565292 	 13.46651847 	 606.95633999 	 112.61821090 	 22.39378605 	 1.37206299 	 12.62926716 	 2.90618698 	 8.32866719
1953 	 1.90473307 	 1.28788222 	 165.68183231 	 2.91627546 	 31.40623216 	 20.20105500 	 45.58143200 	 2.84789340 	 7.70344580 	 0.00000000 	 124.06078000 	 81.68122400 	 1.35755080 	 2.10040800 	 0.00000000 	 0.00000000 	 0.00000000 	 -0.00022819 	 0.00000000 	 0.00000000 	 0.00000000 	 0.00000000 	 0.00000000 	 0.00000812 	 0.48047903 	 0.00000000 	 0.00078951 	 0.00000000 	 0.31999622 	 0.00000000 	 3.38630870 	 0.24572915 	 14.02968336 	 623.97505480 	 116.77653779 	 23.08627653 	 1.43082925 	 13.14995960 	 2.96930564 	 8.45098011
1954 	 1.95414177 	 1.34187017 	 170.37100792 	 2.96307220 	 31.61552171 	 25.21238100 	 51.89241100 	 3.27631560 	 7.76021300 	 0.00000000 	 124.75392000 	 86.86347000 	 3.61988330 	 2.88888480 	 0.00000000 	 0.00000000 	 0.00000000 	 -0.00407082 	 0.00000000 	 0.00000000 	 0.00000000 	 0.00000000 	 0.00000000 	 0.00000814 	 0.59576061 	 0.00000000 	 0.00079082 	 0.00000000 	 0.29457384 	 0.00000000 	 3.40486320 	 0.24580572 	 14.33124080 	 628.90966353 	 118.78969286 	 23.51826930 	 1.43892276 	 13.07704682 	 3.03618501 	 8.57769213
1955 	 2.13749166 	 1.38698028 	 174.74044706 	 3.01373296 	 34.57058126 	 30.72731900 	 59.87188100 	 3.67880150 	 7.63707020 	 0.00000000 	 125.74327000 	 91.98001900 	 6.48486790 	 3.55647770 	 0.00000000 	 0.00000000 	 0.00000000 	 0.00104935 	 0.00000000 	 0.00000000 	 0.00000000 	 0.00000000 	 0.00000000 	 0.00000818 	 0.70910415 	 0.00000000 	 0.00079623 	 0.00000000 	 0.26311875 	 0.00000000 	 3.33468240 	 0.24588273 	 15.33699694 	 641.32672533 	 122.54258151 	 23.78869162 	 1.43699861 	 12.90436012 	 3.14874650 	 8.70758045
1956 	 2.28965212 	 1.44540784 	 180.67111746 	 3.06538300 	 37.13507559 	 33.54675600 	 66.95048900 	 4.27599120 	 7.54303160 	 0.00000000 	 126.58168000 	 97.00849100 	 9.15616620 	 4.53226580 	 0.00000000 	 0.00000000 	 0.00000000 	 0.00664016 	 0.00000000 	 0.00000000 	 0.00000000 	 0.00000000 	 0.00000000 	 0.00000821 	 0.82044371 	 0.00000000 	 0.00079956 	 0.00000000 	 0.22075982 	 0.00000000 	 3.07963750 	 0.24595899 	 16.38328141 	 673.80622903 	 129.82302004 	 24.39548109 	 1.51825893 	 13.73337117 	 3.32614256 	 8.99111159
1957 	 2.38332889 	 1.47659987 	 186.05556774 	 3.12041433 	 38.89082970 	 32.87144600 	 72.20414100 	 4.96120190 	 7.37653130 	 0.00000000 	 127.41838000 	 102.11597000 	 11.48850900 	 5.98751080 	 0.00000000 	 0.00000000 	 0.00000000 	 0.00434237 	 0.00000000 	 0.00000000 	 0.00000000 	 0.00000000 	 0.00000000 	 0.00000825 	 0.92977447 	 0.00000000 	 0.00080300 	 0.00000000 	 0.18587639 	 0.00000000 	 2.85712480 	 0.24603635 	 17.17665517 	 695.94961306 	 135.59152056 	 25.10938271 	 1.60851225 	 14.58187903 	 3.47601032 	 9.24447041
1958 	 2.46560150 	 1.52767170 	 188.38553995 	 3.18179046 	 39.35927242 	 34.74628400 	 80.92532900 	 5.63305030 	 6.90873130 	 0.00000000 	 128.42262000 	 107.20600000 	 14.78120200 	 7.12020400 	 0.00000000 	 0.00000000 	 0.00000000 	 0.00260529 	 0.00001526 	 0.00015507 	 0.00000000 	 0.00000000 	 0.00000000 	 0.00000829 	 1.03713060 	 0.00000000 	 0.00080761 	 0.00000000 	 0.17928487 	 0.00000000 	 2.99545910 	 0.24611310 	 17.01770860 	 661.28548584 	 129.20858361 	 25.26871426 	 1.43084589 	 12.82042743 	 3.62964215 	 9.42622297
1959 	 2.60209624 	 1.47277590 	 192.68675731 	 3.24787497 	 41.33762319 	 43.50625700 	 93.98346700 	 6.38802260 	 6.87604580 	 0.00000000 	 129.47587000 	 112.29185000 	 18.06369800 	 8.02538070 	 0.00000000 	 0.00000000 	 0.00000000 	 0.00086846 	 0.00012225 	 0.00124604 	 0.00000000 	 0.00000000 	 0.00000000 	 0.00000833 	 1.14246940 	 0.00000000 	 0.00081212 	 0.00000000 	 0.18081021 	 0.00000000 	 3.24767160 	 0.30755864 	 17.48916662 	 665.43672221 	 131.21049744 	 25.78456832 	 1.38058891 	 12.48688189 	 3.80617344 	 9.65006856
1960 	 2.72679462 	 1.46063450 	 197.26110048 	 3.32142544 	 42.98960971 	 56.28148100 	 107.54170000 	 7.32017180 	 7.23926310 	 0.00000000 	 130.53321000 	 117.25970000 	 21.75043700 	 9.58857320 	 0.00000000 	 0.00000000 	 0.00000000 	 -0.00086849 	 0.00023072 	 0.00237509 	 0.00000000 	 0.00000000 	 0.00000000 	 0.00000837 	 1.24581070 	 0.00000000 	 0.00081724 	 0.00000000 	 0.17259465 	 0.00000000 	 3.32093980 	 0.43040210 	 18.11095913 	 668.56566298 	 133.33681491 	 26.12794679 	 1.35323809 	 12.24127438 	 3.93497499 	 9.82738876
1961 	 2.75043530 	 1.53023100 	 205.13834130 	 3.54270588 	 48.39199457 	 70.61855700 	 123.80387000 	 8.42878490 	 7.45147350 	 0.00186180 	 131.26152000 	 121.58986000 	 27.27829800 	 11.88438600 	 0.00000000 	 0.00000000 	 0.00000000 	 -0.00260532 	 0.00024914 	 0.00354641 	 0.00000000 	 0.00000000 	 0.00000000 	 0.00000837 	 1.34689200 	 0.00000000 	 0.00081675 	 0.00000000 	 0.16861102 	 0.00000000 	 3.43043510 	 0.55328481 	 18.71107378 	 701.00534526 	 143.56526348 	 26.88973850 	 1.43746992 	 13.67653939 	 3.84271786 	 9.69703375
1962 	 2.86665561 	 1.51980380 	 207.21229918 	 3.67601298 	 49.39515008 	 86.21455100 	 144.89716000 	 9.61276780 	 7.58052790 	 0.04518137 	 132.40110000 	 125.71015000 	 32.04902100 	 14.50008900 	 0.00000000 	 0.00000000 	 0.00000000 	 -0.00434252 	 0.00025250 	 0.00492068 	 0.00000000 	 0.00000000 	 0.00000000 	 0.00000841 	 1.44609510 	 0.00000000 	 0.00082101 	 0.00000000 	 0.17112099 	 0.00000000 	 3.62498210 	 0.61483924 	 19.30412115 	 678.84922337 	 140.10589201 	 27.39134430 	 1.41572196 	 12.85134726 	 3.85264915 	 9.69874737
1963 	 3.03434758 	 1.52628450 	 216.19226559 	 3.80091187 	 50.94091401 	 101.83231000 	 167.67883000 	 10.94972100 	 7.91108540 	 0.24720738 	 132.99126000 	 128.88013000 	 37.52532000 	 17.28022800 	 0.00000000 	 0.00000000 	 0.00000000 	 -0.00786993 	 0.00035209 	 0.00597276 	 0.00000000 	 0.00000000 	 0.00000000 	 0.00000839 	 1.54292610 	 0.00000000 	 0.00081943 	 0.00000000 	 0.18314033 	 0.00029590 	 3.98813670 	 0.55366285 	 20.49026901 	 741.31960162 	 156.13095399 	 28.74464761 	 1.53673715 	 14.84912675 	 3.90113860 	 9.76008418
1964 	 3.19165183 	 1.51733370 	 216.55616296 	 3.94278293 	 52.85484409 	 116.30072000 	 189.87660000 	 12.65721400 	 8.47789460 	 0.46848862 	 134.07707000 	 129.76929000 	 49.91404600 	 20.77197100 	 0.00000000 	 0.00000000 	 0.00000000 	 -0.00075971 	 0.00103037 	 0.03358002 	 0.00000000 	 0.00000000 	 0.00000000 	 0.00000844 	 1.63797760 	 0.00000000 	 0.00082434 	 0.00000000 	 0.20130699 	 0.00281424 	 4.43262570 	 0.49245891 	 21.21896084 	 689.11146001 	 146.45477556 	 28.60741633 	 1.37982072 	 12.67250954 	 3.88008874 	 9.70511445
1965 	 3.34002282 	 1.54847210 	 222.66641570 	 4.11209631 	 54.08754943 	 130.83984000 	 213.39190000 	 14.52825700 	 9.03583150 	 0.58010695 	 135.19804000 	 129.69213000 	 70.50793500 	 25.06030000 	 0.00000000 	 0.00000000 	 0.00000000 	 0.01594865 	 0.00214069 	 0.11324642 	 0.00000000 	 0.00000000 	 0.00000000 	 0.00000846 	 1.73084610 	 0.00000000 	 0.00082747 	 0.00000000 	 0.22504180 	 0.00633699 	 4.90891920 	 0.49260840 	 22.05010438 	 709.31229627 	 153.40539119 	 29.97215368 	 1.37978108 	 12.97409303 	 3.89022917 	 9.67587990
1966 	 3.49960006 	 1.55082560 	 226.31069580 	 4.30795080 	 55.29359394 	 147.99606000 	 240.15802000 	 16.54777400 	 9.50089520 	 0.77191369 	 136.46754000 	 129.70542000 	 94.25876500 	 30.47707500 	 0.00000000 	 0.00000000 	 0.00000000 	 0.06978616 	 0.00310310 	 0.20275693 	 0.00000000 	 0.00000000 	 0.00000000 	 0.00000851 	 1.82179690 	 0.00000000 	 0.00083229 	 0.00000000 	 0.26721734 	 0.00871699 	 5.62480740 	 0.61550021 	 22.81374563 	 710.94146646 	 156.49498091 	 31.55306755 	 1.37158628 	 12.73725145 	 3.91358851 	 9.69704570
1967 	 3.62377029 	 1.59489900 	 232.33314649 	 4.47840262 	 54.78695183 	 169.42177000 	 269.58286000 	 18.91817200 	 9.92081190 	 1.03730000 	 137.66763000 	 129.68847000 	 116.32544000 	 36.03694500 	 0.00000000 	 0.00000000 	 0.00000000 	 0.24404072 	 0.00375425 	 0.26151045 	 0.00001246 	 0.00000000 	 0.00006899 	 0.00000854 	 1.91059490 	 0.00000000 	 0.00083658 	 0.00000000 	 0.32052973 	 0.01079236 	 6.35475720 	 0.73844860 	 24.16018227 	 746.20982087 	 164.77531621 	 33.16777605 	 1.49042702 	 13.86462062 	 3.90003183 	 9.72067292
1968 	 3.83227320 	 1.54605630 	 235.33540267 	 4.61482187 	 56.89335844 	 195.13757000 	 299.71437000 	 21.71359400 	 10.29517200 	 1.36738240 	 139.24379000 	 129.73308000 	 133.08156000 	 40.35903400 	 0.00000000 	 0.00000000 	 0.00923798 	 0.44305972 	 0.00554318 	 0.29037411 	 0.00008804 	 0.00000000 	 0.00048559 	 0.00000863 	 1.99769350 	 0.00000000 	 0.00084583 	 0.00000000 	 0.40423022 	 0.01305003 	 7.33244150 	 0.67731523 	 25.37294758 	 740.48241823 	 165.09570877 	 34.38157284 	 1.38590485 	 12.98609835 	 3.98446824 	 9.83969857
1969 	 4.05910822 	 1.54277410 	 239.18485161 	 4.72905142 	 58.49349292 	 220.72612000 	 327.55328000 	 24.93817800 	 10.63863400 	 1.71209010 	 140.05867000 	 129.76058000 	 146.61896000 	 44.14450800 	 0.00000000 	 0.00000000 	 0.18322115 	 0.55613635 	 0.03648951 	 0.30862539 	 0.00009368 	 0.00000000 	 0.00050389 	 0.00982482 	 2.08173690 	 0.00000000 	 0.00084505 	 0.00000000 	 0.52064110 	 0.01545898 	 8.48317180 	 0.67751619 	 26.02622913 	 747.02973154 	 169.68157132 	 34.96181251 	 1.34122628 	 12.19349376 	 4.06286533 	 9.90699576
1970 	 4.32089591 	 1.53100140 	 244.41839555 	 4.71064028 	 61.55680689 	 245.38621000 	 354.60102000 	 28.57690400 	 11.00827000 	 1.89096580 	 141.52757000 	 129.69302000 	 173.56366000 	 49.03739400 	 0.00000000 	 0.00000000 	 0.60795801 	 0.64373178 	 0.11813403 	 0.34789664 	 0.00002469 	 0.00000000 	 0.00010851 	 0.03633065 	 2.16449920 	 0.00000000 	 0.00085202 	 0.00000000 	 0.65816920 	 0.01763153 	 9.53188010 	 0.80047128 	 27.78262307 	 781.03755230 	 179.68595467 	 37.46957853 	 1.36259954 	 12.64884847 	 4.18710926 	 10.13137585
1971 	 4.50751366 	 1.40470310 	 249.28953308 	 4.66001017 	 61.74390488 	 276.44309000 	 387.53989000 	 32.72913900 	 11.45252900 	 2.14021180 	 143.11960000 	 129.60227000 	 217.72405000 	 55.79088800 	 0.00000000 	 0.00000000 	 0.85645760 	 0.78786166 	 0.22321290 	 0.40686343 	 0.00001325 	 0.00000000 	 0.00004259 	 0.06458691 	 2.24511740 	 0.00000000 	 0.00085867 	 0.00000000 	 0.82992065 	 0.02001087 	 10.71149400 	 0.86210262 	 28.57462104 	 796.20294253 	 183.53555790 	 38.13342516 	 1.36702999 	 12.86392198 	 4.33671900 	 10.33119403
1972 	 4.70364427 	 1.32613360 	 257.21020543 	 4.92702901 	 63.49298144 	 314.22879000 	 427.68026000 	 37.46552300 	 11.97792000 	 2.55176280 	 144.52172000 	 129.65777000 	 267.60333000 	 61.45663300 	 0.00000000 	 0.00000000 	 0.87667663 	 1.09518670 	 0.31882408 	 0.47214740 	 0.00001348 	 0.00000000 	 0.00004304 	 0.08258019 	 2.32332950 	 0.00000000 	 0.00086363 	 0.00000000 	 1.05590290 	 0.02242113 	 12.24311000 	 0.86237286 	 30.19116615 	 868.47357075 	 196.66552471 	 39.56446297 	 1.55163065 	 15.06410846 	 4.41952272 	 10.46332608
1973 	 4.97263875 	 1.31758730 	 260.29472497 	 5.04702260 	 66.34684210 	 338.06930000 	 454.71123000 	 42.97926200 	 12.58516100 	 2.92937000 	 146.54158000 	 129.79157000 	 301.85553000 	 65.42011300 	 0.00000000 	 0.00000000 	 0.82240702 	 1.59306730 	 0.39726303 	 0.54390644 	 0.00001377 	 0.00000000 	 0.00005497 	 0.09021493 	 2.40064920 	 0.00000000 	 0.00087688 	 0.00000000 	 1.33078700 	 0.02454693 	 14.08533200 	 0.92401065 	 31.19354563 	 826.02931323 	 186.52593193 	 39.95714271 	 1.36371697 	 12.87753081 	 4.53211461 	 10.57811729
1974 	 4.94515282 	 1.28976750 	 261.80827705 	 5.03062795 	 65.40034131 	 340.60550000 	 453.22872000 	 49.24795900 	 13.44744200 	 3.51840150 	 147.80664000 	 129.76026000 	 327.35544000 	 71.66699500 	 0.00000000 	 0.00000000 	 0.76119143 	 2.18065470 	 0.67241083 	 0.65809554 	 0.00001397 	 0.00000000 	 0.05241622 	 0.08706316 	 2.47411600 	 0.00000000 	 0.00087790 	 0.00000000 	 1.41916910 	 0.02681050 	 14.31114600 	 1.03947180 	 31.03109723 	 824.62140222 	 183.60052508 	 40.69211664 	 1.41032620 	 12.89414726 	 4.56131774 	 10.70547736
1975 	 4.92563784 	 1.30241580 	 263.05854865 	 5.20289177 	 64.21096125 	 337.71465000 	 440.16522000 	 57.56581100 	 14.53844200 	 4.21768680 	 148.91662000 	 129.65616000 	 384.99818000 	 79.15390400 	 0.00000000 	 0.00000000 	 0.80304672 	 2.80183630 	 1.26827090 	 0.82874370 	 0.00001415 	 0.00000000 	 0.19213674 	 0.07287559 	 2.54512500 	 0.00000000 	 0.00087775 	 0.00000000 	 1.40040840 	 0.02894208 	 14.32104200 	 1.16464580 	 30.72052737 	 816.91948586 	 177.51306731 	 41.47672590 	 1.33704077 	 12.24345620 	 4.66139060 	 10.88619760
1976 	 5.19151536 	 1.31940590 	 269.94820966 	 5.34833109 	 67.18290605 	 329.27602000 	 426.10768000 	 57.24638000 	 15.38646600 	 4.74364700 	 150.23158000 	 129.63321000 	 475.43135000 	 92.66442600 	 0.00000000 	 0.00000000 	 0.82394648 	 3.41070570 	 1.84355730 	 0.98712807 	 0.00001436 	 0.00000000 	 0.33759564 	 0.04741259 	 2.61434700 	 0.00000000 	 0.00088049 	 0.00000000 	 1.55547710 	 0.03090111 	 16.01171400 	 1.42354160 	 32.23852139 	 856.06349153 	 186.24742730 	 42.52135697 	 1.43268175 	 13.26401779 	 4.80481478 	 11.14170013
1977 	 5.36118018 	 1.35127920 	 274.03015240 	 5.49532241 	 67.80696211 	 306.11158000 	 404.22830000 	 55.87524100 	 15.71703000 	 5.17825480 	 152.04264000 	 129.63647000 	 533.03250000 	 109.06413000 	 0.00000000 	 0.00000000 	 0.93269902 	 3.88260890 	 2.14208780 	 1.08529770 	 0.00000214 	 0.00000000 	 0.42456315 	 0.02218051 	 3.53239310 	 0.00000000 	 0.00088741 	 0.00000000 	 1.69235500 	 0.03271768 	 16.76257700 	 2.15834690 	 33.01002824 	 868.43130969 	 189.22553226 	 43.27485688 	 1.41206016 	 13.04144477 	 4.94111861 	 11.34579950
1978 	 5.57842281 	 1.29851510 	 276.33335446 	 5.62088489 	 68.05292116 	 278.45958000 	 383.98960000 	 72.24534900 	 15.52941700 	 5.52141660 	 153.91731000 	 130.48849000 	 529.79652000 	 112.78031000 	 0.00000000 	 0.00000000 	 1.27791300 	 4.27012120 	 2.15992380 	 1.12091570 	 -0.00006254 	 0.00000000 	 0.45249588 	 -0.05986703 	 4.66146100 	 0.00000000 	 0.00089481 	 0.00000000 	 1.76917660 	 0.03414454 	 16.89823500 	 2.82869010 	 34.21812836 	 897.40514836 	 192.93479555 	 44.24089207 	 1.47269351 	 13.38870573 	 5.10635130 	 11.63103846
1979 	 5.72726186 	 1.25155930 	 281.60006561 	 5.80270876 	 69.15022477 	 271.13342000 	 394.80033000 	 94.63462800 	 14.99123800 	 6.10206390 	 155.58904000 	 128.37989000 	 518.50501000 	 113.22088000 	 0.00000000 	 0.00000000 	 1.75956550 	 4.65136970 	 2.05794170 	 1.13280910 	 -0.00000204 	 0.00000000 	 0.42017076 	 -0.17766763 	 5.09378820 	 0.00000000 	 0.00090008 	 0.00000000 	 1.92033950 	 0.04627545 	 17.89831300 	 2.82961770 	 34.96181242 	 900.46642270 	 196.01690287 	 45.13478108 	 1.44250962 	 13.33983949 	 5.23472203 	 11.87264037
1980 	 5.64752600 	 1.24338240 	 283.34647024 	 5.86853641 	 68.81405903 	 276.09356000 	 398.43779000 	 120.23426000 	 14.76086100 	 7.23625950 	 157.04196000 	 125.08456000 	 513.02719000 	 118.29604000 	 0.00000000 	 0.00000000 	 2.03304530 	 5.11299130 	 2.15456610 	 1.15620960 	 0.00007935 	 0.00000000 	 0.35605477 	 -0.12485274 	 5.17327090 	 0.00000000 	 0.00090156 	 0.00008167 	 1.96332260 	 0.07463433 	 17.66426700 	 2.83048230 	 34.71259861 	 890.51149519 	 194.39124204 	 45.97852705 	 1.42795971 	 13.27186891 	 5.19042742 	 11.96067675
1981 	 5.53598160 	 1.25205490 	 279.78942072 	 5.80103567 	 66.71812044 	 271.00597000 	 403.07178000 	 128.45086000 	 13.92011500 	 8.63724470 	 158.51506000 	 126.52811000 	 516.86109000 	 122.37567000 	 0.00000000 	 0.00000000 	 1.96562000 	 6.00902150 	 2.48638880 	 1.17428140 	 0.00001711 	 0.00000000 	 0.32601335 	 0.11779446 	 4.42743610 	 0.00000000 	 0.00090260 	 0.00069675 	 1.73912660 	 0.09733278 	 16.18719200 	 2.95411190 	 34.06458094 	 875.78160944 	 189.16861386 	 46.37436562 	 1.36907057 	 12.79763321 	 5.20871166 	 12.07566276
1982 	 5.47393273 	 1.25738360 	 287.66931539 	 6.03851199 	 65.56108697 	 277.72577000 	 391.79861000 	 128.57689000 	 13.88545900 	 9.27483240 	 159.18065000 	 129.38621000 	 532.93449000 	 125.26367000 	 0.00000000 	 0.00000000 	 1.65733640 	 6.46934490 	 3.01312870 	 1.35241100 	 -0.00008228 	 0.00000000 	 0.33083911 	 0.22216908 	 3.55758650 	 0.00000000 	 0.00089426 	 0.00157850 	 1.62055220 	 0.10860240 	 15.97381000 	 2.95504320 	 34.10519500 	 967.42929829 	 206.88446478 	 47.66689068 	 1.64670317 	 15.96571081 	 5.26855540 	 12.30649490
1983 	 5.47974189 	 1.43215640 	 281.61765836 	 6.06126619 	 64.58077097 	 353.29433000 	 385.70972000 	 150.74703000 	 15.56484100 	 9.05703900 	 160.09109000 	 130.75989000 	 547.19948000 	 129.40550000 	 0.00000000 	 0.00000000 	 1.33787780 	 6.00340550 	 3.81981420 	 1.37877400 	 -0.00002710 	 0.00000000 	 0.33559498 	 0.09748991 	 3.80403690 	 0.00000000 	 0.00088712 	 0.00201785 	 1.84568540 	 0.13627202 	 16.38452500 	 3.20143710 	 33.23553041 	 862.02149433 	 183.83582233 	 47.64540210 	 1.29578118 	 12.02876078 	 5.32962104 	 12.43075265
1984 	 5.61560247 	 1.46034000 	 285.00304517 	 5.99186038 	 65.33858668 	 352.61795000 	 438.30954000 	 167.86607000 	 17.17769600 	 10.53760600 	 162.15076000 	 134.99340000 	 546.65240000 	 137.14097000 	 0.00000000 	 0.00000000 	 1.23917050 	 6.34123380 	 4.79872590 	 1.13295070 	 0.00008659 	 0.00000000 	 0.48356263 	 0.02741779 	 4.88053950 	 0.00000000 	 0.00089282 	 0.00430716 	 1.95418100 	 0.17274509 	 14.92739900 	 3.57068300 	 34.27371748 	 889.70201070 	 189.33352573 	 48.69349353 	 1.36217644 	 12.67542361 	 5.45284252 	 12.65085274
1985 	 5.67545611 	 1.49883560 	 285.67526972 	 5.99203852 	 65.50284680 	 321.80334000 	 487.46531000 	 191.20489000 	 18.04299200 	 12.09310700 	 164.43684000 	 138.44665000 	 559.24581000 	 148.48134000 	 0.00000000 	 0.00000000 	 1.42902660 	 7.68627140 	 5.53596520 	 1.18649160 	 0.00021607 	 0.00000000 	 0.56320674 	 0.08578755 	 5.25539330 	 0.00000000 	 0.00090213 	 0.01296604 	 1.93095100 	 0.23530336 	 13.86362400 	 3.69456570 	 34.80956164 	 906.93681995 	 190.45688567 	 49.41563613 	 1.38533252 	 12.95952790 	 5.53742947 	 12.87291208
1986 	 5.78083163 	 1.52918700 	 290.80844875 	 6.11858284 	 65.50803341 	 363.19165000 	 561.19711000 	 226.48099000 	 17.34317500 	 11.15620900 	 166.53505000 	 134.66824000 	 605.54478000 	 163.26271000 	 0.00000000 	 0.00000000 	 2.14806170 	 8.61992670 	 5.66263880 	 1.45302600 	 0.00021613 	 0.00068363 	 0.57273931 	 0.04430514 	 5.68969510 	 0.00000000 	 0.00090806 	 0.02810266 	 2.04478920 	 0.29825896 	 14.59521600 	 3.94119580 	 35.19400795 	 914.52180932 	 195.66522347 	 50.21167874 	 1.39469907 	 12.91608203 	 5.61900460 	 12.99603482
1987 	 5.93845663 	 1.51477150 	 295.04851469 	 6.34544659 	 66.75040139 	 377.17492000 	 543.59326000 	 234.71551000 	 15.98636200 	 11.17658400 	 168.70781000 	 140.05915000 	 636.85035000 	 177.25124000 	 0.00115782 	 0.00000000 	 3.26312480 	 9.16924280 	 5.24126870 	 1.73648710 	 0.00005821 	 0.00487859 	 0.79616882 	 -0.09966579 	 6.53860640 	 0.00000000 	 0.00091427 	 0.04478351 	 2.18681790 	 0.35555072 	 15.12273700 	 4.31066970 	 36.38386124 	 952.06114919 	 203.58517005 	 51.33101366 	 1.45754501 	 14.01604032 	 5.74259414 	 13.23582685
1988 	 6.12964870 	 1.51417730 	 298.68549508 	 6.18364988 	 67.31704009 	 324.40759000 	 433.01446000 	 225.34631000 	 14.05216900 	 12.06359200 	 171.54521000 	 134.89421000 	 645.54402000 	 185.32790000 	 0.34924766 	 0.00000000 	 5.26611920 	 10.09465700 	 4.70309710 	 1.77019800 	 0.02111501 	 0.06849384 	 0.88192316 	 -0.07366244 	 6.62781390 	 0.00000000 	 0.00092785 	 0.06056735 	 2.23840910 	 0.39827470 	 15.29533300 	 4.68026080 	 37.74146635 	 950.41518743 	 203.53222761 	 51.72677742 	 1.49180710 	 13.71625877 	 5.90482796 	 13.46880735
1989 	 6.20735997 	 1.53120210 	 302.16417439 	 6.25981220 	 67.34250011 	 246.46809000 	 357.76410000 	 212.83728000 	 10.11986300 	 11.29204500 	 174.22363000 	 105.50252000 	 713.52261000 	 189.56819000 	 0.72136249 	 0.00000000 	 10.73046400 	 10.90486200 	 4.38640960 	 1.67024930 	 0.31476996 	 0.67304705 	 0.82629641 	 0.05439740 	 6.65721820 	 0.00000000 	 0.00606553 	 0.07614779 	 2.20755390 	 0.44101244 	 15.21208100 	 5.04996640 	 38.08142061 	 930.84677546 	 200.31650520 	 52.06403696 	 1.37362992 	 12.76413752 	 5.94660375 	 13.56726924
1990 	 6.18306524 	 1.44422180 	 305.27255465 	 6.27242526 	 67.12354302 	 208.25652000 	 333.97703000 	 176.84560000 	 7.09050850 	 10.59120100 	 176.36773000 	 86.42653200 	 658.40311000 	 192.30881000 	 1.52032640 	 0.00000000 	 17.76805500 	 10.05133800 	 4.27415310 	 1.73732550 	 0.96053501 	 1.72086980 	 0.69729352 	 0.18589003 	 6.68384290 	 0.00000000 	 0.02696988 	 0.09176710 	 2.10769670 	 0.51217022 	 14.40786500 	 5.17431080 	 38.20020793 	 940.56263135 	 203.02123099 	 52.52170068 	 1.40495363 	 13.49128716 	 6.10331790 	 13.87408119
1991 	 6.18638268 	 1.63586890 	 318.73119205 	 6.34016752 	 66.50151314 	 159.81289000 	 286.27307000 	 120.64491000 	 6.95422280 	 10.77559100 	 177.30503000 	 85.14222600 	 474.47964000 	 185.52075000 	 6.93942230 	 0.00000000 	 22.06288000 	 9.65805280 	 4.15857490 	 1.67354620 	 1.72773400 	 2.72513130 	 0.70613627 	 0.24819351 	 7.05725660 	 0.00000000 	 0.05814159 	 0.10715402 	 1.98289700 	 0.56914776 	 12.92481500 	 5.29866000 	 39.63334567 	 1129.98388325 	 244.42863411 	 54.26130892 	 1.87052137 	 20.27194211 	 6.14101490 	 14.12299622
1992 	 6.14219128 	 1.68203790 	 299.40179547 	 6.35368817 	 64.25213616 	 106.91739000 	 227.43518000 	 74.36185200 	 5.30899840 	 10.12043900 	 179.34410000 	 85.43727900 	 361.04368000 	 194.06100000 	 22.26499000 	 0.00000000 	 24.23341600 	 10.78436200 	 3.81273920 	 1.46311070 	 2.47674850 	 4.02501160 	 1.00186370 	 0.18194194 	 7.91026150 	 0.00000000 	 0.08875591 	 0.12273589 	 1.95004440 	 0.61194046 	 11.90758800 	 5.42306360 	 38.65948303 	 913.37541860 	 198.23847301 	 52.37759099 	 1.35091635 	 12.56332941 	 6.01397264 	 14.08564748
1993 	 6.18964437 	 1.54579080 	 299.44251407 	 6.30599969 	 63.22330931 	 84.32510000 	 231.96180000 	 50.56739600 	 3.46377800 	 8.67716490 	 179.76429000 	 84.45833900 	 256.33383000 	 208.33854000 	 34.33223000 	 0.00000000 	 22.55136200 	 11.61233700 	 3.31804410 	 1.25145050 	 3.09499970 	 11.96719800 	 1.51663550 	 0.15716300 	 8.35348380 	 0.00000000 	 0.11880940 	 0.13825367 	 1.99848030 	 0.66895006 	 11.38133400 	 5.42476200 	 39.68450448 	 941.88163533 	 203.77578316 	 52.78275226 	 1.49269394 	 13.86241152 	 6.03842890 	 14.25258474
1994 	 6.23628905 	 1.50280610 	 310.25183676 	 6.43697597 	 61.84765604 	 85.89349500 	 238.58315000 	 37.56545100 	 4.60957760 	 8.16364300 	 178.03958000 	 86.05046000 	 159.08791000 	 237.88968000 	 45.28742100 	 0.00000000 	 24.42311200 	 11.30311500 	 2.96046270 	 1.19620620 	 3.55155180 	 24.55822900 	 2.32531550 	 0.20390529 	 8.73796800 	 0.00000000 	 0.14808425 	 0.15358509 	 2.14305570 	 0.76858745 	 11.00665800 	 5.54918260 	 40.21136130 	 1060.28274433 	 231.05035429 	 54.21042307 	 1.81237576 	 18.68609036 	 6.08335697 	 14.45726028
1995 	 6.37352459 	 1.48518060 	 305.40958890 	 6.49917823 	 60.66214136 	 86.26497500 	 210.72453000 	 23.47312700 	 5.70762420 	 7.67475770 	 180.13151000 	 80.48024500 	 95.78376300 	 230.34530000 	 51.09545800 	 0.00000000 	 27.59918000 	 11.01135800 	 2.89233040 	 1.08425970 	 3.87712230 	 36.21119300 	 3.43953050 	 0.29614801 	 9.31525700 	 0.00000000 	 0.17780027 	 0.16982122 	 2.38807070 	 0.83985059 	 10.68299800 	 5.67366250 	 40.39013229 	 955.03630616 	 206.47424847 	 53.41671788 	 1.63666553 	 14.99644083 	 6.17652397 	 14.71896671
1996 	 6.50743627 	 1.46930370 	 307.29120752 	 6.53729347 	 59.67621744 	 85.27874100 	 170.78176000 	 13.00530900 	 4.65222270 	 5.52421890 	 183.44400000 	 75.25603500 	 59.51433500 	 224.86947000 	 53.56836300 	 0.00000000 	 26.00128000 	 10.51099400 	 2.86542270 	 0.84755661 	 4.05791490 	 48.53829600 	 4.50145210 	 0.39044285 	 9.77070470 	 0.00000000 	 0.20547879 	 0.23841137 	 2.66384140 	 0.88273034 	 10.50574300 	 5.55270080 	 40.38991697 	 930.02188072 	 200.87242079 	 53.42127729 	 1.51252535 	 13.89060866 	 6.17381420 	 14.82358286
1997 	 6.57059261 	 2.18199187 	 331.28891976 	 6.73538013 	 59.89457410 	 86.34144600 	 160.63531000 	 10.39816400 	 3.76910620 	 3.45593890 	 180.14900000 	 75.48991200 	 29.55090700 	 240.52210000 	 55.76348100 	 0.00000000 	 29.37053600 	 9.82427680 	 2.85668520 	 0.76826308 	 4.62663270 	 58.75853700 	 5.57170230 	 0.42756200 	 9.79522590 	 0.00004959 	 0.25820595 	 0.31501343 	 2.87284370 	 0.92562382 	 10.41795800 	 5.78342590 	 41.83073042 	 1204.99230541 	 264.67515030 	 56.11803189 	 2.04433987 	 23.20101192 	 6.22544887 	 15.14037040
1998 	 6.58646898 	 1.54031197 	 315.33262120 	 6.44166695 	 58.63010969 	 86.34814100 	 156.67666000 	 12.99247700 	 3.96153460 	 2.93183620 	 176.10820000 	 72.91626300 	 23.41263600 	 234.46613000 	 55.95678100 	 0.00000000 	 28.47119600 	 10.32383700 	 2.70123900 	 0.76943857 	 6.90494690 	 70.04979200 	 6.89173970 	 0.54029666 	 10.02529000 	 0.00035835 	 0.60512272 	 0.38665542 	 2.98990690 	 0.92592158 	 10.33534800 	 5.60311070 	 42.27160091 	 1085.43059920 	 232.31801820 	 56.58934432 	 2.31614134 	 22.62635522 	 6.09608553 	 15.18592308
1999 	 6.65729525 	 1.30264117 	 309.40837085 	 6.27642077 	 55.54793358 	 82.70353800 	 140.42544000 	 14.05417500 	 3.97498530 	 3.15388420 	 168.37661000 	 72.96355000 	 18.42017300 	 252.31636000 	 58.33870700 	 0.00000000 	 25.74105100 	 10.26265800 	 2.15098550 	 0.77063120 	 8.68484450 	 91.97836300 	 7.94865020 	 0.74242070 	 10.07373000 	 0.00310815 	 1.06990130 	 0.49435229 	 2.96075050 	 0.91201618 	 10.21650500 	 5.16764630 	 40.88618512 	 940.70067799 	 205.11187816 	 54.76937230 	 1.72221137 	 15.37138536 	 5.97595075 	 15.07778597
2000 	 6.88899310 	 1.20061057 	 310.18680983 	 6.10762699 	 55.68545074 	 76.33007600 	 122.76605000 	 9.40438840 	 3.98671420 	 2.34765180 	 165.25876000 	 72.65140800 	 19.47122700 	 263.60627000 	 56.34168600 	 0.00000000 	 25.73015200 	 9.48013480 	 1.96944120 	 0.77151922 	 10.64066700 	 99.65742400 	 8.59875630 	 0.86319988 	 9.29783890 	 0.03400693 	 1.41149200 	 0.57423278 	 2.81539430 	 0.82709043 	 9.92314570 	 5.27353320 	 41.20213436 	 886.56473023 	 195.32415819 	 54.50959652 	 1.44330245 	 12.75640223 	 6.01404478 	 15.22557616
2001 	 6.95287402 	 0.96121967 	 312.89637870 	 6.18334929 	 56.07378615 	 68.27146600 	 111.64066000 	 5.95904710 	 3.27713640 	 1.16005450 	 165.59900000 	 70.65696900 	 19.80690100 	 261.60586000 	 56.36878100 	 0.00000000 	 24.49046300 	 8.83379360 	 2.32482610 	 0.74608572 	 11.07529500 	 96.24325100 	 9.85212520 	 0.94275566 	 8.98400030 	 0.80619906 	 1.65403090 	 0.63867332 	 3.04806820 	 0.71373088 	 10.59327500 	 5.32821020 	 41.31551891 	 881.67039558 	 196.18778281 	 54.70989639 	 1.45106707 	 12.39736849 	 6.14069169 	 15.48062994
2002 	 7.09364909 	 1.07000417 	 322.27883125 	 6.35476717 	 55.71198324 	 63.48480900 	 101.90454000 	 3.15136020 	 2.42055900 	 0.95011524 	 161.14055000 	 70.45667400 	 12.30271600 	 270.32175000 	 50.84317400 	 0.00000000 	 25.15609700 	 8.36859090 	 2.27975770 	 0.67660085 	 12.21447400 	 102.73275000 	 11.61758500 	 1.21078130 	 9.72089970 	 2.91706510 	 2.80378170 	 0.73327062 	 3.45343720 	 0.64294415 	 11.98216700 	 5.49764810 	 41.83634938 	 970.72441719 	 218.46041412 	 57.07665954 	 1.78813502 	 18.03120003 	 6.25833917 	 15.77704325
2003 	 7.42019228 	 0.90049627 	 328.12422420 	 6.42346446 	 57.66704296 	 62.27795500 	 97.84482800 	 5.76930160 	 1.73363370 	 0.74505988 	 158.92828000 	 69.83902400 	 10.12291700 	 287.30923000 	 44.44117200 	 0.00000000 	 25.07090900 	 8.08311540 	 2.02627720 	 0.60195554 	 15.64053900 	 117.40605000 	 13.11483200 	 1.56051200 	 11.00536900 	 5.22651800 	 4.78568970 	 0.85366012 	 3.16329000 	 0.57213452 	 12.57988200 	 5.54171940 	 42.61856435 	 944.74707861 	 214.40339143 	 57.69037488 	 1.74570156 	 18.08932734 	 6.49599603 	 16.27285401
2004 	 7.80791332 	 1.03758447 	 338.94177221 	 6.58550708 	 60.36735675 	 60.96680200 	 87.65410300 	 9.21674900 	 1.47299690 	 0.75667708 	 156.21655000 	 66.99856300 	 9.74699950 	 307.57676000 	 49.13580100 	 0.00000000 	 28.55488700 	 7.52676460 	 2.11926610 	 0.55294607 	 15.75887900 	 125.65071000 	 13.09750100 	 2.05104610 	 12.71261300 	 6.65121310 	 5.48730380 	 0.97410928 	 2.20295330 	 0.48709882 	 12.19488300 	 5.64800850 	 44.49046119 	 945.54695007 	 216.68728341 	 58.11358477 	 1.70229979 	 15.49009948 	 6.84016572 	 16.84023093
2005 	 8.08859025 	 1.02503607 	 346.39555462 	 6.68853887 	 62.61531857 	 60.33117900 	 71.95659300 	 4.62970250 	 1.81396580 	 0.58070615 	 154.12291000 	 63.19560700 	 7.54051950 	 329.52471000 	 53.95547100 	 0.00000000 	 33.44749300 	 6.94332840 	 1.89478280 	 0.46971744 	 16.14367500 	 126.49199000 	 12.43428400 	 2.36552800 	 14.62652900 	 7.07919740 	 6.36069220 	 1.08459270 	 1.94805040 	 0.41623880 	 11.06083800 	 6.27991430 	 45.55439840 	 950.59244444 	 218.78806478 	 58.88341048 	 1.72637810 	 15.31098598 	 7.11375029 	 17.41300473
2006 	 8.35307309 	 1.09198117 	 356.46968956 	 6.87042926 	 63.07403840 	 63.03720300 	 65.57527100 	 0.64506410 	 1.75103110 	 0.58710647 	 152.41471000 	 60.04808100 	 9.31904850 	 346.30497000 	 51.91159800 	 0.00000000 	 36.48980900 	 6.31184490 	 1.59023580 	 0.43579597 	 19.89106600 	 133.41048000 	 14.11851800 	 2.35315880 	 12.63984900 	 6.87540440 	 8.38624820 	 1.18525240 	 2.04542300 	 0.35955902 	 10.21735000 	 6.94091780 	 46.56963620 	 986.15100889 	 229.89543952 	 60.37974253 	 1.59251297 	 16.46891322 	 7.33313518 	 17.88623338
2007 	 8.67589117 	 0.96562687 	 355.02257554 	 6.59117412 	 62.66887456 	 64.73751300 	 61.62375500 	 4.50892030 	 1.55454930 	 0.78280059 	 147.28895000 	 57.25715400 	 9.69813040 	 357.26506000 	 49.95353200 	 0.00000000 	 37.10967900 	 5.77074370 	 1.70215540 	 0.59162888 	 26.59524600 	 127.25708000 	 16.39973800 	 2.41540530 	 9.32628910 	 6.69809950 	 8.40297450 	 1.26493760 	 1.76661580 	 0.28865777 	 9.32724150 	 6.97540730 	 48.05913961 	 945.86959444 	 219.70587066 	 60.96582609 	 1.73856508 	 15.05289185 	 7.54592901 	 18.22440614
2008 	 8.72785140 	 0.66793327 	 360.49171050 	 6.63327740 	 61.30268610 	 63.06087700 	 57.10847900 	 8.33953390 	 1.91644830 	 0.45696793 	 144.47281000 	 56.83769700 	 6.33764500 	 362.72449000 	 54.88145700 	 0.00000000 	 33.09162700 	 5.57375140 	 1.61713250 	 0.63840472 	 30.81562200 	 138.28669000 	 17.54409500 	 2.61965960 	 8.81234110 	 7.07605300 	 10.66937500 	 1.31648630 	 1.74603400 	 0.27454623 	 9.03534290 	 6.88353410 	 47.96349845 	 912.51048431 	 214.69549503 	 61.31644175 	 1.39589711 	 12.98488134 	 7.69595381 	 18.63413016
2009 	 8.57979141 	 0.75440617 	 364.20036338 	 6.70772787 	 58.74695512 	 60.06514800 	 54.78823800 	 5.78770040 	 1.67551740 	 0.38354940 	 144.24254000 	 55.35525300 	 3.76943240 	 366.55580000 	 61.50634300 	 0.00000000 	 32.08136900 	 5.25708960 	 1.72728460 	 0.47723148 	 33.92687200 	 160.10848000 	 21.14280400 	 2.96667250 	 9.93360030 	 7.85224940 	 16.22330600 	 1.43350120 	 1.79955070 	 0.26043012 	 9.68548740 	 7.15986100 	 46.41383071 	 917.72923094 	 218.75811434 	 61.37795930 	 1.34399450 	 12.82544330 	 7.76551950 	 18.94703306
2010 	 8.97010849 	 0.88457407 	 370.89625279 	 6.70332361 	 58.27504148 	 58.86009000 	 52.27120300 	 4.40703170 	 1.46441480 	 0.65896445 	 142.67450000 	 56.09086500 	 2.46147810 	 361.74691000 	 65.20953100 	 0.00000000 	 29.85179400 	 4.89755480 	 1.85116560 	 0.39655186 	 35.06951500 	 165.04400000 	 20.46088100 	 3.18270170 	 11.24760700 	 8.77787120 	 15.91452800 	 1.33755440 	 1.77421760 	 0.23210626 	 10.48947000 	 7.27590310 	 47.24778747 	 953.22863029 	 224.60211210 	 62.44447212 	 1.71252254 	 15.25121868 	 7.95260683 	 19.35931383
2011 	 9.25036125 	 0.91310127 	 372.65768318 	 6.64392842 	 58.86036522 	 62.41561500 	 52.12072200 	 4.62379380 	 2.04682870 	 0.85601742 	 140.42156000 	 57.56592700 	 3.00361580 	 366.94427000 	 67.69059200 	 0.00000000 	 28.64562800 	 4.33617730 	 2.09615300 	 0.39105944 	 43.33041800 	 190.47655000 	 22.15861400 	 3.41060400 	 12.49816500 	 9.46545780 	 20.41523300 	 1.12913450 	 1.84675550 	 0.23217956 	 11.05683700 	 7.46569280 	 48.41996272 	 906.76736751 	 218.62875398 	 62.39874927 	 1.41123567 	 12.88117775 	 8.06764090 	 19.63708152
2012 	 9.38096560 	 0.97010127 	 380.80976664 	 6.73771896 	 57.95045778 	 70.23522500 	 53.35878000 	 5.45292670 	 2.05205180 	 0.71686070 	 136.71475000 	 59.46491900 	 3.00966740 	 356.29002000 	 63.31154700 	 0.00000000 	 25.46826100 	 3.83798130 	 1.73287170 	 0.41594871 	 45.81505000 	 205.00564000 	 21.42300000 	 3.27711620 	 12.59158700 	 9.05424800 	 24.06710000 	 0.98551995 	 1.79498600 	 0.23225285 	 9.66094560 	 7.70628360 	 48.10495634 	 949.60221835 	 229.10693624 	 63.84845417 	 1.59584268 	 15.94688193 	 8.10944250 	 19.88002003
2013 	 9.65354719 	 0.91810127 	 381.59439282 	 6.84275381 	 57.43873689 	 75.74084200 	 54.81988700 	 6.51679340 	 1.94086170 	 0.61330322 	 133.39273000 	 62.51286100 	 1.83844240 	 342.89828000 	 59.81779100 	 0.00000000 	 19.46711800 	 3.57454930 	 0.96258078 	 0.44442215 	 38.88880000 	 202.01825000 	 23.80690000 	 2.99860060 	 11.60421300 	 9.78590000 	 21.45289100 	 0.87225171 	 1.63246520 	 0.23232615 	 8.30274360 	 7.68615800 	 47.43541717 	 901.23875664 	 219.38117925 	 63.65097665 	 1.36619510 	 13.10050046 	 8.19435864 	 20.14506537
2014 	 9.71333911 	 1.09510127 	 387.87353921 	 6.91095632 	 57.11833976 	 54.93650000 	 28.96120000 	 2.80240000 	 1.66960000 	 1.11489900 	 133.67910000 	 53.54750000 	 1.26250000 	 358.88130000 	 59.82000000 	 0.00000000 	 22.47000000 	 3.48100000 	 1.22990000 	 0.38540000 	 57.12430000 	 200.02490000 	 25.24870000 	 3.53930000 	 12.99100000 	 10.10250000 	 30.48580000 	 1.15160000 	 1.65170000 	 0.29970000 	 9.87350000 	 7.87840000 	 47.31462854 	 964.04761815 	 233.52551801 	 65.03685366 	 1.53862535 	 15.87606953 	 8.20575431 	 20.26975185
2015 	 9.71871445 	 0.95930182 	 388.07279566 	 6.93240000 	 50.48635466 	 43.57340000 	 14.60960000 	 0.87420000 	 1.66960000 	 1.67140000 	 133.82300000 	 47.54760000 	 0.00000000 	 358.88130000 	 59.82000000 	 0.00000000 	 22.47000000 	 3.29330000 	 1.33780000 	 0.34810000 	 78.79060000 	 201.95340000 	 32.38100000 	 3.66330000 	 14.48570000 	 11.72850000 	 38.57920000 	 1.15160000 	 1.57000000 	 0.35000000 	 10.86990000 	 8.02000000 	 47.27821681 	 934.34988468 	 227.24481932 	 65.27970313 	 1.56109958 	 14.28987364 	 8.16632400 	 20.45615058
2016 	 10.00945187 	 0.97903523 	 391.07621395 	 7.04433057 	 49.66107918 	 41.88082000 	 12.88774000 	 0.78156000 	 1.51523145 	 1.61422146 	 135.46402000 	 45.01716000 	 0.00000000 	 351.62520600 	 60.84287860 	 0.00000000 	 21.99015560 	 3.07158000 	 1.29166000 	 0.33428000 	 93.91969800 	 208.27624000 	 37.15426000 	 3.92278474 	 12.05960000 	 13.16174720 	 32.11786000 	 1.15000362 	 1.65966000 	 0.36997812 	 11.24617660 	 8.09776000 	 47.25734625 	 932.57526493 	 227.48984158 	 65.84949779 	 1.54604008 	 14.16402463 	 8.16672857 	 20.47427977
2017 	 10.30018929 	 0.99876865 	 394.07963223 	 7.15626115 	 48.83580369 	 40.18824000 	 11.16588000 	 0.68892000 	 1.36086291 	 1.55704292 	 137.10504000 	 42.48672000 	 0.00000000 	 344.36911200 	 61.86575720 	 0.00000000 	 21.51031120 	 2.84986000 	 1.24552000 	 0.32046000 	 109.04879600 	 214.59908000 	 41.92752000 	 4.18226948 	 9.63350000 	 14.59499440 	 25.65652000 	 1.14840724 	 1.74932000 	 0.38995624 	 11.62245320 	 8.17552000 	 47.23647570 	 930.80064517 	 227.73486385 	 66.41929244 	 1.53098058 	 14.03817561 	 8.16713314 	 20.49240896
2018 	 10.59092671 	 1.01850206 	 397.08305051 	 7.26819172 	 48.01052821 	 38.49566000 	 9.44402000 	 0.59628000 	 1.20649436 	 1.49986438 	 138.74606000 	 39.95628000 	 0.00000000 	 337.11301800 	 62.88863580 	 0.00000000 	 21.03046680 	 2.62814000 	 1.19938000 	 0.30664000 	 124.17789400 	 220.92192000 	 46.70078000 	 4.44175422 	 7.20740000 	 16.02824160 	 19.19518000 	 1.14681086 	 1.83898000 	 0.40993435 	 11.99872980 	 8.25328000 	 47.21560515 	 929.02602542 	 227.97988611 	 66.98908709 	 1.51592108 	 13.91232660 	 8.16753770 	 20.51053814
2019 	 10.88166413 	 1.03823548 	 400.08646879 	 7.38012229 	 47.18525273 	 36.80308000 	 7.72216000 	 0.50364000 	 1.05212582 	 1.44268584 	 140.38708000 	 37.42584000 	 0.00000000 	 329.85692400 	 63.91151440 	 0.00000000 	 20.55062240 	 2.40642000 	 1.15324000 	 0.29282000 	 139.30699200 	 227.24476000 	 51.47404000 	 4.70123896 	 4.78130000 	 17.46148880 	 12.73384000 	 1.14521448 	 1.92864000 	 0.42991247 	 12.37500640 	 8.33104000 	 47.19473460 	 927.25140566 	 228.22490837 	 67.55888174 	 1.50086158 	 13.78647758 	 8.16794227 	 20.52866733
2020 	 11.17240156 	 1.05796889 	 403.08988707 	 7.49205287 	 46.35997725 	 35.11050000 	 6.00030000 	 0.41100000 	 0.89775727 	 1.38550730 	 142.02810000 	 34.89540000 	 0.00000000 	 322.60083000 	 64.93439300 	 0.00000000 	 20.07077800 	 2.18470000 	 1.10710000 	 0.27900000 	 154.43609000 	 233.56760000 	 56.24730000 	 4.96072370 	 2.35520000 	 18.89473600 	 6.27250000 	 1.14361810 	 2.01830000 	 0.44989059 	 12.75128300 	 8.40880000 	 47.17386404 	 925.47678590 	 228.46993064 	 68.12867639 	 1.48580208 	 13.66062857 	 8.16834684 	 20.54679651
2021 	 11.40586291 	 1.04818529 	 386.95897834 	 7.58904153 	 45.60646796 	 33.87909000 	 5.50149000 	 0.37899000 	 0.83392621 	 1.34214865 	 140.81847000 	 33.28538000 	 0.00000000 	 304.67177000 	 63.84019210 	 0.00000000 	 19.22654540 	 2.06237000 	 1.07222000 	 0.26903000 	 160.22836700 	 230.11956000 	 58.23306000 	 4.97197436 	 2.17242000 	 19.52839760 	 5.78571000 	 1.10146154 	 1.95221000 	 0.43516411 	 12.50889520 	 8.43464000 	 46.37718421 	 916.75146798 	 227.34505907 	 68.63386091 	 1.47263033 	 13.55116804 	 8.07467598 	 20.43685559
2022 	 11.63932427 	 1.03840170 	 370.82806962 	 7.68603019 	 44.85295867 	 32.64768000 	 5.00268000 	 0.34698000 	 0.77009516 	 1.29879001 	 139.60884000 	 31.67536000 	 0.00000000 	 286.74271000 	 62.74599120 	 0.00000000 	 18.38231280 	 1.94004000 	 1.03734000 	 0.25906000 	 166.02064400 	 226.67152000 	 60.21882000 	 4.98322502 	 1.98964000 	 20.16205920 	 5.29892000 	 1.05930497 	 1.88612000 	 0.42043764 	 12.26650740 	 8.46048000 	 45.58050437 	 908.02615006 	 226.22018750 	 69.13904544 	 1.45945859 	 13.44170752 	 7.98100513 	 20.32691467
2023 	 11.87278563 	 1.02861810 	 354.69716089 	 7.78301885 	 44.09944938 	 31.41627000 	 4.50387000 	 0.31497000 	 0.70626410 	 1.25543136 	 138.39921000 	 30.06534000 	 0.00000000 	 268.81365000 	 61.65179030 	 0.00000000 	 17.53808020 	 1.81771000 	 1.00246000 	 0.24909000 	 171.81292100 	 223.22348000 	 62.20458000 	 4.99447568 	 1.80686000 	 20.79572080 	 4.81213000 	 1.01714841 	 1.82003000 	 0.40571116 	 12.02411960 	 8.48632000 	 44.78382453 	 899.30083214 	 225.09531593 	 69.64422997 	 1.44628684 	 13.33224700 	 7.88733427 	 20.21697376
2024 	 12.10624699 	 1.01883450 	 338.56625216 	 7.88000752 	 43.34594009 	 30.18486000 	 4.00506000 	 0.28296000 	 0.64243304 	 1.21207272 	 137.18958000 	 28.45532000 	 0.00000000 	 250.88459000 	 60.55758940 	 0.00000000 	 16.69384760 	 1.69538000 	 0.96758000 	 0.23912000 	 177.60519800 	 219.77544000 	 64.19034000 	 5.00572634 	 1.62408000 	 21.42938240 	 4.32534000 	 0.97499184 	 1.75394000 	 0.39098468 	 11.78173180 	 8.51216000 	 43.98714469 	 890.57551422 	 223.97044436 	 70.14941449 	 1.43311510 	 13.22278648 	 7.79366341 	 20.10703284
2025 	 12.33970834 	 1.00905090 	 322.43534343 	 7.97699618 	 42.59243080 	 28.95345000 	 3.50625000 	 0.25095000 	 0.57860199 	 1.16871407 	 135.97995000 	 26.84530000 	 0.00000000 	 232.95553000 	 59.46338850 	 0.00000000 	 15.84961500 	 1.57305000 	 0.93270000 	 0.22915000 	 183.39747500 	 216.32740000 	 66.17610000 	 5.01697700 	 1.44130000 	 22.06304400 	 3.83855000 	 0.93283528 	 1.68785000 	 0.37625821 	 11.53934400 	 8.53800000 	 43.19046485 	 881.85019630 	 222.84557279 	 70.65459902 	 1.41994335 	 13.11332596 	 7.69999255 	 19.99709192
2026 	 12.57316970 	 0.99926730 	 306.30443470 	 8.07398484 	 41.83892150 	 27.72204000 	 3.00744000 	 0.21894000 	 0.51477093 	 1.12535543 	 134.77032000 	 25.23528000 	 0.00000000 	 215.02647000 	 58.36918760 	 0.00000000 	 15.00538240 	 1.45072000 	 0.89782000 	 0.21918000 	 189.18975200 	 212.87936000 	 68.16186000 	 5.02822766 	 1.25852000 	 22.69670560 	 3.35176000 	 0.89067872 	 1.62176000 	 0.36153173 	 11.29695620 	 8.56384000 	 42.39378501 	 873.12487838 	 221.72070122 	 71.15978354 	 1.40677161 	 13.00386543 	 7.60632170 	 19.88715100
2027 	 12.80663106 	 0.98948370 	 290.17352597 	 8.17097350 	 41.08541221 	 26.49063000 	 2.50863000 	 0.18693000 	 0.45093987 	 1.08199678 	 133.56069000 	 23.62526000 	 0.00000000 	 197.09741000 	 57.27498670 	 0.00000000 	 14.16114980 	 1.32839000 	 0.86294000 	 0.20921000 	 194.98202900 	 209.43132000 	 70.14762000 	 5.03947832 	 1.07574000 	 23.33036720 	 2.86497000 	 0.84852215 	 1.55567000 	 0.34680525 	 11.05456840 	 8.58968000 	 41.59710517 	 864.39956046 	 220.59582965 	 71.66496807 	 1.39359986 	 12.89440491 	 7.51265084 	 19.77721008
2028 	 13.04009242 	 0.97970010 	 274.04261724 	 8.26796216 	 40.33190292 	 25.25922000 	 2.00982000 	 0.15492000 	 0.38710881 	 1.03863814 	 132.35106000 	 22.01524000 	 0.00000000 	 179.16835000 	 56.18078580 	 0.00000000 	 13.31691720 	 1.20606000 	 0.82806000 	 0.19924000 	 200.77430600 	 205.98328000 	 72.13338000 	 5.05072898 	 0.89296000 	 23.96402880 	 2.37818000 	 0.80636559 	 1.48958000 	 0.33207877 	 10.81218060 	 8.61552000 	 40.80042533 	 855.67424254 	 219.47095808 	 72.17015259 	 1.38042811 	 12.78494439 	 7.41897998 	 19.66726916
2029 	 13.27355378 	 0.96991650 	 257.91170851 	 8.36495083 	 39.57839363 	 24.02781000 	 1.51101000 	 0.12291000 	 0.32327776 	 0.99527949 	 131.14143000 	 20.40522000 	 0.00000000 	 161.23929000 	 55.08658490 	 0.00000000 	 12.47268460 	 1.08373000 	 0.79318000 	 0.18927000 	 206.56658300 	 202.53524000 	 74.11914000 	 5.06197964 	 0.71018000 	 24.59769040 	 1.89139000 	 0.76420902 	 1.42349000 	 0.31735230 	 10.56979280 	 8.64136000 	 40.00374550 	 846.94892461 	 218.34608651 	 72.67533712 	 1.36725637 	 12.67548387 	 7.32530912 	 19.55732825
2030 	 13.50701513 	 0.96013290 	 241.78079978 	 8.46193949 	 38.82488434 	 22.79640000 	 1.01220000 	 0.09090000 	 0.25944670 	 0.95192085 	 129.93180000 	 18.79520000 	 0.00000000 	 143.31023000 	 53.99238400 	 0.00000000 	 11.62845200 	 0.96140000 	 0.75830000 	 0.17930000 	 212.35886000 	 199.08720000 	 76.10490000 	 5.07323030 	 0.52740000 	 25.23135200 	 1.40460000 	 0.72205246 	 1.35740000 	 0.30262582 	 10.32740500 	 8.66720000 	 39.20706566 	 838.22360669 	 217.22121494 	 73.18052164 	 1.35408462 	 12.56602334 	 7.23163827 	 19.44738733
2031 	 13.68215104 	 0.95042138 	 236.98585355 	 8.54107986 	 38.16128959 	 21.99688000 	 0.92805000 	 0.08382000 	 0.24100761 	 0.92217113 	 129.15760000 	 17.92802000 	 0.00000000 	 131.00808400 	 51.76980000 	 0.00000000 	 10.82562094 	 0.90757000 	 0.73440000 	 0.17290000 	 216.31717000 	 198.40591000 	 77.85739000 	 5.07429779 	 0.50649000 	 25.84633900 	 1.34891000 	 0.70741493 	 1.31510000 	 0.29319475 	 10.17227643 	 8.67123000 	 38.66423038 	 827.63889059 	 215.15990254 	 73.47421727 	 1.34322031 	 12.47539803 	 7.12364025 	 19.08326225
2032 	 13.85728694 	 0.94070986 	 232.19090732 	 8.62022023 	 37.49769484 	 21.19736000 	 0.84390000 	 0.07674000 	 0.22256852 	 0.89242140 	 128.38340000 	 17.06084000 	 0.00000000 	 118.70593800 	 49.54721600 	 0.00000000 	 10.02278988 	 0.85374000 	 0.71050000 	 0.16650000 	 220.27548000 	 197.72462000 	 79.60988000 	 5.07536528 	 0.48558000 	 26.46132600 	 1.29322000 	 0.69277741 	 1.27280000 	 0.28376368 	 10.01714786 	 8.67526000 	 38.12139511 	 817.05417450 	 213.09859015 	 73.76791289 	 1.33235600 	 12.38477271 	 7.01564223 	 18.71913717
2033 	 14.03242285 	 0.93099834 	 227.39596109 	 8.69936059 	 36.83410009 	 20.39784000 	 0.75975000 	 0.06966000 	 0.20412944 	 0.86267168 	 127.60920000 	 16.19366000 	 0.00000000 	 106.40379200 	 47.32463200 	 0.00000000 	 9.21995882 	 0.79991000 	 0.68660000 	 0.16010000 	 224.23379000 	 197.04333000 	 81.36237000 	 5.07643277 	 0.46467000 	 27.07631300 	 1.23753000 	 0.67813988 	 1.23050000 	 0.27433260 	 9.86201929 	 8.67929000 	 37.57855984 	 806.46945840 	 211.03727775 	 74.06160851 	 1.32149169 	 12.29414740 	 6.90764421 	 18.35501210
2034 	 14.20755875 	 0.92128682 	 222.60101486 	 8.77850096 	 36.17050534 	 19.59832000 	 0.67560000 	 0.06258000 	 0.18569035 	 0.83292195 	 126.83500000 	 15.32648000 	 0.00000000 	 94.10164600 	 45.10204800 	 0.00000000 	 8.41712776 	 0.74608000 	 0.66270000 	 0.15370000 	 228.19210000 	 196.36204000 	 83.11486000 	 5.07750026 	 0.44376000 	 27.69130000 	 1.18184000 	 0.66350236 	 1.18820000 	 0.26490153 	 9.70689072 	 8.68332000 	 37.03572456 	 795.88474230 	 208.97596536 	 74.35530413 	 1.31062738 	 12.20352208 	 6.79964620 	 17.99088702
2035 	 14.38269465 	 0.91157530 	 217.80606863 	 8.85764133 	 35.50691059 	 18.79880000 	 0.59145000 	 0.05550000 	 0.16725126 	 0.80317223 	 126.06080000 	 14.45930000 	 0.00000000 	 81.79950000 	 42.87946400 	 0.00000000 	 7.61429670 	 0.69225000 	 0.63880000 	 0.14730000 	 232.15041000 	 195.68075000 	 84.86735000 	 5.07856775 	 0.42285000 	 28.30628700 	 1.12615000 	 0.64886483 	 1.14590000 	 0.25547046 	 9.55176215 	 8.68735000 	 36.49288929 	 785.30002620 	 206.91465296 	 74.64899975 	 1.29976307 	 12.11289677 	 6.69164818 	 17.62676195
2036 	 14.55783056 	 0.90186378 	 213.01112240 	 8.93678170 	 34.84331584 	 17.99928000 	 0.50730000 	 0.04842000 	 0.14881217 	 0.77342251 	 125.28660000 	 13.59212000 	 0.00000000 	 69.49735400 	 40.65688000 	 0.00000000 	 6.81146564 	 0.63842000 	 0.61490000 	 0.14090000 	 236.10872000 	 194.99946000 	 86.61984000 	 5.07963524 	 0.40194000 	 28.92127400 	 1.07046000 	 0.63422730 	 1.10360000 	 0.24603939 	 9.39663358 	 8.69138000 	 35.95005402 	 774.71531010 	 204.85334057 	 74.94269537 	 1.28889875 	 12.02227145 	 6.58365016 	 17.26263687
2037 	 14.73296646 	 0.89215226 	 208.21617617 	 9.01592207 	 34.17972109 	 17.19976000 	 0.42315000 	 0.04134000 	 0.13037309 	 0.74367278 	 124.51240000 	 12.72494000 	 0.00000000 	 57.19520800 	 38.43429600 	 0.00000000 	 6.00863458 	 0.58459000 	 0.59100000 	 0.13450000 	 240.06703000 	 194.31817000 	 88.37233000 	 5.08070273 	 0.38103000 	 29.53626100 	 1.01477000 	 0.61958978 	 1.06130000 	 0.23660832 	 9.24150501 	 8.69541000 	 35.40721874 	 764.13059400 	 202.79202817 	 75.23639099 	 1.27803444 	 11.93164614 	 6.47565215 	 16.89851179
2038 	 14.90810237 	 0.88244074 	 203.42122995 	 9.09506244 	 33.51612634 	 16.40024000 	 0.33900000 	 0.03426000 	 0.11193400 	 0.71392306 	 123.73820000 	 11.85776000 	 0.00000000 	 44.89306200 	 36.21171200 	 0.00000000 	 5.20580352 	 0.53076000 	 0.56710000 	 0.12810000 	 244.02534000 	 193.63688000 	 90.12482000 	 5.08177022 	 0.36012000 	 30.15124800 	 0.95908000 	 0.60495225 	 1.01900000 	 0.22717724 	 9.08637644 	 8.69944000 	 34.86438347 	 753.54587790 	 200.73071577 	 75.53008661 	 1.26717013 	 11.84102082 	 6.36765413 	 16.53438672
2039 	 15.08323827 	 0.87272922 	 198.62628372 	 9.17420281 	 32.85253159 	 15.60072000 	 0.25485000 	 0.02718000 	 0.09349491 	 0.68417333 	 122.96400000 	 10.99058000 	 0.00000000 	 32.59091600 	 33.98912800 	 0.00000000 	 4.40297246 	 0.47693000 	 0.54320000 	 0.12170000 	 247.98365000 	 192.95559000 	 91.87731000 	 5.08283771 	 0.33921000 	 30.76623500 	 0.90339000 	 0.59031473 	 0.97670000 	 0.21774617 	 8.93124787 	 8.70347000 	 34.32154820 	 742.96116180 	 198.66940338 	 75.82378223 	 1.25630582 	 11.75039551 	 6.25965611 	 16.17026164
2040 	 15.25837417 	 0.86301770 	 193.83133749 	 9.25334318 	 32.18893684 	 14.80120000 	 0.17070000 	 0.02010000 	 0.07505582 	 0.65442361 	 122.18980000 	 10.12340000 	 0.00000000 	 20.28877000 	 31.76654400 	 0.00000000 	 3.60014140 	 0.42310000 	 0.51930000 	 0.11530000 	 251.94196000 	 192.27430000 	 93.62980000 	 5.08390520 	 0.31830000 	 31.38122200 	 0.84770000 	 0.57567720 	 0.93440000 	 0.20831510 	 8.77611930 	 8.70750000 	 33.77871292 	 732.37644570 	 196.60809098 	 76.11747786 	 1.24544151 	 11.65977019 	 6.15165810 	 15.80613657
2041 	 15.39235338 	 0.85566448 	 192.59478268 	 9.32374287 	 31.27376320 	 14.28209000 	 0.15651000 	 0.01853000 	 0.06972350 	 0.63395749 	 121.69434000 	 9.65632000 	 0.00000000 	 18.44822429 	 30.40613220 	 0.00000000 	 3.34120265 	 0.39941000 	 0.50294000 	 0.11118000 	 254.94801900 	 193.15595000 	 94.95507000 	 5.09883811 	 0.30250000 	 31.93420870 	 0.80562000 	 0.57115823 	 0.90733000 	 0.20227571 	 8.67684021 	 8.68817000 	 33.01333807 	 719.38579624 	 193.71109680 	 76.32863220 	 1.23544163 	 11.57530528 	 6.00952302 	 15.36882531
2042 	 15.52633259 	 0.84831127 	 191.35822787 	 9.39414257 	 30.35858955 	 13.76298000 	 0.14232000 	 0.01696000 	 0.06439118 	 0.61349136 	 121.19888000 	 9.18924000 	 0.00000000 	 16.60767858 	 29.04572040 	 0.00000000 	 3.08226390 	 0.37572000 	 0.48658000 	 0.10706000 	 257.95407800 	 194.03760000 	 96.28034000 	 5.11377102 	 0.28670000 	 32.48719540 	 0.76354000 	 0.56663926 	 0.88026000 	 0.19623633 	 8.57756112 	 8.66884000 	 32.24796322 	 706.39514678 	 190.81410261 	 76.53978655 	 1.22544176 	 11.49084037 	 5.86738795 	 14.93151406
2043 	 15.66031180 	 0.84095805 	 190.12167306 	 9.46454226 	 29.44341591 	 13.24387000 	 0.12813000 	 0.01539000 	 0.05905885 	 0.59302524 	 120.70342000 	 8.72216000 	 0.00000000 	 14.76713287 	 27.68530860 	 0.00000000 	 2.82332515 	 0.35203000 	 0.47022000 	 0.10294000 	 260.96013700 	 194.91925000 	 97.60561000 	 5.12870393 	 0.27090000 	 33.04018210 	 0.72146000 	 0.56212030 	 0.85319000 	 0.19019694 	 8.47828203 	 8.64951000 	 31.48258837 	 693.40449732 	 187.91710843 	 76.75094090 	 1.21544188 	 11.40637545 	 5.72525288 	 14.49420280
2044 	 15.79429101 	 0.83360484 	 188.88511825 	 9.53494196 	 28.52824227 	 12.72476000 	 0.11394000 	 0.01382000 	 0.05372653 	 0.57255912 	 120.20796000 	 8.25508000 	 0.00000000 	 12.92658716 	 26.32489680 	 0.00000000 	 2.56438640 	 0.32834000 	 0.45386000 	 0.09882000 	 263.96619600 	 195.80090000 	 98.93088000 	 5.14363684 	 0.25510000 	 33.59316880 	 0.67938000 	 0.55760133 	 0.82612000 	 0.18415755 	 8.37900294 	 8.63018000 	 30.71721352 	 680.41384786 	 185.02011425 	 76.96209525 	 1.20544201 	 11.32191054 	 5.58311781 	 14.05689155
2045 	 15.92827022 	 0.82625163 	 187.64856344 	 9.60534165 	 27.61306863 	 12.20565000 	 0.09975000 	 0.01225000 	 0.04839420 	 0.55209300 	 119.71250000 	 7.78800000 	 0.00000000 	 11.08604145 	 24.96448500 	 0.00000000 	 2.30544765 	 0.30465000 	 0.43750000 	 0.09470000 	 266.97225500 	 196.68255000 	 100.25615000 	 5.15856975 	 0.23930000 	 34.14615550 	 0.63730000 	 0.55308236 	 0.79905000 	 0.17811816 	 8.27972385 	 8.61085000 	 29.95183867 	 667.42319840 	 182.12312006 	 77.17324960 	 1.19544213 	 11.23744562 	 5.44098273 	 13.61958029
2046 	 16.06224943 	 0.81889841 	 186.41200863 	 9.67574135 	 26.69789499 	 11.68654000 	 0.08556000 	 0.01068000 	 0.04306188 	 0.53162687 	 119.21704000 	 7.32092000 	 0.00000000 	 9.24549574 	 23.60407320 	 0.00000000 	 2.04650890 	 0.28096000 	 0.42114000 	 0.09058000 	 269.97831400 	 197.56420000 	 101.58142000 	 5.17350266 	 0.22350000 	 34.69914220 	 0.59522000 	 0.54856339 	 0.77198000 	 0.17207878 	 8.18044476 	 8.59152000 	 29.18646382 	 654.43254894 	 179.22612588 	 77.38440395 	 1.18544225 	 11.15298071 	 5.29884766 	 13.18226904
2047 	 16.19622864 	 0.81154520 	 185.17545382 	 9.74614104 	 25.78272134 	 11.16743000 	 0.07137000 	 0.00911000 	 0.03772955 	 0.51116075 	 118.72158000 	 6.85384000 	 0.00000000 	 7.40495003 	 22.24366140 	 0.00000000 	 1.78757015 	 0.25727000 	 0.40478000 	 0.08646000 	 272.98437300 	 198.44585000 	 102.90669000 	 5.18843557 	 0.20770000 	 35.25212890 	 0.55314000 	 0.54404442 	 0.74491000 	 0.16603939 	 8.08116567 	 8.57219000 	 28.42108897 	 641.44189948 	 176.32913170 	 77.59555830 	 1.17544238 	 11.06851580 	 5.15671259 	 12.74495779
2048 	 16.33020785 	 0.80419198 	 183.93889902 	 9.81654074 	 24.86754770 	 10.64832000 	 0.05718000 	 0.00754000 	 0.03239723 	 0.49069463 	 118.22612000 	 6.38676000 	 0.00000000 	 5.56440432 	 20.88324960 	 0.00000000 	 1.52863140 	 0.23358000 	 0.38842000 	 0.08234000 	 275.99043200 	 199.32750000 	 104.23196000 	 5.20336848 	 0.19190000 	 35.80511560 	 0.51106000 	 0.53952546 	 0.71784000 	 0.16000000 	 7.98188658 	 8.55286000 	 27.65571412 	 628.45125002 	 173.43213751 	 77.80671265 	 1.16544250 	 10.98405088 	 5.01457751 	 12.30764653
2049 	 16.46418705 	 0.79683877 	 182.70234421 	 9.88694043 	 23.95237406 	 10.12921000 	 0.04299000 	 0.00597000 	 0.02706491 	 0.47022850 	 117.73066000 	 5.91968000 	 0.00000000 	 3.72385861 	 19.52283780 	 0.00000000 	 1.26969265 	 0.20989000 	 0.37206000 	 0.07822000 	 278.99649100 	 200.20915000 	 105.55723000 	 5.21830139 	 0.17610000 	 36.35810230 	 0.46898000 	 0.53500649 	 0.69077000 	 0.15396062 	 7.88260749 	 8.53353000 	 26.89033927 	 615.46060056 	 170.53514333 	 78.01786700 	 1.15544263 	 10.89958597 	 4.87244244 	 11.87033528
2050 	 16.59816626 	 0.78948556 	 181.46578940 	 9.95734013 	 23.03720042 	 9.61010000 	 0.02880000 	 0.00440000 	 0.02173258 	 0.44976238 	 117.23520000 	 5.45260000 	 0.00000000 	 1.88331290 	 18.16242600 	 0.00000000 	 1.01075390 	 0.18620000 	 0.35570000 	 0.07410000 	 282.00255000 	 201.09080000 	 106.88250000 	 5.23323430 	 0.16030000 	 36.91108900 	 0.42690000 	 0.53048752 	 0.66370000 	 0.14792123 	 7.78332840 	 8.51420000 	 26.12496442 	 602.46995111 	 167.63814915 	 78.22902135 	 1.14544275 	 10.81512105 	 4.73030737 	 11.43302402
2051 	 16.71196185 	 0.79658143 	 182.11213263 	 10.02187143 	 22.90013326 	 9.27305000 	 0.02641000 	 0.00406000 	 0.02018666 	 0.43569632 	 116.91820000 	 5.20103000 	 0.00000000 	 1.71246606 	 17.38460940 	 0.00000000 	 0.93805614 	 0.17577000 	 0.34449000 	 0.07145000 	 283.78503800 	 201.34217000 	 107.62355000 	 5.19588404 	 0.15272000 	 37.30773160 	 0.40671000 	 0.52605451 	 0.64638000 	 0.14405908 	 7.71978898 	 8.51471000 	 26.05739720 	 598.86552558 	 166.09618778 	 78.29649848 	 1.13553668 	 10.73134842 	 4.70185376 	 11.38478214
2052 	 16.82575743 	 0.80367731 	 182.75847587 	 10.08640274 	 22.76306611 	 8.93600000 	 0.02402000 	 0.00372000 	 0.01864073 	 0.42163025 	 116.60120000 	 4.94946000 	 0.00000000 	 1.54161921 	 16.60679280 	 0.00000000 	 0.86535839 	 0.16534000 	 0.33328000 	 0.06880000 	 285.56752600 	 201.59354000 	 108.36460000 	 5.15853378 	 0.14514000 	 37.70437420 	 0.38652000 	 0.52162150 	 0.62906000 	 0.14019694 	 7.65624956 	 8.51522000 	 25.98982998 	 595.26110006 	 164.55422642 	 78.36397560 	 1.12563060 	 10.64757578 	 4.67340014 	 11.33654025
2053 	 16.93955301 	 0.81077319 	 183.40481911 	 10.15093404 	 22.62599895 	 8.59895000 	 0.02163000 	 0.00338000 	 0.01709480 	 0.40756419 	 116.28420000 	 4.69789000 	 0.00000000 	 1.37077237 	 15.82897620 	 0.00000000 	 0.79266063 	 0.15491000 	 0.32207000 	 0.06615000 	 287.35001400 	 201.84491000 	 109.10565000 	 5.12118352 	 0.13756000 	 38.10101680 	 0.36633000 	 0.51718849 	 0.61174000 	 0.13633479 	 7.59271014 	 8.51573000 	 25.92226276 	 591.65667454 	 163.01226506 	 78.43145273 	 1.11572453 	 10.56380314 	 4.64494653 	 11.28829837
2054 	 17.05334859 	 0.81786907 	 184.05116234 	 10.21546534 	 22.48893179 	 8.26190000 	 0.01924000 	 0.00304000 	 0.01554888 	 0.39349813 	 115.96720000 	 4.44632000 	 0.00000000 	 1.19992552 	 15.05115960 	 0.00000000 	 0.71996287 	 0.14448000 	 0.31086000 	 0.06350000 	 289.13250200 	 202.09628000 	 109.84670000 	 5.08383326 	 0.12998000 	 38.49765940 	 0.34614000 	 0.51275548 	 0.59442000 	 0.13247265 	 7.52917072 	 8.51624000 	 25.85469555 	 588.05224902 	 161.47030369 	 78.49892986 	 1.10581845 	 10.48003051 	 4.61649292 	 11.24005648
2055 	 17.16714417 	 0.82496494 	 184.69750558 	 10.27999665 	 22.35186464 	 7.92485000 	 0.01685000 	 0.00270000 	 0.01400295 	 0.37943206 	 115.65020000 	 4.19475000 	 0.00000000 	 1.02907868 	 14.27334300 	 0.00000000 	 0.64726512 	 0.13405000 	 0.29965000 	 0.06085000 	 290.91499000 	 202.34765000 	 110.58775000 	 5.04648300 	 0.12240000 	 38.89430200 	 0.32595000 	 0.50832247 	 0.57710000 	 0.12861050 	 7.46563130 	 8.51675000 	 25.78712833 	 584.44782349 	 159.92834233 	 78.56640698 	 1.09591237 	 10.39625787 	 4.58803931 	 11.19181459
2056 	 17.28093975 	 0.83206082 	 185.34384881 	 10.34452795 	 22.21479748 	 7.58780000 	 0.01446000 	 0.00236000 	 0.01245703 	 0.36536600 	 115.33320000 	 3.94318000 	 0.00000000 	 0.85823184 	 13.49552640 	 0.00000000 	 0.57456736 	 0.12362000 	 0.28844000 	 0.05820000 	 292.69747800 	 202.59902000 	 111.32880000 	 5.00913274 	 0.11482000 	 39.29094460 	 0.30576000 	 0.50388947 	 0.55978000 	 0.12474836 	 7.40209188 	 8.51726000 	 25.71956111 	 580.84339797 	 158.38638097 	 78.63388411 	 1.08600630 	 10.31248523 	 4.55958569 	 11.14357271
2057 	 17.39473534 	 0.83915670 	 185.99019205 	 10.40905926 	 22.07773033 	 7.25075000 	 0.01207000 	 0.00202000 	 0.01091110 	 0.35129994 	 115.01620000 	 3.69161000 	 0.00000000 	 0.68738499 	 12.71770980 	 0.00000000 	 0.50186960 	 0.11319000 	 0.27723000 	 0.05555000 	 294.47996600 	 202.85039000 	 112.06985000 	 4.97178248 	 0.10724000 	 39.68758720 	 0.28557000 	 0.49945646 	 0.54246000 	 0.12088621 	 7.33855246 	 8.51777000 	 25.65199389 	 577.23897245 	 156.84441960 	 78.70136124 	 1.07610022 	 10.22871260 	 4.53113208 	 11.09533082
2058 	 17.50853092 	 0.84625258 	 186.63653528 	 10.47359056 	 21.94066317 	 6.91370000 	 0.00968000 	 0.00168000 	 0.00936517 	 0.33723388 	 114.69920000 	 3.44004000 	 0.00000000 	 0.51653815 	 11.93989320 	 0.00000000 	 0.42917184 	 0.10276000 	 0.26602000 	 0.05290000 	 296.26245400 	 203.10176000 	 112.81090000 	 4.93443222 	 0.09966000 	 40.08422980 	 0.26538000 	 0.49502345 	 0.52514000 	 0.11702407 	 7.27501304 	 8.51828000 	 25.58442668 	 573.63454693 	 155.30245824 	 78.76883837 	 1.06619415 	 10.14493996 	 4.50267847 	 11.04708894
2059 	 17.62232650 	 0.85334845 	 187.28287852 	 10.53812186 	 21.80359601 	 6.57665000 	 0.00729000 	 0.00134000 	 0.00781925 	 0.32316781 	 114.38220000 	 3.18847000 	 0.00000000 	 0.34569130 	 11.16207660 	 0.00000000 	 0.35647409 	 0.09233000 	 0.25481000 	 0.05025000 	 298.04494200 	 203.35313000 	 113.55195000 	 4.89708196 	 0.09208000 	 40.48087240 	 0.24519000 	 0.49059044 	 0.50782000 	 0.11316192 	 7.21147362 	 8.51879000 	 25.51685946 	 570.03012141 	 153.76049688 	 78.83631549 	 1.05628807 	 10.06116732 	 4.47422486 	 10.99884705
2060 	 17.73612208 	 0.86044433 	 187.92922176 	 10.60265317 	 21.66652886 	 6.23960000 	 0.00490000 	 0.00100000 	 0.00627332 	 0.30910175 	 114.06520000 	 2.93690000 	 0.00000000 	 0.17484446 	 10.38426000 	 0.00000000 	 0.28377633 	 0.08190000 	 0.24360000 	 0.04760000 	 299.82743000 	 203.60450000 	 114.29300000 	 4.85973170 	 0.08450000 	 40.87751500 	 0.22500000 	 0.48615743 	 0.49050000 	 0.10929978 	 7.14793420 	 8.51930000 	 25.44929224 	 566.42569588 	 152.21853552 	 78.90379262 	 1.04638199 	 9.97739469 	 4.44577124 	 10.95060517
2061 	 17.85351550 	 0.85797652 	 187.64460334 	 10.66598585 	 21.53128243 	 6.02076000 	 0.00449000 	 0.00092000 	 0.00582523 	 0.29943133 	 113.86222000 	 2.80139000 	 0.00000000 	 0.15898533 	 9.93955833 	 0.00000000 	 0.26336177 	 0.07732000 	 0.23592000 	 0.04590000 	 301.73502800 	 204.55202000 	 115.22352000 	 4.83178498 	 0.08044000 	 41.29773000 	 0.21419000 	 0.48398390 	 0.47941000 	 0.10682713 	 7.10727458 	 8.52632000 	 25.37180245 	 562.98916712 	 150.61692179 	 78.94276045 	 1.03774114 	 9.90261043 	 4.41446327 	 10.88885678
2062 	 17.97090892 	 0.85550870 	 187.35998493 	 10.72931854 	 21.39603600 	 5.80192000 	 0.00408000 	 0.00084000 	 0.00537713 	 0.28976091 	 113.65924000 	 2.66588000 	 0.00000000 	 0.14312620 	 9.49485666 	 0.00000000 	 0.24294720 	 0.07274000 	 0.22824000 	 0.04420000 	 303.64262600 	 205.49954000 	 116.15404000 	 4.80383826 	 0.07638000 	 41.71794500 	 0.20338000 	 0.48181038 	 0.46832000 	 0.10435448 	 7.06661496 	 8.53334000 	 25.29431266 	 559.55263836 	 149.01530807 	 78.98172828 	 1.02910029 	 9.82782618 	 4.38315530 	 10.82710839
2063 	 18.08830234 	 0.85304089 	 187.07536651 	 10.79265122 	 21.26078956 	 5.58308000 	 0.00367000 	 0.00076000 	 0.00492904 	 0.28009049 	 113.45626000 	 2.53037000 	 0.00000000 	 0.12726707 	 9.05015499 	 0.00000000 	 0.22253264 	 0.06816000 	 0.22056000 	 0.04250000 	 305.55022400 	 206.44706000 	 117.08456000 	 4.77589154 	 0.07232000 	 42.13816000 	 0.19257000 	 0.47963685 	 0.45723000 	 0.10188184 	 7.02595534 	 8.54036000 	 25.21682287 	 556.11610959 	 147.41369434 	 79.02069611 	 1.02045943 	 9.75304193 	 4.35184733 	 10.76536000
2064 	 18.20569576 	 0.85057308 	 186.79074810 	 10.85598391 	 21.12554313 	 5.36424000 	 0.00326000 	 0.00068000 	 0.00448094 	 0.27042007 	 113.25328000 	 2.39486000 	 0.00000000 	 0.11140793 	 8.60545332 	 0.00000000 	 0.20211808 	 0.06358000 	 0.21288000 	 0.04080000 	 307.45782200 	 207.39458000 	 118.01508000 	 4.74794482 	 0.06826000 	 42.55837500 	 0.18176000 	 0.47746333 	 0.44614000 	 0.09940919 	 6.98529572 	 8.54738000 	 25.13933308 	 552.67958083 	 145.81208062 	 79.05966394 	 1.01181858 	 9.67825768 	 4.32053935 	 10.70361161
2065 	 18.32308918 	 0.84810527 	 186.50612968 	 10.91931659 	 20.99029670 	 5.14540000 	 0.00285000 	 0.00060000 	 0.00403285 	 0.26074965 	 113.05030000 	 2.25935000 	 0.00000000 	 0.09554880 	 8.16075165 	 0.00000000 	 0.18170351 	 0.05900000 	 0.20520000 	 0.03910000 	 309.36542000 	 208.34210000 	 118.94560000 	 4.71999810 	 0.06420000 	 42.97859000 	 0.17095000 	 0.47528980 	 0.43505000 	 0.09693654 	 6.94463610 	 8.55440000 	 25.06184328 	 549.24305206 	 144.21046690 	 79.09863178 	 1.00317772 	 9.60347343 	 4.28923138 	 10.64186322
2066 	 18.44048260 	 0.84563745 	 186.22151126 	 10.98264928 	 20.85505027 	 4.92656000 	 0.00244000 	 0.00052000 	 0.00358476 	 0.25107924 	 112.84732000 	 2.12384000 	 0.00000000 	 0.07968967 	 7.71604998 	 0.00000000 	 0.16128895 	 0.05442000 	 0.19752000 	 0.03740000 	 311.27301800 	 209.28962000 	 119.87612000 	 4.69205138 	 0.06014000 	 43.39880500 	 0.16014000 	 0.47311628 	 0.42396000 	 0.09446389 	 6.90397648 	 8.56142000 	 24.98435349 	 545.80652330 	 142.60885317 	 79.13759961 	 0.99453687 	 9.52868918 	 4.25792341 	 10.58011483
2067 	 18.55787601 	 0.84316964 	 185.93689285 	 11.04598197 	 20.71980384 	 4.70772000 	 0.00203000 	 0.00044000 	 0.00313666 	 0.24140882 	 112.64434000 	 1.98833000 	 0.00000000 	 0.06383054 	 7.27134831 	 0.00000000 	 0.14087439 	 0.04984000 	 0.18984000 	 0.03570000 	 313.18061600 	 210.23714000 	 120.80664000 	 4.66410466 	 0.05608000 	 43.81902000 	 0.14933000 	 0.47094275 	 0.41287000 	 0.09199125 	 6.86331686 	 8.56844000 	 24.90686370 	 542.36999453 	 141.00723945 	 79.17656744 	 0.98589602 	 9.45390493 	 4.22661544 	 10.51836644
2068 	 18.67526943 	 0.84070183 	 185.65227443 	 11.10931465 	 20.58455741 	 4.48888000 	 0.00162000 	 0.00036000 	 0.00268857 	 0.23173840 	 112.44136000 	 1.85282000 	 0.00000000 	 0.04797141 	 6.82664664 	 0.00000000 	 0.12045982 	 0.04526000 	 0.18216000 	 0.03400000 	 315.08821400 	 211.18466000 	 121.73716000 	 4.63615794 	 0.05202000 	 44.23923500 	 0.13852000 	 0.46876923 	 0.40178000 	 0.08951860 	 6.82265724 	 8.57546000 	 24.82937391 	 538.93346577 	 139.40562572 	 79.21553527 	 0.97725516 	 9.37912067 	 4.19530747 	 10.45661806
2069 	 18.79266285 	 0.83823402 	 185.36765602 	 11.17264734 	 20.44931098 	 4.27004000 	 0.00121000 	 0.00028000 	 0.00224047 	 0.22206798 	 112.23838000 	 1.71731000 	 0.00000000 	 0.03211228 	 6.38194497 	 0.00000000 	 0.10004526 	 0.04068000 	 0.17448000 	 0.03230000 	 316.99581200 	 212.13218000 	 122.66768000 	 4.60821122 	 0.04796000 	 44.65945000 	 0.12771000 	 0.46659570 	 0.39069000 	 0.08704595 	 6.78199762 	 8.58248000 	 24.75188412 	 535.49693700 	 137.80401200 	 79.25450310 	 0.96861431 	 9.30433642 	 4.16399949 	 10.39486967
2070 	 18.91005627 	 0.83576620 	 185.08303760 	 11.23598002 	 20.31406455 	 4.05120000 	 0.00080000 	 0.00020000 	 0.00179238 	 0.21239756 	 112.03540000 	 1.58180000 	 0.00000000 	 0.01625315 	 5.93724330 	 0.00000000 	 0.07963070 	 0.03610000 	 0.16680000 	 0.03060000 	 318.90341000 	 213.07970000 	 123.59820000 	 4.58026450 	 0.04390000 	 45.07966500 	 0.11690000 	 0.46442218 	 0.37960000 	 0.08457330 	 6.74133800 	 8.58950000 	 24.67439433 	 532.06040824 	 136.20239828 	 79.29347093 	 0.95997345 	 9.22955217 	 4.13269152 	 10.33312128
2071 	 19.02951879 	 0.83033298 	 186.28848331 	 11.29748445 	 20.16574343 	 3.90912000 	 0.00073000 	 0.00018000 	 0.00165795 	 0.20575135 	 111.90564000 	 1.50882000 	 0.00000000 	 0.01477559 	 5.68298413 	 0.00000000 	 0.07390775 	 0.03408000 	 0.16155000 	 0.02951000 	 321.07949300 	 215.00581000 	 124.58139000 	 4.56903783 	 0.04178000 	 45.54281750 	 0.11126000 	 0.46455726 	 0.37251000 	 0.08299781 	 6.71530824 	 8.60361000 	 24.60142557 	 528.75283754 	 134.53232983 	 79.29560118 	 0.95236583 	 9.16322465 	 4.09925869 	 10.27512650
2072 	 19.14898130 	 0.82489975 	 187.49392902 	 11.35898888 	 20.01742232 	 3.76704000 	 0.00066000 	 0.00016000 	 0.00152352 	 0.19910513 	 111.77588000 	 1.43584000 	 0.00000000 	 0.01329803 	 5.42872496 	 0.00000000 	 0.06818481 	 0.03206000 	 0.15630000 	 0.02842000 	 323.25557600 	 216.93192000 	 125.56458000 	 4.55781116 	 0.03966000 	 46.00597000 	 0.10562000 	 0.46469234 	 0.36542000 	 0.08142232 	 6.68927848 	 8.61772000 	 24.52845682 	 525.44526684 	 132.86226137 	 79.29773144 	 0.94475821 	 9.09689712 	 4.06582586 	 10.21713173
2073 	 19.26844382 	 0.81946652 	 188.69937473 	 11.42049330 	 19.86910121 	 3.62496000 	 0.00059000 	 0.00014000 	 0.00138909 	 0.19245892 	 111.64612000 	 1.36286000 	 0.00000000 	 0.01182047 	 5.17446579 	 0.00000000 	 0.06246186 	 0.03004000 	 0.15105000 	 0.02733000 	 325.43165900 	 218.85803000 	 126.54777000 	 4.54658449 	 0.03754000 	 46.46912250 	 0.09998000 	 0.46482741 	 0.35833000 	 0.07984683 	 6.66324872 	 8.63183000 	 24.45548807 	 522.13769614 	 131.19219292 	 79.29986169 	 0.93715059 	 9.03056960 	 4.03239303 	 10.15913696
2074 	 19.38790633 	 0.81403329 	 189.90482044 	 11.48199773 	 19.72078010 	 3.48288000 	 0.00052000 	 0.00012000 	 0.00125466 	 0.18581270 	 111.51636000 	 1.28988000 	 0.00000000 	 0.01034291 	 4.92020662 	 0.00000000 	 0.05673891 	 0.02802000 	 0.14580000 	 0.02624000 	 327.60774200 	 220.78414000 	 127.53096000 	 4.53535782 	 0.03542000 	 46.93227500 	 0.09434000 	 0.46496249 	 0.35124000 	 0.07827133 	 6.63721896 	 8.64594000 	 24.38251932 	 518.83012544 	 129.52212447 	 79.30199195 	 0.92954297 	 8.96424207 	 3.99896021 	 10.10114218
2075 	 19.50736885 	 0.80860006 	 191.11026615 	 11.54350216 	 19.57245898 	 3.34080000 	 0.00045000 	 0.00010000 	 0.00112024 	 0.17916649 	 111.38660000 	 1.21690000 	 0.00000000 	 0.00886535 	 4.66594745 	 0.00000000 	 0.05101597 	 0.02600000 	 0.14055000 	 0.02515000 	 329.78382500 	 222.71025000 	 128.51415000 	 4.52413115 	 0.03330000 	 47.39542750 	 0.08870000 	 0.46509757 	 0.34415000 	 0.07669584 	 6.61118920 	 8.66005000 	 24.30955057 	 515.52255475 	 127.85205602 	 79.30412220 	 0.92193534 	 8.89791454 	 3.96552738 	 10.04314741
2076 	 19.62683136 	 0.80316683 	 192.31571185 	 11.60500659 	 19.42413787 	 3.19872000 	 0.00038000 	 0.00008000 	 0.00098581 	 0.17252027 	 111.25684000 	 1.14392000 	 0.00000000 	 0.00738779 	 4.41168828 	 0.00000000 	 0.04529302 	 0.02398000 	 0.13530000 	 0.02406000 	 331.95990800 	 224.63636000 	 129.49734000 	 4.51290448 	 0.03118000 	 47.85858000 	 0.08306000 	 0.46523265 	 0.33706000 	 0.07512035 	 6.58515944 	 8.67416000 	 24.23658181 	 512.21498405 	 126.18198756 	 79.30625245 	 0.91432772 	 8.83158702 	 3.93209455 	 9.98515263
2077 	 19.74629388 	 0.79773360 	 193.52115756 	 11.66651101 	 19.27581676 	 3.05664000 	 0.00031000 	 0.00006000 	 0.00085138 	 0.16587406 	 111.12708000 	 1.07094000 	 0.00000000 	 0.00591024 	 4.15742911 	 0.00000000 	 0.03957008 	 0.02196000 	 0.13005000 	 0.02297000 	 334.13599100 	 226.56247000 	 130.48053000 	 4.50167781 	 0.02906000 	 48.32173250 	 0.07742000 	 0.46536773 	 0.32997000 	 0.07354486 	 6.55912968 	 8.68827000 	 24.16361306 	 508.90741335 	 124.51191911 	 79.30838271 	 0.90672010 	 8.76525949 	 3.89866172 	 9.92715786
2078 	 19.86575639 	 0.79230038 	 194.72660327 	 11.72801544 	 19.12749565 	 2.91456000 	 0.00024000 	 0.00004000 	 0.00071695 	 0.15922784 	 110.99732000 	 0.99796000 	 0.00000000 	 0.00443268 	 3.90316994 	 0.00000000 	 0.03384713 	 0.01994000 	 0.12480000 	 0.02188000 	 336.31207400 	 228.48858000 	 131.46372000 	 4.49045114 	 0.02694000 	 48.78488500 	 0.07178000 	 0.46550280 	 0.32288000 	 0.07196937 	 6.53309992 	 8.70238000 	 24.09064431 	 505.59984265 	 122.84185066 	 79.31051296 	 0.89911248 	 8.69893197 	 3.86522889 	 9.86916308
2079 	 19.98521891 	 0.78686715 	 195.93204898 	 11.78951987 	 18.97917453 	 2.77248000 	 0.00017000 	 0.00002000 	 0.00058252 	 0.15258163 	 110.86756000 	 0.92498000 	 0.00000000 	 0.00295512 	 3.64891077 	 0.00000000 	 0.02812419 	 0.01792000 	 0.11955000 	 0.02079000 	 338.48815700 	 230.41469000 	 132.44691000 	 4.47922447 	 0.02482000 	 49.24803750 	 0.06614000 	 0.46563788 	 0.31579000 	 0.07039387 	 6.50707016 	 8.71649000 	 24.01767556 	 502.29227195 	 121.17178221 	 79.31264322 	 0.89150486 	 8.63260444 	 3.83179606 	 9.81116831
2080 	 20.10468142 	 0.78143392 	 197.13749469 	 11.85102430 	 18.83085342 	 2.63040000 	 0.00010000 	 0.00000000 	 0.00044809 	 0.14593541 	 110.73780000 	 0.85200000 	 0.00000000 	 0.00147756 	 3.39465160 	 0.00000000 	 0.02240124 	 0.01590000 	 0.11430000 	 0.01970000 	 340.66424000 	 232.34080000 	 133.43010000 	 4.46799780 	 0.02270000 	 49.71119000 	 0.06050000 	 0.46577296 	 0.30870000 	 0.06881838 	 6.48104040 	 8.73060000 	 23.94470681 	 498.98470125 	 119.50171376 	 79.31477347 	 0.88389724 	 8.56627692 	 3.79836323 	 9.75317354
2081 	 20.22774420 	 0.77750129 	 197.71171958 	 11.91748387 	 18.69744101 	 2.53814000 	 0.00009000 	 0.00000000 	 0.00042569 	 0.14136394 	 110.50681000 	 0.81269000 	 0.00000000 	 0.00134622 	 3.24927085 	 0.00000000 	 0.02079064 	 0.01501000 	 0.11070000 	 0.01899000 	 342.46523400 	 234.59449000 	 134.12343000 	 4.46075324 	 0.02159000 	 50.14204240 	 0.05754000 	 0.46662027 	 0.29608000 	 0.06600656 	 6.43477082 	 8.76398000 	 23.88945130 	 496.18375892 	 117.79483865 	 79.47672390 	 0.87745271 	 8.50826965 	 3.76994301 	 9.69416351
2082 	 20.35080697 	 0.77356867 	 198.28594447 	 11.98394344 	 18.56402861 	 2.44588000 	 0.00008000 	 0.00000000 	 0.00040329 	 0.13679247 	 110.27582000 	 0.77338000 	 0.00000000 	 0.00121488 	 3.10389010 	 0.00000000 	 0.01918004 	 0.01412000 	 0.10710000 	 0.01828000 	 344.26622800 	 236.84818000 	 134.81676000 	 4.45350868 	 0.02048000 	 50.57289480 	 0.05458000 	 0.46746757 	 0.28346000 	 0.06319475 	 6.38850124 	 8.79736000 	 23.83419580 	 493.38281660 	 116.08796354 	 79.63867432 	 0.87100818 	 8.45026239 	 3.74152278 	 9.63515349
2083 	 20.47386974 	 0.76963605 	 198.86016936 	 12.05040301 	 18.43061620 	 2.35362000 	 0.00007000 	 0.00000000 	 0.00038088 	 0.13222100 	 110.04483000 	 0.73407000 	 0.00000000 	 0.00108354 	 2.95850935 	 0.00000000 	 0.01756944 	 0.01323000 	 0.10350000 	 0.01757000 	 346.06722200 	 239.10187000 	 135.51009000 	 4.44626412 	 0.01937000 	 51.00374720 	 0.05162000 	 0.46831488 	 0.27084000 	 0.06038293 	 6.34223166 	 8.83074000 	 23.77894030 	 490.58187427 	 114.38108844 	 79.80062474 	 0.86456365 	 8.39225513 	 3.71310256 	 9.57614346
2084 	 20.59693252 	 0.76570342 	 199.43439425 	 12.11686258 	 18.29720379 	 2.26136000 	 0.00006000 	 0.00000000 	 0.00035848 	 0.12764953 	 109.81384000 	 0.69476000 	 0.00000000 	 0.00095220 	 2.81312860 	 0.00000000 	 0.01595884 	 0.01234000 	 0.09990000 	 0.01686000 	 347.86821600 	 241.35556000 	 136.20342000 	 4.43901956 	 0.01826000 	 51.43459960 	 0.04866000 	 0.46916218 	 0.25822000 	 0.05757112 	 6.29596208 	 8.86412000 	 23.72368480 	 487.78093195 	 112.67421333 	 79.96257517 	 0.85811913 	 8.33424787 	 3.68468233 	 9.51713344
2085 	 20.71999529 	 0.76177080 	 200.00861915 	 12.18332215 	 18.16379138 	 2.16910000 	 0.00005000 	 0.00000000 	 0.00033607 	 0.12307805 	 109.58285000 	 0.65545000 	 0.00000000 	 0.00082087 	 2.66774785 	 0.00000000 	 0.01434824 	 0.01145000 	 0.09630000 	 0.01615000 	 349.66921000 	 243.60925000 	 136.89675000 	 4.43177500 	 0.01715000 	 51.86545200 	 0.04570000 	 0.47000949 	 0.24560000 	 0.05475930 	 6.24969250 	 8.89750000 	 23.66842930 	 484.97998962 	 110.96733822 	 80.12452559 	 0.85167460 	 8.27624060 	 3.65626211 	 9.45812341
2086 	 20.84305807 	 0.75783818 	 200.58284404 	 12.24978172 	 18.03037898 	 2.07684000 	 0.00004000 	 0.00000000 	 0.00031367 	 0.11850658 	 109.35186000 	 0.61614000 	 0.00000000 	 0.00068953 	 2.52236710 	 0.00000000 	 0.01273764 	 0.01056000 	 0.09270000 	 0.01544000 	 351.47020400 	 245.86294000 	 137.59008000 	 4.42453044 	 0.01604000 	 52.29630440 	 0.04274000 	 0.47085680 	 0.23298000 	 0.05194748 	 6.20342292 	 8.93088000 	 23.61317380 	 482.17904730 	 109.26046312 	 80.28647601 	 0.84523007 	 8.21823334 	 3.62784188 	 9.39911339
2087 	 20.96612084 	 0.75390555 	 201.15706893 	 12.31624129 	 17.89696657 	 1.98458000 	 0.00003000 	 0.00000000 	 0.00029126 	 0.11393511 	 109.12087000 	 0.57683000 	 0.00000000 	 0.00055819 	 2.37698635 	 0.00000000 	 0.01112704 	 0.00967000 	 0.08910000 	 0.01473000 	 353.27119800 	 248.11663000 	 138.28341000 	 4.41728588 	 0.01493000 	 52.72715680 	 0.03978000 	 0.47170410 	 0.22036000 	 0.04913567 	 6.15715334 	 8.96426000 	 23.55791830 	 479.37810497 	 107.55358801 	 80.44842644 	 0.83878555 	 8.16022608 	 3.59942166 	 9.34010337
2088 	 21.08918361 	 0.74997293 	 201.73129382 	 12.38270086 	 17.76355416 	 1.89232000 	 0.00002000 	 0.00000000 	 0.00026886 	 0.10936364 	 108.88988000 	 0.53752000 	 0.00000000 	 0.00042685 	 2.23160560 	 0.00000000 	 0.00951644 	 0.00878000 	 0.08550000 	 0.01402000 	 355.07219200 	 250.37032000 	 138.97674000 	 4.41004132 	 0.01382000 	 53.15800920 	 0.03682000 	 0.47255141 	 0.20774000 	 0.04632385 	 6.11088376 	 8.99764000 	 23.50266280 	 476.57716265 	 105.84671290 	 80.61037686 	 0.83234102 	 8.10221882 	 3.57100143 	 9.28109334
2089 	 21.21224639 	 0.74604031 	 202.30551871 	 12.44916043 	 17.63014176 	 1.80006000 	 0.00001000 	 0.00000000 	 0.00024645 	 0.10479217 	 108.65889000 	 0.49821000 	 0.00000000 	 0.00029551 	 2.08622485 	 0.00000000 	 0.00790584 	 0.00789000 	 0.08190000 	 0.01331000 	 356.87318600 	 252.62401000 	 139.67007000 	 4.40279676 	 0.01271000 	 53.58886160 	 0.03386000 	 0.47339871 	 0.19512000 	 0.04351204 	 6.06461418 	 9.03102000 	 23.44740729 	 473.77622032 	 104.13983779 	 80.77232729 	 0.82589649 	 8.04421155 	 3.54258121 	 9.22208332
2090 	 21.33530916 	 0.74210768 	 202.87974360 	 12.51562000 	 17.49672935 	 1.70780000 	 0.00000000 	 0.00000000 	 0.00022405 	 0.10022070 	 108.42790000 	 0.45890000 	 0.00000000 	 0.00016417 	 1.94084410 	 0.00000000 	 0.00629524 	 0.00700000 	 0.07830000 	 0.01260000 	 358.67418000 	 254.87770000 	 140.36340000 	 4.39555220 	 0.01160000 	 54.01971400 	 0.03090000 	 0.47424602 	 0.18250000 	 0.04070022 	 6.01834460 	 9.06440000 	 23.39215179 	 470.97527799 	 102.43296269 	 80.93427771 	 0.81945197 	 7.98620429 	 3.51416098 	 9.16307329
2091 	 21.46870972 	 0.74185704 	 203.95390180 	 12.58111488 	 17.35462625 	 1.64769000 	 0.00120000 	 0.00000000 	 0.00020164 	 0.09705584 	 108.42790000 	 0.43762000 	 0.00000000 	 0.00105071 	 1.86679494 	 0.00000000 	 0.00775868 	 0.00710000 	 0.07583000 	 0.01215000 	 360.87042300 	 257.46318000 	 141.22240000 	 4.39604397 	 0.01044000 	 54.48558510 	 0.02781000 	 0.47601431 	 0.18250000 	 0.04070022 	 6.01834460 	 9.11009000 	 23.33302325 	 467.75315419 	 100.59845969 	 81.13218484 	 0.81372679 	 7.93386245 	 3.48323940 	 9.09884916
2092 	 21.60211028 	 0.74160640 	 205.02806001 	 12.64660976 	 17.21252315 	 1.58758000 	 0.00240000 	 0.00000000 	 0.00017924 	 0.09389097 	 108.42790000 	 0.41634000 	 0.00000000 	 0.00193724 	 1.79274578 	 0.00000000 	 0.00922212 	 0.00720000 	 0.07336000 	 0.01170000 	 363.06666600 	 260.04866000 	 142.08140000 	 4.39653574 	 0.00928000 	 54.95145620 	 0.02472000 	 0.47778260 	 0.18250000 	 0.04070022 	 6.01834460 	 9.15578000 	 23.27389471 	 464.53103040 	 98.76395670 	 81.33009198 	 0.80800162 	 7.88152060 	 3.45231781 	 9.03462503
2093 	 21.73551084 	 0.74135576 	 206.10221821 	 12.71210464 	 17.07042005 	 1.52747000 	 0.00360000 	 0.00000000 	 0.00015683 	 0.09072611 	 108.42790000 	 0.39506000 	 0.00000000 	 0.00282378 	 1.71869662 	 0.00000000 	 0.01068556 	 0.00730000 	 0.07089000 	 0.01125000 	 365.26290900 	 262.63414000 	 142.94040000 	 4.39702751 	 0.00812000 	 55.41732730 	 0.02163000 	 0.47955090 	 0.18250000 	 0.04070022 	 6.01834460 	 9.20147000 	 23.21476617 	 461.30890660 	 96.92945370 	 81.52799911 	 0.80227644 	 7.82917876 	 3.42139623 	 8.97040090
2094 	 21.86891140 	 0.74110511 	 207.17637641 	 12.77759952 	 16.92831695 	 1.46736000 	 0.00480000 	 0.00000000 	 0.00013443 	 0.08756124 	 108.42790000 	 0.37378000 	 0.00000000 	 0.00371031 	 1.64464746 	 0.00000000 	 0.01214900 	 0.00740000 	 0.06842000 	 0.01080000 	 367.45915200 	 265.21962000 	 143.79940000 	 4.39751928 	 0.00696000 	 55.88319840 	 0.01854000 	 0.48131919 	 0.18250000 	 0.04070022 	 6.01834460 	 9.24716000 	 23.15563763 	 458.08678280 	 95.09495071 	 81.72590625 	 0.79655127 	 7.77683692 	 3.39047465 	 8.90617677
2095 	 22.00231196 	 0.74085447 	 208.25053461 	 12.84309440 	 16.78621386 	 1.40725000 	 0.00600000 	 0.00000000 	 0.00011202 	 0.08439638 	 108.42790000 	 0.35250000 	 0.00000000 	 0.00459685 	 1.57059830 	 0.00000000 	 0.01361243 	 0.00750000 	 0.06595000 	 0.01035000 	 369.65539500 	 267.80510000 	 144.65840000 	 4.39801105 	 0.00580000 	 56.34906950 	 0.01545000 	 0.48308748 	 0.18250000 	 0.04070022 	 6.01834460 	 9.29285000 	 23.09650908 	 454.86465900 	 93.26044771 	 81.92381338 	 0.79082609 	 7.72449507 	 3.35955306 	 8.84195264
2096 	 22.13571253 	 0.74060383 	 209.32469281 	 12.90858928 	 16.64411076 	 1.34714000 	 0.00720000 	 0.00000000 	 0.00008962 	 0.08123152 	 108.42790000 	 0.33122000 	 0.00000000 	 0.00548338 	 1.49654914 	 0.00000000 	 0.01507587 	 0.00760000 	 0.06348000 	 0.00990000 	 371.85163800 	 270.39058000 	 145.51740000 	 4.39850282 	 0.00464000 	 56.81494060 	 0.01236000 	 0.48485577 	 0.18250000 	 0.04070022 	 6.01834460 	 9.33854000 	 23.03738054 	 451.64253520 	 91.42594472 	 82.12172051 	 0.78510092 	 7.67215323 	 3.32863148 	 8.77772851
2097 	 22.26911309 	 0.74035319 	 210.39885102 	 12.97408416 	 16.50200766 	 1.28703000 	 0.00840000 	 0.00000000 	 0.00006721 	 0.07806665 	 108.42790000 	 0.30994000 	 0.00000000 	 0.00636992 	 1.42249998 	 0.00000000 	 0.01653931 	 0.00770000 	 0.06101000 	 0.00945000 	 374.04788100 	 272.97606000 	 146.37640000 	 4.39899459 	 0.00348000 	 57.28081170 	 0.00927000 	 0.48662406 	 0.18250000 	 0.04070022 	 6.01834460 	 9.38423000 	 22.97825200 	 448.42041140 	 89.59144172 	 82.31962765 	 0.77937574 	 7.61981139 	 3.29770990 	 8.71350438
2098 	 22.40251365 	 0.74010255 	 211.47300922 	 13.03957904 	 16.35990456 	 1.22692000 	 0.00960000 	 0.00000000 	 0.00004481 	 0.07490179 	 108.42790000 	 0.28866000 	 0.00000000 	 0.00725646 	 1.34845082 	 0.00000000 	 0.01800275 	 0.00780000 	 0.05854000 	 0.00900000 	 376.24412400 	 275.56154000 	 147.23540000 	 4.39948636 	 0.00232000 	 57.74668280 	 0.00618000 	 0.48839236 	 0.18250000 	 0.04070022 	 6.01834460 	 9.42992000 	 22.91912346 	 445.19828760 	 87.75693873 	 82.51753478 	 0.77365057 	 7.56746954 	 3.26678831 	 8.64928025
2099 	 22.53591421 	 0.73985191 	 212.54716742 	 13.10507391 	 16.21780146 	 1.16681000 	 0.01080000 	 0.00000000 	 0.00002240 	 0.07173692 	 108.42790000 	 0.26738000 	 0.00000000 	 0.00814299 	 1.27440166 	 0.00000000 	 0.01946619 	 0.00790000 	 0.05607000 	 0.00855000 	 378.44036700 	 278.14702000 	 148.09440000 	 4.39997813 	 0.00116000 	 58.21255390 	 0.00309000 	 0.49016065 	 0.18250000 	 0.04070022 	 6.01834460 	 9.47561000 	 22.85999492 	 441.97616380 	 85.92243573 	 82.71544191 	 0.76792539 	 7.51512770 	 3.23586673 	 8.58505612
2100 	 22.66931477 	 0.73960126 	 213.62132562 	 13.17056879 	 16.07569836 	 1.10670000 	 0.01200000 	 0.00000000 	 0.00000000 	 0.06857206 	 108.42790000 	 0.24610000 	 0.00000000 	 0.00902953 	 1.20035250 	 0.00000000 	 0.02092963 	 0.00800000 	 0.05360000 	 0.00810000 	 380.63661000 	 280.73250000 	 148.95340000 	 4.40046990 	 0.00000000 	 58.67842500 	 0.00000000 	 0.49192894 	 0.18250000 	 0.04070022 	 6.01834460 	 9.52130000 	 22.80086638 	 438.75404000 	 84.08793274 	 82.91334905 	 0.76220022 	 7.46278586 	 3.20494515 	 8.52083199
2101 	 22.51818600 	 0.72480924 	 213.34493006 	 13.15478512 	 15.97347606 	 1.09932200 	 0.01192000 	 0.00000000 	 0.00000000 	 0.06811491 	 107.70504733 	 0.24445933 	 0.00000000 	 0.00896933 	 1.19235015 	 0.00000000 	 0.02079010 	 0.00794667 	 0.05324267 	 0.00804600 	 378.09903260 	 278.86095000 	 147.96037733 	 4.37113343 	 0.00000000 	 58.28723550 	 0.00000000 	 0.48864941 	 0.18128333 	 0.04042888 	 5.97822230 	 9.45782467 	 22.67731241 	 437.25510247 	 83.75288165 	 82.78793979 	 0.76220022 	 7.46278586 	 3.18555442 	 8.47363618
2102 	 22.36705724 	 0.71001721 	 213.06853449 	 13.13900144 	 15.87125376 	 1.09194400 	 0.01184000 	 0.00000000 	 0.00000000 	 0.06765776 	 106.98219467 	 0.24281867 	 0.00000000 	 0.00890913 	 1.18434780 	 0.00000000 	 0.02065057 	 0.00789333 	 0.05288533 	 0.00799200 	 375.56145520 	 276.98940000 	 146.96735467 	 4.34179697 	 0.00000000 	 57.89604600 	 0.00000000 	 0.48536989 	 0.18006667 	 0.04015755 	 5.93810001 	 9.39434933 	 22.55375844 	 435.75616494 	 83.41783056 	 82.66253053 	 0.76220022 	 7.46278586 	 3.16616369 	 8.42644037
2103 	 22.21592847 	 0.69522519 	 212.79213893 	 13.12321777 	 15.76903145 	 1.08456600 	 0.01176000 	 0.00000000 	 0.00000000 	 0.06720062 	 106.25934200 	 0.24117800 	 0.00000000 	 0.00884894 	 1.17634545 	 0.00000000 	 0.02051104 	 0.00784000 	 0.05252800 	 0.00793800 	 373.02387780 	 275.11785000 	 145.97433200 	 4.31246050 	 0.00000000 	 57.50485650 	 0.00000000 	 0.48209036 	 0.17885000 	 0.03988621 	 5.89797771 	 9.33087400 	 22.43020446 	 434.25722741 	 83.08277948 	 82.53712126 	 0.76220022 	 7.46278586 	 3.14677296 	 8.37924456
2104 	 22.06479971 	 0.68043316 	 212.51574337 	 13.10743409 	 15.66680915 	 1.07718800 	 0.01168000 	 0.00000000 	 0.00000000 	 0.06674347 	 105.53648933 	 0.23953733 	 0.00000000 	 0.00878874 	 1.16834310 	 0.00000000 	 0.02037150 	 0.00778667 	 0.05217067 	 0.00788400 	 370.48630040 	 273.24630000 	 144.98130933 	 4.28312404 	 0.00000000 	 57.11366700 	 0.00000000 	 0.47881083 	 0.17763333 	 0.03961488 	 5.85785541 	 9.26739867 	 22.30665049 	 432.75828988 	 82.74772839 	 82.41171200 	 0.76220022 	 7.46278586 	 3.12738224 	 8.33204875
2105 	 21.91367094 	 0.66564114 	 212.23934781 	 13.09165042 	 15.56458685 	 1.06981000 	 0.01160000 	 0.00000000 	 0.00000000 	 0.06628632 	 104.81363667 	 0.23789667 	 0.00000000 	 0.00872854 	 1.16034075 	 0.00000000 	 0.02023197 	 0.00773333 	 0.05181333 	 0.00783000 	 367.94872300 	 271.37475000 	 143.98828667 	 4.25378757 	 0.00000000 	 56.72247750 	 0.00000000 	 0.47553131 	 0.17641667 	 0.03934355 	 5.81773311 	 9.20392333 	 22.18309652 	 431.25935235 	 82.41267730 	 82.28630274 	 0.76220022 	 7.46278586 	 3.10799151 	 8.28485293
2106 	 21.76254218 	 0.65084911 	 211.96295224 	 13.07586674 	 15.46236455 	 1.06243200 	 0.01152000 	 0.00000000 	 0.00000000 	 0.06582918 	 104.09078400 	 0.23625600 	 0.00000000 	 0.00866834 	 1.15233840 	 0.00000000 	 0.02009244 	 0.00768000 	 0.05145600 	 0.00777600 	 365.41114560 	 269.50320000 	 142.99526400 	 4.22445110 	 0.00000000 	 56.33128800 	 0.00000000 	 0.47225178 	 0.17520000 	 0.03907221 	 5.77761082 	 9.14044800 	 22.05954255 	 429.76041481 	 82.07762622 	 82.16089348 	 0.76220022 	 7.46278586 	 3.08860078 	 8.23765712
2107 	 21.61141341 	 0.63605709 	 211.68655668 	 13.06008307 	 15.36014224 	 1.05505400 	 0.01144000 	 0.00000000 	 0.00000000 	 0.06537203 	 103.36793133 	 0.23461533 	 0.00000000 	 0.00860815 	 1.14433605 	 0.00000000 	 0.01995291 	 0.00762667 	 0.05109867 	 0.00772200 	 362.87356820 	 267.63165000 	 142.00224133 	 4.19511464 	 0.00000000 	 55.94009850 	 0.00000000 	 0.46897226 	 0.17398333 	 0.03880088 	 5.73748852 	 9.07697267 	 21.93598858 	 428.26147728 	 81.74257513 	 82.03548422 	 0.76220022 	 7.46278586 	 3.06921006 	 8.19046131
2108 	 21.46028465 	 0.62126506 	 211.41016112 	 13.04429939 	 15.25791994 	 1.04767600 	 0.01136000 	 0.00000000 	 0.00000000 	 0.06491488 	 102.64507867 	 0.23297467 	 0.00000000 	 0.00854795 	 1.13633370 	 0.00000000 	 0.01981338 	 0.00757333 	 0.05074133 	 0.00766800 	 360.33599080 	 265.76010000 	 141.00921867 	 4.16577817 	 0.00000000 	 55.54890900 	 0.00000000 	 0.46569273 	 0.17276667 	 0.03852954 	 5.69736622 	 9.01349733 	 21.81243461 	 426.76253975 	 81.40752404 	 81.91007496 	 0.76220022 	 7.46278586 	 3.04981933 	 8.14326550
2109 	 21.30915588 	 0.60647304 	 211.13376556 	 13.02851572 	 15.15569764 	 1.04029800 	 0.01128000 	 0.00000000 	 0.00000000 	 0.06445774 	 101.92222600 	 0.23133400 	 0.00000000 	 0.00848775 	 1.12833135 	 0.00000000 	 0.01967385 	 0.00752000 	 0.05038400 	 0.00761400 	 357.79841340 	 263.88855000 	 140.01619600 	 4.13644171 	 0.00000000 	 55.15771950 	 0.00000000 	 0.46241320 	 0.17155000 	 0.03825821 	 5.65724392 	 8.95002200 	 21.68888064 	 425.26360222 	 81.07247296 	 81.78466569 	 0.76220022 	 7.46278586 	 3.03042860 	 8.09606969
2110 	 21.15802712 	 0.59168101 	 210.85736999 	 13.01273204 	 15.05347534 	 1.03292000 	 0.01120000 	 0.00000000 	 0.00000000 	 0.06400059 	 101.19937333 	 0.22969333 	 0.00000000 	 0.00842756 	 1.12032900 	 0.00000000 	 0.01953432 	 0.00746667 	 0.05002667 	 0.00756000 	 355.26083600 	 262.01700000 	 139.02317333 	 4.10710524 	 0.00000000 	 54.76653000 	 0.00000000 	 0.45913368 	 0.17033333 	 0.03798687 	 5.61712163 	 8.88654667 	 21.56532667 	 423.76466469 	 80.73742187 	 81.65925643 	 0.76220022 	 7.46278586 	 3.01103788 	 8.04887387
2111 	 21.00689835 	 0.57688899 	 210.58097443 	 12.99694836 	 14.95125303 	 1.02554200 	 0.01112000 	 0.00000000 	 0.00000000 	 0.06354344 	 100.47652067 	 0.22805267 	 0.00000000 	 0.00836736 	 1.11232665 	 0.00000000 	 0.01939479 	 0.00741333 	 0.04966933 	 0.00750600 	 352.72325860 	 260.14545000 	 138.03015067 	 4.07776877 	 0.00000000 	 54.37534050 	 0.00000000 	 0.45585415 	 0.16911667 	 0.03771554 	 5.57699933 	 8.82307133 	 21.44177270 	 422.26572716 	 80.40237078 	 81.53384717 	 0.76220022 	 7.46278586 	 2.99164715 	 8.00167806
2112 	 20.85576959 	 0.56209696 	 210.30457887 	 12.98116469 	 14.84903073 	 1.01816400 	 0.01104000 	 0.00000000 	 0.00000000 	 0.06308629 	 99.75366800 	 0.22641200 	 0.00000000 	 0.00830716 	 1.10432430 	 0.00000000 	 0.01925526 	 0.00736000 	 0.04931200 	 0.00745200 	 350.18568120 	 258.27390000 	 137.03712800 	 4.04843231 	 0.00000000 	 53.98415100 	 0.00000000 	 0.45257462 	 0.16790000 	 0.03744420 	 5.53687703 	 8.75959600 	 21.31821873 	 420.76678963 	 80.06731970 	 81.40843791 	 0.76220022 	 7.46278586 	 2.97225642 	 7.95448225
2113 	 20.70464082 	 0.54730494 	 210.02818331 	 12.96538101 	 14.74680843 	 1.01078600 	 0.01096000 	 0.00000000 	 0.00000000 	 0.06262915 	 99.03081533 	 0.22477133 	 0.00000000 	 0.00824697 	 1.09632195 	 0.00000000 	 0.01911573 	 0.00730667 	 0.04895467 	 0.00739800 	 347.64810380 	 256.40235000 	 136.04410533 	 4.01909584 	 0.00000000 	 53.59296150 	 0.00000000 	 0.44929510 	 0.16668333 	 0.03717287 	 5.49675473 	 8.69612067 	 21.19466476 	 419.26785210 	 79.73226861 	 81.28302865 	 0.76220022 	 7.46278586 	 2.95286570 	 7.90728644
2114 	 20.55351206 	 0.53251291 	 209.75178774 	 12.94959734 	 14.64458613 	 1.00340800 	 0.01088000 	 0.00000000 	 0.00000000 	 0.06217200 	 98.30796267 	 0.22313067 	 0.00000000 	 0.00818677 	 1.08831960 	 0.00000000 	 0.01897620 	 0.00725333 	 0.04859733 	 0.00734400 	 345.11052640 	 254.53080000 	 135.05108267 	 3.98975938 	 0.00000000 	 53.20177200 	 0.00000000 	 0.44601557 	 0.16546667 	 0.03690153 	 5.45663244 	 8.63264533 	 21.07111079 	 417.76891456 	 79.39721752 	 81.15761939 	 0.76220022 	 7.46278586 	 2.93347497 	 7.86009063
2115 	 20.40238329 	 0.51772088 	 209.47539218 	 12.93381366 	 14.54236382 	 0.99603000 	 0.01080000 	 0.00000000 	 0.00000000 	 0.06171485 	 97.58511000 	 0.22149000 	 0.00000000 	 0.00812657 	 1.08031725 	 0.00000000 	 0.01883667 	 0.00720000 	 0.04824000 	 0.00729000 	 342.57294900 	 252.65925000 	 134.05806000 	 3.96042291 	 0.00000000 	 52.81058250 	 0.00000000 	 0.44273605 	 0.16425000 	 0.03663020 	 5.41651014 	 8.56917000 	 20.94755682 	 416.26997703 	 79.06216643 	 81.03221013 	 0.76220022 	 7.46278586 	 2.91408424 	 7.81289482
2116 	 20.25125453 	 0.50292886 	 209.19899662 	 12.91802999 	 14.44014152 	 0.98865200 	 0.01072000 	 0.00000000 	 0.00000000 	 0.06125771 	 96.86225733 	 0.21984933 	 0.00000000 	 0.00806638 	 1.07231490 	 0.00000000 	 0.01869713 	 0.00714667 	 0.04788267 	 0.00723600 	 340.03537160 	 250.78770000 	 133.06503733 	 3.93108644 	 0.00000000 	 52.41939300 	 0.00000000 	 0.43945652 	 0.16303333 	 0.03635886 	 5.37638784 	 8.50569467 	 20.82400284 	 414.77103950 	 78.72711535 	 80.90680086 	 0.76220022 	 7.46278586 	 2.89469352 	 7.76569900
2117 	 20.10012576 	 0.48813683 	 208.92260106 	 12.90224631 	 14.33791922 	 0.98127400 	 0.01064000 	 0.00000000 	 0.00000000 	 0.06080056 	 96.13940467 	 0.21820867 	 0.00000000 	 0.00800618 	 1.06431255 	 0.00000000 	 0.01855760 	 0.00709333 	 0.04752533 	 0.00718200 	 337.49779420 	 248.91615000 	 132.07201467 	 3.90174998 	 0.00000000 	 52.02820350 	 0.00000000 	 0.43617699 	 0.16181667 	 0.03608753 	 5.33626555 	 8.44221933 	 20.70044887 	 413.27210197 	 78.39206426 	 80.78139160 	 0.76220022 	 7.46278586 	 2.87530279 	 7.71850319
2118 	 19.94899700 	 0.47334481 	 208.64620549 	 12.88646264 	 14.23569692 	 0.97389600 	 0.01056000 	 0.00000000 	 0.00000000 	 0.06034341 	 95.41655200 	 0.21656800 	 0.00000000 	 0.00794598 	 1.05631020 	 0.00000000 	 0.01841807 	 0.00704000 	 0.04716800 	 0.00712800 	 334.96021680 	 247.04460000 	 131.07899200 	 3.87241351 	 0.00000000 	 51.63701400 	 0.00000000 	 0.43289747 	 0.16060000 	 0.03581619 	 5.29614325 	 8.37874400 	 20.57689490 	 411.77316444 	 78.05701317 	 80.65598234 	 0.76220022 	 7.46278586 	 2.85591206 	 7.67130738
2119 	 19.79786823 	 0.45855278 	 208.36980993 	 12.87067896 	 14.13347461 	 0.96651800 	 0.01048000 	 0.00000000 	 0.00000000 	 0.05988626 	 94.69369933 	 0.21492733 	 0.00000000 	 0.00788579 	 1.04830785 	 0.00000000 	 0.01827854 	 0.00698667 	 0.04681067 	 0.00707400 	 332.42263940 	 245.17305000 	 130.08596933 	 3.84307705 	 0.00000000 	 51.24582450 	 0.00000000 	 0.42961794 	 0.15938333 	 0.03554486 	 5.25602095 	 8.31526867 	 20.45334093 	 410.27422691 	 77.72196209 	 80.53057308 	 0.76220022 	 7.46278586 	 2.83652134 	 7.62411157
2120 	 19.64673947 	 0.44376076 	 208.09341437 	 12.85489529 	 14.03125231 	 0.95914000 	 0.01040000 	 0.00000000 	 0.00000000 	 0.05942912 	 93.97084667 	 0.21328667 	 0.00000000 	 0.00782559 	 1.04030550 	 0.00000000 	 0.01813901 	 0.00693333 	 0.04645333 	 0.00702000 	 329.88506200 	 243.30150000 	 129.09294667 	 3.81374058 	 0.00000000 	 50.85463500 	 0.00000000 	 0.42633841 	 0.15816667 	 0.03527352 	 5.21589865 	 8.25179333 	 20.32978696 	 408.77528938 	 77.38691100 	 80.40516382 	 0.76220022 	 7.46278586 	 2.81713061 	 7.57691576
2121 	 19.49561070 	 0.42896873 	 207.81701880 	 12.83911161 	 13.92903001 	 0.95176200 	 0.01032000 	 0.00000000 	 0.00000000 	 0.05897197 	 93.24799400 	 0.21164600 	 0.00000000 	 0.00776539 	 1.03230315 	 0.00000000 	 0.01799948 	 0.00688000 	 0.04609600 	 0.00696600 	 327.34748460 	 241.42995000 	 128.09992400 	 3.78440411 	 0.00000000 	 50.46344550 	 0.00000000 	 0.42305889 	 0.15695000 	 0.03500219 	 5.17577636 	 8.18831800 	 20.20623299 	 407.27635185 	 77.05185991 	 80.27975456 	 0.76220022 	 7.46278586 	 2.79773988 	 7.52971995
2122 	 19.34448194 	 0.41417671 	 207.54062324 	 12.82332794 	 13.82680770 	 0.94438400 	 0.01024000 	 0.00000000 	 0.00000000 	 0.05851482 	 92.52514133 	 0.21000533 	 0.00000000 	 0.00770520 	 1.02430080 	 0.00000000 	 0.01785995 	 0.00682667 	 0.04573867 	 0.00691200 	 324.80990720 	 239.55840000 	 127.10690133 	 3.75506765 	 0.00000000 	 50.07225600 	 0.00000000 	 0.41977936 	 0.15573333 	 0.03473085 	 5.13565406 	 8.12484267 	 20.08267902 	 405.77741431 	 76.71680883 	 80.15434529 	 0.76220022 	 7.46278586 	 2.77834916 	 7.48252413
2123 	 19.19335317 	 0.39938468 	 207.26422768 	 12.80754426 	 13.72458540 	 0.93700600 	 0.01016000 	 0.00000000 	 0.00000000 	 0.05805768 	 91.80228867 	 0.20836467 	 0.00000000 	 0.00764500 	 1.01629845 	 0.00000000 	 0.01772042 	 0.00677333 	 0.04538133 	 0.00685800 	 322.27232980 	 237.68685000 	 126.11387867 	 3.72573118 	 0.00000000 	 49.68106650 	 0.00000000 	 0.41649984 	 0.15451667 	 0.03445952 	 5.09553176 	 8.06136733 	 19.95912505 	 404.27847678 	 76.38175774 	 80.02893603 	 0.76220022 	 7.46278586 	 2.75895843 	 7.43532832
2124 	 19.04222441 	 0.38459266 	 206.98783212 	 12.79176058 	 13.62236310 	 0.92962800 	 0.01008000 	 0.00000000 	 0.00000000 	 0.05760053 	 91.07943600 	 0.20672400 	 0.00000000 	 0.00758480 	 1.00829610 	 0.00000000 	 0.01758089 	 0.00672000 	 0.04502400 	 0.00680400 	 319.73475240 	 235.81530000 	 125.12085600 	 3.69639472 	 0.00000000 	 49.28987700 	 0.00000000 	 0.41322031 	 0.15330000 	 0.03418818 	 5.05540946 	 7.99789200 	 19.83557108 	 402.77953925 	 76.04670665 	 79.90352677 	 0.76220022 	 7.46278586 	 2.73956770 	 7.38813251
2125 	 18.89109564 	 0.36980063 	 206.71143655 	 12.77597691 	 13.52014080 	 0.92225000 	 0.01000000 	 0.00000000 	 0.00000000 	 0.05714338 	 90.35658333 	 0.20508333 	 0.00000000 	 0.00752461 	 1.00029375 	 0.00000000 	 0.01744136 	 0.00666667 	 0.04466667 	 0.00675000 	 317.19717500 	 233.94375000 	 124.12783333 	 3.66705825 	 0.00000000 	 48.89868750 	 0.00000000 	 0.40994078 	 0.15208333 	 0.03391685 	 5.01528717 	 7.93441667 	 19.71201711 	 401.28060172 	 75.71165557 	 79.77811751 	 0.76220022 	 7.46278586 	 2.72017698 	 7.34093670
2126 	 18.73996688 	 0.35500861 	 206.43504099 	 12.76019323 	 13.41791849 	 0.91487200 	 0.00992000 	 0.00000000 	 0.00000000 	 0.05668624 	 89.63373067 	 0.20344267 	 0.00000000 	 0.00746441 	 0.99229140 	 0.00000000 	 0.01730183 	 0.00661333 	 0.04430933 	 0.00669600 	 314.65959760 	 232.07220000 	 123.13481067 	 3.63772178 	 0.00000000 	 48.50749800 	 0.00000000 	 0.40666126 	 0.15086667 	 0.03364551 	 4.97516487 	 7.87094133 	 19.58846314 	 399.78166419 	 75.37660448 	 79.65270825 	 0.76220022 	 7.46278586 	 2.70078625 	 7.29374089
2127 	 18.58883811 	 0.34021658 	 206.15864543 	 12.74440956 	 13.31569619 	 0.90749400 	 0.00984000 	 0.00000000 	 0.00000000 	 0.05622909 	 88.91087800 	 0.20180200 	 0.00000000 	 0.00740421 	 0.98428905 	 0.00000000 	 0.01716229 	 0.00656000 	 0.04395200 	 0.00664200 	 312.12202020 	 230.20065000 	 122.14178800 	 3.60838532 	 0.00000000 	 48.11630850 	 0.00000000 	 0.40338173 	 0.14965000 	 0.03337418 	 4.93504257 	 7.80746600 	 19.46490917 	 398.28272666 	 75.04155339 	 79.52729899 	 0.76220022 	 7.46278586 	 2.68139552 	 7.24654507
2128 	 18.43770935 	 0.32542456 	 205.88224987 	 12.72862588 	 13.21347389 	 0.90011600 	 0.00976000 	 0.00000000 	 0.00000000 	 0.05577194 	 88.18802533 	 0.20016133 	 0.00000000 	 0.00734401 	 0.97628670 	 0.00000000 	 0.01702276 	 0.00650667 	 0.04359467 	 0.00658800 	 309.58444280 	 228.32910000 	 121.14876533 	 3.57904885 	 0.00000000 	 47.72511900 	 0.00000000 	 0.40010220 	 0.14843333 	 0.03310284 	 4.89492027 	 7.74399067 	 19.34135520 	 396.78378913 	 74.70650230 	 79.40188973 	 0.76220022 	 7.46278586 	 2.66200479 	 7.19934926
2129 	 18.28658058 	 0.31063253 	 205.60585430 	 12.71284221 	 13.11125159 	 0.89273800 	 0.00968000 	 0.00000000 	 0.00000000 	 0.05531479 	 87.46517267 	 0.19852067 	 0.00000000 	 0.00728382 	 0.96828435 	 0.00000000 	 0.01688323 	 0.00645333 	 0.04323733 	 0.00653400 	 307.04686540 	 226.45755000 	 120.15574267 	 3.54971239 	 0.00000000 	 47.33392950 	 0.00000000 	 0.39682268 	 0.14721667 	 0.03283151 	 4.85479798 	 7.68051533 	 19.21780122 	 395.28485160 	 74.37145122 	 79.27648046 	 0.76220022 	 7.46278586 	 2.64261407 	 7.15215345
2130 	 18.13545182 	 0.29584051 	 205.32945874 	 12.69705853 	 13.00902928 	 0.88536000 	 0.00960000 	 0.00000000 	 0.00000000 	 0.05485765 	 86.74232000 	 0.19688000 	 0.00000000 	 0.00722362 	 0.96028200 	 0.00000000 	 0.01674370 	 0.00640000 	 0.04288000 	 0.00648000 	 304.50928800 	 224.58600000 	 119.16272000 	 3.52037592 	 0.00000000 	 46.94274000 	 0.00000000 	 0.39354315 	 0.14600000 	 0.03256018 	 4.81467568 	 7.61704000 	 19.09424725 	 393.78591406 	 74.03640013 	 79.15107120 	 0.76220022 	 7.46278586 	 2.62322334 	 7.10495764
2131 	 17.98432305 	 0.28104848 	 205.05306318 	 12.68127486 	 12.90680698 	 0.87798200 	 0.00952000 	 0.00000000 	 0.00000000 	 0.05440050 	 86.01946733 	 0.19523933 	 0.00000000 	 0.00716342 	 0.95227965 	 0.00000000 	 0.01660417 	 0.00634667 	 0.04252267 	 0.00642600 	 301.97171060 	 222.71445000 	 118.16969733 	 3.49103945 	 0.00000000 	 46.55155050 	 0.00000000 	 0.39026363 	 0.14478333 	 0.03228884 	 4.77455338 	 7.55356467 	 18.97069328 	 392.28697653 	 73.70134904 	 79.02566194 	 0.76220022 	 7.46278586 	 2.60383261 	 7.05776183
2132 	 17.83319429 	 0.26625645 	 204.77666762 	 12.66549118 	 12.80458468 	 0.87060400 	 0.00944000 	 0.00000000 	 0.00000000 	 0.05394335 	 85.29661467 	 0.19359867 	 0.00000000 	 0.00710323 	 0.94427730 	 0.00000000 	 0.01646464 	 0.00629333 	 0.04216533 	 0.00637200 	 299.43413320 	 220.84290000 	 117.17667467 	 3.46170299 	 0.00000000 	 46.16036100 	 0.00000000 	 0.38698410 	 0.14356667 	 0.03201751 	 4.73443109 	 7.49008933 	 18.84713931 	 390.78803900 	 73.36629796 	 78.90025268 	 0.76220022 	 7.46278586 	 2.58444189 	 7.01056602
2133 	 17.68206552 	 0.25146443 	 204.50027205 	 12.64970751 	 12.70236238 	 0.86322600 	 0.00936000 	 0.00000000 	 0.00000000 	 0.05348621 	 84.57376200 	 0.19195800 	 0.00000000 	 0.00704303 	 0.93627495 	 0.00000000 	 0.01632511 	 0.00624000 	 0.04180800 	 0.00631800 	 296.89655580 	 218.97135000 	 116.18365200 	 3.43236652 	 0.00000000 	 45.76917150 	 0.00000000 	 0.38370457 	 0.14235000 	 0.03174617 	 4.69430879 	 7.42661400 	 18.72358534 	 389.28910147 	 73.03124687 	 78.77484342 	 0.76220022 	 7.46278586 	 2.56505116 	 6.96337020
2134 	 17.53093676 	 0.23667240 	 204.22387649 	 12.63392383 	 12.60014007 	 0.85584800 	 0.00928000 	 0.00000000 	 0.00000000 	 0.05302906 	 83.85090933 	 0.19031733 	 0.00000000 	 0.00698283 	 0.92827260 	 0.00000000 	 0.01618558 	 0.00618667 	 0.04145067 	 0.00626400 	 294.35897840 	 217.09980000 	 115.19062933 	 3.40303006 	 0.00000000 	 45.37798200 	 0.00000000 	 0.38042505 	 0.14113333 	 0.03147484 	 4.65418649 	 7.36313867 	 18.60003137 	 387.79016394 	 72.69619578 	 78.64943416 	 0.76220022 	 7.46278586 	 2.54566043 	 6.91617439
2135 	 17.37980799 	 0.22188038 	 203.94748093 	 12.61814016 	 12.49791777 	 0.84847000 	 0.00920000 	 0.00000000 	 0.00000000 	 0.05257191 	 83.12805667 	 0.18867667 	 0.00000000 	 0.00692264 	 0.92027025 	 0.00000000 	 0.01604605 	 0.00613333 	 0.04109333 	 0.00621000 	 291.82140100 	 215.22825000 	 114.19760667 	 3.37369359 	 0.00000000 	 44.98679250 	 0.00000000 	 0.37714552 	 0.13991667 	 0.03120350 	 4.61406419 	 7.29966333 	 18.47647740 	 386.29122641 	 72.36114470 	 78.52402489 	 0.76220022 	 7.46278586 	 2.52626971 	 6.86897858
2136 	 17.22867922 	 0.20708835 	 203.67108537 	 12.60235648 	 12.39569547 	 0.84109200 	 0.00912000 	 0.00000000 	 0.00000000 	 0.05211476 	 82.40520400 	 0.18703600 	 0.00000000 	 0.00686244 	 0.91226790 	 0.00000000 	 0.01590652 	 0.00608000 	 0.04073600 	 0.00615600 	 289.28382360 	 213.35670000 	 113.20458400 	 3.34435712 	 0.00000000 	 44.59560300 	 0.00000000 	 0.37386599 	 0.13870000 	 0.03093217 	 4.57394190 	 7.23618800 	 18.35292343 	 384.79228888 	 72.02609361 	 78.39861563 	 0.76220022 	 7.46278586 	 2.50687898 	 6.82178277
2137 	 17.07755046 	 0.19229633 	 203.39468980 	 12.58657280 	 12.29347316 	 0.83371400 	 0.00904000 	 0.00000000 	 0.00000000 	 0.05165762 	 81.68235133 	 0.18539533 	 0.00000000 	 0.00680224 	 0.90426555 	 0.00000000 	 0.01576699 	 0.00602667 	 0.04037867 	 0.00610200 	 286.74624620 	 211.48515000 	 112.21156133 	 3.31502066 	 0.00000000 	 44.20441350 	 0.00000000 	 0.37058647 	 0.13748333 	 0.03066083 	 4.53381960 	 7.17271267 	 18.22936946 	 383.29335135 	 71.69104252 	 78.27320637 	 0.76220022 	 7.46278586 	 2.48748825 	 6.77458696
2138 	 16.92642169 	 0.17750430 	 203.11829424 	 12.57078913 	 12.19125086 	 0.82633600 	 0.00896000 	 0.00000000 	 0.00000000 	 0.05120047 	 80.95949867 	 0.18375467 	 0.00000000 	 0.00674205 	 0.89626320 	 0.00000000 	 0.01562746 	 0.00597333 	 0.04002133 	 0.00604800 	 284.20866880 	 209.61360000 	 111.21853867 	 3.28568419 	 0.00000000 	 43.81322400 	 0.00000000 	 0.36730694 	 0.13626667 	 0.03038950 	 4.49369730 	 7.10923733 	 18.10581549 	 381.79441381 	 71.35599144 	 78.14779711 	 0.76220022 	 7.46278586 	 2.46809753 	 6.72739114
2139 	 16.77529293 	 0.16271228 	 202.84189868 	 12.55500545 	 12.08902856 	 0.81895800 	 0.00888000 	 0.00000000 	 0.00000000 	 0.05074332 	 80.23664600 	 0.18211400 	 0.00000000 	 0.00668185 	 0.88826085 	 0.00000000 	 0.01548792 	 0.00592000 	 0.03966400 	 0.00599400 	 281.67109140 	 207.74205000 	 110.22551600 	 3.25634773 	 0.00000000 	 43.42203450 	 0.00000000 	 0.36402742 	 0.13505000 	 0.03011816 	 4.45357500 	 7.04576200 	 17.98226152 	 380.29547628 	 71.02094035 	 78.02238785 	 0.76220022 	 7.46278586 	 2.44870680 	 6.68019533
2140 	 16.62416416 	 0.14792025 	 202.56550311 	 12.53922178 	 11.98680626 	 0.81158000 	 0.00880000 	 0.00000000 	 0.00000000 	 0.05028618 	 79.51379333 	 0.18047333 	 0.00000000 	 0.00662165 	 0.88025850 	 0.00000000 	 0.01534839 	 0.00586667 	 0.03930667 	 0.00594000 	 279.13351400 	 205.87050000 	 109.23249333 	 3.22701126 	 0.00000000 	 43.03084500 	 0.00000000 	 0.36074789 	 0.13383333 	 0.02984683 	 4.41345271 	 6.98228667 	 17.85870755 	 378.79653875 	 70.68588926 	 77.89697859 	 0.76220022 	 7.46278586 	 2.42931607 	 6.63299952
2141 	 16.47303540 	 0.13312823 	 202.28910755 	 12.52343810 	 11.88458395 	 0.80420200 	 0.00872000 	 0.00000000 	 0.00000000 	 0.04982903 	 78.79094067 	 0.17883267 	 0.00000000 	 0.00656146 	 0.87225615 	 0.00000000 	 0.01520886 	 0.00581333 	 0.03894933 	 0.00588600 	 276.59593660 	 203.99895000 	 108.23947067 	 3.19767479 	 0.00000000 	 42.63965550 	 0.00000000 	 0.35746836 	 0.13261667 	 0.02957549 	 4.37333041 	 6.91881133 	 17.73515358 	 377.29760122 	 70.35083817 	 77.77156933 	 0.76220022 	 7.46278586 	 2.40992535 	 6.58580371
2142 	 16.32190663 	 0.11833620 	 202.01271199 	 12.50765443 	 11.78236165 	 0.79682400 	 0.00864000 	 0.00000000 	 0.00000000 	 0.04937188 	 78.06808800 	 0.17719200 	 0.00000000 	 0.00650126 	 0.86425380 	 0.00000000 	 0.01506933 	 0.00576000 	 0.03859200 	 0.00583200 	 274.05835920 	 202.12740000 	 107.24644800 	 3.16833833 	 0.00000000 	 42.24846600 	 0.00000000 	 0.35418884 	 0.13140000 	 0.02930416 	 4.33320811 	 6.85533600 	 17.61159960 	 375.79866369 	 70.01578709 	 77.64616006 	 0.76220022 	 7.46278586 	 2.39053462 	 6.53860790
2143 	 16.17077787 	 0.10354418 	 201.73631643 	 12.49187075 	 11.68013935 	 0.78944600 	 0.00856000 	 0.00000000 	 0.00000000 	 0.04891474 	 77.34523533 	 0.17555133 	 0.00000000 	 0.00644106 	 0.85625145 	 0.00000000 	 0.01492980 	 0.00570667 	 0.03823467 	 0.00577800 	 271.52078180 	 200.25585000 	 106.25342533 	 3.13900186 	 0.00000000 	 41.85727650 	 0.00000000 	 0.35090931 	 0.13018333 	 0.02903282 	 4.29308581 	 6.79186067 	 17.48804563 	 374.29972616 	 69.68073600 	 77.52075080 	 0.76220022 	 7.46278586 	 2.37114389 	 6.49141209
2144 	 16.01964910 	 0.08875215 	 201.45992086 	 12.47608708 	 11.57791705 	 0.78206800 	 0.00848000 	 0.00000000 	 0.00000000 	 0.04845759 	 76.62238267 	 0.17391067 	 0.00000000 	 0.00638087 	 0.84824910 	 0.00000000 	 0.01479027 	 0.00565333 	 0.03787733 	 0.00572400 	 268.98320440 	 198.38430000 	 105.26040267 	 3.10966540 	 0.00000000 	 41.46608700 	 0.00000000 	 0.34762978 	 0.12896667 	 0.02876149 	 4.25296352 	 6.72838533 	 17.36449166 	 372.80078863 	 69.34568491 	 77.39534154 	 0.76220022 	 7.46278586 	 2.35175317 	 6.44421627
2145 	 15.86852034 	 0.07396013 	 201.18352530 	 12.46030340 	 11.47569474 	 0.77469000 	 0.00840000 	 0.00000000 	 0.00000000 	 0.04800044 	 75.89953000 	 0.17227000 	 0.00000000 	 0.00632067 	 0.84024675 	 0.00000000 	 0.01465074 	 0.00560000 	 0.03752000 	 0.00567000 	 266.44562700 	 196.51275000 	 104.26738000 	 3.08032893 	 0.00000000 	 41.07489750 	 0.00000000 	 0.34435026 	 0.12775000 	 0.02849015 	 4.21284122 	 6.66491000 	 17.24093769 	 371.30185110 	 69.01063383 	 77.26993228 	 0.76220022 	 7.46278586 	 2.33236244 	 6.39702046
2146 	 15.71739157 	 0.05916810 	 200.90712974 	 12.44451973 	 11.37347244 	 0.76731200 	 0.00832000 	 0.00000000 	 0.00000000 	 0.04754329 	 75.17667733 	 0.17062933 	 0.00000000 	 0.00626047 	 0.83224440 	 0.00000000 	 0.01451121 	 0.00554667 	 0.03716267 	 0.00561600 	 263.90804960 	 194.64120000 	 103.27435733 	 3.05099246 	 0.00000000 	 40.68370800 	 0.00000000 	 0.34107073 	 0.12653333 	 0.02821882 	 4.17271892 	 6.60143467 	 17.11738372 	 369.80291357 	 68.67558274 	 77.14452302 	 0.76220022 	 7.46278586 	 2.31297171 	 6.34982465
2147 	 15.56626281 	 0.04437608 	 200.63073418 	 12.42873605 	 11.27125014 	 0.75993400 	 0.00824000 	 0.00000000 	 0.00000000 	 0.04708615 	 74.45382467 	 0.16898867 	 0.00000000 	 0.00620027 	 0.82424205 	 0.00000000 	 0.01437168 	 0.00549333 	 0.03680533 	 0.00556200 	 261.37047220 	 192.76965000 	 102.28133467 	 3.02165600 	 0.00000000 	 40.29251850 	 0.00000000 	 0.33779121 	 0.12531667 	 0.02794748 	 4.13259663 	 6.53795933 	 16.99382975 	 368.30397603 	 68.34053165 	 77.01911376 	 0.76220022 	 7.46278586 	 2.29358099 	 6.30262884
2148 	 15.41513404 	 0.02958405 	 200.35433861 	 12.41295237 	 11.16902784 	 0.75255600 	 0.00816000 	 0.00000000 	 0.00000000 	 0.04662900 	 73.73097200 	 0.16734800 	 0.00000000 	 0.00614008 	 0.81623970 	 0.00000000 	 0.01423215 	 0.00544000 	 0.03644800 	 0.00550800 	 258.83289480 	 190.89810000 	 101.28831200 	 2.99231953 	 0.00000000 	 39.90132900 	 0.00000000 	 0.33451168 	 0.12410000 	 0.02767615 	 4.09247433 	 6.47448400 	 16.87027578 	 366.80503850 	 68.00548057 	 76.89370449 	 0.76220022 	 7.46278586 	 2.27419026 	 6.25543303
2149 	 15.26400528 	 0.01479203 	 200.07794305 	 12.39716870 	 11.06680553 	 0.74517800 	 0.00808000 	 0.00000000 	 0.00000000 	 0.04617185 	 73.00811933 	 0.16570733 	 0.00000000 	 0.00607988 	 0.80823735 	 0.00000000 	 0.01409262 	 0.00538667 	 0.03609067 	 0.00545400 	 256.29531740 	 189.02655000 	 100.29528933 	 2.96298307 	 0.00000000 	 39.51013950 	 0.00000000 	 0.33123215 	 0.12288333 	 0.02740481 	 4.05235203 	 6.41100867 	 16.74672181 	 365.30610097 	 67.67042948 	 76.76829523 	 0.76220022 	 7.46278586 	 2.25479953 	 6.20823722
2150 	 15.11287651 	 0.00000000 	 199.80154749 	 12.38138502 	 10.96458323 	 0.73780000 	 0.00800000 	 0.00000000 	 0.00000000 	 0.04571471 	 72.28526667 	 0.16406667 	 0.00000000 	 0.00601968 	 0.80023500 	 0.00000000 	 0.01395309 	 0.00533333 	 0.03573333 	 0.00540000 	 253.75774000 	 187.15500000 	 99.30226667 	 2.93364660 	 0.00000000 	 39.11895000 	 0.00000000 	 0.32795263 	 0.12166667 	 0.02713348 	 4.01222973 	 6.34753333 	 16.62316784 	 363.80716344 	 67.33537839 	 76.64288597 	 0.76220022 	 7.46278586 	 2.23540881 	 6.16104140
2151 	 14.96174775 	 0.00000000 	 199.52515193 	 12.36560135 	 10.86236093 	 0.73042200 	 0.00792000 	 0.00000000 	 0.00000000 	 0.04525756 	 71.56241400 	 0.16242600 	 0.00000000 	 0.00595949 	 0.79223265 	 0.00000000 	 0.01381355 	 0.00528000 	 0.03537600 	 0.00534600 	 251.22016260 	 185.28345000 	 98.30924400 	 2.90431013 	 0.00000000 	 38.72776050 	 0.00000000 	 0.32467310 	 0.12045000 	 0.02686214 	 3.97210744 	 6.28405800 	 16.49961387 	 362.30822591 	 67.00032731 	 76.51747671 	 0.76220022 	 7.46278586 	 2.21601808 	 6.11384559
2152 	 14.81061898 	 0.00000000 	 199.24875636 	 12.34981767 	 10.76013863 	 0.72304400 	 0.00784000 	 0.00000000 	 0.00000000 	 0.04480041 	 70.83956133 	 0.16078533 	 0.00000000 	 0.00589929 	 0.78423030 	 0.00000000 	 0.01367402 	 0.00522667 	 0.03501867 	 0.00529200 	 248.68258520 	 183.41190000 	 97.31622133 	 2.87497367 	 0.00000000 	 38.33657100 	 0.00000000 	 0.32139357 	 0.11923333 	 0.02659081 	 3.93198514 	 6.22058267 	 16.37605990 	 360.80928838 	 66.66527622 	 76.39206745 	 0.76220022 	 7.46278586 	 2.19662735 	 6.06664978
2153 	 14.65949022 	 0.00000000 	 198.97236080 	 12.33403400 	 10.65791632 	 0.71566600 	 0.00776000 	 0.00000000 	 0.00000000 	 0.04434326 	 70.11670867 	 0.15914467 	 0.00000000 	 0.00583909 	 0.77622795 	 0.00000000 	 0.01353449 	 0.00517333 	 0.03466133 	 0.00523800 	 246.14500780 	 181.54035000 	 96.32319867 	 2.84563720 	 0.00000000 	 37.94538150 	 0.00000000 	 0.31811405 	 0.11801667 	 0.02631947 	 3.89186284 	 6.15710733 	 16.25250593 	 359.31035085 	 66.33022513 	 76.26665819 	 0.76220022 	 7.46278586 	 2.17723662 	 6.01945397
2154 	 14.50836145 	 0.00000000 	 198.69596524 	 12.31825032 	 10.55569402 	 0.70828800 	 0.00768000 	 0.00000000 	 0.00000000 	 0.04388612 	 69.39385600 	 0.15750400 	 0.00000000 	 0.00577890 	 0.76822560 	 0.00000000 	 0.01339496 	 0.00512000 	 0.03430400 	 0.00518400 	 243.60743040 	 179.66880000 	 95.33017600 	 2.81630074 	 0.00000000 	 37.55419200 	 0.00000000 	 0.31483452 	 0.11680000 	 0.02604814 	 3.85174054 	 6.09363200 	 16.12895196 	 357.81141332 	 65.99517405 	 76.14124893 	 0.76220022 	 7.46278586 	 2.15784590 	 5.97225816
2155 	 14.35723269 	 0.00000000 	 198.41956968 	 12.30246665 	 10.45347172 	 0.70091000 	 0.00760000 	 0.00000000 	 0.00000000 	 0.04342897 	 68.67100333 	 0.15586333 	 0.00000000 	 0.00571870 	 0.76022325 	 0.00000000 	 0.01325543 	 0.00506667 	 0.03394667 	 0.00513000 	 241.06985300 	 177.79725000 	 94.33715333 	 2.78696427 	 0.00000000 	 37.16300250 	 0.00000000 	 0.31155500 	 0.11558333 	 0.02577681 	 3.81161825 	 6.03015667 	 16.00539798 	 356.31247578 	 65.66012296 	 76.01583966 	 0.76220022 	 7.46278586 	 2.13845517 	 5.92506234
2156 	 14.20610392 	 0.00000000 	 198.14317411 	 12.28668297 	 10.35124941 	 0.69353200 	 0.00752000 	 0.00000000 	 0.00000000 	 0.04297182 	 67.94815067 	 0.15422267 	 0.00000000 	 0.00565850 	 0.75222090 	 0.00000000 	 0.01311590 	 0.00501333 	 0.03358933 	 0.00507600 	 238.53227560 	 175.92570000 	 93.34413067 	 2.75762780 	 0.00000000 	 36.77181300 	 0.00000000 	 0.30827547 	 0.11436667 	 0.02550547 	 3.77149595 	 5.96668133 	 15.88184401 	 354.81353825 	 65.32507187 	 75.89043040 	 0.76220022 	 7.46278586 	 2.11906444 	 5.87786653
2157 	 14.05497516 	 0.00000000 	 197.86677855 	 12.27089930 	 10.24902711 	 0.68615400 	 0.00744000 	 0.00000000 	 0.00000000 	 0.04251468 	 67.22529800 	 0.15258200 	 0.00000000 	 0.00559831 	 0.74421855 	 0.00000000 	 0.01297637 	 0.00496000 	 0.03323200 	 0.00502200 	 235.99469820 	 174.05415000 	 92.35110800 	 2.72829134 	 0.00000000 	 36.38062350 	 0.00000000 	 0.30499594 	 0.11315000 	 0.02523414 	 3.73137365 	 5.90320600 	 15.75829004 	 353.31460072 	 64.99002078 	 75.76502114 	 0.76220022 	 7.46278586 	 2.09967372 	 5.83067072
2158 	 13.90384639 	 0.00000000 	 197.59038299 	 12.25511562 	 10.14680481 	 0.67877600 	 0.00736000 	 0.00000000 	 0.00000000 	 0.04205753 	 66.50244533 	 0.15094133 	 0.00000000 	 0.00553811 	 0.73621620 	 0.00000000 	 0.01283684 	 0.00490667 	 0.03287467 	 0.00496800 	 233.45712080 	 172.18260000 	 91.35808533 	 2.69895487 	 0.00000000 	 35.98943400 	 0.00000000 	 0.30171642 	 0.11193333 	 0.02496280 	 3.69125135 	 5.83973067 	 15.63473607 	 351.81566319 	 64.65496970 	 75.63961188 	 0.76220022 	 7.46278586 	 2.08028299 	 5.78347491
2159 	 13.75271763 	 0.00000000 	 197.31398742 	 12.23933195 	 10.04458251 	 0.67139800 	 0.00728000 	 0.00000000 	 0.00000000 	 0.04160038 	 65.77959267 	 0.14930067 	 0.00000000 	 0.00547791 	 0.72821385 	 0.00000000 	 0.01269731 	 0.00485333 	 0.03251733 	 0.00491400 	 230.91954340 	 170.31105000 	 90.36506267 	 2.66961841 	 0.00000000 	 35.59824450 	 0.00000000 	 0.29843689 	 0.11071667 	 0.02469147 	 3.65112906 	 5.77625533 	 15.51118210 	 350.31672566 	 64.31991861 	 75.51420262 	 0.76220022 	 7.46278586 	 2.06089226 	 5.73627910
2160 	 13.60158886 	 0.00000000 	 197.03759186 	 12.22354827 	 9.94236020 	 0.66402000 	 0.00720000 	 0.00000000 	 0.00000000 	 0.04114324 	 65.05674000 	 0.14766000 	 0.00000000 	 0.00541772 	 0.72021150 	 0.00000000 	 0.01255778 	 0.00480000 	 0.03216000 	 0.00486000 	 228.38196600 	 168.43950000 	 89.37204000 	 2.64028194 	 0.00000000 	 35.20705500 	 0.00000000 	 0.29515736 	 0.10950000 	 0.02442013 	 3.61100676 	 5.71278000 	 15.38762813 	 348.81778813 	 63.98486752 	 75.38879336 	 0.76220022 	 7.46278586 	 2.04150154 	 5.68908329
2161 	 13.45046010 	 0.00000000 	 196.76119630 	 12.20776459 	 9.84013790 	 0.65664200 	 0.00712000 	 0.00000000 	 0.00000000 	 0.04068609 	 64.33388733 	 0.14601933 	 0.00000000 	 0.00535752 	 0.71220915 	 0.00000000 	 0.01241825 	 0.00474667 	 0.03180267 	 0.00480600 	 225.84438860 	 166.56795000 	 88.37901733 	 2.61094547 	 0.00000000 	 34.81586550 	 0.00000000 	 0.29187784 	 0.10828333 	 0.02414880 	 3.57088446 	 5.64930467 	 15.26407416 	 347.31885060 	 63.64981644 	 75.26338409 	 0.76220022 	 7.46278586 	 2.02211081 	 5.64188747
2162 	 13.29933133 	 0.00000000 	 196.48480074 	 12.19198092 	 9.73791560 	 0.64926400 	 0.00704000 	 0.00000000 	 0.00000000 	 0.04022894 	 63.61103467 	 0.14437867 	 0.00000000 	 0.00529732 	 0.70420680 	 0.00000000 	 0.01227872 	 0.00469333 	 0.03144533 	 0.00475200 	 223.30681120 	 164.69640000 	 87.38599467 	 2.58160901 	 0.00000000 	 34.42467600 	 0.00000000 	 0.28859831 	 0.10706667 	 0.02387746 	 3.53076217 	 5.58582933 	 15.14052019 	 345.81991307 	 63.31476535 	 75.13797483 	 0.76220022 	 7.46278586 	 2.00272008 	 5.59469166
2163 	 13.14820257 	 0.00000000 	 196.20840517 	 12.17619724 	 9.63569330 	 0.64188600 	 0.00696000 	 0.00000000 	 0.00000000 	 0.03977179 	 62.88818200 	 0.14273800 	 0.00000000 	 0.00523713 	 0.69620445 	 0.00000000 	 0.01213918 	 0.00464000 	 0.03108800 	 0.00469800 	 220.76923380 	 162.82485000 	 86.39297200 	 2.55227254 	 0.00000000 	 34.03348650 	 0.00000000 	 0.28531879 	 0.10585000 	 0.02360613 	 3.49063987 	 5.52235400 	 15.01696622 	 344.32097553 	 62.97971426 	 75.01256557 	 0.76220022 	 7.46278586 	 1.98332936 	 5.54749585
2164 	 12.99707380 	 0.00000000 	 195.93200961 	 12.16041357 	 9.53347099 	 0.63450800 	 0.00688000 	 0.00000000 	 0.00000000 	 0.03931465 	 62.16532933 	 0.14109733 	 0.00000000 	 0.00517693 	 0.68820210 	 0.00000000 	 0.01199965 	 0.00458667 	 0.03073067 	 0.00464400 	 218.23165640 	 160.95330000 	 85.39994933 	 2.52293608 	 0.00000000 	 33.64229700 	 0.00000000 	 0.28203926 	 0.10463333 	 0.02333479 	 3.45051757 	 5.45887867 	 14.89341225 	 342.82203800 	 62.64466318 	 74.88715631 	 0.76220022 	 7.46278586 	 1.96393863 	 5.50030004
2165 	 12.84594504 	 0.00000000 	 195.65561405 	 12.14462989 	 9.43124869 	 0.62713000 	 0.00680000 	 0.00000000 	 0.00000000 	 0.03885750 	 61.44247667 	 0.13945667 	 0.00000000 	 0.00511673 	 0.68019975 	 0.00000000 	 0.01186012 	 0.00453333 	 0.03037333 	 0.00459000 	 215.69407900 	 159.08175000 	 84.40692667 	 2.49359961 	 0.00000000 	 33.25110750 	 0.00000000 	 0.27875973 	 0.10341667 	 0.02306346 	 3.41039527 	 5.39540333 	 14.76985828 	 341.32310047 	 62.30961209 	 74.76174705 	 0.76220022 	 7.46278586 	 1.94454790 	 5.45310423
2166 	 12.69481627 	 0.00000000 	 195.37921849 	 12.12884622 	 9.32902639 	 0.61975200 	 0.00672000 	 0.00000000 	 0.00000000 	 0.03840035 	 60.71962400 	 0.13781600 	 0.00000000 	 0.00505653 	 0.67219740 	 0.00000000 	 0.01172059 	 0.00448000 	 0.03001600 	 0.00453600 	 213.15650160 	 157.21020000 	 83.41390400 	 2.46426314 	 0.00000000 	 32.85991800 	 0.00000000 	 0.27548021 	 0.10220000 	 0.02279212 	 3.37027298 	 5.33192800 	 14.64630431 	 339.82416294 	 61.97456100 	 74.63633779 	 0.76220022 	 7.46278586 	 1.92515718 	 5.40590842
2167 	 12.54368751 	 0.00000000 	 195.10282292 	 12.11306254 	 9.22680409 	 0.61237400 	 0.00664000 	 0.00000000 	 0.00000000 	 0.03794321 	 59.99677133 	 0.13617533 	 0.00000000 	 0.00499634 	 0.66419505 	 0.00000000 	 0.01158106 	 0.00442667 	 0.02965867 	 0.00448200 	 210.61892420 	 155.33865000 	 82.42088133 	 2.43492668 	 0.00000000 	 32.46872850 	 0.00000000 	 0.27220068 	 0.10098333 	 0.02252079 	 3.33015068 	 5.26845267 	 14.52275034 	 338.32522541 	 61.63950992 	 74.51092853 	 0.76220022 	 7.46278586 	 1.90576645 	 5.35871260
2168 	 12.39255874 	 0.00000000 	 194.82642736 	 12.09727887 	 9.12458178 	 0.60499600 	 0.00656000 	 0.00000000 	 0.00000000 	 0.03748606 	 59.27391867 	 0.13453467 	 0.00000000 	 0.00493614 	 0.65619270 	 0.00000000 	 0.01144153 	 0.00437333 	 0.02930133 	 0.00442800 	 208.08134680 	 153.46710000 	 81.42785867 	 2.40559021 	 0.00000000 	 32.07753900 	 0.00000000 	 0.26892115 	 0.09976667 	 0.02224945 	 3.29002838 	 5.20497733 	 14.39919636 	 336.82628788 	 61.30445883 	 74.38551926 	 0.76220022 	 7.46278586 	 1.88637572 	 5.31151679
2169 	 12.24142998 	 0.00000000 	 194.55003180 	 12.08149519 	 9.02235948 	 0.59761800 	 0.00648000 	 0.00000000 	 0.00000000 	 0.03702891 	 58.55106600 	 0.13289400 	 0.00000000 	 0.00487594 	 0.64819035 	 0.00000000 	 0.01130200 	 0.00432000 	 0.02894400 	 0.00437400 	 205.54376940 	 151.59555000 	 80.43483600 	 2.37625375 	 0.00000000 	 31.68634950 	 0.00000000 	 0.26564163 	 0.09855000 	 0.02197812 	 3.24990608 	 5.14150200 	 14.27564239 	 335.32735035 	 60.96940774 	 74.26011000 	 0.76220022 	 7.46278586 	 1.86698500 	 5.26432098
2170 	 12.09030121 	 0.00000000 	 194.27363624 	 12.06571152 	 8.92013718 	 0.59024000 	 0.00640000 	 0.00000000 	 0.00000000 	 0.03657176 	 57.82821333 	 0.13125333 	 0.00000000 	 0.00481575 	 0.64018800 	 0.00000000 	 0.01116247 	 0.00426667 	 0.02858667 	 0.00432000 	 203.00619200 	 149.72400000 	 79.44181333 	 2.34691728 	 0.00000000 	 31.29516000 	 0.00000000 	 0.26236210 	 0.09733333 	 0.02170678 	 3.20978379 	 5.07802667 	 14.15208842 	 333.82841282 	 60.63435665 	 74.13470074 	 0.76220022 	 7.46278586 	 1.84759427 	 5.21712517
2171 	 11.93917245 	 0.00000000 	 193.99724067 	 12.04992784 	 8.81791487 	 0.58286200 	 0.00632000 	 0.00000000 	 0.00000000 	 0.03611462 	 57.10536067 	 0.12961267 	 0.00000000 	 0.00475555 	 0.63218565 	 0.00000000 	 0.01102294 	 0.00421333 	 0.02822933 	 0.00426600 	 200.46861460 	 147.85245000 	 78.44879067 	 2.31758081 	 0.00000000 	 30.90397050 	 0.00000000 	 0.25908258 	 0.09611667 	 0.02143545 	 3.16966149 	 5.01455133 	 14.02853445 	 332.32947528 	 60.29930557 	 74.00929148 	 0.76220022 	 7.46278586 	 1.82820354 	 5.16992936
2172 	 11.78804368 	 0.00000000 	 193.72084511 	 12.03414417 	 8.71569257 	 0.57548400 	 0.00624000 	 0.00000000 	 0.00000000 	 0.03565747 	 56.38250800 	 0.12797200 	 0.00000000 	 0.00469535 	 0.62418330 	 0.00000000 	 0.01088341 	 0.00416000 	 0.02787200 	 0.00421200 	 197.93103720 	 145.98090000 	 77.45576800 	 2.28824435 	 0.00000000 	 30.51278100 	 0.00000000 	 0.25580305 	 0.09490000 	 0.02116411 	 3.12953919 	 4.95107600 	 13.90498048 	 330.83053775 	 59.96425448 	 73.88388222 	 0.76220022 	 7.46278586 	 1.80881282 	 5.12273354
2173 	 11.63691491 	 0.00000000 	 193.44444955 	 12.01836049 	 8.61347027 	 0.56810600 	 0.00616000 	 0.00000000 	 0.00000000 	 0.03520032 	 55.65965533 	 0.12633133 	 0.00000000 	 0.00463516 	 0.61618095 	 0.00000000 	 0.01074388 	 0.00410667 	 0.02751467 	 0.00415800 	 195.39345980 	 144.10935000 	 76.46274533 	 2.25890788 	 0.00000000 	 30.12159150 	 0.00000000 	 0.25252352 	 0.09368333 	 0.02089278 	 3.08941689 	 4.88760067 	 13.78142651 	 329.33160022 	 59.62920339 	 73.75847296 	 0.76220022 	 7.46278586 	 1.78942209 	 5.07553773
2174 	 11.48578615 	 0.00000000 	 193.16805398 	 12.00257681 	 8.51124797 	 0.56072800 	 0.00608000 	 0.00000000 	 0.00000000 	 0.03474318 	 54.93680267 	 0.12469067 	 0.00000000 	 0.00457496 	 0.60817860 	 0.00000000 	 0.01060434 	 0.00405333 	 0.02715733 	 0.00410400 	 192.85588240 	 142.23780000 	 75.46972267 	 2.22957142 	 0.00000000 	 29.73040200 	 0.00000000 	 0.24924400 	 0.09246667 	 0.02062144 	 3.04929460 	 4.82412533 	 13.65787254 	 327.83266269 	 59.29415231 	 73.63306369 	 0.76220022 	 7.46278586 	 1.77003136 	 5.02834192
2175 	 11.33465738 	 0.00000000 	 192.89165842 	 11.98679314 	 8.40902566 	 0.55335000 	 0.00600000 	 0.00000000 	 0.00000000 	 0.03428603 	 54.21395000 	 0.12305000 	 0.00000000 	 0.00451476 	 0.60017625 	 0.00000000 	 0.01046481 	 0.00400000 	 0.02680000 	 0.00405000 	 190.31830500 	 140.36625000 	 74.47670000 	 2.20023495 	 0.00000000 	 29.33921250 	 0.00000000 	 0.24596447 	 0.09125000 	 0.02035011 	 3.00917230 	 4.76065000 	 13.53431857 	 326.33372516 	 58.95910122 	 73.50765443 	 0.76220022 	 7.46278586 	 1.75064064 	 4.98114611
2176 	 11.18352862 	 0.00000000 	 192.61526286 	 11.97100946 	 8.30680336 	 0.54597200 	 0.00592000 	 0.00000000 	 0.00000000 	 0.03382888 	 53.49109733 	 0.12140933 	 0.00000000 	 0.00445457 	 0.59217390 	 0.00000000 	 0.01032528 	 0.00394667 	 0.02644267 	 0.00399600 	 187.78072760 	 138.49470000 	 73.48367733 	 2.17089848 	 0.00000000 	 28.94802300 	 0.00000000 	 0.24268494 	 0.09003333 	 0.02007877 	 2.96905000 	 4.69717467 	 13.41076460 	 324.83478763 	 58.62405013 	 73.38224517 	 0.76220022 	 7.46278586 	 1.73124991 	 4.93395030
2177 	 11.03239985 	 0.00000000 	 192.33886730 	 11.95522579 	 8.20458106 	 0.53859400 	 0.00584000 	 0.00000000 	 0.00000000 	 0.03337174 	 52.76824467 	 0.11976867 	 0.00000000 	 0.00439437 	 0.58417155 	 0.00000000 	 0.01018575 	 0.00389333 	 0.02608533 	 0.00394200 	 185.24315020 	 136.62315000 	 72.49065467 	 2.14156202 	 0.00000000 	 28.55683350 	 0.00000000 	 0.23940542 	 0.08881667 	 0.01980744 	 2.92892771 	 4.63369933 	 13.28721063 	 323.33585010 	 58.28899905 	 73.25683591 	 0.76220022 	 7.46278586 	 1.71185918 	 4.88675449
2178 	 10.88127109 	 0.00000000 	 192.06247173 	 11.93944211 	 8.10235876 	 0.53121600 	 0.00576000 	 0.00000000 	 0.00000000 	 0.03291459 	 52.04539200 	 0.11812800 	 0.00000000 	 0.00433417 	 0.57616920 	 0.00000000 	 0.01004622 	 0.00384000 	 0.02572800 	 0.00388800 	 182.70557280 	 134.75160000 	 71.49763200 	 2.11222555 	 0.00000000 	 28.16564400 	 0.00000000 	 0.23612589 	 0.08760000 	 0.01953611 	 2.88880541 	 4.57022400 	 13.16365666 	 321.83691257 	 57.95394796 	 73.13142665 	 0.76220022 	 7.46278586 	 1.69246846 	 4.83955867
2179 	 10.73014232 	 0.00000000 	 191.78607617 	 11.92365844 	 8.00013645 	 0.52383800 	 0.00568000 	 0.00000000 	 0.00000000 	 0.03245744 	 51.32253933 	 0.11648733 	 0.00000000 	 0.00427398 	 0.56816685 	 0.00000000 	 0.00990669 	 0.00378667 	 0.02537067 	 0.00383400 	 180.16799540 	 132.88005000 	 70.50460933 	 2.08288909 	 0.00000000 	 27.77445450 	 0.00000000 	 0.23284636 	 0.08638333 	 0.01926477 	 2.84868311 	 4.50674867 	 13.04010269 	 320.33797503 	 57.61889687 	 73.00601739 	 0.76220022 	 7.46278586 	 1.67307773 	 4.79236286
2180 	 10.57901356 	 0.00000000 	 191.50968061 	 11.90787476 	 7.89791415 	 0.51646000 	 0.00560000 	 0.00000000 	 0.00000000 	 0.03200029 	 50.59968667 	 0.11484667 	 0.00000000 	 0.00421378 	 0.56016450 	 0.00000000 	 0.00976716 	 0.00373333 	 0.02501333 	 0.00378000 	 177.63041800 	 131.00850000 	 69.51158667 	 2.05355262 	 0.00000000 	 27.38326500 	 0.00000000 	 0.22956684 	 0.08516667 	 0.01899344 	 2.80856081 	 4.44327333 	 12.91654872 	 318.83903750 	 57.28384579 	 72.88060813 	 0.76220022 	 7.46278586 	 1.65368700 	 4.74516705
2181 	 10.42788479 	 0.00000000 	 191.23328505 	 11.89209109 	 7.79569185 	 0.50908200 	 0.00552000 	 0.00000000 	 0.00000000 	 0.03154315 	 49.87683400 	 0.11320600 	 0.00000000 	 0.00415358 	 0.55216215 	 0.00000000 	 0.00962763 	 0.00368000 	 0.02465600 	 0.00372600 	 175.09284060 	 129.13695000 	 68.51856400 	 2.02421615 	 0.00000000 	 26.99207550 	 0.00000000 	 0.22628731 	 0.08395000 	 0.01872210 	 2.76843852 	 4.37979800 	 12.79299474 	 317.34009997 	 56.94879470 	 72.75519886 	 0.76220022 	 7.46278586 	 1.63429627 	 4.69797124
2182 	 10.27675603 	 0.00000000 	 190.95688948 	 11.87630741 	 7.69346955 	 0.50170400 	 0.00544000 	 0.00000000 	 0.00000000 	 0.03108600 	 49.15398133 	 0.11156533 	 0.00000000 	 0.00409339 	 0.54415980 	 0.00000000 	 0.00948810 	 0.00362667 	 0.02429867 	 0.00367200 	 172.55526320 	 127.26540000 	 67.52554133 	 1.99487969 	 0.00000000 	 26.60088600 	 0.00000000 	 0.22300779 	 0.08273333 	 0.01845077 	 2.72831622 	 4.31632267 	 12.66944077 	 315.84116244 	 56.61374361 	 72.62978960 	 0.76220022 	 7.46278586 	 1.61490555 	 4.65077543
2183 	 10.12562726 	 0.00000000 	 190.68049392 	 11.86052374 	 7.59124724 	 0.49432600 	 0.00536000 	 0.00000000 	 0.00000000 	 0.03062885 	 48.43112867 	 0.10992467 	 0.00000000 	 0.00403319 	 0.53615745 	 0.00000000 	 0.00934857 	 0.00357333 	 0.02394133 	 0.00361800 	 170.01768580 	 125.39385000 	 66.53251867 	 1.96554322 	 0.00000000 	 26.20969650 	 0.00000000 	 0.21972826 	 0.08151667 	 0.01817943 	 2.68819392 	 4.25284733 	 12.54588680 	 314.34222491 	 56.27869252 	 72.50438034 	 0.76220022 	 7.46278586 	 1.59551482 	 4.60357962
2184 	 9.97449850 	 0.00000000 	 190.40409836 	 11.84474006 	 7.48902494 	 0.48694800 	 0.00528000 	 0.00000000 	 0.00000000 	 0.03017171 	 47.70827600 	 0.10828400 	 0.00000000 	 0.00397299 	 0.52815510 	 0.00000000 	 0.00920904 	 0.00352000 	 0.02358400 	 0.00356400 	 167.48010840 	 123.52230000 	 65.53949600 	 1.93620676 	 0.00000000 	 25.81850700 	 0.00000000 	 0.21644873 	 0.08030000 	 0.01790810 	 2.64807162 	 4.18937200 	 12.42233283 	 312.84328738 	 55.94364144 	 72.37897108 	 0.76220022 	 7.46278586 	 1.57612409 	 4.55638380
2185 	 9.82336973 	 0.00000000 	 190.12770280 	 11.82895639 	 7.38680264 	 0.47957000 	 0.00520000 	 0.00000000 	 0.00000000 	 0.02971456 	 46.98542333 	 0.10664333 	 0.00000000 	 0.00391279 	 0.52015275 	 0.00000000 	 0.00906951 	 0.00346667 	 0.02322667 	 0.00351000 	 164.94253100 	 121.65075000 	 64.54647333 	 1.90687029 	 0.00000000 	 25.42731750 	 0.00000000 	 0.21316921 	 0.07908333 	 0.01763676 	 2.60794933 	 4.12589667 	 12.29877886 	 311.34434985 	 55.60859035 	 72.25356182 	 0.76220022 	 7.46278586 	 1.55673337 	 4.50918799
2186 	 9.67224097 	 0.00000000 	 189.85130723 	 11.81317271 	 7.28458033 	 0.47219200 	 0.00512000 	 0.00000000 	 0.00000000 	 0.02925741 	 46.26257067 	 0.10500267 	 0.00000000 	 0.00385260 	 0.51215040 	 0.00000000 	 0.00892997 	 0.00341333 	 0.02286933 	 0.00345600 	 162.40495360 	 119.77920000 	 63.55345067 	 1.87753382 	 0.00000000 	 25.03612800 	 0.00000000 	 0.20988968 	 0.07786667 	 0.01736543 	 2.56782703 	 4.06242133 	 12.17522489 	 309.84541232 	 55.27353926 	 72.12815256 	 0.76220022 	 7.46278586 	 1.53734264 	 4.46199218
2187 	 9.52111220 	 0.00000000 	 189.57491167 	 11.79738903 	 7.18235803 	 0.46481400 	 0.00504000 	 0.00000000 	 0.00000000 	 0.02880026 	 45.53971800 	 0.10336200 	 0.00000000 	 0.00379240 	 0.50414805 	 0.00000000 	 0.00879044 	 0.00336000 	 0.02251200 	 0.00340200 	 159.86737620 	 117.90765000 	 62.56042800 	 1.84819736 	 0.00000000 	 24.64493850 	 0.00000000 	 0.20661015 	 0.07665000 	 0.01709409 	 2.52770473 	 3.99894600 	 12.05167092 	 308.34647478 	 54.93848818 	 72.00274329 	 0.76220022 	 7.46278586 	 1.51795191 	 4.41479637
2188 	 9.36998344 	 0.00000000 	 189.29851611 	 11.78160536 	 7.08013573 	 0.45743600 	 0.00496000 	 0.00000000 	 0.00000000 	 0.02834312 	 44.81686533 	 0.10172133 	 0.00000000 	 0.00373220 	 0.49614570 	 0.00000000 	 0.00865091 	 0.00330667 	 0.02215467 	 0.00334800 	 157.32979880 	 116.03610000 	 61.56740533 	 1.81886089 	 0.00000000 	 24.25374900 	 0.00000000 	 0.20333063 	 0.07543333 	 0.01682276 	 2.48758243 	 3.93547067 	 11.92811695 	 306.84753725 	 54.60343709 	 71.87733403 	 0.76220022 	 7.46278586 	 1.49856119 	 4.36760056
2189 	 9.21885467 	 0.00000000 	 189.02212055 	 11.76582168 	 6.97791343 	 0.45005800 	 0.00488000 	 0.00000000 	 0.00000000 	 0.02788597 	 44.09401267 	 0.10008067 	 0.00000000 	 0.00367201 	 0.48814335 	 0.00000000 	 0.00851138 	 0.00325333 	 0.02179733 	 0.00329400 	 154.79222140 	 114.16455000 	 60.57438267 	 1.78952443 	 0.00000000 	 23.86255950 	 0.00000000 	 0.20005110 	 0.07421667 	 0.01655142 	 2.44746014 	 3.87199533 	 11.80456298 	 305.34859972 	 54.26838600 	 71.75192477 	 0.76220022 	 7.46278586 	 1.47917046 	 4.32040474
2190 	 9.06772591 	 0.00000000 	 188.74572498 	 11.75003801 	 6.87569112 	 0.44268000 	 0.00480000 	 0.00000000 	 0.00000000 	 0.02742882 	 43.37116000 	 0.09844000 	 0.00000000 	 0.00361181 	 0.48014100 	 0.00000000 	 0.00837185 	 0.00320000 	 0.02144000 	 0.00324000 	 152.25464400 	 112.29300000 	 59.58136000 	 1.76018796 	 0.00000000 	 23.47137000 	 0.00000000 	 0.19677158 	 0.07300000 	 0.01628009 	 2.40733784 	 3.80852000 	 11.68100901 	 303.84966219 	 53.93333492 	 71.62651551 	 0.76220022 	 7.46278586 	 1.45977973 	 4.27320893
2191 	 8.91659714 	 0.00000000 	 188.46932942 	 11.73425433 	 6.77346882 	 0.43530200 	 0.00472000 	 0.00000000 	 0.00000000 	 0.02697168 	 42.64830733 	 0.09679933 	 0.00000000 	 0.00355161 	 0.47213865 	 0.00000000 	 0.00823232 	 0.00314667 	 0.02108267 	 0.00318600 	 149.71706660 	 110.42145000 	 58.58833733 	 1.73085149 	 0.00000000 	 23.08018050 	 0.00000000 	 0.19349205 	 0.07178333 	 0.01600875 	 2.36721554 	 3.74504467 	 11.55745504 	 302.35072466 	 53.59828383 	 71.50110625 	 0.76220022 	 7.46278586 	 1.44038901 	 4.22601312
2192 	 8.76546838 	 0.00000000 	 188.19293386 	 11.71847066 	 6.67124652 	 0.42792400 	 0.00464000 	 0.00000000 	 0.00000000 	 0.02651453 	 41.92545467 	 0.09515867 	 0.00000000 	 0.00349142 	 0.46413630 	 0.00000000 	 0.00809279 	 0.00309333 	 0.02072533 	 0.00313200 	 147.17948920 	 108.54990000 	 57.59531467 	 1.70151503 	 0.00000000 	 22.68899100 	 0.00000000 	 0.19021252 	 0.07056667 	 0.01573742 	 2.32709325 	 3.68156933 	 11.43390107 	 300.85178713 	 53.26323274 	 71.37569699 	 0.76220022 	 7.46278586 	 1.42099828 	 4.17881731
2193 	 8.61433961 	 0.00000000 	 187.91653829 	 11.70268698 	 6.56902422 	 0.42054600 	 0.00456000 	 0.00000000 	 0.00000000 	 0.02605738 	 41.20260200 	 0.09351800 	 0.00000000 	 0.00343122 	 0.45613395 	 0.00000000 	 0.00795326 	 0.00304000 	 0.02036800 	 0.00307800 	 144.64191180 	 106.67835000 	 56.60229200 	 1.67217856 	 0.00000000 	 22.29780150 	 0.00000000 	 0.18693300 	 0.06935000 	 0.01546608 	 2.28697095 	 3.61809400 	 11.31034709 	 299.35284960 	 52.92818166 	 71.25028773 	 0.76220022 	 7.46278586 	 1.40160755 	 4.13162150
2194 	 8.46321085 	 0.00000000 	 187.64014273 	 11.68690331 	 6.46680191 	 0.41316800 	 0.00448000 	 0.00000000 	 0.00000000 	 0.02560024 	 40.47974933 	 0.09187733 	 0.00000000 	 0.00337102 	 0.44813160 	 0.00000000 	 0.00781373 	 0.00298667 	 0.02001067 	 0.00302400 	 142.10433440 	 104.80680000 	 55.60926933 	 1.64284210 	 0.00000000 	 21.90661200 	 0.00000000 	 0.18365347 	 0.06813333 	 0.01519475 	 2.24684865 	 3.55461867 	 11.18679312 	 297.85391207 	 52.59313057 	 71.12487846 	 0.76220022 	 7.46278586 	 1.38221683 	 4.08442569
2195 	 8.31208208 	 0.00000000 	 187.36374717 	 11.67111963 	 6.36457961 	 0.40579000 	 0.00440000 	 0.00000000 	 0.00000000 	 0.02514309 	 39.75689667 	 0.09023667 	 0.00000000 	 0.00331083 	 0.44012925 	 0.00000000 	 0.00767420 	 0.00293333 	 0.01965333 	 0.00297000 	 139.56675700 	 102.93525000 	 54.61624667 	 1.61350563 	 0.00000000 	 21.51542250 	 0.00000000 	 0.18037394 	 0.06691667 	 0.01492341 	 2.20672635 	 3.49114333 	 11.06323915 	 296.35497453 	 52.25807948 	 70.99946920 	 0.76220022 	 7.46278586 	 1.36282610 	 4.03722987
2196 	 8.16095332 	 0.00000000 	 187.08735161 	 11.65533596 	 6.26235731 	 0.39841200 	 0.00432000 	 0.00000000 	 0.00000000 	 0.02468594 	 39.03404400 	 0.08859600 	 0.00000000 	 0.00325063 	 0.43212690 	 0.00000000 	 0.00753467 	 0.00288000 	 0.01929600 	 0.00291600 	 137.02917960 	 101.06370000 	 53.62322400 	 1.58416916 	 0.00000000 	 21.12423300 	 0.00000000 	 0.17709442 	 0.06570000 	 0.01465208 	 2.16660406 	 3.42766800 	 10.93968518 	 294.85603700 	 51.92302839 	 70.87405994 	 0.76220022 	 7.46278586 	 1.34343537 	 3.99003406
2197 	 8.00982455 	 0.00000000 	 186.81095604 	 11.63955228 	 6.16013501 	 0.39103400 	 0.00424000 	 0.00000000 	 0.00000000 	 0.02422879 	 38.31119133 	 0.08695533 	 0.00000000 	 0.00319043 	 0.42412455 	 0.00000000 	 0.00739514 	 0.00282667 	 0.01893867 	 0.00286200 	 134.49160220 	 99.19215000 	 52.63020133 	 1.55483270 	 0.00000000 	 20.73304350 	 0.00000000 	 0.17381489 	 0.06448333 	 0.01438074 	 2.12648176 	 3.36419267 	 10.81613121 	 293.35709947 	 51.58797731 	 70.74865068 	 0.76220022 	 7.46278586 	 1.32404465 	 3.94283825
2198 	 7.85869579 	 0.00000000 	 186.53456048 	 11.62376861 	 6.05791270 	 0.38365600 	 0.00416000 	 0.00000000 	 0.00000000 	 0.02377165 	 37.58833867 	 0.08531467 	 0.00000000 	 0.00313024 	 0.41612220 	 0.00000000 	 0.00725560 	 0.00277333 	 0.01858133 	 0.00280800 	 131.95402480 	 97.32060000 	 51.63717867 	 1.52549623 	 0.00000000 	 20.34185400 	 0.00000000 	 0.17053537 	 0.06326667 	 0.01410941 	 2.08635946 	 3.30071733 	 10.69257724 	 291.85816194 	 51.25292622 	 70.62324142 	 0.76220022 	 7.46278586 	 1.30465392 	 3.89564244
2199 	 7.70756702 	 0.00000000 	 186.25816492 	 11.60798493 	 5.95569040 	 0.37627800 	 0.00408000 	 0.00000000 	 0.00000000 	 0.02331450 	 36.86548600 	 0.08367400 	 0.00000000 	 0.00307004 	 0.40811985 	 0.00000000 	 0.00711607 	 0.00272000 	 0.01822400 	 0.00275400 	 129.41644740 	 95.44905000 	 50.64415600 	 1.49615977 	 0.00000000 	 19.95066450 	 0.00000000 	 0.16725584 	 0.06205000 	 0.01383807 	 2.04623716 	 3.23724200 	 10.56902327 	 290.35922441 	 50.91787513 	 70.49783216 	 0.76220022 	 7.46278586 	 1.28526319 	 3.84844663
2200 	 7.55643826 	 0.00000000 	 185.98176936 	 11.59220125 	 5.85346810 	 0.36890000 	 0.00400000 	 0.00000000 	 0.00000000 	 0.02285735 	 36.14263333 	 0.08203333 	 0.00000000 	 0.00300984 	 0.40011750 	 0.00000000 	 0.00697654 	 0.00266667 	 0.01786667 	 0.00270000 	 126.87887000 	 93.57750000 	 49.65113333 	 1.46682330 	 0.00000000 	 19.55947500 	 0.00000000 	 0.16397631 	 0.06083333 	 0.01356674 	 2.00611487 	 3.17376667 	 10.44546930 	 288.86028688 	 50.58282405 	 70.37242289 	 0.76220022 	 7.46278586 	 1.26587247 	 3.80125082
2201 	 7.40530949 	 0.00000000 	 185.70537379 	 11.57641758 	 5.75124580 	 0.36152200 	 0.00392000 	 0.00000000 	 0.00000000 	 0.02240021 	 35.41978067 	 0.08039267 	 0.00000000 	 0.00294965 	 0.39211515 	 0.00000000 	 0.00683701 	 0.00261333 	 0.01750933 	 0.00264600 	 124.34129260 	 91.70595000 	 48.65811067 	 1.43748683 	 0.00000000 	 19.16828550 	 0.00000000 	 0.16069679 	 0.05961667 	 0.01329540 	 1.96599257 	 3.11029133 	 10.32191533 	 287.36134935 	 50.24777296 	 70.24701363 	 0.76220022 	 7.46278586 	 1.24648174 	 3.75405500
2202 	 7.25418073 	 0.00000000 	 185.42897823 	 11.56063390 	 5.64902349 	 0.35414400 	 0.00384000 	 0.00000000 	 0.00000000 	 0.02194306 	 34.69692800 	 0.07875200 	 0.00000000 	 0.00288945 	 0.38411280 	 0.00000000 	 0.00669748 	 0.00256000 	 0.01715200 	 0.00259200 	 121.80371520 	 89.83440000 	 47.66508800 	 1.40815037 	 0.00000000 	 18.77709600 	 0.00000000 	 0.15741726 	 0.05840000 	 0.01302407 	 1.92587027 	 3.04681600 	 10.19836136 	 285.86241182 	 49.91272187 	 70.12160437 	 0.76220022 	 7.46278586 	 1.22709101 	 3.70685919
2203 	 7.10305196 	 0.00000000 	 185.15258267 	 11.54485023 	 5.54680119 	 0.34676600 	 0.00376000 	 0.00000000 	 0.00000000 	 0.02148591 	 33.97407533 	 0.07711133 	 0.00000000 	 0.00282925 	 0.37611045 	 0.00000000 	 0.00655795 	 0.00250667 	 0.01679467 	 0.00253800 	 119.26613780 	 87.96285000 	 46.67206533 	 1.37881390 	 0.00000000 	 18.38590650 	 0.00000000 	 0.15413773 	 0.05718333 	 0.01275274 	 1.88574797 	 2.98334067 	 10.07480739 	 284.36347428 	 49.57767079 	 69.99619511 	 0.76220022 	 7.46278586 	 1.20770029 	 3.65966338
2204 	 6.95192320 	 0.00000000 	 184.87618711 	 11.52906655 	 5.44457889 	 0.33938800 	 0.00368000 	 0.00000000 	 0.00000000 	 0.02102876 	 33.25122267 	 0.07547067 	 0.00000000 	 0.00276905 	 0.36810810 	 0.00000000 	 0.00641842 	 0.00245333 	 0.01643733 	 0.00248400 	 116.72856040 	 86.09130000 	 45.67904267 	 1.34947744 	 0.00000000 	 17.99471700 	 0.00000000 	 0.15085821 	 0.05596667 	 0.01248140 	 1.84562568 	 2.91986533 	 9.95125342 	 282.86453675 	 49.24261970 	 69.87078585 	 0.76220022 	 7.46278586 	 1.18830956 	 3.61246757
2205 	 6.80079443 	 0.00000000 	 184.59979154 	 11.51328288 	 5.34235658 	 0.33201000 	 0.00360000 	 0.00000000 	 0.00000000 	 0.02057162 	 32.52837000 	 0.07383000 	 0.00000000 	 0.00270886 	 0.36010575 	 0.00000000 	 0.00627889 	 0.00240000 	 0.01608000 	 0.00243000 	 114.19098300 	 84.21975000 	 44.68602000 	 1.32014097 	 0.00000000 	 17.60352750 	 0.00000000 	 0.14757868 	 0.05475000 	 0.01221007 	 1.80550338 	 2.85639000 	 9.82769945 	 281.36559922 	 48.90756861 	 69.74537659 	 0.76220022 	 7.46278586 	 1.16891883 	 3.56527176
2206 	 6.64966567 	 0.00000000 	 184.32339598 	 11.49749920 	 5.24013428 	 0.32463200 	 0.00352000 	 0.00000000 	 0.00000000 	 0.02011447 	 31.80551733 	 0.07218933 	 0.00000000 	 0.00264866 	 0.35210340 	 0.00000000 	 0.00613936 	 0.00234667 	 0.01572267 	 0.00237600 	 111.65340560 	 82.34820000 	 43.69299733 	 1.29080450 	 0.00000000 	 17.21233800 	 0.00000000 	 0.14429916 	 0.05353333 	 0.01193873 	 1.76538108 	 2.79291467 	 9.70414547 	 279.86666169 	 48.57251753 	 69.61996733 	 0.76220022 	 7.46278586 	 1.14952810 	 3.51807594
2207 	 6.49853690 	 0.00000000 	 184.04700042 	 11.48171553 	 5.13791198 	 0.31725400 	 0.00344000 	 0.00000000 	 0.00000000 	 0.01965732 	 31.08266467 	 0.07054867 	 0.00000000 	 0.00258846 	 0.34410105 	 0.00000000 	 0.00599983 	 0.00229333 	 0.01536533 	 0.00232200 	 109.11582820 	 80.47665000 	 42.69997467 	 1.26146804 	 0.00000000 	 16.82114850 	 0.00000000 	 0.14101963 	 0.05231667 	 0.01166740 	 1.72525879 	 2.72943933 	 9.58059150 	 278.36772416 	 48.23746644 	 69.49455806 	 0.76220022 	 7.46278586 	 1.13013738 	 3.47088013
2208 	 6.34740814 	 0.00000000 	 183.77060486 	 11.46593185 	 5.03568968 	 0.30987600 	 0.00336000 	 0.00000000 	 0.00000000 	 0.01920018 	 30.35981200 	 0.06890800 	 0.00000000 	 0.00252827 	 0.33609870 	 0.00000000 	 0.00586030 	 0.00224000 	 0.01500800 	 0.00226800 	 106.57825080 	 78.60510000 	 41.70695200 	 1.23213157 	 0.00000000 	 16.42995900 	 0.00000000 	 0.13774010 	 0.05110000 	 0.01139606 	 1.68513649 	 2.66596400 	 9.45703753 	 276.86878663 	 47.90241535 	 69.36914880 	 0.76220022 	 7.46278586 	 1.11074665 	 3.42368432
2209 	 6.19627937 	 0.00000000 	 183.49420929 	 11.45014818 	 4.93346737 	 0.30249800 	 0.00328000 	 0.00000000 	 0.00000000 	 0.01874303 	 29.63695933 	 0.06726733 	 0.00000000 	 0.00246807 	 0.32809635 	 0.00000000 	 0.00572076 	 0.00218667 	 0.01465067 	 0.00221400 	 104.04067340 	 76.73355000 	 40.71392933 	 1.20279511 	 0.00000000 	 16.03876950 	 0.00000000 	 0.13446058 	 0.04988333 	 0.01112473 	 1.64501419 	 2.60248867 	 9.33348356 	 275.36984910 	 47.56736427 	 69.24373954 	 0.76220022 	 7.46278586 	 1.09135592 	 3.37648851
2210 	 6.04515061 	 0.00000000 	 183.21781373 	 11.43436450 	 4.83124507 	 0.29512000 	 0.00320000 	 0.00000000 	 0.00000000 	 0.01828588 	 28.91410667 	 0.06562667 	 0.00000000 	 0.00240787 	 0.32009400 	 0.00000000 	 0.00558123 	 0.00213333 	 0.01429333 	 0.00216000 	 101.50309600 	 74.86200000 	 39.72090667 	 1.17345864 	 0.00000000 	 15.64758000 	 0.00000000 	 0.13118105 	 0.04866667 	 0.01085339 	 1.60489189 	 2.53901333 	 9.20992959 	 273.87091157 	 47.23231318 	 69.11833028 	 0.76220022 	 7.46278586 	 1.07196520 	 3.32929270
2211 	 5.89402184 	 0.00000000 	 182.94141817 	 11.41858083 	 4.72902277 	 0.28774200 	 0.00312000 	 0.00000000 	 0.00000000 	 0.01782874 	 28.19125400 	 0.06398600 	 0.00000000 	 0.00234768 	 0.31209165 	 0.00000000 	 0.00544170 	 0.00208000 	 0.01393600 	 0.00210600 	 98.96551860 	 72.99045000 	 38.72788400 	 1.14412217 	 0.00000000 	 15.25639050 	 0.00000000 	 0.12790152 	 0.04745000 	 0.01058206 	 1.56476960 	 2.47553800 	 9.08637562 	 272.37197403 	 46.89726209 	 68.99292102 	 0.76220022 	 7.46278586 	 1.05257447 	 3.28209689
2212 	 5.74289307 	 0.00000000 	 182.66502260 	 11.40279715 	 4.62680047 	 0.28036400 	 0.00304000 	 0.00000000 	 0.00000000 	 0.01737159 	 27.46840133 	 0.06234533 	 0.00000000 	 0.00228748 	 0.30408930 	 0.00000000 	 0.00530217 	 0.00202667 	 0.01357867 	 0.00205200 	 96.42794120 	 71.11890000 	 37.73486133 	 1.11478571 	 0.00000000 	 14.86520100 	 0.00000000 	 0.12462200 	 0.04623333 	 0.01031072 	 1.52464730 	 2.41206267 	 8.96282165 	 270.87303650 	 46.56221100 	 68.86751176 	 0.76220022 	 7.46278586 	 1.03318374 	 3.23490107
2213 	 5.59176431 	 0.00000000 	 182.38862704 	 11.38701347 	 4.52457816 	 0.27298600 	 0.00296000 	 0.00000000 	 0.00000000 	 0.01691444 	 26.74554867 	 0.06070467 	 0.00000000 	 0.00222728 	 0.29608695 	 0.00000000 	 0.00516264 	 0.00197333 	 0.01322133 	 0.00199800 	 93.89036380 	 69.24735000 	 36.74183867 	 1.08544924 	 0.00000000 	 14.47401150 	 0.00000000 	 0.12134247 	 0.04501667 	 0.01003939 	 1.48452500 	 2.34858733 	 8.83926768 	 269.37409897 	 46.22715992 	 68.74210249 	 0.76220022 	 7.46278586 	 1.01379302 	 3.18770526
2214 	 5.44063554 	 0.00000000 	 182.11223148 	 11.37122980 	 4.42235586 	 0.26560800 	 0.00288000 	 0.00000000 	 0.00000000 	 0.01645729 	 26.02269600 	 0.05906400 	 0.00000000 	 0.00216709 	 0.28808460 	 0.00000000 	 0.00502311 	 0.00192000 	 0.01286400 	 0.00194400 	 91.35278640 	 67.37580000 	 35.74881600 	 1.05611278 	 0.00000000 	 14.08282200 	 0.00000000 	 0.11806295 	 0.04380000 	 0.00976805 	 1.44440270 	 2.28511200 	 8.71571371 	 267.87516144 	 45.89210883 	 68.61669323 	 0.76220022 	 7.46278586 	 0.99440229 	 3.14050945
2215 	 5.28950678 	 0.00000000 	 181.83583592 	 11.35544612 	 4.32013356 	 0.25823000 	 0.00280000 	 0.00000000 	 0.00000000 	 0.01600015 	 25.29984333 	 0.05742333 	 0.00000000 	 0.00210689 	 0.28008225 	 0.00000000 	 0.00488358 	 0.00186667 	 0.01250667 	 0.00189000 	 88.81520900 	 65.50425000 	 34.75579333 	 1.02677631 	 0.00000000 	 13.69163250 	 0.00000000 	 0.11478342 	 0.04258333 	 0.00949672 	 1.40428041 	 2.22163667 	 8.59215974 	 266.37622391 	 45.55705774 	 68.49128397 	 0.76220022 	 7.46278586 	 0.97501156 	 3.09331364
2216 	 5.13837801 	 0.00000000 	 181.55944035 	 11.33966245 	 4.21791126 	 0.25085200 	 0.00272000 	 0.00000000 	 0.00000000 	 0.01554300 	 24.57699067 	 0.05578267 	 0.00000000 	 0.00204669 	 0.27207990 	 0.00000000 	 0.00474405 	 0.00181333 	 0.01214933 	 0.00183600 	 86.27763160 	 63.63270000 	 33.76277067 	 0.99743984 	 0.00000000 	 13.30044300 	 0.00000000 	 0.11150389 	 0.04136667 	 0.00922538 	 1.36415811 	 2.15816133 	 8.46860577 	 264.87728638 	 45.22200666 	 68.36587471 	 0.76220022 	 7.46278586 	 0.95562084 	 3.04611783
2217 	 4.98724925 	 0.00000000 	 181.28304479 	 11.32387877 	 4.11568895 	 0.24347400 	 0.00264000 	 0.00000000 	 0.00000000 	 0.01508585 	 23.85413800 	 0.05414200 	 0.00000000 	 0.00198650 	 0.26407755 	 0.00000000 	 0.00460452 	 0.00176000 	 0.01179200 	 0.00178200 	 83.74005420 	 61.76115000 	 32.76974800 	 0.96810338 	 0.00000000 	 12.90925350 	 0.00000000 	 0.10822437 	 0.04015000 	 0.00895405 	 1.32403581 	 2.09468600 	 8.34505180 	 263.37834885 	 44.88695557 	 68.24046545 	 0.76220022 	 7.46278586 	 0.93623011 	 2.99892201
2218 	 4.83612048 	 0.00000000 	 181.00664923 	 11.30809510 	 4.01346665 	 0.23609600 	 0.00256000 	 0.00000000 	 0.00000000 	 0.01462871 	 23.13128533 	 0.05250133 	 0.00000000 	 0.00192630 	 0.25607520 	 0.00000000 	 0.00446499 	 0.00170667 	 0.01143467 	 0.00172800 	 81.20247680 	 59.88960000 	 31.77672533 	 0.93876691 	 0.00000000 	 12.51806400 	 0.00000000 	 0.10494484 	 0.03893333 	 0.00868271 	 1.28391351 	 2.03121067 	 8.22149783 	 261.87941132 	 44.55190448 	 68.11505619 	 0.76220022 	 7.46278586 	 0.91683938 	 2.95172620
2219 	 4.68499172 	 0.00000000 	 180.73025367 	 11.29231142 	 3.91124435 	 0.22871800 	 0.00248000 	 0.00000000 	 0.00000000 	 0.01417156 	 22.40843267 	 0.05086067 	 0.00000000 	 0.00186610 	 0.24807285 	 0.00000000 	 0.00432546 	 0.00165333 	 0.01107733 	 0.00167400 	 78.66489940 	 58.01805000 	 30.78370267 	 0.90943045 	 0.00000000 	 12.12687450 	 0.00000000 	 0.10166531 	 0.03771667 	 0.00841138 	 1.24379122 	 1.96773533 	 8.09794385 	 260.38047379 	 44.21685340 	 67.98964693 	 0.76220022 	 7.46278586 	 0.89744866 	 2.90453039
2220 	 4.53386295 	 0.00000000 	 180.45385810 	 11.27652775 	 3.80902204 	 0.22134000 	 0.00240000 	 0.00000000 	 0.00000000 	 0.01371441 	 21.68558000 	 0.04922000 	 0.00000000 	 0.00180591 	 0.24007050 	 0.00000000 	 0.00418593 	 0.00160000 	 0.01072000 	 0.00162000 	 76.12732200 	 56.14650000 	 29.79068000 	 0.88009398 	 0.00000000 	 11.73568500 	 0.00000000 	 0.09838579 	 0.03650000 	 0.00814004 	 1.20366892 	 1.90426000 	 7.97438988 	 258.88153625 	 43.88180231 	 67.86423766 	 0.76220022 	 7.46278586 	 0.87805793 	 2.85733458
2221 	 4.38273419 	 0.00000000 	 180.17746254 	 11.26074407 	 3.70679974 	 0.21396200 	 0.00232000 	 0.00000000 	 0.00000000 	 0.01325726 	 20.96272733 	 0.04757933 	 0.00000000 	 0.00174571 	 0.23206815 	 0.00000000 	 0.00404639 	 0.00154667 	 0.01036267 	 0.00156600 	 73.58974460 	 54.27495000 	 28.79765733 	 0.85075751 	 0.00000000 	 11.34449550 	 0.00000000 	 0.09510626 	 0.03528333 	 0.00786871 	 1.16354662 	 1.84078467 	 7.85083591 	 257.38259872 	 43.54675122 	 67.73882840 	 0.76220022 	 7.46278586 	 0.85866720 	 2.81013877
2222 	 4.23160542 	 0.00000000 	 179.90106698 	 11.24496040 	 3.60457744 	 0.20658400 	 0.00224000 	 0.00000000 	 0.00000000 	 0.01280012 	 20.23987467 	 0.04593867 	 0.00000000 	 0.00168551 	 0.22406580 	 0.00000000 	 0.00390686 	 0.00149333 	 0.01000533 	 0.00151200 	 71.05216720 	 52.40340000 	 27.80463467 	 0.82142105 	 0.00000000 	 10.95330600 	 0.00000000 	 0.09182674 	 0.03406667 	 0.00759737 	 1.12342433 	 1.77730933 	 7.72728194 	 255.88366119 	 43.21170014 	 67.61341914 	 0.76220022 	 7.46278586 	 0.83927648 	 2.76294296
2223 	 4.08047666 	 0.00000000 	 179.62467142 	 11.22917672 	 3.50235514 	 0.19920600 	 0.00216000 	 0.00000000 	 0.00000000 	 0.01234297 	 19.51702200 	 0.04429800 	 0.00000000 	 0.00162531 	 0.21606345 	 0.00000000 	 0.00376733 	 0.00144000 	 0.00964800 	 0.00145800 	 68.51458980 	 50.53185000 	 26.81161200 	 0.79208458 	 0.00000000 	 10.56211650 	 0.00000000 	 0.08854721 	 0.03285000 	 0.00732604 	 1.08330203 	 1.71383400 	 7.60372797 	 254.38472366 	 42.87664905 	 67.48800988 	 0.76220022 	 7.46278586 	 0.81988575 	 2.71574714
2224 	 3.92934789 	 0.00000000 	 179.34827585 	 11.21339304 	 3.40013283 	 0.19182800 	 0.00208000 	 0.00000000 	 0.00000000 	 0.01188582 	 18.79416933 	 0.04265733 	 0.00000000 	 0.00156512 	 0.20806110 	 0.00000000 	 0.00362780 	 0.00138667 	 0.00929067 	 0.00140400 	 65.97701240 	 48.66030000 	 25.81858933 	 0.76274812 	 0.00000000 	 10.17092700 	 0.00000000 	 0.08526768 	 0.03163333 	 0.00705470 	 1.04317973 	 1.65035867 	 7.48017400 	 252.88578613 	 42.54159796 	 67.36260062 	 0.76220022 	 7.46278586 	 0.80049502 	 2.66855133
2225 	 3.77821913 	 0.00000000 	 179.07188029 	 11.19760937 	 3.29791053 	 0.18445000 	 0.00200000 	 0.00000000 	 0.00000000 	 0.01142868 	 18.07131667 	 0.04101667 	 0.00000000 	 0.00150492 	 0.20005875 	 0.00000000 	 0.00348827 	 0.00133333 	 0.00893333 	 0.00135000 	 63.43943500 	 46.78875000 	 24.82556667 	 0.73341165 	 0.00000000 	 9.77973750 	 0.00000000 	 0.08198816 	 0.03041667 	 0.00678337 	 1.00305743 	 1.58688333 	 7.35662003 	 251.38684860 	 42.20654687 	 67.23719136 	 0.76220022 	 7.46278586 	 0.78110430 	 2.62135552
2226 	 3.62709036 	 0.00000000 	 178.79548473 	 11.18182569 	 3.19568823 	 0.17707200 	 0.00192000 	 0.00000000 	 0.00000000 	 0.01097153 	 17.34846400 	 0.03937600 	 0.00000000 	 0.00144472 	 0.19205640 	 0.00000000 	 0.00334874 	 0.00128000 	 0.00857600 	 0.00129600 	 60.90185760 	 44.91720000 	 23.83254400 	 0.70407518 	 0.00000000 	 9.38854800 	 0.00000000 	 0.07870863 	 0.02920000 	 0.00651204 	 0.96293514 	 1.52340800 	 7.23306606 	 249.88791107 	 41.87149579 	 67.11178209 	 0.76220022 	 7.46278586 	 0.76171357 	 2.57415971
2227 	 3.47596160 	 0.00000000 	 178.51908917 	 11.16604202 	 3.09346593 	 0.16969400 	 0.00184000 	 0.00000000 	 0.00000000 	 0.01051438 	 16.62561133 	 0.03773533 	 0.00000000 	 0.00138453 	 0.18405405 	 0.00000000 	 0.00320921 	 0.00122667 	 0.00821867 	 0.00124200 	 58.36428020 	 43.04565000 	 22.83952133 	 0.67473872 	 0.00000000 	 8.99735850 	 0.00000000 	 0.07542910 	 0.02798333 	 0.00624070 	 0.92281284 	 1.45993267 	 7.10951209 	 248.38897354 	 41.53644470 	 66.98637283 	 0.76220022 	 7.46278586 	 0.74232284 	 2.52696390
2228 	 3.32483283 	 0.00000000 	 178.24269360 	 11.15025834 	 2.99124362 	 0.16231600 	 0.00176000 	 0.00000000 	 0.00000000 	 0.01005724 	 15.90275867 	 0.03609467 	 0.00000000 	 0.00132433 	 0.17605170 	 0.00000000 	 0.00306968 	 0.00117333 	 0.00786133 	 0.00118800 	 55.82670280 	 41.17410000 	 21.84649867 	 0.64540225 	 0.00000000 	 8.60616900 	 0.00000000 	 0.07214958 	 0.02676667 	 0.00596937 	 0.88269054 	 1.39645733 	 6.98595812 	 246.89003600 	 41.20139361 	 66.86096357 	 0.76220022 	 7.46278586 	 0.72293212 	 2.47976809
2229 	 3.17370407 	 0.00000000 	 177.96629804 	 11.13447467 	 2.88902132 	 0.15493800 	 0.00168000 	 0.00000000 	 0.00000000 	 0.00960009 	 15.17990600 	 0.03445400 	 0.00000000 	 0.00126413 	 0.16804935 	 0.00000000 	 0.00293015 	 0.00112000 	 0.00750400 	 0.00113400 	 53.28912540 	 39.30255000 	 20.85347600 	 0.61606579 	 0.00000000 	 8.21497950 	 0.00000000 	 0.06887005 	 0.02555000 	 0.00569803 	 0.84256824 	 1.33298200 	 6.86240415 	 245.39109847 	 40.86634253 	 66.73555431 	 0.76220022 	 7.46278586 	 0.70354139 	 2.43257227
2230 	 3.02257530 	 0.00000000 	 177.68990248 	 11.11869099 	 2.78679902 	 0.14756000 	 0.00160000 	 0.00000000 	 0.00000000 	 0.00914294 	 14.45705333 	 0.03281333 	 0.00000000 	 0.00120394 	 0.16004700 	 0.00000000 	 0.00279062 	 0.00106667 	 0.00714667 	 0.00108000 	 50.75154800 	 37.43100000 	 19.86045333 	 0.58672932 	 0.00000000 	 7.82379000 	 0.00000000 	 0.06559053 	 0.02433333 	 0.00542670 	 0.80244595 	 1.26950667 	 6.73885018 	 243.89216094 	 40.53129144 	 66.61014505 	 0.76220022 	 7.46278586 	 0.68415066 	 2.38537646
2231 	 2.87144654 	 0.00000000 	 177.41350691 	 11.10290732 	 2.68457672 	 0.14018200 	 0.00152000 	 0.00000000 	 0.00000000 	 0.00868579 	 13.73420067 	 0.03117267 	 0.00000000 	 0.00114374 	 0.15204465 	 0.00000000 	 0.00265109 	 0.00101333 	 0.00678933 	 0.00102600 	 48.21397060 	 35.55945000 	 18.86743067 	 0.55739285 	 0.00000000 	 7.43260050 	 0.00000000 	 0.06231100 	 0.02311667 	 0.00515536 	 0.76232365 	 1.20603133 	 6.61529621 	 242.39322341 	 40.19624035 	 66.48473579 	 0.76220022 	 7.46278586 	 0.66475993 	 2.33818065
2232 	 2.72031777 	 0.00000000 	 177.13711135 	 11.08712364 	 2.58235441 	 0.13280400 	 0.00144000 	 0.00000000 	 0.00000000 	 0.00822865 	 13.01134800 	 0.02953200 	 0.00000000 	 0.00108354 	 0.14404230 	 0.00000000 	 0.00251156 	 0.00096000 	 0.00643200 	 0.00097200 	 45.67639320 	 33.68790000 	 17.87440800 	 0.52805639 	 0.00000000 	 7.04141100 	 0.00000000 	 0.05903147 	 0.02190000 	 0.00488403 	 0.72220135 	 1.14255600 	 6.49174223 	 240.89428588 	 39.86118927 	 66.35932653 	 0.76220022 	 7.46278586 	 0.64536921 	 2.29098484
2233 	 2.56918901 	 0.00000000 	 176.86071579 	 11.07133997 	 2.48013211 	 0.12542600 	 0.00136000 	 0.00000000 	 0.00000000 	 0.00777150 	 12.28849533 	 0.02789133 	 0.00000000 	 0.00102335 	 0.13603995 	 0.00000000 	 0.00237202 	 0.00090667 	 0.00607467 	 0.00091800 	 43.13881580 	 31.81635000 	 16.88138533 	 0.49871992 	 0.00000000 	 6.65022150 	 0.00000000 	 0.05575195 	 0.02068333 	 0.00461269 	 0.68207905 	 1.07908067 	 6.36818826 	 239.39534835 	 39.52613818 	 66.23391726 	 0.76220022 	 7.46278586 	 0.62597848 	 2.24378903
2234 	 2.41806024 	 0.00000000 	 176.58432023 	 11.05555629 	 2.37790981 	 0.11804800 	 0.00128000 	 0.00000000 	 0.00000000 	 0.00731435 	 11.56564267 	 0.02625067 	 0.00000000 	 0.00096315 	 0.12803760 	 0.00000000 	 0.00223249 	 0.00085333 	 0.00571733 	 0.00086400 	 40.60123840 	 29.94480000 	 15.88836267 	 0.46938346 	 0.00000000 	 6.25903200 	 0.00000000 	 0.05247242 	 0.01946667 	 0.00434136 	 0.64195676 	 1.01560533 	 6.24463429 	 237.89641082 	 39.19108709 	 66.10850800 	 0.76220022 	 7.46278586 	 0.60658775 	 2.19659321
2235 	 2.26693148 	 0.00000000 	 176.30792466 	 11.03977262 	 2.27568751 	 0.11067000 	 0.00120000 	 0.00000000 	 0.00000000 	 0.00685721 	 10.84279000 	 0.02461000 	 0.00000000 	 0.00090295 	 0.12003525 	 0.00000000 	 0.00209296 	 0.00080000 	 0.00536000 	 0.00081000 	 38.06366100 	 28.07325000 	 14.89534000 	 0.44004699 	 0.00000000 	 5.86784250 	 0.00000000 	 0.04919289 	 0.01825000 	 0.00407002 	 0.60183446 	 0.95213000 	 6.12108032 	 236.39747329 	 38.85603601 	 65.98309874 	 0.76220022 	 7.46278586 	 0.58719703 	 2.14939740
2236 	 2.11580271 	 0.00000000 	 176.03152910 	 11.02398894 	 2.17346520 	 0.10329200 	 0.00112000 	 0.00000000 	 0.00000000 	 0.00640006 	 10.11993733 	 0.02296933 	 0.00000000 	 0.00084276 	 0.11203290 	 0.00000000 	 0.00195343 	 0.00074667 	 0.00500267 	 0.00075600 	 35.52608360 	 26.20170000 	 13.90231733 	 0.41071052 	 0.00000000 	 5.47665300 	 0.00000000 	 0.04591337 	 0.01703333 	 0.00379869 	 0.56171216 	 0.88865467 	 5.99752635 	 234.89853575 	 38.52098492 	 65.85768948 	 0.76220022 	 7.46278586 	 0.56780630 	 2.10220159
2237 	 1.96467395 	 0.00000000 	 175.75513354 	 11.00820526 	 2.07124290 	 0.09591400 	 0.00104000 	 0.00000000 	 0.00000000 	 0.00594291 	 9.39708467 	 0.02132867 	 0.00000000 	 0.00078256 	 0.10403055 	 0.00000000 	 0.00181390 	 0.00069333 	 0.00464533 	 0.00070200 	 32.98850620 	 24.33015000 	 12.90929467 	 0.38137406 	 0.00000000 	 5.08546350 	 0.00000000 	 0.04263384 	 0.01581667 	 0.00352735 	 0.52158987 	 0.82517933 	 5.87397238 	 233.39959822 	 38.18593383 	 65.73228022 	 0.76220022 	 7.46278586 	 0.54841557 	 2.05500578
2238 	 1.81354518 	 0.00000000 	 175.47873798 	 10.99242159 	 1.96902060 	 0.08853600 	 0.00096000 	 0.00000000 	 0.00000000 	 0.00548576 	 8.67423200 	 0.01968800 	 0.00000000 	 0.00072236 	 0.09602820 	 0.00000000 	 0.00167437 	 0.00064000 	 0.00428800 	 0.00064800 	 30.45092880 	 22.45860000 	 11.91627200 	 0.35203759 	 0.00000000 	 4.69427400 	 0.00000000 	 0.03935432 	 0.01460000 	 0.00325602 	 0.48146757 	 0.76170400 	 5.75041841 	 231.90066069 	 37.85088274 	 65.60687096 	 0.76220022 	 7.46278586 	 0.52902485 	 2.00780997
2239 	 1.66241642 	 0.00000000 	 175.20234241 	 10.97663791 	 1.86679829 	 0.08115800 	 0.00088000 	 0.00000000 	 0.00000000 	 0.00502862 	 7.95137933 	 0.01804733 	 0.00000000 	 0.00066217 	 0.08802585 	 0.00000000 	 0.00153484 	 0.00058667 	 0.00393067 	 0.00059400 	 27.91335140 	 20.58705000 	 10.92324933 	 0.32270113 	 0.00000000 	 4.30308450 	 0.00000000 	 0.03607479 	 0.01338333 	 0.00298468 	 0.44134527 	 0.69822867 	 5.62686444 	 230.40172316 	 37.51583166 	 65.48146169 	 0.76220022 	 7.46278586 	 0.50963412 	 1.96061416
2240 	 1.51128765 	 0.00000000 	 174.92594685 	 10.96085424 	 1.76457599 	 0.07378000 	 0.00080000 	 0.00000000 	 0.00000000 	 0.00457147 	 7.22852667 	 0.01640667 	 0.00000000 	 0.00060197 	 0.08002350 	 0.00000000 	 0.00139531 	 0.00053333 	 0.00357333 	 0.00054000 	 25.37577400 	 18.71550000 	 9.93022667 	 0.29336466 	 0.00000000 	 3.91189500 	 0.00000000 	 0.03279526 	 0.01216667 	 0.00271335 	 0.40122297 	 0.63475333 	 5.50331047 	 228.90278563 	 37.18078057 	 65.35605243 	 0.76220022 	 7.46278586 	 0.49024339 	 1.91341834
2241 	 1.36015889 	 0.00000000 	 174.64955129 	 10.94507056 	 1.66235369 	 0.06640200 	 0.00072000 	 0.00000000 	 0.00000000 	 0.00411432 	 6.50567400 	 0.01476600 	 0.00000000 	 0.00054177 	 0.07202115 	 0.00000000 	 0.00125578 	 0.00048000 	 0.00321600 	 0.00048600 	 22.83819660 	 16.84395000 	 8.93720400 	 0.26402819 	 0.00000000 	 3.52070550 	 0.00000000 	 0.02951574 	 0.01095000 	 0.00244201 	 0.36110068 	 0.57127800 	 5.37975650 	 227.40384810 	 36.84572948 	 65.23064317 	 0.76220022 	 7.46278586 	 0.47085267 	 1.86622253
2242 	 1.20903012 	 0.00000000 	 174.37315573 	 10.92928689 	 1.56013139 	 0.05902400 	 0.00064000 	 0.00000000 	 0.00000000 	 0.00365718 	 5.78282133 	 0.01312533 	 0.00000000 	 0.00048157 	 0.06401880 	 0.00000000 	 0.00111625 	 0.00042667 	 0.00285867 	 0.00043200 	 20.30061920 	 14.97240000 	 7.94418133 	 0.23469173 	 0.00000000 	 3.12951600 	 0.00000000 	 0.02623621 	 0.00973333 	 0.00217068 	 0.32097838 	 0.50780267 	 5.25620253 	 225.90491057 	 36.51067840 	 65.10523391 	 0.76220022 	 7.46278586 	 0.45146194 	 1.81902672
2243 	 1.05790136 	 0.00000000 	 174.09676016 	 10.91350321 	 1.45790908 	 0.05164600 	 0.00056000 	 0.00000000 	 0.00000000 	 0.00320003 	 5.05996867 	 0.01148467 	 0.00000000 	 0.00042138 	 0.05601645 	 0.00000000 	 0.00097672 	 0.00037333 	 0.00250133 	 0.00037800 	 17.76304180 	 13.10085000 	 6.95115867 	 0.20535526 	 0.00000000 	 2.73832650 	 0.00000000 	 0.02295668 	 0.00851667 	 0.00189934 	 0.28085608 	 0.44432733 	 5.13264856 	 224.40597304 	 36.17562731 	 64.97982465 	 0.76220022 	 7.46278586 	 0.43207121 	 1.77183091
2244 	 0.90677259 	 0.00000000 	 173.82036460 	 10.89771954 	 1.35568678 	 0.04426800 	 0.00048000 	 0.00000000 	 0.00000000 	 0.00274288 	 4.33711600 	 0.00984400 	 0.00000000 	 0.00036118 	 0.04801410 	 0.00000000 	 0.00083719 	 0.00032000 	 0.00214400 	 0.00032400 	 15.22546440 	 11.22930000 	 5.95813600 	 0.17601880 	 0.00000000 	 2.34713700 	 0.00000000 	 0.01967716 	 0.00730000 	 0.00162801 	 0.24073378 	 0.38085200 	 5.00909459 	 222.90703550 	 35.84057622 	 64.85441539 	 0.76220022 	 7.46278586 	 0.41268049 	 1.72463510
2245 	 0.75564383 	 0.00000000 	 173.54396904 	 10.88193586 	 1.25346448 	 0.03689000 	 0.00040000 	 0.00000000 	 0.00000000 	 0.00228574 	 3.61426333 	 0.00820333 	 0.00000000 	 0.00030098 	 0.04001175 	 0.00000000 	 0.00069765 	 0.00026667 	 0.00178667 	 0.00027000 	 12.68788700 	 9.35775000 	 4.96511333 	 0.14668233 	 0.00000000 	 1.95594750 	 0.00000000 	 0.01639763 	 0.00608333 	 0.00135667 	 0.20061149 	 0.31737667 	 4.88554061 	 221.40809797 	 35.50552514 	 64.72900613 	 0.76220022 	 7.46278586 	 0.39328976 	 1.67743929
2246 	 0.60451506 	 0.00000000 	 173.26757347 	 10.86615219 	 1.15124218 	 0.02951200 	 0.00032000 	 0.00000000 	 0.00000000 	 0.00182859 	 2.89141067 	 0.00656267 	 0.00000000 	 0.00024079 	 0.03200940 	 0.00000000 	 0.00055812 	 0.00021333 	 0.00142933 	 0.00021600 	 10.15030960 	 7.48620000 	 3.97209067 	 0.11734586 	 0.00000000 	 1.56475800 	 0.00000000 	 0.01311811 	 0.00486667 	 0.00108534 	 0.16048919 	 0.25390133 	 4.76198664 	 219.90916044 	 35.17047405 	 64.60359686 	 0.76220022 	 7.46278586 	 0.37389903 	 1.63024347
2247 	 0.45338630 	 0.00000000 	 172.99117791 	 10.85036851 	 1.04901987 	 0.02213400 	 0.00024000 	 0.00000000 	 0.00000000 	 0.00137144 	 2.16855800 	 0.00492200 	 0.00000000 	 0.00018059 	 0.02400705 	 0.00000000 	 0.00041859 	 0.00016000 	 0.00107200 	 0.00016200 	 7.61273220 	 5.61465000 	 2.97906800 	 0.08800940 	 0.00000000 	 1.17356850 	 0.00000000 	 0.00983858 	 0.00365000 	 0.00081400 	 0.12036689 	 0.19042600 	 4.63843267 	 218.41022291 	 34.83542296 	 64.47818760 	 0.76220022 	 7.46278586 	 0.35450831 	 1.58304766
2248 	 0.30225753 	 0.00000000 	 172.71478235 	 10.83458484 	 0.94679757 	 0.01475600 	 0.00016000 	 0.00000000 	 0.00000000 	 0.00091429 	 1.44570533 	 0.00328133 	 0.00000000 	 0.00012039 	 0.01600470 	 0.00000000 	 0.00027906 	 0.00010667 	 0.00071467 	 0.00010800 	 5.07515480 	 3.74310000 	 1.98604533 	 0.05867293 	 0.00000000 	 0.78237900 	 0.00000000 	 0.00655905 	 0.00243333 	 0.00054267 	 0.08024459 	 0.12695067 	 4.51487870 	 216.91128538 	 34.50037188 	 64.35277834 	 0.76220022 	 7.46278586 	 0.33511758 	 1.53585185
2249 	 0.15112877 	 0.00000000 	 172.43838679 	 10.81880116 	 0.84457527 	 0.00737800 	 0.00008000 	 0.00000000 	 0.00000000 	 0.00045715 	 0.72285267 	 0.00164067 	 0.00000000 	 0.00006020 	 0.00800235 	 0.00000000 	 0.00013953 	 0.00005333 	 0.00035733 	 0.00005400 	 2.53757740 	 1.87155000 	 0.99302267 	 0.02933647 	 0.00000000 	 0.39118950 	 0.00000000 	 0.00327953 	 0.00121667 	 0.00027133 	 0.04012230 	 0.06347533 	 4.39132473 	 215.41234785 	 34.16532079 	 64.22736908 	 0.76220022 	 7.46278586 	 0.31572685 	 1.48865604
2250 	 0.00000000 	 0.00000000 	 172.16199122 	 10.80301748 	 0.74235297 	 0.00000000 	 0.00000000 	 0.00000000 	 0.00000000 	 0.00000000 	 0.00000000 	 0.00000000 	 0.00000000 	 0.00000000 	 0.00000000 	 0.00000000 	 0.00000000 	 0.00000000 	 0.00000000 	 0.00000000 	 0.00000000 	 0.00000000 	 0.00000000 	 0.00000000 	 0.00000000 	 0.00000000 	 0.00000000 	 0.00000000 	 0.00000000 	 0.00000000 	 0.00000000 	 0.00000000 	 4.26777076 	 213.91341032 	 33.83026970 	 64.10195982 	 0.76220022 	 7.46278586 	 0.29633613 	 1.44146023
2251 	 0.00000000 	 0.00000000 	 172.16199122 	 10.80301748 	 0.74235297 	 0.00000000 	 0.00000000 	 0.00000000 	 0.00000000 	 0.00000000 	 0.00000000 	 0.00000000 	 0.00000000 	 0.00000000 	 0.00000000 	 0.00000000 	 0.00000000 	 0.00000000 	 0.00000000 	 0.00000000 	 0.00000000 	 0.00000000 	 0.00000000 	 0.00000000 	 0.00000000 	 0.00000000 	 0.00000000 	 0.00000000 	 0.00000000 	 0.00000000 	 0.00000000 	 0.00000000 	 4.26777076 	 213.91341032 	 33.83026970 	 64.10195982 	 0.76220022 	 7.46278586 	 0.29633613 	 1.44146023
2252 	 0.00000000 	 0.00000000 	 172.16199122 	 10.80301748 	 0.74235297 	 0.00000000 	 0.00000000 	 0.00000000 	 0.00000000 	 0.00000000 	 0.00000000 	 0.00000000 	 0.00000000 	 0.00000000 	 0.00000000 	 0.00000000 	 0.00000000 	 0.00000000 	 0.00000000 	 0.00000000 	 0.00000000 	 0.00000000 	 0.00000000 	 0.00000000 	 0.00000000 	 0.00000000 	 0.00000000 	 0.00000000 	 0.00000000 	 0.00000000 	 0.00000000 	 0.00000000 	 4.26777076 	 213.91341032 	 33.83026970 	 64.10195982 	 0.76220022 	 7.46278586 	 0.29633613 	 1.44146023
2253 	 0.00000000 	 0.00000000 	 172.16199122 	 10.80301748 	 0.74235297 	 0.00000000 	 0.00000000 	 0.00000000 	 0.00000000 	 0.00000000 	 0.00000000 	 0.00000000 	 0.00000000 	 0.00000000 	 0.00000000 	 0.00000000 	 0.00000000 	 0.00000000 	 0.00000000 	 0.00000000 	 0.00000000 	 0.00000000 	 0.00000000 	 0.00000000 	 0.00000000 	 0.00000000 	 0.00000000 	 0.00000000 	 0.00000000 	 0.00000000 	 0.00000000 	 0.00000000 	 4.26777076 	 213.91341032 	 33.83026970 	 64.10195982 	 0.76220022 	 7.46278586 	 0.29633613 	 1.44146023
2254 	 0.00000000 	 0.00000000 	 172.16199122 	 10.80301748 	 0.74235297 	 0.00000000 	 0.00000000 	 0.00000000 	 0.00000000 	 0.00000000 	 0.00000000 	 0.00000000 	 0.00000000 	 0.00000000 	 0.00000000 	 0.00000000 	 0.00000000 	 0.00000000 	 0.00000000 	 0.00000000 	 0.00000000 	 0.00000000 	 0.00000000 	 0.00000000 	 0.00000000 	 0.00000000 	 0.00000000 	 0.00000000 	 0.00000000 	 0.00000000 	 0.00000000 	 0.00000000 	 4.26777076 	 213.91341032 	 33.83026970 	 64.10195982 	 0.76220022 	 7.46278586 	 0.29633613 	 1.44146023
2255 	 0.00000000 	 0.00000000 	 172.16199122 	 10.80301748 	 0.74235297 	 0.00000000 	 0.00000000 	 0.00000000 	 0.00000000 	 0.00000000 	 0.00000000 	 0.00000000 	 0.00000000 	 0.00000000 	 0.00000000 	 0.00000000 	 0.00000000 	 0.00000000 	 0.00000000 	 0.00000000 	 0.00000000 	 0.00000000 	 0.00000000 	 0.00000000 	 0.00000000 	 0.00000000 	 0.00000000 	 0.00000000 	 0.00000000 	 0.00000000 	 0.00000000 	 0.00000000 	 4.26777076 	 213.91341032 	 33.83026970 	 64.10195982 	 0.76220022 	 7.46278586 	 0.29633613 	 1.44146023
2256 	 0.00000000 	 0.00000000 	 172.16199122 	 10.80301748 	 0.74235297 	 0.00000000 	 0.00000000 	 0.00000000 	 0.00000000 	 0.00000000 	 0.00000000 	 0.00000000 	 0.00000000 	 0.00000000 	 0.00000000 	 0.00000000 	 0.00000000 	 0.00000000 	 0.00000000 	 0.00000000 	 0.00000000 	 0.00000000 	 0.00000000 	 0.00000000 	 0.00000000 	 0.00000000 	 0.00000000 	 0.00000000 	 0.00000000 	 0.00000000 	 0.00000000 	 0.00000000 	 4.26777076 	 213.91341032 	 33.83026970 	 64.10195982 	 0.76220022 	 7.46278586 	 0.29633613 	 1.44146023
2257 	 0.00000000 	 0.00000000 	 172.16199122 	 10.80301748 	 0.74235297 	 0.00000000 	 0.00000000 	 0.00000000 	 0.00000000 	 0.00000000 	 0.00000000 	 0.00000000 	 0.00000000 	 0.00000000 	 0.00000000 	 0.00000000 	 0.00000000 	 0.00000000 	 0.00000000 	 0.00000000 	 0.00000000 	 0.00000000 	 0.00000000 	 0.00000000 	 0.00000000 	 0.00000000 	 0.00000000 	 0.00000000 	 0.00000000 	 0.00000000 	 0.00000000 	 0.00000000 	 4.26777076 	 213.91341032 	 33.83026970 	 64.10195982 	 0.76220022 	 7.46278586 	 0.29633613 	 1.44146023
2258 	 0.00000000 	 0.00000000 	 172.16199122 	 10.80301748 	 0.74235297 	 0.00000000 	 0.00000000 	 0.00000000 	 0.00000000 	 0.00000000 	 0.00000000 	 0.00000000 	 0.00000000 	 0.00000000 	 0.00000000 	 0.00000000 	 0.00000000 	 0.00000000 	 0.00000000 	 0.00000000 	 0.00000000 	 0.00000000 	 0.00000000 	 0.00000000 	 0.00000000 	 0.00000000 	 0.00000000 	 0.00000000 	 0.00000000 	 0.00000000 	 0.00000000 	 0.00000000 	 4.26777076 	 213.91341032 	 33.83026970 	 64.10195982 	 0.76220022 	 7.46278586 	 0.29633613 	 1.44146023
2259 	 0.00000000 	 0.00000000 	 172.16199122 	 10.80301748 	 0.74235297 	 0.00000000 	 0.00000000 	 0.00000000 	 0.00000000 	 0.00000000 	 0.00000000 	 0.00000000 	 0.00000000 	 0.00000000 	 0.00000000 	 0.00000000 	 0.00000000 	 0.00000000 	 0.00000000 	 0.00000000 	 0.00000000 	 0.00000000 	 0.00000000 	 0.00000000 	 0.00000000 	 0.00000000 	 0.00000000 	 0.00000000 	 0.00000000 	 0.00000000 	 0.00000000 	 0.00000000 	 4.26777076 	 213.91341032 	 33.83026970 	 64.10195982 	 0.76220022 	 7.46278586 	 0.29633613 	 1.44146023
2260 	 0.00000000 	 0.00000000 	 172.16199122 	 10.80301748 	 0.74235297 	 0.00000000 	 0.00000000 	 0.00000000 	 0.00000000 	 0.00000000 	 0.00000000 	 0.00000000 	 0.00000000 	 0.00000000 	 0.00000000 	 0.00000000 	 0.00000000 	 0.00000000 	 0.00000000 	 0.00000000 	 0.00000000 	 0.00000000 	 0.00000000 	 0.00000000 	 0.00000000 	 0.00000000 	 0.00000000 	 0.00000000 	 0.00000000 	 0.00000000 	 0.00000000 	 0.00000000 	 4.26777076 	 213.91341032 	 33.83026970 	 64.10195982 	 0.76220022 	 7.46278586 	 0.29633613 	 1.44146023
2261 	 0.00000000 	 0.00000000 	 172.16199122 	 10.80301748 	 0.74235297 	 0.00000000 	 0.00000000 	 0.00000000 	 0.00000000 	 0.00000000 	 0.00000000 	 0.00000000 	 0.00000000 	 0.00000000 	 0.00000000 	 0.00000000 	 0.00000000 	 0.00000000 	 0.00000000 	 0.00000000 	 0.00000000 	 0.00000000 	 0.00000000 	 0.00000000 	 0.00000000 	 0.00000000 	 0.00000000 	 0.00000000 	 0.00000000 	 0.00000000 	 0.00000000 	 0.00000000 	 4.26777076 	 213.91341032 	 33.83026970 	 64.10195982 	 0.76220022 	 7.46278586 	 0.29633613 	 1.44146023
2262 	 0.00000000 	 0.00000000 	 172.16199122 	 10.80301748 	 0.74235297 	 0.00000000 	 0.00000000 	 0.00000000 	 0.00000000 	 0.00000000 	 0.00000000 	 0.00000000 	 0.00000000 	 0.00000000 	 0.00000000 	 0.00000000 	 0.00000000 	 0.00000000 	 0.00000000 	 0.00000000 	 0.00000000 	 0.00000000 	 0.00000000 	 0.00000000 	 0.00000000 	 0.00000000 	 0.00000000 	 0.00000000 	 0.00000000 	 0.00000000 	 0.00000000 	 0.00000000 	 4.26777076 	 213.91341032 	 33.83026970 	 64.10195982 	 0.76220022 	 7.46278586 	 0.29633613 	 1.44146023
2263 	 0.00000000 	 0.00000000 	 172.16199122 	 10.80301748 	 0.74235297 	 0.00000000 	 0.00000000 	 0.00000000 	 0.00000000 	 0.00000000 	 0.00000000 	 0.00000000 	 0.00000000 	 0.00000000 	 0.00000000 	 0.00000000 	 0.00000000 	 0.00000000 	 0.00000000 	 0.00000000 	 0.00000000 	 0.00000000 	 0.00000000 	 0.00000000 	 0.00000000 	 0.00000000 	 0.00000000 	 0.00000000 	 0.00000000 	 0.00000000 	 0.00000000 	 0.00000000 	 4.26777076 	 213.91341032 	 33.83026970 	 64.10195982 	 0.76220022 	 7.46278586 	 0.29633613 	 1.44146023
2264 	 0.00000000 	 0.00000000 	 172.16199122 	 10.80301748 	 0.74235297 	 0.00000000 	 0.00000000 	 0.00000000 	 0.00000000 	 0.00000000 	 0.00000000 	 0.00000000 	 0.00000000 	 0.00000000 	 0.00000000 	 0.00000000 	 0.00000000 	 0.00000000 	 0.00000000 	 0.00000000 	 0.00000000 	 0.00000000 	 0.00000000 	 0.00000000 	 0.00000000 	 0.00000000 	 0.00000000 	 0.00000000 	 0.00000000 	 0.00000000 	 0.00000000 	 0.00000000 	 4.26777076 	 213.91341032 	 33.83026970 	 64.10195982 	 0.76220022 	 7.46278586 	 0.29633613 	 1.44146023
2265 	 0.00000000 	 0.00000000 	 172.16199122 	 10.80301748 	 0.74235297 	 0.00000000 	 0.00000000 	 0.00000000 	 0.00000000 	 0.00000000 	 0.00000000 	 0.00000000 	 0.00000000 	 0.00000000 	 0.00000000 	 0.00000000 	 0.00000000 	 0.00000000 	 0.00000000 	 0.00000000 	 0.00000000 	 0.00000000 	 0.00000000 	 0.00000000 	 0.00000000 	 0.00000000 	 0.00000000 	 0.00000000 	 0.00000000 	 0.00000000 	 0.00000000 	 0.00000000 	 4.26777076 	 213.91341032 	 33.83026970 	 64.10195982 	 0.76220022 	 7.46278586 	 0.29633613 	 1.44146023
2266 	 0.00000000 	 0.00000000 	 172.16199122 	 10.80301748 	 0.74235297 	 0.00000000 	 0.00000000 	 0.00000000 	 0.00000000 	 0.00000000 	 0.00000000 	 0.00000000 	 0.00000000 	 0.00000000 	 0.00000000 	 0.00000000 	 0.00000000 	 0.00000000 	 0.00000000 	 0.00000000 	 0.00000000 	 0.00000000 	 0.00000000 	 0.00000000 	 0.00000000 	 0.00000000 	 0.00000000 	 0.00000000 	 0.00000000 	 0.00000000 	 0.00000000 	 0.00000000 	 4.26777076 	 213.91341032 	 33.83026970 	 64.10195982 	 0.76220022 	 7.46278586 	 0.29633613 	 1.44146023
2267 	 0.00000000 	 0.00000000 	 172.16199122 	 10.80301748 	 0.74235297 	 0.00000000 	 0.00000000 	 0.00000000 	 0.00000000 	 0.00000000 	 0.00000000 	 0.00000000 	 0.00000000 	 0.00000000 	 0.00000000 	 0.00000000 	 0.00000000 	 0.00000000 	 0.00000000 	 0.00000000 	 0.00000000 	 0.00000000 	 0.00000000 	 0.00000000 	 0.00000000 	 0.00000000 	 0.00000000 	 0.00000000 	 0.00000000 	 0.00000000 	 0.00000000 	 0.00000000 	 4.26777076 	 213.91341032 	 33.83026970 	 64.10195982 	 0.76220022 	 7.46278586 	 0.29633613 	 1.44146023
2268 	 0.00000000 	 0.00000000 	 172.16199122 	 10.80301748 	 0.74235297 	 0.00000000 	 0.00000000 	 0.00000000 	 0.00000000 	 0.00000000 	 0.00000000 	 0.00000000 	 0.00000000 	 0.00000000 	 0.00000000 	 0.00000000 	 0.00000000 	 0.00000000 	 0.00000000 	 0.00000000 	 0.00000000 	 0.00000000 	 0.00000000 	 0.00000000 	 0.00000000 	 0.00000000 	 0.00000000 	 0.00000000 	 0.00000000 	 0.00000000 	 0.00000000 	 0.00000000 	 4.26777076 	 213.91341032 	 33.83026970 	 64.10195982 	 0.76220022 	 7.46278586 	 0.29633613 	 1.44146023
2269 	 0.00000000 	 0.00000000 	 172.16199122 	 10.80301748 	 0.74235297 	 0.00000000 	 0.00000000 	 0.00000000 	 0.00000000 	 0.00000000 	 0.00000000 	 0.00000000 	 0.00000000 	 0.00000000 	 0.00000000 	 0.00000000 	 0.00000000 	 0.00000000 	 0.00000000 	 0.00000000 	 0.00000000 	 0.00000000 	 0.00000000 	 0.00000000 	 0.00000000 	 0.00000000 	 0.00000000 	 0.00000000 	 0.00000000 	 0.00000000 	 0.00000000 	 0.00000000 	 4.26777076 	 213.91341032 	 33.83026970 	 64.10195982 	 0.76220022 	 7.46278586 	 0.29633613 	 1.44146023
2270 	 0.00000000 	 0.00000000 	 172.16199122 	 10.80301748 	 0.74235297 	 0.00000000 	 0.00000000 	 0.00000000 	 0.00000000 	 0.00000000 	 0.00000000 	 0.00000000 	 0.00000000 	 0.00000000 	 0.00000000 	 0.00000000 	 0.00000000 	 0.00000000 	 0.00000000 	 0.00000000 	 0.00000000 	 0.00000000 	 0.00000000 	 0.00000000 	 0.00000000 	 0.00000000 	 0.00000000 	 0.00000000 	 0.00000000 	 0.00000000 	 0.00000000 	 0.00000000 	 4.26777076 	 213.91341032 	 33.83026970 	 64.10195982 	 0.76220022 	 7.46278586 	 0.29633613 	 1.44146023
2271 	 0.00000000 	 0.00000000 	 172.16199122 	 10.80301748 	 0.74235297 	 0.00000000 	 0.00000000 	 0.00000000 	 0.00000000 	 0.00000000 	 0.00000000 	 0.00000000 	 0.00000000 	 0.00000000 	 0.00000000 	 0.00000000 	 0.00000000 	 0.00000000 	 0.00000000 	 0.00000000 	 0.00000000 	 0.00000000 	 0.00000000 	 0.00000000 	 0.00000000 	 0.00000000 	 0.00000000 	 0.00000000 	 0.00000000 	 0.00000000 	 0.00000000 	 0.00000000 	 4.26777076 	 213.91341032 	 33.83026970 	 64.10195982 	 0.76220022 	 7.46278586 	 0.29633613 	 1.44146023
2272 	 0.00000000 	 0.00000000 	 172.16199122 	 10.80301748 	 0.74235297 	 0.00000000 	 0.00000000 	 0.00000000 	 0.00000000 	 0.00000000 	 0.00000000 	 0.00000000 	 0.00000000 	 0.00000000 	 0.00000000 	 0.00000000 	 0.00000000 	 0.00000000 	 0.00000000 	 0.00000000 	 0.00000000 	 0.00000000 	 0.00000000 	 0.00000000 	 0.00000000 	 0.00000000 	 0.00000000 	 0.00000000 	 0.00000000 	 0.00000000 	 0.00000000 	 0.00000000 	 4.26777076 	 213.91341032 	 33.83026970 	 64.10195982 	 0.76220022 	 7.46278586 	 0.29633613 	 1.44146023
2273 	 0.00000000 	 0.00000000 	 172.16199122 	 10.80301748 	 0.74235297 	 0.00000000 	 0.00000000 	 0.00000000 	 0.00000000 	 0.00000000 	 0.00000000 	 0.00000000 	 0.00000000 	 0.00000000 	 0.00000000 	 0.00000000 	 0.00000000 	 0.00000000 	 0.00000000 	 0.00000000 	 0.00000000 	 0.00000000 	 0.00000000 	 0.00000000 	 0.00000000 	 0.00000000 	 0.00000000 	 0.00000000 	 0.00000000 	 0.00000000 	 0.00000000 	 0.00000000 	 4.26777076 	 213.91341032 	 33.83026970 	 64.10195982 	 0.76220022 	 7.46278586 	 0.29633613 	 1.44146023
2274 	 0.00000000 	 0.00000000 	 172.16199122 	 10.80301748 	 0.74235297 	 0.00000000 	 0.00000000 	 0.00000000 	 0.00000000 	 0.00000000 	 0.00000000 	 0.00000000 	 0.00000000 	 0.00000000 	 0.00000000 	 0.00000000 	 0.00000000 	 0.00000000 	 0.00000000 	 0.00000000 	 0.00000000 	 0.00000000 	 0.00000000 	 0.00000000 	 0.00000000 	 0.00000000 	 0.00000000 	 0.00000000 	 0.00000000 	 0.00000000 	 0.00000000 	 0.00000000 	 4.26777076 	 213.91341032 	 33.83026970 	 64.10195982 	 0.76220022 	 7.46278586 	 0.29633613 	 1.44146023
2275 	 0.00000000 	 0.00000000 	 172.16199122 	 10.80301748 	 0.74235297 	 0.00000000 	 0.00000000 	 0.00000000 	 0.00000000 	 0.00000000 	 0.00000000 	 0.00000000 	 0.00000000 	 0.00000000 	 0.00000000 	 0.00000000 	 0.00000000 	 0.00000000 	 0.00000000 	 0.00000000 	 0.00000000 	 0.00000000 	 0.00000000 	 0.00000000 	 0.00000000 	 0.00000000 	 0.00000000 	 0.00000000 	 0.00000000 	 0.00000000 	 0.00000000 	 0.00000000 	 4.26777076 	 213.91341032 	 33.83026970 	 64.10195982 	 0.76220022 	 7.46278586 	 0.29633613 	 1.44146023
2276 	 0.00000000 	 0.00000000 	 172.16199122 	 10.80301748 	 0.74235297 	 0.00000000 	 0.00000000 	 0.00000000 	 0.00000000 	 0.00000000 	 0.00000000 	 0.00000000 	 0.00000000 	 0.00000000 	 0.00000000 	 0.00000000 	 0.00000000 	 0.00000000 	 0.00000000 	 0.00000000 	 0.00000000 	 0.00000000 	 0.00000000 	 0.00000000 	 0.00000000 	 0.00000000 	 0.00000000 	 0.00000000 	 0.00000000 	 0.00000000 	 0.00000000 	 0.00000000 	 4.26777076 	 213.91341032 	 33.83026970 	 64.10195982 	 0.76220022 	 7.46278586 	 0.29633613 	 1.44146023
2277 	 0.00000000 	 0.00000000 	 172.16199122 	 10.80301748 	 0.74235297 	 0.00000000 	 0.00000000 	 0.00000000 	 0.00000000 	 0.00000000 	 0.00000000 	 0.00000000 	 0.00000000 	 0.00000000 	 0.00000000 	 0.00000000 	 0.00000000 	 0.00000000 	 0.00000000 	 0.00000000 	 0.00000000 	 0.00000000 	 0.00000000 	 0.00000000 	 0.00000000 	 0.00000000 	 0.00000000 	 0.00000000 	 0.00000000 	 0.00000000 	 0.00000000 	 0.00000000 	 4.26777076 	 213.91341032 	 33.83026970 	 64.10195982 	 0.76220022 	 7.46278586 	 0.29633613 	 1.44146023
2278 	 0.00000000 	 0.00000000 	 172.16199122 	 10.80301748 	 0.74235297 	 0.00000000 	 0.00000000 	 0.00000000 	 0.00000000 	 0.00000000 	 0.00000000 	 0.00000000 	 0.00000000 	 0.00000000 	 0.00000000 	 0.00000000 	 0.00000000 	 0.00000000 	 0.00000000 	 0.00000000 	 0.00000000 	 0.00000000 	 0.00000000 	 0.00000000 	 0.00000000 	 0.00000000 	 0.00000000 	 0.00000000 	 0.00000000 	 0.00000000 	 0.00000000 	 0.00000000 	 4.26777076 	 213.91341032 	 33.83026970 	 64.10195982 	 0.76220022 	 7.46278586 	 0.29633613 	 1.44146023
2279 	 0.00000000 	 0.00000000 	 172.16199122 	 10.80301748 	 0.74235297 	 0.00000000 	 0.00000000 	 0.00000000 	 0.00000000 	 0.00000000 	 0.00000000 	 0.00000000 	 0.00000000 	 0.00000000 	 0.00000000 	 0.00000000 	 0.00000000 	 0.00000000 	 0.00000000 	 0.00000000 	 0.00000000 	 0.00000000 	 0.00000000 	 0.00000000 	 0.00000000 	 0.00000000 	 0.00000000 	 0.00000000 	 0.00000000 	 0.00000000 	 0.00000000 	 0.00000000 	 4.26777076 	 213.91341032 	 33.83026970 	 64.10195982 	 0.76220022 	 7.46278586 	 0.29633613 	 1.44146023
2280 	 0.00000000 	 0.00000000 	 172.16199122 	 10.80301748 	 0.74235297 	 0.00000000 	 0.00000000 	 0.00000000 	 0.00000000 	 0.00000000 	 0.00000000 	 0.00000000 	 0.00000000 	 0.00000000 	 0.00000000 	 0.00000000 	 0.00000000 	 0.00000000 	 0.00000000 	 0.00000000 	 0.00000000 	 0.00000000 	 0.00000000 	 0.00000000 	 0.00000000 	 0.00000000 	 0.00000000 	 0.00000000 	 0.00000000 	 0.00000000 	 0.00000000 	 0.00000000 	 4.26777076 	 213.91341032 	 33.83026970 	 64.10195982 	 0.76220022 	 7.46278586 	 0.29633613 	 1.44146023
2281 	 0.00000000 	 0.00000000 	 172.16199122 	 10.80301748 	 0.74235297 	 0.00000000 	 0.00000000 	 0.00000000 	 0.00000000 	 0.00000000 	 0.00000000 	 0.00000000 	 0.00000000 	 0.00000000 	 0.00000000 	 0.00000000 	 0.00000000 	 0.00000000 	 0.00000000 	 0.00000000 	 0.00000000 	 0.00000000 	 0.00000000 	 0.00000000 	 0.00000000 	 0.00000000 	 0.00000000 	 0.00000000 	 0.00000000 	 0.00000000 	 0.00000000 	 0.00000000 	 4.26777076 	 213.91341032 	 33.83026970 	 64.10195982 	 0.76220022 	 7.46278586 	 0.29633613 	 1.44146023
2282 	 0.00000000 	 0.00000000 	 172.16199122 	 10.80301748 	 0.74235297 	 0.00000000 	 0.00000000 	 0.00000000 	 0.00000000 	 0.00000000 	 0.00000000 	 0.00000000 	 0.00000000 	 0.00000000 	 0.00000000 	 0.00000000 	 0.00000000 	 0.00000000 	 0.00000000 	 0.00000000 	 0.00000000 	 0.00000000 	 0.00000000 	 0.00000000 	 0.00000000 	 0.00000000 	 0.00000000 	 0.00000000 	 0.00000000 	 0.00000000 	 0.00000000 	 0.00000000 	 4.26777076 	 213.91341032 	 33.83026970 	 64.10195982 	 0.76220022 	 7.46278586 	 0.29633613 	 1.44146023
2283 	 0.00000000 	 0.00000000 	 172.16199122 	 10.80301748 	 0.74235297 	 0.00000000 	 0.00000000 	 0.00000000 	 0.00000000 	 0.00000000 	 0.00000000 	 0.00000000 	 0.00000000 	 0.00000000 	 0.00000000 	 0.00000000 	 0.00000000 	 0.00000000 	 0.00000000 	 0.00000000 	 0.00000000 	 0.00000000 	 0.00000000 	 0.00000000 	 0.00000000 	 0.00000000 	 0.00000000 	 0.00000000 	 0.00000000 	 0.00000000 	 0.00000000 	 0.00000000 	 4.26777076 	 213.91341032 	 33.83026970 	 64.10195982 	 0.76220022 	 7.46278586 	 0.29633613 	 1.44146023
2284 	 0.00000000 	 0.00000000 	 172.16199122 	 10.80301748 	 0.74235297 	 0.00000000 	 0.00000000 	 0.00000000 	 0.00000000 	 0.00000000 	 0.00000000 	 0.00000000 	 0.00000000 	 0.00000000 	 0.00000000 	 0.00000000 	 0.00000000 	 0.00000000 	 0.00000000 	 0.00000000 	 0.00000000 	 0.00000000 	 0.00000000 	 0.00000000 	 0.00000000 	 0.00000000 	 0.00000000 	 0.00000000 	 0.00000000 	 0.00000000 	 0.00000000 	 0.00000000 	 4.26777076 	 213.91341032 	 33.83026970 	 64.10195982 	 0.76220022 	 7.46278586 	 0.29633613 	 1.44146023
2285 	 0.00000000 	 0.00000000 	 172.16199122 	 10.80301748 	 0.74235297 	 0.00000000 	 0.00000000 	 0.00000000 	 0.00000000 	 0.00000000 	 0.00000000 	 0.00000000 	 0.00000000 	 0.00000000 	 0.00000000 	 0.00000000 	 0.00000000 	 0.00000000 	 0.00000000 	 0.00000000 	 0.00000000 	 0.00000000 	 0.00000000 	 0.00000000 	 0.00000000 	 0.00000000 	 0.00000000 	 0.00000000 	 0.00000000 	 0.00000000 	 0.00000000 	 0.00000000 	 4.26777076 	 213.91341032 	 33.83026970 	 64.10195982 	 0.76220022 	 7.46278586 	 0.29633613 	 1.44146023
2286 	 0.00000000 	 0.00000000 	 172.16199122 	 10.80301748 	 0.74235297 	 0.00000000 	 0.00000000 	 0.00000000 	 0.00000000 	 0.00000000 	 0.00000000 	 0.00000000 	 0.00000000 	 0.00000000 	 0.00000000 	 0.00000000 	 0.00000000 	 0.00000000 	 0.00000000 	 0.00000000 	 0.00000000 	 0.00000000 	 0.00000000 	 0.00000000 	 0.00000000 	 0.00000000 	 0.00000000 	 0.00000000 	 0.00000000 	 0.00000000 	 0.00000000 	 0.00000000 	 4.26777076 	 213.91341032 	 33.83026970 	 64.10195982 	 0.76220022 	 7.46278586 	 0.29633613 	 1.44146023
2287 	 0.00000000 	 0.00000000 	 172.16199122 	 10.80301748 	 0.74235297 	 0.00000000 	 0.00000000 	 0.00000000 	 0.00000000 	 0.00000000 	 0.00000000 	 0.00000000 	 0.00000000 	 0.00000000 	 0.00000000 	 0.00000000 	 0.00000000 	 0.00000000 	 0.00000000 	 0.00000000 	 0.00000000 	 0.00000000 	 0.00000000 	 0.00000000 	 0.00000000 	 0.00000000 	 0.00000000 	 0.00000000 	 0.00000000 	 0.00000000 	 0.00000000 	 0.00000000 	 4.26777076 	 213.91341032 	 33.83026970 	 64.10195982 	 0.76220022 	 7.46278586 	 0.29633613 	 1.44146023
2288 	 0.00000000 	 0.00000000 	 172.16199122 	 10.80301748 	 0.74235297 	 0.00000000 	 0.00000000 	 0.00000000 	 0.00000000 	 0.00000000 	 0.00000000 	 0.00000000 	 0.00000000 	 0.00000000 	 0.00000000 	 0.00000000 	 0.00000000 	 0.00000000 	 0.00000000 	 0.00000000 	 0.00000000 	 0.00000000 	 0.00000000 	 0.00000000 	 0.00000000 	 0.00000000 	 0.00000000 	 0.00000000 	 0.00000000 	 0.00000000 	 0.00000000 	 0.00000000 	 4.26777076 	 213.91341032 	 33.83026970 	 64.10195982 	 0.76220022 	 7.46278586 	 0.29633613 	 1.44146023
2289 	 0.00000000 	 0.00000000 	 172.16199122 	 10.80301748 	 0.74235297 	 0.00000000 	 0.00000000 	 0.00000000 	 0.00000000 	 0.00000000 	 0.00000000 	 0.00000000 	 0.00000000 	 0.00000000 	 0.00000000 	 0.00000000 	 0.00000000 	 0.00000000 	 0.00000000 	 0.00000000 	 0.00000000 	 0.00000000 	 0.00000000 	 0.00000000 	 0.00000000 	 0.00000000 	 0.00000000 	 0.00000000 	 0.00000000 	 0.00000000 	 0.00000000 	 0.00000000 	 4.26777076 	 213.91341032 	 33.83026970 	 64.10195982 	 0.76220022 	 7.46278586 	 0.29633613 	 1.44146023
2290 	 0.00000000 	 0.00000000 	 172.16199122 	 10.80301748 	 0.74235297 	 0.00000000 	 0.00000000 	 0.00000000 	 0.00000000 	 0.00000000 	 0.00000000 	 0.00000000 	 0.00000000 	 0.00000000 	 0.00000000 	 0.00000000 	 0.00000000 	 0.00000000 	 0.00000000 	 0.00000000 	 0.00000000 	 0.00000000 	 0.00000000 	 0.00000000 	 0.00000000 	 0.00000000 	 0.00000000 	 0.00000000 	 0.00000000 	 0.00000000 	 0.00000000 	 0.00000000 	 4.26777076 	 213.91341032 	 33.83026970 	 64.10195982 	 0.76220022 	 7.46278586 	 0.29633613 	 1.44146023
2291 	 0.00000000 	 0.00000000 	 172.16199122 	 10.80301748 	 0.74235297 	 0.00000000 	 0.00000000 	 0.00000000 	 0.00000000 	 0.00000000 	 0.00000000 	 0.00000000 	 0.00000000 	 0.00000000 	 0.00000000 	 0.00000000 	 0.00000000 	 0.00000000 	 0.00000000 	 0.00000000 	 0.00000000 	 0.00000000 	 0.00000000 	 0.00000000 	 0.00000000 	 0.00000000 	 0.00000000 	 0.00000000 	 0.00000000 	 0.00000000 	 0.00000000 	 0.00000000 	 4.26777076 	 213.91341032 	 33.83026970 	 64.10195982 	 0.76220022 	 7.46278586 	 0.29633613 	 1.44146023
2292 	 0.00000000 	 0.00000000 	 172.16199122 	 10.80301748 	 0.74235297 	 0.00000000 	 0.00000000 	 0.00000000 	 0.00000000 	 0.00000000 	 0.00000000 	 0.00000000 	 0.00000000 	 0.00000000 	 0.00000000 	 0.00000000 	 0.00000000 	 0.00000000 	 0.00000000 	 0.00000000 	 0.00000000 	 0.00000000 	 0.00000000 	 0.00000000 	 0.00000000 	 0.00000000 	 0.00000000 	 0.00000000 	 0.00000000 	 0.00000000 	 0.00000000 	 0.00000000 	 4.26777076 	 213.91341032 	 33.83026970 	 64.10195982 	 0.76220022 	 7.46278586 	 0.29633613 	 1.44146023
2293 	 0.00000000 	 0.00000000 	 172.16199122 	 10.80301748 	 0.74235297 	 0.00000000 	 0.00000000 	 0.00000000 	 0.00000000 	 0.00000000 	 0.00000000 	 0.00000000 	 0.00000000 	 0.00000000 	 0.00000000 	 0.00000000 	 0.00000000 	 0.00000000 	 0.00000000 	 0.00000000 	 0.00000000 	 0.00000000 	 0.00000000 	 0.00000000 	 0.00000000 	 0.00000000 	 0.00000000 	 0.00000000 	 0.00000000 	 0.00000000 	 0.00000000 	 0.00000000 	 4.26777076 	 213.91341032 	 33.83026970 	 64.10195982 	 0.76220022 	 7.46278586 	 0.29633613 	 1.44146023
2294 	 0.00000000 	 0.00000000 	 172.16199122 	 10.80301748 	 0.74235297 	 0.00000000 	 0.00000000 	 0.00000000 	 0.00000000 	 0.00000000 	 0.00000000 	 0.00000000 	 0.00000000 	 0.00000000 	 0.00000000 	 0.00000000 	 0.00000000 	 0.00000000 	 0.00000000 	 0.00000000 	 0.00000000 	 0.00000000 	 0.00000000 	 0.00000000 	 0.00000000 	 0.00000000 	 0.00000000 	 0.00000000 	 0.00000000 	 0.00000000 	 0.00000000 	 0.00000000 	 4.26777076 	 213.91341032 	 33.83026970 	 64.10195982 	 0.76220022 	 7.46278586 	 0.29633613 	 1.44146023
2295 	 0.00000000 	 0.00000000 	 172.16199122 	 10.80301748 	 0.74235297 	 0.00000000 	 0.00000000 	 0.00000000 	 0.00000000 	 0.00000000 	 0.00000000 	 0.00000000 	 0.00000000 	 0.00000000 	 0.00000000 	 0.00000000 	 0.00000000 	 0.00000000 	 0.00000000 	 0.00000000 	 0.00000000 	 0.00000000 	 0.00000000 	 0.00000000 	 0.00000000 	 0.00000000 	 0.00000000 	 0.00000000 	 0.00000000 	 0.00000000 	 0.00000000 	 0.00000000 	 4.26777076 	 213.91341032 	 33.83026970 	 64.10195982 	 0.76220022 	 7.46278586 	 0.29633613 	 1.44146023
2296 	 0.00000000 	 0.00000000 	 172.16199122 	 10.80301748 	 0.74235297 	 0.00000000 	 0.00000000 	 0.00000000 	 0.00000000 	 0.00000000 	 0.00000000 	 0.00000000 	 0.00000000 	 0.00000000 	 0.00000000 	 0.00000000 	 0.00000000 	 0.00000000 	 0.00000000 	 0.00000000 	 0.00000000 	 0.00000000 	 0.00000000 	 0.00000000 	 0.00000000 	 0.00000000 	 0.00000000 	 0.00000000 	 0.00000000 	 0.00000000 	 0.00000000 	 0.00000000 	 4.26777076 	 213.91341032 	 33.83026970 	 64.10195982 	 0.76220022 	 7.46278586 	 0.29633613 	 1.44146023
2297 	 0.00000000 	 0.00000000 	 172.16199122 	 10.80301748 	 0.74235297 	 0.00000000 	 0.00000000 	 0.00000000 	 0.00000000 	 0.00000000 	 0.00000000 	 0.00000000 	 0.00000000 	 0.00000000 	 0.00000000 	 0.00000000 	 0.00000000 	 0.00000000 	 0.00000000 	 0.00000000 	 0.00000000 	 0.00000000 	 0.00000000 	 0.00000000 	 0.00000000 	 0.00000000 	 0.00000000 	 0.00000000 	 0.00000000 	 0.00000000 	 0.00000000 	 0.00000000 	 4.26777076 	 213.91341032 	 33.83026970 	 64.10195982 	 0.76220022 	 7.46278586 	 0.29633613 	 1.44146023
2298 	 0.00000000 	 0.00000000 	 172.16199122 	 10.80301748 	 0.74235297 	 0.00000000 	 0.00000000 	 0.00000000 	 0.00000000 	 0.00000000 	 0.00000000 	 0.00000000 	 0.00000000 	 0.00000000 	 0.00000000 	 0.00000000 	 0.00000000 	 0.00000000 	 0.00000000 	 0.00000000 	 0.00000000 	 0.00000000 	 0.00000000 	 0.00000000 	 0.00000000 	 0.00000000 	 0.00000000 	 0.00000000 	 0.00000000 	 0.00000000 	 0.00000000 	 0.00000000 	 4.26777076 	 213.91341032 	 33.83026970 	 64.10195982 	 0.76220022 	 7.46278586 	 0.29633613 	 1.44146023
2299 	 0.00000000 	 0.00000000 	 172.16199122 	 10.80301748 	 0.74235297 	 0.00000000 	 0.00000000 	 0.00000000 	 0.00000000 	 0.00000000 	 0.00000000 	 0.00000000 	 0.00000000 	 0.00000000 	 0.00000000 	 0.00000000 	 0.00000000 	 0.00000000 	 0.00000000 	 0.00000000 	 0.00000000 	 0.00000000 	 0.00000000 	 0.00000000 	 0.00000000 	 0.00000000 	 0.00000000 	 0.00000000 	 0.00000000 	 0.00000000 	 0.00000000 	 0.00000000 	 4.26777076 	 213.91341032 	 33.83026970 	 64.10195982 	 0.76220022 	 7.46278586 	 0.29633613 	 1.44146023
2300 	 0.00000000 	 0.00000000 	 172.16199122 	 10.80301748 	 0.74235297 	 0.00000000 	 0.00000000 	 0.00000000 	 0.00000000 	 0.00000000 	 0.00000000 	 0.00000000 	 0.00000000 	 0.00000000 	 0.00000000 	 0.00000000 	 0.00000000 	 0.00000000 	 0.00000000 	 0.00000000 	 0.00000000 	 0.00000000 	 0.00000000 	 0.00000000 	 0.00000000 	 0.00000000 	 0.00000000 	 0.00000000 	 0.00000000 	 0.00000000 	 0.00000000 	 0.00000000 	 4.26777076 	 213.91341032 	 33.83026970 	 64.10195982 	 0.76220022 	 7.46278586 	 0.29633613 	 1.44146023
2301 	 0.00000000 	 0.00000000 	 172.16199122 	 10.80301748 	 0.74235297 	 0.00000000 	 0.00000000 	 0.00000000 	 0.00000000 	 0.00000000 	 0.00000000 	 0.00000000 	 0.00000000 	 0.00000000 	 0.00000000 	 0.00000000 	 0.00000000 	 0.00000000 	 0.00000000 	 0.00000000 	 0.00000000 	 0.00000000 	 0.00000000 	 0.00000000 	 0.00000000 	 0.00000000 	 0.00000000 	 0.00000000 	 0.00000000 	 0.00000000 	 0.00000000 	 0.00000000 	 4.26777076 	 213.91341032 	 33.83026970 	 64.10195982 	 0.76220022 	 7.46278586 	 0.29633613 	 1.44146023
2302 	 0.00000000 	 0.00000000 	 172.16199122 	 10.80301748 	 0.74235297 	 0.00000000 	 0.00000000 	 0.00000000 	 0.00000000 	 0.00000000 	 0.00000000 	 0.00000000 	 0.00000000 	 0.00000000 	 0.00000000 	 0.00000000 	 0.00000000 	 0.00000000 	 0.00000000 	 0.00000000 	 0.00000000 	 0.00000000 	 0.00000000 	 0.00000000 	 0.00000000 	 0.00000000 	 0.00000000 	 0.00000000 	 0.00000000 	 0.00000000 	 0.00000000 	 0.00000000 	 4.26777076 	 213.91341032 	 33.83026970 	 64.10195982 	 0.76220022 	 7.46278586 	 0.29633613 	 1.44146023
2303 	 0.00000000 	 0.00000000 	 172.16199122 	 10.80301748 	 0.74235297 	 0.00000000 	 0.00000000 	 0.00000000 	 0.00000000 	 0.00000000 	 0.00000000 	 0.00000000 	 0.00000000 	 0.00000000 	 0.00000000 	 0.00000000 	 0.00000000 	 0.00000000 	 0.00000000 	 0.00000000 	 0.00000000 	 0.00000000 	 0.00000000 	 0.00000000 	 0.00000000 	 0.00000000 	 0.00000000 	 0.00000000 	 0.00000000 	 0.00000000 	 0.00000000 	 0.00000000 	 4.26777076 	 213.91341032 	 33.83026970 	 64.10195982 	 0.76220022 	 7.46278586 	 0.29633613 	 1.44146023
2304 	 0.00000000 	 0.00000000 	 172.16199122 	 10.80301748 	 0.74235297 	 0.00000000 	 0.00000000 	 0.00000000 	 0.00000000 	 0.00000000 	 0.00000000 	 0.00000000 	 0.00000000 	 0.00000000 	 0.00000000 	 0.00000000 	 0.00000000 	 0.00000000 	 0.00000000 	 0.00000000 	 0.00000000 	 0.00000000 	 0.00000000 	 0.00000000 	 0.00000000 	 0.00000000 	 0.00000000 	 0.00000000 	 0.00000000 	 0.00000000 	 0.00000000 	 0.00000000 	 4.26777076 	 213.91341032 	 33.83026970 	 64.10195982 	 0.76220022 	 7.46278586 	 0.29633613 	 1.44146023
2305 	 0.00000000 	 0.00000000 	 172.16199122 	 10.80301748 	 0.74235297 	 0.00000000 	 0.00000000 	 0.00000000 	 0.00000000 	 0.00000000 	 0.00000000 	 0.00000000 	 0.00000000 	 0.00000000 	 0.00000000 	 0.00000000 	 0.00000000 	 0.00000000 	 0.00000000 	 0.00000000 	 0.00000000 	 0.00000000 	 0.00000000 	 0.00000000 	 0.00000000 	 0.00000000 	 0.00000000 	 0.00000000 	 0.00000000 	 0.00000000 	 0.00000000 	 0.00000000 	 4.26777076 	 213.91341032 	 33.83026970 	 64.10195982 	 0.76220022 	 7.46278586 	 0.29633613 	 1.44146023
2306 	 0.00000000 	 0.00000000 	 172.16199122 	 10.80301748 	 0.74235297 	 0.00000000 	 0.00000000 	 0.00000000 	 0.00000000 	 0.00000000 	 0.00000000 	 0.00000000 	 0.00000000 	 0.00000000 	 0.00000000 	 0.00000000 	 0.00000000 	 0.00000000 	 0.00000000 	 0.00000000 	 0.00000000 	 0.00000000 	 0.00000000 	 0.00000000 	 0.00000000 	 0.00000000 	 0.00000000 	 0.00000000 	 0.00000000 	 0.00000000 	 0.00000000 	 0.00000000 	 4.26777076 	 213.91341032 	 33.83026970 	 64.10195982 	 0.76220022 	 7.46278586 	 0.29633613 	 1.44146023
2307 	 0.00000000 	 0.00000000 	 172.16199122 	 10.80301748 	 0.74235297 	 0.00000000 	 0.00000000 	 0.00000000 	 0.00000000 	 0.00000000 	 0.00000000 	 0.00000000 	 0.00000000 	 0.00000000 	 0.00000000 	 0.00000000 	 0.00000000 	 0.00000000 	 0.00000000 	 0.00000000 	 0.00000000 	 0.00000000 	 0.00000000 	 0.00000000 	 0.00000000 	 0.00000000 	 0.00000000 	 0.00000000 	 0.00000000 	 0.00000000 	 0.00000000 	 0.00000000 	 4.26777076 	 213.91341032 	 33.83026970 	 64.10195982 	 0.76220022 	 7.46278586 	 0.29633613 	 1.44146023
2308 	 0.00000000 	 0.00000000 	 172.16199122 	 10.80301748 	 0.74235297 	 0.00000000 	 0.00000000 	 0.00000000 	 0.00000000 	 0.00000000 	 0.00000000 	 0.00000000 	 0.00000000 	 0.00000000 	 0.00000000 	 0.00000000 	 0.00000000 	 0.00000000 	 0.00000000 	 0.00000000 	 0.00000000 	 0.00000000 	 0.00000000 	 0.00000000 	 0.00000000 	 0.00000000 	 0.00000000 	 0.00000000 	 0.00000000 	 0.00000000 	 0.00000000 	 0.00000000 	 4.26777076 	 213.91341032 	 33.83026970 	 64.10195982 	 0.76220022 	 7.46278586 	 0.29633613 	 1.44146023
2309 	 0.00000000 	 0.00000000 	 172.16199122 	 10.80301748 	 0.74235297 	 0.00000000 	 0.00000000 	 0.00000000 	 0.00000000 	 0.00000000 	 0.00000000 	 0.00000000 	 0.00000000 	 0.00000000 	 0.00000000 	 0.00000000 	 0.00000000 	 0.00000000 	 0.00000000 	 0.00000000 	 0.00000000 	 0.00000000 	 0.00000000 	 0.00000000 	 0.00000000 	 0.00000000 	 0.00000000 	 0.00000000 	 0.00000000 	 0.00000000 	 0.00000000 	 0.00000000 	 4.26777076 	 213.91341032 	 33.83026970 	 64.10195982 	 0.76220022 	 7.46278586 	 0.29633613 	 1.44146023
2310 	 0.00000000 	 0.00000000 	 172.16199122 	 10.80301748 	 0.74235297 	 0.00000000 	 0.00000000 	 0.00000000 	 0.00000000 	 0.00000000 	 0.00000000 	 0.00000000 	 0.00000000 	 0.00000000 	 0.00000000 	 0.00000000 	 0.00000000 	 0.00000000 	 0.00000000 	 0.00000000 	 0.00000000 	 0.00000000 	 0.00000000 	 0.00000000 	 0.00000000 	 0.00000000 	 0.00000000 	 0.00000000 	 0.00000000 	 0.00000000 	 0.00000000 	 0.00000000 	 4.26777076 	 213.91341032 	 33.83026970 	 64.10195982 	 0.76220022 	 7.46278586 	 0.29633613 	 1.44146023
2311 	 0.00000000 	 0.00000000 	 172.16199122 	 10.80301748 	 0.74235297 	 0.00000000 	 0.00000000 	 0.00000000 	 0.00000000 	 0.00000000 	 0.00000000 	 0.00000000 	 0.00000000 	 0.00000000 	 0.00000000 	 0.00000000 	 0.00000000 	 0.00000000 	 0.00000000 	 0.00000000 	 0.00000000 	 0.00000000 	 0.00000000 	 0.00000000 	 0.00000000 	 0.00000000 	 0.00000000 	 0.00000000 	 0.00000000 	 0.00000000 	 0.00000000 	 0.00000000 	 4.26777076 	 213.91341032 	 33.83026970 	 64.10195982 	 0.76220022 	 7.46278586 	 0.29633613 	 1.44146023
2312 	 0.00000000 	 0.00000000 	 172.16199122 	 10.80301748 	 0.74235297 	 0.00000000 	 0.00000000 	 0.00000000 	 0.00000000 	 0.00000000 	 0.00000000 	 0.00000000 	 0.00000000 	 0.00000000 	 0.00000000 	 0.00000000 	 0.00000000 	 0.00000000 	 0.00000000 	 0.00000000 	 0.00000000 	 0.00000000 	 0.00000000 	 0.00000000 	 0.00000000 	 0.00000000 	 0.00000000 	 0.00000000 	 0.00000000 	 0.00000000 	 0.00000000 	 0.00000000 	 4.26777076 	 213.91341032 	 33.83026970 	 64.10195982 	 0.76220022 	 7.46278586 	 0.29633613 	 1.44146023
2313 	 0.00000000 	 0.00000000 	 172.16199122 	 10.80301748 	 0.74235297 	 0.00000000 	 0.00000000 	 0.00000000 	 0.00000000 	 0.00000000 	 0.00000000 	 0.00000000 	 0.00000000 	 0.00000000 	 0.00000000 	 0.00000000 	 0.00000000 	 0.00000000 	 0.00000000 	 0.00000000 	 0.00000000 	 0.00000000 	 0.00000000 	 0.00000000 	 0.00000000 	 0.00000000 	 0.00000000 	 0.00000000 	 0.00000000 	 0.00000000 	 0.00000000 	 0.00000000 	 4.26777076 	 213.91341032 	 33.83026970 	 64.10195982 	 0.76220022 	 7.46278586 	 0.29633613 	 1.44146023
2314 	 0.00000000 	 0.00000000 	 172.16199122 	 10.80301748 	 0.74235297 	 0.00000000 	 0.00000000 	 0.00000000 	 0.00000000 	 0.00000000 	 0.00000000 	 0.00000000 	 0.00000000 	 0.00000000 	 0.00000000 	 0.00000000 	 0.00000000 	 0.00000000 	 0.00000000 	 0.00000000 	 0.00000000 	 0.00000000 	 0.00000000 	 0.00000000 	 0.00000000 	 0.00000000 	 0.00000000 	 0.00000000 	 0.00000000 	 0.00000000 	 0.00000000 	 0.00000000 	 4.26777076 	 213.91341032 	 33.83026970 	 64.10195982 	 0.76220022 	 7.46278586 	 0.29633613 	 1.44146023
2315 	 0.00000000 	 0.00000000 	 172.16199122 	 10.80301748 	 0.74235297 	 0.00000000 	 0.00000000 	 0.00000000 	 0.00000000 	 0.00000000 	 0.00000000 	 0.00000000 	 0.00000000 	 0.00000000 	 0.00000000 	 0.00000000 	 0.00000000 	 0.00000000 	 0.00000000 	 0.00000000 	 0.00000000 	 0.00000000 	 0.00000000 	 0.00000000 	 0.00000000 	 0.00000000 	 0.00000000 	 0.00000000 	 0.00000000 	 0.00000000 	 0.00000000 	 0.00000000 	 4.26777076 	 213.91341032 	 33.83026970 	 64.10195982 	 0.76220022 	 7.46278586 	 0.29633613 	 1.44146023
2316 	 0.00000000 	 0.00000000 	 172.16199122 	 10.80301748 	 0.74235297 	 0.00000000 	 0.00000000 	 0.00000000 	 0.00000000 	 0.00000000 	 0.00000000 	 0.00000000 	 0.00000000 	 0.00000000 	 0.00000000 	 0.00000000 	 0.00000000 	 0.00000000 	 0.00000000 	 0.00000000 	 0.00000000 	 0.00000000 	 0.00000000 	 0.00000000 	 0.00000000 	 0.00000000 	 0.00000000 	 0.00000000 	 0.00000000 	 0.00000000 	 0.00000000 	 0.00000000 	 4.26777076 	 213.91341032 	 33.83026970 	 64.10195982 	 0.76220022 	 7.46278586 	 0.29633613 	 1.44146023
2317 	 0.00000000 	 0.00000000 	 172.16199122 	 10.80301748 	 0.74235297 	 0.00000000 	 0.00000000 	 0.00000000 	 0.00000000 	 0.00000000 	 0.00000000 	 0.00000000 	 0.00000000 	 0.00000000 	 0.00000000 	 0.00000000 	 0.00000000 	 0.00000000 	 0.00000000 	 0.00000000 	 0.00000000 	 0.00000000 	 0.00000000 	 0.00000000 	 0.00000000 	 0.00000000 	 0.00000000 	 0.00000000 	 0.00000000 	 0.00000000 	 0.00000000 	 0.00000000 	 4.26777076 	 213.91341032 	 33.83026970 	 64.10195982 	 0.76220022 	 7.46278586 	 0.29633613 	 1.44146023
2318 	 0.00000000 	 0.00000000 	 172.16199122 	 10.80301748 	 0.74235297 	 0.00000000 	 0.00000000 	 0.00000000 	 0.00000000 	 0.00000000 	 0.00000000 	 0.00000000 	 0.00000000 	 0.00000000 	 0.00000000 	 0.00000000 	 0.00000000 	 0.00000000 	 0.00000000 	 0.00000000 	 0.00000000 	 0.00000000 	 0.00000000 	 0.00000000 	 0.00000000 	 0.00000000 	 0.00000000 	 0.00000000 	 0.00000000 	 0.00000000 	 0.00000000 	 0.00000000 	 4.26777076 	 213.91341032 	 33.83026970 	 64.10195982 	 0.76220022 	 7.46278586 	 0.29633613 	 1.44146023
2319 	 0.00000000 	 0.00000000 	 172.16199122 	 10.80301748 	 0.74235297 	 0.00000000 	 0.00000000 	 0.00000000 	 0.00000000 	 0.00000000 	 0.00000000 	 0.00000000 	 0.00000000 	 0.00000000 	 0.00000000 	 0.00000000 	 0.00000000 	 0.00000000 	 0.00000000 	 0.00000000 	 0.00000000 	 0.00000000 	 0.00000000 	 0.00000000 	 0.00000000 	 0.00000000 	 0.00000000 	 0.00000000 	 0.00000000 	 0.00000000 	 0.00000000 	 0.00000000 	 4.26777076 	 213.91341032 	 33.83026970 	 64.10195982 	 0.76220022 	 7.46278586 	 0.29633613 	 1.44146023
2320 	 0.00000000 	 0.00000000 	 172.16199122 	 10.80301748 	 0.74235297 	 0.00000000 	 0.00000000 	 0.00000000 	 0.00000000 	 0.00000000 	 0.00000000 	 0.00000000 	 0.00000000 	 0.00000000 	 0.00000000 	 0.00000000 	 0.00000000 	 0.00000000 	 0.00000000 	 0.00000000 	 0.00000000 	 0.00000000 	 0.00000000 	 0.00000000 	 0.00000000 	 0.00000000 	 0.00000000 	 0.00000000 	 0.00000000 	 0.00000000 	 0.00000000 	 0.00000000 	 4.26777076 	 213.91341032 	 33.83026970 	 64.10195982 	 0.76220022 	 7.46278586 	 0.29633613 	 1.44146023
2321 	 0.00000000 	 0.00000000 	 172.16199122 	 10.80301748 	 0.74235297 	 0.00000000 	 0.00000000 	 0.00000000 	 0.00000000 	 0.00000000 	 0.00000000 	 0.00000000 	 0.00000000 	 0.00000000 	 0.00000000 	 0.00000000 	 0.00000000 	 0.00000000 	 0.00000000 	 0.00000000 	 0.00000000 	 0.00000000 	 0.00000000 	 0.00000000 	 0.00000000 	 0.00000000 	 0.00000000 	 0.00000000 	 0.00000000 	 0.00000000 	 0.00000000 	 0.00000000 	 4.26777076 	 213.91341032 	 33.83026970 	 64.10195982 	 0.76220022 	 7.46278586 	 0.29633613 	 1.44146023
2322 	 0.00000000 	 0.00000000 	 172.16199122 	 10.80301748 	 0.74235297 	 0.00000000 	 0.00000000 	 0.00000000 	 0.00000000 	 0.00000000 	 0.00000000 	 0.00000000 	 0.00000000 	 0.00000000 	 0.00000000 	 0.00000000 	 0.00000000 	 0.00000000 	 0.00000000 	 0.00000000 	 0.00000000 	 0.00000000 	 0.00000000 	 0.00000000 	 0.00000000 	 0.00000000 	 0.00000000 	 0.00000000 	 0.00000000 	 0.00000000 	 0.00000000 	 0.00000000 	 4.26777076 	 213.91341032 	 33.83026970 	 64.10195982 	 0.76220022 	 7.46278586 	 0.29633613 	 1.44146023
2323 	 0.00000000 	 0.00000000 	 172.16199122 	 10.80301748 	 0.74235297 	 0.00000000 	 0.00000000 	 0.00000000 	 0.00000000 	 0.00000000 	 0.00000000 	 0.00000000 	 0.00000000 	 0.00000000 	 0.00000000 	 0.00000000 	 0.00000000 	 0.00000000 	 0.00000000 	 0.00000000 	 0.00000000 	 0.00000000 	 0.00000000 	 0.00000000 	 0.00000000 	 0.00000000 	 0.00000000 	 0.00000000 	 0.00000000 	 0.00000000 	 0.00000000 	 0.00000000 	 4.26777076 	 213.91341032 	 33.83026970 	 64.10195982 	 0.76220022 	 7.46278586 	 0.29633613 	 1.44146023
2324 	 0.00000000 	 0.00000000 	 172.16199122 	 10.80301748 	 0.74235297 	 0.00000000 	 0.00000000 	 0.00000000 	 0.00000000 	 0.00000000 	 0.00000000 	 0.00000000 	 0.00000000 	 0.00000000 	 0.00000000 	 0.00000000 	 0.00000000 	 0.00000000 	 0.00000000 	 0.00000000 	 0.00000000 	 0.00000000 	 0.00000000 	 0.00000000 	 0.00000000 	 0.00000000 	 0.00000000 	 0.00000000 	 0.00000000 	 0.00000000 	 0.00000000 	 0.00000000 	 4.26777076 	 213.91341032 	 33.83026970 	 64.10195982 	 0.76220022 	 7.46278586 	 0.29633613 	 1.44146023
2325 	 0.00000000 	 0.00000000 	 172.16199122 	 10.80301748 	 0.74235297 	 0.00000000 	 0.00000000 	 0.00000000 	 0.00000000 	 0.00000000 	 0.00000000 	 0.00000000 	 0.00000000 	 0.00000000 	 0.00000000 	 0.00000000 	 0.00000000 	 0.00000000 	 0.00000000 	 0.00000000 	 0.00000000 	 0.00000000 	 0.00000000 	 0.00000000 	 0.00000000 	 0.00000000 	 0.00000000 	 0.00000000 	 0.00000000 	 0.00000000 	 0.00000000 	 0.00000000 	 4.26777076 	 213.91341032 	 33.83026970 	 64.10195982 	 0.76220022 	 7.46278586 	 0.29633613 	 1.44146023
2326 	 0.00000000 	 0.00000000 	 172.16199122 	 10.80301748 	 0.74235297 	 0.00000000 	 0.00000000 	 0.00000000 	 0.00000000 	 0.00000000 	 0.00000000 	 0.00000000 	 0.00000000 	 0.00000000 	 0.00000000 	 0.00000000 	 0.00000000 	 0.00000000 	 0.00000000 	 0.00000000 	 0.00000000 	 0.00000000 	 0.00000000 	 0.00000000 	 0.00000000 	 0.00000000 	 0.00000000 	 0.00000000 	 0.00000000 	 0.00000000 	 0.00000000 	 0.00000000 	 4.26777076 	 213.91341032 	 33.83026970 	 64.10195982 	 0.76220022 	 7.46278586 	 0.29633613 	 1.44146023
2327 	 0.00000000 	 0.00000000 	 172.16199122 	 10.80301748 	 0.74235297 	 0.00000000 	 0.00000000 	 0.00000000 	 0.00000000 	 0.00000000 	 0.00000000 	 0.00000000 	 0.00000000 	 0.00000000 	 0.00000000 	 0.00000000 	 0.00000000 	 0.00000000 	 0.00000000 	 0.00000000 	 0.00000000 	 0.00000000 	 0.00000000 	 0.00000000 	 0.00000000 	 0.00000000 	 0.00000000 	 0.00000000 	 0.00000000 	 0.00000000 	 0.00000000 	 0.00000000 	 4.26777076 	 213.91341032 	 33.83026970 	 64.10195982 	 0.76220022 	 7.46278586 	 0.29633613 	 1.44146023
2328 	 0.00000000 	 0.00000000 	 172.16199122 	 10.80301748 	 0.74235297 	 0.00000000 	 0.00000000 	 0.00000000 	 0.00000000 	 0.00000000 	 0.00000000 	 0.00000000 	 0.00000000 	 0.00000000 	 0.00000000 	 0.00000000 	 0.00000000 	 0.00000000 	 0.00000000 	 0.00000000 	 0.00000000 	 0.00000000 	 0.00000000 	 0.00000000 	 0.00000000 	 0.00000000 	 0.00000000 	 0.00000000 	 0.00000000 	 0.00000000 	 0.00000000 	 0.00000000 	 4.26777076 	 213.91341032 	 33.83026970 	 64.10195982 	 0.76220022 	 7.46278586 	 0.29633613 	 1.44146023
2329 	 0.00000000 	 0.00000000 	 172.16199122 	 10.80301748 	 0.74235297 	 0.00000000 	 0.00000000 	 0.00000000 	 0.00000000 	 0.00000000 	 0.00000000 	 0.00000000 	 0.00000000 	 0.00000000 	 0.00000000 	 0.00000000 	 0.00000000 	 0.00000000 	 0.00000000 	 0.00000000 	 0.00000000 	 0.00000000 	 0.00000000 	 0.00000000 	 0.00000000 	 0.00000000 	 0.00000000 	 0.00000000 	 0.00000000 	 0.00000000 	 0.00000000 	 0.00000000 	 4.26777076 	 213.91341032 	 33.83026970 	 64.10195982 	 0.76220022 	 7.46278586 	 0.29633613 	 1.44146023
2330 	 0.00000000 	 0.00000000 	 172.16199122 	 10.80301748 	 0.74235297 	 0.00000000 	 0.00000000 	 0.00000000 	 0.00000000 	 0.00000000 	 0.00000000 	 0.00000000 	 0.00000000 	 0.00000000 	 0.00000000 	 0.00000000 	 0.00000000 	 0.00000000 	 0.00000000 	 0.00000000 	 0.00000000 	 0.00000000 	 0.00000000 	 0.00000000 	 0.00000000 	 0.00000000 	 0.00000000 	 0.00000000 	 0.00000000 	 0.00000000 	 0.00000000 	 0.00000000 	 4.26777076 	 213.91341032 	 33.83026970 	 64.10195982 	 0.76220022 	 7.46278586 	 0.29633613 	 1.44146023
2331 	 0.00000000 	 0.00000000 	 172.16199122 	 10.80301748 	 0.74235297 	 0.00000000 	 0.00000000 	 0.00000000 	 0.00000000 	 0.00000000 	 0.00000000 	 0.00000000 	 0.00000000 	 0.00000000 	 0.00000000 	 0.00000000 	 0.00000000 	 0.00000000 	 0.00000000 	 0.00000000 	 0.00000000 	 0.00000000 	 0.00000000 	 0.00000000 	 0.00000000 	 0.00000000 	 0.00000000 	 0.00000000 	 0.00000000 	 0.00000000 	 0.00000000 	 0.00000000 	 4.26777076 	 213.91341032 	 33.83026970 	 64.10195982 	 0.76220022 	 7.46278586 	 0.29633613 	 1.44146023
2332 	 0.00000000 	 0.00000000 	 172.16199122 	 10.80301748 	 0.74235297 	 0.00000000 	 0.00000000 	 0.00000000 	 0.00000000 	 0.00000000 	 0.00000000 	 0.00000000 	 0.00000000 	 0.00000000 	 0.00000000 	 0.00000000 	 0.00000000 	 0.00000000 	 0.00000000 	 0.00000000 	 0.00000000 	 0.00000000 	 0.00000000 	 0.00000000 	 0.00000000 	 0.00000000 	 0.00000000 	 0.00000000 	 0.00000000 	 0.00000000 	 0.00000000 	 0.00000000 	 4.26777076 	 213.91341032 	 33.83026970 	 64.10195982 	 0.76220022 	 7.46278586 	 0.29633613 	 1.44146023
2333 	 0.00000000 	 0.00000000 	 172.16199122 	 10.80301748 	 0.74235297 	 0.00000000 	 0.00000000 	 0.00000000 	 0.00000000 	 0.00000000 	 0.00000000 	 0.00000000 	 0.00000000 	 0.00000000 	 0.00000000 	 0.00000000 	 0.00000000 	 0.00000000 	 0.00000000 	 0.00000000 	 0.00000000 	 0.00000000 	 0.00000000 	 0.00000000 	 0.00000000 	 0.00000000 	 0.00000000 	 0.00000000 	 0.00000000 	 0.00000000 	 0.00000000 	 0.00000000 	 4.26777076 	 213.91341032 	 33.83026970 	 64.10195982 	 0.76220022 	 7.46278586 	 0.29633613 	 1.44146023
2334 	 0.00000000 	 0.00000000 	 172.16199122 	 10.80301748 	 0.74235297 	 0.00000000 	 0.00000000 	 0.00000000 	 0.00000000 	 0.00000000 	 0.00000000 	 0.00000000 	 0.00000000 	 0.00000000 	 0.00000000 	 0.00000000 	 0.00000000 	 0.00000000 	 0.00000000 	 0.00000000 	 0.00000000 	 0.00000000 	 0.00000000 	 0.00000000 	 0.00000000 	 0.00000000 	 0.00000000 	 0.00000000 	 0.00000000 	 0.00000000 	 0.00000000 	 0.00000000 	 4.26777076 	 213.91341032 	 33.83026970 	 64.10195982 	 0.76220022 	 7.46278586 	 0.29633613 	 1.44146023
2335 	 0.00000000 	 0.00000000 	 172.16199122 	 10.80301748 	 0.74235297 	 0.00000000 	 0.00000000 	 0.00000000 	 0.00000000 	 0.00000000 	 0.00000000 	 0.00000000 	 0.00000000 	 0.00000000 	 0.00000000 	 0.00000000 	 0.00000000 	 0.00000000 	 0.00000000 	 0.00000000 	 0.00000000 	 0.00000000 	 0.00000000 	 0.00000000 	 0.00000000 	 0.00000000 	 0.00000000 	 0.00000000 	 0.00000000 	 0.00000000 	 0.00000000 	 0.00000000 	 4.26777076 	 213.91341032 	 33.83026970 	 64.10195982 	 0.76220022 	 7.46278586 	 0.29633613 	 1.44146023
2336 	 0.00000000 	 0.00000000 	 172.16199122 	 10.80301748 	 0.74235297 	 0.00000000 	 0.00000000 	 0.00000000 	 0.00000000 	 0.00000000 	 0.00000000 	 0.00000000 	 0.00000000 	 0.00000000 	 0.00000000 	 0.00000000 	 0.00000000 	 0.00000000 	 0.00000000 	 0.00000000 	 0.00000000 	 0.00000000 	 0.00000000 	 0.00000000 	 0.00000000 	 0.00000000 	 0.00000000 	 0.00000000 	 0.00000000 	 0.00000000 	 0.00000000 	 0.00000000 	 4.26777076 	 213.91341032 	 33.83026970 	 64.10195982 	 0.76220022 	 7.46278586 	 0.29633613 	 1.44146023
2337 	 0.00000000 	 0.00000000 	 172.16199122 	 10.80301748 	 0.74235297 	 0.00000000 	 0.00000000 	 0.00000000 	 0.00000000 	 0.00000000 	 0.00000000 	 0.00000000 	 0.00000000 	 0.00000000 	 0.00000000 	 0.00000000 	 0.00000000 	 0.00000000 	 0.00000000 	 0.00000000 	 0.00000000 	 0.00000000 	 0.00000000 	 0.00000000 	 0.00000000 	 0.00000000 	 0.00000000 	 0.00000000 	 0.00000000 	 0.00000000 	 0.00000000 	 0.00000000 	 4.26777076 	 213.91341032 	 33.83026970 	 64.10195982 	 0.76220022 	 7.46278586 	 0.29633613 	 1.44146023
2338 	 0.00000000 	 0.00000000 	 172.16199122 	 10.80301748 	 0.74235297 	 0.00000000 	 0.00000000 	 0.00000000 	 0.00000000 	 0.00000000 	 0.00000000 	 0.00000000 	 0.00000000 	 0.00000000 	 0.00000000 	 0.00000000 	 0.00000000 	 0.00000000 	 0.00000000 	 0.00000000 	 0.00000000 	 0.00000000 	 0.00000000 	 0.00000000 	 0.00000000 	 0.00000000 	 0.00000000 	 0.00000000 	 0.00000000 	 0.00000000 	 0.00000000 	 0.00000000 	 4.26777076 	 213.91341032 	 33.83026970 	 64.10195982 	 0.76220022 	 7.46278586 	 0.29633613 	 1.44146023
2339 	 0.00000000 	 0.00000000 	 172.16199122 	 10.80301748 	 0.74235297 	 0.00000000 	 0.00000000 	 0.00000000 	 0.00000000 	 0.00000000 	 0.00000000 	 0.00000000 	 0.00000000 	 0.00000000 	 0.00000000 	 0.00000000 	 0.00000000 	 0.00000000 	 0.00000000 	 0.00000000 	 0.00000000 	 0.00000000 	 0.00000000 	 0.00000000 	 0.00000000 	 0.00000000 	 0.00000000 	 0.00000000 	 0.00000000 	 0.00000000 	 0.00000000 	 0.00000000 	 4.26777076 	 213.91341032 	 33.83026970 	 64.10195982 	 0.76220022 	 7.46278586 	 0.29633613 	 1.44146023
2340 	 0.00000000 	 0.00000000 	 172.16199122 	 10.80301748 	 0.74235297 	 0.00000000 	 0.00000000 	 0.00000000 	 0.00000000 	 0.00000000 	 0.00000000 	 0.00000000 	 0.00000000 	 0.00000000 	 0.00000000 	 0.00000000 	 0.00000000 	 0.00000000 	 0.00000000 	 0.00000000 	 0.00000000 	 0.00000000 	 0.00000000 	 0.00000000 	 0.00000000 	 0.00000000 	 0.00000000 	 0.00000000 	 0.00000000 	 0.00000000 	 0.00000000 	 0.00000000 	 4.26777076 	 213.91341032 	 33.83026970 	 64.10195982 	 0.76220022 	 7.46278586 	 0.29633613 	 1.44146023
2341 	 0.00000000 	 0.00000000 	 172.16199122 	 10.80301748 	 0.74235297 	 0.00000000 	 0.00000000 	 0.00000000 	 0.00000000 	 0.00000000 	 0.00000000 	 0.00000000 	 0.00000000 	 0.00000000 	 0.00000000 	 0.00000000 	 0.00000000 	 0.00000000 	 0.00000000 	 0.00000000 	 0.00000000 	 0.00000000 	 0.00000000 	 0.00000000 	 0.00000000 	 0.00000000 	 0.00000000 	 0.00000000 	 0.00000000 	 0.00000000 	 0.00000000 	 0.00000000 	 4.26777076 	 213.91341032 	 33.83026970 	 64.10195982 	 0.76220022 	 7.46278586 	 0.29633613 	 1.44146023
2342 	 0.00000000 	 0.00000000 	 172.16199122 	 10.80301748 	 0.74235297 	 0.00000000 	 0.00000000 	 0.00000000 	 0.00000000 	 0.00000000 	 0.00000000 	 0.00000000 	 0.00000000 	 0.00000000 	 0.00000000 	 0.00000000 	 0.00000000 	 0.00000000 	 0.00000000 	 0.00000000 	 0.00000000 	 0.00000000 	 0.00000000 	 0.00000000 	 0.00000000 	 0.00000000 	 0.00000000 	 0.00000000 	 0.00000000 	 0.00000000 	 0.00000000 	 0.00000000 	 4.26777076 	 213.91341032 	 33.83026970 	 64.10195982 	 0.76220022 	 7.46278586 	 0.29633613 	 1.44146023
2343 	 0.00000000 	 0.00000000 	 172.16199122 	 10.80301748 	 0.74235297 	 0.00000000 	 0.00000000 	 0.00000000 	 0.00000000 	 0.00000000 	 0.00000000 	 0.00000000 	 0.00000000 	 0.00000000 	 0.00000000 	 0.00000000 	 0.00000000 	 0.00000000 	 0.00000000 	 0.00000000 	 0.00000000 	 0.00000000 	 0.00000000 	 0.00000000 	 0.00000000 	 0.00000000 	 0.00000000 	 0.00000000 	 0.00000000 	 0.00000000 	 0.00000000 	 0.00000000 	 4.26777076 	 213.91341032 	 33.83026970 	 64.10195982 	 0.76220022 	 7.46278586 	 0.29633613 	 1.44146023
2344 	 0.00000000 	 0.00000000 	 172.16199122 	 10.80301748 	 0.74235297 	 0.00000000 	 0.00000000 	 0.00000000 	 0.00000000 	 0.00000000 	 0.00000000 	 0.00000000 	 0.00000000 	 0.00000000 	 0.00000000 	 0.00000000 	 0.00000000 	 0.00000000 	 0.00000000 	 0.00000000 	 0.00000000 	 0.00000000 	 0.00000000 	 0.00000000 	 0.00000000 	 0.00000000 	 0.00000000 	 0.00000000 	 0.00000000 	 0.00000000 	 0.00000000 	 0.00000000 	 4.26777076 	 213.91341032 	 33.83026970 	 64.10195982 	 0.76220022 	 7.46278586 	 0.29633613 	 1.44146023
2345 	 0.00000000 	 0.00000000 	 172.16199122 	 10.80301748 	 0.74235297 	 0.00000000 	 0.00000000 	 0.00000000 	 0.00000000 	 0.00000000 	 0.00000000 	 0.00000000 	 0.00000000 	 0.00000000 	 0.00000000 	 0.00000000 	 0.00000000 	 0.00000000 	 0.00000000 	 0.00000000 	 0.00000000 	 0.00000000 	 0.00000000 	 0.00000000 	 0.00000000 	 0.00000000 	 0.00000000 	 0.00000000 	 0.00000000 	 0.00000000 	 0.00000000 	 0.00000000 	 4.26777076 	 213.91341032 	 33.83026970 	 64.10195982 	 0.76220022 	 7.46278586 	 0.29633613 	 1.44146023
2346 	 0.00000000 	 0.00000000 	 172.16199122 	 10.80301748 	 0.74235297 	 0.00000000 	 0.00000000 	 0.00000000 	 0.00000000 	 0.00000000 	 0.00000000 	 0.00000000 	 0.00000000 	 0.00000000 	 0.00000000 	 0.00000000 	 0.00000000 	 0.00000000 	 0.00000000 	 0.00000000 	 0.00000000 	 0.00000000 	 0.00000000 	 0.00000000 	 0.00000000 	 0.00000000 	 0.00000000 	 0.00000000 	 0.00000000 	 0.00000000 	 0.00000000 	 0.00000000 	 4.26777076 	 213.91341032 	 33.83026970 	 64.10195982 	 0.76220022 	 7.46278586 	 0.29633613 	 1.44146023
2347 	 0.00000000 	 0.00000000 	 172.16199122 	 10.80301748 	 0.74235297 	 0.00000000 	 0.00000000 	 0.00000000 	 0.00000000 	 0.00000000 	 0.00000000 	 0.00000000 	 0.00000000 	 0.00000000 	 0.00000000 	 0.00000000 	 0.00000000 	 0.00000000 	 0.00000000 	 0.00000000 	 0.00000000 	 0.00000000 	 0.00000000 	 0.00000000 	 0.00000000 	 0.00000000 	 0.00000000 	 0.00000000 	 0.00000000 	 0.00000000 	 0.00000000 	 0.00000000 	 4.26777076 	 213.91341032 	 33.83026970 	 64.10195982 	 0.76220022 	 7.46278586 	 0.29633613 	 1.44146023
2348 	 0.00000000 	 0.00000000 	 172.16199122 	 10.80301748 	 0.74235297 	 0.00000000 	 0.00000000 	 0.00000000 	 0.00000000 	 0.00000000 	 0.00000000 	 0.00000000 	 0.00000000 	 0.00000000 	 0.00000000 	 0.00000000 	 0.00000000 	 0.00000000 	 0.00000000 	 0.00000000 	 0.00000000 	 0.00000000 	 0.00000000 	 0.00000000 	 0.00000000 	 0.00000000 	 0.00000000 	 0.00000000 	 0.00000000 	 0.00000000 	 0.00000000 	 0.00000000 	 4.26777076 	 213.91341032 	 33.83026970 	 64.10195982 	 0.76220022 	 7.46278586 	 0.29633613 	 1.44146023
2349 	 0.00000000 	 0.00000000 	 172.16199122 	 10.80301748 	 0.74235297 	 0.00000000 	 0.00000000 	 0.00000000 	 0.00000000 	 0.00000000 	 0.00000000 	 0.00000000 	 0.00000000 	 0.00000000 	 0.00000000 	 0.00000000 	 0.00000000 	 0.00000000 	 0.00000000 	 0.00000000 	 0.00000000 	 0.00000000 	 0.00000000 	 0.00000000 	 0.00000000 	 0.00000000 	 0.00000000 	 0.00000000 	 0.00000000 	 0.00000000 	 0.00000000 	 0.00000000 	 4.26777076 	 213.91341032 	 33.83026970 	 64.10195982 	 0.76220022 	 7.46278586 	 0.29633613 	 1.44146023
2350 	 0.00000000 	 0.00000000 	 172.16199122 	 10.80301748 	 0.74235297 	 0.00000000 	 0.00000000 	 0.00000000 	 0.00000000 	 0.00000000 	 0.00000000 	 0.00000000 	 0.00000000 	 0.00000000 	 0.00000000 	 0.00000000 	 0.00000000 	 0.00000000 	 0.00000000 	 0.00000000 	 0.00000000 	 0.00000000 	 0.00000000 	 0.00000000 	 0.00000000 	 0.00000000 	 0.00000000 	 0.00000000 	 0.00000000 	 0.00000000 	 0.00000000 	 0.00000000 	 4.26777076 	 213.91341032 	 33.83026970 	 64.10195982 	 0.76220022 	 7.46278586 	 0.29633613 	 1.44146023
2351 	 0.00000000 	 0.00000000 	 172.16199122 	 10.80301748 	 0.74235297 	 0.00000000 	 0.00000000 	 0.00000000 	 0.00000000 	 0.00000000 	 0.00000000 	 0.00000000 	 0.00000000 	 0.00000000 	 0.00000000 	 0.00000000 	 0.00000000 	 0.00000000 	 0.00000000 	 0.00000000 	 0.00000000 	 0.00000000 	 0.00000000 	 0.00000000 	 0.00000000 	 0.00000000 	 0.00000000 	 0.00000000 	 0.00000000 	 0.00000000 	 0.00000000 	 0.00000000 	 4.26777076 	 213.91341032 	 33.83026970 	 64.10195982 	 0.76220022 	 7.46278586 	 0.29633613 	 1.44146023
2352 	 0.00000000 	 0.00000000 	 172.16199122 	 10.80301748 	 0.74235297 	 0.00000000 	 0.00000000 	 0.00000000 	 0.00000000 	 0.00000000 	 0.00000000 	 0.00000000 	 0.00000000 	 0.00000000 	 0.00000000 	 0.00000000 	 0.00000000 	 0.00000000 	 0.00000000 	 0.00000000 	 0.00000000 	 0.00000000 	 0.00000000 	 0.00000000 	 0.00000000 	 0.00000000 	 0.00000000 	 0.00000000 	 0.00000000 	 0.00000000 	 0.00000000 	 0.00000000 	 4.26777076 	 213.91341032 	 33.83026970 	 64.10195982 	 0.76220022 	 7.46278586 	 0.29633613 	 1.44146023
2353 	 0.00000000 	 0.00000000 	 172.16199122 	 10.80301748 	 0.74235297 	 0.00000000 	 0.00000000 	 0.00000000 	 0.00000000 	 0.00000000 	 0.00000000 	 0.00000000 	 0.00000000 	 0.00000000 	 0.00000000 	 0.00000000 	 0.00000000 	 0.00000000 	 0.00000000 	 0.00000000 	 0.00000000 	 0.00000000 	 0.00000000 	 0.00000000 	 0.00000000 	 0.00000000 	 0.00000000 	 0.00000000 	 0.00000000 	 0.00000000 	 0.00000000 	 0.00000000 	 4.26777076 	 213.91341032 	 33.83026970 	 64.10195982 	 0.76220022 	 7.46278586 	 0.29633613 	 1.44146023
2354 	 0.00000000 	 0.00000000 	 172.16199122 	 10.80301748 	 0.74235297 	 0.00000000 	 0.00000000 	 0.00000000 	 0.00000000 	 0.00000000 	 0.00000000 	 0.00000000 	 0.00000000 	 0.00000000 	 0.00000000 	 0.00000000 	 0.00000000 	 0.00000000 	 0.00000000 	 0.00000000 	 0.00000000 	 0.00000000 	 0.00000000 	 0.00000000 	 0.00000000 	 0.00000000 	 0.00000000 	 0.00000000 	 0.00000000 	 0.00000000 	 0.00000000 	 0.00000000 	 4.26777076 	 213.91341032 	 33.83026970 	 64.10195982 	 0.76220022 	 7.46278586 	 0.29633613 	 1.44146023
2355 	 0.00000000 	 0.00000000 	 172.16199122 	 10.80301748 	 0.74235297 	 0.00000000 	 0.00000000 	 0.00000000 	 0.00000000 	 0.00000000 	 0.00000000 	 0.00000000 	 0.00000000 	 0.00000000 	 0.00000000 	 0.00000000 	 0.00000000 	 0.00000000 	 0.00000000 	 0.00000000 	 0.00000000 	 0.00000000 	 0.00000000 	 0.00000000 	 0.00000000 	 0.00000000 	 0.00000000 	 0.00000000 	 0.00000000 	 0.00000000 	 0.00000000 	 0.00000000 	 4.26777076 	 213.91341032 	 33.83026970 	 64.10195982 	 0.76220022 	 7.46278586 	 0.29633613 	 1.44146023
2356 	 0.00000000 	 0.00000000 	 172.16199122 	 10.80301748 	 0.74235297 	 0.00000000 	 0.00000000 	 0.00000000 	 0.00000000 	 0.00000000 	 0.00000000 	 0.00000000 	 0.00000000 	 0.00000000 	 0.00000000 	 0.00000000 	 0.00000000 	 0.00000000 	 0.00000000 	 0.00000000 	 0.00000000 	 0.00000000 	 0.00000000 	 0.00000000 	 0.00000000 	 0.00000000 	 0.00000000 	 0.00000000 	 0.00000000 	 0.00000000 	 0.00000000 	 0.00000000 	 4.26777076 	 213.91341032 	 33.83026970 	 64.10195982 	 0.76220022 	 7.46278586 	 0.29633613 	 1.44146023
2357 	 0.00000000 	 0.00000000 	 172.16199122 	 10.80301748 	 0.74235297 	 0.00000000 	 0.00000000 	 0.00000000 	 0.00000000 	 0.00000000 	 0.00000000 	 0.00000000 	 0.00000000 	 0.00000000 	 0.00000000 	 0.00000000 	 0.00000000 	 0.00000000 	 0.00000000 	 0.00000000 	 0.00000000 	 0.00000000 	 0.00000000 	 0.00000000 	 0.00000000 	 0.00000000 	 0.00000000 	 0.00000000 	 0.00000000 	 0.00000000 	 0.00000000 	 0.00000000 	 4.26777076 	 213.91341032 	 33.83026970 	 64.10195982 	 0.76220022 	 7.46278586 	 0.29633613 	 1.44146023
2358 	 0.00000000 	 0.00000000 	 172.16199122 	 10.80301748 	 0.74235297 	 0.00000000 	 0.00000000 	 0.00000000 	 0.00000000 	 0.00000000 	 0.00000000 	 0.00000000 	 0.00000000 	 0.00000000 	 0.00000000 	 0.00000000 	 0.00000000 	 0.00000000 	 0.00000000 	 0.00000000 	 0.00000000 	 0.00000000 	 0.00000000 	 0.00000000 	 0.00000000 	 0.00000000 	 0.00000000 	 0.00000000 	 0.00000000 	 0.00000000 	 0.00000000 	 0.00000000 	 4.26777076 	 213.91341032 	 33.83026970 	 64.10195982 	 0.76220022 	 7.46278586 	 0.29633613 	 1.44146023
2359 	 0.00000000 	 0.00000000 	 172.16199122 	 10.80301748 	 0.74235297 	 0.00000000 	 0.00000000 	 0.00000000 	 0.00000000 	 0.00000000 	 0.00000000 	 0.00000000 	 0.00000000 	 0.00000000 	 0.00000000 	 0.00000000 	 0.00000000 	 0.00000000 	 0.00000000 	 0.00000000 	 0.00000000 	 0.00000000 	 0.00000000 	 0.00000000 	 0.00000000 	 0.00000000 	 0.00000000 	 0.00000000 	 0.00000000 	 0.00000000 	 0.00000000 	 0.00000000 	 4.26777076 	 213.91341032 	 33.83026970 	 64.10195982 	 0.76220022 	 7.46278586 	 0.29633613 	 1.44146023
2360 	 0.00000000 	 0.00000000 	 172.16199122 	 10.80301748 	 0.74235297 	 0.00000000 	 0.00000000 	 0.00000000 	 0.00000000 	 0.00000000 	 0.00000000 	 0.00000000 	 0.00000000 	 0.00000000 	 0.00000000 	 0.00000000 	 0.00000000 	 0.00000000 	 0.00000000 	 0.00000000 	 0.00000000 	 0.00000000 	 0.00000000 	 0.00000000 	 0.00000000 	 0.00000000 	 0.00000000 	 0.00000000 	 0.00000000 	 0.00000000 	 0.00000000 	 0.00000000 	 4.26777076 	 213.91341032 	 33.83026970 	 64.10195982 	 0.76220022 	 7.46278586 	 0.29633613 	 1.44146023
2361 	 0.00000000 	 0.00000000 	 172.16199122 	 10.80301748 	 0.74235297 	 0.00000000 	 0.00000000 	 0.00000000 	 0.00000000 	 0.00000000 	 0.00000000 	 0.00000000 	 0.00000000 	 0.00000000 	 0.00000000 	 0.00000000 	 0.00000000 	 0.00000000 	 0.00000000 	 0.00000000 	 0.00000000 	 0.00000000 	 0.00000000 	 0.00000000 	 0.00000000 	 0.00000000 	 0.00000000 	 0.00000000 	 0.00000000 	 0.00000000 	 0.00000000 	 0.00000000 	 4.26777076 	 213.91341032 	 33.83026970 	 64.10195982 	 0.76220022 	 7.46278586 	 0.29633613 	 1.44146023
2362 	 0.00000000 	 0.00000000 	 172.16199122 	 10.80301748 	 0.74235297 	 0.00000000 	 0.00000000 	 0.00000000 	 0.00000000 	 0.00000000 	 0.00000000 	 0.00000000 	 0.00000000 	 0.00000000 	 0.00000000 	 0.00000000 	 0.00000000 	 0.00000000 	 0.00000000 	 0.00000000 	 0.00000000 	 0.00000000 	 0.00000000 	 0.00000000 	 0.00000000 	 0.00000000 	 0.00000000 	 0.00000000 	 0.00000000 	 0.00000000 	 0.00000000 	 0.00000000 	 4.26777076 	 213.91341032 	 33.83026970 	 64.10195982 	 0.76220022 	 7.46278586 	 0.29633613 	 1.44146023
2363 	 0.00000000 	 0.00000000 	 172.16199122 	 10.80301748 	 0.74235297 	 0.00000000 	 0.00000000 	 0.00000000 	 0.00000000 	 0.00000000 	 0.00000000 	 0.00000000 	 0.00000000 	 0.00000000 	 0.00000000 	 0.00000000 	 0.00000000 	 0.00000000 	 0.00000000 	 0.00000000 	 0.00000000 	 0.00000000 	 0.00000000 	 0.00000000 	 0.00000000 	 0.00000000 	 0.00000000 	 0.00000000 	 0.00000000 	 0.00000000 	 0.00000000 	 0.00000000 	 4.26777076 	 213.91341032 	 33.83026970 	 64.10195982 	 0.76220022 	 7.46278586 	 0.29633613 	 1.44146023
2364 	 0.00000000 	 0.00000000 	 172.16199122 	 10.80301748 	 0.74235297 	 0.00000000 	 0.00000000 	 0.00000000 	 0.00000000 	 0.00000000 	 0.00000000 	 0.00000000 	 0.00000000 	 0.00000000 	 0.00000000 	 0.00000000 	 0.00000000 	 0.00000000 	 0.00000000 	 0.00000000 	 0.00000000 	 0.00000000 	 0.00000000 	 0.00000000 	 0.00000000 	 0.00000000 	 0.00000000 	 0.00000000 	 0.00000000 	 0.00000000 	 0.00000000 	 0.00000000 	 4.26777076 	 213.91341032 	 33.83026970 	 64.10195982 	 0.76220022 	 7.46278586 	 0.29633613 	 1.44146023
2365 	 0.00000000 	 0.00000000 	 172.16199122 	 10.80301748 	 0.74235297 	 0.00000000 	 0.00000000 	 0.00000000 	 0.00000000 	 0.00000000 	 0.00000000 	 0.00000000 	 0.00000000 	 0.00000000 	 0.00000000 	 0.00000000 	 0.00000000 	 0.00000000 	 0.00000000 	 0.00000000 	 0.00000000 	 0.00000000 	 0.00000000 	 0.00000000 	 0.00000000 	 0.00000000 	 0.00000000 	 0.00000000 	 0.00000000 	 0.00000000 	 0.00000000 	 0.00000000 	 4.26777076 	 213.91341032 	 33.83026970 	 64.10195982 	 0.76220022 	 7.46278586 	 0.29633613 	 1.44146023
2366 	 0.00000000 	 0.00000000 	 172.16199122 	 10.80301748 	 0.74235297 	 0.00000000 	 0.00000000 	 0.00000000 	 0.00000000 	 0.00000000 	 0.00000000 	 0.00000000 	 0.00000000 	 0.00000000 	 0.00000000 	 0.00000000 	 0.00000000 	 0.00000000 	 0.00000000 	 0.00000000 	 0.00000000 	 0.00000000 	 0.00000000 	 0.00000000 	 0.00000000 	 0.00000000 	 0.00000000 	 0.00000000 	 0.00000000 	 0.00000000 	 0.00000000 	 0.00000000 	 4.26777076 	 213.91341032 	 33.83026970 	 64.10195982 	 0.76220022 	 7.46278586 	 0.29633613 	 1.44146023
2367 	 0.00000000 	 0.00000000 	 172.16199122 	 10.80301748 	 0.74235297 	 0.00000000 	 0.00000000 	 0.00000000 	 0.00000000 	 0.00000000 	 0.00000000 	 0.00000000 	 0.00000000 	 0.00000000 	 0.00000000 	 0.00000000 	 0.00000000 	 0.00000000 	 0.00000000 	 0.00000000 	 0.00000000 	 0.00000000 	 0.00000000 	 0.00000000 	 0.00000000 	 0.00000000 	 0.00000000 	 0.00000000 	 0.00000000 	 0.00000000 	 0.00000000 	 0.00000000 	 4.26777076 	 213.91341032 	 33.83026970 	 64.10195982 	 0.76220022 	 7.46278586 	 0.29633613 	 1.44146023
2368 	 0.00000000 	 0.00000000 	 172.16199122 	 10.80301748 	 0.74235297 	 0.00000000 	 0.00000000 	 0.00000000 	 0.00000000 	 0.00000000 	 0.00000000 	 0.00000000 	 0.00000000 	 0.00000000 	 0.00000000 	 0.00000000 	 0.00000000 	 0.00000000 	 0.00000000 	 0.00000000 	 0.00000000 	 0.00000000 	 0.00000000 	 0.00000000 	 0.00000000 	 0.00000000 	 0.00000000 	 0.00000000 	 0.00000000 	 0.00000000 	 0.00000000 	 0.00000000 	 4.26777076 	 213.91341032 	 33.83026970 	 64.10195982 	 0.76220022 	 7.46278586 	 0.29633613 	 1.44146023
2369 	 0.00000000 	 0.00000000 	 172.16199122 	 10.80301748 	 0.74235297 	 0.00000000 	 0.00000000 	 0.00000000 	 0.00000000 	 0.00000000 	 0.00000000 	 0.00000000 	 0.00000000 	 0.00000000 	 0.00000000 	 0.00000000 	 0.00000000 	 0.00000000 	 0.00000000 	 0.00000000 	 0.00000000 	 0.00000000 	 0.00000000 	 0.00000000 	 0.00000000 	 0.00000000 	 0.00000000 	 0.00000000 	 0.00000000 	 0.00000000 	 0.00000000 	 0.00000000 	 4.26777076 	 213.91341032 	 33.83026970 	 64.10195982 	 0.76220022 	 7.46278586 	 0.29633613 	 1.44146023
2370 	 0.00000000 	 0.00000000 	 172.16199122 	 10.80301748 	 0.74235297 	 0.00000000 	 0.00000000 	 0.00000000 	 0.00000000 	 0.00000000 	 0.00000000 	 0.00000000 	 0.00000000 	 0.00000000 	 0.00000000 	 0.00000000 	 0.00000000 	 0.00000000 	 0.00000000 	 0.00000000 	 0.00000000 	 0.00000000 	 0.00000000 	 0.00000000 	 0.00000000 	 0.00000000 	 0.00000000 	 0.00000000 	 0.00000000 	 0.00000000 	 0.00000000 	 0.00000000 	 4.26777076 	 213.91341032 	 33.83026970 	 64.10195982 	 0.76220022 	 7.46278586 	 0.29633613 	 1.44146023
2371 	 0.00000000 	 0.00000000 	 172.16199122 	 10.80301748 	 0.74235297 	 0.00000000 	 0.00000000 	 0.00000000 	 0.00000000 	 0.00000000 	 0.00000000 	 0.00000000 	 0.00000000 	 0.00000000 	 0.00000000 	 0.00000000 	 0.00000000 	 0.00000000 	 0.00000000 	 0.00000000 	 0.00000000 	 0.00000000 	 0.00000000 	 0.00000000 	 0.00000000 	 0.00000000 	 0.00000000 	 0.00000000 	 0.00000000 	 0.00000000 	 0.00000000 	 0.00000000 	 4.26777076 	 213.91341032 	 33.83026970 	 64.10195982 	 0.76220022 	 7.46278586 	 0.29633613 	 1.44146023
2372 	 0.00000000 	 0.00000000 	 172.16199122 	 10.80301748 	 0.74235297 	 0.00000000 	 0.00000000 	 0.00000000 	 0.00000000 	 0.00000000 	 0.00000000 	 0.00000000 	 0.00000000 	 0.00000000 	 0.00000000 	 0.00000000 	 0.00000000 	 0.00000000 	 0.00000000 	 0.00000000 	 0.00000000 	 0.00000000 	 0.00000000 	 0.00000000 	 0.00000000 	 0.00000000 	 0.00000000 	 0.00000000 	 0.00000000 	 0.00000000 	 0.00000000 	 0.00000000 	 4.26777076 	 213.91341032 	 33.83026970 	 64.10195982 	 0.76220022 	 7.46278586 	 0.29633613 	 1.44146023
2373 	 0.00000000 	 0.00000000 	 172.16199122 	 10.80301748 	 0.74235297 	 0.00000000 	 0.00000000 	 0.00000000 	 0.00000000 	 0.00000000 	 0.00000000 	 0.00000000 	 0.00000000 	 0.00000000 	 0.00000000 	 0.00000000 	 0.00000000 	 0.00000000 	 0.00000000 	 0.00000000 	 0.00000000 	 0.00000000 	 0.00000000 	 0.00000000 	 0.00000000 	 0.00000000 	 0.00000000 	 0.00000000 	 0.00000000 	 0.00000000 	 0.00000000 	 0.00000000 	 4.26777076 	 213.91341032 	 33.83026970 	 64.10195982 	 0.76220022 	 7.46278586 	 0.29633613 	 1.44146023
2374 	 0.00000000 	 0.00000000 	 172.16199122 	 10.80301748 	 0.74235297 	 0.00000000 	 0.00000000 	 0.00000000 	 0.00000000 	 0.00000000 	 0.00000000 	 0.00000000 	 0.00000000 	 0.00000000 	 0.00000000 	 0.00000000 	 0.00000000 	 0.00000000 	 0.00000000 	 0.00000000 	 0.00000000 	 0.00000000 	 0.00000000 	 0.00000000 	 0.00000000 	 0.00000000 	 0.00000000 	 0.00000000 	 0.00000000 	 0.00000000 	 0.00000000 	 0.00000000 	 4.26777076 	 213.91341032 	 33.83026970 	 64.10195982 	 0.76220022 	 7.46278586 	 0.29633613 	 1.44146023
2375 	 0.00000000 	 0.00000000 	 172.16199122 	 10.80301748 	 0.74235297 	 0.00000000 	 0.00000000 	 0.00000000 	 0.00000000 	 0.00000000 	 0.00000000 	 0.00000000 	 0.00000000 	 0.00000000 	 0.00000000 	 0.00000000 	 0.00000000 	 0.00000000 	 0.00000000 	 0.00000000 	 0.00000000 	 0.00000000 	 0.00000000 	 0.00000000 	 0.00000000 	 0.00000000 	 0.00000000 	 0.00000000 	 0.00000000 	 0.00000000 	 0.00000000 	 0.00000000 	 4.26777076 	 213.91341032 	 33.83026970 	 64.10195982 	 0.76220022 	 7.46278586 	 0.29633613 	 1.44146023
2376 	 0.00000000 	 0.00000000 	 172.16199122 	 10.80301748 	 0.74235297 	 0.00000000 	 0.00000000 	 0.00000000 	 0.00000000 	 0.00000000 	 0.00000000 	 0.00000000 	 0.00000000 	 0.00000000 	 0.00000000 	 0.00000000 	 0.00000000 	 0.00000000 	 0.00000000 	 0.00000000 	 0.00000000 	 0.00000000 	 0.00000000 	 0.00000000 	 0.00000000 	 0.00000000 	 0.00000000 	 0.00000000 	 0.00000000 	 0.00000000 	 0.00000000 	 0.00000000 	 4.26777076 	 213.91341032 	 33.83026970 	 64.10195982 	 0.76220022 	 7.46278586 	 0.29633613 	 1.44146023
2377 	 0.00000000 	 0.00000000 	 172.16199122 	 10.80301748 	 0.74235297 	 0.00000000 	 0.00000000 	 0.00000000 	 0.00000000 	 0.00000000 	 0.00000000 	 0.00000000 	 0.00000000 	 0.00000000 	 0.00000000 	 0.00000000 	 0.00000000 	 0.00000000 	 0.00000000 	 0.00000000 	 0.00000000 	 0.00000000 	 0.00000000 	 0.00000000 	 0.00000000 	 0.00000000 	 0.00000000 	 0.00000000 	 0.00000000 	 0.00000000 	 0.00000000 	 0.00000000 	 4.26777076 	 213.91341032 	 33.83026970 	 64.10195982 	 0.76220022 	 7.46278586 	 0.29633613 	 1.44146023
2378 	 0.00000000 	 0.00000000 	 172.16199122 	 10.80301748 	 0.74235297 	 0.00000000 	 0.00000000 	 0.00000000 	 0.00000000 	 0.00000000 	 0.00000000 	 0.00000000 	 0.00000000 	 0.00000000 	 0.00000000 	 0.00000000 	 0.00000000 	 0.00000000 	 0.00000000 	 0.00000000 	 0.00000000 	 0.00000000 	 0.00000000 	 0.00000000 	 0.00000000 	 0.00000000 	 0.00000000 	 0.00000000 	 0.00000000 	 0.00000000 	 0.00000000 	 0.00000000 	 4.26777076 	 213.91341032 	 33.83026970 	 64.10195982 	 0.76220022 	 7.46278586 	 0.29633613 	 1.44146023
2379 	 0.00000000 	 0.00000000 	 172.16199122 	 10.80301748 	 0.74235297 	 0.00000000 	 0.00000000 	 0.00000000 	 0.00000000 	 0.00000000 	 0.00000000 	 0.00000000 	 0.00000000 	 0.00000000 	 0.00000000 	 0.00000000 	 0.00000000 	 0.00000000 	 0.00000000 	 0.00000000 	 0.00000000 	 0.00000000 	 0.00000000 	 0.00000000 	 0.00000000 	 0.00000000 	 0.00000000 	 0.00000000 	 0.00000000 	 0.00000000 	 0.00000000 	 0.00000000 	 4.26777076 	 213.91341032 	 33.83026970 	 64.10195982 	 0.76220022 	 7.46278586 	 0.29633613 	 1.44146023
2380 	 0.00000000 	 0.00000000 	 172.16199122 	 10.80301748 	 0.74235297 	 0.00000000 	 0.00000000 	 0.00000000 	 0.00000000 	 0.00000000 	 0.00000000 	 0.00000000 	 0.00000000 	 0.00000000 	 0.00000000 	 0.00000000 	 0.00000000 	 0.00000000 	 0.00000000 	 0.00000000 	 0.00000000 	 0.00000000 	 0.00000000 	 0.00000000 	 0.00000000 	 0.00000000 	 0.00000000 	 0.00000000 	 0.00000000 	 0.00000000 	 0.00000000 	 0.00000000 	 4.26777076 	 213.91341032 	 33.83026970 	 64.10195982 	 0.76220022 	 7.46278586 	 0.29633613 	 1.44146023
2381 	 0.00000000 	 0.00000000 	 172.16199122 	 10.80301748 	 0.74235297 	 0.00000000 	 0.00000000 	 0.00000000 	 0.00000000 	 0.00000000 	 0.00000000 	 0.00000000 	 0.00000000 	 0.00000000 	 0.00000000 	 0.00000000 	 0.00000000 	 0.00000000 	 0.00000000 	 0.00000000 	 0.00000000 	 0.00000000 	 0.00000000 	 0.00000000 	 0.00000000 	 0.00000000 	 0.00000000 	 0.00000000 	 0.00000000 	 0.00000000 	 0.00000000 	 0.00000000 	 4.26777076 	 213.91341032 	 33.83026970 	 64.10195982 	 0.76220022 	 7.46278586 	 0.29633613 	 1.44146023
2382 	 0.00000000 	 0.00000000 	 172.16199122 	 10.80301748 	 0.74235297 	 0.00000000 	 0.00000000 	 0.00000000 	 0.00000000 	 0.00000000 	 0.00000000 	 0.00000000 	 0.00000000 	 0.00000000 	 0.00000000 	 0.00000000 	 0.00000000 	 0.00000000 	 0.00000000 	 0.00000000 	 0.00000000 	 0.00000000 	 0.00000000 	 0.00000000 	 0.00000000 	 0.00000000 	 0.00000000 	 0.00000000 	 0.00000000 	 0.00000000 	 0.00000000 	 0.00000000 	 4.26777076 	 213.91341032 	 33.83026970 	 64.10195982 	 0.76220022 	 7.46278586 	 0.29633613 	 1.44146023
2383 	 0.00000000 	 0.00000000 	 172.16199122 	 10.80301748 	 0.74235297 	 0.00000000 	 0.00000000 	 0.00000000 	 0.00000000 	 0.00000000 	 0.00000000 	 0.00000000 	 0.00000000 	 0.00000000 	 0.00000000 	 0.00000000 	 0.00000000 	 0.00000000 	 0.00000000 	 0.00000000 	 0.00000000 	 0.00000000 	 0.00000000 	 0.00000000 	 0.00000000 	 0.00000000 	 0.00000000 	 0.00000000 	 0.00000000 	 0.00000000 	 0.00000000 	 0.00000000 	 4.26777076 	 213.91341032 	 33.83026970 	 64.10195982 	 0.76220022 	 7.46278586 	 0.29633613 	 1.44146023
2384 	 0.00000000 	 0.00000000 	 172.16199122 	 10.80301748 	 0.74235297 	 0.00000000 	 0.00000000 	 0.00000000 	 0.00000000 	 0.00000000 	 0.00000000 	 0.00000000 	 0.00000000 	 0.00000000 	 0.00000000 	 0.00000000 	 0.00000000 	 0.00000000 	 0.00000000 	 0.00000000 	 0.00000000 	 0.00000000 	 0.00000000 	 0.00000000 	 0.00000000 	 0.00000000 	 0.00000000 	 0.00000000 	 0.00000000 	 0.00000000 	 0.00000000 	 0.00000000 	 4.26777076 	 213.91341032 	 33.83026970 	 64.10195982 	 0.76220022 	 7.46278586 	 0.29633613 	 1.44146023
2385 	 0.00000000 	 0.00000000 	 172.16199122 	 10.80301748 	 0.74235297 	 0.00000000 	 0.00000000 	 0.00000000 	 0.00000000 	 0.00000000 	 0.00000000 	 0.00000000 	 0.00000000 	 0.00000000 	 0.00000000 	 0.00000000 	 0.00000000 	 0.00000000 	 0.00000000 	 0.00000000 	 0.00000000 	 0.00000000 	 0.00000000 	 0.00000000 	 0.00000000 	 0.00000000 	 0.00000000 	 0.00000000 	 0.00000000 	 0.00000000 	 0.00000000 	 0.00000000 	 4.26777076 	 213.91341032 	 33.83026970 	 64.10195982 	 0.76220022 	 7.46278586 	 0.29633613 	 1.44146023
2386 	 0.00000000 	 0.00000000 	 172.16199122 	 10.80301748 	 0.74235297 	 0.00000000 	 0.00000000 	 0.00000000 	 0.00000000 	 0.00000000 	 0.00000000 	 0.00000000 	 0.00000000 	 0.00000000 	 0.00000000 	 0.00000000 	 0.00000000 	 0.00000000 	 0.00000000 	 0.00000000 	 0.00000000 	 0.00000000 	 0.00000000 	 0.00000000 	 0.00000000 	 0.00000000 	 0.00000000 	 0.00000000 	 0.00000000 	 0.00000000 	 0.00000000 	 0.00000000 	 4.26777076 	 213.91341032 	 33.83026970 	 64.10195982 	 0.76220022 	 7.46278586 	 0.29633613 	 1.44146023
2387 	 0.00000000 	 0.00000000 	 172.16199122 	 10.80301748 	 0.74235297 	 0.00000000 	 0.00000000 	 0.00000000 	 0.00000000 	 0.00000000 	 0.00000000 	 0.00000000 	 0.00000000 	 0.00000000 	 0.00000000 	 0.00000000 	 0.00000000 	 0.00000000 	 0.00000000 	 0.00000000 	 0.00000000 	 0.00000000 	 0.00000000 	 0.00000000 	 0.00000000 	 0.00000000 	 0.00000000 	 0.00000000 	 0.00000000 	 0.00000000 	 0.00000000 	 0.00000000 	 4.26777076 	 213.91341032 	 33.83026970 	 64.10195982 	 0.76220022 	 7.46278586 	 0.29633613 	 1.44146023
2388 	 0.00000000 	 0.00000000 	 172.16199122 	 10.80301748 	 0.74235297 	 0.00000000 	 0.00000000 	 0.00000000 	 0.00000000 	 0.00000000 	 0.00000000 	 0.00000000 	 0.00000000 	 0.00000000 	 0.00000000 	 0.00000000 	 0.00000000 	 0.00000000 	 0.00000000 	 0.00000000 	 0.00000000 	 0.00000000 	 0.00000000 	 0.00000000 	 0.00000000 	 0.00000000 	 0.00000000 	 0.00000000 	 0.00000000 	 0.00000000 	 0.00000000 	 0.00000000 	 4.26777076 	 213.91341032 	 33.83026970 	 64.10195982 	 0.76220022 	 7.46278586 	 0.29633613 	 1.44146023
2389 	 0.00000000 	 0.00000000 	 172.16199122 	 10.80301748 	 0.74235297 	 0.00000000 	 0.00000000 	 0.00000000 	 0.00000000 	 0.00000000 	 0.00000000 	 0.00000000 	 0.00000000 	 0.00000000 	 0.00000000 	 0.00000000 	 0.00000000 	 0.00000000 	 0.00000000 	 0.00000000 	 0.00000000 	 0.00000000 	 0.00000000 	 0.00000000 	 0.00000000 	 0.00000000 	 0.00000000 	 0.00000000 	 0.00000000 	 0.00000000 	 0.00000000 	 0.00000000 	 4.26777076 	 213.91341032 	 33.83026970 	 64.10195982 	 0.76220022 	 7.46278586 	 0.29633613 	 1.44146023
2390 	 0.00000000 	 0.00000000 	 172.16199122 	 10.80301748 	 0.74235297 	 0.00000000 	 0.00000000 	 0.00000000 	 0.00000000 	 0.00000000 	 0.00000000 	 0.00000000 	 0.00000000 	 0.00000000 	 0.00000000 	 0.00000000 	 0.00000000 	 0.00000000 	 0.00000000 	 0.00000000 	 0.00000000 	 0.00000000 	 0.00000000 	 0.00000000 	 0.00000000 	 0.00000000 	 0.00000000 	 0.00000000 	 0.00000000 	 0.00000000 	 0.00000000 	 0.00000000 	 4.26777076 	 213.91341032 	 33.83026970 	 64.10195982 	 0.76220022 	 7.46278586 	 0.29633613 	 1.44146023
2391 	 0.00000000 	 0.00000000 	 172.16199122 	 10.80301748 	 0.74235297 	 0.00000000 	 0.00000000 	 0.00000000 	 0.00000000 	 0.00000000 	 0.00000000 	 0.00000000 	 0.00000000 	 0.00000000 	 0.00000000 	 0.00000000 	 0.00000000 	 0.00000000 	 0.00000000 	 0.00000000 	 0.00000000 	 0.00000000 	 0.00000000 	 0.00000000 	 0.00000000 	 0.00000000 	 0.00000000 	 0.00000000 	 0.00000000 	 0.00000000 	 0.00000000 	 0.00000000 	 4.26777076 	 213.91341032 	 33.83026970 	 64.10195982 	 0.76220022 	 7.46278586 	 0.29633613 	 1.44146023
2392 	 0.00000000 	 0.00000000 	 172.16199122 	 10.80301748 	 0.74235297 	 0.00000000 	 0.00000000 	 0.00000000 	 0.00000000 	 0.00000000 	 0.00000000 	 0.00000000 	 0.00000000 	 0.00000000 	 0.00000000 	 0.00000000 	 0.00000000 	 0.00000000 	 0.00000000 	 0.00000000 	 0.00000000 	 0.00000000 	 0.00000000 	 0.00000000 	 0.00000000 	 0.00000000 	 0.00000000 	 0.00000000 	 0.00000000 	 0.00000000 	 0.00000000 	 0.00000000 	 4.26777076 	 213.91341032 	 33.83026970 	 64.10195982 	 0.76220022 	 7.46278586 	 0.29633613 	 1.44146023
2393 	 0.00000000 	 0.00000000 	 172.16199122 	 10.80301748 	 0.74235297 	 0.00000000 	 0.00000000 	 0.00000000 	 0.00000000 	 0.00000000 	 0.00000000 	 0.00000000 	 0.00000000 	 0.00000000 	 0.00000000 	 0.00000000 	 0.00000000 	 0.00000000 	 0.00000000 	 0.00000000 	 0.00000000 	 0.00000000 	 0.00000000 	 0.00000000 	 0.00000000 	 0.00000000 	 0.00000000 	 0.00000000 	 0.00000000 	 0.00000000 	 0.00000000 	 0.00000000 	 4.26777076 	 213.91341032 	 33.83026970 	 64.10195982 	 0.76220022 	 7.46278586 	 0.29633613 	 1.44146023
2394 	 0.00000000 	 0.00000000 	 172.16199122 	 10.80301748 	 0.74235297 	 0.00000000 	 0.00000000 	 0.00000000 	 0.00000000 	 0.00000000 	 0.00000000 	 0.00000000 	 0.00000000 	 0.00000000 	 0.00000000 	 0.00000000 	 0.00000000 	 0.00000000 	 0.00000000 	 0.00000000 	 0.00000000 	 0.00000000 	 0.00000000 	 0.00000000 	 0.00000000 	 0.00000000 	 0.00000000 	 0.00000000 	 0.00000000 	 0.00000000 	 0.00000000 	 0.00000000 	 4.26777076 	 213.91341032 	 33.83026970 	 64.10195982 	 0.76220022 	 7.46278586 	 0.29633613 	 1.44146023
2395 	 0.00000000 	 0.00000000 	 172.16199122 	 10.80301748 	 0.74235297 	 0.00000000 	 0.00000000 	 0.00000000 	 0.00000000 	 0.00000000 	 0.00000000 	 0.00000000 	 0.00000000 	 0.00000000 	 0.00000000 	 0.00000000 	 0.00000000 	 0.00000000 	 0.00000000 	 0.00000000 	 0.00000000 	 0.00000000 	 0.00000000 	 0.00000000 	 0.00000000 	 0.00000000 	 0.00000000 	 0.00000000 	 0.00000000 	 0.00000000 	 0.00000000 	 0.00000000 	 4.26777076 	 213.91341032 	 33.83026970 	 64.10195982 	 0.76220022 	 7.46278586 	 0.29633613 	 1.44146023
2396 	 0.00000000 	 0.00000000 	 172.16199122 	 10.80301748 	 0.74235297 	 0.00000000 	 0.00000000 	 0.00000000 	 0.00000000 	 0.00000000 	 0.00000000 	 0.00000000 	 0.00000000 	 0.00000000 	 0.00000000 	 0.00000000 	 0.00000000 	 0.00000000 	 0.00000000 	 0.00000000 	 0.00000000 	 0.00000000 	 0.00000000 	 0.00000000 	 0.00000000 	 0.00000000 	 0.00000000 	 0.00000000 	 0.00000000 	 0.00000000 	 0.00000000 	 0.00000000 	 4.26777076 	 213.91341032 	 33.83026970 	 64.10195982 	 0.76220022 	 7.46278586 	 0.29633613 	 1.44146023
2397 	 0.00000000 	 0.00000000 	 172.16199122 	 10.80301748 	 0.74235297 	 0.00000000 	 0.00000000 	 0.00000000 	 0.00000000 	 0.00000000 	 0.00000000 	 0.00000000 	 0.00000000 	 0.00000000 	 0.00000000 	 0.00000000 	 0.00000000 	 0.00000000 	 0.00000000 	 0.00000000 	 0.00000000 	 0.00000000 	 0.00000000 	 0.00000000 	 0.00000000 	 0.00000000 	 0.00000000 	 0.00000000 	 0.00000000 	 0.00000000 	 0.00000000 	 0.00000000 	 4.26777076 	 213.91341032 	 33.83026970 	 64.10195982 	 0.76220022 	 7.46278586 	 0.29633613 	 1.44146023
2398 	 0.00000000 	 0.00000000 	 172.16199122 	 10.80301748 	 0.74235297 	 0.00000000 	 0.00000000 	 0.00000000 	 0.00000000 	 0.00000000 	 0.00000000 	 0.00000000 	 0.00000000 	 0.00000000 	 0.00000000 	 0.00000000 	 0.00000000 	 0.00000000 	 0.00000000 	 0.00000000 	 0.00000000 	 0.00000000 	 0.00000000 	 0.00000000 	 0.00000000 	 0.00000000 	 0.00000000 	 0.00000000 	 0.00000000 	 0.00000000 	 0.00000000 	 0.00000000 	 4.26777076 	 213.91341032 	 33.83026970 	 64.10195982 	 0.76220022 	 7.46278586 	 0.29633613 	 1.44146023
2399 	 0.00000000 	 0.00000000 	 172.16199122 	 10.80301748 	 0.74235297 	 0.00000000 	 0.00000000 	 0.00000000 	 0.00000000 	 0.00000000 	 0.00000000 	 0.00000000 	 0.00000000 	 0.00000000 	 0.00000000 	 0.00000000 	 0.00000000 	 0.00000000 	 0.00000000 	 0.00000000 	 0.00000000 	 0.00000000 	 0.00000000 	 0.00000000 	 0.00000000 	 0.00000000 	 0.00000000 	 0.00000000 	 0.00000000 	 0.00000000 	 0.00000000 	 0.00000000 	 4.26777076 	 213.91341032 	 33.83026970 	 64.10195982 	 0.76220022 	 7.46278586 	 0.29633613 	 1.44146023
2400 	 0.00000000 	 0.00000000 	 172.16199122 	 10.80301748 	 0.74235297 	 0.00000000 	 0.00000000 	 0.00000000 	 0.00000000 	 0.00000000 	 0.00000000 	 0.00000000 	 0.00000000 	 0.00000000 	 0.00000000 	 0.00000000 	 0.00000000 	 0.00000000 	 0.00000000 	 0.00000000 	 0.00000000 	 0.00000000 	 0.00000000 	 0.00000000 	 0.00000000 	 0.00000000 	 0.00000000 	 0.00000000 	 0.00000000 	 0.00000000 	 0.00000000 	 0.00000000 	 4.26777076 	 213.91341032 	 33.83026970 	 64.10195982 	 0.76220022 	 7.46278586 	 0.29633613 	 1.44146023
2401 	 0.00000000 	 0.00000000 	 172.16199122 	 10.80301748 	 0.74235297 	 0.00000000 	 0.00000000 	 0.00000000 	 0.00000000 	 0.00000000 	 0.00000000 	 0.00000000 	 0.00000000 	 0.00000000 	 0.00000000 	 0.00000000 	 0.00000000 	 0.00000000 	 0.00000000 	 0.00000000 	 0.00000000 	 0.00000000 	 0.00000000 	 0.00000000 	 0.00000000 	 0.00000000 	 0.00000000 	 0.00000000 	 0.00000000 	 0.00000000 	 0.00000000 	 0.00000000 	 4.26777076 	 213.91341032 	 33.83026970 	 64.10195982 	 0.76220022 	 7.46278586 	 0.29633613 	 1.44146023
2402 	 0.00000000 	 0.00000000 	 172.16199122 	 10.80301748 	 0.74235297 	 0.00000000 	 0.00000000 	 0.00000000 	 0.00000000 	 0.00000000 	 0.00000000 	 0.00000000 	 0.00000000 	 0.00000000 	 0.00000000 	 0.00000000 	 0.00000000 	 0.00000000 	 0.00000000 	 0.00000000 	 0.00000000 	 0.00000000 	 0.00000000 	 0.00000000 	 0.00000000 	 0.00000000 	 0.00000000 	 0.00000000 	 0.00000000 	 0.00000000 	 0.00000000 	 0.00000000 	 4.26777076 	 213.91341032 	 33.83026970 	 64.10195982 	 0.76220022 	 7.46278586 	 0.29633613 	 1.44146023
2403 	 0.00000000 	 0.00000000 	 172.16199122 	 10.80301748 	 0.74235297 	 0.00000000 	 0.00000000 	 0.00000000 	 0.00000000 	 0.00000000 	 0.00000000 	 0.00000000 	 0.00000000 	 0.00000000 	 0.00000000 	 0.00000000 	 0.00000000 	 0.00000000 	 0.00000000 	 0.00000000 	 0.00000000 	 0.00000000 	 0.00000000 	 0.00000000 	 0.00000000 	 0.00000000 	 0.00000000 	 0.00000000 	 0.00000000 	 0.00000000 	 0.00000000 	 0.00000000 	 4.26777076 	 213.91341032 	 33.83026970 	 64.10195982 	 0.76220022 	 7.46278586 	 0.29633613 	 1.44146023
2404 	 0.00000000 	 0.00000000 	 172.16199122 	 10.80301748 	 0.74235297 	 0.00000000 	 0.00000000 	 0.00000000 	 0.00000000 	 0.00000000 	 0.00000000 	 0.00000000 	 0.00000000 	 0.00000000 	 0.00000000 	 0.00000000 	 0.00000000 	 0.00000000 	 0.00000000 	 0.00000000 	 0.00000000 	 0.00000000 	 0.00000000 	 0.00000000 	 0.00000000 	 0.00000000 	 0.00000000 	 0.00000000 	 0.00000000 	 0.00000000 	 0.00000000 	 0.00000000 	 4.26777076 	 213.91341032 	 33.83026970 	 64.10195982 	 0.76220022 	 7.46278586 	 0.29633613 	 1.44146023
2405 	 0.00000000 	 0.00000000 	 172.16199122 	 10.80301748 	 0.74235297 	 0.00000000 	 0.00000000 	 0.00000000 	 0.00000000 	 0.00000000 	 0.00000000 	 0.00000000 	 0.00000000 	 0.00000000 	 0.00000000 	 0.00000000 	 0.00000000 	 0.00000000 	 0.00000000 	 0.00000000 	 0.00000000 	 0.00000000 	 0.00000000 	 0.00000000 	 0.00000000 	 0.00000000 	 0.00000000 	 0.00000000 	 0.00000000 	 0.00000000 	 0.00000000 	 0.00000000 	 4.26777076 	 213.91341032 	 33.83026970 	 64.10195982 	 0.76220022 	 7.46278586 	 0.29633613 	 1.44146023
2406 	 0.00000000 	 0.00000000 	 172.16199122 	 10.80301748 	 0.74235297 	 0.00000000 	 0.00000000 	 0.00000000 	 0.00000000 	 0.00000000 	 0.00000000 	 0.00000000 	 0.00000000 	 0.00000000 	 0.00000000 	 0.00000000 	 0.00000000 	 0.00000000 	 0.00000000 	 0.00000000 	 0.00000000 	 0.00000000 	 0.00000000 	 0.00000000 	 0.00000000 	 0.00000000 	 0.00000000 	 0.00000000 	 0.00000000 	 0.00000000 	 0.00000000 	 0.00000000 	 4.26777076 	 213.91341032 	 33.83026970 	 64.10195982 	 0.76220022 	 7.46278586 	 0.29633613 	 1.44146023
2407 	 0.00000000 	 0.00000000 	 172.16199122 	 10.80301748 	 0.74235297 	 0.00000000 	 0.00000000 	 0.00000000 	 0.00000000 	 0.00000000 	 0.00000000 	 0.00000000 	 0.00000000 	 0.00000000 	 0.00000000 	 0.00000000 	 0.00000000 	 0.00000000 	 0.00000000 	 0.00000000 	 0.00000000 	 0.00000000 	 0.00000000 	 0.00000000 	 0.00000000 	 0.00000000 	 0.00000000 	 0.00000000 	 0.00000000 	 0.00000000 	 0.00000000 	 0.00000000 	 4.26777076 	 213.91341032 	 33.83026970 	 64.10195982 	 0.76220022 	 7.46278586 	 0.29633613 	 1.44146023
2408 	 0.00000000 	 0.00000000 	 172.16199122 	 10.80301748 	 0.74235297 	 0.00000000 	 0.00000000 	 0.00000000 	 0.00000000 	 0.00000000 	 0.00000000 	 0.00000000 	 0.00000000 	 0.00000000 	 0.00000000 	 0.00000000 	 0.00000000 	 0.00000000 	 0.00000000 	 0.00000000 	 0.00000000 	 0.00000000 	 0.00000000 	 0.00000000 	 0.00000000 	 0.00000000 	 0.00000000 	 0.00000000 	 0.00000000 	 0.00000000 	 0.00000000 	 0.00000000 	 4.26777076 	 213.91341032 	 33.83026970 	 64.10195982 	 0.76220022 	 7.46278586 	 0.29633613 	 1.44146023
2409 	 0.00000000 	 0.00000000 	 172.16199122 	 10.80301748 	 0.74235297 	 0.00000000 	 0.00000000 	 0.00000000 	 0.00000000 	 0.00000000 	 0.00000000 	 0.00000000 	 0.00000000 	 0.00000000 	 0.00000000 	 0.00000000 	 0.00000000 	 0.00000000 	 0.00000000 	 0.00000000 	 0.00000000 	 0.00000000 	 0.00000000 	 0.00000000 	 0.00000000 	 0.00000000 	 0.00000000 	 0.00000000 	 0.00000000 	 0.00000000 	 0.00000000 	 0.00000000 	 4.26777076 	 213.91341032 	 33.83026970 	 64.10195982 	 0.76220022 	 7.46278586 	 0.29633613 	 1.44146023
2410 	 0.00000000 	 0.00000000 	 172.16199122 	 10.80301748 	 0.74235297 	 0.00000000 	 0.00000000 	 0.00000000 	 0.00000000 	 0.00000000 	 0.00000000 	 0.00000000 	 0.00000000 	 0.00000000 	 0.00000000 	 0.00000000 	 0.00000000 	 0.00000000 	 0.00000000 	 0.00000000 	 0.00000000 	 0.00000000 	 0.00000000 	 0.00000000 	 0.00000000 	 0.00000000 	 0.00000000 	 0.00000000 	 0.00000000 	 0.00000000 	 0.00000000 	 0.00000000 	 4.26777076 	 213.91341032 	 33.83026970 	 64.10195982 	 0.76220022 	 7.46278586 	 0.29633613 	 1.44146023
2411 	 0.00000000 	 0.00000000 	 172.16199122 	 10.80301748 	 0.74235297 	 0.00000000 	 0.00000000 	 0.00000000 	 0.00000000 	 0.00000000 	 0.00000000 	 0.00000000 	 0.00000000 	 0.00000000 	 0.00000000 	 0.00000000 	 0.00000000 	 0.00000000 	 0.00000000 	 0.00000000 	 0.00000000 	 0.00000000 	 0.00000000 	 0.00000000 	 0.00000000 	 0.00000000 	 0.00000000 	 0.00000000 	 0.00000000 	 0.00000000 	 0.00000000 	 0.00000000 	 4.26777076 	 213.91341032 	 33.83026970 	 64.10195982 	 0.76220022 	 7.46278586 	 0.29633613 	 1.44146023
2412 	 0.00000000 	 0.00000000 	 172.16199122 	 10.80301748 	 0.74235297 	 0.00000000 	 0.00000000 	 0.00000000 	 0.00000000 	 0.00000000 	 0.00000000 	 0.00000000 	 0.00000000 	 0.00000000 	 0.00000000 	 0.00000000 	 0.00000000 	 0.00000000 	 0.00000000 	 0.00000000 	 0.00000000 	 0.00000000 	 0.00000000 	 0.00000000 	 0.00000000 	 0.00000000 	 0.00000000 	 0.00000000 	 0.00000000 	 0.00000000 	 0.00000000 	 0.00000000 	 4.26777076 	 213.91341032 	 33.83026970 	 64.10195982 	 0.76220022 	 7.46278586 	 0.29633613 	 1.44146023
2413 	 0.00000000 	 0.00000000 	 172.16199122 	 10.80301748 	 0.74235297 	 0.00000000 	 0.00000000 	 0.00000000 	 0.00000000 	 0.00000000 	 0.00000000 	 0.00000000 	 0.00000000 	 0.00000000 	 0.00000000 	 0.00000000 	 0.00000000 	 0.00000000 	 0.00000000 	 0.00000000 	 0.00000000 	 0.00000000 	 0.00000000 	 0.00000000 	 0.00000000 	 0.00000000 	 0.00000000 	 0.00000000 	 0.00000000 	 0.00000000 	 0.00000000 	 0.00000000 	 4.26777076 	 213.91341032 	 33.83026970 	 64.10195982 	 0.76220022 	 7.46278586 	 0.29633613 	 1.44146023
2414 	 0.00000000 	 0.00000000 	 172.16199122 	 10.80301748 	 0.74235297 	 0.00000000 	 0.00000000 	 0.00000000 	 0.00000000 	 0.00000000 	 0.00000000 	 0.00000000 	 0.00000000 	 0.00000000 	 0.00000000 	 0.00000000 	 0.00000000 	 0.00000000 	 0.00000000 	 0.00000000 	 0.00000000 	 0.00000000 	 0.00000000 	 0.00000000 	 0.00000000 	 0.00000000 	 0.00000000 	 0.00000000 	 0.00000000 	 0.00000000 	 0.00000000 	 0.00000000 	 4.26777076 	 213.91341032 	 33.83026970 	 64.10195982 	 0.76220022 	 7.46278586 	 0.29633613 	 1.44146023
2415 	 0.00000000 	 0.00000000 	 172.16199122 	 10.80301748 	 0.74235297 	 0.00000000 	 0.00000000 	 0.00000000 	 0.00000000 	 0.00000000 	 0.00000000 	 0.00000000 	 0.00000000 	 0.00000000 	 0.00000000 	 0.00000000 	 0.00000000 	 0.00000000 	 0.00000000 	 0.00000000 	 0.00000000 	 0.00000000 	 0.00000000 	 0.00000000 	 0.00000000 	 0.00000000 	 0.00000000 	 0.00000000 	 0.00000000 	 0.00000000 	 0.00000000 	 0.00000000 	 4.26777076 	 213.91341032 	 33.83026970 	 64.10195982 	 0.76220022 	 7.46278586 	 0.29633613 	 1.44146023
2416 	 0.00000000 	 0.00000000 	 172.16199122 	 10.80301748 	 0.74235297 	 0.00000000 	 0.00000000 	 0.00000000 	 0.00000000 	 0.00000000 	 0.00000000 	 0.00000000 	 0.00000000 	 0.00000000 	 0.00000000 	 0.00000000 	 0.00000000 	 0.00000000 	 0.00000000 	 0.00000000 	 0.00000000 	 0.00000000 	 0.00000000 	 0.00000000 	 0.00000000 	 0.00000000 	 0.00000000 	 0.00000000 	 0.00000000 	 0.00000000 	 0.00000000 	 0.00000000 	 4.26777076 	 213.91341032 	 33.83026970 	 64.10195982 	 0.76220022 	 7.46278586 	 0.29633613 	 1.44146023
2417 	 0.00000000 	 0.00000000 	 172.16199122 	 10.80301748 	 0.74235297 	 0.00000000 	 0.00000000 	 0.00000000 	 0.00000000 	 0.00000000 	 0.00000000 	 0.00000000 	 0.00000000 	 0.00000000 	 0.00000000 	 0.00000000 	 0.00000000 	 0.00000000 	 0.00000000 	 0.00000000 	 0.00000000 	 0.00000000 	 0.00000000 	 0.00000000 	 0.00000000 	 0.00000000 	 0.00000000 	 0.00000000 	 0.00000000 	 0.00000000 	 0.00000000 	 0.00000000 	 4.26777076 	 213.91341032 	 33.83026970 	 64.10195982 	 0.76220022 	 7.46278586 	 0.29633613 	 1.44146023
2418 	 0.00000000 	 0.00000000 	 172.16199122 	 10.80301748 	 0.74235297 	 0.00000000 	 0.00000000 	 0.00000000 	 0.00000000 	 0.00000000 	 0.00000000 	 0.00000000 	 0.00000000 	 0.00000000 	 0.00000000 	 0.00000000 	 0.00000000 	 0.00000000 	 0.00000000 	 0.00000000 	 0.00000000 	 0.00000000 	 0.00000000 	 0.00000000 	 0.00000000 	 0.00000000 	 0.00000000 	 0.00000000 	 0.00000000 	 0.00000000 	 0.00000000 	 0.00000000 	 4.26777076 	 213.91341032 	 33.83026970 	 64.10195982 	 0.76220022 	 7.46278586 	 0.29633613 	 1.44146023
2419 	 0.00000000 	 0.00000000 	 172.16199122 	 10.80301748 	 0.74235297 	 0.00000000 	 0.00000000 	 0.00000000 	 0.00000000 	 0.00000000 	 0.00000000 	 0.00000000 	 0.00000000 	 0.00000000 	 0.00000000 	 0.00000000 	 0.00000000 	 0.00000000 	 0.00000000 	 0.00000000 	 0.00000000 	 0.00000000 	 0.00000000 	 0.00000000 	 0.00000000 	 0.00000000 	 0.00000000 	 0.00000000 	 0.00000000 	 0.00000000 	 0.00000000 	 0.00000000 	 4.26777076 	 213.91341032 	 33.83026970 	 64.10195982 	 0.76220022 	 7.46278586 	 0.29633613 	 1.44146023
2420 	 0.00000000 	 0.00000000 	 172.16199122 	 10.80301748 	 0.74235297 	 0.00000000 	 0.00000000 	 0.00000000 	 0.00000000 	 0.00000000 	 0.00000000 	 0.00000000 	 0.00000000 	 0.00000000 	 0.00000000 	 0.00000000 	 0.00000000 	 0.00000000 	 0.00000000 	 0.00000000 	 0.00000000 	 0.00000000 	 0.00000000 	 0.00000000 	 0.00000000 	 0.00000000 	 0.00000000 	 0.00000000 	 0.00000000 	 0.00000000 	 0.00000000 	 0.00000000 	 4.26777076 	 213.91341032 	 33.83026970 	 64.10195982 	 0.76220022 	 7.46278586 	 0.29633613 	 1.44146023
2421 	 0.00000000 	 0.00000000 	 172.16199122 	 10.80301748 	 0.74235297 	 0.00000000 	 0.00000000 	 0.00000000 	 0.00000000 	 0.00000000 	 0.00000000 	 0.00000000 	 0.00000000 	 0.00000000 	 0.00000000 	 0.00000000 	 0.00000000 	 0.00000000 	 0.00000000 	 0.00000000 	 0.00000000 	 0.00000000 	 0.00000000 	 0.00000000 	 0.00000000 	 0.00000000 	 0.00000000 	 0.00000000 	 0.00000000 	 0.00000000 	 0.00000000 	 0.00000000 	 4.26777076 	 213.91341032 	 33.83026970 	 64.10195982 	 0.76220022 	 7.46278586 	 0.29633613 	 1.44146023
2422 	 0.00000000 	 0.00000000 	 172.16199122 	 10.80301748 	 0.74235297 	 0.00000000 	 0.00000000 	 0.00000000 	 0.00000000 	 0.00000000 	 0.00000000 	 0.00000000 	 0.00000000 	 0.00000000 	 0.00000000 	 0.00000000 	 0.00000000 	 0.00000000 	 0.00000000 	 0.00000000 	 0.00000000 	 0.00000000 	 0.00000000 	 0.00000000 	 0.00000000 	 0.00000000 	 0.00000000 	 0.00000000 	 0.00000000 	 0.00000000 	 0.00000000 	 0.00000000 	 4.26777076 	 213.91341032 	 33.83026970 	 64.10195982 	 0.76220022 	 7.46278586 	 0.29633613 	 1.44146023
2423 	 0.00000000 	 0.00000000 	 172.16199122 	 10.80301748 	 0.74235297 	 0.00000000 	 0.00000000 	 0.00000000 	 0.00000000 	 0.00000000 	 0.00000000 	 0.00000000 	 0.00000000 	 0.00000000 	 0.00000000 	 0.00000000 	 0.00000000 	 0.00000000 	 0.00000000 	 0.00000000 	 0.00000000 	 0.00000000 	 0.00000000 	 0.00000000 	 0.00000000 	 0.00000000 	 0.00000000 	 0.00000000 	 0.00000000 	 0.00000000 	 0.00000000 	 0.00000000 	 4.26777076 	 213.91341032 	 33.83026970 	 64.10195982 	 0.76220022 	 7.46278586 	 0.29633613 	 1.44146023
2424 	 0.00000000 	 0.00000000 	 172.16199122 	 10.80301748 	 0.74235297 	 0.00000000 	 0.00000000 	 0.00000000 	 0.00000000 	 0.00000000 	 0.00000000 	 0.00000000 	 0.00000000 	 0.00000000 	 0.00000000 	 0.00000000 	 0.00000000 	 0.00000000 	 0.00000000 	 0.00000000 	 0.00000000 	 0.00000000 	 0.00000000 	 0.00000000 	 0.00000000 	 0.00000000 	 0.00000000 	 0.00000000 	 0.00000000 	 0.00000000 	 0.00000000 	 0.00000000 	 4.26777076 	 213.91341032 	 33.83026970 	 64.10195982 	 0.76220022 	 7.46278586 	 0.29633613 	 1.44146023
2425 	 0.00000000 	 0.00000000 	 172.16199122 	 10.80301748 	 0.74235297 	 0.00000000 	 0.00000000 	 0.00000000 	 0.00000000 	 0.00000000 	 0.00000000 	 0.00000000 	 0.00000000 	 0.00000000 	 0.00000000 	 0.00000000 	 0.00000000 	 0.00000000 	 0.00000000 	 0.00000000 	 0.00000000 	 0.00000000 	 0.00000000 	 0.00000000 	 0.00000000 	 0.00000000 	 0.00000000 	 0.00000000 	 0.00000000 	 0.00000000 	 0.00000000 	 0.00000000 	 4.26777076 	 213.91341032 	 33.83026970 	 64.10195982 	 0.76220022 	 7.46278586 	 0.29633613 	 1.44146023
2426 	 0.00000000 	 0.00000000 	 172.16199122 	 10.80301748 	 0.74235297 	 0.00000000 	 0.00000000 	 0.00000000 	 0.00000000 	 0.00000000 	 0.00000000 	 0.00000000 	 0.00000000 	 0.00000000 	 0.00000000 	 0.00000000 	 0.00000000 	 0.00000000 	 0.00000000 	 0.00000000 	 0.00000000 	 0.00000000 	 0.00000000 	 0.00000000 	 0.00000000 	 0.00000000 	 0.00000000 	 0.00000000 	 0.00000000 	 0.00000000 	 0.00000000 	 0.00000000 	 4.26777076 	 213.91341032 	 33.83026970 	 64.10195982 	 0.76220022 	 7.46278586 	 0.29633613 	 1.44146023
2427 	 0.00000000 	 0.00000000 	 172.16199122 	 10.80301748 	 0.74235297 	 0.00000000 	 0.00000000 	 0.00000000 	 0.00000000 	 0.00000000 	 0.00000000 	 0.00000000 	 0.00000000 	 0.00000000 	 0.00000000 	 0.00000000 	 0.00000000 	 0.00000000 	 0.00000000 	 0.00000000 	 0.00000000 	 0.00000000 	 0.00000000 	 0.00000000 	 0.00000000 	 0.00000000 	 0.00000000 	 0.00000000 	 0.00000000 	 0.00000000 	 0.00000000 	 0.00000000 	 4.26777076 	 213.91341032 	 33.83026970 	 64.10195982 	 0.76220022 	 7.46278586 	 0.29633613 	 1.44146023
2428 	 0.00000000 	 0.00000000 	 172.16199122 	 10.80301748 	 0.74235297 	 0.00000000 	 0.00000000 	 0.00000000 	 0.00000000 	 0.00000000 	 0.00000000 	 0.00000000 	 0.00000000 	 0.00000000 	 0.00000000 	 0.00000000 	 0.00000000 	 0.00000000 	 0.00000000 	 0.00000000 	 0.00000000 	 0.00000000 	 0.00000000 	 0.00000000 	 0.00000000 	 0.00000000 	 0.00000000 	 0.00000000 	 0.00000000 	 0.00000000 	 0.00000000 	 0.00000000 	 4.26777076 	 213.91341032 	 33.83026970 	 64.10195982 	 0.76220022 	 7.46278586 	 0.29633613 	 1.44146023
2429 	 0.00000000 	 0.00000000 	 172.16199122 	 10.80301748 	 0.74235297 	 0.00000000 	 0.00000000 	 0.00000000 	 0.00000000 	 0.00000000 	 0.00000000 	 0.00000000 	 0.00000000 	 0.00000000 	 0.00000000 	 0.00000000 	 0.00000000 	 0.00000000 	 0.00000000 	 0.00000000 	 0.00000000 	 0.00000000 	 0.00000000 	 0.00000000 	 0.00000000 	 0.00000000 	 0.00000000 	 0.00000000 	 0.00000000 	 0.00000000 	 0.00000000 	 0.00000000 	 4.26777076 	 213.91341032 	 33.83026970 	 64.10195982 	 0.76220022 	 7.46278586 	 0.29633613 	 1.44146023
2430 	 0.00000000 	 0.00000000 	 172.16199122 	 10.80301748 	 0.74235297 	 0.00000000 	 0.00000000 	 0.00000000 	 0.00000000 	 0.00000000 	 0.00000000 	 0.00000000 	 0.00000000 	 0.00000000 	 0.00000000 	 0.00000000 	 0.00000000 	 0.00000000 	 0.00000000 	 0.00000000 	 0.00000000 	 0.00000000 	 0.00000000 	 0.00000000 	 0.00000000 	 0.00000000 	 0.00000000 	 0.00000000 	 0.00000000 	 0.00000000 	 0.00000000 	 0.00000000 	 4.26777076 	 213.91341032 	 33.83026970 	 64.10195982 	 0.76220022 	 7.46278586 	 0.29633613 	 1.44146023
2431 	 0.00000000 	 0.00000000 	 172.16199122 	 10.80301748 	 0.74235297 	 0.00000000 	 0.00000000 	 0.00000000 	 0.00000000 	 0.00000000 	 0.00000000 	 0.00000000 	 0.00000000 	 0.00000000 	 0.00000000 	 0.00000000 	 0.00000000 	 0.00000000 	 0.00000000 	 0.00000000 	 0.00000000 	 0.00000000 	 0.00000000 	 0.00000000 	 0.00000000 	 0.00000000 	 0.00000000 	 0.00000000 	 0.00000000 	 0.00000000 	 0.00000000 	 0.00000000 	 4.26777076 	 213.91341032 	 33.83026970 	 64.10195982 	 0.76220022 	 7.46278586 	 0.29633613 	 1.44146023
2432 	 0.00000000 	 0.00000000 	 172.16199122 	 10.80301748 	 0.74235297 	 0.00000000 	 0.00000000 	 0.00000000 	 0.00000000 	 0.00000000 	 0.00000000 	 0.00000000 	 0.00000000 	 0.00000000 	 0.00000000 	 0.00000000 	 0.00000000 	 0.00000000 	 0.00000000 	 0.00000000 	 0.00000000 	 0.00000000 	 0.00000000 	 0.00000000 	 0.00000000 	 0.00000000 	 0.00000000 	 0.00000000 	 0.00000000 	 0.00000000 	 0.00000000 	 0.00000000 	 4.26777076 	 213.91341032 	 33.83026970 	 64.10195982 	 0.76220022 	 7.46278586 	 0.29633613 	 1.44146023
2433 	 0.00000000 	 0.00000000 	 172.16199122 	 10.80301748 	 0.74235297 	 0.00000000 	 0.00000000 	 0.00000000 	 0.00000000 	 0.00000000 	 0.00000000 	 0.00000000 	 0.00000000 	 0.00000000 	 0.00000000 	 0.00000000 	 0.00000000 	 0.00000000 	 0.00000000 	 0.00000000 	 0.00000000 	 0.00000000 	 0.00000000 	 0.00000000 	 0.00000000 	 0.00000000 	 0.00000000 	 0.00000000 	 0.00000000 	 0.00000000 	 0.00000000 	 0.00000000 	 4.26777076 	 213.91341032 	 33.83026970 	 64.10195982 	 0.76220022 	 7.46278586 	 0.29633613 	 1.44146023
2434 	 0.00000000 	 0.00000000 	 172.16199122 	 10.80301748 	 0.74235297 	 0.00000000 	 0.00000000 	 0.00000000 	 0.00000000 	 0.00000000 	 0.00000000 	 0.00000000 	 0.00000000 	 0.00000000 	 0.00000000 	 0.00000000 	 0.00000000 	 0.00000000 	 0.00000000 	 0.00000000 	 0.00000000 	 0.00000000 	 0.00000000 	 0.00000000 	 0.00000000 	 0.00000000 	 0.00000000 	 0.00000000 	 0.00000000 	 0.00000000 	 0.00000000 	 0.00000000 	 4.26777076 	 213.91341032 	 33.83026970 	 64.10195982 	 0.76220022 	 7.46278586 	 0.29633613 	 1.44146023
2435 	 0.00000000 	 0.00000000 	 172.16199122 	 10.80301748 	 0.74235297 	 0.00000000 	 0.00000000 	 0.00000000 	 0.00000000 	 0.00000000 	 0.00000000 	 0.00000000 	 0.00000000 	 0.00000000 	 0.00000000 	 0.00000000 	 0.00000000 	 0.00000000 	 0.00000000 	 0.00000000 	 0.00000000 	 0.00000000 	 0.00000000 	 0.00000000 	 0.00000000 	 0.00000000 	 0.00000000 	 0.00000000 	 0.00000000 	 0.00000000 	 0.00000000 	 0.00000000 	 4.26777076 	 213.91341032 	 33.83026970 	 64.10195982 	 0.76220022 	 7.46278586 	 0.29633613 	 1.44146023
2436 	 0.00000000 	 0.00000000 	 172.16199122 	 10.80301748 	 0.74235297 	 0.00000000 	 0.00000000 	 0.00000000 	 0.00000000 	 0.00000000 	 0.00000000 	 0.00000000 	 0.00000000 	 0.00000000 	 0.00000000 	 0.00000000 	 0.00000000 	 0.00000000 	 0.00000000 	 0.00000000 	 0.00000000 	 0.00000000 	 0.00000000 	 0.00000000 	 0.00000000 	 0.00000000 	 0.00000000 	 0.00000000 	 0.00000000 	 0.00000000 	 0.00000000 	 0.00000000 	 4.26777076 	 213.91341032 	 33.83026970 	 64.10195982 	 0.76220022 	 7.46278586 	 0.29633613 	 1.44146023
2437 	 0.00000000 	 0.00000000 	 172.16199122 	 10.80301748 	 0.74235297 	 0.00000000 	 0.00000000 	 0.00000000 	 0.00000000 	 0.00000000 	 0.00000000 	 0.00000000 	 0.00000000 	 0.00000000 	 0.00000000 	 0.00000000 	 0.00000000 	 0.00000000 	 0.00000000 	 0.00000000 	 0.00000000 	 0.00000000 	 0.00000000 	 0.00000000 	 0.00000000 	 0.00000000 	 0.00000000 	 0.00000000 	 0.00000000 	 0.00000000 	 0.00000000 	 0.00000000 	 4.26777076 	 213.91341032 	 33.83026970 	 64.10195982 	 0.76220022 	 7.46278586 	 0.29633613 	 1.44146023
2438 	 0.00000000 	 0.00000000 	 172.16199122 	 10.80301748 	 0.74235297 	 0.00000000 	 0.00000000 	 0.00000000 	 0.00000000 	 0.00000000 	 0.00000000 	 0.00000000 	 0.00000000 	 0.00000000 	 0.00000000 	 0.00000000 	 0.00000000 	 0.00000000 	 0.00000000 	 0.00000000 	 0.00000000 	 0.00000000 	 0.00000000 	 0.00000000 	 0.00000000 	 0.00000000 	 0.00000000 	 0.00000000 	 0.00000000 	 0.00000000 	 0.00000000 	 0.00000000 	 4.26777076 	 213.91341032 	 33.83026970 	 64.10195982 	 0.76220022 	 7.46278586 	 0.29633613 	 1.44146023
2439 	 0.00000000 	 0.00000000 	 172.16199122 	 10.80301748 	 0.74235297 	 0.00000000 	 0.00000000 	 0.00000000 	 0.00000000 	 0.00000000 	 0.00000000 	 0.00000000 	 0.00000000 	 0.00000000 	 0.00000000 	 0.00000000 	 0.00000000 	 0.00000000 	 0.00000000 	 0.00000000 	 0.00000000 	 0.00000000 	 0.00000000 	 0.00000000 	 0.00000000 	 0.00000000 	 0.00000000 	 0.00000000 	 0.00000000 	 0.00000000 	 0.00000000 	 0.00000000 	 4.26777076 	 213.91341032 	 33.83026970 	 64.10195982 	 0.76220022 	 7.46278586 	 0.29633613 	 1.44146023
2440 	 0.00000000 	 0.00000000 	 172.16199122 	 10.80301748 	 0.74235297 	 0.00000000 	 0.00000000 	 0.00000000 	 0.00000000 	 0.00000000 	 0.00000000 	 0.00000000 	 0.00000000 	 0.00000000 	 0.00000000 	 0.00000000 	 0.00000000 	 0.00000000 	 0.00000000 	 0.00000000 	 0.00000000 	 0.00000000 	 0.00000000 	 0.00000000 	 0.00000000 	 0.00000000 	 0.00000000 	 0.00000000 	 0.00000000 	 0.00000000 	 0.00000000 	 0.00000000 	 4.26777076 	 213.91341032 	 33.83026970 	 64.10195982 	 0.76220022 	 7.46278586 	 0.29633613 	 1.44146023
2441 	 0.00000000 	 0.00000000 	 172.16199122 	 10.80301748 	 0.74235297 	 0.00000000 	 0.00000000 	 0.00000000 	 0.00000000 	 0.00000000 	 0.00000000 	 0.00000000 	 0.00000000 	 0.00000000 	 0.00000000 	 0.00000000 	 0.00000000 	 0.00000000 	 0.00000000 	 0.00000000 	 0.00000000 	 0.00000000 	 0.00000000 	 0.00000000 	 0.00000000 	 0.00000000 	 0.00000000 	 0.00000000 	 0.00000000 	 0.00000000 	 0.00000000 	 0.00000000 	 4.26777076 	 213.91341032 	 33.83026970 	 64.10195982 	 0.76220022 	 7.46278586 	 0.29633613 	 1.44146023
2442 	 0.00000000 	 0.00000000 	 172.16199122 	 10.80301748 	 0.74235297 	 0.00000000 	 0.00000000 	 0.00000000 	 0.00000000 	 0.00000000 	 0.00000000 	 0.00000000 	 0.00000000 	 0.00000000 	 0.00000000 	 0.00000000 	 0.00000000 	 0.00000000 	 0.00000000 	 0.00000000 	 0.00000000 	 0.00000000 	 0.00000000 	 0.00000000 	 0.00000000 	 0.00000000 	 0.00000000 	 0.00000000 	 0.00000000 	 0.00000000 	 0.00000000 	 0.00000000 	 4.26777076 	 213.91341032 	 33.83026970 	 64.10195982 	 0.76220022 	 7.46278586 	 0.29633613 	 1.44146023
2443 	 0.00000000 	 0.00000000 	 172.16199122 	 10.80301748 	 0.74235297 	 0.00000000 	 0.00000000 	 0.00000000 	 0.00000000 	 0.00000000 	 0.00000000 	 0.00000000 	 0.00000000 	 0.00000000 	 0.00000000 	 0.00000000 	 0.00000000 	 0.00000000 	 0.00000000 	 0.00000000 	 0.00000000 	 0.00000000 	 0.00000000 	 0.00000000 	 0.00000000 	 0.00000000 	 0.00000000 	 0.00000000 	 0.00000000 	 0.00000000 	 0.00000000 	 0.00000000 	 4.26777076 	 213.91341032 	 33.83026970 	 64.10195982 	 0.76220022 	 7.46278586 	 0.29633613 	 1.44146023
2444 	 0.00000000 	 0.00000000 	 172.16199122 	 10.80301748 	 0.74235297 	 0.00000000 	 0.00000000 	 0.00000000 	 0.00000000 	 0.00000000 	 0.00000000 	 0.00000000 	 0.00000000 	 0.00000000 	 0.00000000 	 0.00000000 	 0.00000000 	 0.00000000 	 0.00000000 	 0.00000000 	 0.00000000 	 0.00000000 	 0.00000000 	 0.00000000 	 0.00000000 	 0.00000000 	 0.00000000 	 0.00000000 	 0.00000000 	 0.00000000 	 0.00000000 	 0.00000000 	 4.26777076 	 213.91341032 	 33.83026970 	 64.10195982 	 0.76220022 	 7.46278586 	 0.29633613 	 1.44146023
2445 	 0.00000000 	 0.00000000 	 172.16199122 	 10.80301748 	 0.74235297 	 0.00000000 	 0.00000000 	 0.00000000 	 0.00000000 	 0.00000000 	 0.00000000 	 0.00000000 	 0.00000000 	 0.00000000 	 0.00000000 	 0.00000000 	 0.00000000 	 0.00000000 	 0.00000000 	 0.00000000 	 0.00000000 	 0.00000000 	 0.00000000 	 0.00000000 	 0.00000000 	 0.00000000 	 0.00000000 	 0.00000000 	 0.00000000 	 0.00000000 	 0.00000000 	 0.00000000 	 4.26777076 	 213.91341032 	 33.83026970 	 64.10195982 	 0.76220022 	 7.46278586 	 0.29633613 	 1.44146023
2446 	 0.00000000 	 0.00000000 	 172.16199122 	 10.80301748 	 0.74235297 	 0.00000000 	 0.00000000 	 0.00000000 	 0.00000000 	 0.00000000 	 0.00000000 	 0.00000000 	 0.00000000 	 0.00000000 	 0.00000000 	 0.00000000 	 0.00000000 	 0.00000000 	 0.00000000 	 0.00000000 	 0.00000000 	 0.00000000 	 0.00000000 	 0.00000000 	 0.00000000 	 0.00000000 	 0.00000000 	 0.00000000 	 0.00000000 	 0.00000000 	 0.00000000 	 0.00000000 	 4.26777076 	 213.91341032 	 33.83026970 	 64.10195982 	 0.76220022 	 7.46278586 	 0.29633613 	 1.44146023
2447 	 0.00000000 	 0.00000000 	 172.16199122 	 10.80301748 	 0.74235297 	 0.00000000 	 0.00000000 	 0.00000000 	 0.00000000 	 0.00000000 	 0.00000000 	 0.00000000 	 0.00000000 	 0.00000000 	 0.00000000 	 0.00000000 	 0.00000000 	 0.00000000 	 0.00000000 	 0.00000000 	 0.00000000 	 0.00000000 	 0.00000000 	 0.00000000 	 0.00000000 	 0.00000000 	 0.00000000 	 0.00000000 	 0.00000000 	 0.00000000 	 0.00000000 	 0.00000000 	 4.26777076 	 213.91341032 	 33.83026970 	 64.10195982 	 0.76220022 	 7.46278586 	 0.29633613 	 1.44146023
2448 	 0.00000000 	 0.00000000 	 172.16199122 	 10.80301748 	 0.74235297 	 0.00000000 	 0.00000000 	 0.00000000 	 0.00000000 	 0.00000000 	 0.00000000 	 0.00000000 	 0.00000000 	 0.00000000 	 0.00000000 	 0.00000000 	 0.00000000 	 0.00000000 	 0.00000000 	 0.00000000 	 0.00000000 	 0.00000000 	 0.00000000 	 0.00000000 	 0.00000000 	 0.00000000 	 0.00000000 	 0.00000000 	 0.00000000 	 0.00000000 	 0.00000000 	 0.00000000 	 4.26777076 	 213.91341032 	 33.83026970 	 64.10195982 	 0.76220022 	 7.46278586 	 0.29633613 	 1.44146023
2449 	 0.00000000 	 0.00000000 	 172.16199122 	 10.80301748 	 0.74235297 	 0.00000000 	 0.00000000 	 0.00000000 	 0.00000000 	 0.00000000 	 0.00000000 	 0.00000000 	 0.00000000 	 0.00000000 	 0.00000000 	 0.00000000 	 0.00000000 	 0.00000000 	 0.00000000 	 0.00000000 	 0.00000000 	 0.00000000 	 0.00000000 	 0.00000000 	 0.00000000 	 0.00000000 	 0.00000000 	 0.00000000 	 0.00000000 	 0.00000000 	 0.00000000 	 0.00000000 	 4.26777076 	 213.91341032 	 33.83026970 	 64.10195982 	 0.76220022 	 7.46278586 	 0.29633613 	 1.44146023
2450 	 0.00000000 	 0.00000000 	 172.16199122 	 10.80301748 	 0.74235297 	 0.00000000 	 0.00000000 	 0.00000000 	 0.00000000 	 0.00000000 	 0.00000000 	 0.00000000 	 0.00000000 	 0.00000000 	 0.00000000 	 0.00000000 	 0.00000000 	 0.00000000 	 0.00000000 	 0.00000000 	 0.00000000 	 0.00000000 	 0.00000000 	 0.00000000 	 0.00000000 	 0.00000000 	 0.00000000 	 0.00000000 	 0.00000000 	 0.00000000 	 0.00000000 	 0.00000000 	 4.26777076 	 213.91341032 	 33.83026970 	 64.10195982 	 0.76220022 	 7.46278586 	 0.29633613 	 1.44146023
2451 	 0.00000000 	 0.00000000 	 172.16199122 	 10.80301748 	 0.74235297 	 0.00000000 	 0.00000000 	 0.00000000 	 0.00000000 	 0.00000000 	 0.00000000 	 0.00000000 	 0.00000000 	 0.00000000 	 0.00000000 	 0.00000000 	 0.00000000 	 0.00000000 	 0.00000000 	 0.00000000 	 0.00000000 	 0.00000000 	 0.00000000 	 0.00000000 	 0.00000000 	 0.00000000 	 0.00000000 	 0.00000000 	 0.00000000 	 0.00000000 	 0.00000000 	 0.00000000 	 4.26777076 	 213.91341032 	 33.83026970 	 64.10195982 	 0.76220022 	 7.46278586 	 0.29633613 	 1.44146023
2452 	 0.00000000 	 0.00000000 	 172.16199122 	 10.80301748 	 0.74235297 	 0.00000000 	 0.00000000 	 0.00000000 	 0.00000000 	 0.00000000 	 0.00000000 	 0.00000000 	 0.00000000 	 0.00000000 	 0.00000000 	 0.00000000 	 0.00000000 	 0.00000000 	 0.00000000 	 0.00000000 	 0.00000000 	 0.00000000 	 0.00000000 	 0.00000000 	 0.00000000 	 0.00000000 	 0.00000000 	 0.00000000 	 0.00000000 	 0.00000000 	 0.00000000 	 0.00000000 	 4.26777076 	 213.91341032 	 33.83026970 	 64.10195982 	 0.76220022 	 7.46278586 	 0.29633613 	 1.44146023
2453 	 0.00000000 	 0.00000000 	 172.16199122 	 10.80301748 	 0.74235297 	 0.00000000 	 0.00000000 	 0.00000000 	 0.00000000 	 0.00000000 	 0.00000000 	 0.00000000 	 0.00000000 	 0.00000000 	 0.00000000 	 0.00000000 	 0.00000000 	 0.00000000 	 0.00000000 	 0.00000000 	 0.00000000 	 0.00000000 	 0.00000000 	 0.00000000 	 0.00000000 	 0.00000000 	 0.00000000 	 0.00000000 	 0.00000000 	 0.00000000 	 0.00000000 	 0.00000000 	 4.26777076 	 213.91341032 	 33.83026970 	 64.10195982 	 0.76220022 	 7.46278586 	 0.29633613 	 1.44146023
2454 	 0.00000000 	 0.00000000 	 172.16199122 	 10.80301748 	 0.74235297 	 0.00000000 	 0.00000000 	 0.00000000 	 0.00000000 	 0.00000000 	 0.00000000 	 0.00000000 	 0.00000000 	 0.00000000 	 0.00000000 	 0.00000000 	 0.00000000 	 0.00000000 	 0.00000000 	 0.00000000 	 0.00000000 	 0.00000000 	 0.00000000 	 0.00000000 	 0.00000000 	 0.00000000 	 0.00000000 	 0.00000000 	 0.00000000 	 0.00000000 	 0.00000000 	 0.00000000 	 4.26777076 	 213.91341032 	 33.83026970 	 64.10195982 	 0.76220022 	 7.46278586 	 0.29633613 	 1.44146023
2455 	 0.00000000 	 0.00000000 	 172.16199122 	 10.80301748 	 0.74235297 	 0.00000000 	 0.00000000 	 0.00000000 	 0.00000000 	 0.00000000 	 0.00000000 	 0.00000000 	 0.00000000 	 0.00000000 	 0.00000000 	 0.00000000 	 0.00000000 	 0.00000000 	 0.00000000 	 0.00000000 	 0.00000000 	 0.00000000 	 0.00000000 	 0.00000000 	 0.00000000 	 0.00000000 	 0.00000000 	 0.00000000 	 0.00000000 	 0.00000000 	 0.00000000 	 0.00000000 	 4.26777076 	 213.91341032 	 33.83026970 	 64.10195982 	 0.76220022 	 7.46278586 	 0.29633613 	 1.44146023
2456 	 0.00000000 	 0.00000000 	 172.16199122 	 10.80301748 	 0.74235297 	 0.00000000 	 0.00000000 	 0.00000000 	 0.00000000 	 0.00000000 	 0.00000000 	 0.00000000 	 0.00000000 	 0.00000000 	 0.00000000 	 0.00000000 	 0.00000000 	 0.00000000 	 0.00000000 	 0.00000000 	 0.00000000 	 0.00000000 	 0.00000000 	 0.00000000 	 0.00000000 	 0.00000000 	 0.00000000 	 0.00000000 	 0.00000000 	 0.00000000 	 0.00000000 	 0.00000000 	 4.26777076 	 213.91341032 	 33.83026970 	 64.10195982 	 0.76220022 	 7.46278586 	 0.29633613 	 1.44146023
2457 	 0.00000000 	 0.00000000 	 172.16199122 	 10.80301748 	 0.74235297 	 0.00000000 	 0.00000000 	 0.00000000 	 0.00000000 	 0.00000000 	 0.00000000 	 0.00000000 	 0.00000000 	 0.00000000 	 0.00000000 	 0.00000000 	 0.00000000 	 0.00000000 	 0.00000000 	 0.00000000 	 0.00000000 	 0.00000000 	 0.00000000 	 0.00000000 	 0.00000000 	 0.00000000 	 0.00000000 	 0.00000000 	 0.00000000 	 0.00000000 	 0.00000000 	 0.00000000 	 4.26777076 	 213.91341032 	 33.83026970 	 64.10195982 	 0.76220022 	 7.46278586 	 0.29633613 	 1.44146023
2458 	 0.00000000 	 0.00000000 	 172.16199122 	 10.80301748 	 0.74235297 	 0.00000000 	 0.00000000 	 0.00000000 	 0.00000000 	 0.00000000 	 0.00000000 	 0.00000000 	 0.00000000 	 0.00000000 	 0.00000000 	 0.00000000 	 0.00000000 	 0.00000000 	 0.00000000 	 0.00000000 	 0.00000000 	 0.00000000 	 0.00000000 	 0.00000000 	 0.00000000 	 0.00000000 	 0.00000000 	 0.00000000 	 0.00000000 	 0.00000000 	 0.00000000 	 0.00000000 	 4.26777076 	 213.91341032 	 33.83026970 	 64.10195982 	 0.76220022 	 7.46278586 	 0.29633613 	 1.44146023
2459 	 0.00000000 	 0.00000000 	 172.16199122 	 10.80301748 	 0.74235297 	 0.00000000 	 0.00000000 	 0.00000000 	 0.00000000 	 0.00000000 	 0.00000000 	 0.00000000 	 0.00000000 	 0.00000000 	 0.00000000 	 0.00000000 	 0.00000000 	 0.00000000 	 0.00000000 	 0.00000000 	 0.00000000 	 0.00000000 	 0.00000000 	 0.00000000 	 0.00000000 	 0.00000000 	 0.00000000 	 0.00000000 	 0.00000000 	 0.00000000 	 0.00000000 	 0.00000000 	 4.26777076 	 213.91341032 	 33.83026970 	 64.10195982 	 0.76220022 	 7.46278586 	 0.29633613 	 1.44146023
2460 	 0.00000000 	 0.00000000 	 172.16199122 	 10.80301748 	 0.74235297 	 0.00000000 	 0.00000000 	 0.00000000 	 0.00000000 	 0.00000000 	 0.00000000 	 0.00000000 	 0.00000000 	 0.00000000 	 0.00000000 	 0.00000000 	 0.00000000 	 0.00000000 	 0.00000000 	 0.00000000 	 0.00000000 	 0.00000000 	 0.00000000 	 0.00000000 	 0.00000000 	 0.00000000 	 0.00000000 	 0.00000000 	 0.00000000 	 0.00000000 	 0.00000000 	 0.00000000 	 4.26777076 	 213.91341032 	 33.83026970 	 64.10195982 	 0.76220022 	 7.46278586 	 0.29633613 	 1.44146023
2461 	 0.00000000 	 0.00000000 	 172.16199122 	 10.80301748 	 0.74235297 	 0.00000000 	 0.00000000 	 0.00000000 	 0.00000000 	 0.00000000 	 0.00000000 	 0.00000000 	 0.00000000 	 0.00000000 	 0.00000000 	 0.00000000 	 0.00000000 	 0.00000000 	 0.00000000 	 0.00000000 	 0.00000000 	 0.00000000 	 0.00000000 	 0.00000000 	 0.00000000 	 0.00000000 	 0.00000000 	 0.00000000 	 0.00000000 	 0.00000000 	 0.00000000 	 0.00000000 	 4.26777076 	 213.91341032 	 33.83026970 	 64.10195982 	 0.76220022 	 7.46278586 	 0.29633613 	 1.44146023
2462 	 0.00000000 	 0.00000000 	 172.16199122 	 10.80301748 	 0.74235297 	 0.00000000 	 0.00000000 	 0.00000000 	 0.00000000 	 0.00000000 	 0.00000000 	 0.00000000 	 0.00000000 	 0.00000000 	 0.00000000 	 0.00000000 	 0.00000000 	 0.00000000 	 0.00000000 	 0.00000000 	 0.00000000 	 0.00000000 	 0.00000000 	 0.00000000 	 0.00000000 	 0.00000000 	 0.00000000 	 0.00000000 	 0.00000000 	 0.00000000 	 0.00000000 	 0.00000000 	 4.26777076 	 213.91341032 	 33.83026970 	 64.10195982 	 0.76220022 	 7.46278586 	 0.29633613 	 1.44146023
2463 	 0.00000000 	 0.00000000 	 172.16199122 	 10.80301748 	 0.74235297 	 0.00000000 	 0.00000000 	 0.00000000 	 0.00000000 	 0.00000000 	 0.00000000 	 0.00000000 	 0.00000000 	 0.00000000 	 0.00000000 	 0.00000000 	 0.00000000 	 0.00000000 	 0.00000000 	 0.00000000 	 0.00000000 	 0.00000000 	 0.00000000 	 0.00000000 	 0.00000000 	 0.00000000 	 0.00000000 	 0.00000000 	 0.00000000 	 0.00000000 	 0.00000000 	 0.00000000 	 4.26777076 	 213.91341032 	 33.83026970 	 64.10195982 	 0.76220022 	 7.46278586 	 0.29633613 	 1.44146023
2464 	 0.00000000 	 0.00000000 	 172.16199122 	 10.80301748 	 0.74235297 	 0.00000000 	 0.00000000 	 0.00000000 	 0.00000000 	 0.00000000 	 0.00000000 	 0.00000000 	 0.00000000 	 0.00000000 	 0.00000000 	 0.00000000 	 0.00000000 	 0.00000000 	 0.00000000 	 0.00000000 	 0.00000000 	 0.00000000 	 0.00000000 	 0.00000000 	 0.00000000 	 0.00000000 	 0.00000000 	 0.00000000 	 0.00000000 	 0.00000000 	 0.00000000 	 0.00000000 	 4.26777076 	 213.91341032 	 33.83026970 	 64.10195982 	 0.76220022 	 7.46278586 	 0.29633613 	 1.44146023
2465 	 0.00000000 	 0.00000000 	 172.16199122 	 10.80301748 	 0.74235297 	 0.00000000 	 0.00000000 	 0.00000000 	 0.00000000 	 0.00000000 	 0.00000000 	 0.00000000 	 0.00000000 	 0.00000000 	 0.00000000 	 0.00000000 	 0.00000000 	 0.00000000 	 0.00000000 	 0.00000000 	 0.00000000 	 0.00000000 	 0.00000000 	 0.00000000 	 0.00000000 	 0.00000000 	 0.00000000 	 0.00000000 	 0.00000000 	 0.00000000 	 0.00000000 	 0.00000000 	 4.26777076 	 213.91341032 	 33.83026970 	 64.10195982 	 0.76220022 	 7.46278586 	 0.29633613 	 1.44146023
2466 	 0.00000000 	 0.00000000 	 172.16199122 	 10.80301748 	 0.74235297 	 0.00000000 	 0.00000000 	 0.00000000 	 0.00000000 	 0.00000000 	 0.00000000 	 0.00000000 	 0.00000000 	 0.00000000 	 0.00000000 	 0.00000000 	 0.00000000 	 0.00000000 	 0.00000000 	 0.00000000 	 0.00000000 	 0.00000000 	 0.00000000 	 0.00000000 	 0.00000000 	 0.00000000 	 0.00000000 	 0.00000000 	 0.00000000 	 0.00000000 	 0.00000000 	 0.00000000 	 4.26777076 	 213.91341032 	 33.83026970 	 64.10195982 	 0.76220022 	 7.46278586 	 0.29633613 	 1.44146023
2467 	 0.00000000 	 0.00000000 	 172.16199122 	 10.80301748 	 0.74235297 	 0.00000000 	 0.00000000 	 0.00000000 	 0.00000000 	 0.00000000 	 0.00000000 	 0.00000000 	 0.00000000 	 0.00000000 	 0.00000000 	 0.00000000 	 0.00000000 	 0.00000000 	 0.00000000 	 0.00000000 	 0.00000000 	 0.00000000 	 0.00000000 	 0.00000000 	 0.00000000 	 0.00000000 	 0.00000000 	 0.00000000 	 0.00000000 	 0.00000000 	 0.00000000 	 0.00000000 	 4.26777076 	 213.91341032 	 33.83026970 	 64.10195982 	 0.76220022 	 7.46278586 	 0.29633613 	 1.44146023
2468 	 0.00000000 	 0.00000000 	 172.16199122 	 10.80301748 	 0.74235297 	 0.00000000 	 0.00000000 	 0.00000000 	 0.00000000 	 0.00000000 	 0.00000000 	 0.00000000 	 0.00000000 	 0.00000000 	 0.00000000 	 0.00000000 	 0.00000000 	 0.00000000 	 0.00000000 	 0.00000000 	 0.00000000 	 0.00000000 	 0.00000000 	 0.00000000 	 0.00000000 	 0.00000000 	 0.00000000 	 0.00000000 	 0.00000000 	 0.00000000 	 0.00000000 	 0.00000000 	 4.26777076 	 213.91341032 	 33.83026970 	 64.10195982 	 0.76220022 	 7.46278586 	 0.29633613 	 1.44146023
2469 	 0.00000000 	 0.00000000 	 172.16199122 	 10.80301748 	 0.74235297 	 0.00000000 	 0.00000000 	 0.00000000 	 0.00000000 	 0.00000000 	 0.00000000 	 0.00000000 	 0.00000000 	 0.00000000 	 0.00000000 	 0.00000000 	 0.00000000 	 0.00000000 	 0.00000000 	 0.00000000 	 0.00000000 	 0.00000000 	 0.00000000 	 0.00000000 	 0.00000000 	 0.00000000 	 0.00000000 	 0.00000000 	 0.00000000 	 0.00000000 	 0.00000000 	 0.00000000 	 4.26777076 	 213.91341032 	 33.83026970 	 64.10195982 	 0.76220022 	 7.46278586 	 0.29633613 	 1.44146023
2470 	 0.00000000 	 0.00000000 	 172.16199122 	 10.80301748 	 0.74235297 	 0.00000000 	 0.00000000 	 0.00000000 	 0.00000000 	 0.00000000 	 0.00000000 	 0.00000000 	 0.00000000 	 0.00000000 	 0.00000000 	 0.00000000 	 0.00000000 	 0.00000000 	 0.00000000 	 0.00000000 	 0.00000000 	 0.00000000 	 0.00000000 	 0.00000000 	 0.00000000 	 0.00000000 	 0.00000000 	 0.00000000 	 0.00000000 	 0.00000000 	 0.00000000 	 0.00000000 	 4.26777076 	 213.91341032 	 33.83026970 	 64.10195982 	 0.76220022 	 7.46278586 	 0.29633613 	 1.44146023
2471 	 0.00000000 	 0.00000000 	 172.16199122 	 10.80301748 	 0.74235297 	 0.00000000 	 0.00000000 	 0.00000000 	 0.00000000 	 0.00000000 	 0.00000000 	 0.00000000 	 0.00000000 	 0.00000000 	 0.00000000 	 0.00000000 	 0.00000000 	 0.00000000 	 0.00000000 	 0.00000000 	 0.00000000 	 0.00000000 	 0.00000000 	 0.00000000 	 0.00000000 	 0.00000000 	 0.00000000 	 0.00000000 	 0.00000000 	 0.00000000 	 0.00000000 	 0.00000000 	 4.26777076 	 213.91341032 	 33.83026970 	 64.10195982 	 0.76220022 	 7.46278586 	 0.29633613 	 1.44146023
2472 	 0.00000000 	 0.00000000 	 172.16199122 	 10.80301748 	 0.74235297 	 0.00000000 	 0.00000000 	 0.00000000 	 0.00000000 	 0.00000000 	 0.00000000 	 0.00000000 	 0.00000000 	 0.00000000 	 0.00000000 	 0.00000000 	 0.00000000 	 0.00000000 	 0.00000000 	 0.00000000 	 0.00000000 	 0.00000000 	 0.00000000 	 0.00000000 	 0.00000000 	 0.00000000 	 0.00000000 	 0.00000000 	 0.00000000 	 0.00000000 	 0.00000000 	 0.00000000 	 4.26777076 	 213.91341032 	 33.83026970 	 64.10195982 	 0.76220022 	 7.46278586 	 0.29633613 	 1.44146023
2473 	 0.00000000 	 0.00000000 	 172.16199122 	 10.80301748 	 0.74235297 	 0.00000000 	 0.00000000 	 0.00000000 	 0.00000000 	 0.00000000 	 0.00000000 	 0.00000000 	 0.00000000 	 0.00000000 	 0.00000000 	 0.00000000 	 0.00000000 	 0.00000000 	 0.00000000 	 0.00000000 	 0.00000000 	 0.00000000 	 0.00000000 	 0.00000000 	 0.00000000 	 0.00000000 	 0.00000000 	 0.00000000 	 0.00000000 	 0.00000000 	 0.00000000 	 0.00000000 	 4.26777076 	 213.91341032 	 33.83026970 	 64.10195982 	 0.76220022 	 7.46278586 	 0.29633613 	 1.44146023
2474 	 0.00000000 	 0.00000000 	 172.16199122 	 10.80301748 	 0.74235297 	 0.00000000 	 0.00000000 	 0.00000000 	 0.00000000 	 0.00000000 	 0.00000000 	 0.00000000 	 0.00000000 	 0.00000000 	 0.00000000 	 0.00000000 	 0.00000000 	 0.00000000 	 0.00000000 	 0.00000000 	 0.00000000 	 0.00000000 	 0.00000000 	 0.00000000 	 0.00000000 	 0.00000000 	 0.00000000 	 0.00000000 	 0.00000000 	 0.00000000 	 0.00000000 	 0.00000000 	 4.26777076 	 213.91341032 	 33.83026970 	 64.10195982 	 0.76220022 	 7.46278586 	 0.29633613 	 1.44146023
2475 	 0.00000000 	 0.00000000 	 172.16199122 	 10.80301748 	 0.74235297 	 0.00000000 	 0.00000000 	 0.00000000 	 0.00000000 	 0.00000000 	 0.00000000 	 0.00000000 	 0.00000000 	 0.00000000 	 0.00000000 	 0.00000000 	 0.00000000 	 0.00000000 	 0.00000000 	 0.00000000 	 0.00000000 	 0.00000000 	 0.00000000 	 0.00000000 	 0.00000000 	 0.00000000 	 0.00000000 	 0.00000000 	 0.00000000 	 0.00000000 	 0.00000000 	 0.00000000 	 4.26777076 	 213.91341032 	 33.83026970 	 64.10195982 	 0.76220022 	 7.46278586 	 0.29633613 	 1.44146023
2476 	 0.00000000 	 0.00000000 	 172.16199122 	 10.80301748 	 0.74235297 	 0.00000000 	 0.00000000 	 0.00000000 	 0.00000000 	 0.00000000 	 0.00000000 	 0.00000000 	 0.00000000 	 0.00000000 	 0.00000000 	 0.00000000 	 0.00000000 	 0.00000000 	 0.00000000 	 0.00000000 	 0.00000000 	 0.00000000 	 0.00000000 	 0.00000000 	 0.00000000 	 0.00000000 	 0.00000000 	 0.00000000 	 0.00000000 	 0.00000000 	 0.00000000 	 0.00000000 	 4.26777076 	 213.91341032 	 33.83026970 	 64.10195982 	 0.76220022 	 7.46278586 	 0.29633613 	 1.44146023
2477 	 0.00000000 	 0.00000000 	 172.16199122 	 10.80301748 	 0.74235297 	 0.00000000 	 0.00000000 	 0.00000000 	 0.00000000 	 0.00000000 	 0.00000000 	 0.00000000 	 0.00000000 	 0.00000000 	 0.00000000 	 0.00000000 	 0.00000000 	 0.00000000 	 0.00000000 	 0.00000000 	 0.00000000 	 0.00000000 	 0.00000000 	 0.00000000 	 0.00000000 	 0.00000000 	 0.00000000 	 0.00000000 	 0.00000000 	 0.00000000 	 0.00000000 	 0.00000000 	 4.26777076 	 213.91341032 	 33.83026970 	 64.10195982 	 0.76220022 	 7.46278586 	 0.29633613 	 1.44146023
2478 	 0.00000000 	 0.00000000 	 172.16199122 	 10.80301748 	 0.74235297 	 0.00000000 	 0.00000000 	 0.00000000 	 0.00000000 	 0.00000000 	 0.00000000 	 0.00000000 	 0.00000000 	 0.00000000 	 0.00000000 	 0.00000000 	 0.00000000 	 0.00000000 	 0.00000000 	 0.00000000 	 0.00000000 	 0.00000000 	 0.00000000 	 0.00000000 	 0.00000000 	 0.00000000 	 0.00000000 	 0.00000000 	 0.00000000 	 0.00000000 	 0.00000000 	 0.00000000 	 4.26777076 	 213.91341032 	 33.83026970 	 64.10195982 	 0.76220022 	 7.46278586 	 0.29633613 	 1.44146023
2479 	 0.00000000 	 0.00000000 	 172.16199122 	 10.80301748 	 0.74235297 	 0.00000000 	 0.00000000 	 0.00000000 	 0.00000000 	 0.00000000 	 0.00000000 	 0.00000000 	 0.00000000 	 0.00000000 	 0.00000000 	 0.00000000 	 0.00000000 	 0.00000000 	 0.00000000 	 0.00000000 	 0.00000000 	 0.00000000 	 0.00000000 	 0.00000000 	 0.00000000 	 0.00000000 	 0.00000000 	 0.00000000 	 0.00000000 	 0.00000000 	 0.00000000 	 0.00000000 	 4.26777076 	 213.91341032 	 33.83026970 	 64.10195982 	 0.76220022 	 7.46278586 	 0.29633613 	 1.44146023
2480 	 0.00000000 	 0.00000000 	 172.16199122 	 10.80301748 	 0.74235297 	 0.00000000 	 0.00000000 	 0.00000000 	 0.00000000 	 0.00000000 	 0.00000000 	 0.00000000 	 0.00000000 	 0.00000000 	 0.00000000 	 0.00000000 	 0.00000000 	 0.00000000 	 0.00000000 	 0.00000000 	 0.00000000 	 0.00000000 	 0.00000000 	 0.00000000 	 0.00000000 	 0.00000000 	 0.00000000 	 0.00000000 	 0.00000000 	 0.00000000 	 0.00000000 	 0.00000000 	 4.26777076 	 213.91341032 	 33.83026970 	 64.10195982 	 0.76220022 	 7.46278586 	 0.29633613 	 1.44146023
2481 	 0.00000000 	 0.00000000 	 172.16199122 	 10.80301748 	 0.74235297 	 0.00000000 	 0.00000000 	 0.00000000 	 0.00000000 	 0.00000000 	 0.00000000 	 0.00000000 	 0.00000000 	 0.00000000 	 0.00000000 	 0.00000000 	 0.00000000 	 0.00000000 	 0.00000000 	 0.00000000 	 0.00000000 	 0.00000000 	 0.00000000 	 0.00000000 	 0.00000000 	 0.00000000 	 0.00000000 	 0.00000000 	 0.00000000 	 0.00000000 	 0.00000000 	 0.00000000 	 4.26777076 	 213.91341032 	 33.83026970 	 64.10195982 	 0.76220022 	 7.46278586 	 0.29633613 	 1.44146023
2482 	 0.00000000 	 0.00000000 	 172.16199122 	 10.80301748 	 0.74235297 	 0.00000000 	 0.00000000 	 0.00000000 	 0.00000000 	 0.00000000 	 0.00000000 	 0.00000000 	 0.00000000 	 0.00000000 	 0.00000000 	 0.00000000 	 0.00000000 	 0.00000000 	 0.00000000 	 0.00000000 	 0.00000000 	 0.00000000 	 0.00000000 	 0.00000000 	 0.00000000 	 0.00000000 	 0.00000000 	 0.00000000 	 0.00000000 	 0.00000000 	 0.00000000 	 0.00000000 	 4.26777076 	 213.91341032 	 33.83026970 	 64.10195982 	 0.76220022 	 7.46278586 	 0.29633613 	 1.44146023
2483 	 0.00000000 	 0.00000000 	 172.16199122 	 10.80301748 	 0.74235297 	 0.00000000 	 0.00000000 	 0.00000000 	 0.00000000 	 0.00000000 	 0.00000000 	 0.00000000 	 0.00000000 	 0.00000000 	 0.00000000 	 0.00000000 	 0.00000000 	 0.00000000 	 0.00000000 	 0.00000000 	 0.00000000 	 0.00000000 	 0.00000000 	 0.00000000 	 0.00000000 	 0.00000000 	 0.00000000 	 0.00000000 	 0.00000000 	 0.00000000 	 0.00000000 	 0.00000000 	 4.26777076 	 213.91341032 	 33.83026970 	 64.10195982 	 0.76220022 	 7.46278586 	 0.29633613 	 1.44146023
2484 	 0.00000000 	 0.00000000 	 172.16199122 	 10.80301748 	 0.74235297 	 0.00000000 	 0.00000000 	 0.00000000 	 0.00000000 	 0.00000000 	 0.00000000 	 0.00000000 	 0.00000000 	 0.00000000 	 0.00000000 	 0.00000000 	 0.00000000 	 0.00000000 	 0.00000000 	 0.00000000 	 0.00000000 	 0.00000000 	 0.00000000 	 0.00000000 	 0.00000000 	 0.00000000 	 0.00000000 	 0.00000000 	 0.00000000 	 0.00000000 	 0.00000000 	 0.00000000 	 4.26777076 	 213.91341032 	 33.83026970 	 64.10195982 	 0.76220022 	 7.46278586 	 0.29633613 	 1.44146023
2485 	 0.00000000 	 0.00000000 	 172.16199122 	 10.80301748 	 0.74235297 	 0.00000000 	 0.00000000 	 0.00000000 	 0.00000000 	 0.00000000 	 0.00000000 	 0.00000000 	 0.00000000 	 0.00000000 	 0.00000000 	 0.00000000 	 0.00000000 	 0.00000000 	 0.00000000 	 0.00000000 	 0.00000000 	 0.00000000 	 0.00000000 	 0.00000000 	 0.00000000 	 0.00000000 	 0.00000000 	 0.00000000 	 0.00000000 	 0.00000000 	 0.00000000 	 0.00000000 	 4.26777076 	 213.91341032 	 33.83026970 	 64.10195982 	 0.76220022 	 7.46278586 	 0.29633613 	 1.44146023
2486 	 0.00000000 	 0.00000000 	 172.16199122 	 10.80301748 	 0.74235297 	 0.00000000 	 0.00000000 	 0.00000000 	 0.00000000 	 0.00000000 	 0.00000000 	 0.00000000 	 0.00000000 	 0.00000000 	 0.00000000 	 0.00000000 	 0.00000000 	 0.00000000 	 0.00000000 	 0.00000000 	 0.00000000 	 0.00000000 	 0.00000000 	 0.00000000 	 0.00000000 	 0.00000000 	 0.00000000 	 0.00000000 	 0.00000000 	 0.00000000 	 0.00000000 	 0.00000000 	 4.26777076 	 213.91341032 	 33.83026970 	 64.10195982 	 0.76220022 	 7.46278586 	 0.29633613 	 1.44146023
2487 	 0.00000000 	 0.00000000 	 172.16199122 	 10.80301748 	 0.74235297 	 0.00000000 	 0.00000000 	 0.00000000 	 0.00000000 	 0.00000000 	 0.00000000 	 0.00000000 	 0.00000000 	 0.00000000 	 0.00000000 	 0.00000000 	 0.00000000 	 0.00000000 	 0.00000000 	 0.00000000 	 0.00000000 	 0.00000000 	 0.00000000 	 0.00000000 	 0.00000000 	 0.00000000 	 0.00000000 	 0.00000000 	 0.00000000 	 0.00000000 	 0.00000000 	 0.00000000 	 4.26777076 	 213.91341032 	 33.83026970 	 64.10195982 	 0.76220022 	 7.46278586 	 0.29633613 	 1.44146023
2488 	 0.00000000 	 0.00000000 	 172.16199122 	 10.80301748 	 0.74235297 	 0.00000000 	 0.00000000 	 0.00000000 	 0.00000000 	 0.00000000 	 0.00000000 	 0.00000000 	 0.00000000 	 0.00000000 	 0.00000000 	 0.00000000 	 0.00000000 	 0.00000000 	 0.00000000 	 0.00000000 	 0.00000000 	 0.00000000 	 0.00000000 	 0.00000000 	 0.00000000 	 0.00000000 	 0.00000000 	 0.00000000 	 0.00000000 	 0.00000000 	 0.00000000 	 0.00000000 	 4.26777076 	 213.91341032 	 33.83026970 	 64.10195982 	 0.76220022 	 7.46278586 	 0.29633613 	 1.44146023
2489 	 0.00000000 	 0.00000000 	 172.16199122 	 10.80301748 	 0.74235297 	 0.00000000 	 0.00000000 	 0.00000000 	 0.00000000 	 0.00000000 	 0.00000000 	 0.00000000 	 0.00000000 	 0.00000000 	 0.00000000 	 0.00000000 	 0.00000000 	 0.00000000 	 0.00000000 	 0.00000000 	 0.00000000 	 0.00000000 	 0.00000000 	 0.00000000 	 0.00000000 	 0.00000000 	 0.00000000 	 0.00000000 	 0.00000000 	 0.00000000 	 0.00000000 	 0.00000000 	 4.26777076 	 213.91341032 	 33.83026970 	 64.10195982 	 0.76220022 	 7.46278586 	 0.29633613 	 1.44146023
2490 	 0.00000000 	 0.00000000 	 172.16199122 	 10.80301748 	 0.74235297 	 0.00000000 	 0.00000000 	 0.00000000 	 0.00000000 	 0.00000000 	 0.00000000 	 0.00000000 	 0.00000000 	 0.00000000 	 0.00000000 	 0.00000000 	 0.00000000 	 0.00000000 	 0.00000000 	 0.00000000 	 0.00000000 	 0.00000000 	 0.00000000 	 0.00000000 	 0.00000000 	 0.00000000 	 0.00000000 	 0.00000000 	 0.00000000 	 0.00000000 	 0.00000000 	 0.00000000 	 4.26777076 	 213.91341032 	 33.83026970 	 64.10195982 	 0.76220022 	 7.46278586 	 0.29633613 	 1.44146023
2491 	 0.00000000 	 0.00000000 	 172.16199122 	 10.80301748 	 0.74235297 	 0.00000000 	 0.00000000 	 0.00000000 	 0.00000000 	 0.00000000 	 0.00000000 	 0.00000000 	 0.00000000 	 0.00000000 	 0.00000000 	 0.00000000 	 0.00000000 	 0.00000000 	 0.00000000 	 0.00000000 	 0.00000000 	 0.00000000 	 0.00000000 	 0.00000000 	 0.00000000 	 0.00000000 	 0.00000000 	 0.00000000 	 0.00000000 	 0.00000000 	 0.00000000 	 0.00000000 	 4.26777076 	 213.91341032 	 33.83026970 	 64.10195982 	 0.76220022 	 7.46278586 	 0.29633613 	 1.44146023
2492 	 0.00000000 	 0.00000000 	 172.16199122 	 10.80301748 	 0.74235297 	 0.00000000 	 0.00000000 	 0.00000000 	 0.00000000 	 0.00000000 	 0.00000000 	 0.00000000 	 0.00000000 	 0.00000000 	 0.00000000 	 0.00000000 	 0.00000000 	 0.00000000 	 0.00000000 	 0.00000000 	 0.00000000 	 0.00000000 	 0.00000000 	 0.00000000 	 0.00000000 	 0.00000000 	 0.00000000 	 0.00000000 	 0.00000000 	 0.00000000 	 0.00000000 	 0.00000000 	 4.26777076 	 213.91341032 	 33.83026970 	 64.10195982 	 0.76220022 	 7.46278586 	 0.29633613 	 1.44146023
2493 	 0.00000000 	 0.00000000 	 172.16199122 	 10.80301748 	 0.74235297 	 0.00000000 	 0.00000000 	 0.00000000 	 0.00000000 	 0.00000000 	 0.00000000 	 0.00000000 	 0.00000000 	 0.00000000 	 0.00000000 	 0.00000000 	 0.00000000 	 0.00000000 	 0.00000000 	 0.00000000 	 0.00000000 	 0.00000000 	 0.00000000 	 0.00000000 	 0.00000000 	 0.00000000 	 0.00000000 	 0.00000000 	 0.00000000 	 0.00000000 	 0.00000000 	 0.00000000 	 4.26777076 	 213.91341032 	 33.83026970 	 64.10195982 	 0.76220022 	 7.46278586 	 0.29633613 	 1.44146023
2494 	 0.00000000 	 0.00000000 	 172.16199122 	 10.80301748 	 0.74235297 	 0.00000000 	 0.00000000 	 0.00000000 	 0.00000000 	 0.00000000 	 0.00000000 	 0.00000000 	 0.00000000 	 0.00000000 	 0.00000000 	 0.00000000 	 0.00000000 	 0.00000000 	 0.00000000 	 0.00000000 	 0.00000000 	 0.00000000 	 0.00000000 	 0.00000000 	 0.00000000 	 0.00000000 	 0.00000000 	 0.00000000 	 0.00000000 	 0.00000000 	 0.00000000 	 0.00000000 	 4.26777076 	 213.91341032 	 33.83026970 	 64.10195982 	 0.76220022 	 7.46278586 	 0.29633613 	 1.44146023
2495 	 0.00000000 	 0.00000000 	 172.16199122 	 10.80301748 	 0.74235297 	 0.00000000 	 0.00000000 	 0.00000000 	 0.00000000 	 0.00000000 	 0.00000000 	 0.00000000 	 0.00000000 	 0.00000000 	 0.00000000 	 0.00000000 	 0.00000000 	 0.00000000 	 0.00000000 	 0.00000000 	 0.00000000 	 0.00000000 	 0.00000000 	 0.00000000 	 0.00000000 	 0.00000000 	 0.00000000 	 0.00000000 	 0.00000000 	 0.00000000 	 0.00000000 	 0.00000000 	 4.26777076 	 213.91341032 	 33.83026970 	 64.10195982 	 0.76220022 	 7.46278586 	 0.29633613 	 1.44146023
2496 	 0.00000000 	 0.00000000 	 172.16199122 	 10.80301748 	 0.74235297 	 0.00000000 	 0.00000000 	 0.00000000 	 0.00000000 	 0.00000000 	 0.00000000 	 0.00000000 	 0.00000000 	 0.00000000 	 0.00000000 	 0.00000000 	 0.00000000 	 0.00000000 	 0.00000000 	 0.00000000 	 0.00000000 	 0.00000000 	 0.00000000 	 0.00000000 	 0.00000000 	 0.00000000 	 0.00000000 	 0.00000000 	 0.00000000 	 0.00000000 	 0.00000000 	 0.00000000 	 4.26777076 	 213.91341032 	 33.83026970 	 64.10195982 	 0.76220022 	 7.46278586 	 0.29633613 	 1.44146023
2497 	 0.00000000 	 0.00000000 	 172.16199122 	 10.80301748 	 0.74235297 	 0.00000000 	 0.00000000 	 0.00000000 	 0.00000000 	 0.00000000 	 0.00000000 	 0.00000000 	 0.00000000 	 0.00000000 	 0.00000000 	 0.00000000 	 0.00000000 	 0.00000000 	 0.00000000 	 0.00000000 	 0.00000000 	 0.00000000 	 0.00000000 	 0.00000000 	 0.00000000 	 0.00000000 	 0.00000000 	 0.00000000 	 0.00000000 	 0.00000000 	 0.00000000 	 0.00000000 	 4.26777076 	 213.91341032 	 33.83026970 	 64.10195982 	 0.76220022 	 7.46278586 	 0.29633613 	 1.44146023
2498 	 0.00000000 	 0.00000000 	 172.16199122 	 10.80301748 	 0.74235297 	 0.00000000 	 0.00000000 	 0.00000000 	 0.00000000 	 0.00000000 	 0.00000000 	 0.00000000 	 0.00000000 	 0.00000000 	 0.00000000 	 0.00000000 	 0.00000000 	 0.00000000 	 0.00000000 	 0.00000000 	 0.00000000 	 0.00000000 	 0.00000000 	 0.00000000 	 0.00000000 	 0.00000000 	 0.00000000 	 0.00000000 	 0.00000000 	 0.00000000 	 0.00000000 	 0.00000000 	 4.26777076 	 213.91341032 	 33.83026970 	 64.10195982 	 0.76220022 	 7.46278586 	 0.29633613 	 1.44146023
2499 	 0.00000000 	 0.00000000 	 172.16199122 	 10.80301748 	 0.74235297 	 0.00000000 	 0.00000000 	 0.00000000 	 0.00000000 	 0.00000000 	 0.00000000 	 0.00000000 	 0.00000000 	 0.00000000 	 0.00000000 	 0.00000000 	 0.00000000 	 0.00000000 	 0.00000000 	 0.00000000 	 0.00000000 	 0.00000000 	 0.00000000 	 0.00000000 	 0.00000000 	 0.00000000 	 0.00000000 	 0.00000000 	 0.00000000 	 0.00000000 	 0.00000000 	 0.00000000 	 4.26777076 	 213.91341032 	 33.83026970 	 64.10195982 	 0.76220022 	 7.46278586 	 0.29633613 	 1.44146023
2500 	 0.00000000 	 0.00000000 	 172.16199122 	 10.80301748 	 0.74235297 	 0.00000000 	 0.00000000 	 0.00000000 	 0.00000000 	 0.00000000 	 0.00000000 	 0.00000000 	 0.00000000 	 0.00000000 	 0.00000000 	 0.00000000 	 0.00000000 	 0.00000000 	 0.00000000 	 0.00000000 	 0.00000000 	 0.00000000 	 0.00000000 	 0.00000000 	 0.00000000 	 0.00000000 	 0.00000000 	 0.00000000 	 0.00000000 	 0.00000000 	 0.00000000 	 0.00000000 	 4.26777076 	 213.91341032 	 33.83026970 	 64.10195982 	 0.76220022 	 7.46278586 	 0.29633613 	 1.44146023
