Component 	 CO2 	 CO2 	 CH4	N2O	SO2	CFC-11	CFC-12	CFC-113	CFC-114	CFC-115	CH3Br	CCl4	CH3CCl3	HCFC-22	HCFC-141b	HCFC-123	HCFC-142b	H-1211	H-1301	H-2402	HFC125	HFC134a	HFC143a	HFC227ea	HFC23	HFC245fa	HFC32	HFC4310mee	C2F6	C6F14	CF4	SF6	NOx	CO	NMVOC	NH3	BMB_AEROS_BC	BMB_AEROS_OC	BC	OC 
Unit 	 Pg_C	Pg_C	Tg	Tg_N	Tg_S	Gg	Gg	Gg	Gg	Gg	Gg	Gg	Gg	Gg	Gg	Gg	Gg	Gg	Gg	Gg	Gg	Gg	Gg	Gg	Gg	Gg	Gg	Gg	Gg	Gg	Gg	Gg	Mt_N	Mt	Mt	Mt	Tg	Tg	Tg	Tg
Description 	 fossil_fuel 	 landuse 	 total	 total	 total	 total	 total	 total	 total	 total	 total	 total	 total	 total	 total	 total	 total	 total	 total	 total	 total	 total	 total	 total	 total	 total	 total	 total	 total	 total	 total	 total	 total	 total	 total	 total	 total	 total	 total	 total
Reference	ssp460	ssp460	ssp460	ssp460	ssp460	ssp460	ssp460	ssp460	ssp460	ssp460	ssp460	ssp460	ssp460	ssp460	ssp460	No data	ssp460	ssp460	ssp460	ssp460	ssp460	ssp460	ssp460	ssp460	ssp460	ssp460	ssp460	ssp460	ssp460	ssp460	ssp460	ssp460	ssp460	ssp460	ssp460	ssp460	ssp460	ssp460	ssp460	ssp460
1750 	 0.00259244 	 0.08112671 	 19.01978312 	 0.05471019 	 1.22246427 	 0.00000000 	 0.00000000 	 0.00000000 	 0.00000000 	 0.00000000 	 105.08773000 	 0.02485686 	 0.00000000 	 0.00000000 	 0.00000000 	 0.00000000 	 0.00000000 	 0.00772327 	 0.00000000 	 0.00000000 	 0.00000000 	 0.00000000 	 0.00000000 	 0.00000000 	 0.00000000 	 0.00000000 	 0.00000000 	 0.00000000 	 0.00000000 	 0.00000000 	 0.01007122 	 0.00000000 	 3.87150443 	 348.52735878 	 60.02182622 	 6.92769009 	 1.35325036 	 12.52026941 	 0.74452040 	 2.92739873
1751 	 0.00259254 	 0.08261921 	 18.91510887 	 0.05574379 	 1.20659795 	 0.00000000 	 0.00000000 	 0.00000000 	 0.00000000 	 0.00000000 	 105.10720000 	 0.02485686 	 0.00000000 	 0.00000000 	 0.00000000 	 0.00000000 	 0.00000000 	 0.00772327 	 0.00000000 	 0.00000000 	 0.00000000 	 0.00000000 	 0.00000000 	 0.00000000 	 0.00000000 	 0.00000000 	 0.00000000 	 0.00000000 	 0.00000000 	 0.00000000 	 0.01007122 	 0.00000000 	 3.82806018 	 343.92636725 	 59.08812628 	 6.86014218 	 1.33527377 	 12.27927966 	 0.73765215 	 2.90943708
1752 	 0.00259364 	 0.08413916 	 18.88971181 	 0.05679691 	 1.20095514 	 0.00000000 	 0.00000000 	 0.00000000 	 0.00000000 	 0.00000000 	 105.12502000 	 0.02485686 	 0.00000000 	 0.00000000 	 0.00000000 	 0.00000000 	 0.00000000 	 0.00772327 	 0.00000000 	 0.00000000 	 0.00000000 	 0.00000000 	 0.00000000 	 0.00000000 	 0.00000000 	 0.00000000 	 0.00000000 	 0.00000000 	 0.00000000 	 0.00000000 	 0.01007122 	 0.00000000 	 3.82865821 	 341.80903390 	 58.63199703 	 6.81948204 	 1.32661698 	 12.12181632 	 0.73769495 	 2.91265942
1753 	 0.00259373 	 0.08568708 	 19.12137723 	 0.05786994 	 1.20775738 	 0.00000000 	 0.00000000 	 0.00000000 	 0.00000000 	 0.00000000 	 105.10373000 	 0.02485686 	 0.00000000 	 0.00000000 	 0.00000000 	 0.00000000 	 0.00000000 	 0.00772327 	 0.00000000 	 0.00000000 	 0.00000000 	 0.00000000 	 0.00000000 	 0.00000000 	 0.00000000 	 0.00000000 	 0.00000000 	 0.00000000 	 0.00000000 	 0.00000000 	 0.01007122 	 0.00000000 	 3.81210538 	 343.67545621 	 59.02634940 	 6.88143853 	 1.32856000 	 12.24933018 	 0.74339057 	 2.93321497
1754 	 0.00259483 	 0.08726348 	 19.50906107 	 0.05896323 	 1.23349469 	 0.00000000 	 0.00000000 	 0.00000000 	 0.00000000 	 0.00000000 	 105.07356000 	 0.02485686 	 0.00000000 	 0.00000000 	 0.00000000 	 0.00000000 	 0.00000000 	 0.00772327 	 0.00000000 	 0.00000000 	 0.00000000 	 0.00000000 	 0.00000000 	 0.00000000 	 0.00000000 	 0.00000000 	 0.00000000 	 0.00000000 	 0.00000000 	 0.00000000 	 0.01007122 	 0.00000000 	 3.84159838 	 349.81562520 	 60.26994517 	 7.01518922 	 1.34655344 	 12.59363457 	 0.75279634 	 2.96513848
1755 	 0.00259593 	 0.08886887 	 19.50045493 	 0.06007718 	 1.22361993 	 0.00000000 	 0.00000000 	 0.00000000 	 0.00000000 	 0.00000000 	 105.09182000 	 0.02485686 	 0.00000000 	 0.00000000 	 0.00000000 	 0.00000000 	 0.00000000 	 0.00772327 	 0.00000000 	 0.00000000 	 0.00000000 	 0.00000000 	 0.00000000 	 0.00000000 	 0.00000000 	 0.00000000 	 0.00000000 	 0.00000000 	 0.00000000 	 0.00000000 	 0.01007122 	 0.00000000 	 3.88086134 	 348.14466796 	 59.82493372 	 6.94398904 	 1.34987392 	 12.40069534 	 0.74929925 	 2.95748719
1756 	 0.00277341 	 0.09050381 	 19.46253660 	 0.06121217 	 1.21201135 	 0.00000000 	 0.00000000 	 0.00000000 	 0.00000000 	 0.00000000 	 105.08556000 	 0.02485686 	 0.00000000 	 0.00000000 	 0.00000000 	 0.00000000 	 0.00000000 	 0.00772327 	 0.00000000 	 0.00000000 	 0.00000000 	 0.00000000 	 0.00000000 	 0.00000000 	 0.00000000 	 0.00000000 	 0.00000000 	 0.00000000 	 0.00000000 	 0.00000000 	 0.01007122 	 0.00000000 	 3.77451343 	 343.32315168 	 58.94682931 	 6.92271156 	 1.31826105 	 12.23174852 	 0.75065436 	 2.96402811
1757 	 0.00277451 	 0.09216882 	 20.02354066 	 0.06236861 	 1.25623981 	 0.00000000 	 0.00000000 	 0.00000000 	 0.00000000 	 0.00000000 	 105.09137000 	 0.02485686 	 0.00000000 	 0.00000000 	 0.00000000 	 0.00000000 	 0.00000000 	 0.00772327 	 0.00000000 	 0.00000000 	 0.00000000 	 0.00000000 	 0.00000000 	 0.00000000 	 0.00000000 	 0.00000000 	 0.00000000 	 0.00000000 	 0.00000000 	 0.00000000 	 0.01007122 	 0.00000000 	 3.99247815 	 355.94189226 	 61.26369300 	 7.04767413 	 1.38485797 	 12.69966835 	 0.76306571 	 3.00515077
1758 	 0.00277561 	 0.09386446 	 19.93400533 	 0.06354689 	 1.24235166 	 0.00000000 	 0.00000000 	 0.00000000 	 0.00000000 	 0.00000000 	 105.09662000 	 0.02485686 	 0.00000000 	 0.00000000 	 0.00000000 	 0.00000000 	 0.00000000 	 0.00772327 	 0.00000000 	 0.00000000 	 0.00000000 	 0.00000000 	 0.00000000 	 0.00000000 	 0.00000000 	 0.00000000 	 0.00000000 	 0.00000000 	 0.00000000 	 0.00000000 	 0.01007122 	 0.00000000 	 3.94572098 	 351.83974905 	 60.43461244 	 6.99545977 	 1.37003231 	 12.54469792 	 0.75057910 	 2.96991371
1759 	 0.00277671 	 0.09559129 	 20.14146621 	 0.06474744 	 1.23923755 	 0.00000000 	 0.00000000 	 0.00000000 	 0.00000000 	 0.00000000 	 105.08372000 	 0.02485686 	 0.00000000 	 0.00000000 	 0.00000000 	 0.00000000 	 0.00000000 	 0.00772327 	 0.00000000 	 0.00000000 	 0.00000000 	 0.00000000 	 0.00000000 	 0.00000000 	 0.00000000 	 0.00000000 	 0.00000000 	 0.00000000 	 0.00000000 	 0.00000000 	 0.01007122 	 0.00000000 	 3.87677401 	 351.50776273 	 60.44526305 	 7.04595833 	 1.35645251 	 12.56966069 	 0.76081492 	 3.00435280
1760 	 0.00277681 	 0.09734990 	 20.41679714 	 0.06597066 	 1.25137034 	 0.00000000 	 0.00000000 	 0.00000000 	 0.00000000 	 0.00000000 	 105.04022000 	 0.02485686 	 0.00000000 	 0.00000000 	 0.00000000 	 0.00000000 	 0.00000000 	 0.00772327 	 0.00000000 	 0.00000000 	 0.00000000 	 0.00000000 	 0.00000000 	 0.00000000 	 0.00000000 	 0.00000000 	 0.00000000 	 0.00000000 	 0.00000000 	 0.00000000 	 0.01007122 	 0.00000000 	 3.86465960 	 354.41828531 	 61.05172479 	 7.12804829 	 1.36281615 	 12.79886668 	 0.76498795 	 3.02019725
1761 	 0.00303996 	 0.09914085 	 20.45599017 	 0.06721700 	 1.25710006 	 0.00000000 	 0.00000000 	 0.00000000 	 0.00000000 	 0.00000000 	 105.09143000 	 0.02485686 	 0.00000000 	 0.00000000 	 0.00000000 	 0.00000000 	 0.00000000 	 0.00772327 	 0.00000000 	 0.00000000 	 0.00000000 	 0.00000000 	 0.00000000 	 0.00000000 	 0.00000000 	 0.00000000 	 0.00000000 	 0.00000000 	 0.00000000 	 0.00000000 	 0.01007122 	 0.00000000 	 3.94190290 	 354.70796792 	 60.98422720 	 7.08096981 	 1.37301465 	 12.66996491 	 0.76474234 	 3.02195097
1762 	 0.00304106 	 0.10096476 	 20.45168738 	 0.06848688 	 1.23571857 	 0.00000000 	 0.00000000 	 0.00000000 	 0.00000000 	 0.00000000 	 105.08127000 	 0.02485686 	 0.00000000 	 0.00000000 	 0.00000000 	 0.00000000 	 0.00000000 	 0.00772327 	 0.00000000 	 0.00000000 	 0.00000000 	 0.00000000 	 0.00000000 	 0.00000008 	 0.00000000 	 0.00000000 	 0.00000151 	 0.00000000 	 0.00000000 	 0.00000000 	 0.01007122 	 0.00000000 	 3.79993594 	 349.24969723 	 60.02708933 	 7.07254734 	 1.33465816 	 12.49327134 	 0.76708995 	 3.03266397
1763 	 0.00304217 	 0.10282222 	 20.54517934 	 0.06978075 	 1.24297708 	 0.00000000 	 0.00000000 	 0.00000000 	 0.00000000 	 0.00000000 	 105.09332000 	 0.02485686 	 0.00000000 	 0.00000000 	 0.00000000 	 0.00000000 	 0.00000000 	 0.00772327 	 0.00000000 	 0.00000000 	 0.00000000 	 0.00000000 	 0.00000000 	 0.00000067 	 0.00000000 	 0.00000000 	 0.00001237 	 0.00000000 	 0.00000000 	 0.00000000 	 0.01007122 	 0.00000000 	 3.84041824 	 350.05933492 	 60.12706627 	 7.06798258 	 1.34176070 	 12.49617538 	 0.76526906 	 3.03058711
1764 	 0.00304328 	 0.10471385 	 20.26091721 	 0.07109907 	 1.21335583 	 0.00000000 	 0.00000000 	 0.00000000 	 0.00000000 	 0.00000000 	 105.11040000 	 0.02485686 	 0.00000000 	 0.00000000 	 0.00000000 	 0.00000000 	 0.00000000 	 0.00772327 	 0.00000000 	 0.00000000 	 0.00000000 	 0.00000000 	 0.00000000 	 0.00000127 	 0.00000000 	 0.00000000 	 0.00002500 	 0.00000000 	 0.00000000 	 0.00000000 	 0.01007122 	 0.00000000 	 3.82329772 	 342.04461066 	 58.43835717 	 6.89874574 	 1.31841164 	 11.96181430 	 0.75313758 	 2.99688468
1765 	 0.00304438 	 0.10664029 	 20.91915500 	 0.07244229 	 1.25127459 	 0.00000000 	 0.00000000 	 0.00000000 	 0.00000000 	 0.00000000 	 105.07293000 	 0.02485686 	 0.00000000 	 0.00000000 	 0.00000000 	 0.00000000 	 0.00000000 	 0.00772327 	 0.00000000 	 0.00000000 	 0.00000000 	 0.00000000 	 0.00000000 	 0.00000139 	 0.00000000 	 0.00000000 	 0.00003031 	 0.00000000 	 0.00000000 	 0.00000000 	 0.01007122 	 0.00000000 	 3.87237634 	 352.93272577 	 60.62945786 	 7.11238233 	 1.35716719 	 12.63877301 	 0.76643284 	 3.04115110
1766 	 0.00339421 	 0.10860216 	 20.85359190 	 0.07381089 	 1.24468857 	 0.00000000 	 0.00000000 	 0.00000000 	 0.00000000 	 0.00000000 	 105.07758000 	 0.02485686 	 0.00000000 	 0.00000000 	 0.00000000 	 0.00000000 	 0.00000000 	 0.00772327 	 0.00000000 	 0.00000000 	 0.00000000 	 0.00000000 	 0.00000000 	 0.00000142 	 0.00000000 	 0.00000000 	 0.00003437 	 0.00000000 	 0.00000000 	 0.00000000 	 0.01007122 	 0.00000000 	 3.87906403 	 349.38064500 	 59.85878463 	 7.03629653 	 1.34498311 	 12.31847179 	 0.76547686 	 3.04035903
1767 	 0.00339532 	 0.11060013 	 20.99917946 	 0.07520534 	 1.24385418 	 0.00000000 	 0.00000000 	 0.00000000 	 0.00000000 	 0.00000000 	 105.08566000 	 0.02485686 	 0.00000000 	 0.00000000 	 0.00000000 	 0.00000000 	 0.00000000 	 0.00772327 	 0.00000000 	 0.00000000 	 0.00000000 	 0.00000000 	 0.00000000 	 0.00000146 	 0.00000000 	 0.00000000 	 0.00003843 	 0.00000000 	 0.00000000 	 0.00000000 	 0.01007122 	 0.00000000 	 3.87469400 	 349.61609900 	 59.89102690 	 7.04538243 	 1.34524008 	 12.35137655 	 0.76722062 	 3.04918795
1768 	 0.00339642 	 0.11263485 	 21.65945211 	 0.07662614 	 1.29527413 	 0.00000000 	 0.00000000 	 0.00000000 	 0.00000000 	 0.00000000 	 105.04673000 	 0.02485686 	 0.00000000 	 0.00000000 	 0.00000000 	 0.00000000 	 0.00000000 	 0.00772327 	 0.00000000 	 0.00000000 	 0.00000000 	 0.00000000 	 0.00000000 	 0.00000149 	 0.00000000 	 0.00000000 	 0.00004247 	 0.00000000 	 0.00000000 	 0.00000000 	 0.01007122 	 0.00000000 	 4.03298658 	 362.65368483 	 62.36582555 	 7.22361782 	 1.40901338 	 12.98991329 	 0.77411866 	 3.07381691
1769 	 0.00339753 	 0.11470701 	 21.49633535 	 0.07807378 	 1.27392155 	 0.00000000 	 0.00000000 	 0.00000000 	 0.00000000 	 0.00000000 	 105.07670000 	 0.02485686 	 0.00000000 	 0.00000000 	 0.00000000 	 0.00000000 	 0.00000000 	 0.00772327 	 0.00000000 	 0.00000000 	 0.00000000 	 0.00000000 	 0.00000000 	 0.00000153 	 0.00000000 	 0.00000000 	 0.00004654 	 0.00000000 	 0.00000000 	 0.00000000 	 0.01007122 	 0.00000000 	 3.90878664 	 355.02541845 	 60.95040361 	 7.15786370 	 1.36313658 	 12.65664863 	 0.77449716 	 3.07844616
1770 	 0.00339864 	 0.11681729 	 21.63439757 	 0.07954877 	 1.27805335 	 0.00000000 	 0.00000000 	 0.00000000 	 0.00000000 	 0.00000000 	 105.04544000 	 0.02485686 	 0.00000000 	 0.00000000 	 0.00000000 	 0.00000000 	 0.00000000 	 0.00772327 	 0.00000000 	 0.00000000 	 0.00000000 	 0.00000000 	 0.00000000 	 0.00000157 	 0.00000000 	 0.00000000 	 0.00005058 	 0.00000000 	 0.00000000 	 0.00000000 	 0.01007122 	 0.00000000 	 3.92127114 	 355.36054756 	 60.96602721 	 7.15597828 	 1.36957723 	 12.67524978 	 0.76978751 	 3.06746531
1771 	 0.00376661 	 0.11896639 	 21.42892110 	 0.08105163 	 1.23066858 	 0.00000000 	 0.00000000 	 0.00000000 	 0.00000000 	 0.00000000 	 105.07227000 	 0.02485686 	 0.00000000 	 0.00000000 	 0.00000000 	 0.00000000 	 0.00000000 	 0.00772327 	 0.00000000 	 0.00000000 	 0.00000000 	 0.00000000 	 0.00000000 	 0.00000160 	 0.00000000 	 0.00000000 	 0.00005466 	 0.00000000 	 0.00000000 	 0.00000000 	 0.01007122 	 0.00000000 	 3.83746579 	 347.86198829 	 59.42424033 	 7.06921841 	 1.33548287 	 12.26705852 	 0.76542684 	 3.05491887
1772 	 0.00376772 	 0.12115503 	 21.39461572 	 0.08258288 	 1.21837129 	 0.00000000 	 0.00000000 	 0.00000000 	 0.00000000 	 0.00000000 	 105.08887000 	 0.02485686 	 0.00000000 	 0.00000000 	 0.00000000 	 0.00000000 	 0.00000000 	 0.00772327 	 0.00000000 	 0.00000000 	 0.00000000 	 0.00000000 	 0.00000000 	 0.00000164 	 0.00000000 	 0.00000000 	 0.00005873 	 0.00000000 	 0.00000000 	 0.00000000 	 0.01007122 	 0.00000000 	 3.80729827 	 344.61347383 	 58.72495295 	 7.04323056 	 1.31719396 	 12.04335906 	 0.76988358 	 3.07082422
1773 	 0.00376883 	 0.12338393 	 21.59523139 	 0.08414306 	 1.22122283 	 0.00000000 	 0.00000000 	 0.00000000 	 0.00000000 	 0.00000000 	 105.06952000 	 0.02485686 	 0.00000000 	 0.00000000 	 0.00000000 	 0.00000000 	 0.00000000 	 0.00772327 	 0.00000000 	 0.00000000 	 0.00000000 	 0.00000000 	 0.00000000 	 0.00000167 	 0.00000000 	 0.00000000 	 0.00006277 	 0.00000000 	 0.00000000 	 0.00000000 	 0.01007122 	 0.00000000 	 3.79008644 	 345.77680909 	 58.91656885 	 7.10450374 	 1.31696355 	 12.11348900 	 0.77579205 	 3.09117479
1774 	 0.00376995 	 0.12565384 	 22.25970773 	 0.08573271 	 1.26698490 	 0.00000000 	 0.00000000 	 0.00000000 	 0.00000000 	 0.00000000 	 105.02650000 	 0.02485686 	 0.00000000 	 0.00000000 	 0.00000000 	 0.00000000 	 0.00000000 	 0.00772327 	 0.00000000 	 0.00000000 	 0.00000000 	 0.00000000 	 0.00000000 	 0.00000171 	 0.00000000 	 0.00000000 	 0.00006678 	 0.00000000 	 0.00000000 	 0.00000000 	 0.01007122 	 0.00000000 	 3.88630638 	 358.10358504 	 61.31335787 	 7.34770147 	 1.36087205 	 12.72626815 	 0.79402869 	 3.14932503
1775 	 0.00377106 	 0.12796551 	 22.20096329 	 0.08735240 	 1.25115383 	 0.00000000 	 0.00000000 	 0.00000000 	 0.00000000 	 0.00000000 	 105.05246000 	 0.02485686 	 0.00000000 	 0.00000000 	 0.00000000 	 0.00000000 	 0.00000000 	 0.00772327 	 0.00000000 	 0.00000000 	 0.00000000 	 0.00000000 	 0.00000000 	 0.00000175 	 0.00000000 	 0.00000000 	 0.00007086 	 0.00000000 	 0.00000000 	 0.00000000 	 0.01007122 	 0.00000000 	 3.91226451 	 355.04717286 	 60.54083046 	 7.26964482 	 1.35803971 	 12.44701310 	 0.79095688 	 3.14212260
1776 	 0.00415919 	 0.13031971 	 22.14194213 	 0.08900268 	 1.23580271 	 0.00000000 	 0.00000000 	 0.00000000 	 0.00000000 	 0.00000000 	 105.03944000 	 0.02485686 	 0.00000000 	 0.00000000 	 0.00000000 	 0.00000000 	 0.00000000 	 0.00772327 	 0.00000000 	 0.00000000 	 0.00000000 	 0.00000000 	 0.00000000 	 0.00000178 	 0.00000000 	 0.00000000 	 0.00007491 	 0.00000000 	 0.00000000 	 0.00000000 	 0.01007122 	 0.00000000 	 3.77185467 	 348.89855251 	 59.38114480 	 7.26146998 	 1.31531341 	 12.20922967 	 0.79682972 	 3.16084735
1777 	 0.00416030 	 0.13271721 	 22.56871006 	 0.09068414 	 1.26319817 	 0.00000000 	 0.00000000 	 0.00000000 	 0.00000000 	 0.00000000 	 105.05273000 	 0.02485686 	 0.00000000 	 0.00000000 	 0.00000000 	 0.00000000 	 0.00000000 	 0.00772327 	 0.00000000 	 0.00000000 	 0.00000000 	 0.00000000 	 0.00000000 	 0.00000182 	 0.00000000 	 0.00000000 	 0.00007898 	 0.00000000 	 0.00000000 	 0.00000000 	 0.01007122 	 0.00000000 	 3.93211338 	 357.54536101 	 60.89349007 	 7.35597376 	 1.36123426 	 12.47305139 	 0.80901052 	 3.20040614
1778 	 0.00416141 	 0.13515883 	 22.85608093 	 0.09239737 	 1.28284354 	 0.00000000 	 0.00000000 	 0.00000000 	 0.00000000 	 0.00000000 	 105.04465000 	 0.02485686 	 0.00000000 	 0.00000000 	 0.00000000 	 0.00000000 	 0.00000000 	 0.00772327 	 0.00000000 	 0.00000000 	 0.00000000 	 0.00000000 	 0.00000000 	 0.00000185 	 0.00000000 	 0.00000000 	 0.00008302 	 0.00000000 	 0.00000000 	 0.00000000 	 0.01007122 	 0.00000000 	 4.01508515 	 362.75541346 	 61.78348695 	 7.43460607 	 1.39043630 	 12.70128511 	 0.80756511 	 3.19817113
1779 	 0.00416253 	 0.13764536 	 22.82063569 	 0.09414297 	 1.25435994 	 0.00000000 	 0.00000000 	 0.00000000 	 0.00000000 	 0.00000000 	 105.03691000 	 0.02485686 	 0.00000000 	 0.00000000 	 0.00000000 	 0.00000000 	 0.00000000 	 0.00772327 	 0.00000000 	 0.00000000 	 0.00000000 	 0.00000000 	 0.00000000 	 0.00000189 	 0.00000000 	 0.00000000 	 0.00008707 	 0.00000000 	 0.00000000 	 0.00000000 	 0.01007122 	 0.00000000 	 3.85988496 	 355.92617152 	 60.50081488 	 7.41877346 	 1.34484260 	 12.40499112 	 0.81477317 	 3.22246674
1780 	 0.00416465 	 0.14017764 	 23.24616665 	 0.09592154 	 1.27535767 	 0.00000000 	 0.00000000 	 0.00000000 	 0.00000000 	 0.00000000 	 104.98817000 	 0.02485686 	 0.00000000 	 0.00000000 	 0.00000000 	 0.00000000 	 0.00000000 	 0.00772327 	 0.00000000 	 0.00000000 	 0.00000000 	 0.00000000 	 0.00000000 	 0.00000192 	 0.00000000 	 0.00000000 	 0.00009105 	 0.00000000 	 0.00000000 	 0.00000000 	 0.01007122 	 0.00000000 	 3.86537952 	 361.61404216 	 61.61859566 	 7.56942912 	 1.35886730 	 12.74981062 	 0.83040029 	 3.26857018
1781 	 0.00465659 	 0.14275650 	 23.24965548 	 0.09773371 	 1.27809741 	 0.00000000 	 0.00000000 	 0.00000000 	 0.00000000 	 0.00000000 	 105.04236000 	 0.02485686 	 0.00000000 	 0.00000000 	 0.00000000 	 0.00000000 	 0.00000000 	 0.00772327 	 0.00000000 	 0.00000000 	 0.00000000 	 0.00000000 	 0.00000000 	 0.00000196 	 0.00000000 	 0.00000000 	 0.00009518 	 0.00000000 	 0.00000000 	 0.00000000 	 0.01007122 	 0.00000000 	 3.91488161 	 360.09005386 	 61.19330647 	 7.50578335 	 1.35889209 	 12.53540445 	 0.83054911 	 3.27154781
1782 	 0.00465771 	 0.14538281 	 23.34175812 	 0.09958013 	 1.26160480 	 0.00000000 	 0.00000000 	 0.00000000 	 0.00000000 	 0.00000000 	 105.03125000 	 0.02485686 	 0.00000000 	 0.00000000 	 0.00000000 	 0.00000000 	 0.00000000 	 0.00772327 	 0.00000000 	 0.00000000 	 0.00000000 	 0.00000000 	 0.00000000 	 0.00000200 	 0.00000000 	 0.00000000 	 0.00009922 	 0.00000000 	 0.00000000 	 0.00000000 	 0.01007122 	 0.00000000 	 3.78818494 	 356.04655462 	 60.48572145 	 7.51962579 	 1.32908861 	 12.43440348 	 0.83143409 	 3.27841734
1783 	 0.00465984 	 0.14805744 	 23.37991679 	 0.10146142 	 1.25924410 	 0.00000000 	 0.00000000 	 0.00000000 	 0.00000000 	 0.00000000 	 105.04360000 	 0.02485686 	 0.00000000 	 0.00000000 	 0.00000000 	 0.00000000 	 0.00000000 	 0.00772327 	 0.00000000 	 0.00000000 	 0.00000000 	 0.00000000 	 0.00000000 	 0.00000203 	 0.00000000 	 0.00000000 	 0.00010329 	 0.00000000 	 0.00000000 	 0.00000000 	 0.01007122 	 0.00000000 	 3.78309253 	 354.28692425 	 60.10171272 	 7.49623227 	 1.32093087 	 12.32972767 	 0.82979472 	 3.27753280
1784 	 0.00466096 	 0.15078127 	 23.29404230 	 0.10337826 	 1.24163654 	 0.00000000 	 0.00000000 	 0.00000000 	 0.00000000 	 0.00000000 	 105.05531000 	 0.02485686 	 0.00000000 	 0.00000000 	 0.00000000 	 0.00000000 	 0.00000000 	 0.00772327 	 0.00000000 	 0.00000000 	 0.00000000 	 0.00000000 	 0.00000000 	 0.00000207 	 0.00000000 	 0.00000000 	 0.00010737 	 0.00000000 	 0.00000000 	 0.00000000 	 0.01007122 	 0.00000000 	 3.82964523 	 350.56949626 	 59.21225989 	 7.38115640 	 1.31834021 	 11.96953701 	 0.82220200 	 3.25860425
1785 	 0.00466417 	 0.15355521 	 23.80210554 	 0.10533130 	 1.26712449 	 0.00000000 	 0.00000000 	 0.00000000 	 0.00000000 	 0.00000000 	 105.02817000 	 0.02485686 	 0.00000000 	 0.00000000 	 0.00000000 	 0.00000000 	 0.00000000 	 0.00772327 	 0.00000000 	 0.00000000 	 0.00000000 	 0.00000000 	 0.00000000 	 0.00000210 	 0.00000000 	 0.00000000 	 0.00011137 	 0.00000000 	 0.00000000 	 0.00000000 	 0.01007122 	 0.00000000 	 3.81595451 	 356.80512535 	 60.49447936 	 7.53815232 	 1.33620880 	 12.44734647 	 0.82963090 	 3.28536501
1786 	 0.00529217 	 0.15638018 	 23.83199500 	 0.10732125 	 1.26446108 	 0.00000000 	 0.00000000 	 0.00000000 	 0.00000000 	 0.00000000 	 105.02684000 	 0.02485686 	 0.00000000 	 0.00000000 	 0.00000000 	 0.00000000 	 0.00000000 	 0.00772327 	 0.00000000 	 0.00000000 	 0.00000000 	 0.00000000 	 0.00000000 	 0.00000214 	 0.00000000 	 0.00000000 	 0.00011542 	 0.00000000 	 0.00000000 	 0.00000000 	 0.01007122 	 0.00000000 	 3.82061457 	 354.20587730 	 59.91468241 	 7.49108425 	 1.32397725 	 12.16464029 	 0.83470623 	 3.30251684
1787 	 0.00529430 	 0.15925713 	 24.17652818 	 0.10934879 	 1.28189425 	 0.00000000 	 0.00000000 	 0.00000000 	 0.00000000 	 0.00000000 	 105.03415000 	 0.02485686 	 0.00000000 	 0.00000000 	 0.00000000 	 0.00000000 	 0.00000000 	 0.00772327 	 0.00000000 	 0.00000000 	 0.00000000 	 0.00000000 	 0.00000000 	 0.00000218 	 0.00000000 	 0.00000000 	 0.00011949 	 0.00000000 	 0.00000000 	 0.00000000 	 0.01007122 	 0.00000000 	 3.87931875 	 358.79336825 	 60.75335708 	 7.55517197 	 1.34642146 	 12.39124602 	 0.83875783 	 3.31908544
1788 	 0.00529542 	 0.16218700 	 24.85592892 	 0.11141464 	 1.32666321 	 0.00000000 	 0.00000000 	 0.00000000 	 0.00000000 	 0.00000000 	 104.99220000 	 0.02485686 	 0.00000000 	 0.00000000 	 0.00000000 	 0.00000000 	 0.00000000 	 0.00772327 	 0.00000000 	 0.00000000 	 0.00000000 	 0.00000000 	 0.00000000 	 0.00000221 	 0.00000000 	 0.00000000 	 0.00012346 	 0.00000000 	 0.00000000 	 0.00000000 	 0.01007122 	 0.00000000 	 4.03250151 	 371.35709235 	 63.12433047 	 7.73093474 	 1.40691265 	 12.99231757 	 0.84831083 	 3.35103677
1789 	 0.00529755 	 0.16517077 	 24.71707284 	 0.11351951 	 1.30150649 	 0.00000000 	 0.00000000 	 0.00000000 	 0.00000000 	 0.00000000 	 105.02420000 	 0.02485686 	 0.00000000 	 0.00000000 	 0.00000000 	 0.00000000 	 0.00000000 	 0.00772327 	 0.00000000 	 0.00000000 	 0.00000000 	 0.00000000 	 0.00000000 	 0.00000225 	 0.00000000 	 0.00000000 	 0.00012758 	 0.00000000 	 0.00000000 	 0.00000000 	 0.01007122 	 0.00000000 	 3.90526346 	 363.44164458 	 61.63229238 	 7.66351624 	 1.36106730 	 12.65051528 	 0.84659733 	 3.34989334
1790 	 0.00529967 	 0.16820944 	 24.94220857 	 0.11566415 	 1.30537362 	 0.00000000 	 0.00000000 	 0.00000000 	 0.00000000 	 0.00000000 	 104.99139000 	 0.02485686 	 0.00000000 	 0.00000000 	 0.00000000 	 0.00000000 	 0.00000000 	 0.00772327 	 0.00000000 	 0.00000000 	 0.00000000 	 0.00000000 	 0.00000000 	 0.00000228 	 0.00000000 	 0.00000000 	 0.00013156 	 0.00000000 	 0.00000000 	 0.00000000 	 0.01007122 	 0.00000000 	 3.93133633 	 364.88021639 	 61.84599181 	 7.68025437 	 1.37221648 	 12.71029090 	 0.84422051 	 3.34645301
1791 	 0.00591660 	 0.17130401 	 24.77843217 	 0.11784931 	 1.28533314 	 0.00000000 	 0.00000000 	 0.00000000 	 0.00000000 	 0.00000000 	 105.02128000 	 0.02485686 	 0.00000000 	 0.00000000 	 0.00000000 	 0.00000000 	 0.00000000 	 0.00772327 	 0.00000000 	 0.00000000 	 0.00000000 	 0.00000000 	 0.00000000 	 0.00000232 	 0.00000000 	 0.00000000 	 0.00013568 	 0.00000000 	 0.00000000 	 0.00000000 	 0.01007122 	 0.00000000 	 3.84238324 	 356.65838617 	 60.21873920 	 7.55694354 	 1.33610385 	 12.28900535 	 0.83647970 	 3.32744452
1792 	 0.00609512 	 0.17445551 	 24.81889294 	 0.12007575 	 1.28049884 	 0.00000000 	 0.00000000 	 0.00000000 	 0.00000000 	 0.00000000 	 105.04466000 	 0.02485686 	 0.00000000 	 0.00000000 	 0.00000000 	 0.00000000 	 0.00000000 	 0.00772327 	 0.00000000 	 0.00000000 	 0.00000000 	 0.00000000 	 0.00000000 	 0.00000236 	 0.00000000 	 0.00000000 	 0.00013979 	 0.00000000 	 0.00000000 	 0.00000000 	 0.01007122 	 0.00000000 	 3.84642839 	 354.25153761 	 59.70568574 	 7.49915504 	 1.32763654 	 12.11884997 	 0.83401426 	 3.32781922
1793 	 0.00610139 	 0.17766499 	 25.03153141 	 0.12234425 	 1.27723667 	 0.00000000 	 0.00000000 	 0.00000000 	 0.00000000 	 0.00000000 	 105.02605000 	 0.02485686 	 0.00000000 	 0.00000000 	 0.00000000 	 0.00000000 	 0.00000000 	 0.00772327 	 0.00000000 	 0.00000000 	 0.00000000 	 0.00000000 	 0.00000000 	 0.00000239 	 0.00000000 	 0.00000000 	 0.00014380 	 0.00000000 	 0.00000000 	 0.00000000 	 0.01007122 	 0.00000000 	 3.79247500 	 353.37230934 	 59.58493950 	 7.51812074 	 1.31703442 	 12.13640972 	 0.83623941 	 3.34156982
1794 	 0.00608873 	 0.18093351 	 25.76753778 	 0.12465561 	 1.32397285 	 0.00000000 	 0.00000000 	 0.00000000 	 0.00000000 	 0.00000000 	 104.98417000 	 0.02485686 	 0.00000000 	 0.00000000 	 0.00000000 	 0.00000000 	 0.00000000 	 0.00772327 	 0.00000000 	 0.00000000 	 0.00000000 	 0.00000000 	 0.00000000 	 0.00000243 	 0.00000000 	 0.00000000 	 0.00014774 	 0.00000000 	 0.00000000 	 0.00000000 	 0.01007122 	 0.00000000 	 3.89617003 	 365.72191403 	 62.03822453 	 7.73153599 	 1.36347184 	 12.77281690 	 0.85037128 	 3.39244307
1795 	 0.00609224 	 0.18426217 	 25.77334281 	 0.12701064 	 1.30769195 	 0.00000000 	 0.00000000 	 0.00000000 	 0.00000000 	 0.00000000 	 105.01093000 	 0.02485686 	 0.00000000 	 0.00000000 	 0.00000000 	 0.00000000 	 0.00000000 	 0.00772327 	 0.00000000 	 0.00000000 	 0.00000000 	 0.00000000 	 0.00000000 	 0.00000246 	 0.00000000 	 0.00000000 	 0.00015186 	 0.00000000 	 0.00000000 	 0.00000000 	 0.01007122 	 0.00000000 	 3.91326671 	 362.19212269 	 61.24273214 	 7.62616922 	 1.35903137 	 12.50408380 	 0.84366090 	 3.37904814
1796 	 0.00639251 	 0.18765206 	 25.74058407 	 0.12941016 	 1.28697990 	 0.00000000 	 0.00000000 	 0.00000000 	 0.00000000 	 0.00000000 	 104.99978000 	 0.02485686 	 0.00000000 	 0.00000000 	 0.00000000 	 0.00000000 	 0.00000000 	 0.00772327 	 0.00000000 	 0.00000000 	 0.00000000 	 0.00000000 	 0.00000000 	 0.00000250 	 0.00000000 	 0.00000000 	 0.00015588 	 0.00000000 	 0.00000000 	 0.00000000 	 0.01007122 	 0.00000000 	 3.74402218 	 354.47830294 	 59.86424243 	 7.58186310 	 1.30830761 	 12.23893827 	 0.84484701 	 3.38943153
1797 	 0.00670856 	 0.19110432 	 26.23006226 	 0.13185501 	 1.32275997 	 0.00000000 	 0.00000000 	 0.00000000 	 0.00000000 	 0.00000000 	 105.01623000 	 0.02485686 	 0.00000000 	 0.00000000 	 0.00000000 	 0.00000000 	 0.00000000 	 0.00772327 	 0.00000000 	 0.00000000 	 0.00000000 	 0.00000000 	 0.00000000 	 0.00000254 	 0.00000000 	 0.00000000 	 0.00015998 	 0.00000000 	 0.00000000 	 0.00000000 	 0.01007122 	 0.00000000 	 3.93510161 	 363.54823720 	 61.47137695 	 7.63630258 	 1.36260362 	 12.52497017 	 0.85087141 	 3.41368288
1798 	 0.00698642 	 0.19462009 	 26.54644012 	 0.13434605 	 1.34508488 	 0.00000000 	 0.00000000 	 0.00000000 	 0.00000000 	 0.00000000 	 105.00810000 	 0.02485686 	 0.00000000 	 0.00000000 	 0.00000000 	 0.00000000 	 0.00000000 	 0.00772327 	 0.00000000 	 0.00000000 	 0.00000000 	 0.00000000 	 0.00000000 	 0.00000257 	 0.00000000 	 0.00000000 	 0.00016401 	 0.00000000 	 0.00000000 	 0.00000000 	 0.01007049 	 0.00000000 	 4.00971652 	 367.65010280 	 62.19763903 	 7.67101772 	 1.38850333 	 12.72341412 	 0.84555295 	 3.40325863
1799 	 0.00735858 	 0.19820054 	 26.70648817 	 0.13688415 	 1.33331817 	 0.00000000 	 0.00000000 	 0.00000000 	 0.00000000 	 0.00000000 	 104.99068000 	 0.02485686 	 0.00000000 	 0.00000000 	 0.00000000 	 0.00000000 	 0.00000000 	 0.00772327 	 0.00000000 	 0.00000000 	 0.00000000 	 0.00000000 	 0.00000000 	 0.00000261 	 0.00000000 	 0.00000000 	 0.00016801 	 0.00000000 	 0.00000000 	 0.00000000 	 0.01007196 	 0.00000000 	 3.87711743 	 363.48604690 	 61.49623020 	 7.67446285 	 1.35522569 	 12.60886035 	 0.85206648 	 3.42848244
1800 	 0.00784849 	 0.20184686 	 27.05634308 	 0.13947020 	 1.35199549 	 0.00000000 	 0.00000000 	 0.00000000 	 0.00000000 	 0.00000000 	 104.95838000 	 0.02485686 	 0.00000000 	 0.00000000 	 0.00000000 	 0.00000000 	 0.00000000 	 0.00772327 	 0.00000000 	 0.00000000 	 0.00000000 	 0.00000000 	 0.00000000 	 0.00000264 	 0.00000000 	 0.00000000 	 0.00017195 	 0.00000000 	 0.00000000 	 0.00000000 	 0.01007122 	 0.00000000 	 3.86192817 	 365.84663684 	 62.00320914 	 7.74064532 	 1.35785921 	 12.78939600 	 0.85811485 	 3.45274570
1801 	 0.00778764 	 0.20556026 	 27.12488718 	 0.14210511 	 1.34690404 	 0.00000000 	 0.00000000 	 0.00000000 	 0.00000000 	 0.00000000 	 105.01099000 	 0.02485686 	 0.00000000 	 0.00000000 	 0.00000000 	 0.00000000 	 0.00000000 	 0.00772327 	 0.00000000 	 0.00000000 	 0.00000000 	 0.00000000 	 0.00000000 	 0.00000268 	 0.00000000 	 0.00000000 	 0.00017617 	 0.00000000 	 0.00000000 	 0.00000000 	 0.01007122 	 0.00000000 	 3.91599978 	 364.91706839 	 61.66564779 	 7.70118698 	 1.36039628 	 12.60088664 	 0.85900541 	 3.46284658
1802 	 0.01011065 	 0.20934197 	 27.33978432 	 0.14478980 	 1.36639239 	 0.00000000 	 0.00000000 	 0.00000000 	 0.00000000 	 0.00000000 	 104.99468000 	 0.02485686 	 0.00000000 	 0.00000000 	 0.00000000 	 0.00000000 	 0.00000000 	 0.00772327 	 0.00000000 	 0.00000000 	 0.00000000 	 0.00000000 	 0.00000000 	 0.00000272 	 0.00000000 	 0.00000000 	 0.00018017 	 0.00000000 	 0.00000000 	 0.00000000 	 0.01007122 	 0.00000000 	 3.80922108 	 362.96270751 	 61.32615659 	 7.76305409 	 1.33764038 	 12.58995971 	 0.86505228 	 3.48586390
1803 	 0.00875865 	 0.21319326 	 27.32049985 	 0.14752520 	 1.34061187 	 0.00000000 	 0.00000000 	 0.00000000 	 0.00000000 	 0.00000000 	 105.01080000 	 0.02485686 	 0.00000000 	 0.00000000 	 0.00000000 	 0.00000000 	 0.00000000 	 0.00772327 	 0.00000000 	 0.00000000 	 0.00000000 	 0.00000000 	 0.00000000 	 0.00000275 	 0.00000000 	 0.00000000 	 0.00018428 	 0.00000000 	 0.00000000 	 0.00000000 	 0.01007122 	 0.00000000 	 3.76807397 	 358.65077998 	 60.40434182 	 7.72086376 	 1.31667276 	 12.34278591 	 0.86334307 	 3.48824497
1804 	 0.00955980 	 0.21711540 	 27.46474997 	 0.15031229 	 1.34858279 	 0.00000000 	 0.00000000 	 0.00000000 	 0.00000000 	 0.00000000 	 105.01210000 	 0.02485686 	 0.00000000 	 0.00000000 	 0.00000000 	 0.00000000 	 0.00000000 	 0.00772327 	 0.00000000 	 0.00000000 	 0.00000000 	 0.00000000 	 0.00000000 	 0.00000279 	 0.00000000 	 0.00000000 	 0.00018833 	 0.00000000 	 0.00000000 	 0.00000000 	 0.01007122 	 0.00000000 	 3.86570438 	 359.52869598 	 60.36470275 	 7.68708673 	 1.33216497 	 12.17706443 	 0.86513312 	 3.49918368
1805 	 0.00934590 	 0.22110970 	 27.95079820 	 0.15315203 	 1.36762240 	 0.00000000 	 0.00000000 	 0.00000000 	 0.00000000 	 0.00000000 	 104.98963000 	 0.02485686 	 0.00000000 	 0.00000000 	 0.00000000 	 0.00000000 	 0.00000000 	 0.00772327 	 0.00000000 	 0.00000000 	 0.00000000 	 0.00000000 	 0.00000000 	 0.00000282 	 0.00000000 	 0.00000000 	 0.00019230 	 0.00000000 	 0.00000000 	 0.00000000 	 0.01007122 	 0.00000000 	 3.83779105 	 364.30370433 	 61.31991146 	 7.83516221 	 1.34415434 	 12.56889889 	 0.87088806 	 3.52525591
1806 	 0.00978056 	 0.22517748 	 28.13437245 	 0.15604542 	 1.37089914 	 0.00000000 	 0.00000000 	 0.00000000 	 0.00000000 	 0.00000000 	 104.98239000 	 0.02485686 	 0.00000000 	 0.00000000 	 0.00000000 	 0.00000000 	 0.00000000 	 0.00772327 	 0.00000000 	 0.00000000 	 0.00000000 	 0.00000000 	 0.00000000 	 0.00000286 	 0.00000000 	 0.00000000 	 0.00019633 	 0.00000000 	 0.00000000 	 0.00000000 	 0.01007122 	 0.00000000 	 3.87123510 	 364.34322934 	 61.22344968 	 7.84354145 	 1.34191062 	 12.38962627 	 0.88091197 	 3.56181690
1807 	 0.01046380 	 0.22932010 	 28.45865603 	 0.15899347 	 1.39033597 	 0.00000000 	 0.00000000 	 0.00000000 	 0.00000000 	 0.00000000 	 104.99423000 	 0.02485686 	 0.00000000 	 0.00000000 	 0.00000000 	 0.00000000 	 0.00000000 	 0.00772327 	 0.00000000 	 0.00000000 	 0.00000000 	 0.00000000 	 0.00000000 	 0.00000290 	 0.00000000 	 0.00000000 	 0.00020042 	 0.00000000 	 0.00000000 	 0.00000000 	 0.01007122 	 0.00000000 	 3.90091990 	 367.23493281 	 61.70646914 	 7.90622733 	 1.35434856 	 12.53404121 	 0.88552342 	 3.58352288
1808 	 0.00977916 	 0.23353893 	 29.18524117 	 0.16199721 	 1.42620131 	 0.00000000 	 0.00000000 	 0.00000000 	 0.00000000 	 0.00000000 	 104.95199000 	 0.02485686 	 0.00000000 	 0.00000000 	 0.00000000 	 0.00000000 	 0.00000000 	 0.00772327 	 0.00000000 	 0.00000000 	 0.00000000 	 0.00000000 	 0.00000000 	 0.00000293 	 0.00000000 	 0.00000000 	 0.00020431 	 0.00000000 	 0.00000000 	 0.00000000 	 0.01007122 	 0.00000000 	 4.06429298 	 380.03527200 	 64.08195973 	 8.09530346 	 1.41601778 	 13.10841013 	 0.89591870 	 3.62313677
1809 	 0.00978777 	 0.23783537 	 29.12865813 	 0.16505771 	 1.40374792 	 0.00000000 	 0.00000000 	 0.00000000 	 0.00000000 	 0.00000000 	 104.97900000 	 0.02485686 	 0.00000000 	 0.00000000 	 0.00000000 	 0.00000000 	 0.00000000 	 0.00772327 	 0.00000000 	 0.00000000 	 0.00000000 	 0.00000000 	 0.00000000 	 0.00000297 	 0.00000000 	 0.00000000 	 0.00020846 	 0.00000000 	 0.00000000 	 0.00000000 	 0.01007122 	 0.00000000 	 3.93419735 	 372.84868554 	 62.71002213 	 8.06276698 	 1.37117141 	 12.80837738 	 0.89627123 	 3.63178862
1810 	 0.01040638 	 0.24221086 	 29.42453242 	 0.16817602 	 1.41481575 	 0.00000000 	 0.00000000 	 0.00000000 	 0.00000000 	 0.00000000 	 104.93988000 	 0.02485686 	 0.00000000 	 0.00000000 	 0.00000000 	 0.00000000 	 0.00000000 	 0.00772327 	 0.00000000 	 0.00000000 	 0.00000000 	 0.00000000 	 0.00000000 	 0.00000300 	 0.00000000 	 0.00000000 	 0.00021235 	 0.00000000 	 0.00000000 	 0.00000000 	 0.01007122 	 0.00000000 	 3.95568838 	 374.71801191 	 62.97351665 	 8.10707915 	 1.38218253 	 12.88545900 	 0.89734119 	 3.63992909
1811 	 0.01100823 	 0.24666684 	 29.40578756 	 0.17135325 	 1.40430332 	 0.00000000 	 0.00000000 	 0.00000000 	 0.00000000 	 0.00000000 	 104.96903000 	 0.02485686 	 0.00000000 	 0.00000000 	 0.00000000 	 0.00000000 	 0.00000000 	 0.00772327 	 0.00000000 	 0.00000000 	 0.00000000 	 0.00000000 	 0.00000000 	 0.00000304 	 0.00000000 	 0.00000000 	 0.00021652 	 0.00000000 	 0.00000000 	 0.00000000 	 0.01007122 	 0.00000000 	 3.91290633 	 369.26948631 	 61.82960600 	 8.02694834 	 1.35934967 	 12.55160026 	 0.89318057 	 3.63726531
1812 	 0.01138901 	 0.25120480 	 29.42029850 	 0.17459050 	 1.39549684 	 0.00000000 	 0.00000000 	 0.00000000 	 0.00000000 	 0.00000000 	 104.99029000 	 0.02485686 	 0.00000000 	 0.00000000 	 0.00000000 	 0.00000000 	 0.00000000 	 0.00772327 	 0.00000000 	 0.00000000 	 0.00000000 	 0.00000000 	 0.00000000 	 0.00000307 	 0.00000000 	 0.00000000 	 0.00022066 	 0.00000000 	 0.00000000 	 0.00000000 	 0.01007122 	 0.00000000 	 3.87021300 	 364.58068747 	 60.85746997 	 7.96516964 	 1.33732571 	 12.28810487 	 0.89068123 	 3.64094576
1813 	 0.01144215 	 0.25582625 	 29.77847603 	 0.17788891 	 1.40094065 	 0.00000000 	 0.00000000 	 0.00000000 	 0.00000000 	 0.00000000 	 104.97005000 	 0.02485686 	 0.00000000 	 0.00000000 	 0.00000000 	 0.00000000 	 0.00000000 	 0.00772327 	 0.00000000 	 0.00000000 	 0.00000000 	 0.00000000 	 0.00000000 	 0.00000311 	 0.00000000 	 0.00000000 	 0.00022462 	 0.00000000 	 0.00000000 	 0.00000000 	 0.01007122 	 0.00000000 	 3.83836043 	 365.91388742 	 61.13613020 	 8.03299595 	 1.33448168 	 12.39070614 	 0.89751518 	 3.67420889
1814 	 0.01169663 	 0.26053271 	 30.54785186 	 0.18124963 	 1.44975641 	 0.00000000 	 0.00000000 	 0.00000000 	 0.00000000 	 0.00000000 	 104.93884000 	 0.02485686 	 0.00000000 	 0.00000000 	 0.00000000 	 0.00000000 	 0.00000000 	 0.00772327 	 0.00000000 	 0.00000000 	 0.00000000 	 0.00000000 	 0.00000000 	 0.00000314 	 0.00000000 	 0.00000000 	 0.00022853 	 0.00000000 	 0.00000000 	 0.00000000 	 0.01007122 	 0.00000000 	 3.94099217 	 377.98554168 	 63.49192823 	 8.25536579 	 1.37921528 	 12.98831830 	 0.91236441 	 3.73160518
1815 	 0.01208679 	 0.26532576 	 30.64433954 	 0.18467385 	 1.44346837 	 0.00000000 	 0.00000000 	 0.00000000 	 0.00000000 	 0.00000000 	 104.94955000 	 0.02485686 	 0.00000000 	 0.00000000 	 0.00000000 	 0.00000000 	 0.00000000 	 0.00772327 	 0.00000000 	 0.00000000 	 0.00000000 	 0.00000000 	 0.00000000 	 0.00000318 	 0.00000000 	 0.00000000 	 0.00023263 	 0.00000000 	 0.00000000 	 0.00000000 	 0.01007122 	 0.00000000 	 3.97207060 	 375.58066480 	 62.87157570 	 8.17889456 	 1.37892635 	 12.75686767 	 0.90839834 	 3.73062921
1816 	 0.01337446 	 0.27020699 	 30.79985622 	 0.18816276 	 1.45015433 	 0.00000000 	 0.00000000 	 0.00000000 	 0.00000000 	 0.00000000 	 104.93504000 	 0.02485686 	 0.00000000 	 0.00000000 	 0.00000000 	 0.00000000 	 0.00000000 	 0.00772327 	 0.00000000 	 0.00000000 	 0.00000000 	 0.00000000 	 0.00000000 	 0.00000322 	 0.00000000 	 0.00000000 	 0.00023661 	 0.00000000 	 0.00000000 	 0.00000000 	 0.01007122 	 0.00000000 	 3.86024766 	 371.62982277 	 62.14643252 	 8.18824748 	 1.34761335 	 12.63975077 	 0.91340865 	 3.75528308
1817 	 0.01396165 	 0.27517802 	 31.19839541 	 0.19171758 	 1.47265241 	 0.00000000 	 0.00000000 	 0.00000000 	 0.00000000 	 0.00000000 	 104.95336000 	 0.02485686 	 0.00000000 	 0.00000000 	 0.00000000 	 0.00000000 	 0.00000000 	 0.00772327 	 0.00000000 	 0.00000000 	 0.00000000 	 0.00000000 	 0.00000000 	 0.00000325 	 0.00000000 	 0.00000000 	 0.00024074 	 0.00000000 	 0.00000000 	 0.00000000 	 0.01007122 	 0.00000000 	 3.97527014 	 376.44294413 	 62.94153101 	 8.22082538 	 1.37611145 	 12.73003262 	 0.92006911 	 3.78719602
1818 	 0.01404634 	 0.28024051 	 31.68760832 	 0.19533955 	 1.50399109 	 0.00000000 	 0.00000000 	 0.00000000 	 0.00000000 	 0.00000000 	 104.94012000 	 0.02485686 	 0.00000000 	 0.00000000 	 0.00000000 	 0.00000000 	 0.00000000 	 0.00772327 	 0.00000000 	 0.00000000 	 0.00000000 	 0.00000000 	 0.00000000 	 0.00000329 	 0.00000000 	 0.00000000 	 0.00024472 	 0.00000000 	 0.00000000 	 0.00000000 	 0.01007122 	 0.00000000 	 4.10317253 	 383.91420960 	 64.26768049 	 8.30681711 	 1.41925160 	 13.06162781 	 0.91623851 	 3.78802107
1819 	 0.01411246 	 0.28539613 	 31.84544135 	 0.19902996 	 1.48104748 	 0.00000000 	 0.00000000 	 0.00000000 	 0.00000000 	 0.00000000 	 104.92235000 	 0.02485686 	 0.00000000 	 0.00000000 	 0.00000000 	 0.00000000 	 0.00000000 	 0.00772327 	 0.00000000 	 0.00000000 	 0.00000000 	 0.00000000 	 0.00000000 	 0.00000332 	 0.00000000 	 0.00000000 	 0.00024868 	 0.00000000 	 0.00000000 	 0.00000000 	 0.01007122 	 0.00000000 	 3.95761310 	 378.33258383 	 63.25758927 	 8.30287886 	 1.37829508 	 12.83879978 	 0.92583440 	 3.82639843
1820 	 0.01432805 	 0.29064659 	 32.33339467 	 0.20279009 	 1.50078636 	 0.00000000 	 0.00000000 	 0.00000000 	 0.00000000 	 0.00000000 	 104.88909000 	 0.02485686 	 0.00000000 	 0.00000000 	 0.00000000 	 0.00000000 	 0.00000000 	 0.00772327 	 0.00000000 	 0.00000000 	 0.00000000 	 0.00000000 	 0.00000000 	 0.00000336 	 0.00000000 	 0.00000000 	 0.00025256 	 0.00000000 	 0.00000000 	 0.00000000 	 0.01007122 	 0.00000000 	 3.95266353 	 382.41974828 	 64.07664330 	 8.41607797 	 1.38739495 	 13.10211888 	 0.93365382 	 3.86144553
1821 	 0.01455325 	 0.29599365 	 32.52138863 	 0.20662125 	 1.50666167 	 0.00000000 	 0.00000000 	 0.00000000 	 0.00000000 	 0.00000000 	 104.93899000 	 0.02485686 	 0.00000000 	 0.00000000 	 0.00000000 	 0.00000000 	 0.00000000 	 0.00772327 	 0.00000000 	 0.00000000 	 0.00000000 	 0.00000000 	 0.00000000 	 0.00000340 	 0.00000000 	 0.00000000 	 0.00025685 	 0.00000000 	 0.00000000 	 0.00000000 	 0.01007122 	 0.00000000 	 4.02372688 	 382.89753410 	 63.98744909 	 8.39629917 	 1.39608955 	 12.97435659 	 0.93739423 	 3.88574374
1822 	 0.01512422 	 0.30143908 	 32.73451052 	 0.21052479 	 1.50013590 	 0.00000000 	 0.00000000 	 0.00000000 	 0.00000000 	 0.00000000 	 104.92104000 	 0.02485686 	 0.00000000 	 0.00000000 	 0.00000000 	 0.00000000 	 0.00000000 	 0.00772327 	 0.00000000 	 0.00000000 	 0.00000000 	 0.00000000 	 0.00000000 	 0.00000343 	 0.00000000 	 0.00000000 	 0.00026081 	 0.00000000 	 0.00000000 	 0.00000000 	 0.01007122 	 0.00000000 	 3.86536510 	 378.67080044 	 63.22724653 	 8.44785207 	 1.35813297 	 12.87669532 	 0.94438215 	 3.91960276
1823 	 0.01602844 	 0.30698469 	 32.75571509 	 0.21450208 	 1.50026346 	 0.00000000 	 0.00000000 	 0.00000000 	 0.00000000 	 0.00000000 	 104.94096000 	 0.02485686 	 0.00000000 	 0.00000000 	 0.00000000 	 0.00000000 	 0.00000000 	 0.00772327 	 0.00000000 	 0.00000000 	 0.00000000 	 0.00000000 	 0.00000000 	 0.00000347 	 0.00000000 	 0.00000000 	 0.00026495 	 0.00000000 	 0.00000000 	 0.00000000 	 0.01007122 	 0.00000000 	 3.84032101 	 374.39318132 	 62.26076437 	 8.39526106 	 1.34029617 	 12.61032738 	 0.94217560 	 3.92238490
1824 	 0.01649102 	 0.31263233 	 33.05197870 	 0.21855451 	 1.51357710 	 0.00000000 	 0.00000000 	 0.00000000 	 0.00000000 	 0.00000000 	 104.93425000 	 0.02485686 	 0.00000000 	 0.00000000 	 0.00000000 	 0.00000000 	 0.00000000 	 0.00772327 	 0.00000000 	 0.00000000 	 0.00000000 	 0.00000000 	 0.00000000 	 0.00000350 	 0.00000000 	 0.00000000 	 0.00026896 	 0.00000000 	 0.00000000 	 0.00000000 	 0.01007122 	 0.00000000 	 3.95068157 	 377.04071142 	 62.56343380 	 8.39583394 	 1.35964332 	 12.50936389 	 0.95130449 	 3.96136137
1825 	 0.01721223 	 0.31838386 	 33.52533882 	 0.22268350 	 1.53887900 	 0.00000000 	 0.00000000 	 0.00000000 	 0.00000000 	 0.00000000 	 104.91652000 	 0.02485686 	 0.00000000 	 0.00000000 	 0.00000000 	 0.00000000 	 0.00000000 	 0.00772327 	 0.00000000 	 0.00000000 	 0.00000000 	 0.00000000 	 0.00000000 	 0.00000354 	 0.00000000 	 0.00000000 	 0.00027292 	 0.00000000 	 0.00000000 	 0.00000000 	 0.01007122 	 0.00000000 	 3.91322821 	 380.31674976 	 63.18578955 	 8.51623649 	 1.36644272 	 12.82055568 	 0.95626039 	 3.98812184
1826 	 0.01737170 	 0.32424121 	 33.74810290 	 0.22689050 	 1.53265574 	 0.00000000 	 0.00000000 	 0.00000000 	 0.00000000 	 0.00000000 	 104.90841000 	 0.02485686 	 0.00000000 	 0.00000000 	 0.00000000 	 0.00000000 	 0.00000000 	 0.00772327 	 0.00000000 	 0.00000000 	 0.00000000 	 0.00000000 	 0.00000000 	 0.00000357 	 0.00000000 	 0.00000000 	 0.00027692 	 0.00000000 	 0.00000000 	 0.00000000 	 0.01007122 	 0.00000000 	 3.90577575 	 378.82226551 	 62.81594151 	 8.52362041 	 1.35288262 	 12.58363573 	 0.96808622 	 4.03714335
1827 	 0.01862859 	 0.33020631 	 34.15505001 	 0.23117697 	 1.56678012 	 0.00000000 	 0.00000000 	 0.00000000 	 0.00000000 	 0.00000000 	 104.91515000 	 0.02485686 	 0.00000000 	 0.00000000 	 0.00000000 	 0.00000000 	 0.00000000 	 0.00772327 	 0.00000000 	 0.00000000 	 0.00000000 	 0.00000000 	 0.00000000 	 0.00000361 	 0.00000000 	 0.00000000 	 0.00028100 	 0.00000000 	 0.00000000 	 0.00000000 	 0.01007122 	 0.00000000 	 3.95688858 	 382.47733921 	 63.38999011 	 8.58585032 	 1.37068936 	 12.73103758 	 0.97564842 	 4.06888165
1828 	 0.01881335 	 0.33628116 	 34.99912851 	 0.23554443 	 1.61873144 	 0.00000000 	 0.00000000 	 0.00000000 	 0.00000000 	 0.00000000 	 104.87222000 	 0.02485686 	 0.00000000 	 0.00000000 	 0.00000000 	 0.00000000 	 0.00000000 	 0.00772327 	 0.00000000 	 0.00000000 	 0.00000000 	 0.00000000 	 0.00000000 	 0.00000364 	 0.00000000 	 0.00000000 	 0.00028480 	 0.00000000 	 0.00000000 	 0.00000000 	 0.01007122 	 0.00000000 	 4.11022115 	 395.97543247 	 65.90535949 	 8.80149595 	 1.43143371 	 13.35572223 	 0.98934044 	 4.12484227
1829 	 0.01865289 	 0.34246776 	 35.01640513 	 0.23999440 	 1.59793989 	 0.00000000 	 0.00000000 	 0.00000000 	 0.00000000 	 0.00000000 	 104.90025000 	 0.02485686 	 0.00000000 	 0.00000000 	 0.00000000 	 0.00000000 	 0.00000000 	 0.00772327 	 0.00000000 	 0.00000000 	 0.00000000 	 0.00000000 	 0.00000000 	 0.00000368 	 0.00000000 	 0.00000000 	 0.00028900 	 0.00000000 	 0.00000000 	 0.00000000 	 0.01007122 	 0.00000000 	 3.99438984 	 389.17462820 	 64.57289824 	 8.76722939 	 1.38987089 	 13.05487661 	 0.98950544 	 4.13920505
1830 	 0.02491864 	 0.34876818 	 35.40215534 	 0.24452844 	 1.70665258 	 0.00000000 	 0.00000000 	 0.00000000 	 0.00000000 	 0.00000000 	 104.86670000 	 0.02485686 	 0.00000000 	 0.00000000 	 0.00000000 	 0.00000000 	 0.00000000 	 0.00772327 	 0.00000000 	 0.00000000 	 0.00000000 	 0.00000000 	 0.00000000 	 0.00000372 	 0.00000000 	 0.00000000 	 0.00029285 	 0.00000000 	 0.00000000 	 0.00000000 	 0.01007122 	 0.00000000 	 4.03241258 	 392.10653286 	 64.94076179 	 8.81880645 	 1.40373592 	 13.14826728 	 0.99942391 	 4.16598429
1831 	 0.02364585 	 0.35518451 	 35.37418705 	 0.24914813 	 1.66176274 	 0.00000000 	 0.00000000 	 0.00000000 	 0.00000000 	 0.00000000 	 104.89174000 	 0.02485686 	 0.00000000 	 0.00000000 	 0.00000000 	 0.00000000 	 0.00000000 	 0.00772327 	 0.00000000 	 0.00000000 	 0.00000000 	 0.00000000 	 0.00000000 	 0.00000375 	 0.00000000 	 0.00000000 	 0.00029703 	 0.00000000 	 0.00000000 	 0.00000000 	 0.01007122 	 0.00000000 	 3.94152737 	 384.20125072 	 63.33682174 	 8.73150739 	 1.36534653 	 12.69985246 	 0.99600059 	 4.17787620
1832 	 0.02367158 	 0.36171889 	 35.56272349 	 0.25385510 	 1.66134001 	 0.00000000 	 0.00000000 	 0.00000000 	 0.00000000 	 0.00000000 	 104.90924000 	 0.02485686 	 0.00000000 	 0.00000000 	 0.00000000 	 0.00000000 	 0.00000000 	 0.00772327 	 0.00000000 	 0.00000000 	 0.00000000 	 0.00000000 	 0.00000000 	 0.00000379 	 0.00000000 	 0.00000000 	 0.00030118 	 0.00000000 	 0.00000000 	 0.00000000 	 0.01007122 	 0.00000000 	 3.94029481 	 382.36339800 	 62.87089656 	 8.71243001 	 1.35640011 	 12.53577503 	 0.99746319 	 4.20321172
1833 	 0.02421202 	 0.36837347 	 35.98083111 	 0.25865100 	 1.67461019 	 0.00000000 	 0.00000000 	 0.00000000 	 0.00000000 	 0.00000000 	 104.89175000 	 0.02485686 	 0.00000000 	 0.00000000 	 0.00000000 	 0.00000000 	 0.00000000 	 0.00772327 	 0.00000000 	 0.00000000 	 0.00000000 	 0.00000000 	 0.00000000 	 0.00000382 	 0.00000000 	 0.00000000 	 0.00030512 	 0.00000000 	 0.00000000 	 0.00000000 	 0.01007049 	 0.00000000 	 3.89951621 	 383.45379279 	 63.06958370 	 8.79092296 	 1.35011594 	 12.61210363 	 1.00684344 	 4.25239329
1834 	 0.02468763 	 0.37515048 	 36.76106097 	 0.26353750 	 1.72202542 	 0.00000000 	 0.00000000 	 0.00000000 	 0.00000000 	 0.00000000 	 104.85400000 	 0.02485686 	 0.00000000 	 0.00000000 	 0.00000000 	 0.00000000 	 0.00000000 	 0.00772327 	 0.00000000 	 0.00000000 	 0.00000000 	 0.00000000 	 0.00000000 	 0.00000386 	 0.00000000 	 0.00000000 	 0.00030893 	 0.00000000 	 0.00000000 	 0.00000000 	 0.01007196 	 0.00000000 	 3.98311715 	 394.14290234 	 65.10499264 	 9.00142047 	 1.38921464 	 13.13635246 	 1.02323083 	 4.31793288
1835 	 0.02525833 	 0.38205217 	 36.88278973 	 0.26851632 	 1.71897686 	 0.00000000 	 0.00000000 	 0.00000000 	 0.00000000 	 0.00000000 	 104.86980000 	 0.02485686 	 0.00000000 	 0.00000000 	 0.00000000 	 0.00000000 	 0.00000000 	 0.00772327 	 0.00000000 	 0.00000000 	 0.00000000 	 0.00000000 	 0.00000000 	 0.00000390 	 0.00000000 	 0.00000000 	 0.00031307 	 0.00000000 	 0.00000000 	 0.00000000 	 0.01007122 	 0.00000000 	 3.99259974 	 390.55513918 	 64.23544317 	 8.92554829 	 1.37939039 	 12.82848880 	 1.02606599 	 4.34199799
1836 	 0.02920337 	 0.38908083 	 37.24729235 	 0.27358920 	 1.78386664 	 0.00000000 	 0.00000000 	 0.00000000 	 0.00000000 	 0.00000000 	 104.84901000 	 0.02485686 	 0.00000000 	 0.00000000 	 0.00000000 	 0.00000000 	 0.00000000 	 0.00772327 	 0.00000000 	 0.00000000 	 0.00000000 	 0.00000000 	 0.00000000 	 0.00000393 	 0.00000000 	 0.00000000 	 0.00031697 	 0.00000000 	 0.00000000 	 0.00000000 	 0.01007122 	 0.00000000 	 3.91160856 	 389.97866439 	 64.08016333 	 8.99301509 	 1.35916934 	 12.83028475 	 1.04501862 	 4.40471954
1837 	 0.02924268 	 0.39623880 	 37.69980678 	 0.27875792 	 1.79887801 	 0.00000000 	 0.00000000 	 0.00000000 	 0.00000000 	 0.00000000 	 104.86946000 	 0.02485686 	 0.00000000 	 0.00000000 	 0.00000000 	 0.00000000 	 0.00000000 	 0.00772327 	 0.00000000 	 0.00000000 	 0.00000000 	 0.00000000 	 0.00000000 	 0.00000397 	 0.00000000 	 0.00000000 	 0.00032114 	 0.00000000 	 0.00000000 	 0.00000000 	 0.01007122 	 0.00000000 	 4.03419684 	 394.75650377 	 64.82242714 	 9.02705982 	 1.39004655 	 12.91380059 	 1.05016363 	 4.44003465
1838 	 0.03027035 	 0.40352845 	 38.24210962 	 0.28402429 	 1.84235204 	 0.00000000 	 0.00000000 	 0.00000000 	 0.00000000 	 0.00000000 	 104.85548000 	 0.02485686 	 0.00000000 	 0.00000000 	 0.00000000 	 0.00000000 	 0.00000000 	 0.00772327 	 0.00000000 	 0.00000000 	 0.00000000 	 0.00000000 	 0.00000000 	 0.00000400 	 0.00000000 	 0.00000000 	 0.00032509 	 0.00000000 	 0.00000000 	 0.00000000 	 0.01007122 	 0.00000000 	 4.13600055 	 401.29618701 	 65.94724657 	 9.12253589 	 1.42223182 	 13.16907262 	 1.05507993 	 4.47246585
1839 	 0.03129160 	 0.41095221 	 38.51117556 	 0.28939015 	 1.84389040 	 0.00000000 	 0.00000000 	 0.00000000 	 0.00000000 	 0.00000000 	 104.83788000 	 0.02485686 	 0.00000000 	 0.00000000 	 0.00000000 	 0.00000000 	 0.00000000 	 0.00772327 	 0.00000000 	 0.00000000 	 0.00000000 	 0.00000000 	 0.00000000 	 0.00000404 	 0.00000000 	 0.00000000 	 0.00032902 	 0.00000000 	 0.00000000 	 0.00000000 	 0.01007122 	 0.00000000 	 4.00932861 	 396.91163686 	 65.11131218 	 9.13960833 	 1.38695085 	 12.98298331 	 1.06568729 	 4.52219302
1840 	 0.03352266 	 0.41851255 	 38.88776194 	 0.29485739 	 1.87496505 	 0.00000000 	 0.00000000 	 0.00000000 	 0.00000000 	 0.00000000 	 104.80755000 	 0.02485686 	 0.00000000 	 0.00000000 	 0.00000000 	 0.00000000 	 0.00000000 	 0.00772327 	 0.00000000 	 0.00000000 	 0.00000000 	 0.00000000 	 0.00000000 	 0.00000407 	 0.00000000 	 0.00000000 	 0.00033285 	 0.00000000 	 0.00000000 	 0.00000000 	 0.01007122 	 0.00000000 	 3.91842154 	 395.88091619 	 64.92298176 	 9.21132630 	 1.36560539 	 13.00170670 	 1.07827213 	 4.57342578
1841 	 0.03458028 	 0.42621197 	 39.38162317 	 0.30042791 	 1.91710593 	 0.00000000 	 0.00000000 	 0.00000000 	 0.00000000 	 0.00000000 	 104.84789000 	 0.02485686 	 0.00000000 	 0.00000000 	 0.00000000 	 0.00000000 	 0.00000000 	 0.00772327 	 0.00000000 	 0.00000000 	 0.00000000 	 0.00000000 	 0.00000000 	 0.00000411 	 0.00000000 	 0.00000000 	 0.00033716 	 0.00000000 	 0.00000000 	 0.00000000 	 0.01007122 	 0.00000000 	 4.08335182 	 402.37274182 	 65.94544518 	 9.24945320 	 1.40607000 	 13.13544894 	 1.08441986 	 4.61009463
1842 	 0.03661779 	 0.43405305 	 39.61872888 	 0.30610367 	 1.93231091 	 0.00000000 	 0.00000000 	 0.00000000 	 0.00000000 	 0.00000000 	 104.84034000 	 0.02485686 	 0.00000000 	 0.00000000 	 0.00000000 	 0.00000000 	 0.00000000 	 0.00772327 	 0.00000000 	 0.00000000 	 0.00000000 	 0.00000000 	 0.00000000 	 0.00000414 	 0.00000000 	 0.00000000 	 0.00034114 	 0.00000000 	 0.00000000 	 0.00000000 	 0.01007049 	 0.00000000 	 3.93030273 	 396.99512214 	 64.92167359 	 9.26138185 	 1.36622278 	 12.95963499 	 1.08294769 	 4.63132672
1843 	 0.03742771 	 0.44203837 	 39.65326382 	 0.31188667 	 1.93050801 	 0.00000000 	 0.00000000 	 0.00000000 	 0.00000000 	 0.00000000 	 104.85726000 	 0.02485686 	 0.00000000 	 0.00000000 	 0.00000000 	 0.00000000 	 0.00000000 	 0.00772327 	 0.00000000 	 0.00000000 	 0.00000000 	 0.00000000 	 0.00000000 	 0.00000418 	 0.00000000 	 0.00000000 	 0.00034530 	 0.00000000 	 0.00000000 	 0.00000000 	 0.01007196 	 0.00000000 	 3.84033514 	 389.73678087 	 63.42406091 	 9.18585261 	 1.32888433 	 12.57505963 	 1.08225194 	 4.64315869
1844 	 0.03982284 	 0.45017061 	 40.04426499 	 0.31777891 	 1.99232039 	 0.00000000 	 0.00000000 	 0.00000000 	 0.00000000 	 0.00000000 	 104.85117000 	 0.02485686 	 0.00000000 	 0.00000000 	 0.00000000 	 0.00000000 	 0.00000000 	 0.00772327 	 0.00000000 	 0.00000000 	 0.00000000 	 0.00000000 	 0.00000000 	 0.00000422 	 0.00000000 	 0.00000000 	 0.00034929 	 0.00000000 	 0.00000000 	 0.00000000 	 0.01007122 	 0.00000000 	 3.95940103 	 392.70744171 	 63.76245430 	 9.17891353 	 1.34983348 	 12.48918415 	 1.09399242 	 4.69093775
1845 	 0.04376561 	 0.45845245 	 40.66967667 	 0.32378247 	 2.08129490 	 0.00000000 	 0.00000000 	 0.00000000 	 0.00000000 	 0.00000000 	 104.83257000 	 0.02485686 	 0.00000000 	 0.00000000 	 0.00000000 	 0.00000000 	 0.00000000 	 0.00772327 	 0.00000000 	 0.00000000 	 0.00000000 	 0.00000000 	 0.00000000 	 0.00000425 	 0.00000000 	 0.00000000 	 0.00035320 	 0.00000000 	 0.00000000 	 0.00000000 	 0.01007122 	 0.00000000 	 3.95197867 	 397.85005600 	 64.68556723 	 9.30790591 	 1.36481272 	 12.86379989 	 1.10655916 	 4.73556342
1846 	 0.04417061 	 0.46688665 	 40.97519975 	 0.32989946 	 2.07320069 	 0.00000000 	 0.00000000 	 0.00000000 	 0.00000000 	 0.00000000 	 104.82423000 	 0.02485686 	 0.00000000 	 0.00000000 	 0.00000000 	 0.00000000 	 0.00000000 	 0.00772327 	 0.00000000 	 0.00000000 	 0.00000000 	 0.00000000 	 0.00000000 	 0.00000429 	 0.00000000 	 0.00000000 	 0.00035718 	 0.00000000 	 0.00000000 	 0.00000000 	 0.01007122 	 0.00000000 	 3.94365628 	 395.90826217 	 64.24405153 	 9.30249836 	 1.35025534 	 12.60562624 	 1.12094341 	 4.79325232
1847 	 0.04743588 	 0.47547602 	 41.61647168 	 0.33613200 	 2.15517685 	 0.00000000 	 0.00000000 	 0.00000000 	 0.00000000 	 0.00000000 	 104.82758000 	 0.02485686 	 0.00000000 	 0.00000000 	 0.00000000 	 0.00000000 	 0.00000000 	 0.00772327 	 0.00000000 	 0.00000000 	 0.00000000 	 0.00000000 	 0.00000000 	 0.00000432 	 0.00000000 	 0.00000000 	 0.00036124 	 0.00000000 	 0.00000000 	 0.00000000 	 0.01007122 	 0.00000000 	 4.03454520 	 402.98515747 	 65.44362075 	 9.40196202 	 1.38303775 	 12.91262560 	 1.13807748 	 4.84788859
1848 	 0.04708927 	 0.48422341 	 42.44947063 	 0.34248230 	 2.20538503 	 0.00000000 	 0.00000000 	 0.00000000 	 0.00000000 	 0.00000000 	 104.78829000 	 0.02485686 	 0.00000000 	 0.00000000 	 0.00000000 	 0.00000000 	 0.00000000 	 0.00772327 	 0.00000000 	 0.00000000 	 0.00000000 	 0.00000000 	 0.00000000 	 0.00000436 	 0.00000000 	 0.00000000 	 0.00036499 	 0.00000000 	 0.00001495 	 0.00000000 	 0.01007049 	 0.00000000 	 4.14886500 	 413.55829295 	 67.39824375 	 9.57323857 	 1.42977559 	 13.40264406 	 1.14759621 	 4.89804967
1849 	 0.04882186 	 0.49313173 	 42.63396461 	 0.34895257 	 2.22587301 	 0.00000000 	 0.00000000 	 0.00000000 	 0.00000000 	 0.00000000 	 104.81678000 	 0.02485686 	 0.00000000 	 0.00000000 	 0.00000000 	 0.00000000 	 0.00000000 	 0.00772327 	 0.00000000 	 0.00000000 	 0.00000000 	 0.00000000 	 0.00000000 	 0.00000439 	 0.00000000 	 0.00000000 	 0.00036923 	 0.00000000 	 0.00011956 	 0.00000000 	 0.01007196 	 0.00000000 	 4.08093084 	 408.93993412 	 66.42707154 	 9.54335883 	 1.40041826 	 13.15005863 	 1.15197583 	 4.92472764
1850 	 0.05135378 	 0.50220393 	 43.14236365 	 0.35554507 	 2.27677635 	 0.00000000 	 0.00000000 	 0.00000000 	 0.00000000 	 0.00000000 	 104.93295000 	 0.02485686 	 0.00000000 	 0.00000000 	 0.00000000 	 0.00000000 	 0.00000000 	 0.00772327 	 0.00000000 	 0.00000000 	 0.00000000 	 0.00000000 	 0.00000000 	 0.00000444 	 0.00000000 	 0.00000000 	 0.00037413 	 0.00000000 	 0.00022474 	 0.00000000 	 0.01007122 	 0.00000000 	 4.09079936 	 411.46287432 	 66.78304875 	 9.60416256 	 1.40985355 	 13.26860301 	 1.16127093 	 4.95822177
1851 	 0.05153108 	 0.49435682 	 43.15191371 	 0.36351949 	 2.25780646 	 0.00000000 	 0.00000000 	 0.00000000 	 0.00000000 	 0.00000000 	 104.96457000 	 0.02485686 	 0.00000000 	 0.00000000 	 0.00000000 	 0.00000000 	 0.00000000 	 0.00772327 	 0.00000000 	 0.00000000 	 0.00000000 	 0.00000000 	 0.00000000 	 0.00000448 	 0.00000000 	 0.00000000 	 0.00037842 	 0.00000000 	 0.00024083 	 0.00000000 	 0.01007122 	 0.00000000 	 4.00442174 	 402.24481525 	 64.95004659 	 9.47847133 	 1.36897130 	 12.76098965 	 1.15772128 	 4.96531085
1852 	 0.05360990 	 0.55035240 	 43.34412933 	 0.37214377 	 2.27863486 	 0.00000000 	 0.00000000 	 0.00000000 	 0.00000000 	 0.00000000 	 104.98199000 	 0.02485686 	 0.00000000 	 0.00000000 	 0.00000000 	 0.00000000 	 0.00000000 	 0.00772327 	 0.00000000 	 0.00000000 	 0.00000000 	 0.00000000 	 0.00000000 	 0.00000451 	 0.00000000 	 0.00000000 	 0.00038260 	 0.00000000 	 0.00024180 	 0.00000000 	 0.01007122 	 0.00000000 	 3.95255307 	 397.49851999 	 63.95789986 	 9.42452025 	 1.34277076 	 12.47583786 	 1.16486340 	 5.00342369
1853 	 0.05591847 	 0.54829886 	 43.88435963 	 0.37982347 	 2.32744250 	 0.00000000 	 0.00000000 	 0.00000000 	 0.00000000 	 0.00000000 	 104.96930000 	 0.02485686 	 0.00000000 	 0.00000000 	 0.00000000 	 0.00000000 	 0.00000000 	 0.00772327 	 0.00000000 	 0.00000000 	 0.00000000 	 0.00000000 	 0.00000000 	 0.00000455 	 0.00000000 	 0.00000000 	 0.00038655 	 0.00000000 	 0.00024278 	 0.00000000 	 0.01007122 	 0.00000000 	 3.96241298 	 400.33880414 	 64.44555418 	 9.49318713 	 1.34933493 	 12.59722807 	 1.17847682 	 5.06126181
1854 	 0.06585575 	 0.54640869 	 44.80907906 	 0.38782576 	 2.53627177 	 0.00000000 	 0.00000000 	 0.00000000 	 0.00000000 	 0.00000000 	 104.92260000 	 0.02485686 	 0.00000000 	 0.00000000 	 0.00000000 	 0.00000000 	 0.00000000 	 0.00772327 	 0.00000000 	 0.00000000 	 0.00000000 	 0.00000000 	 0.00000000 	 0.00000458 	 0.00000000 	 0.00000000 	 0.00039023 	 0.00000000 	 0.00024406 	 0.00000000 	 0.01007122 	 0.00000000 	 4.08028498 	 413.39913151 	 66.79469522 	 9.70892605 	 1.39571707 	 13.17829469 	 1.21433148 	 5.16213663
1855 	 0.06652029 	 0.54342901 	 44.95705390 	 0.39485736 	 2.53299421 	 0.00000000 	 0.00000000 	 0.00000000 	 0.00000000 	 0.00000000 	 104.95064000 	 0.02485686 	 0.00000000 	 0.00000000 	 0.00000000 	 0.00000000 	 0.00000000 	 0.00772327 	 0.00000000 	 0.00000000 	 0.00000000 	 0.00000000 	 0.00000000 	 0.00000462 	 0.00000000 	 0.00000000 	 0.00039450 	 0.00000000 	 0.00024548 	 0.00000000 	 0.01007049 	 0.00000000 	 4.06558999 	 408.11045388 	 65.65156398 	 9.60821845 	 1.37672168 	 12.79897242 	 1.21654263 	 5.19267617
1856 	 0.07115260 	 0.54939238 	 45.32147323 	 0.40091148 	 2.59946467 	 0.00000000 	 0.00000000 	 0.00000000 	 0.00000000 	 0.00000000 	 104.92886000 	 0.02485686 	 0.00000000 	 0.00000000 	 0.00000000 	 0.00000000 	 0.00000000 	 0.00772327 	 0.00000000 	 0.00000000 	 0.00000000 	 0.00000000 	 0.00000000 	 0.00000465 	 0.00000000 	 0.00000000 	 0.00039837 	 0.00000000 	 0.00024705 	 0.00000000 	 0.01007196 	 0.00000000 	 3.93562858 	 404.85491673 	 65.04253470 	 9.64896741 	 1.34002851 	 12.69496842 	 1.23340149 	 5.25914963
1857 	 0.07185041 	 0.55472479 	 46.01300694 	 0.40721930 	 2.64815899 	 0.00000000 	 0.00000000 	 0.00000000 	 0.00000000 	 0.00000000 	 104.94976000 	 0.02485686 	 0.00000000 	 0.00000000 	 0.00000000 	 0.00000000 	 0.00000000 	 0.00772327 	 0.00000000 	 0.00000000 	 0.00000000 	 0.00000000 	 0.00000000 	 0.00000469 	 0.00000000 	 0.00000000 	 0.00040259 	 0.00000000 	 0.00024876 	 0.00000000 	 0.01007122 	 0.00000000 	 4.15294342 	 414.67319185 	 66.72779877 	 9.71798745 	 1.40154772 	 12.99873839 	 1.23490486 	 5.29282726
1858 	 0.07298394 	 0.55939796 	 46.54057729 	 0.41220681 	 2.68603275 	 0.00000000 	 0.00000000 	 0.00000000 	 0.00000000 	 0.00000000 	 104.93987000 	 0.02485686 	 0.00000000 	 0.00000000 	 0.00000000 	 0.00000000 	 0.00000000 	 0.00772327 	 0.00000000 	 0.00000000 	 0.00000000 	 0.00000000 	 0.00000000 	 0.00000473 	 0.00000000 	 0.00000000 	 0.00040655 	 0.00000000 	 0.00025062 	 0.00000000 	 0.01007122 	 0.00000000 	 4.23455311 	 419.01402361 	 67.47060376 	 9.77387272 	 1.42468915 	 13.15495736 	 1.23543349 	 5.32431894
1859 	 0.07780497 	 0.56704179 	 46.94962615 	 0.41668339 	 2.76656619 	 0.00000000 	 0.00000000 	 0.00000000 	 0.00000000 	 0.00000000 	 104.91443000 	 0.02485686 	 0.00000000 	 0.00000000 	 0.00000000 	 0.00000000 	 0.00000000 	 0.00772327 	 0.00000000 	 0.00000000 	 0.00000000 	 0.00000000 	 0.00000000 	 0.00000476 	 0.00000000 	 0.00000000 	 0.00041039 	 0.00000000 	 0.00025263 	 0.00000000 	 0.01007122 	 0.00000000 	 4.11357190 	 416.29974849 	 66.95694734 	 9.81563379 	 1.39135962 	 13.04837298 	 1.25684363 	 5.40113300
1860 	 0.08575383 	 0.57155939 	 47.37614023 	 0.42043573 	 2.89965090 	 0.00000000 	 0.00000000 	 0.00000000 	 0.00000000 	 0.00000000 	 104.89112000 	 0.02485686 	 0.00000000 	 0.00000000 	 0.00000000 	 0.00000000 	 0.00000000 	 0.00772327 	 0.00000000 	 0.00000000 	 0.00000000 	 0.00000000 	 0.00000000 	 0.00000479 	 0.00000000 	 0.00000000 	 0.00041424 	 0.00000000 	 0.00025478 	 0.00000000 	 0.01081068 	 0.00000000 	 4.05492495 	 416.06399659 	 66.84953493 	 9.86846259 	 1.37512964 	 13.06056175 	 1.27327509 	 5.45990626
1861 	 0.09038281 	 0.58274225 	 48.23468670 	 0.42304105 	 2.97258398 	 0.00000000 	 0.00000000 	 0.00000000 	 0.00000000 	 0.00000000 	 104.94268000 	 0.02485686 	 0.00000000 	 0.00000000 	 0.00000000 	 0.00000000 	 0.00000000 	 0.00772327 	 0.00000000 	 0.00000000 	 0.00000000 	 0.00000000 	 0.00000000 	 0.00000483 	 0.00000000 	 0.00000000 	 0.00041871 	 0.00000000 	 0.00025708 	 0.00000000 	 0.01081069 	 0.00000000 	 4.15501231 	 417.24413722 	 66.88575551 	 9.85713565 	 1.38939413 	 12.95182710 	 1.28087454 	 5.48529273
1862 	 0.09180996 	 0.52263988 	 49.13056212 	 0.42564762 	 2.97769543 	 0.00000000 	 0.00000000 	 0.00000000 	 0.00000000 	 0.00000000 	 104.93302000 	 0.02485686 	 0.00000000 	 0.00000000 	 0.00000000 	 0.00000000 	 0.00000000 	 0.00772327 	 0.00000000 	 0.00000000 	 0.00000000 	 0.00000000 	 0.00000000 	 0.00000487 	 0.00000000 	 0.00000000 	 0.00042268 	 0.00000000 	 0.00025952 	 0.00000000 	 0.01007125 	 0.00000000 	 4.03642566 	 414.16280656 	 66.35896016 	 9.91888197 	 1.36174795 	 12.89796496 	 1.28681704 	 5.51792825
1863 	 0.09742952 	 0.52281751 	 49.71022253 	 0.42811005 	 3.06579297 	 0.00000000 	 0.00000000 	 0.00000000 	 0.00000000 	 0.00000000 	 104.95090000 	 0.02485686 	 0.00000000 	 0.00000000 	 0.00000000 	 0.00000000 	 0.00000000 	 0.00772327 	 0.00000000 	 0.00000000 	 0.00000000 	 0.00000000 	 0.00000000 	 0.00000491 	 0.00000000 	 0.00000000 	 0.00042688 	 0.00000000 	 0.00026211 	 0.00000000 	 0.01007125 	 0.00000000 	 3.96560135 	 408.12241941 	 65.00963540 	 9.86866585 	 1.32744048 	 12.52633195 	 1.30182904 	 5.56507906
1864 	 0.10466172 	 0.52316439 	 50.66032473 	 0.43068962 	 3.19462089 	 0.00000000 	 0.00000000 	 0.00000000 	 0.00000000 	 0.00000000 	 104.94467000 	 0.02485686 	 0.00000000 	 0.00000000 	 0.00000000 	 0.00000000 	 0.00000000 	 0.00772327 	 0.00000000 	 0.00000000 	 0.00000000 	 0.00000000 	 0.00000000 	 0.00000494 	 0.00000000 	 0.00000000 	 0.00043087 	 0.00000000 	 0.00026485 	 0.00000000 	 0.01007125 	 0.00000000 	 4.08136795 	 411.33106429 	 65.39906664 	 9.88713408 	 1.34624410 	 12.47255978 	 1.32151154 	 5.62125752
1865 	 0.11086914 	 0.52393292 	 51.98007510 	 0.43311237 	 3.32854160 	 0.00000000 	 0.00000000 	 0.00000000 	 0.00000000 	 0.00000000 	 104.93017000 	 0.02485686 	 0.00000000 	 0.00000000 	 0.00000000 	 0.00000000 	 0.00000000 	 0.00772327 	 0.00000000 	 0.00000000 	 0.00000000 	 0.00000000 	 0.00000000 	 0.00000498 	 0.00000000 	 0.00000000 	 0.00043479 	 0.00000000 	 0.00026774 	 0.00000000 	 0.01081071 	 0.00000000 	 4.15146609 	 420.48900498 	 67.10347351 	 10.07353478 	 1.38393328 	 12.99709115 	 1.33626778 	 5.66947723
1866 	 0.11466903 	 0.52406882 	 52.74699293 	 0.43541664 	 3.38974638 	 0.00000000 	 0.00000000 	 0.00000000 	 0.00000000 	 0.00000000 	 104.92398000 	 0.02485686 	 0.00000000 	 0.00000000 	 0.00000000 	 0.00000000 	 0.00000000 	 0.00772327 	 0.00000000 	 0.00000000 	 0.00000000 	 0.00000000 	 0.00000000 	 0.00000501 	 0.00000000 	 0.00000000 	 0.00043878 	 0.00000000 	 0.00027077 	 0.00000000 	 0.01081072 	 0.00000000 	 4.12751154 	 417.10118493 	 66.37528156 	 10.06454912 	 1.36023022 	 12.66276268 	 1.35006812 	 5.73191751
1867 	 0.12250781 	 0.52255982 	 53.94102178 	 0.43788065 	 3.56700166 	 0.00000000 	 0.00000000 	 0.00000000 	 0.00000000 	 0.00000000 	 104.93094000 	 0.02485686 	 0.00000000 	 0.00000000 	 0.00000000 	 0.00000000 	 0.00000000 	 0.00772327 	 0.00000000 	 0.00000000 	 0.00000000 	 0.00000000 	 0.00000000 	 0.00000505 	 0.00000000 	 0.00000000 	 0.00044289 	 0.00000000 	 0.00027394 	 0.00000000 	 0.01007054 	 0.00000000 	 4.22487603 	 424.29697530 	 67.66026449 	 10.18913310 	 1.39345939 	 12.99673037 	 1.36756329 	 5.77162580
1868 	 0.12553338 	 0.52109965 	 55.28767356 	 0.44110183 	 3.66992005 	 0.00000000 	 0.00000000 	 0.00000000 	 0.00000000 	 0.00000000 	 104.89186000 	 0.02485686 	 0.00000000 	 0.00000000 	 0.00000000 	 0.00000000 	 0.00000000 	 0.00772327 	 0.00000000 	 0.00000000 	 0.00000000 	 0.00000000 	 0.00000000 	 0.00000508 	 0.00000000 	 0.00000000 	 0.00044658 	 0.00000000 	 0.00027727 	 0.00000000 	 0.01007202 	 0.00000000 	 4.35680292 	 434.93022826 	 69.64729381 	 10.37220092 	 1.44103079 	 13.47067471 	 1.38410977 	 5.83057286
1869 	 0.13321081 	 0.51945615 	 55.83359728 	 0.44357398 	 3.79312815 	 0.00000000 	 0.00000000 	 0.00000000 	 0.00000000 	 0.00000000 	 104.93014000 	 0.02485686 	 0.00000000 	 0.00000000 	 0.00000000 	 0.00000000 	 0.00000000 	 0.00772327 	 0.00000000 	 0.00000000 	 0.00000000 	 0.00000000 	 0.00000000 	 0.00000512 	 0.00000000 	 0.00000000 	 0.00045097 	 0.00000000 	 0.00028073 	 0.00000000 	 0.01081074 	 0.00000000 	 4.23900394 	 426.40361673 	 67.92949559 	 10.31106127 	 1.38974100 	 13.02658904 	 1.39526332 	 5.86223600
1870 	 0.13659162 	 0.51835778 	 56.99659231 	 0.44630362 	 3.88923694 	 0.00000000 	 0.00000000 	 0.00000000 	 0.00000000 	 0.00000000 	 104.89317000 	 0.02485686 	 0.00000000 	 0.00000000 	 0.00000000 	 0.00000000 	 0.00000000 	 0.00772327 	 0.00000000 	 0.00000000 	 0.00000000 	 0.00000000 	 0.00000000 	 0.00000515 	 0.00000000 	 0.00000000 	 0.00045467 	 0.00000000 	 0.00028435 	 0.00000000 	 0.01081075 	 0.00000000 	 4.31702620 	 433.22876245 	 69.12187694 	 10.44102397 	 1.42148442 	 13.33667612 	 1.40971636 	 5.92144463
1871 	 0.14516120 	 0.53848893 	 57.57401422 	 0.45399380 	 4.01779633 	 0.00000000 	 0.00000000 	 0.00000000 	 0.00000000 	 0.00000000 	 104.92871000 	 0.02485686 	 0.00000000 	 0.00000000 	 0.00000000 	 0.00000000 	 0.00000000 	 0.00772327 	 0.00000000 	 0.00000000 	 0.00000000 	 0.00000000 	 0.00000000 	 0.00000519 	 0.00000000 	 0.00000000 	 0.00045904 	 0.00000000 	 0.00028811 	 0.00000000 	 0.01007131 	 0.00000000 	 4.26304215 	 425.16065132 	 67.42862358 	 10.36949770 	 1.38415476 	 12.83646332 	 1.41367559 	 5.92531045
1872 	 0.16024941 	 0.62385979 	 58.18710545 	 0.47050804 	 4.25212385 	 0.00000000 	 0.00000000 	 0.00000000 	 0.00000000 	 0.00000000 	 104.95075000 	 0.02485686 	 0.00000000 	 0.00000000 	 0.00000000 	 0.00000000 	 0.00000000 	 0.00772327 	 0.00000000 	 0.00000000 	 0.00000000 	 0.00000000 	 0.00000000 	 0.00000523 	 0.00000000 	 0.00000000 	 0.00046330 	 0.00000000 	 0.00029202 	 0.00000000 	 0.01081076 	 0.00000000 	 4.17248307 	 417.74427336 	 65.84553711 	 10.33038424 	 1.33853838 	 12.40998519 	 1.43275431 	 5.95535646
1873 	 0.16999248 	 0.63481313 	 59.62016165 	 0.49352232 	 4.47541460 	 0.00000000 	 0.00000000 	 0.00000000 	 0.00000000 	 0.00000000 	 104.93223000 	 0.02485686 	 0.00000000 	 0.00000000 	 0.00000000 	 0.00000000 	 0.00000000 	 0.00772327 	 0.00000000 	 0.00000000 	 0.00000000 	 0.00000000 	 0.00000000 	 0.00000526 	 0.00000000 	 0.00000000 	 0.00046717 	 0.00000000 	 0.00029607 	 0.00000000 	 0.01081078 	 0.00000000 	 4.30356496 	 429.28028904 	 67.99437045 	 10.56453512 	 1.38477011 	 12.91942275 	 1.45686373 	 6.01787616
1874 	 0.16091514 	 0.64206988 	 60.88850035 	 0.52134292 	 4.38410143 	 0.00000000 	 0.00000000 	 0.00000000 	 0.00000000 	 0.00000000 	 104.88493000 	 0.02485686 	 0.00000000 	 0.00000000 	 0.00000000 	 0.00000000 	 0.00000000 	 0.00772327 	 0.00000000 	 0.00000000 	 0.00000000 	 0.00000000 	 0.00000000 	 0.00000530 	 0.00000000 	 0.00000000 	 0.00047076 	 0.00000000 	 0.00030027 	 0.00000000 	 0.01081079 	 0.00000000 	 4.36308573 	 435.80418001 	 69.34908007 	 10.75161101 	 1.41479159 	 13.27580335 	 1.45326732 	 6.02900737
1875 	 0.17315415 	 0.64992770 	 61.44717030 	 0.55174781 	 4.55451006 	 0.00000000 	 0.00000000 	 0.00000000 	 0.00000000 	 0.00000000 	 104.93101000 	 0.02485686 	 0.00000000 	 0.00000000 	 0.00000000 	 0.00000000 	 0.00000000 	 0.00772327 	 0.00000000 	 0.00000000 	 0.00000000 	 0.00000000 	 0.00000000 	 0.00000533 	 0.00000000 	 0.00000000 	 0.00047525 	 0.00000000 	 0.00030462 	 0.00000000 	 0.01081081 	 0.00000000 	 4.30512155 	 426.89349545 	 67.48208860 	 10.66354523 	 1.37324083 	 12.70878477 	 1.46024828 	 6.04509132
1876 	 0.17583169 	 0.65764191 	 62.60294811 	 0.58244422 	 4.64236098 	 0.00000000 	 0.00000000 	 0.00000000 	 0.00000000 	 0.00000000 	 104.90175000 	 0.02485686 	 0.00000000 	 0.00000000 	 0.00000000 	 0.00000000 	 0.00000000 	 0.00772327 	 0.00000000 	 0.00000000 	 0.00000000 	 0.00000000 	 0.00000000 	 0.00000537 	 0.00000000 	 0.00000000 	 0.00047901 	 0.00000000 	 0.00030911 	 0.00000000 	 0.01081082 	 0.00000000 	 4.26728170 	 429.48054773 	 68.07266489 	 10.83189303 	 1.36839945 	 12.90197323 	 1.47472581 	 6.10016743
1877 	 0.17971645 	 0.66429158 	 63.64524259 	 0.61176567 	 4.76469674 	 0.00000000 	 0.00000000 	 0.00000000 	 0.00000000 	 0.00000000 	 104.92824000 	 0.02485686 	 0.00000000 	 0.00000000 	 0.00000000 	 0.00000000 	 0.00000000 	 0.00772327 	 0.00000000 	 0.00000000 	 0.00000000 	 0.00000000 	 0.00000000 	 0.00000541 	 0.00000000 	 0.00000000 	 0.00048331 	 0.00000000 	 0.00031375 	 0.00000000 	 0.01081084 	 0.00000000 	 4.40692911 	 434.06034600 	 68.77838073 	 10.89702160 	 1.40182301 	 12.97853584 	 1.47975617 	 6.11052326
1878 	 0.18066751 	 0.67117908 	 64.71120383 	 0.63723819 	 4.80842768 	 0.00000000 	 0.00000000 	 0.00000000 	 0.00000000 	 0.00000000 	 104.92472000 	 0.02485686 	 0.00000000 	 0.00000000 	 0.00000000 	 0.00000000 	 0.00000000 	 0.00772327 	 0.00000000 	 0.00000000 	 0.00000000 	 0.00000000 	 0.00000000 	 0.00000544 	 0.00000000 	 0.00000000 	 0.00048732 	 0.00000000 	 0.00031854 	 0.00000000 	 0.01081085 	 0.00000000 	 4.49642067 	 437.95994977 	 69.46979574 	 10.99894534 	 1.42489594 	 13.10796596 	 1.48014056 	 6.12020535
1879 	 0.19305846 	 0.67820435 	 65.90279841 	 0.65843057 	 5.05685513 	 0.00000000 	 0.00000000 	 0.00000000 	 0.00000000 	 0.00000000 	 104.88028000 	 0.02485686 	 0.00000000 	 0.00000000 	 0.00000000 	 0.00000000 	 0.00000000 	 0.00772327 	 0.00000000 	 0.00000000 	 0.00000000 	 0.00000000 	 0.00000000 	 0.00000547 	 0.00000000 	 0.00000000 	 0.00049092 	 0.00000000 	 0.00032347 	 0.00000000 	 0.01081087 	 0.00000000 	 4.44053163 	 440.85175907 	 70.08572002 	 11.18150569 	 1.41277131 	 13.27672711 	 1.51648734 	 6.21058828
1880 	 0.21920718 	 0.68444270 	 66.66498430 	 0.67227114 	 5.47909749 	 0.00000000 	 0.00000000 	 0.00000000 	 0.00000000 	 0.00000000 	 104.88174000 	 0.02485686 	 0.00000000 	 0.00000000 	 0.00000000 	 0.00000000 	 0.00000000 	 0.00772327 	 0.00000000 	 0.00000000 	 0.00000000 	 0.00000000 	 0.00000000 	 0.00000551 	 0.00000000 	 0.00000000 	 0.00049498 	 0.00000000 	 0.00032855 	 0.00000000 	 0.01081014 	 0.00000000 	 4.38021501 	 437.36572754 	 69.18788119 	 11.21057035 	 1.37970954 	 13.07624494 	 1.54146253 	 6.25057634
1881 	 0.22508679 	 0.72218861 	 67.70670095 	 0.68012415 	 5.65804687 	 0.00000000 	 0.00000000 	 0.00000000 	 0.00000000 	 0.00000000 	 104.92914000 	 0.02485686 	 0.00000000 	 0.00000000 	 0.00000000 	 0.00000000 	 0.00000000 	 0.00772327 	 0.00000000 	 0.00000000 	 0.00000000 	 0.00000000 	 0.00000000 	 0.00000555 	 0.00000000 	 0.00000000 	 0.00049950 	 0.00000000 	 0.00033378 	 0.00000000 	 0.01155109 	 0.00000000 	 4.52506909 	 440.97372482 	 69.70896889 	 11.27474846 	 1.40631549 	 13.05916594 	 1.55656173 	 6.26800030
1882 	 0.23680551 	 0.67397023 	 68.57787524 	 0.68873664 	 5.88116295 	 0.00000000 	 0.00000000 	 0.00000000 	 0.00000000 	 0.00000000 	 104.92759000 	 0.02485686 	 0.00000000 	 0.00000000 	 0.00000000 	 0.00000000 	 0.00000000 	 0.00772327 	 0.00000000 	 0.00000000 	 0.00000000 	 0.00000000 	 0.00000000 	 0.00000559 	 0.00000000 	 0.00000000 	 0.00050353 	 0.00000000 	 0.00033915 	 0.00000000 	 0.01155038 	 0.00000000 	 4.40327005 	 436.07863012 	 68.75016749 	 11.34322096 	 1.36692070 	 12.86204527 	 1.57742515 	 6.29611702
1883 	 0.25074275 	 0.68104137 	 69.18597910 	 0.69534852 	 6.13944640 	 0.00000000 	 0.00000000 	 0.00000000 	 0.00000000 	 0.00000000 	 104.95902000 	 0.02485686 	 0.00000000 	 0.00000000 	 0.00000000 	 0.00000000 	 0.00000000 	 0.00772327 	 0.00000000 	 0.00000000 	 0.00000000 	 0.00000000 	 0.00000000 	 0.00000562 	 0.00000000 	 0.00000000 	 0.00050790 	 0.00000000 	 0.00034467 	 0.00000000 	 0.01081096 	 0.00000000 	 4.33823349 	 428.22120343 	 67.06254476 	 11.30107278 	 1.32745985 	 12.41171819 	 1.59062424 	 6.29764317
1884 	 0.25269679 	 0.68426893 	 70.48060515 	 0.70116204 	 6.24609001 	 0.00000000 	 0.00000000 	 0.00000000 	 0.00000000 	 0.00000000 	 104.93535000 	 0.02485686 	 0.00000000 	 0.00000000 	 0.00000000 	 0.00000000 	 0.00000000 	 0.00772327 	 0.00000000 	 0.00000000 	 0.00000000 	 0.00000000 	 0.00000000 	 0.00000566 	 0.00000000 	 0.00000000 	 0.00051170 	 0.00000000 	 0.00035034 	 0.00000000 	 0.01081097 	 0.00000000 	 4.50104667 	 436.51834918 	 68.59402326 	 11.46377857 	 1.37125216 	 12.67617226 	 1.60690658 	 6.33371772
1885 	 0.25428891 	 0.69044542 	 71.60546241 	 0.70735779 	 6.29770338 	 0.00000000 	 0.00000000 	 0.00000000 	 0.00000000 	 0.00000000 	 104.93798000 	 0.02485686 	 0.00000000 	 0.00000000 	 0.00000000 	 0.00000000 	 0.00000000 	 0.00772327 	 0.00000000 	 0.00000000 	 0.00000000 	 0.00000000 	 0.00000000 	 0.00000569 	 0.00000000 	 0.00000000 	 0.00051577 	 0.00000000 	 0.00035615 	 0.00000000 	 0.01155044 	 0.00000000 	 4.48615153 	 438.14153854 	 68.94977818 	 11.60315357 	 1.37608218 	 12.86719880 	 1.61157647 	 6.33967026
1886 	 0.25816970 	 0.69151591 	 72.58254388 	 0.71209613 	 6.35581788 	 0.00000000 	 0.00000000 	 0.00000000 	 0.00000000 	 0.00000000 	 104.93570000 	 0.02485686 	 0.00000000 	 0.00000000 	 0.00000000 	 0.00000000 	 0.00000000 	 0.00772327 	 0.00000000 	 0.00000000 	 0.00000000 	 0.00000000 	 0.00000000 	 0.00000573 	 0.00000000 	 0.00000000 	 0.00051979 	 0.00000000 	 0.00036210 	 0.00000000 	 0.01155047 	 0.00000000 	 4.52798168 	 437.73332685 	 68.86926284 	 11.67579747 	 1.37167521 	 12.69590197 	 1.62847316 	 6.37191761
1887 	 0.27080924 	 0.69146649 	 73.77743063 	 0.71767581 	 6.60866856 	 0.00000000 	 0.00000000 	 0.00000000 	 0.00000000 	 0.00000000 	 104.94903000 	 0.02485686 	 0.00000000 	 0.00000000 	 0.00000000 	 0.00000000 	 0.00000000 	 0.00772327 	 0.00000000 	 0.00000000 	 0.00000000 	 0.00000000 	 0.00000000 	 0.00000577 	 0.00000000 	 0.00000000 	 0.00052398 	 0.00000000 	 0.00036821 	 0.00000000 	 0.01155050 	 0.00000000 	 4.61211205 	 443.10773814 	 69.79403942 	 11.82565523 	 1.39346502 	 12.92347563 	 1.65112506 	 6.40497801
1888 	 0.29884299 	 0.69112102 	 75.11035553 	 0.72367886 	 7.18541964 	 0.00000000 	 0.00000000 	 0.00000000 	 0.00000000 	 0.00000000 	 104.91459000 	 0.02485686 	 0.00000000 	 0.00000000 	 0.00000000 	 0.00000000 	 0.00000000 	 0.00772327 	 0.00000000 	 0.00000000 	 0.00000000 	 0.00000000 	 0.00000000 	 0.00000580 	 0.00000000 	 0.00000000 	 0.00052766 	 0.00000000 	 0.00037446 	 0.00000000 	 0.01155053 	 0.00000000 	 4.73483096 	 452.50230797 	 71.42723744 	 12.04162329 	 1.42227215 	 13.30097883 	 1.70121190 	 6.48476760
1889 	 0.29921459 	 0.69063074 	 75.92960019 	 0.73021381 	 7.18174545 	 0.00000000 	 0.00000000 	 0.00000000 	 0.00000000 	 0.00000000 	 104.95877000 	 0.02485686 	 0.00000000 	 0.00000000 	 0.00000000 	 0.00000000 	 0.00000000 	 0.00772327 	 0.00000000 	 0.00000000 	 0.00000000 	 0.00000000 	 0.00000000 	 0.00000584 	 0.00000000 	 0.00000000 	 0.00053218 	 0.00000000 	 0.00038086 	 0.00000000 	 0.01155056 	 0.00000000 	 4.72012028 	 448.69086963 	 70.65718772 	 12.07532791 	 1.40564110 	 13.07503323 	 1.69902724 	 6.47774383
1890 	 0.32508899 	 0.68734646 	 77.07862319 	 0.75509250 	 7.73182603 	 0.00000000 	 0.00000000 	 0.00000000 	 0.00000000 	 0.00000000 	 104.93170000 	 0.02485686 	 0.00000000 	 0.00000000 	 0.00000000 	 0.00000000 	 0.00000000 	 0.00772327 	 0.00000000 	 0.00000000 	 0.00000000 	 0.00000000 	 0.00000000 	 0.00000587 	 0.00000000 	 0.00000000 	 0.00053593 	 0.00000000 	 0.00038741 	 0.00000000 	 0.01155059 	 0.00000000 	 4.80075235 	 453.89903233 	 71.47659717 	 12.22188071 	 1.42072803 	 13.25215587 	 1.73846691 	 6.52590900
1891 	 0.34024774 	 0.68399696 	 77.68229292 	 0.76641842 	 8.02942557 	 0.00000000 	 0.00000000 	 0.00000000 	 0.00000000 	 0.00000000 	 104.97344000 	 0.02485686 	 0.00000000 	 0.00000000 	 0.00000000 	 0.00000000 	 0.00000000 	 0.00772327 	 0.00000000 	 0.00000000 	 0.00000000 	 0.00000000 	 0.00000000 	 0.00000591 	 0.00000000 	 0.00000000 	 0.00054043 	 0.00000000 	 0.00039410 	 0.00000000 	 0.01155062 	 0.00000000 	 4.73623801 	 444.38273180 	 69.53172191 	 12.15964020 	 1.37428769 	 12.67645127 	 1.75089301 	 6.52322175
1892 	 0.34273842 	 0.69850808 	 78.54558089 	 0.77768639 	 8.16973015 	 0.00000000 	 0.00000000 	 0.00000000 	 0.00000000 	 0.00000000 	 104.99082000 	 0.02485686 	 0.00000000 	 0.00000000 	 0.00000000 	 0.00000000 	 0.00000000 	 0.00772327 	 0.00000000 	 0.00000000 	 0.00000000 	 0.00000000 	 0.00000000 	 0.00000595 	 0.00000000 	 0.00000000 	 0.00054468 	 0.00000000 	 0.00040094 	 0.00000000 	 0.01155065 	 0.00000000 	 4.68868521 	 439.80865905 	 68.66391959 	 12.19914652 	 1.34895149 	 12.41948527 	 1.76157687 	 6.53003649
1893 	 0.33766579 	 0.69928941 	 79.81501329 	 0.78913512 	 8.12421175 	 0.00000000 	 0.00000000 	 0.00000000 	 0.00000000 	 0.00000000 	 104.97994000 	 0.02485686 	 0.00000000 	 0.00000000 	 0.00000000 	 0.00000000 	 0.00000000 	 0.00772327 	 0.00000000 	 0.00000000 	 0.00000000 	 0.00000000 	 0.00000000 	 0.00000599 	 0.00000000 	 0.00000000 	 0.00054860 	 0.00000000 	 0.00040792 	 0.00000000 	 0.01229013 	 0.00000000 	 4.70821350 	 443.35065579 	 69.48705802 	 12.37945386 	 1.36418818 	 12.64575826 	 1.76124271 	 6.53269794
1894 	 0.35091188 	 0.71514807 	 81.38345626 	 0.80140069 	 8.41508320 	 0.00000000 	 0.00000000 	 0.00000000 	 0.00000000 	 0.00000000 	 104.93101000 	 0.02485686 	 0.00000000 	 0.00000000 	 0.00000000 	 0.00000000 	 0.00000000 	 0.00772327 	 0.00000000 	 0.00000000 	 0.00000000 	 0.00000000 	 0.00000000 	 0.00000602 	 0.00000000 	 0.00000000 	 0.00055210 	 0.00000000 	 0.00041505 	 0.00000000 	 0.01229017 	 0.00000000 	 4.88166346 	 456.69603251 	 71.90804381 	 12.66238559 	 1.42186540 	 13.26493542 	 1.78324522 	 6.57119306
1895 	 0.37148694 	 0.72050852 	 82.23116014 	 0.81227549 	 8.85055293 	 0.00000000 	 0.00000000 	 0.00000000 	 0.00000000 	 0.00000000 	 104.96751000 	 0.02485686 	 0.00000000 	 0.00000000 	 0.00000000 	 0.00000000 	 0.00000000 	 0.00772327 	 0.00000000 	 0.00000000 	 0.00000000 	 0.00000000 	 0.00000000 	 0.00000606 	 0.00000000 	 0.00000000 	 0.00055656 	 0.00000000 	 0.00042233 	 0.00000000 	 0.01155076 	 0.00000000 	 4.91184114 	 453.55188505 	 71.15178658 	 12.67244423 	 1.40305492 	 12.91765136 	 1.81310892 	 6.60484912
1896 	 0.38344248 	 0.72300270 	 83.00005426 	 0.82348227 	 9.09359106 	 0.00000000 	 0.00000000 	 0.00000000 	 0.00000000 	 0.00000000 	 104.96751000 	 0.02485686 	 0.00000000 	 0.00000000 	 0.00000000 	 0.00000000 	 0.00000000 	 0.00772327 	 0.00000000 	 0.00000000 	 0.00000000 	 0.00000000 	 0.00000000 	 0.00000609 	 0.00000000 	 0.00000000 	 0.00056061 	 0.00000000 	 0.00042976 	 0.00000000 	 0.01229024 	 0.00000000 	 4.72694043 	 444.09442778 	 69.42267706 	 12.72059369 	 1.33655652 	 12.54663707 	 1.83421223 	 6.63065065
1897 	 0.40173774 	 0.72543871 	 84.39253635 	 0.83400860 	 9.52457571 	 0.00000000 	 0.00000000 	 0.00000000 	 0.00000000 	 0.00000000 	 104.99693000 	 0.02485686 	 0.00000000 	 0.00000000 	 0.00000000 	 0.00000000 	 0.00000000 	 0.00772327 	 0.00000000 	 0.00000000 	 0.00000000 	 0.00000000 	 0.00000000 	 0.00000613 	 0.00000000 	 0.00000000 	 0.00056500 	 0.00000000 	 0.00043733 	 0.00000000 	 0.01229029 	 0.00000000 	 5.01926970 	 456.41220547 	 71.54673250 	 12.89021710 	 1.40922488 	 12.92568313 	 1.85947723 	 6.65649975
1898 	 0.42304788 	 0.72793550 	 85.36127162 	 0.84366951 	 10.01449279 	 0.00000000 	 0.00000000 	 0.00000000 	 0.00000000 	 0.00000000 	 105.01512000 	 0.02485618 	 0.00000000 	 0.00000000 	 0.00000000 	 0.00000000 	 0.00000000 	 0.00772324 	 0.00000000 	 0.00000000 	 0.00000000 	 0.00000000 	 0.00000000 	 0.00000617 	 0.00000000 	 0.00000000 	 0.00056926 	 0.00000000 	 0.00044505 	 0.00000000 	 0.01229033 	 0.00000000 	 5.09043290 	 456.60376736 	 71.45665952 	 12.95906823 	 1.40905160 	 12.81728480 	 1.88781866 	 6.68439631
1899 	 0.46303663 	 0.72811498 	 86.70543387 	 0.85314042 	 10.84287412 	 0.00000000 	 0.00000000 	 0.00000000 	 0.00000000 	 0.00000000 	 104.97653000 	 0.02485770 	 0.00000000 	 0.00000000 	 0.00000000 	 0.00000000 	 0.00000000 	 0.00772323 	 0.00000000 	 0.00000000 	 0.00000000 	 0.00000000 	 0.00000000 	 0.00000620 	 0.00000000 	 0.00000000 	 0.00057286 	 0.00000000 	 0.00048567 	 0.00000000 	 0.01229038 	 0.00000000 	 5.08738729 	 462.10359939 	 72.46072256 	 13.20706844 	 1.39757386 	 13.06397027 	 1.95825749 	 6.80473966
1900 	 0.48786026 	 0.73012996 	 87.61328845 	 0.86251964 	 11.35371245 	 0.00000000 	 0.00000000 	 0.00000000 	 0.00000000 	 0.00000000 	 104.98481000 	 0.02485644 	 0.00000000 	 0.00000000 	 0.00000000 	 0.00000000 	 0.00000000 	 0.00772327 	 0.00000000 	 0.00000000 	 0.00000000 	 0.00000000 	 0.00000000 	 0.00000624 	 0.00000000 	 0.00000000 	 0.00057701 	 0.00000000 	 0.00239267 	 0.00000000 	 0.02855835 	 0.00000000 	 5.08158496 	 459.54446685 	 71.90656631 	 13.27666955 	 1.37688995 	 12.91962009 	 1.98493108 	 6.83116784
1901 	 0.50418023 	 0.79642374 	 88.39116711 	 0.87074974 	 11.78042751 	 0.00000000 	 0.00000000 	 0.00000000 	 0.00000000 	 0.00000000 	 105.04131000 	 0.02485744 	 0.00000000 	 0.00000000 	 0.00000000 	 0.00000000 	 0.00000000 	 0.00772327 	 0.00000000 	 0.00000000 	 0.00000000 	 0.00000000 	 0.00000000 	 0.00000628 	 0.00000000 	 0.00000000 	 0.00058173 	 0.00000000 	 0.00482010 	 0.00000000 	 0.04778445 	 0.00000000 	 5.19439236 	 457.61683051 	 71.63263161 	 13.30140990 	 1.37440685 	 12.62557761 	 2.00854608 	 6.86204456
1902 	 0.51903062 	 0.79979402 	 89.26282464 	 0.88055185 	 12.10586396 	 0.00000000 	 0.00000000 	 0.00000000 	 0.00000000 	 0.00000000 	 105.04898000 	 0.02485606 	 0.00000000 	 0.00000000 	 0.00000000 	 0.00000000 	 0.00000000 	 0.00772327 	 0.00000000 	 0.00000000 	 0.00000000 	 0.00000000 	 0.00000000 	 0.00000632 	 0.00000000 	 0.00000000 	 0.00058587 	 0.00000000 	 0.00577812 	 0.00000000 	 0.05074301 	 0.00000000 	 5.17196972 	 455.02617682 	 71.24149846 	 13.41248803 	 1.34844751 	 12.46132200 	 2.03309396 	 6.89673950
1903 	 0.56611160 	 0.82906879 	 89.89074057 	 0.88999002 	 13.04988783 	 0.00000000 	 0.00000000 	 0.00000000 	 0.00000000 	 0.00000000 	 105.09555000 	 0.02485798 	 0.00000000 	 0.00000000 	 0.00000000 	 0.00000000 	 0.00000000 	 0.00772327 	 0.00000000 	 0.00000000 	 0.00000000 	 0.00000000 	 0.00000000 	 0.00000636 	 0.00000000 	 0.00000000 	 0.00059049 	 0.00000000 	 0.00695761 	 0.00000000 	 0.05591998 	 0.00000000 	 5.18236962 	 449.96253041 	 70.25376393 	 13.43752052 	 1.30722602 	 12.08006095 	 2.08216031 	 6.95053693
1904 	 0.57480385 	 0.85558166 	 91.35674943 	 0.90032017 	 13.28026802 	 0.00000000 	 0.00000000 	 0.00000000 	 0.00000000 	 0.00000000 	 105.07939000 	 0.02485529 	 0.00000000 	 0.00000000 	 0.00000000 	 0.00000000 	 0.00000000 	 0.00772327 	 0.00000000 	 0.00000000 	 0.00000000 	 0.00000000 	 0.00000000 	 0.00000639 	 0.00000000 	 0.00000000 	 0.00059435 	 0.00000000 	 0.00943634 	 0.00000000 	 0.06849157 	 0.00000000 	 5.39217962 	 462.62176503 	 72.88437625 	 13.73147170 	 1.36380421 	 12.65551239 	 2.10025409 	 7.00060734
1905 	 0.61192547 	 0.88255566 	 92.40132432 	 0.91111012 	 14.10717227 	 0.00000000 	 0.00000000 	 0.00000000 	 0.00000000 	 0.00000000 	 105.08907000 	 0.02485910 	 0.00000000 	 0.00000000 	 0.00000000 	 0.00000000 	 0.00000000 	 0.00772327 	 0.00000000 	 0.00000000 	 0.00000000 	 0.00000000 	 0.00000000 	 0.00000643 	 0.00000000 	 0.00000000 	 0.00059853 	 0.00000000 	 0.01341283 	 0.00000000 	 0.08771847 	 0.00000000 	 5.56259652 	 467.44012884 	 73.70973522 	 13.85510547 	 1.38104779 	 12.68669499 	 2.14428694 	 7.06627217
1906 	 0.64388621 	 0.91339245 	 93.24998316 	 0.92216934 	 14.77293632 	 0.00000000 	 0.00000000 	 0.00000000 	 0.00000000 	 0.00000000 	 105.10645000 	 0.02485365 	 0.00000000 	 0.00000000 	 0.00000000 	 0.00000000 	 0.00000000 	 0.00772327 	 0.00000000 	 0.00000000 	 0.00000000 	 0.00000000 	 0.00000000 	 0.00000647 	 0.00000000 	 0.00000000 	 0.00060280 	 0.00000000 	 0.01819645 	 0.00000000 	 0.11138246 	 0.00000000 	 5.59948579 	 466.43564790 	 73.46173851 	 13.95964537 	 1.35822077 	 12.46307853 	 2.19110371 	 7.14385283
1907 	 0.72647579 	 0.92243810 	 94.56080194 	 0.93285400 	 16.27213164 	 0.00000000 	 0.00000000 	 0.00000000 	 0.00000000 	 0.00000000 	 105.14627000 	 0.02581295 	 0.00000000 	 0.00000000 	 0.00000000 	 0.00000000 	 0.00000000 	 0.00772327 	 0.00000000 	 0.00000000 	 0.00000000 	 0.00000000 	 0.00000000 	 0.00000651 	 0.00000000 	 0.00000000 	 0.00060735 	 0.00000000 	 0.01696619 	 0.00000000 	 0.10398923 	 0.00000000 	 5.91692149 	 480.31745636 	 76.00444514 	 14.21677499 	 1.39542572 	 12.85147020 	 2.27903165 	 7.29302055
1908 	 0.70280674 	 0.93181386 	 95.71237193 	 0.94326728 	 15.59756138 	 0.00000000 	 0.00000000 	 0.00000000 	 0.00000000 	 0.00000000 	 105.12414000 	 0.02923194 	 0.00000000 	 0.00000000 	 0.00000000 	 0.00000000 	 0.00000000 	 0.00772327 	 0.00000000 	 0.00000000 	 0.00000000 	 0.00000000 	 0.00000000 	 0.00000654 	 0.00000000 	 0.00000000 	 0.00061114 	 0.00000000 	 0.02140488 	 0.00000000 	 0.12765503 	 0.00000000 	 5.96634788 	 482.58263401 	 76.85623800 	 14.40742286 	 1.41753142 	 13.04019758 	 2.25834522 	 7.30199197
1909 	 0.72891144 	 0.93889509 	 96.46669460 	 0.95342817 	 16.37819647 	 0.00000000 	 0.00000000 	 0.00000000 	 0.00000000 	 0.00000000 	 105.16533000 	 0.76508600 	 0.00000000 	 0.00000000 	 0.00000000 	 0.00000000 	 0.00000000 	 0.00772327 	 0.00000000 	 0.00000000 	 0.00000000 	 0.00000000 	 0.00000000 	 0.00000658 	 0.00000000 	 0.00000000 	 0.00061572 	 0.00000000 	 0.03671437 	 0.00000000 	 0.21121463 	 0.00000000 	 6.03271250 	 480.68946879 	 76.44087710 	 14.46573428 	 1.39812294 	 12.76041003 	 2.29192572 	 7.34926128
1910 	 0.76526270 	 0.94501948 	 97.77187103 	 0.96414091 	 17.13059187 	 0.00000000 	 0.00000000 	 0.00000000 	 0.00000000 	 0.00000000 	 105.14442000 	 1.03668880 	 0.00000000 	 0.00000000 	 0.00000000 	 0.00000000 	 0.00000000 	 0.00772327 	 0.00000000 	 0.00000000 	 0.00000000 	 0.00000000 	 0.00000000 	 0.00000662 	 0.00000000 	 0.00000000 	 0.00061952 	 0.00000000 	 0.04234233 	 0.00000000 	 0.24301505 	 0.00000000 	 6.21596524 	 491.47136222 	 78.48124343 	 14.73060447 	 1.43022825 	 13.16936723 	 2.33737985 	 7.43296117
1911 	 0.78054171 	 0.88686630 	 98.42938116 	 0.97543690 	 17.25176004 	 0.00000000 	 0.00000000 	 0.00000000 	 0.00000000 	 0.00000000 	 105.20214000 	 0.55672031 	 0.00000000 	 0.00000000 	 0.00000000 	 0.00000000 	 0.00000000 	 0.00772327 	 0.00000000 	 0.00000000 	 0.00000000 	 0.00000000 	 0.00000000 	 0.00000666 	 0.00000000 	 0.00000000 	 0.00062432 	 0.00000000 	 0.04721708 	 0.00000000 	 0.27037941 	 0.00000000 	 6.19620689 	 482.37364837 	 76.73370569 	 14.67937454 	 1.38586805 	 12.58147549 	 2.34004948 	 7.42613194
1912 	 0.81946966 	 0.85032464 	 99.26614632 	 0.99167299 	 17.99709871 	 0.00000000 	 0.00000000 	 0.00000000 	 0.00000000 	 0.00000000 	 105.23472000 	 1.33723850 	 0.00000000 	 0.00000000 	 0.00000000 	 0.00000000 	 0.00000000 	 0.00772327 	 0.00000000 	 0.00000000 	 0.00000000 	 0.00000000 	 0.00000000 	 0.00000670 	 0.00000000 	 0.00000000 	 0.00062880 	 0.00000000 	 0.05597714 	 0.00000000 	 0.31844894 	 0.00000000 	 6.21019621 	 477.98892146 	 75.83160819 	 14.71366480 	 1.34730808 	 12.21757780 	 2.36179239 	 7.46331463
1913 	 0.88899531 	 0.81985171 	 100.61255837 	 1.01067843 	 19.08113094 	 0.00000000 	 0.00000000 	 0.00000000 	 0.00000000 	 0.00000000 	 105.25437000 	 2.78747720 	 0.00000000 	 0.00000000 	 0.00000000 	 0.00000000 	 0.00000000 	 0.00772327 	 0.00000000 	 0.00000000 	 0.00000000 	 0.00000000 	 0.00000000 	 0.00000674 	 0.00000000 	 0.00000000 	 0.00063313 	 0.00000000 	 0.05934571 	 0.00000000 	 0.33694139 	 0.00000000 	 6.44426262 	 488.26760349 	 77.57996160 	 14.92180765 	 1.36462207 	 12.44628947 	 2.42331697 	 7.56103923
1914 	 0.81099997 	 0.80871449 	 102.28405865 	 1.03135227 	 17.60216245 	 0.00000000 	 0.00000000 	 0.00000000 	 0.00000000 	 0.00000000 	 105.19867000 	 4.56559120 	 0.00000000 	 0.00000000 	 0.00000000 	 0.00000000 	 0.00000000 	 0.00772327 	 0.00000000 	 0.00000000 	 0.00000000 	 0.00000000 	 0.00000000 	 0.00000677 	 0.00000000 	 0.00000000 	 0.00063648 	 0.00000000 	 0.06480198 	 0.00000000 	 0.36726542 	 0.00000000 	 6.48949223 	 494.49788263 	 79.77807343 	 15.24149746 	 1.42020729 	 13.12965727 	 2.34421151 	 7.46282382
1915 	 0.80250540 	 0.79691909 	 103.05791975 	 1.05382540 	 17.58083508 	 0.00000000 	 0.00000000 	 0.00000000 	 0.00000000 	 0.00000000 	 105.27160000 	 6.20983720 	 0.00000000 	 0.00000000 	 0.00000000 	 0.00000000 	 0.00000000 	 0.00772327 	 0.00000000 	 0.00000000 	 0.00000000 	 0.00000000 	 0.00000000 	 0.00000681 	 0.00000000 	 0.00000000 	 0.00064150 	 0.00000000 	 0.08400063 	 0.00000000 	 0.47153519 	 0.00000000 	 6.47311202 	 484.24768488 	 78.35040062 	 15.23213103 	 1.37835216 	 12.62608591 	 2.34398562 	 7.43533866
1916 	 0.86480678 	 0.79922596 	 104.08894352 	 1.07697975 	 19.07385884 	 0.00000000 	 0.00000000 	 0.00000000 	 0.00000000 	 0.00000000 	 105.29863000 	 5.99689170 	 0.00000000 	 0.00000000 	 0.00000000 	 0.00000000 	 0.00000000 	 0.00772327 	 0.00000000 	 0.00000000 	 0.00000000 	 0.00000000 	 0.00000000 	 0.00000685 	 0.00000000 	 0.00000000 	 0.00064593 	 0.00000000 	 0.10465075 	 0.00000000 	 0.58467971 	 0.00000000 	 6.59184361 	 482.95426601 	 78.27985155 	 15.34284718 	 1.34270930 	 12.42283497 	 2.40149777 	 7.48546363
1917 	 0.89607863 	 0.80225947 	 105.43974145 	 1.09942706 	 19.91574313 	 0.00000000 	 0.00000000 	 0.00000000 	 0.00000000 	 0.00000000 	 105.37275000 	 5.15852710 	 0.00000000 	 0.00000000 	 0.00000000 	 0.00000000 	 0.00000000 	 0.00772327 	 0.00000000 	 0.00000000 	 0.00000000 	 0.00000000 	 0.00000000 	 0.00000689 	 0.00000000 	 0.00000000 	 0.00065098 	 0.00000000 	 0.11034348 	 0.00000000 	 0.61870744 	 0.00000000 	 6.99327405 	 492.96004475 	 80.45481807 	 15.50036500 	 1.40118939 	 12.69666275 	 2.42520746 	 7.48089829
1918 	 0.88685819 	 0.80554775 	 106.74593160 	 1.12038237 	 19.75191723 	 0.00000000 	 0.00000000 	 0.00000000 	 0.00000000 	 0.00000000 	 105.37311000 	 4.27216720 	 0.00000000 	 0.00000000 	 0.00000000 	 0.00000000 	 0.00000000 	 0.00772327 	 0.00000000 	 0.00000000 	 0.00000000 	 0.00000000 	 0.00000000 	 0.00000693 	 0.00000000 	 0.00000000 	 0.00065507 	 0.00000000 	 0.10461425 	 0.00000000 	 0.58914082 	 0.00000000 	 7.10758435 	 496.24207308 	 81.61294814 	 15.70439103 	 1.41941377 	 12.93568546 	 2.41118361 	 7.43326612
1919 	 0.78038755 	 0.81066795 	 108.09510704 	 1.13937482 	 17.00225187 	 0.00000000 	 0.00000000 	 0.00000000 	 0.00000000 	 0.00000000 	 105.33647000 	 3.19603500 	 0.00000000 	 0.00000000 	 0.00000000 	 0.00000000 	 0.00000000 	 0.00772327 	 0.00000000 	 0.00000000 	 0.00000000 	 0.00000000 	 0.00000000 	 0.00000696 	 0.00000000 	 0.00000000 	 0.00065866 	 0.00000000 	 0.10155164 	 0.00000000 	 0.57214502 	 0.00000000 	 6.91660078 	 490.97941712 	 81.67724386 	 15.91565271 	 1.41347132 	 13.08535373 	 2.30916981 	 7.28328448
1920 	 0.90251325 	 0.81302582 	 109.13363853 	 1.15676201 	 18.81095805 	 0.00000000 	 0.00000000 	 0.00000000 	 0.00000000 	 0.00000000 	 105.40157000 	 4.00594970 	 0.00000000 	 0.00000000 	 0.00000000 	 0.00000000 	 0.00000000 	 0.00772327 	 0.00000000 	 0.00000000 	 0.00000000 	 0.00000000 	 0.00000000 	 0.00000701 	 0.00000000 	 0.00000000 	 0.00066362 	 0.00000000 	 0.07187480 	 0.00000000 	 0.41169313 	 0.00000000 	 7.30790929 	 498.87459988 	 82.96992111 	 16.03665614 	 1.40344868 	 13.00423863 	 2.40956144 	 7.39815647
1921 	 0.79335515 	 0.86077777 	 109.80934796 	 1.17253404 	 16.05675580 	 0.00000000 	 0.00000000 	 0.00000000 	 0.00000000 	 0.00000000 	 105.42979000 	 6.35757550 	 0.00000000 	 0.00000000 	 0.00000000 	 0.00000000 	 0.00000000 	 0.00772327 	 0.00000000 	 0.00000000 	 0.00000000 	 0.00000000 	 0.00000000 	 0.00000705 	 0.00000000 	 0.00000000 	 0.00066809 	 0.00000000 	 0.05599481 	 0.00000000 	 0.32444592 	 0.00000000 	 7.13630032 	 486.61362419 	 81.18725519 	 16.01016130 	 1.39379650 	 12.64511513 	 2.26742620 	 7.20099365
1922 	 0.84338564 	 0.85285244 	 110.48581040 	 1.18788416 	 16.95834172 	 0.00000000 	 0.00000000 	 0.00000000 	 0.00000000 	 0.00000000 	 105.47367000 	 7.51966890 	 0.00000000 	 0.00000000 	 0.00000000 	 0.00000000 	 0.00000000 	 0.00772327 	 0.00000000 	 0.00000000 	 0.00000000 	 0.00000000 	 0.00000000 	 0.00000709 	 0.00000000 	 0.00000000 	 0.00067278 	 0.00000000 	 0.10093674 	 0.00000000 	 0.56921203 	 0.00000000 	 7.24123246 	 484.82734184 	 80.53069431 	 16.07300912 	 1.34612212 	 12.22472269 	 2.31221161 	 7.24955570
1923 	 0.95897793 	 0.86096273 	 112.25356413 	 1.20421346 	 19.73233569 	 0.00000000 	 0.00000000 	 0.00000000 	 0.00000000 	 0.00000000 	 105.54539000 	 8.19956090 	 0.00000000 	 0.00000000 	 0.00000000 	 0.00000000 	 0.00000000 	 0.00772327 	 0.00000000 	 0.00000000 	 0.00000000 	 0.00000000 	 0.00000000 	 0.00000713 	 0.00000000 	 0.00000000 	 0.00067786 	 0.00000000 	 0.13753371 	 0.00000000 	 0.77479139 	 0.00000000 	 8.00189482 	 514.23439514 	 86.27583424 	 16.46930530 	 1.43276794 	 12.95620855 	 2.44847827 	 7.46161666
1924 	 0.96977183 	 0.86713791 	 112.63350597 	 1.22129865 	 19.53046911 	 0.00000000 	 0.00000000 	 0.00000000 	 0.00000000 	 0.00000000 	 105.55899000 	 10.06403200 	 0.00000000 	 0.00000000 	 0.00000000 	 0.00000000 	 0.00000000 	 0.00772327 	 0.00000000 	 0.00000000 	 0.00000000 	 0.00000000 	 0.00000000 	 0.00000717 	 0.00000000 	 0.00000000 	 0.00068214 	 0.00000000 	 0.14595489 	 0.00000000 	 0.82730698 	 0.00000000 	 7.77868816 	 499.09741440 	 83.21123114 	 16.41564777 	 1.35548379 	 12.34420154 	 2.41932522 	 7.43462223
1925 	 0.98310344 	 0.87031982 	 113.67042692 	 1.23685898 	 19.74756019 	 0.00000000 	 0.00000000 	 0.00000000 	 0.00000000 	 0.00000000 	 105.60265000 	 9.88798500 	 0.00000000 	 0.00000000 	 0.00000000 	 0.00000000 	 0.00000000 	 0.00772327 	 0.00000000 	 0.00000000 	 0.00000000 	 0.00000000 	 0.00000000 	 0.00000721 	 0.00000000 	 0.00000000 	 0.00068685 	 0.00000000 	 0.15281139 	 0.00000000 	 0.86947278 	 0.00000000 	 7.97136785 	 502.69576876 	 84.06174423 	 16.84168156 	 1.36390006 	 12.29022974 	 2.42670693 	 7.46322510
1926 	 0.97060555 	 0.87475812 	 114.54563027 	 1.25166882 	 19.81761435 	 0.00000000 	 0.00000000 	 0.00000000 	 0.00000000 	 0.00000000 	 105.65209000 	 10.02058400 	 0.00000000 	 0.00000000 	 0.00000000 	 0.00000000 	 0.00000000 	 0.00772327 	 0.00000000 	 0.00000000 	 0.00000000 	 0.00000000 	 0.00000000 	 0.00000725 	 0.00000000 	 0.00000000 	 0.00069164 	 0.00000000 	 0.16877181 	 0.00000000 	 0.96266008 	 0.00000000 	 8.04516002 	 499.04182037 	 84.16877083 	 17.14732508 	 1.35396253 	 12.17844471 	 2.37042110 	 7.39457540
1927 	 1.07133315 	 0.91426127 	 115.74747998 	 1.26581134 	 21.14906799 	 0.00000000 	 0.00000000 	 0.00000000 	 0.00000000 	 0.00000000 	 105.65063000 	 13.69172800 	 0.00000000 	 0.00000000 	 0.00000000 	 0.00000000 	 0.00000000 	 0.00772327 	 0.00000000 	 0.00000000 	 0.00000000 	 0.00000000 	 0.00000000 	 0.00000729 	 0.00494503 	 0.00000000 	 0.00069573 	 0.00000000 	 0.19366311 	 0.00000000 	 1.10761160 	 0.00000000 	 8.48710819 	 515.09108838 	 86.52753525 	 17.43232174 	 1.37838955 	 12.30685062 	 2.47196783 	 7.56865924
1928 	 1.07552261 	 0.91770585 	 116.79586661 	 1.27882134 	 21.07430033 	 0.00000000 	 0.00000000 	 0.02081473 	 0.00000000 	 0.00000000 	 105.59392000 	 16.91430700 	 0.00000000 	 0.00000000 	 0.00000000 	 0.00000000 	 0.00000000 	 0.00772327 	 0.00000000 	 0.00000000 	 0.00000000 	 0.00000000 	 0.00000000 	 0.00000732 	 0.03013990 	 0.00000000 	 0.00069903 	 0.00000000 	 0.21328050 	 0.00000000 	 1.22520770 	 0.00000000 	 8.55625489 	 515.84008893 	 87.11586337 	 17.62700285 	 1.37955979 	 12.35424113 	 2.44857514 	 7.56168963
1929 	 1.15625079 	 0.94496390 	 118.01999772 	 1.28985552 	 22.41205974 	 0.00000000 	 0.00000000 	 0.33502494 	 0.00000000 	 0.00000000 	 105.60372000 	 19.38339000 	 0.00000000 	 0.00000000 	 0.00000000 	 0.00000000 	 0.00000000 	 0.00772327 	 0.00000000 	 0.00000000 	 0.00000000 	 0.00000000 	 0.00000000 	 0.00000735 	 0.00332930 	 0.00000000 	 0.00070195 	 0.00000000 	 0.20802541 	 0.00000000 	 1.20378650 	 0.00000000 	 8.88122817 	 527.05357551 	 89.37670247 	 17.86727278 	 1.38733846 	 12.61840792 	 2.50287753 	 7.65656602
1930 	 1.07223679 	 1.02218152 	 119.67017881 	 1.29939111 	 20.80147294 	 0.00000000 	 0.00000000 	 1.17010260 	 0.00000000 	 0.00000000 	 105.91829000 	 20.57183400 	 0.00000000 	 0.00000000 	 0.00000000 	 0.00000000 	 0.00000000 	 0.00772327 	 0.00000000 	 0.00000000 	 0.00000000 	 0.00000000 	 0.00000000 	 0.00000736 	 -0.02605104 	 0.00000000 	 0.00070327 	 0.00000000 	 0.17035764 	 0.00000000 	 0.99750344 	 0.00000000 	 8.82859565 	 535.03490282 	 91.59573863 	 18.10997615 	 1.46724858 	 13.35110028 	 2.44037423 	 7.60128831
1931 	 0.96808514 	 1.03250467 	 119.90750782 	 1.30633371 	 18.35620546 	 0.00000000 	 0.00000000 	 1.66003290 	 0.00000000 	 0.00000000 	 106.68870000 	 21.23232900 	 0.00000000 	 0.00000000 	 0.00000000 	 0.00000000 	 0.00000000 	 0.00772326 	 0.00000000 	 0.00000000 	 0.00000000 	 0.00000000 	 0.00000000 	 0.00000738 	 -0.00382921 	 0.00000000 	 0.00070594 	 0.00000000 	 0.11326202 	 0.00000000 	 0.67660210 	 0.00000000 	 8.19408782 	 504.89813450 	 86.48531867 	 17.95829420 	 1.35095346 	 12.30437939 	 2.34823963 	 7.47860406
1932 	 0.87974134 	 0.93441887 	 121.42198729 	 1.31311676 	 16.15819961 	 0.00000000 	 0.00000000 	 1.61673680 	 0.00000000 	 0.00000000 	 107.41813000 	 23.83714400 	 0.00000000 	 0.00576435 	 0.00000000 	 0.00000000 	 0.00000000 	 0.00772329 	 0.00000000 	 0.00000000 	 0.00000000 	 0.00000000 	 0.00000000 	 0.00000740 	 0.00074311 	 0.00000000 	 0.00070837 	 0.00000000 	 0.08584763 	 0.00000000 	 0.51911084 	 0.00000000 	 8.13035109 	 510.18233150 	 87.90725373 	 18.10001304 	 1.42037574 	 12.74119936 	 2.28074477 	 7.42061618
1933 	 0.92289341 	 0.93123708 	 122.34376590 	 1.31878393 	 17.00250592 	 0.00000000 	 0.00000000 	 1.63365820 	 0.00000000 	 0.00000000 	 108.09758000 	 28.12002800 	 0.00000000 	 0.14482802 	 0.00000000 	 0.00000000 	 0.00000000 	 0.00772322 	 0.00000000 	 0.00000000 	 0.00000000 	 0.00000000 	 0.00000000 	 0.00000743 	 0.00080764 	 0.00000000 	 0.00071090 	 0.00000000 	 0.10162740 	 0.00000000 	 0.61081444 	 0.00000000 	 8.09025959 	 508.11601206 	 87.73926442 	 18.14058312 	 1.36596959 	 12.54431479 	 2.30802210 	 7.47529852
1934 	 1.00008200 	 0.91947263 	 123.95329985 	 1.32506438 	 18.68811796 	 0.00000000 	 0.00000000 	 1.65058830 	 0.00000000 	 0.00000000 	 108.91202000 	 34.51928700 	 0.00000000 	 0.60639434 	 0.00000000 	 0.00000000 	 0.00000000 	 0.00772337 	 0.00000000 	 0.00000000 	 0.00000000 	 0.00000000 	 0.00000000 	 0.00000747 	 0.00087789 	 0.00000000 	 0.00071527 	 0.00000000 	 0.15202423 	 0.00000000 	 0.91252255 	 0.00000000 	 8.59085514 	 528.03316601 	 91.49703968 	 18.32411359 	 1.44171419 	 13.11045248 	 2.37590822 	 7.59216536
1935 	 1.04996067 	 0.91812800 	 124.89460439 	 1.33144892 	 20.08676260 	 0.00000000 	 0.00000000 	 1.66751730 	 0.00000000 	 0.00000000 	 109.70014000 	 40.13285900 	 0.00000000 	 0.97427321 	 0.00000000 	 0.00000000 	 0.00000000 	 0.00772302 	 0.00000000 	 0.00000000 	 0.00000000 	 0.00000000 	 0.00000000 	 0.00000750 	 0.00095422 	 0.00000000 	 0.00071926 	 0.00000000 	 0.22028466 	 0.00000000 	 1.33032980 	 0.00000000 	 8.76634235 	 529.44094063 	 91.90214074 	 18.31731965 	 1.41662248 	 12.88978840 	 2.41014075 	 7.65340864
1936 	 1.14967011 	 0.92650800 	 126.46470475 	 1.33768189 	 21.60705857 	 0.00000000 	 0.00000000 	 1.68444640 	 0.00000000 	 0.00000000 	 110.56758000 	 42.33712000 	 0.00000000 	 1.04552990 	 0.00000000 	 0.00000000 	 0.00000000 	 0.00772385 	 0.00000000 	 0.00000000 	 0.00000000 	 0.00000000 	 0.00000000 	 0.00000755 	 0.00103728 	 0.00000000 	 0.00072437 	 0.00000000 	 0.28820401 	 0.00000000 	 1.75702030 	 0.00000000 	 9.34809343 	 550.03985485 	 95.83484543 	 18.65286964 	 1.47493686 	 13.35682068 	 2.49707116 	 7.80736586
1937 	 1.23035760 	 0.90396876 	 127.18233707 	 1.34551135 	 23.24191662 	 0.00000000 	 0.00000000 	 1.70137550 	 0.00639002 	 0.00000000 	 111.36250000 	 44.18847100 	 0.00000000 	 1.11318780 	 0.00000000 	 0.00000000 	 0.00000000 	 0.00772185 	 0.00000000 	 0.00000000 	 0.00000000 	 0.00000000 	 0.00000000 	 0.00000758 	 0.00112748 	 0.00000000 	 0.00072845 	 0.00000000 	 0.34372195 	 0.00000000 	 2.11864540 	 0.00000000 	 9.56136178 	 550.61094191 	 95.84567433 	 18.73588300 	 1.42501442 	 12.95635516 	 2.55220065 	 7.89424955
1938 	 1.16071867 	 0.90677211 	 127.90539304 	 1.35410620 	 21.55243867 	 0.00000000 	 0.00000000 	 1.71830470 	 0.13288080 	 0.00000000 	 112.06030000 	 49.06474000 	 0.00000000 	 1.18503300 	 0.00000000 	 0.00000000 	 0.00000000 	 0.00772855 	 0.00000000 	 0.00000000 	 0.00000000 	 0.00000000 	 0.00000000 	 0.00000761 	 0.00122542 	 0.00000000 	 0.00073116 	 0.00000000 	 0.39883954 	 0.00000000 	 2.48915410 	 0.00000000 	 9.12000198 	 535.42684846 	 93.23706062 	 18.72062801 	 1.37681071 	 12.41929957 	 2.50273572 	 7.86451843
1939 	 1.23186729 	 0.90533147 	 129.50135677 	 1.36579988 	 23.02037612 	 0.00000000 	 0.00000000 	 1.73523380 	 0.68779311 	 0.00000000 	 112.82930000 	 56.68305400 	 0.00000000 	 1.25713980 	 0.00000000 	 0.00000000 	 0.00000000 	 0.11813875 	 0.00000000 	 0.00000000 	 0.00000000 	 0.00000000 	 0.00000000 	 0.00000764 	 0.00133206 	 0.00000000 	 0.00073488 	 0.00000000 	 0.43390074 	 0.00000000 	 2.74505300 	 0.00000000 	 9.61862979 	 554.53791712 	 97.34535423 	 18.98792969 	 1.44088222 	 13.01874514 	 2.56993838 	 8.00210818
1940 	 1.33168758 	 0.89292259 	 130.13499426 	 1.37855030 	 25.17012530 	 0.00000000 	 0.00000000 	 1.75216290 	 1.49289160 	 0.00000000 	 113.75015000 	 67.98074100 	 0.00000000 	 1.33045940 	 0.00000000 	 0.00000000 	 0.00000000 	 0.21814961 	 0.00000000 	 0.00000000 	 0.00000000 	 0.00000000 	 0.00000000 	 0.00000769 	 0.00144818 	 0.00000000 	 0.00074075 	 0.00000000 	 0.50172554 	 0.00000000 	 3.21909520 	 0.00000000 	 9.94652532 	 550.46540565 	 96.49612887 	 18.93380648 	 1.38869784 	 12.48044091 	 2.63755579 	 8.08583483
1941 	 1.35651045 	 0.87555089 	 132.21809394 	 1.42598852 	 26.12542032 	 0.00000000 	 0.00000000 	 1.76909200 	 2.23399290 	 0.00000000 	 114.54353000 	 81.74027900 	 0.00000000 	 1.40287480 	 0.00000000 	 0.00000000 	 0.00000000 	 0.19511640 	 0.00000000 	 0.00000000 	 0.00000000 	 0.00000000 	 0.00000000 	 0.00000773 	 0.00157415 	 0.00000000 	 0.00074481 	 0.00000000 	 0.64957282 	 0.00000000 	 4.22407430 	 0.00000000 	 10.17852197 	 552.95006508 	 97.09407345 	 19.03403078 	 1.37779967 	 12.33633525 	 2.67249459 	 8.12569612
1942 	 1.35822634 	 0.89677115 	 134.70602408 	 1.52866651 	 26.71377172 	 0.00000000 	 0.19841173 	 1.78602120 	 2.97647100 	 0.00000000 	 115.26991000 	 95.02113600 	 0.00000000 	 1.47455640 	 0.00000000 	 0.00000000 	 0.00000000 	 0.16898031 	 0.00000000 	 0.00000000 	 0.00000000 	 0.00000000 	 0.00000000 	 0.00000776 	 0.00171095 	 0.00000000 	 0.00074793 	 0.00000000 	 0.84353078 	 0.00000000 	 5.58548900 	 0.00000000 	 10.33006785 	 560.18418611 	 98.65719695 	 19.21018323 	 1.41696897 	 12.84272372 	 2.69722432 	 8.17147005
1943 	 1.40209626 	 0.89158461 	 136.62968688 	 1.67652974 	 27.12225687 	 0.05645176 	 4.30532470 	 1.80295020 	 3.71999610 	 0.00000000 	 116.04761000 	 89.52161500 	 0.00000000 	 1.54670270 	 0.00000000 	 0.00000000 	 0.00000000 	 0.14684461 	 0.00000000 	 0.00000000 	 0.00000000 	 0.00000000 	 0.00000000 	 0.00000779 	 0.00185974 	 0.00000000 	 0.00075177 	 0.00000000 	 0.80476688 	 0.00000000 	 5.45767390 	 0.00000000 	 10.62820202 	 561.01855030 	 99.48634644 	 19.22648995 	 1.40553399 	 12.58617426 	 2.70855180 	 8.17852474
1944 	 1.38707266 	 0.89777497 	 138.93105622 	 1.85234803 	 26.58982603 	 0.97266311 	 16.54561700 	 1.81987940 	 4.46380590 	 0.00000000 	 116.85265000 	 72.69430200 	 0.00000000 	 1.61916750 	 0.00000000 	 0.00000000 	 0.00000000 	 0.11439264 	 0.00000000 	 0.00000000 	 0.00000000 	 0.00000000 	 0.00000000 	 0.00000783 	 0.00202151 	 0.00000000 	 0.00075600 	 0.00000000 	 0.41764093 	 0.00000000 	 2.96065690 	 0.00000000 	 10.95580023 	 569.42755785 	 102.00830515 	 19.45467137 	 1.41392912 	 12.77844158 	 2.69734077 	 8.13968070
1945 	 1.18020137 	 0.89827788 	 141.02296396 	 2.04529525 	 23.42520792 	 3.45934050 	 24.84615400 	 1.83680840 	 5.20772330 	 0.00000000 	 117.61180000 	 68.36926200 	 0.00000000 	 1.69101000 	 0.00000000 	 0.00000000 	 0.00000000 	 0.08079857 	 0.00000000 	 0.00000000 	 0.00000000 	 0.00000000 	 0.00000000 	 0.00000786 	 0.00219726 	 0.00000000 	 0.00075958 	 0.00000000 	 0.20111842 	 0.00000000 	 1.50769420 	 0.00000000 	 10.79494868 	 562.38814030 	 102.38686289 	 19.53099873 	 1.43419512 	 12.74330316 	 2.53621120 	 7.88711204
1946 	 1.29342735 	 0.98235178 	 142.70640225 	 2.24054669 	 23.14745435 	 4.94046790 	 24.83937800 	 1.85373780 	 5.98561040 	 0.00000000 	 118.39896000 	 74.71723400 	 0.00000000 	 1.76319080 	 0.00000000 	 0.00000000 	 0.00000000 	 0.06430043 	 0.00000000 	 0.00000000 	 0.00000000 	 0.00000000 	 0.00000000 	 0.00000789 	 0.00238835 	 0.00000000 	 0.00076356 	 0.00000000 	 0.27970458 	 0.00000000 	 2.07266490 	 0.00000000 	 10.79383034 	 555.28996295 	 102.65818349 	 19.68948842 	 1.35941137 	 12.30492982 	 2.61228507 	 8.00100368
1947 	 1.44901695 	 1.01302145 	 144.79449650 	 2.42682560 	 25.98999129 	 4.83903740 	 24.98237100 	 1.87066650 	 6.44435410 	 0.00000000 	 119.29730000 	 84.08174600 	 0.00000000 	 1.83726790 	 0.00000000 	 0.00000000 	 0.00000000 	 0.04673123 	 0.00000000 	 0.00000000 	 0.00000000 	 0.00000000 	 0.00000000 	 0.00000794 	 0.00259631 	 0.00000000 	 0.00076909 	 0.00000000 	 0.34838359 	 0.00000000 	 2.63690740 	 0.00337284 	 11.47255751 	 563.40377537 	 104.15736761 	 19.91609513 	 1.37727324 	 12.31774746 	 2.62701636 	 7.87325201
1948 	 1.54081314 	 1.02117022 	 147.27202945 	 2.58769476 	 27.17424786 	 4.85636610 	 24.98710300 	 1.88759610 	 6.66490720 	 0.00000000 	 120.08364000 	 90.67068600 	 0.00000000 	 1.96627700 	 0.00000000 	 0.00000000 	 0.00000000 	 0.02016938 	 0.00000000 	 0.00000000 	 0.00000000 	 0.00000000 	 0.00000000 	 0.00000798 	 0.00332767 	 0.00000000 	 0.00077305 	 0.00000000 	 0.33316898 	 0.00000000 	 2.62438920 	 0.02361198 	 12.17759194 	 586.53608005 	 108.09641739 	 20.34906056 	 1.43213993 	 12.65723544 	 2.69138094 	 7.99312162
1949 	 1.51411664 	 1.03160404 	 150.21571489 	 2.71197019 	 26.21035927 	 5.56114100 	 27.29546100 	 1.89550330 	 7.16407050 	 0.00000000 	 120.70601000 	 91.96241600 	 0.00000000 	 1.64262780 	 0.00000000 	 0.00000000 	 0.00000000 	 -0.00157844 	 0.00000000 	 0.00000000 	 0.00000000 	 0.00000000 	 0.00000000 	 0.00000799 	 0.02463759 	 0.00000000 	 0.00077473 	 0.00000000 	 0.31424196 	 0.00000000 	 2.59264440 	 0.06374104 	 11.84629258 	 588.44103868 	 109.15442578 	 20.90919590 	 1.40397943 	 13.06341577 	 2.69176712 	 8.01776361
1950 	 1.69465396 	 1.04480132 	 152.20100845 	 2.78472518 	 29.16135039 	 8.14605740 	 32.67374500 	 1.98973290 	 7.47060530 	 0.00000000 	 121.62274000 	 78.58005300 	 0.00000000 	 1.06614650 	 0.00000000 	 0.00000000 	 0.00000000 	 0.00024328 	 0.00000000 	 0.00000000 	 0.00000000 	 0.00000000 	 0.00000000 	 0.00000805 	 0.10531435 	 0.00000000 	 0.00078062 	 0.00000000 	 0.32876887 	 0.00000000 	 2.84411010 	 0.16053368 	 13.11257347 	 619.94397091 	 113.85984720 	 21.60140457 	 1.52392422 	 13.90821503 	 2.80733657 	 8.19759553
1951 	 1.81625619 	 1.26302317 	 155.27193517 	 2.82866091 	 30.39227899 	 12.05013800 	 36.81585300 	 2.16852870 	 7.55422370 	 0.00000000 	 122.51807000 	 70.47669000 	 0.01433052 	 1.05277890 	 0.00000000 	 0.00000000 	 0.00000000 	 0.00116643 	 0.00000000 	 0.00000000 	 0.00000000 	 0.00000000 	 0.00000000 	 0.00000809 	 0.23432190 	 0.00000000 	 0.00078510 	 0.00000000 	 0.33222262 	 0.00000000 	 3.04307840 	 0.23983988 	 13.13259565 	 593.19945058 	 109.09095442 	 21.71096706 	 1.35214401 	 12.16857120 	 2.86019206 	 8.22961698
1952 	 1.85075452 	 1.29072658 	 160.57335760 	 2.87130535 	 30.78639644 	 16.07884200 	 40.44128300 	 2.41204260 	 7.67340140 	 0.00000000 	 123.26435000 	 76.50876200 	 0.21725302 	 1.44147440 	 0.00000000 	 0.00000000 	 0.00000000 	 -0.00203006 	 0.00000000 	 0.00000000 	 0.00000000 	 0.00000000 	 0.00000000 	 0.00000810 	 0.36283510 	 0.00000000 	 0.00078674 	 0.00000000 	 0.32854487 	 0.00000000 	 3.22282570 	 0.24565292 	 13.46651847 	 606.95633999 	 112.61821090 	 22.39378605 	 1.37206299 	 12.62926716 	 2.90618698 	 8.32866719
1953 	 1.90473307 	 1.28788222 	 165.68183231 	 2.91627546 	 31.40623216 	 20.20105500 	 45.58143200 	 2.84789340 	 7.70344580 	 0.00000000 	 124.06078000 	 81.68122400 	 1.35755080 	 2.10040800 	 0.00000000 	 0.00000000 	 0.00000000 	 -0.00022819 	 0.00000000 	 0.00000000 	 0.00000000 	 0.00000000 	 0.00000000 	 0.00000812 	 0.48047903 	 0.00000000 	 0.00078951 	 0.00000000 	 0.31999622 	 0.00000000 	 3.38630870 	 0.24572915 	 14.02968336 	 623.97505480 	 116.77653779 	 23.08627653 	 1.43082925 	 13.14995960 	 2.96930564 	 8.45098011
1954 	 1.95414177 	 1.34187017 	 170.37100792 	 2.96307220 	 31.61552171 	 25.21238100 	 51.89241100 	 3.27631560 	 7.76021300 	 0.00000000 	 124.75392000 	 86.86347000 	 3.61988330 	 2.88888480 	 0.00000000 	 0.00000000 	 0.00000000 	 -0.00407082 	 0.00000000 	 0.00000000 	 0.00000000 	 0.00000000 	 0.00000000 	 0.00000814 	 0.59576061 	 0.00000000 	 0.00079082 	 0.00000000 	 0.29457384 	 0.00000000 	 3.40486320 	 0.24580572 	 14.33124080 	 628.90966353 	 118.78969286 	 23.51826930 	 1.43892276 	 13.07704682 	 3.03618501 	 8.57769213
1955 	 2.13749166 	 1.38698028 	 174.74044706 	 3.01373296 	 34.57058126 	 30.72731900 	 59.87188100 	 3.67880150 	 7.63707020 	 0.00000000 	 125.74327000 	 91.98001900 	 6.48486790 	 3.55647770 	 0.00000000 	 0.00000000 	 0.00000000 	 0.00104935 	 0.00000000 	 0.00000000 	 0.00000000 	 0.00000000 	 0.00000000 	 0.00000818 	 0.70910415 	 0.00000000 	 0.00079623 	 0.00000000 	 0.26311875 	 0.00000000 	 3.33468240 	 0.24588273 	 15.33699694 	 641.32672533 	 122.54258151 	 23.78869162 	 1.43699861 	 12.90436012 	 3.14874650 	 8.70758045
1956 	 2.28965212 	 1.44540784 	 180.67111746 	 3.06538300 	 37.13507559 	 33.54675600 	 66.95048900 	 4.27599120 	 7.54303160 	 0.00000000 	 126.58168000 	 97.00849100 	 9.15616620 	 4.53226580 	 0.00000000 	 0.00000000 	 0.00000000 	 0.00664016 	 0.00000000 	 0.00000000 	 0.00000000 	 0.00000000 	 0.00000000 	 0.00000821 	 0.82044371 	 0.00000000 	 0.00079956 	 0.00000000 	 0.22075982 	 0.00000000 	 3.07963750 	 0.24595899 	 16.38328141 	 673.80622903 	 129.82302004 	 24.39548109 	 1.51825893 	 13.73337117 	 3.32614256 	 8.99111159
1957 	 2.38332889 	 1.47659987 	 186.05556774 	 3.12041433 	 38.89082970 	 32.87144600 	 72.20414100 	 4.96120190 	 7.37653130 	 0.00000000 	 127.41838000 	 102.11597000 	 11.48850900 	 5.98751080 	 0.00000000 	 0.00000000 	 0.00000000 	 0.00434237 	 0.00000000 	 0.00000000 	 0.00000000 	 0.00000000 	 0.00000000 	 0.00000825 	 0.92977447 	 0.00000000 	 0.00080300 	 0.00000000 	 0.18587639 	 0.00000000 	 2.85712480 	 0.24603635 	 17.17665517 	 695.94961306 	 135.59152056 	 25.10938271 	 1.60851225 	 14.58187903 	 3.47601032 	 9.24447041
1958 	 2.46560150 	 1.52767170 	 188.38553995 	 3.18179046 	 39.35927242 	 34.74628400 	 80.92532900 	 5.63305030 	 6.90873130 	 0.00000000 	 128.42262000 	 107.20600000 	 14.78120200 	 7.12020400 	 0.00000000 	 0.00000000 	 0.00000000 	 0.00260529 	 0.00001526 	 0.00015507 	 0.00000000 	 0.00000000 	 0.00000000 	 0.00000829 	 1.03713060 	 0.00000000 	 0.00080761 	 0.00000000 	 0.17928487 	 0.00000000 	 2.99545910 	 0.24611310 	 17.01770860 	 661.28548584 	 129.20858361 	 25.26871426 	 1.43084589 	 12.82042743 	 3.62964215 	 9.42622297
1959 	 2.60209624 	 1.47277590 	 192.68675731 	 3.24787497 	 41.33762319 	 43.50625700 	 93.98346700 	 6.38802260 	 6.87604580 	 0.00000000 	 129.47587000 	 112.29185000 	 18.06369800 	 8.02538070 	 0.00000000 	 0.00000000 	 0.00000000 	 0.00086846 	 0.00012225 	 0.00124604 	 0.00000000 	 0.00000000 	 0.00000000 	 0.00000833 	 1.14246940 	 0.00000000 	 0.00081212 	 0.00000000 	 0.18081021 	 0.00000000 	 3.24767160 	 0.30755864 	 17.48916662 	 665.43672221 	 131.21049744 	 25.78456832 	 1.38058891 	 12.48688189 	 3.80617344 	 9.65006856
1960 	 2.72679462 	 1.46063450 	 197.26110048 	 3.32142544 	 42.98960971 	 56.28148100 	 107.54170000 	 7.32017180 	 7.23926310 	 0.00000000 	 130.53321000 	 117.25970000 	 21.75043700 	 9.58857320 	 0.00000000 	 0.00000000 	 0.00000000 	 -0.00086849 	 0.00023072 	 0.00237509 	 0.00000000 	 0.00000000 	 0.00000000 	 0.00000837 	 1.24581070 	 0.00000000 	 0.00081724 	 0.00000000 	 0.17259465 	 0.00000000 	 3.32093980 	 0.43040210 	 18.11095913 	 668.56566298 	 133.33681491 	 26.12794679 	 1.35323809 	 12.24127438 	 3.93497499 	 9.82738876
1961 	 2.75043530 	 1.53023100 	 205.13834130 	 3.54270588 	 48.39199457 	 70.61855700 	 123.80387000 	 8.42878490 	 7.45147350 	 0.00186180 	 131.26152000 	 121.58986000 	 27.27829800 	 11.88438600 	 0.00000000 	 0.00000000 	 0.00000000 	 -0.00260532 	 0.00024914 	 0.00354641 	 0.00000000 	 0.00000000 	 0.00000000 	 0.00000837 	 1.34689200 	 0.00000000 	 0.00081675 	 0.00000000 	 0.16861102 	 0.00000000 	 3.43043510 	 0.55328481 	 18.71107378 	 701.00534526 	 143.56526348 	 26.88973850 	 1.43746992 	 13.67653939 	 3.84271786 	 9.69703375
1962 	 2.86665561 	 1.51980380 	 207.21229918 	 3.67601298 	 49.39515008 	 86.21455100 	 144.89716000 	 9.61276780 	 7.58052790 	 0.04518137 	 132.40110000 	 125.71015000 	 32.04902100 	 14.50008900 	 0.00000000 	 0.00000000 	 0.00000000 	 -0.00434252 	 0.00025250 	 0.00492068 	 0.00000000 	 0.00000000 	 0.00000000 	 0.00000841 	 1.44609510 	 0.00000000 	 0.00082101 	 0.00000000 	 0.17112099 	 0.00000000 	 3.62498210 	 0.61483924 	 19.30412115 	 678.84922337 	 140.10589201 	 27.39134430 	 1.41572196 	 12.85134726 	 3.85264915 	 9.69874737
1963 	 3.03434758 	 1.52628450 	 216.19226559 	 3.80091187 	 50.94091401 	 101.83231000 	 167.67883000 	 10.94972100 	 7.91108540 	 0.24720738 	 132.99126000 	 128.88013000 	 37.52532000 	 17.28022800 	 0.00000000 	 0.00000000 	 0.00000000 	 -0.00786993 	 0.00035209 	 0.00597276 	 0.00000000 	 0.00000000 	 0.00000000 	 0.00000839 	 1.54292610 	 0.00000000 	 0.00081943 	 0.00000000 	 0.18314033 	 0.00029590 	 3.98813670 	 0.55366285 	 20.49026901 	 741.31960162 	 156.13095399 	 28.74464761 	 1.53673715 	 14.84912675 	 3.90113860 	 9.76008418
1964 	 3.19165183 	 1.51733370 	 216.55616296 	 3.94278293 	 52.85484409 	 116.30072000 	 189.87660000 	 12.65721400 	 8.47789460 	 0.46848862 	 134.07707000 	 129.76929000 	 49.91404600 	 20.77197100 	 0.00000000 	 0.00000000 	 0.00000000 	 -0.00075971 	 0.00103037 	 0.03358002 	 0.00000000 	 0.00000000 	 0.00000000 	 0.00000844 	 1.63797760 	 0.00000000 	 0.00082434 	 0.00000000 	 0.20130699 	 0.00281424 	 4.43262570 	 0.49245891 	 21.21896084 	 689.11146001 	 146.45477556 	 28.60741633 	 1.37982072 	 12.67250954 	 3.88008874 	 9.70511445
1965 	 3.34002282 	 1.54847210 	 222.66641570 	 4.11209631 	 54.08754943 	 130.83984000 	 213.39190000 	 14.52825700 	 9.03583150 	 0.58010695 	 135.19804000 	 129.69213000 	 70.50793500 	 25.06030000 	 0.00000000 	 0.00000000 	 0.00000000 	 0.01594865 	 0.00214069 	 0.11324642 	 0.00000000 	 0.00000000 	 0.00000000 	 0.00000846 	 1.73084610 	 0.00000000 	 0.00082747 	 0.00000000 	 0.22504180 	 0.00633699 	 4.90891920 	 0.49260840 	 22.05010438 	 709.31229627 	 153.40539119 	 29.97215368 	 1.37978108 	 12.97409303 	 3.89022917 	 9.67587990
1966 	 3.49960006 	 1.55082560 	 226.31069580 	 4.30795080 	 55.29359394 	 147.99606000 	 240.15802000 	 16.54777400 	 9.50089520 	 0.77191369 	 136.46754000 	 129.70542000 	 94.25876500 	 30.47707500 	 0.00000000 	 0.00000000 	 0.00000000 	 0.06978616 	 0.00310310 	 0.20275693 	 0.00000000 	 0.00000000 	 0.00000000 	 0.00000851 	 1.82179690 	 0.00000000 	 0.00083229 	 0.00000000 	 0.26721734 	 0.00871699 	 5.62480740 	 0.61550021 	 22.81374563 	 710.94146646 	 156.49498091 	 31.55306755 	 1.37158628 	 12.73725145 	 3.91358851 	 9.69704570
1967 	 3.62377029 	 1.59489900 	 232.33314649 	 4.47840262 	 54.78695183 	 169.42177000 	 269.58286000 	 18.91817200 	 9.92081190 	 1.03730000 	 137.66763000 	 129.68847000 	 116.32544000 	 36.03694500 	 0.00000000 	 0.00000000 	 0.00000000 	 0.24404072 	 0.00375425 	 0.26151045 	 0.00001246 	 0.00000000 	 0.00006899 	 0.00000854 	 1.91059490 	 0.00000000 	 0.00083658 	 0.00000000 	 0.32052973 	 0.01079236 	 6.35475720 	 0.73844860 	 24.16018227 	 746.20982087 	 164.77531621 	 33.16777605 	 1.49042702 	 13.86462062 	 3.90003183 	 9.72067292
1968 	 3.83227320 	 1.54605630 	 235.33540267 	 4.61482187 	 56.89335844 	 195.13757000 	 299.71437000 	 21.71359400 	 10.29517200 	 1.36738240 	 139.24379000 	 129.73308000 	 133.08156000 	 40.35903400 	 0.00000000 	 0.00000000 	 0.00923798 	 0.44305972 	 0.00554318 	 0.29037411 	 0.00008804 	 0.00000000 	 0.00048559 	 0.00000863 	 1.99769350 	 0.00000000 	 0.00084583 	 0.00000000 	 0.40423022 	 0.01305003 	 7.33244150 	 0.67731523 	 25.37294758 	 740.48241823 	 165.09570877 	 34.38157284 	 1.38590485 	 12.98609835 	 3.98446824 	 9.83969857
1969 	 4.05910822 	 1.54277410 	 239.18485161 	 4.72905142 	 58.49349292 	 220.72612000 	 327.55328000 	 24.93817800 	 10.63863400 	 1.71209010 	 140.05867000 	 129.76058000 	 146.61896000 	 44.14450800 	 0.00000000 	 0.00000000 	 0.18322115 	 0.55613635 	 0.03648951 	 0.30862539 	 0.00009368 	 0.00000000 	 0.00050389 	 0.00982482 	 2.08173690 	 0.00000000 	 0.00084505 	 0.00000000 	 0.52064110 	 0.01545898 	 8.48317180 	 0.67751619 	 26.02622913 	 747.02973154 	 169.68157132 	 34.96181251 	 1.34122628 	 12.19349376 	 4.06286533 	 9.90699576
1970 	 4.32089591 	 1.53100140 	 244.41839555 	 4.71064028 	 61.55680689 	 245.38621000 	 354.60102000 	 28.57690400 	 11.00827000 	 1.89096580 	 141.52757000 	 129.69302000 	 173.56366000 	 49.03739400 	 0.00000000 	 0.00000000 	 0.60795801 	 0.64373178 	 0.11813403 	 0.34789664 	 0.00002469 	 0.00000000 	 0.00010851 	 0.03633065 	 2.16449920 	 0.00000000 	 0.00085202 	 0.00000000 	 0.65816920 	 0.01763153 	 9.53188010 	 0.80047128 	 27.78262307 	 781.03755230 	 179.68595467 	 37.46957853 	 1.36259954 	 12.64884847 	 4.18710926 	 10.13137585
1971 	 4.50751366 	 1.40470310 	 249.28953308 	 4.66001017 	 61.74390488 	 276.44309000 	 387.53989000 	 32.72913900 	 11.45252900 	 2.14021180 	 143.11960000 	 129.60227000 	 217.72405000 	 55.79088800 	 0.00000000 	 0.00000000 	 0.85645760 	 0.78786166 	 0.22321290 	 0.40686343 	 0.00001325 	 0.00000000 	 0.00004259 	 0.06458691 	 2.24511740 	 0.00000000 	 0.00085867 	 0.00000000 	 0.82992065 	 0.02001087 	 10.71149400 	 0.86210262 	 28.57462104 	 796.20294253 	 183.53555790 	 38.13342516 	 1.36702999 	 12.86392198 	 4.33671900 	 10.33119403
1972 	 4.70364427 	 1.32613360 	 257.21020543 	 4.92702901 	 63.49298144 	 314.22879000 	 427.68026000 	 37.46552300 	 11.97792000 	 2.55176280 	 144.52172000 	 129.65777000 	 267.60333000 	 61.45663300 	 0.00000000 	 0.00000000 	 0.87667663 	 1.09518670 	 0.31882408 	 0.47214740 	 0.00001348 	 0.00000000 	 0.00004304 	 0.08258019 	 2.32332950 	 0.00000000 	 0.00086363 	 0.00000000 	 1.05590290 	 0.02242113 	 12.24311000 	 0.86237286 	 30.19116615 	 868.47357075 	 196.66552471 	 39.56446297 	 1.55163065 	 15.06410846 	 4.41952272 	 10.46332608
1973 	 4.97263875 	 1.31758730 	 260.29472497 	 5.04702260 	 66.34684210 	 338.06930000 	 454.71123000 	 42.97926200 	 12.58516100 	 2.92937000 	 146.54158000 	 129.79157000 	 301.85553000 	 65.42011300 	 0.00000000 	 0.00000000 	 0.82240702 	 1.59306730 	 0.39726303 	 0.54390644 	 0.00001377 	 0.00000000 	 0.00005497 	 0.09021493 	 2.40064920 	 0.00000000 	 0.00087688 	 0.00000000 	 1.33078700 	 0.02454693 	 14.08533200 	 0.92401065 	 31.19354563 	 826.02931323 	 186.52593193 	 39.95714271 	 1.36371697 	 12.87753081 	 4.53211461 	 10.57811729
1974 	 4.94515282 	 1.28976750 	 261.80827705 	 5.03062795 	 65.40034131 	 340.60550000 	 453.22872000 	 49.24795900 	 13.44744200 	 3.51840150 	 147.80664000 	 129.76026000 	 327.35544000 	 71.66699500 	 0.00000000 	 0.00000000 	 0.76119143 	 2.18065470 	 0.67241083 	 0.65809554 	 0.00001397 	 0.00000000 	 0.05241622 	 0.08706316 	 2.47411600 	 0.00000000 	 0.00087790 	 0.00000000 	 1.41916910 	 0.02681050 	 14.31114600 	 1.03947180 	 31.03109723 	 824.62140222 	 183.60052508 	 40.69211664 	 1.41032620 	 12.89414726 	 4.56131774 	 10.70547736
1975 	 4.92563784 	 1.30241580 	 263.05854865 	 5.20289177 	 64.21096125 	 337.71465000 	 440.16522000 	 57.56581100 	 14.53844200 	 4.21768680 	 148.91662000 	 129.65616000 	 384.99818000 	 79.15390400 	 0.00000000 	 0.00000000 	 0.80304672 	 2.80183630 	 1.26827090 	 0.82874370 	 0.00001415 	 0.00000000 	 0.19213674 	 0.07287559 	 2.54512500 	 0.00000000 	 0.00087775 	 0.00000000 	 1.40040840 	 0.02894208 	 14.32104200 	 1.16464580 	 30.72052737 	 816.91948586 	 177.51306731 	 41.47672590 	 1.33704077 	 12.24345620 	 4.66139060 	 10.88619760
1976 	 5.19151536 	 1.31940590 	 269.94820966 	 5.34833109 	 67.18290605 	 329.27602000 	 426.10768000 	 57.24638000 	 15.38646600 	 4.74364700 	 150.23158000 	 129.63321000 	 475.43135000 	 92.66442600 	 0.00000000 	 0.00000000 	 0.82394648 	 3.41070570 	 1.84355730 	 0.98712807 	 0.00001436 	 0.00000000 	 0.33759564 	 0.04741259 	 2.61434700 	 0.00000000 	 0.00088049 	 0.00000000 	 1.55547710 	 0.03090111 	 16.01171400 	 1.42354160 	 32.23852139 	 856.06349153 	 186.24742730 	 42.52135697 	 1.43268175 	 13.26401779 	 4.80481478 	 11.14170013
1977 	 5.36118018 	 1.35127920 	 274.03015240 	 5.49532241 	 67.80696211 	 306.11158000 	 404.22830000 	 55.87524100 	 15.71703000 	 5.17825480 	 152.04264000 	 129.63647000 	 533.03250000 	 109.06413000 	 0.00000000 	 0.00000000 	 0.93269902 	 3.88260890 	 2.14208780 	 1.08529770 	 0.00000214 	 0.00000000 	 0.42456315 	 0.02218051 	 3.53239310 	 0.00000000 	 0.00088741 	 0.00000000 	 1.69235500 	 0.03271768 	 16.76257700 	 2.15834690 	 33.01002824 	 868.43130969 	 189.22553226 	 43.27485688 	 1.41206016 	 13.04144477 	 4.94111861 	 11.34579950
1978 	 5.57842281 	 1.29851510 	 276.33335446 	 5.62088489 	 68.05292116 	 278.45958000 	 383.98960000 	 72.24534900 	 15.52941700 	 5.52141660 	 153.91731000 	 130.48849000 	 529.79652000 	 112.78031000 	 0.00000000 	 0.00000000 	 1.27791300 	 4.27012120 	 2.15992380 	 1.12091570 	 -0.00006254 	 0.00000000 	 0.45249588 	 -0.05986703 	 4.66146100 	 0.00000000 	 0.00089481 	 0.00000000 	 1.76917660 	 0.03414454 	 16.89823500 	 2.82869010 	 34.21812836 	 897.40514836 	 192.93479555 	 44.24089207 	 1.47269351 	 13.38870573 	 5.10635130 	 11.63103846
1979 	 5.72726186 	 1.25155930 	 281.60006561 	 5.80270876 	 69.15022477 	 271.13342000 	 394.80033000 	 94.63462800 	 14.99123800 	 6.10206390 	 155.58904000 	 128.37989000 	 518.50501000 	 113.22088000 	 0.00000000 	 0.00000000 	 1.75956550 	 4.65136970 	 2.05794170 	 1.13280910 	 -0.00000204 	 0.00000000 	 0.42017076 	 -0.17766763 	 5.09378820 	 0.00000000 	 0.00090008 	 0.00000000 	 1.92033950 	 0.04627545 	 17.89831300 	 2.82961770 	 34.96181242 	 900.46642270 	 196.01690287 	 45.13478108 	 1.44250962 	 13.33983949 	 5.23472203 	 11.87264037
1980 	 5.64752600 	 1.24338240 	 283.34647024 	 5.86853641 	 68.81405903 	 276.09356000 	 398.43779000 	 120.23426000 	 14.76086100 	 7.23625950 	 157.04196000 	 125.08456000 	 513.02719000 	 118.29604000 	 0.00000000 	 0.00000000 	 2.03304530 	 5.11299130 	 2.15456610 	 1.15620960 	 0.00007935 	 0.00000000 	 0.35605477 	 -0.12485274 	 5.17327090 	 0.00000000 	 0.00090156 	 0.00008167 	 1.96332260 	 0.07463433 	 17.66426700 	 2.83048230 	 34.71259861 	 890.51149519 	 194.39124204 	 45.97852705 	 1.42795971 	 13.27186891 	 5.19042742 	 11.96067675
1981 	 5.53598160 	 1.25205490 	 279.78942072 	 5.80103567 	 66.71812044 	 271.00597000 	 403.07178000 	 128.45086000 	 13.92011500 	 8.63724470 	 158.51506000 	 126.52811000 	 516.86109000 	 122.37567000 	 0.00000000 	 0.00000000 	 1.96562000 	 6.00902150 	 2.48638880 	 1.17428140 	 0.00001711 	 0.00000000 	 0.32601335 	 0.11779446 	 4.42743610 	 0.00000000 	 0.00090260 	 0.00069675 	 1.73912660 	 0.09733278 	 16.18719200 	 2.95411190 	 34.06458094 	 875.78160944 	 189.16861386 	 46.37436562 	 1.36907057 	 12.79763321 	 5.20871166 	 12.07566276
1982 	 5.47393273 	 1.25738360 	 287.66931539 	 6.03851199 	 65.56108697 	 277.72577000 	 391.79861000 	 128.57689000 	 13.88545900 	 9.27483240 	 159.18065000 	 129.38621000 	 532.93449000 	 125.26367000 	 0.00000000 	 0.00000000 	 1.65733640 	 6.46934490 	 3.01312870 	 1.35241100 	 -0.00008228 	 0.00000000 	 0.33083911 	 0.22216908 	 3.55758650 	 0.00000000 	 0.00089426 	 0.00157850 	 1.62055220 	 0.10860240 	 15.97381000 	 2.95504320 	 34.10519500 	 967.42929829 	 206.88446478 	 47.66689068 	 1.64670317 	 15.96571081 	 5.26855540 	 12.30649490
1983 	 5.47974189 	 1.43215640 	 281.61765836 	 6.06126619 	 64.58077097 	 353.29433000 	 385.70972000 	 150.74703000 	 15.56484100 	 9.05703900 	 160.09109000 	 130.75989000 	 547.19948000 	 129.40550000 	 0.00000000 	 0.00000000 	 1.33787780 	 6.00340550 	 3.81981420 	 1.37877400 	 -0.00002710 	 0.00000000 	 0.33559498 	 0.09748991 	 3.80403690 	 0.00000000 	 0.00088712 	 0.00201785 	 1.84568540 	 0.13627202 	 16.38452500 	 3.20143710 	 33.23553041 	 862.02149433 	 183.83582233 	 47.64540210 	 1.29578118 	 12.02876078 	 5.32962104 	 12.43075265
1984 	 5.61560247 	 1.46034000 	 285.00304517 	 5.99186038 	 65.33858668 	 352.61795000 	 438.30954000 	 167.86607000 	 17.17769600 	 10.53760600 	 162.15076000 	 134.99340000 	 546.65240000 	 137.14097000 	 0.00000000 	 0.00000000 	 1.23917050 	 6.34123380 	 4.79872590 	 1.13295070 	 0.00008659 	 0.00000000 	 0.48356263 	 0.02741779 	 4.88053950 	 0.00000000 	 0.00089282 	 0.00430716 	 1.95418100 	 0.17274509 	 14.92739900 	 3.57068300 	 34.27371748 	 889.70201070 	 189.33352573 	 48.69349353 	 1.36217644 	 12.67542361 	 5.45284252 	 12.65085274
1985 	 5.67545611 	 1.49883560 	 285.67526972 	 5.99203852 	 65.50284680 	 321.80334000 	 487.46531000 	 191.20489000 	 18.04299200 	 12.09310700 	 164.43684000 	 138.44665000 	 559.24581000 	 148.48134000 	 0.00000000 	 0.00000000 	 1.42902660 	 7.68627140 	 5.53596520 	 1.18649160 	 0.00021607 	 0.00000000 	 0.56320674 	 0.08578755 	 5.25539330 	 0.00000000 	 0.00090213 	 0.01296604 	 1.93095100 	 0.23530336 	 13.86362400 	 3.69456570 	 34.80956164 	 906.93681995 	 190.45688567 	 49.41563613 	 1.38533252 	 12.95952790 	 5.53742947 	 12.87291208
1986 	 5.78083163 	 1.52918700 	 290.80844875 	 6.11858284 	 65.50803341 	 363.19165000 	 561.19711000 	 226.48099000 	 17.34317500 	 11.15620900 	 166.53505000 	 134.66824000 	 605.54478000 	 163.26271000 	 0.00000000 	 0.00000000 	 2.14806170 	 8.61992670 	 5.66263880 	 1.45302600 	 0.00021613 	 0.00068363 	 0.57273931 	 0.04430514 	 5.68969510 	 0.00000000 	 0.00090806 	 0.02810266 	 2.04478920 	 0.29825896 	 14.59521600 	 3.94119580 	 35.19400795 	 914.52180932 	 195.66522347 	 50.21167874 	 1.39469907 	 12.91608203 	 5.61900460 	 12.99603482
1987 	 5.93845663 	 1.51477150 	 295.04851469 	 6.34544659 	 66.75040139 	 377.17492000 	 543.59326000 	 234.71551000 	 15.98636200 	 11.17658400 	 168.70781000 	 140.05915000 	 636.85035000 	 177.25124000 	 0.00115782 	 0.00000000 	 3.26312480 	 9.16924280 	 5.24126870 	 1.73648710 	 0.00005821 	 0.00487859 	 0.79616882 	 -0.09966579 	 6.53860640 	 0.00000000 	 0.00091427 	 0.04478351 	 2.18681790 	 0.35555072 	 15.12273700 	 4.31066970 	 36.38386124 	 952.06114919 	 203.58517005 	 51.33101366 	 1.45754501 	 14.01604032 	 5.74259414 	 13.23582685
1988 	 6.12964870 	 1.51417730 	 298.68549508 	 6.18364988 	 67.31704009 	 324.40759000 	 433.01446000 	 225.34631000 	 14.05216900 	 12.06359200 	 171.54521000 	 134.89421000 	 645.54402000 	 185.32790000 	 0.34924766 	 0.00000000 	 5.26611920 	 10.09465700 	 4.70309710 	 1.77019800 	 0.02111501 	 0.06849384 	 0.88192316 	 -0.07366244 	 6.62781390 	 0.00000000 	 0.00092785 	 0.06056735 	 2.23840910 	 0.39827470 	 15.29533300 	 4.68026080 	 37.74146635 	 950.41518743 	 203.53222761 	 51.72677742 	 1.49180710 	 13.71625877 	 5.90482796 	 13.46880735
1989 	 6.20735997 	 1.53120210 	 302.16417439 	 6.25981220 	 67.34250011 	 246.46809000 	 357.76410000 	 212.83728000 	 10.11986300 	 11.29204500 	 174.22363000 	 105.50252000 	 713.52261000 	 189.56819000 	 0.72136249 	 0.00000000 	 10.73046400 	 10.90486200 	 4.38640960 	 1.67024930 	 0.31476996 	 0.67304705 	 0.82629641 	 0.05439740 	 6.65721820 	 0.00000000 	 0.00606553 	 0.07614779 	 2.20755390 	 0.44101244 	 15.21208100 	 5.04996640 	 38.08142061 	 930.84677546 	 200.31650520 	 52.06403696 	 1.37362992 	 12.76413752 	 5.94660375 	 13.56726924
1990 	 6.18306524 	 1.44422180 	 305.27255465 	 6.27242526 	 67.12354302 	 208.25652000 	 333.97703000 	 176.84560000 	 7.09050850 	 10.59120100 	 176.36773000 	 86.42653200 	 658.40311000 	 192.30881000 	 1.52032640 	 0.00000000 	 17.76805500 	 10.05133800 	 4.27415310 	 1.73732550 	 0.96053501 	 1.72086980 	 0.69729352 	 0.18589003 	 6.68384290 	 0.00000000 	 0.02696988 	 0.09176710 	 2.10769670 	 0.51217022 	 14.40786500 	 5.17431080 	 38.20020793 	 940.56263135 	 203.02123099 	 52.52170068 	 1.40495363 	 13.49128716 	 6.10331790 	 13.87408119
1991 	 6.18638268 	 1.63586890 	 318.73119205 	 6.34016752 	 66.50151314 	 159.81289000 	 286.27307000 	 120.64491000 	 6.95422280 	 10.77559100 	 177.30503000 	 85.14222600 	 474.47964000 	 185.52075000 	 6.93942230 	 0.00000000 	 22.06288000 	 9.65805280 	 4.15857490 	 1.67354620 	 1.72773400 	 2.72513130 	 0.70613627 	 0.24819351 	 7.05725660 	 0.00000000 	 0.05814159 	 0.10715402 	 1.98289700 	 0.56914776 	 12.92481500 	 5.29866000 	 39.63334567 	 1129.98388325 	 244.42863411 	 54.26130892 	 1.87052137 	 20.27194211 	 6.14101490 	 14.12299622
1992 	 6.14219128 	 1.68203790 	 299.40179547 	 6.35368817 	 64.25213616 	 106.91739000 	 227.43518000 	 74.36185200 	 5.30899840 	 10.12043900 	 179.34410000 	 85.43727900 	 361.04368000 	 194.06100000 	 22.26499000 	 0.00000000 	 24.23341600 	 10.78436200 	 3.81273920 	 1.46311070 	 2.47674850 	 4.02501160 	 1.00186370 	 0.18194194 	 7.91026150 	 0.00000000 	 0.08875591 	 0.12273589 	 1.95004440 	 0.61194046 	 11.90758800 	 5.42306360 	 38.65948303 	 913.37541860 	 198.23847301 	 52.37759099 	 1.35091635 	 12.56332941 	 6.01397264 	 14.08564748
1993 	 6.18964437 	 1.54579080 	 299.44251407 	 6.30599969 	 63.22330931 	 84.32510000 	 231.96180000 	 50.56739600 	 3.46377800 	 8.67716490 	 179.76429000 	 84.45833900 	 256.33383000 	 208.33854000 	 34.33223000 	 0.00000000 	 22.55136200 	 11.61233700 	 3.31804410 	 1.25145050 	 3.09499970 	 11.96719800 	 1.51663550 	 0.15716300 	 8.35348380 	 0.00000000 	 0.11880940 	 0.13825367 	 1.99848030 	 0.66895006 	 11.38133400 	 5.42476200 	 39.68450448 	 941.88163533 	 203.77578316 	 52.78275226 	 1.49269394 	 13.86241152 	 6.03842890 	 14.25258474
1994 	 6.23628905 	 1.50280610 	 310.25183676 	 6.43697597 	 61.84765604 	 85.89349500 	 238.58315000 	 37.56545100 	 4.60957760 	 8.16364300 	 178.03958000 	 86.05046000 	 159.08791000 	 237.88968000 	 45.28742100 	 0.00000000 	 24.42311200 	 11.30311500 	 2.96046270 	 1.19620620 	 3.55155180 	 24.55822900 	 2.32531550 	 0.20390529 	 8.73796800 	 0.00000000 	 0.14808425 	 0.15358509 	 2.14305570 	 0.76858745 	 11.00665800 	 5.54918260 	 40.21136130 	 1060.28274433 	 231.05035429 	 54.21042307 	 1.81237576 	 18.68609036 	 6.08335697 	 14.45726028
1995 	 6.37352459 	 1.48518060 	 305.40958890 	 6.49917823 	 60.66214136 	 86.26497500 	 210.72453000 	 23.47312700 	 5.70762420 	 7.67475770 	 180.13151000 	 80.48024500 	 95.78376300 	 230.34530000 	 51.09545800 	 0.00000000 	 27.59918000 	 11.01135800 	 2.89233040 	 1.08425970 	 3.87712230 	 36.21119300 	 3.43953050 	 0.29614801 	 9.31525700 	 0.00000000 	 0.17780027 	 0.16982122 	 2.38807070 	 0.83985059 	 10.68299800 	 5.67366250 	 40.39013229 	 955.03630616 	 206.47424847 	 53.41671788 	 1.63666553 	 14.99644083 	 6.17652397 	 14.71896671
1996 	 6.50743627 	 1.46930370 	 307.29120752 	 6.53729347 	 59.67621744 	 85.27874100 	 170.78176000 	 13.00530900 	 4.65222270 	 5.52421890 	 183.44400000 	 75.25603500 	 59.51433500 	 224.86947000 	 53.56836300 	 0.00000000 	 26.00128000 	 10.51099400 	 2.86542270 	 0.84755661 	 4.05791490 	 48.53829600 	 4.50145210 	 0.39044285 	 9.77070470 	 0.00000000 	 0.20547879 	 0.23841137 	 2.66384140 	 0.88273034 	 10.50574300 	 5.55270080 	 40.38991697 	 930.02188072 	 200.87242079 	 53.42127729 	 1.51252535 	 13.89060866 	 6.17381420 	 14.82358286
1997 	 6.57059261 	 2.18199187 	 331.28891976 	 6.73538013 	 59.89457410 	 86.34144600 	 160.63531000 	 10.39816400 	 3.76910620 	 3.45593890 	 180.14900000 	 75.48991200 	 29.55090700 	 240.52210000 	 55.76348100 	 0.00000000 	 29.37053600 	 9.82427680 	 2.85668520 	 0.76826308 	 4.62663270 	 58.75853700 	 5.57170230 	 0.42756200 	 9.79522590 	 0.00004959 	 0.25820595 	 0.31501343 	 2.87284370 	 0.92562382 	 10.41795800 	 5.78342590 	 41.83073042 	 1204.99230541 	 264.67515030 	 56.11803189 	 2.04433987 	 23.20101192 	 6.22544887 	 15.14037040
1998 	 6.58646898 	 1.54031197 	 315.33262120 	 6.44166695 	 58.63010969 	 86.34814100 	 156.67666000 	 12.99247700 	 3.96153460 	 2.93183620 	 176.10820000 	 72.91626300 	 23.41263600 	 234.46613000 	 55.95678100 	 0.00000000 	 28.47119600 	 10.32383700 	 2.70123900 	 0.76943857 	 6.90494690 	 70.04979200 	 6.89173970 	 0.54029666 	 10.02529000 	 0.00035835 	 0.60512272 	 0.38665542 	 2.98990690 	 0.92592158 	 10.33534800 	 5.60311070 	 42.27160091 	 1085.43059920 	 232.31801820 	 56.58934432 	 2.31614134 	 22.62635522 	 6.09608553 	 15.18592308
1999 	 6.65729525 	 1.30264117 	 309.40837085 	 6.27642077 	 55.54793358 	 82.70353800 	 140.42544000 	 14.05417500 	 3.97498530 	 3.15388420 	 168.37661000 	 72.96355000 	 18.42017300 	 252.31636000 	 58.33870700 	 0.00000000 	 25.74105100 	 10.26265800 	 2.15098550 	 0.77063120 	 8.68484450 	 91.97836300 	 7.94865020 	 0.74242070 	 10.07373000 	 0.00310815 	 1.06990130 	 0.49435229 	 2.96075050 	 0.91201618 	 10.21650500 	 5.16764630 	 40.88618512 	 940.70067799 	 205.11187816 	 54.76937230 	 1.72221137 	 15.37138536 	 5.97595075 	 15.07778597
2000 	 6.88899310 	 1.20061057 	 310.18680983 	 6.10762699 	 55.68545074 	 76.33007600 	 122.76605000 	 9.40438840 	 3.98671420 	 2.34765180 	 165.25876000 	 72.65140800 	 19.47122700 	 263.60627000 	 56.34168600 	 0.00000000 	 25.73015200 	 9.48013480 	 1.96944120 	 0.77151922 	 10.64066700 	 99.65742400 	 8.59875630 	 0.86319988 	 9.29783890 	 0.03400693 	 1.41149200 	 0.57423278 	 2.81539430 	 0.82709043 	 9.92314570 	 5.27353320 	 41.20213436 	 886.56473023 	 195.32415819 	 54.50959652 	 1.44330245 	 12.75640223 	 6.01404478 	 15.22557616
2001 	 6.95287402 	 0.96121967 	 312.89637870 	 6.18334929 	 56.07378615 	 68.27146600 	 111.64066000 	 5.95904710 	 3.27713640 	 1.16005450 	 165.59900000 	 70.65696900 	 19.80690100 	 261.60586000 	 56.36878100 	 0.00000000 	 24.49046300 	 8.83379360 	 2.32482610 	 0.74608572 	 11.07529500 	 96.24325100 	 9.85212520 	 0.94275566 	 8.98400030 	 0.80619906 	 1.65403090 	 0.63867332 	 3.04806820 	 0.71373088 	 10.59327500 	 5.32821020 	 41.31551891 	 881.67039558 	 196.18778281 	 54.70989639 	 1.45106707 	 12.39736849 	 6.14069169 	 15.48062994
2002 	 7.09364909 	 1.07000417 	 322.27883125 	 6.35476717 	 55.71198324 	 63.48480900 	 101.90454000 	 3.15136020 	 2.42055900 	 0.95011524 	 161.14055000 	 70.45667400 	 12.30271600 	 270.32175000 	 50.84317400 	 0.00000000 	 25.15609700 	 8.36859090 	 2.27975770 	 0.67660085 	 12.21447400 	 102.73275000 	 11.61758500 	 1.21078130 	 9.72089970 	 2.91706510 	 2.80378170 	 0.73327062 	 3.45343720 	 0.64294415 	 11.98216700 	 5.49764810 	 41.83634938 	 970.72441719 	 218.46041412 	 57.07665954 	 1.78813502 	 18.03120003 	 6.25833917 	 15.77704325
2003 	 7.42019228 	 0.90049627 	 328.12422420 	 6.42346446 	 57.66704296 	 62.27795500 	 97.84482800 	 5.76930160 	 1.73363370 	 0.74505988 	 158.92828000 	 69.83902400 	 10.12291700 	 287.30923000 	 44.44117200 	 0.00000000 	 25.07090900 	 8.08311540 	 2.02627720 	 0.60195554 	 15.64053900 	 117.40605000 	 13.11483200 	 1.56051200 	 11.00536900 	 5.22651800 	 4.78568970 	 0.85366012 	 3.16329000 	 0.57213452 	 12.57988200 	 5.54171940 	 42.61856435 	 944.74707861 	 214.40339143 	 57.69037488 	 1.74570156 	 18.08932734 	 6.49599603 	 16.27285401
2004 	 7.80791332 	 1.03758447 	 338.94177221 	 6.58550708 	 60.36735675 	 60.96680200 	 87.65410300 	 9.21674900 	 1.47299690 	 0.75667708 	 156.21655000 	 66.99856300 	 9.74699950 	 307.57676000 	 49.13580100 	 0.00000000 	 28.55488700 	 7.52676460 	 2.11926610 	 0.55294607 	 15.75887900 	 125.65071000 	 13.09750100 	 2.05104610 	 12.71261300 	 6.65121310 	 5.48730380 	 0.97410928 	 2.20295330 	 0.48709882 	 12.19488300 	 5.64800850 	 44.49046119 	 945.54695007 	 216.68728341 	 58.11358477 	 1.70229979 	 15.49009948 	 6.84016572 	 16.84023093
2005 	 8.08859025 	 1.02503607 	 346.39555462 	 6.68853887 	 62.61531857 	 60.33117900 	 71.95659300 	 4.62970250 	 1.81396580 	 0.58070615 	 154.12291000 	 63.19560700 	 7.54051950 	 329.52471000 	 53.95547100 	 0.00000000 	 33.44749300 	 6.94332840 	 1.89478280 	 0.46971744 	 16.14367500 	 126.49199000 	 12.43428400 	 2.36552800 	 14.62652900 	 7.07919740 	 6.36069220 	 1.08459270 	 1.94805040 	 0.41623880 	 11.06083800 	 6.27991430 	 45.55439840 	 950.59244444 	 218.78806478 	 58.88341048 	 1.72637810 	 15.31098598 	 7.11375029 	 17.41300473
2006 	 8.35307309 	 1.09198117 	 356.46968956 	 6.87042926 	 63.07403840 	 63.03720300 	 65.57527100 	 0.64506410 	 1.75103110 	 0.58710647 	 152.41471000 	 60.04808100 	 9.31904850 	 346.30497000 	 51.91159800 	 0.00000000 	 36.48980900 	 6.31184490 	 1.59023580 	 0.43579597 	 19.89106600 	 133.41048000 	 14.11851800 	 2.35315880 	 12.63984900 	 6.87540440 	 8.38624820 	 1.18525240 	 2.04542300 	 0.35955902 	 10.21735000 	 6.94091780 	 46.56963620 	 986.15100889 	 229.89543952 	 60.37974253 	 1.59251297 	 16.46891322 	 7.33313518 	 17.88623338
2007 	 8.67589117 	 0.96562687 	 355.02257554 	 6.59117412 	 62.66887456 	 64.73751300 	 61.62375500 	 4.50892030 	 1.55454930 	 0.78280059 	 147.28895000 	 57.25715400 	 9.69813040 	 357.26506000 	 49.95353200 	 0.00000000 	 37.10967900 	 5.77074370 	 1.70215540 	 0.59162888 	 26.59524600 	 127.25708000 	 16.39973800 	 2.41540530 	 9.32628910 	 6.69809950 	 8.40297450 	 1.26493760 	 1.76661580 	 0.28865777 	 9.32724150 	 6.97540730 	 48.05913961 	 945.86959444 	 219.70587066 	 60.96582609 	 1.73856508 	 15.05289185 	 7.54592901 	 18.22440614
2008 	 8.72785140 	 0.66793327 	 360.49171050 	 6.63327740 	 61.30268610 	 63.06087700 	 57.10847900 	 8.33953390 	 1.91644830 	 0.45696793 	 144.47281000 	 56.83769700 	 6.33764500 	 362.72449000 	 54.88145700 	 0.00000000 	 33.09162700 	 5.57375140 	 1.61713250 	 0.63840472 	 30.81562200 	 138.28669000 	 17.54409500 	 2.61965960 	 8.81234110 	 7.07605300 	 10.66937500 	 1.31648630 	 1.74603400 	 0.27454623 	 9.03534290 	 6.88353410 	 47.96349845 	 912.51048431 	 214.69549503 	 61.31644175 	 1.39589711 	 12.98488134 	 7.69595381 	 18.63413016
2009 	 8.57979141 	 0.75440617 	 364.20036338 	 6.70772787 	 58.74695512 	 60.06514800 	 54.78823800 	 5.78770040 	 1.67551740 	 0.38354940 	 144.24254000 	 55.35525300 	 3.76943240 	 366.55580000 	 61.50634300 	 0.00000000 	 32.08136900 	 5.25708960 	 1.72728460 	 0.47723148 	 33.92687200 	 160.10848000 	 21.14280400 	 2.96667250 	 9.93360030 	 7.85224940 	 16.22330600 	 1.43350120 	 1.79955070 	 0.26043012 	 9.68548740 	 7.15986100 	 46.41383071 	 917.72923094 	 218.75811434 	 61.37795930 	 1.34399450 	 12.82544330 	 7.76551950 	 18.94703306
2010 	 8.97010849 	 0.88457407 	 370.89625279 	 6.70332361 	 58.27504148 	 58.86009000 	 52.27120300 	 4.40703170 	 1.46441480 	 0.65896445 	 142.67450000 	 56.09086500 	 2.46147810 	 361.74691000 	 65.20953100 	 0.00000000 	 29.85179400 	 4.89755480 	 1.85116560 	 0.39655186 	 35.06951500 	 165.04400000 	 20.46088100 	 3.18270170 	 11.24760700 	 8.77787120 	 15.91452800 	 1.33755440 	 1.77421760 	 0.23210626 	 10.48947000 	 7.27590310 	 47.24778747 	 953.22863029 	 224.60211210 	 62.44447212 	 1.71252254 	 15.25121868 	 7.95260683 	 19.35931383
2011 	 9.25036125 	 0.91310127 	 372.65768318 	 6.64392842 	 58.86036522 	 62.41561500 	 52.12072200 	 4.62379380 	 2.04682870 	 0.85601742 	 140.42156000 	 57.56592700 	 3.00361580 	 366.94427000 	 67.69059200 	 0.00000000 	 28.64562800 	 4.33617730 	 2.09615300 	 0.39105944 	 43.33041800 	 190.47655000 	 22.15861400 	 3.41060400 	 12.49816500 	 9.46545780 	 20.41523300 	 1.12913450 	 1.84675550 	 0.23217956 	 11.05683700 	 7.46569280 	 48.41996272 	 906.76736751 	 218.62875398 	 62.39874927 	 1.41123567 	 12.88117775 	 8.06764090 	 19.63708152
2012 	 9.38096560 	 0.97010127 	 380.80976664 	 6.73771896 	 57.95045778 	 70.23522500 	 53.35878000 	 5.45292670 	 2.05205180 	 0.71686070 	 136.71475000 	 59.46491900 	 3.00966740 	 356.29002000 	 63.31154700 	 0.00000000 	 25.46826100 	 3.83798130 	 1.73287170 	 0.41594871 	 45.81505000 	 205.00564000 	 21.42300000 	 3.27711620 	 12.59158700 	 9.05424800 	 24.06710000 	 0.98551995 	 1.79498600 	 0.23225285 	 9.66094560 	 7.70628360 	 48.10495634 	 949.60221835 	 229.10693624 	 63.84845417 	 1.59584268 	 15.94688193 	 8.10944250 	 19.88002003
2013 	 9.65354719 	 0.91810127 	 381.59439282 	 6.84275381 	 57.43873689 	 75.74084200 	 54.81988700 	 6.51679340 	 1.94086170 	 0.61330322 	 133.39273000 	 62.51286100 	 1.83844240 	 342.89828000 	 59.81779100 	 0.00000000 	 19.46711800 	 3.57454930 	 0.96258078 	 0.44442215 	 38.88880000 	 202.01825000 	 23.80690000 	 2.99860060 	 11.60421300 	 9.78590000 	 21.45289100 	 0.87225171 	 1.63246520 	 0.23232615 	 8.30274360 	 7.68615800 	 47.43541717 	 901.23875664 	 219.38117925 	 63.65097665 	 1.36619510 	 13.10050046 	 8.19435864 	 20.14506537
2014 	 9.71333911 	 1.09510127 	 387.87353921 	 6.91095632 	 57.11833976 	 54.93650000 	 28.96120000 	 2.80240000 	 1.66960000 	 1.11489900 	 133.67910000 	 53.54750000 	 1.26250000 	 358.88130000 	 59.82000000 	 0.00000000 	 22.47000000 	 3.48100000 	 1.22990000 	 0.38540000 	 57.12430000 	 200.02490000 	 25.24870000 	 3.53930000 	 12.99100000 	 10.10250000 	 30.48580000 	 1.15160000 	 1.65170000 	 0.29970000 	 9.87350000 	 7.87840000 	 47.31462854 	 964.04761815 	 233.52551801 	 65.03685366 	 1.53862535 	 15.87606953 	 8.20575431 	 20.26975185
2015 	 9.71871445 	 0.95930182 	 388.07279566 	 6.93240000 	 50.48635466 	 43.57340000 	 14.60960000 	 0.87420000 	 1.66960000 	 1.67140000 	 133.82300000 	 47.54760000 	 0.00000000 	 358.88130000 	 59.82000000 	 0.00000000 	 22.47000000 	 3.29330000 	 1.33780000 	 0.34810000 	 78.79060000 	 201.95340000 	 32.38100000 	 3.66330000 	 14.48570000 	 11.72850000 	 38.57920000 	 1.15160000 	 1.57000000 	 0.35000000 	 10.86990000 	 8.02000000 	 47.27821681 	 934.34988468 	 227.24481932 	 65.27970313 	 1.56109958 	 14.28987364 	 8.16632400 	 20.45615058
2016 	 9.82950909 	 0.84433967 	 396.97774405 	 6.95815550 	 49.22583896 	 41.88082000 	 12.88774000 	 0.78156000 	 1.51523145 	 1.61422146 	 133.43352000 	 45.01716000 	 0.00000000 	 351.62520600 	 60.84287860 	 0.00000000 	 21.99015560 	 3.07158000 	 1.29166000 	 0.33428000 	 85.38394000 	 195.36684000 	 34.04544000 	 3.64859498 	 11.92944000 	 12.11741820 	 31.77122000 	 1.08678720 	 1.54872000 	 0.34525164 	 10.60742242 	 8.00504000 	 47.11596409 	 938.72070934 	 227.88365487 	 66.05041850 	 1.59272910 	 14.55093891 	 8.18942966 	 20.47612154
2017 	 9.94030373 	 0.72937753 	 405.88269243 	 6.98391101 	 47.96532327 	 40.18824000 	 11.16588000 	 0.68892000 	 1.36086291 	 1.55704292 	 133.04404000 	 42.48672000 	 0.00000000 	 344.36911200 	 61.86575720 	 0.00000000 	 21.51031120 	 2.84986000 	 1.24552000 	 0.32046000 	 91.97728000 	 188.78028000 	 35.70988000 	 3.63388996 	 9.37318000 	 12.50633640 	 24.96324000 	 1.02197439 	 1.52744000 	 0.34050328 	 10.34494484 	 7.99008000 	 46.95371137 	 943.09153400 	 228.52249043 	 66.82113386 	 1.62435863 	 14.81200418 	 8.21253532 	 20.49609249
2018 	 10.05109838 	 0.61441538 	 414.78764082 	 7.00966651 	 46.70480758 	 38.49566000 	 9.44402000 	 0.59628000 	 1.20649436 	 1.49986438 	 132.65456000 	 39.95628000 	 0.00000000 	 337.11301800 	 62.88863580 	 0.00000000 	 21.03046680 	 2.62814000 	 1.19938000 	 0.30664000 	 98.57062000 	 182.19372000 	 37.37432000 	 3.61918494 	 6.81692000 	 12.89525460 	 18.15526000 	 0.95716159 	 1.50616000 	 0.33575493 	 10.08246726 	 7.97512000 	 46.79145865 	 947.46235866 	 229.16132598 	 67.59184922 	 1.65598815 	 15.07306944 	 8.23564097 	 20.51606345
2019 	 10.16189302 	 0.49945323 	 423.69258921 	 7.03542202 	 45.44429188 	 36.80308000 	 7.72216000 	 0.50364000 	 1.05212582 	 1.44268584 	 132.26508000 	 37.42584000 	 0.00000000 	 329.85692400 	 63.91151440 	 0.00000000 	 20.55062240 	 2.40642000 	 1.15324000 	 0.29282000 	 105.16396000 	 175.60716000 	 39.03876000 	 3.60447992 	 4.26066000 	 13.28417280 	 11.34728000 	 0.89234878 	 1.48488000 	 0.33100657 	 9.81998968 	 7.96016000 	 46.62920593 	 951.83318331 	 229.80016154 	 68.36256459 	 1.68761768 	 15.33413471 	 8.25874663 	 20.53603440
2020 	 10.27268767 	 0.38449109 	 432.59753759 	 7.06117752 	 44.18377619 	 35.11050000 	 6.00030000 	 0.41100000 	 0.89775727 	 1.38550730 	 131.87560000 	 34.89540000 	 0.00000000 	 322.60083000 	 64.93439300 	 0.00000000 	 20.07077800 	 2.18470000 	 1.10710000 	 0.27900000 	 111.75730000 	 169.02060000 	 40.70320000 	 3.58977490 	 1.70440000 	 13.67309100 	 4.53930000 	 0.82753598 	 1.46360000 	 0.32625821 	 9.55751210 	 7.94520000 	 46.46695321 	 956.20400797 	 230.43899709 	 69.13327995 	 1.71924721 	 15.59519998 	 8.28185229 	 20.55600536
2021 	 10.45109221 	 0.37222085 	 437.10274732 	 7.18441089 	 44.25915392 	 33.87909000 	 5.50149000 	 0.37899000 	 0.83392621 	 1.34214865 	 132.19132000 	 33.28538000 	 0.00000000 	 304.67177000 	 63.84019210 	 0.00000000 	 19.22654540 	 2.06237000 	 1.07222000 	 0.26903000 	 133.76307300 	 183.22632000 	 48.52442000 	 4.02350089 	 1.61637000 	 16.24823660 	 4.30485000 	 0.85760922 	 1.48085000 	 0.33010941 	 9.61612159 	 7.98750000 	 46.41679525 	 949.80550168 	 230.25540612 	 69.84087376 	 1.70093491 	 15.45781741 	 8.31547701 	 20.58980942
2022 	 10.62949675 	 0.35995062 	 441.60795704 	 7.30764426 	 44.33453165 	 32.64768000 	 5.00268000 	 0.34698000 	 0.77009516 	 1.29879001 	 132.50704000 	 31.67536000 	 0.00000000 	 286.74271000 	 62.74599120 	 0.00000000 	 18.38231280 	 1.94004000 	 1.03734000 	 0.25906000 	 155.76884600 	 197.43204000 	 56.34564000 	 4.45722688 	 1.52834000 	 18.82338220 	 4.07040000 	 0.88768246 	 1.49810000 	 0.33396062 	 9.67473108 	 8.02980000 	 46.36663728 	 943.40699540 	 230.07181516 	 70.54846758 	 1.68262261 	 15.32043484 	 8.34910173 	 20.62361348
2023 	 10.80790129 	 0.34768038 	 446.11316677 	 7.43087763 	 44.40990938 	 31.41627000 	 4.50387000 	 0.31497000 	 0.70626410 	 1.25543136 	 132.82276000 	 30.06534000 	 0.00000000 	 268.81365000 	 61.65179030 	 0.00000000 	 17.53808020 	 1.81771000 	 1.00246000 	 0.24909000 	 177.77461900 	 211.63776000 	 64.16686000 	 4.89095287 	 1.44031000 	 21.39852780 	 3.83595000 	 0.91775571 	 1.51535000 	 0.33781182 	 9.73334057 	 8.07210000 	 46.31647932 	 937.00848911 	 229.88822419 	 71.25606139 	 1.66431031 	 15.18305227 	 8.38272644 	 20.65741754
2024 	 10.98630583 	 0.33541015 	 450.61837649 	 7.55411099 	 44.48528711 	 30.18486000 	 4.00506000 	 0.28296000 	 0.64243304 	 1.21207272 	 133.13848000 	 28.45532000 	 0.00000000 	 250.88459000 	 60.55758940 	 0.00000000 	 16.69384760 	 1.69538000 	 0.96758000 	 0.23912000 	 199.78039200 	 225.84348000 	 71.98808000 	 5.32467886 	 1.35228000 	 23.97367340 	 3.60150000 	 0.94782895 	 1.53260000 	 0.34166302 	 9.79195006 	 8.11440000 	 46.26632135 	 930.60998282 	 229.70463322 	 71.96365520 	 1.64599801 	 15.04566970 	 8.41635116 	 20.69122160
2025 	 11.16471037 	 0.32313991 	 455.12358622 	 7.67734436 	 44.56066484 	 28.95345000 	 3.50625000 	 0.25095000 	 0.57860199 	 1.16871407 	 133.45420000 	 26.84530000 	 0.00000000 	 232.95553000 	 59.46338850 	 0.00000000 	 15.84961500 	 1.57305000 	 0.93270000 	 0.22915000 	 221.78616500 	 240.04920000 	 79.80930000 	 5.75840485 	 1.26425000 	 26.54881900 	 3.36705000 	 0.97790219 	 1.54985000 	 0.34551423 	 9.85055955 	 8.15670000 	 46.21616339 	 924.21147654 	 229.52104226 	 72.67124902 	 1.62768571 	 14.90828713 	 8.44997588 	 20.72502566
2026 	 11.34311491 	 0.31086968 	 459.62879594 	 7.80057773 	 44.63604257 	 27.72204000 	 3.00744000 	 0.21894000 	 0.51477093 	 1.12535543 	 133.76992000 	 25.23528000 	 0.00000000 	 215.02647000 	 58.36918760 	 0.00000000 	 15.00538240 	 1.45072000 	 0.89782000 	 0.21918000 	 243.79193800 	 254.25492000 	 87.63052000 	 6.19213084 	 1.17622000 	 29.12396460 	 3.13260000 	 1.00797543 	 1.56710000 	 0.34936543 	 9.90916904 	 8.19900000 	 46.16600542 	 917.81297025 	 229.33745129 	 73.37884283 	 1.60937341 	 14.77090456 	 8.48360060 	 20.75882972
2027 	 11.52151945 	 0.29859944 	 464.13400567 	 7.92381110 	 44.71142030 	 26.49063000 	 2.50863000 	 0.18693000 	 0.45093987 	 1.08199678 	 134.08564000 	 23.62526000 	 0.00000000 	 197.09741000 	 57.27498670 	 0.00000000 	 14.16114980 	 1.32839000 	 0.86294000 	 0.20921000 	 265.79771100 	 268.46064000 	 95.45174000 	 6.62585683 	 1.08819000 	 31.69911020 	 2.89815000 	 1.03804867 	 1.58435000 	 0.35321663 	 9.96777853 	 8.24130000 	 46.11584746 	 911.41446396 	 229.15386032 	 74.08643665 	 1.59106111 	 14.63352199 	 8.51722532 	 20.79263378
2028 	 11.69992399 	 0.28632921 	 468.63921539 	 8.04704446 	 44.78679803 	 25.25922000 	 2.00982000 	 0.15492000 	 0.38710881 	 1.03863814 	 134.40136000 	 22.01524000 	 0.00000000 	 179.16835000 	 56.18078580 	 0.00000000 	 13.31691720 	 1.20606000 	 0.82806000 	 0.19924000 	 287.80348400 	 282.66636000 	 103.27296000 	 7.05958282 	 1.00016000 	 34.27425580 	 2.66370000 	 1.06812192 	 1.60160000 	 0.35706783 	 10.02638802 	 8.28360000 	 46.06568949 	 905.01595768 	 228.97026936 	 74.79403046 	 1.57274881 	 14.49613942 	 8.55085004 	 20.82643784
2029 	 11.87832853 	 0.27405898 	 473.14442512 	 8.17027783 	 44.86217576 	 24.02781000 	 1.51101000 	 0.12291000 	 0.32327776 	 0.99527949 	 134.71708000 	 20.40522000 	 0.00000000 	 161.23929000 	 55.08658490 	 0.00000000 	 12.47268460 	 1.08373000 	 0.79318000 	 0.18927000 	 309.80925700 	 296.87208000 	 111.09418000 	 7.49330881 	 0.91213000 	 36.84940140 	 2.42925000 	 1.09819516 	 1.61885000 	 0.36091904 	 10.08499751 	 8.32590000 	 46.01553153 	 898.61745139 	 228.78667839 	 75.50162427 	 1.55443651 	 14.35875685 	 8.58447475 	 20.86024190
2030 	 12.05673307 	 0.26178874 	 477.64963484 	 8.29351120 	 44.93755349 	 22.79640000 	 1.01220000 	 0.09090000 	 0.25944670 	 0.95192085 	 135.03280000 	 18.79520000 	 0.00000000 	 143.31023000 	 53.99238400 	 0.00000000 	 11.62845200 	 0.96140000 	 0.75830000 	 0.17930000 	 331.81503000 	 311.07780000 	 118.91540000 	 7.92703480 	 0.82410000 	 39.42454700 	 2.19480000 	 1.12826840 	 1.63610000 	 0.36477024 	 10.14360700 	 8.36820000 	 45.96537356 	 892.21894510 	 228.60308742 	 76.20921809 	 1.53612421 	 14.22137428 	 8.61809947 	 20.89404596
2031 	 12.12283225 	 0.27682625 	 480.68206474 	 8.35296556 	 44.74445566 	 21.99688000 	 0.92805000 	 0.08382000 	 0.24100761 	 0.92217113 	 135.13731000 	 17.92802000 	 0.00000000 	 131.00808400 	 51.76980000 	 0.00000000 	 10.82562094 	 0.90757000 	 0.73440000 	 0.17290000 	 334.73425300 	 307.52097000 	 120.44006000 	 7.86279331 	 0.78730000 	 39.97869880 	 2.09679000 	 1.09792500 	 1.64181000 	 0.36603939 	 10.20326640 	 8.37544000 	 45.76843464 	 889.15814220 	 228.86026112 	 76.88211628 	 1.53324985 	 14.20660348 	 8.59988481 	 20.88674730
2032 	 12.18893144 	 0.29186375 	 483.71449464 	 8.41241993 	 44.55135783 	 21.19736000 	 0.84390000 	 0.07674000 	 0.22256852 	 0.89242140 	 135.24182000 	 17.06084000 	 0.00000000 	 118.70593800 	 49.54721600 	 0.00000000 	 10.02278988 	 0.85374000 	 0.71050000 	 0.16650000 	 337.65347600 	 303.96414000 	 121.96472000 	 7.79855182 	 0.75050000 	 40.53285060 	 1.99878000 	 1.06758160 	 1.64752000 	 0.36730853 	 10.26292580 	 8.38268000 	 45.57149571 	 886.09733931 	 229.11743482 	 77.55501446 	 1.53037548 	 14.19183267 	 8.58167015 	 20.87944863
2033 	 12.25503063 	 0.30690126 	 486.74692454 	 8.47187430 	 44.35826001 	 20.39784000 	 0.75975000 	 0.06966000 	 0.20412944 	 0.86267168 	 135.34633000 	 16.19366000 	 0.00000000 	 106.40379200 	 47.32463200 	 0.00000000 	 9.21995882 	 0.79991000 	 0.68660000 	 0.16010000 	 340.57269900 	 300.40731000 	 123.48938000 	 7.73431033 	 0.71370000 	 41.08700240 	 1.90077000 	 1.03723821 	 1.65323000 	 0.36857768 	 10.32258520 	 8.38992000 	 45.37455679 	 883.03653641 	 229.37460852 	 78.22791265 	 1.52750111 	 14.17706186 	 8.56345549 	 20.87214997
2034 	 12.32112982 	 0.32193876 	 489.77935444 	 8.53132866 	 44.16516218 	 19.59832000 	 0.67560000 	 0.06258000 	 0.18569035 	 0.83292195 	 135.45084000 	 15.32648000 	 0.00000000 	 94.10164600 	 45.10204800 	 0.00000000 	 8.41712776 	 0.74608000 	 0.66270000 	 0.15370000 	 343.49192200 	 296.85048000 	 125.01404000 	 7.67006884 	 0.67690000 	 41.64115420 	 1.80276000 	 1.00689481 	 1.65894000 	 0.36984683 	 10.38224460 	 8.39716000 	 45.17761786 	 879.97573351 	 229.63178222 	 78.90081084 	 1.52462674 	 14.16229106 	 8.54524083 	 20.86485130
2035 	 12.38722901 	 0.33697627 	 492.81178434 	 8.59078303 	 43.97206435 	 18.79880000 	 0.59145000 	 0.05550000 	 0.16725126 	 0.80317223 	 135.55535000 	 14.45930000 	 0.00000000 	 81.79950000 	 42.87946400 	 0.00000000 	 7.61429670 	 0.69225000 	 0.63880000 	 0.14730000 	 346.41114500 	 293.29365000 	 126.53870000 	 7.60582735 	 0.64010000 	 42.19530600 	 1.70475000 	 0.97655141 	 1.66465000 	 0.37111597 	 10.44190400 	 8.40440000 	 44.98067894 	 876.91493061 	 229.88895591 	 79.57370903 	 1.52175237 	 14.14752025 	 8.52702617 	 20.85755264
2036 	 12.45332820 	 0.35201378 	 495.84421424 	 8.65023739 	 43.77896652 	 17.99928000 	 0.50730000 	 0.04842000 	 0.14881217 	 0.77342251 	 135.65986000 	 13.59212000 	 0.00000000 	 69.49735400 	 40.65688000 	 0.00000000 	 6.81146564 	 0.63842000 	 0.61490000 	 0.14090000 	 349.33036800 	 289.73682000 	 128.06336000 	 7.54158586 	 0.60330000 	 42.74945780 	 1.60674000 	 0.94620801 	 1.67036000 	 0.37238512 	 10.50156340 	 8.41164000 	 44.78374001 	 873.85412771 	 230.14612961 	 80.24660722 	 1.51887800 	 14.13274945 	 8.50881151 	 20.85025397
2037 	 12.51942738 	 0.36705128 	 498.87664415 	 8.70969176 	 43.58586870 	 17.19976000 	 0.42315000 	 0.04134000 	 0.13037309 	 0.74367278 	 135.76437000 	 12.72494000 	 0.00000000 	 57.19520800 	 38.43429600 	 0.00000000 	 6.00863458 	 0.58459000 	 0.59100000 	 0.13450000 	 352.24959100 	 286.17999000 	 129.58802000 	 7.47734437 	 0.56650000 	 43.30360960 	 1.50873000 	 0.91586461 	 1.67607000 	 0.37365427 	 10.56122280 	 8.41888000 	 44.58680109 	 870.79332482 	 230.40330331 	 80.91950541 	 1.51600364 	 14.11797864 	 8.49059685 	 20.84295531
2038 	 12.58552657 	 0.38208879 	 501.90907405 	 8.76914612 	 43.39277087 	 16.40024000 	 0.33900000 	 0.03426000 	 0.11193400 	 0.71392306 	 135.86888000 	 11.85776000 	 0.00000000 	 44.89306200 	 36.21171200 	 0.00000000 	 5.20580352 	 0.53076000 	 0.56710000 	 0.12810000 	 355.16881400 	 282.62316000 	 131.11268000 	 7.41310288 	 0.52970000 	 43.85776140 	 1.41072000 	 0.88552122 	 1.68178000 	 0.37492342 	 10.62088220 	 8.42612000 	 44.38986216 	 867.73252192 	 230.66047701 	 81.59240360 	 1.51312927 	 14.10320784 	 8.47238219 	 20.83565664
2039 	 12.65162576 	 0.39712629 	 504.94150395 	 8.82860049 	 43.19967304 	 15.60072000 	 0.25485000 	 0.02718000 	 0.09349491 	 0.68417333 	 135.97339000 	 10.99058000 	 0.00000000 	 32.59091600 	 33.98912800 	 0.00000000 	 4.40297246 	 0.47693000 	 0.54320000 	 0.12170000 	 358.08803700 	 279.06633000 	 132.63734000 	 7.34886139 	 0.49290000 	 44.41191320 	 1.31271000 	 0.85517782 	 1.68749000 	 0.37619256 	 10.68054160 	 8.43336000 	 44.19292324 	 864.67171902 	 230.91765071 	 82.26530179 	 1.51025490 	 14.08843703 	 8.45416753 	 20.82835798
2040 	 12.71772495 	 0.41216380 	 507.97393385 	 8.88805485 	 43.00657522 	 14.80120000 	 0.17070000 	 0.02010000 	 0.07505582 	 0.65442361 	 136.07790000 	 10.12340000 	 0.00000000 	 20.28877000 	 31.76654400 	 0.00000000 	 3.60014140 	 0.42310000 	 0.51930000 	 0.11530000 	 361.00726000 	 275.50950000 	 134.16200000 	 7.28461990 	 0.45610000 	 44.96606500 	 1.21470000 	 0.82483442 	 1.69320000 	 0.37746171 	 10.74020100 	 8.44060000 	 43.99598431 	 861.61091612 	 231.17482440 	 82.93819998 	 1.50738053 	 14.07366622 	 8.43595287 	 20.82105931
2041 	 12.72363624 	 0.41266002 	 509.43379371 	 8.92555382 	 42.63315854 	 14.28209000 	 0.15651000 	 0.01853000 	 0.06972350 	 0.63395749 	 136.09236000 	 9.65632000 	 0.00000000 	 18.44822429 	 30.40613220 	 0.00000000 	 3.34120265 	 0.39941000 	 0.50294000 	 0.11118000 	 357.82164700 	 271.42970000 	 133.22104000 	 7.16696779 	 0.42920000 	 44.77769050 	 1.14306000 	 0.80426575 	 1.69399000 	 0.37763676 	 10.76564080 	 8.39314000 	 43.65830180 	 857.37202238 	 230.61564459 	 83.55680340 	 1.50500720 	 14.07498409 	 8.37284862 	 20.71061082
2042 	 12.72954753 	 0.41315624 	 510.89365358 	 8.96305278 	 42.25974186 	 13.76298000 	 0.14232000 	 0.01696000 	 0.06439118 	 0.61349136 	 136.10682000 	 9.18924000 	 0.00000000 	 16.60767858 	 29.04572040 	 0.00000000 	 3.08226390 	 0.37572000 	 0.48658000 	 0.10706000 	 354.63603400 	 267.34990000 	 132.28008000 	 7.04931568 	 0.40230000 	 44.58931600 	 1.07142000 	 0.78369708 	 1.69478000 	 0.37781182 	 10.79108060 	 8.34568000 	 43.32061928 	 853.13312863 	 230.05646477 	 84.17540683 	 1.50263386 	 14.07630195 	 8.30974437 	 20.60016232
2043 	 12.73545882 	 0.41365246 	 512.35351344 	 9.00055175 	 41.88632519 	 13.24387000 	 0.12813000 	 0.01539000 	 0.05905885 	 0.59302524 	 136.12128000 	 8.72216000 	 0.00000000 	 14.76713287 	 27.68530860 	 0.00000000 	 2.82332515 	 0.35203000 	 0.47022000 	 0.10294000 	 351.45042100 	 263.27010000 	 131.33912000 	 6.93166357 	 0.37540000 	 44.40094150 	 0.99978000 	 0.76312841 	 1.69557000 	 0.37798687 	 10.81652040 	 8.29822000 	 42.98293676 	 848.89423488 	 229.49728496 	 84.79401026 	 1.50026053 	 14.07761981 	 8.24664012 	 20.48971383
2044 	 12.74137011 	 0.41414868 	 513.81337331 	 9.03805072 	 41.51290851 	 12.72476000 	 0.11394000 	 0.01382000 	 0.05372653 	 0.57255912 	 136.13574000 	 8.25508000 	 0.00000000 	 12.92658716 	 26.32489680 	 0.00000000 	 2.56438640 	 0.32834000 	 0.45386000 	 0.09882000 	 348.26480800 	 259.19030000 	 130.39816000 	 6.81401146 	 0.34850000 	 44.21256700 	 0.92814000 	 0.74255974 	 1.69636000 	 0.37816193 	 10.84196020 	 8.25076000 	 42.64525424 	 844.65534114 	 228.93810514 	 85.41261368 	 1.49788719 	 14.07893767 	 8.18353586 	 20.37926533
2045 	 12.74728140 	 0.41464491 	 515.27323317 	 9.07554968 	 41.13949184 	 12.20565000 	 0.09975000 	 0.01225000 	 0.04839420 	 0.55209300 	 136.15020000 	 7.78800000 	 0.00000000 	 11.08604145 	 24.96448500 	 0.00000000 	 2.30544765 	 0.30465000 	 0.43750000 	 0.09470000 	 345.07919500 	 255.11050000 	 129.45720000 	 6.69635935 	 0.32160000 	 44.02419250 	 0.85650000 	 0.72199107 	 1.69715000 	 0.37833698 	 10.86740000 	 8.20330000 	 42.30757172 	 840.41644739 	 228.37892532 	 86.03121711 	 1.49551386 	 14.08025553 	 8.12043161 	 20.26881683
2046 	 12.75319269 	 0.41514113 	 516.73309304 	 9.11304865 	 40.76607516 	 11.68654000 	 0.08556000 	 0.01068000 	 0.04306188 	 0.53162687 	 136.16466000 	 7.32092000 	 0.00000000 	 9.24549574 	 23.60407320 	 0.00000000 	 2.04650890 	 0.28096000 	 0.42114000 	 0.09058000 	 341.89358200 	 251.03070000 	 128.51624000 	 6.57870724 	 0.29470000 	 43.83581800 	 0.78486000 	 0.70142239 	 1.69794000 	 0.37851203 	 10.89283980 	 8.15584000 	 41.96988920 	 836.17755365 	 227.81974551 	 86.64982054 	 1.49314052 	 14.08157340 	 8.05732736 	 20.15836834
2047 	 12.75910398 	 0.41563735 	 518.19295290 	 9.15054761 	 40.39265849 	 11.16743000 	 0.07137000 	 0.00911000 	 0.03772955 	 0.51116075 	 136.17912000 	 6.85384000 	 0.00000000 	 7.40495003 	 22.24366140 	 0.00000000 	 1.78757015 	 0.25727000 	 0.40478000 	 0.08646000 	 338.70796900 	 246.95090000 	 127.57528000 	 6.46105513 	 0.26780000 	 43.64744350 	 0.71322000 	 0.68085372 	 1.69873000 	 0.37868709 	 10.91827960 	 8.10838000 	 41.63220668 	 831.93865990 	 227.26056569 	 87.26842397 	 1.49076719 	 14.08289126 	 7.99422311 	 20.04791984
2048 	 12.76501527 	 0.41613357 	 519.65281277 	 9.18804658 	 40.01924181 	 10.64832000 	 0.05718000 	 0.00754000 	 0.03239723 	 0.49069463 	 136.19358000 	 6.38676000 	 0.00000000 	 5.56440432 	 20.88324960 	 0.00000000 	 1.52863140 	 0.23358000 	 0.38842000 	 0.08234000 	 335.52235600 	 242.87110000 	 126.63432000 	 6.34340302 	 0.24090000 	 43.45906900 	 0.64158000 	 0.66028505 	 1.69952000 	 0.37886214 	 10.94371940 	 8.06092000 	 41.29452416 	 827.69976616 	 226.70138587 	 87.88702739 	 1.48839385 	 14.08420912 	 7.93111885 	 19.93747135
2049 	 12.77092656 	 0.41662979 	 521.11267263 	 9.22554554 	 39.64582514 	 10.12921000 	 0.04299000 	 0.00597000 	 0.02706491 	 0.47022850 	 136.20804000 	 5.91968000 	 0.00000000 	 3.72385861 	 19.52283780 	 0.00000000 	 1.26969265 	 0.20989000 	 0.37206000 	 0.07822000 	 332.33674300 	 238.79130000 	 125.69336000 	 6.22575091 	 0.21400000 	 43.27069450 	 0.56994000 	 0.63971638 	 1.70031000 	 0.37903720 	 10.96915920 	 8.01346000 	 40.95684164 	 823.46087241 	 226.14220606 	 88.50563082 	 1.48602052 	 14.08552698 	 7.86801460 	 19.82702285
2050 	 12.77683785 	 0.41712601 	 522.57253250 	 9.26304451 	 39.27240846 	 9.61010000 	 0.02880000 	 0.00440000 	 0.02173258 	 0.44976238 	 136.22250000 	 5.45260000 	 0.00000000 	 1.88331290 	 18.16242600 	 0.00000000 	 1.01075390 	 0.18620000 	 0.35570000 	 0.07410000 	 329.15113000 	 234.71150000 	 124.75240000 	 6.10809880 	 0.18710000 	 43.08232000 	 0.49830000 	 0.61914771 	 1.70110000 	 0.37921225 	 10.99459900 	 7.96600000 	 40.61915912 	 819.22197866 	 225.58302624 	 89.12423425 	 1.48364718 	 14.08684484 	 7.80491035 	 19.71657436
2051 	 12.74969199 	 0.41390841 	 523.49194892 	 9.29033729 	 38.89478499 	 9.27305000 	 0.02641000 	 0.00406000 	 0.02018666 	 0.43569632 	 136.12220000 	 5.20103000 	 0.00000000 	 1.71246606 	 17.38460940 	 0.00000000 	 0.93805614 	 0.17577000 	 0.34449000 	 0.07145000 	 321.17329000 	 228.17456000 	 121.78315000 	 5.90148493 	 0.17542000 	 42.17395590 	 0.46719000 	 0.59767033 	 1.69562000 	 0.37798687 	 10.93525950 	 7.98741000 	 40.29520280 	 813.70560648 	 224.79146876 	 89.57917466 	 1.47176044 	 14.00742843 	 7.71041205 	 19.51289461
2052 	 12.72254612 	 0.41069082 	 524.41136534 	 9.31763006 	 38.51716151 	 8.93600000 	 0.02402000 	 0.00372000 	 0.01864073 	 0.42163025 	 136.02190000 	 4.94946000 	 0.00000000 	 1.54161921 	 16.60679280 	 0.00000000 	 0.86535839 	 0.16534000 	 0.33328000 	 0.06880000 	 313.19545000 	 221.63762000 	 118.81390000 	 5.69487106 	 0.16374000 	 41.26559180 	 0.43608000 	 0.57619296 	 1.69014000 	 0.37676148 	 10.87592000 	 8.00882000 	 39.97124648 	 808.18923430 	 223.99991127 	 90.03411508 	 1.45987369 	 13.92801202 	 7.61591375 	 19.30921486
2053 	 12.69540026 	 0.40747322 	 525.33078175 	 9.34492284 	 38.13953803 	 8.59895000 	 0.02163000 	 0.00338000 	 0.01709480 	 0.40756419 	 135.92160000 	 4.69789000 	 0.00000000 	 1.37077237 	 15.82897620 	 0.00000000 	 0.79266063 	 0.15491000 	 0.32207000 	 0.06615000 	 305.21761000 	 215.10068000 	 115.84465000 	 5.48825719 	 0.15206000 	 40.35722770 	 0.40497000 	 0.55471558 	 1.68466000 	 0.37553610 	 10.81658050 	 8.03023000 	 39.64729017 	 802.67286212 	 223.20835378 	 90.48905549 	 1.44798695 	 13.84859561 	 7.52141544 	 19.10553512
2054 	 12.66825440 	 0.40425562 	 526.25019817 	 9.37221562 	 37.76191456 	 8.26190000 	 0.01924000 	 0.00304000 	 0.01554888 	 0.39349813 	 135.82130000 	 4.44632000 	 0.00000000 	 1.19992552 	 15.05115960 	 0.00000000 	 0.71996287 	 0.14448000 	 0.31086000 	 0.06350000 	 297.23977000 	 208.56374000 	 112.87540000 	 5.28164332 	 0.14038000 	 39.44886360 	 0.37386000 	 0.53323820 	 1.67918000 	 0.37431072 	 10.75724100 	 8.05164000 	 39.32333385 	 797.15648993 	 222.41679630 	 90.94399591 	 1.43610021 	 13.76917920 	 7.42691714 	 18.90185537
2055 	 12.64110854 	 0.40103802 	 527.16961459 	 9.39950840 	 37.38429108 	 7.92485000 	 0.01685000 	 0.00270000 	 0.01400295 	 0.37943206 	 135.72100000 	 4.19475000 	 0.00000000 	 1.02907868 	 14.27334300 	 0.00000000 	 0.64726512 	 0.13405000 	 0.29965000 	 0.06085000 	 289.26193000 	 202.02680000 	 109.90615000 	 5.07502945 	 0.12870000 	 38.54049950 	 0.34275000 	 0.51176083 	 1.67370000 	 0.37308534 	 10.69790150 	 8.07305000 	 38.99937753 	 791.64011775 	 221.62523881 	 91.39893632 	 1.42421346 	 13.68976279 	 7.33241884 	 18.69817562
2056 	 12.61396268 	 0.39782042 	 528.08903101 	 9.42680117 	 37.00666760 	 7.58780000 	 0.01446000 	 0.00236000 	 0.01245703 	 0.36536600 	 135.62070000 	 3.94318000 	 0.00000000 	 0.85823184 	 13.49552640 	 0.00000000 	 0.57456736 	 0.12362000 	 0.28844000 	 0.05820000 	 281.28409000 	 195.48986000 	 106.93690000 	 4.86841558 	 0.11702000 	 37.63213540 	 0.31164000 	 0.49028345 	 1.66822000 	 0.37185995 	 10.63856200 	 8.09446000 	 38.67542121 	 786.12374557 	 220.83368133 	 91.85387674 	 1.41232672 	 13.61034638 	 7.23792054 	 18.49449588
2057 	 12.58681681 	 0.39460282 	 529.00844743 	 9.45409395 	 36.62904413 	 7.25075000 	 0.01207000 	 0.00202000 	 0.01091110 	 0.35129994 	 135.52040000 	 3.69161000 	 0.00000000 	 0.68738499 	 12.71770980 	 0.00000000 	 0.50186960 	 0.11319000 	 0.27723000 	 0.05555000 	 273.30625000 	 188.95292000 	 103.96765000 	 4.66180171 	 0.10534000 	 36.72377130 	 0.28053000 	 0.46880607 	 1.66274000 	 0.37063457 	 10.57922250 	 8.11587000 	 38.35146489 	 780.60737339 	 220.04212384 	 92.30881716 	 1.40043997 	 13.53092997 	 7.14342224 	 18.29081613
2058 	 12.55967095 	 0.39138522 	 529.92786384 	 9.48138673 	 36.25142065 	 6.91370000 	 0.00968000 	 0.00168000 	 0.00936517 	 0.33723388 	 135.42010000 	 3.44004000 	 0.00000000 	 0.51653815 	 11.93989320 	 0.00000000 	 0.42917184 	 0.10276000 	 0.26602000 	 0.05290000 	 265.32841000 	 182.41598000 	 100.99840000 	 4.45518784 	 0.09366000 	 35.81540720 	 0.24942000 	 0.44732869 	 1.65726000 	 0.36940919 	 10.51988300 	 8.13728000 	 38.02750857 	 775.09100120 	 219.25056636 	 92.76375757 	 1.38855323 	 13.45151356 	 7.04892394 	 18.08713638
2059 	 12.53252509 	 0.38816763 	 530.84728026 	 9.50867951 	 35.87379718 	 6.57665000 	 0.00729000 	 0.00134000 	 0.00781925 	 0.32316781 	 135.31980000 	 3.18847000 	 0.00000000 	 0.34569130 	 11.16207660 	 0.00000000 	 0.35647409 	 0.09233000 	 0.25481000 	 0.05025000 	 257.35057000 	 175.87904000 	 98.02915000 	 4.24857397 	 0.08198000 	 34.90704310 	 0.21831000 	 0.42585132 	 1.65178000 	 0.36818380 	 10.46054350 	 8.15869000 	 37.70355226 	 769.57462902 	 218.45900887 	 93.21869799 	 1.37666649 	 13.37209715 	 6.95442563 	 17.88345664
2060 	 12.50537923 	 0.38495003 	 531.76669668 	 9.53597228 	 35.49617370 	 6.23960000 	 0.00490000 	 0.00100000 	 0.00627332 	 0.30910175 	 135.21950000 	 2.93690000 	 0.00000000 	 0.17484446 	 10.38426000 	 0.00000000 	 0.28377633 	 0.08190000 	 0.24360000 	 0.04760000 	 249.37273000 	 169.34210000 	 95.05990000 	 4.04196010 	 0.07030000 	 33.99867900 	 0.18720000 	 0.40437394 	 1.64630000 	 0.36695842 	 10.40120400 	 8.18010000 	 37.37959594 	 764.05825684 	 217.66745139 	 93.67363840 	 1.36477974 	 13.29268073 	 6.85992733 	 17.67977689
2061 	 12.44693693 	 0.37272977 	 531.64120539 	 9.55277618 	 35.03608928 	 6.02076000 	 0.00449000 	 0.00092000 	 0.00582523 	 0.29943133 	 135.03794000 	 2.80139000 	 0.00000000 	 0.15898533 	 9.93955833 	 0.00000000 	 0.26336177 	 0.07732000 	 0.23592000 	 0.04590000 	 240.31668500 	 163.01915000 	 91.70904000 	 3.86585975 	 0.06546000 	 32.84375920 	 0.17431000 	 0.38705942 	 1.63638000 	 0.36474836 	 10.30117495 	 8.19306000 	 37.05254815 	 759.99819036 	 216.67870000 	 94.16175227 	 1.35707510 	 13.24329020 	 6.76428308 	 17.47833398
2062 	 12.38849462 	 0.36050952 	 531.51571411 	 9.56958007 	 34.57600487 	 5.80192000 	 0.00408000 	 0.00084000 	 0.00537713 	 0.28976091 	 134.85638000 	 2.66588000 	 0.00000000 	 0.14312620 	 9.49485666 	 0.00000000 	 0.24294720 	 0.07274000 	 0.22824000 	 0.04420000 	 231.26064000 	 156.69620000 	 88.35818000 	 3.68975940 	 0.06062000 	 31.68883940 	 0.16142000 	 0.36974489 	 1.62646000 	 0.36253829 	 10.20114590 	 8.20602000 	 36.72550036 	 755.93812389 	 215.68994862 	 94.64986613 	 1.34937046 	 13.19389967 	 6.66863882 	 17.27689107
2063 	 12.33005232 	 0.34828926 	 531.39022282 	 9.58638396 	 34.11592045 	 5.58308000 	 0.00367000 	 0.00076000 	 0.00492904 	 0.28009049 	 134.67482000 	 2.53037000 	 0.00000000 	 0.12726707 	 9.05015499 	 0.00000000 	 0.22253264 	 0.06816000 	 0.22056000 	 0.04250000 	 222.20459500 	 150.37325000 	 85.00732000 	 3.51365905 	 0.05578000 	 30.53391960 	 0.14853000 	 0.35243037 	 1.61654000 	 0.36032823 	 10.10111685 	 8.21898000 	 36.39845257 	 751.87805741 	 214.70119723 	 95.13798000 	 1.34166581 	 13.14450914 	 6.57299457 	 17.07544816
2064 	 12.27161002 	 0.33606900 	 531.26473153 	 9.60318785 	 33.65583603 	 5.36424000 	 0.00326000 	 0.00068000 	 0.00448094 	 0.27042007 	 134.49326000 	 2.39486000 	 0.00000000 	 0.11140793 	 8.60545332 	 0.00000000 	 0.20211808 	 0.06358000 	 0.21288000 	 0.04080000 	 213.14855000 	 144.05030000 	 81.65646000 	 3.33755870 	 0.05094000 	 29.37899980 	 0.13564000 	 0.33511585 	 1.60662000 	 0.35811816 	 10.00108780 	 8.23194000 	 36.07140479 	 747.81799094 	 213.71244585 	 95.62609386 	 1.33396117 	 13.09511861 	 6.47735031 	 16.87400525
2065 	 12.21316771 	 0.32384875 	 531.13924025 	 9.61999174 	 33.19575161 	 5.14540000 	 0.00285000 	 0.00060000 	 0.00403285 	 0.26074965 	 134.31170000 	 2.25935000 	 0.00000000 	 0.09554880 	 8.16075165 	 0.00000000 	 0.18170351 	 0.05900000 	 0.20520000 	 0.03910000 	 204.09250500 	 137.72735000 	 78.30560000 	 3.16145835 	 0.04610000 	 28.22408000 	 0.12275000 	 0.31780132 	 1.59670000 	 0.35590810 	 9.90105875 	 8.24490000 	 35.74435700 	 743.75792446 	 212.72369447 	 96.11420773 	 1.32625653 	 13.04572807 	 6.38170605 	 16.67256234
2066 	 12.15472541 	 0.31162849 	 531.01374896 	 9.63679563 	 32.73566720 	 4.92656000 	 0.00244000 	 0.00052000 	 0.00358476 	 0.25107924 	 134.13014000 	 2.12384000 	 0.00000000 	 0.07968967 	 7.71604998 	 0.00000000 	 0.16128895 	 0.05442000 	 0.19752000 	 0.03740000 	 195.03646000 	 131.40440000 	 74.95474000 	 2.98535800 	 0.04126000 	 27.06916020 	 0.10986000 	 0.30048680 	 1.58678000 	 0.35369803 	 9.80102970 	 8.25786000 	 35.41730921 	 739.69785798 	 211.73494308 	 96.60232159 	 1.31855188 	 12.99633754 	 6.28606180 	 16.47111943
2067 	 12.09628311 	 0.29940824 	 530.88825767 	 9.65359953 	 32.27558278 	 4.70772000 	 0.00203000 	 0.00044000 	 0.00313666 	 0.24140882 	 133.94858000 	 1.98833000 	 0.00000000 	 0.06383054 	 7.27134831 	 0.00000000 	 0.14087439 	 0.04984000 	 0.18984000 	 0.03570000 	 185.98041500 	 125.08145000 	 71.60388000 	 2.80925765 	 0.03642000 	 25.91424040 	 0.09697000 	 0.28317228 	 1.57686000 	 0.35148797 	 9.70100065 	 8.27082000 	 35.09026142 	 735.63779151 	 210.74619170 	 97.09043546 	 1.31084724 	 12.94694701 	 6.19041754 	 16.26967652
2068 	 12.03784080 	 0.28718798 	 530.76276639 	 9.67040342 	 31.81549836 	 4.48888000 	 0.00162000 	 0.00036000 	 0.00268857 	 0.23173840 	 133.76702000 	 1.85282000 	 0.00000000 	 0.04797141 	 6.82664664 	 0.00000000 	 0.12045982 	 0.04526000 	 0.18216000 	 0.03400000 	 176.92437000 	 118.75850000 	 68.25302000 	 2.63315730 	 0.03158000 	 24.75932060 	 0.08408000 	 0.26585776 	 1.56694000 	 0.34927790 	 9.60097160 	 8.28378000 	 34.76321363 	 731.57772503 	 209.75744032 	 97.57854932 	 1.30314260 	 12.89755648 	 6.09477329 	 16.06823361
2069 	 11.97939850 	 0.27496772 	 530.63727510 	 9.68720731 	 31.35541395 	 4.27004000 	 0.00121000 	 0.00028000 	 0.00224047 	 0.22206798 	 133.58546000 	 1.71731000 	 0.00000000 	 0.03211228 	 6.38194497 	 0.00000000 	 0.10004526 	 0.04068000 	 0.17448000 	 0.03230000 	 167.86832500 	 112.43555000 	 64.90216000 	 2.45705695 	 0.02674000 	 23.60440080 	 0.07119000 	 0.24854323 	 1.55702000 	 0.34706784 	 9.50094255 	 8.29674000 	 34.43616585 	 727.51765856 	 208.76868893 	 98.06666319 	 1.29543796 	 12.84816595 	 5.99912903 	 15.86679070
2070 	 11.92095620 	 0.26274747 	 530.51178381 	 9.70401120 	 30.89532953 	 4.05120000 	 0.00080000 	 0.00020000 	 0.00179238 	 0.21239756 	 133.40390000 	 1.58180000 	 0.00000000 	 0.01625315 	 5.93724330 	 0.00000000 	 0.07963070 	 0.03610000 	 0.16680000 	 0.03060000 	 158.81228000 	 106.11260000 	 61.55130000 	 2.28095660 	 0.02190000 	 22.44948100 	 0.05830000 	 0.23122871 	 1.54710000 	 0.34485777 	 9.40091350 	 8.30970000 	 34.10911806 	 723.45759208 	 207.77993755 	 98.55477705 	 1.28773331 	 12.79877541 	 5.90348478 	 15.66534779
2071 	 11.76531831 	 0.22002700 	 529.20059928 	 9.71282134 	 30.23903645 	 3.90912000 	 0.00073000 	 0.00018000 	 0.00165795 	 0.20575135 	 133.12496000 	 1.50882000 	 0.00000000 	 0.01477559 	 5.68298413 	 0.00000000 	 0.07390775 	 0.03408000 	 0.16155000 	 0.02951000 	 150.91866850 	 100.94908000 	 58.52473000 	 2.15761918 	 0.02024000 	 21.37012240 	 0.05388000 	 0.21902258 	 1.53186000 	 0.34146609 	 9.26992471 	 8.30966000 	 33.64414786 	 716.72458675 	 206.62698990 	 99.01013804 	 1.27573401 	 12.71291076 	 5.80347167 	 15.45674852
2072 	 11.60968041 	 0.17730653 	 527.88941474 	 9.72163148 	 29.58274338 	 3.76704000 	 0.00066000 	 0.00016000 	 0.00152352 	 0.19910513 	 132.84602000 	 1.43584000 	 0.00000000 	 0.01329803 	 5.42872496 	 0.00000000 	 0.06818481 	 0.03206000 	 0.15630000 	 0.02842000 	 143.02505700 	 95.78556000 	 55.49816000 	 2.03428176 	 0.01858000 	 20.29076380 	 0.04946000 	 0.20681646 	 1.51662000 	 0.33807440 	 9.13893592 	 8.30962000 	 33.17917766 	 709.99158143 	 205.47404226 	 99.46549902 	 1.26373470 	 12.62704610 	 5.70345857 	 15.24814925
2073 	 11.45404252 	 0.13458606 	 526.57823021 	 9.73044162 	 28.92645031 	 3.62496000 	 0.00059000 	 0.00014000 	 0.00138909 	 0.19245892 	 132.56708000 	 1.36286000 	 0.00000000 	 0.01182047 	 5.17446579 	 0.00000000 	 0.06246186 	 0.03004000 	 0.15105000 	 0.02733000 	 135.13144550 	 90.62204000 	 52.47159000 	 1.91094434 	 0.01692000 	 19.21140520 	 0.04504000 	 0.19461034 	 1.50138000 	 0.33468272 	 9.00794713 	 8.30958000 	 32.71420746 	 703.25857610 	 204.32109461 	 99.92086001 	 1.25173539 	 12.54118144 	 5.60344547 	 15.03954998
2074 	 11.29840463 	 0.09186558 	 525.26704567 	 9.73925176 	 28.27015723 	 3.48288000 	 0.00052000 	 0.00012000 	 0.00125466 	 0.18581270 	 132.28814000 	 1.28988000 	 0.00000000 	 0.01034291 	 4.92020662 	 0.00000000 	 0.05673891 	 0.02802000 	 0.14580000 	 0.02624000 	 127.23783400 	 85.45852000 	 49.44502000 	 1.78760692 	 0.01526000 	 18.13204660 	 0.04062000 	 0.18240421 	 1.48614000 	 0.33129103 	 8.87695834 	 8.30954000 	 32.24923726 	 696.52557077 	 203.16814696 	 100.37622099 	 1.23973609 	 12.45531679 	 5.50343237 	 14.83095072
2075 	 11.14276674 	 0.04914511 	 523.95586114 	 9.74806190 	 27.61386416 	 3.34080000 	 0.00045000 	 0.00010000 	 0.00112024 	 0.17916649 	 132.00920000 	 1.21690000 	 0.00000000 	 0.00886535 	 4.66594745 	 0.00000000 	 0.05101597 	 0.02600000 	 0.14055000 	 0.02515000 	 119.34422250 	 80.29500000 	 46.41845000 	 1.66426950 	 0.01360000 	 17.05268800 	 0.03620000 	 0.17019808 	 1.47090000 	 0.32789935 	 8.74596955 	 8.30950000 	 31.78426707 	 689.79256545 	 202.01519932 	 100.83158198 	 1.22773678 	 12.36945213 	 5.40341927 	 14.62235145
2076 	 10.98712885 	 0.00642464 	 522.64467660 	 9.75687204 	 26.95757108 	 3.19872000 	 0.00038000 	 0.00008000 	 0.00098581 	 0.17252027 	 131.73026000 	 1.14392000 	 0.00000000 	 0.00738779 	 4.41168828 	 0.00000000 	 0.04529302 	 0.02398000 	 0.13530000 	 0.02406000 	 111.45061100 	 75.13148000 	 43.39188000 	 1.54093208 	 0.01194000 	 15.97332940 	 0.03178000 	 0.15799196 	 1.45566000 	 0.32450766 	 8.61498076 	 8.30946000 	 31.31929687 	 683.05956012 	 200.86225167 	 101.28694297 	 1.21573748 	 12.28358747 	 5.30340617 	 14.41375218
2077 	 10.83149095 	 -0.03629583 	 521.33349206 	 9.76568218 	 26.30127801 	 3.05664000 	 0.00031000 	 0.00006000 	 0.00085138 	 0.16587406 	 131.45132000 	 1.07094000 	 0.00000000 	 0.00591024 	 4.15742911 	 0.00000000 	 0.03957008 	 0.02196000 	 0.13005000 	 0.02297000 	 103.55699950 	 69.96796000 	 40.36531000 	 1.41759466 	 0.01028000 	 14.89397080 	 0.02736000 	 0.14578584 	 1.44042000 	 0.32111598 	 8.48399197 	 8.30942000 	 30.85432667 	 676.32655480 	 199.70930402 	 101.74230395 	 1.20373817 	 12.19772282 	 5.20339306 	 14.20515291
2078 	 10.67585306 	 -0.07901630 	 520.02230753 	 9.77449232 	 25.64498494 	 2.91456000 	 0.00024000 	 0.00004000 	 0.00071695 	 0.15922784 	 131.17238000 	 0.99796000 	 0.00000000 	 0.00443268 	 3.90316994 	 0.00000000 	 0.03384713 	 0.01994000 	 0.12480000 	 0.02188000 	 95.66338800 	 64.80444000 	 37.33874000 	 1.29425724 	 0.00862000 	 13.81461220 	 0.02294000 	 0.13357971 	 1.42518000 	 0.31772429 	 8.35300318 	 8.30938000 	 30.38935647 	 669.59354947 	 198.55635638 	 102.19766494 	 1.19173886 	 12.11185816 	 5.10337996 	 13.99655364
2079 	 10.52021517 	 -0.12173677 	 518.71112299 	 9.78330246 	 24.98869186 	 2.77248000 	 0.00017000 	 0.00002000 	 0.00058252 	 0.15258163 	 130.89344000 	 0.92498000 	 0.00000000 	 0.00295512 	 3.64891077 	 0.00000000 	 0.02812419 	 0.01792000 	 0.11955000 	 0.02079000 	 87.76977650 	 59.64092000 	 34.31217000 	 1.17091982 	 0.00696000 	 12.73525360 	 0.01852000 	 0.12137358 	 1.40994000 	 0.31433261 	 8.22201439 	 8.30934000 	 29.92438627 	 662.86054414 	 197.40340873 	 102.65302592 	 1.17973956 	 12.02599350 	 5.00336686 	 13.78795437
2080 	 10.36457728 	 -0.16445724 	 517.39993846 	 9.79211260 	 24.33239879 	 2.63040000 	 0.00010000 	 0.00000000 	 0.00044809 	 0.14593541 	 130.61450000 	 0.85200000 	 0.00000000 	 0.00147756 	 3.39465160 	 0.00000000 	 0.02240124 	 0.01590000 	 0.11430000 	 0.01970000 	 79.87616500 	 54.47740000 	 31.28560000 	 1.04758240 	 0.00530000 	 11.65589500 	 0.01410000 	 0.10916746 	 1.39470000 	 0.31094092 	 8.09102560 	 8.30930000 	 29.45941607 	 656.12753882 	 196.25046109 	 103.10838691 	 1.16774025 	 11.94012884 	 4.90335376 	 13.57935510
2081 	 10.18198496 	 -0.19375473 	 515.92558736 	 9.80995598 	 23.84092204 	 2.53814000 	 0.00009000 	 0.00000000 	 0.00042569 	 0.14136394 	 130.43752000 	 0.81269000 	 0.00000000 	 0.00134622 	 3.24927085 	 0.00000000 	 0.02079064 	 0.01501000 	 0.11070000 	 0.01899000 	 75.24055660 	 51.41163000 	 29.46881000 	 0.98390465 	 0.00488000 	 10.99515477 	 0.01298000 	 0.10268372 	 1.38503000 	 0.30878556 	 8.01223632 	 8.26714000 	 29.09835534 	 650.92335492 	 195.38523628 	 103.33037821 	 1.16253635 	 11.91298061 	 4.80860021 	 13.35948124
2082 	 9.99939264 	 -0.22305222 	 514.45123627 	 9.82779936 	 23.34944528 	 2.44588000 	 0.00008000 	 0.00000000 	 0.00040329 	 0.13679247 	 130.26054000 	 0.77338000 	 0.00000000 	 0.00121488 	 3.10389010 	 0.00000000 	 0.01918004 	 0.01412000 	 0.10710000 	 0.01828000 	 70.60494820 	 48.34586000 	 27.65202000 	 0.92022690 	 0.00446000 	 10.33441454 	 0.01186000 	 0.09619999 	 1.37536000 	 0.30663020 	 7.93344704 	 8.22498000 	 28.73729460 	 645.71917102 	 194.52001147 	 103.55236951 	 1.15733245 	 11.88583238 	 4.71384666 	 13.13960737
2083 	 9.81680033 	 -0.25234970 	 512.97688517 	 9.84564274 	 22.85796853 	 2.35362000 	 0.00007000 	 0.00000000 	 0.00038088 	 0.13222100 	 130.08356000 	 0.73407000 	 0.00000000 	 0.00108354 	 2.95850935 	 0.00000000 	 0.01756944 	 0.01323000 	 0.10350000 	 0.01757000 	 65.96933980 	 45.28009000 	 25.83523000 	 0.85654914 	 0.00404000 	 9.67367431 	 0.01074000 	 0.08971625 	 1.36569000 	 0.30447484 	 7.85465776 	 8.18282000 	 28.37623387 	 640.51498712 	 193.65478666 	 103.77436081 	 1.15212855 	 11.85868415 	 4.61909312 	 12.91973351
2084 	 9.63420801 	 -0.28164719 	 511.50253408 	 9.86348612 	 22.36649178 	 2.26136000 	 0.00006000 	 0.00000000 	 0.00035848 	 0.12764953 	 129.90658000 	 0.69476000 	 0.00000000 	 0.00095220 	 2.81312860 	 0.00000000 	 0.01595884 	 0.01234000 	 0.09990000 	 0.01686000 	 61.33373140 	 42.21432000 	 24.01844000 	 0.79287139 	 0.00362000 	 9.01293408 	 0.00962000 	 0.08323251 	 1.35602000 	 0.30231948 	 7.77586848 	 8.14066000 	 28.01517313 	 635.31080322 	 192.78956185 	 103.99635211 	 1.14692465 	 11.83153591 	 4.52433957 	 12.69985965
2085 	 9.45161569 	 -0.31094468 	 510.02818298 	 9.88132949 	 21.87501503 	 2.16910000 	 0.00005000 	 0.00000000 	 0.00033607 	 0.12307805 	 129.72960000 	 0.65545000 	 0.00000000 	 0.00082087 	 2.66774785 	 0.00000000 	 0.01434824 	 0.01145000 	 0.09630000 	 0.01615000 	 56.69812300 	 39.14855000 	 22.20165000 	 0.72919364 	 0.00320000 	 8.35219385 	 0.00850000 	 0.07674878 	 1.34635000 	 0.30016411 	 7.69707920 	 8.09850000 	 27.65411239 	 630.10661932 	 191.92433704 	 104.21834341 	 1.14172075 	 11.80438768 	 4.42958602 	 12.47998578
2086 	 9.26902338 	 -0.34024217 	 508.55383189 	 9.89917287 	 21.38353828 	 2.07684000 	 0.00004000 	 0.00000000 	 0.00031367 	 0.11850658 	 129.55262000 	 0.61614000 	 0.00000000 	 0.00068953 	 2.52236710 	 0.00000000 	 0.01273764 	 0.01056000 	 0.09270000 	 0.01544000 	 52.06251460 	 36.08278000 	 20.38486000 	 0.66551589 	 0.00278000 	 7.69145362 	 0.00738000 	 0.07026504 	 1.33668000 	 0.29800875 	 7.61828992 	 8.05634000 	 27.29305166 	 624.90243542 	 191.05911223 	 104.44033471 	 1.13651685 	 11.77723945 	 4.33483247 	 12.26011192
2087 	 9.08643106 	 -0.36953965 	 507.07948079 	 9.91701625 	 20.89206152 	 1.98458000 	 0.00003000 	 0.00000000 	 0.00029126 	 0.11393511 	 129.37564000 	 0.57683000 	 0.00000000 	 0.00055819 	 2.37698635 	 0.00000000 	 0.01112704 	 0.00967000 	 0.08910000 	 0.01473000 	 47.42690620 	 33.01701000 	 18.56807000 	 0.60183814 	 0.00236000 	 7.03071339 	 0.00626000 	 0.06378130 	 1.32701000 	 0.29585339 	 7.53950064 	 8.01418000 	 26.93199092 	 619.69825152 	 190.19388742 	 104.66232601 	 1.13131295 	 11.75009121 	 4.24007892 	 12.04023805
2088 	 8.90383874 	 -0.39883714 	 505.60512970 	 9.93485963 	 20.40058477 	 1.89232000 	 0.00002000 	 0.00000000 	 0.00026886 	 0.10936364 	 129.19866000 	 0.53752000 	 0.00000000 	 0.00042685 	 2.23160560 	 0.00000000 	 0.00951644 	 0.00878000 	 0.08550000 	 0.01402000 	 42.79129780 	 29.95124000 	 16.75128000 	 0.53816038 	 0.00194000 	 6.36997316 	 0.00514000 	 0.05729757 	 1.31734000 	 0.29369803 	 7.46071136 	 7.97202000 	 26.57093019 	 614.49406762 	 189.32866261 	 104.88431731 	 1.12610905 	 11.72294298 	 4.14532537 	 11.82036419
2089 	 8.72124642 	 -0.42813463 	 504.13077860 	 9.95270301 	 19.90910802 	 1.80006000 	 0.00001000 	 0.00000000 	 0.00024645 	 0.10479217 	 129.02168000 	 0.49821000 	 0.00000000 	 0.00029551 	 2.08622485 	 0.00000000 	 0.00790584 	 0.00789000 	 0.08190000 	 0.01331000 	 38.15568940 	 26.88547000 	 14.93449000 	 0.47448263 	 0.00152000 	 5.70923293 	 0.00402000 	 0.05081383 	 1.30767000 	 0.29154267 	 7.38192208 	 7.92986000 	 26.20986945 	 609.28988372 	 188.46343780 	 105.10630861 	 1.12090515 	 11.69579475 	 4.05057183 	 11.60049033
2090 	 8.53865411 	 -0.45743212 	 502.65642751 	 9.97054639 	 19.41763127 	 1.70780000 	 0.00000000 	 0.00000000 	 0.00022405 	 0.10022070 	 128.84470000 	 0.45890000 	 0.00000000 	 0.00016417 	 1.94084410 	 0.00000000 	 0.00629524 	 0.00700000 	 0.07830000 	 0.01260000 	 33.52008100 	 23.81970000 	 13.11770000 	 0.41080488 	 0.00110000 	 5.04849270 	 0.00290000 	 0.04433009 	 1.29800000 	 0.28938731 	 7.30313280 	 7.88770000 	 25.84880871 	 604.08569983 	 187.59821299 	 105.32829991 	 1.11570125 	 11.66864651 	 3.95581828 	 11.38061646
2091 	 8.33475574 	 -0.46370113 	 501.55423828 	 9.99171211 	 19.05169959 	 1.64769000 	 0.00120000 	 0.00000000 	 0.00020164 	 0.09705584 	 128.68253000 	 0.43762000 	 0.00000000 	 0.00105071 	 1.86679494 	 0.00000000 	 0.00775868 	 0.00710000 	 0.07583000 	 0.01215000 	 31.74707160 	 22.60229000 	 12.42383000 	 0.38797972 	 0.00099000 	 4.78705984 	 0.00261000 	 0.04193553 	 1.28914000 	 0.28740700 	 7.23125346 	 7.86043000 	 25.53326775 	 600.78662109 	 186.27359381 	 105.50925381 	 1.12127152 	 11.74666545 	 3.87611007 	 11.19458659
2092 	 8.13085737 	 -0.46997014 	 500.45204906 	 10.01287784 	 18.68576792 	 1.58758000 	 0.00240000 	 0.00000000 	 0.00017924 	 0.09389097 	 128.52036000 	 0.41634000 	 0.00000000 	 0.00193724 	 1.79274578 	 0.00000000 	 0.00922212 	 0.00720000 	 0.07336000 	 0.01170000 	 29.97406220 	 21.38488000 	 11.72996000 	 0.36515456 	 0.00088000 	 4.52562698 	 0.00232000 	 0.03954097 	 1.28028000 	 0.28542670 	 7.15937412 	 7.83316000 	 25.21772678 	 597.48754236 	 184.94897463 	 105.69020771 	 1.12684179 	 11.82468438 	 3.79640187 	 11.00855671
2093 	 7.92695900 	 -0.47623915 	 499.34985983 	 10.03404356 	 18.31983624 	 1.52747000 	 0.00360000 	 0.00000000 	 0.00015683 	 0.09072611 	 128.35819000 	 0.39506000 	 0.00000000 	 0.00282378 	 1.71869662 	 0.00000000 	 0.01068556 	 0.00730000 	 0.07089000 	 0.01125000 	 28.20105280 	 20.16747000 	 11.03609000 	 0.34232940 	 0.00077000 	 4.26419412 	 0.00203000 	 0.03714641 	 1.27142000 	 0.28344639 	 7.08749478 	 7.80589000 	 24.90218581 	 594.18846363 	 183.62435545 	 105.87116161 	 1.13241206 	 11.90270332 	 3.71669366 	 10.82252684
2094 	 7.72306063 	 -0.48250816 	 498.24767061 	 10.05520929 	 17.95390457 	 1.46736000 	 0.00480000 	 0.00000000 	 0.00013443 	 0.08756124 	 128.19602000 	 0.37378000 	 0.00000000 	 0.00371031 	 1.64464746 	 0.00000000 	 0.01214900 	 0.00740000 	 0.06842000 	 0.01080000 	 26.42804340 	 18.95006000 	 10.34222000 	 0.31950424 	 0.00066000 	 4.00276126 	 0.00174000 	 0.03475184 	 1.26256000 	 0.28146609 	 7.01561544 	 7.77862000 	 24.58664484 	 590.88938490 	 182.29973628 	 106.05211551 	 1.13798233 	 11.98072225 	 3.63698546 	 10.63649696
2095 	 7.51916225 	 -0.48877717 	 497.14548139 	 10.07637502 	 17.58797289 	 1.40725000 	 0.00600000 	 0.00000000 	 0.00011202 	 0.08439638 	 128.03385000 	 0.35250000 	 0.00000000 	 0.00459685 	 1.57059830 	 0.00000000 	 0.01361243 	 0.00750000 	 0.06595000 	 0.01035000 	 24.65503400 	 17.73265000 	 9.64835000 	 0.29667908 	 0.00055000 	 3.74132840 	 0.00145000 	 0.03235728 	 1.25370000 	 0.27948578 	 6.94373610 	 7.75135000 	 24.27110387 	 587.59030617 	 180.97511710 	 106.23306941 	 1.14355259 	 12.05874118 	 3.55727725 	 10.45046709
2096 	 7.31526388 	 -0.49504618 	 496.04329216 	 10.09754074 	 17.22204121 	 1.34714000 	 0.00720000 	 0.00000000 	 0.00008962 	 0.08123152 	 127.87168000 	 0.33122000 	 0.00000000 	 0.00548338 	 1.49654914 	 0.00000000 	 0.01507587 	 0.00760000 	 0.06348000 	 0.00990000 	 22.88202460 	 16.51524000 	 8.95448000 	 0.27385393 	 0.00044000 	 3.47989554 	 0.00116000 	 0.02996272 	 1.24484000 	 0.27750547 	 6.87185676 	 7.72408000 	 23.95556290 	 584.29122744 	 179.65049792 	 106.41402331 	 1.14912286 	 12.13676012 	 3.47756904 	 10.26443721
2097 	 7.11136551 	 -0.50131518 	 494.94110294 	 10.11870647 	 16.85610954 	 1.28703000 	 0.00840000 	 0.00000000 	 0.00006721 	 0.07806665 	 127.70951000 	 0.30994000 	 0.00000000 	 0.00636992 	 1.42249998 	 0.00000000 	 0.01653931 	 0.00770000 	 0.06101000 	 0.00945000 	 21.10901520 	 15.29783000 	 8.26061000 	 0.25102877 	 0.00033000 	 3.21846268 	 0.00087000 	 0.02756816 	 1.23598000 	 0.27552517 	 6.79997742 	 7.69681000 	 23.64002193 	 580.99214871 	 178.32587874 	 106.59497721 	 1.15469313 	 12.21477905 	 3.39786084 	 10.07840734
2098 	 6.90746714 	 -0.50758419 	 493.83891371 	 10.13987220 	 16.49017786 	 1.22692000 	 0.00960000 	 0.00000000 	 0.00004481 	 0.07490179 	 127.54734000 	 0.28866000 	 0.00000000 	 0.00725646 	 1.34845082 	 0.00000000 	 0.01800275 	 0.00780000 	 0.05854000 	 0.00900000 	 19.33600580 	 14.08042000 	 7.56674000 	 0.22820361 	 0.00022000 	 2.95702982 	 0.00058000 	 0.02517360 	 1.22712000 	 0.27354486 	 6.72809808 	 7.66954000 	 23.32448096 	 577.69306998 	 177.00125957 	 106.77593111 	 1.16026340 	 12.29279799 	 3.31815263 	 9.89237746
2099 	 6.70356877 	 -0.51385320 	 492.73672449 	 10.16103792 	 16.12424619 	 1.16681000 	 0.01080000 	 0.00000000 	 0.00002240 	 0.07173692 	 127.38517000 	 0.26738000 	 0.00000000 	 0.00814299 	 1.27440166 	 0.00000000 	 0.01946619 	 0.00790000 	 0.05607000 	 0.00855000 	 17.56299640 	 12.86301000 	 6.87287000 	 0.20537845 	 0.00011000 	 2.69559696 	 0.00029000 	 0.02277904 	 1.21826000 	 0.27156456 	 6.65621874 	 7.64227000 	 23.00893999 	 574.39399125 	 175.67664039 	 106.95688501 	 1.16583367 	 12.37081692 	 3.23844443 	 9.70634759
2100 	 6.49967040 	 -0.52012221 	 491.63453526 	 10.18220365 	 15.75831451 	 1.10670000 	 0.01200000 	 0.00000000 	 0.00000000 	 0.06857206 	 127.22300000 	 0.24610000 	 0.00000000 	 0.00902953 	 1.20035250 	 0.00000000 	 0.02092963 	 0.00800000 	 0.05360000 	 0.00810000 	 15.78998700 	 11.64560000 	 6.17900000 	 0.18255329 	 0.00000000 	 2.43416410 	 0.00000000 	 0.02038447 	 1.20940000 	 0.26958425 	 6.58433940 	 7.61500000 	 22.69339902 	 571.09491252 	 174.35202121 	 107.13783891 	 1.17140394 	 12.44883585 	 3.15873622 	 9.52031771
2101 	 6.45633927 	 -0.50971977 	 490.49454835 	 10.17000124 	 15.65904314 	 1.09932200 	 0.01192000 	 0.00000000 	 0.00000000 	 0.06811491 	 126.37484667 	 0.24445933 	 0.00000000 	 0.00896933 	 1.19235015 	 0.00000000 	 0.02079010 	 0.00794667 	 0.05324267 	 0.00804600 	 15.68472042 	 11.56796267 	 6.13780667 	 0.18133627 	 0.00000000 	 2.41793634 	 0.00000000 	 0.02024858 	 1.20133733 	 0.26778702 	 6.54044380 	 7.56423333 	 22.58206181 	 569.16453511 	 173.44097790 	 107.04402542 	 1.17140394 	 12.44883585 	 3.13937894 	 9.46549033
2102 	 6.41300813 	 -0.49931732 	 489.35456144 	 10.15779884 	 15.55977177 	 1.09194400 	 0.01184000 	 0.00000000 	 0.00000000 	 0.06765776 	 125.52669333 	 0.24281867 	 0.00000000 	 0.00890913 	 1.18434780 	 0.00000000 	 0.02065057 	 0.00789333 	 0.05288533 	 0.00799200 	 15.57945384 	 11.49032533 	 6.09661333 	 0.18011925 	 0.00000000 	 2.40170858 	 0.00000000 	 0.02011268 	 1.19327467 	 0.26598979 	 6.49654821 	 7.51346667 	 22.47072459 	 567.23415770 	 172.52993458 	 106.95021194 	 1.17140394 	 12.44883585 	 3.12002167 	 9.41066295
2103 	 6.36967699 	 -0.48891488 	 488.21457452 	 10.14559644 	 15.46050040 	 1.08456600 	 0.01176000 	 0.00000000 	 0.00000000 	 0.06720062 	 124.67854000 	 0.24117800 	 0.00000000 	 0.00884894 	 1.17634545 	 0.00000000 	 0.02051104 	 0.00784000 	 0.05252800 	 0.00793800 	 15.47418726 	 11.41268800 	 6.05542000 	 0.17890222 	 0.00000000 	 2.38548082 	 0.00000000 	 0.01997678 	 1.18521200 	 0.26419256 	 6.45265261 	 7.46270000 	 22.35938738 	 565.30378029 	 171.61889127 	 106.85639846 	 1.17140394 	 12.44883585 	 3.10066439 	 9.35583557
2104 	 6.32634586 	 -0.47851244 	 487.07458761 	 10.13339403 	 15.36122903 	 1.07718800 	 0.01168000 	 0.00000000 	 0.00000000 	 0.06674347 	 123.83038667 	 0.23953733 	 0.00000000 	 0.00878874 	 1.16834310 	 0.00000000 	 0.02037150 	 0.00778667 	 0.05217067 	 0.00788400 	 15.36892068 	 11.33505067 	 6.01422667 	 0.17768520 	 0.00000000 	 2.36925306 	 0.00000000 	 0.01984089 	 1.17714933 	 0.26239534 	 6.40875702 	 7.41193333 	 22.24805016 	 563.37340288 	 170.70784795 	 106.76258498 	 1.17140394 	 12.44883585 	 3.08130711 	 9.30100819
2105 	 6.28301472 	 -0.46810999 	 485.93460070 	 10.12119163 	 15.26195766 	 1.06981000 	 0.01160000 	 0.00000000 	 0.00000000 	 0.06628632 	 122.98223333 	 0.23789667 	 0.00000000 	 0.00872854 	 1.16034075 	 0.00000000 	 0.02023197 	 0.00773333 	 0.05181333 	 0.00783000 	 15.26365410 	 11.25741333 	 5.97303333 	 0.17646818 	 0.00000000 	 2.35302530 	 0.00000000 	 0.01970499 	 1.16908667 	 0.26059811 	 6.36486142 	 7.36116667 	 22.13671294 	 561.44302547 	 169.79680464 	 106.66877150 	 1.17140394 	 12.44883585 	 3.06194983 	 9.24618081
2106 	 6.23968359 	 -0.45770755 	 484.79461378 	 10.10898923 	 15.16268629 	 1.06243200 	 0.01152000 	 0.00000000 	 0.00000000 	 0.06582918 	 122.13408000 	 0.23625600 	 0.00000000 	 0.00866834 	 1.15233840 	 0.00000000 	 0.02009244 	 0.00768000 	 0.05145600 	 0.00777600 	 15.15838752 	 11.17977600 	 5.93184000 	 0.17525116 	 0.00000000 	 2.33679754 	 0.00000000 	 0.01956910 	 1.16102400 	 0.25880088 	 6.32096582 	 7.31040000 	 22.02537573 	 559.51264806 	 168.88576133 	 106.57495802 	 1.17140394 	 12.44883585 	 3.04259255 	 9.19135343
2107 	 6.19635245 	 -0.44730510 	 483.65462687 	 10.09678682 	 15.06341492 	 1.05505400 	 0.01144000 	 0.00000000 	 0.00000000 	 0.06537203 	 121.28592667 	 0.23461533 	 0.00000000 	 0.00860815 	 1.14433605 	 0.00000000 	 0.01995291 	 0.00762667 	 0.05109867 	 0.00772200 	 15.05312094 	 11.10213867 	 5.89064667 	 0.17403414 	 0.00000000 	 2.32056978 	 0.00000000 	 0.01943320 	 1.15296133 	 0.25700365 	 6.27707023 	 7.25963333 	 21.91403851 	 557.58227065 	 167.97471801 	 106.48114454 	 1.17140394 	 12.44883585 	 3.02323528 	 9.13652605
2108 	 6.15302131 	 -0.43690266 	 482.51463996 	 10.08458442 	 14.96414355 	 1.04767600 	 0.01136000 	 0.00000000 	 0.00000000 	 0.06491488 	 120.43777333 	 0.23297467 	 0.00000000 	 0.00854795 	 1.13633370 	 0.00000000 	 0.01981338 	 0.00757333 	 0.05074133 	 0.00766800 	 14.94785436 	 11.02450133 	 5.84945333 	 0.17281711 	 0.00000000 	 2.30434201 	 0.00000000 	 0.01929730 	 1.14489867 	 0.25520642 	 6.23317463 	 7.20886667 	 21.80270130 	 555.65189324 	 167.06367470 	 106.38733106 	 1.17140394 	 12.44883585 	 3.00387800 	 9.08169867
2109 	 6.10969018 	 -0.42650021 	 481.37465304 	 10.07238202 	 14.86487219 	 1.04029800 	 0.01128000 	 0.00000000 	 0.00000000 	 0.06445774 	 119.58962000 	 0.23133400 	 0.00000000 	 0.00848775 	 1.12833135 	 0.00000000 	 0.01967385 	 0.00752000 	 0.05038400 	 0.00761400 	 14.84258778 	 10.94686400 	 5.80826000 	 0.17160009 	 0.00000000 	 2.28811425 	 0.00000000 	 0.01916141 	 1.13683600 	 0.25340919 	 6.18927904 	 7.15810000 	 21.69136408 	 553.72151583 	 166.15263138 	 106.29351758 	 1.17140394 	 12.44883585 	 2.98452072 	 9.02687129
2110 	 6.06635904 	 -0.41609777 	 480.23466613 	 10.06017961 	 14.76560082 	 1.03292000 	 0.01120000 	 0.00000000 	 0.00000000 	 0.06400059 	 118.74146667 	 0.22969333 	 0.00000000 	 0.00842756 	 1.12032900 	 0.00000000 	 0.01953432 	 0.00746667 	 0.05002667 	 0.00756000 	 14.73732120 	 10.86922667 	 5.76706667 	 0.17038307 	 0.00000000 	 2.27188649 	 0.00000000 	 0.01902551 	 1.12877333 	 0.25161197 	 6.14538344 	 7.10733333 	 21.58002686 	 551.79113842 	 165.24158807 	 106.19970410 	 1.17140394 	 12.44883585 	 2.96516344 	 8.97204391
2111 	 6.02302791 	 -0.40569533 	 479.09467922 	 10.04797721 	 14.66632945 	 1.02554200 	 0.01112000 	 0.00000000 	 0.00000000 	 0.06354344 	 117.89331333 	 0.22805267 	 0.00000000 	 0.00836736 	 1.11232665 	 0.00000000 	 0.01939479 	 0.00741333 	 0.04966933 	 0.00750600 	 14.63205462 	 10.79158933 	 5.72587333 	 0.16916605 	 0.00000000 	 2.25565873 	 0.00000000 	 0.01888961 	 1.12071067 	 0.24981474 	 6.10148784 	 7.05656667 	 21.46868965 	 549.86076101 	 164.33054475 	 106.10589062 	 1.17140394 	 12.44883585 	 2.94580617 	 8.91721653
2112 	 5.97969677 	 -0.39529288 	 477.95469230 	 10.03577480 	 14.56705808 	 1.01816400 	 0.01104000 	 0.00000000 	 0.00000000 	 0.06308629 	 117.04516000 	 0.22641200 	 0.00000000 	 0.00830716 	 1.10432430 	 0.00000000 	 0.01925526 	 0.00736000 	 0.04931200 	 0.00745200 	 14.52678804 	 10.71395200 	 5.68468000 	 0.16794903 	 0.00000000 	 2.23943097 	 0.00000000 	 0.01875372 	 1.11264800 	 0.24801751 	 6.05759225 	 7.00580000 	 21.35735243 	 547.93038360 	 163.41950144 	 106.01207714 	 1.17140394 	 12.44883585 	 2.92644889 	 8.86238915
2113 	 5.93636563 	 -0.38489044 	 476.81470539 	 10.02357240 	 14.46778671 	 1.01078600 	 0.01096000 	 0.00000000 	 0.00000000 	 0.06262915 	 116.19700667 	 0.22477133 	 0.00000000 	 0.00824697 	 1.09632195 	 0.00000000 	 0.01911573 	 0.00730667 	 0.04895467 	 0.00739800 	 14.42152146 	 10.63631467 	 5.64348667 	 0.16673200 	 0.00000000 	 2.22320321 	 0.00000000 	 0.01861782 	 1.10458533 	 0.24622028 	 6.01369665 	 6.95503333 	 21.24601522 	 546.00000619 	 162.50845813 	 105.91826366 	 1.17140394 	 12.44883585 	 2.90709161 	 8.80756177
2114 	 5.89303450 	 -0.37448799 	 475.67471848 	 10.01137000 	 14.36851534 	 1.00340800 	 0.01088000 	 0.00000000 	 0.00000000 	 0.06217200 	 115.34885333 	 0.22313067 	 0.00000000 	 0.00818677 	 1.08831960 	 0.00000000 	 0.01897620 	 0.00725333 	 0.04859733 	 0.00734400 	 14.31625488 	 10.55867733 	 5.60229333 	 0.16551498 	 0.00000000 	 2.20697545 	 0.00000000 	 0.01848192 	 1.09652267 	 0.24442305 	 5.96980106 	 6.90426667 	 21.13467800 	 544.06962878 	 161.59741481 	 105.82445018 	 1.17140394 	 12.44883585 	 2.88773433 	 8.75273439
2115 	 5.84970336 	 -0.36408555 	 474.53473156 	 9.99916759 	 14.26924397 	 0.99603000 	 0.01080000 	 0.00000000 	 0.00000000 	 0.06171485 	 114.50070000 	 0.22149000 	 0.00000000 	 0.00812657 	 1.08031725 	 0.00000000 	 0.01883667 	 0.00720000 	 0.04824000 	 0.00729000 	 14.21098830 	 10.48104000 	 5.56110000 	 0.16429796 	 0.00000000 	 2.19074769 	 0.00000000 	 0.01834603 	 1.08846000 	 0.24262583 	 5.92590546 	 6.85350000 	 21.02334078 	 542.13925137 	 160.68637150 	 105.73063670 	 1.17140394 	 12.44883585 	 2.86837705 	 8.69790701
2116 	 5.80637222 	 -0.35368310 	 473.39474465 	 9.98696519 	 14.16997260 	 0.98865200 	 0.01072000 	 0.00000000 	 0.00000000 	 0.06125771 	 113.65254667 	 0.21984933 	 0.00000000 	 0.00806638 	 1.07231490 	 0.00000000 	 0.01869713 	 0.00714667 	 0.04788267 	 0.00723600 	 14.10572172 	 10.40340267 	 5.51990667 	 0.16308094 	 0.00000000 	 2.17451993 	 0.00000000 	 0.01821013 	 1.08039733 	 0.24082860 	 5.88200986 	 6.80273333 	 20.91200357 	 540.20887396 	 159.77532818 	 105.63682322 	 1.17140394 	 12.44883585 	 2.84901978 	 8.64307963
2117 	 5.76304109 	 -0.34328066 	 472.25475774 	 9.97476279 	 14.07070123 	 0.98127400 	 0.01064000 	 0.00000000 	 0.00000000 	 0.06080056 	 112.80439333 	 0.21820867 	 0.00000000 	 0.00800618 	 1.06431255 	 0.00000000 	 0.01855760 	 0.00709333 	 0.04752533 	 0.00718200 	 14.00045514 	 10.32576533 	 5.47871333 	 0.16186392 	 0.00000000 	 2.15829217 	 0.00000000 	 0.01807423 	 1.07233467 	 0.23903137 	 5.83811427 	 6.75196667 	 20.80066635 	 538.27849655 	 158.86428487 	 105.54300974 	 1.17140394 	 12.44883585 	 2.82966250 	 8.58825225
2118 	 5.71970995 	 -0.33287822 	 471.11477082 	 9.96256038 	 13.97142986 	 0.97389600 	 0.01056000 	 0.00000000 	 0.00000000 	 0.06034341 	 111.95624000 	 0.21656800 	 0.00000000 	 0.00794598 	 1.05631020 	 0.00000000 	 0.01841807 	 0.00704000 	 0.04716800 	 0.00712800 	 13.89518856 	 10.24812800 	 5.43752000 	 0.16064690 	 0.00000000 	 2.14206441 	 0.00000000 	 0.01793834 	 1.06427200 	 0.23723414 	 5.79421867 	 6.70120000 	 20.68932914 	 536.34811914 	 157.95324155 	 105.44919626 	 1.17140394 	 12.44883585 	 2.81030522 	 8.53342487
2119 	 5.67637882 	 -0.32247577 	 469.97478391 	 9.95035798 	 13.87215849 	 0.96651800 	 0.01048000 	 0.00000000 	 0.00000000 	 0.05988626 	 111.10808667 	 0.21492733 	 0.00000000 	 0.00788579 	 1.04830785 	 0.00000000 	 0.01827854 	 0.00698667 	 0.04681067 	 0.00707400 	 13.78992198 	 10.17049067 	 5.39632667 	 0.15942987 	 0.00000000 	 2.12583665 	 0.00000000 	 0.01780244 	 1.05620933 	 0.23543691 	 5.75032308 	 6.65043333 	 20.57799192 	 534.41774173 	 157.04219824 	 105.35538278 	 1.17140394 	 12.44883585 	 2.79094794 	 8.47859749
2120 	 5.63304768 	 -0.31207333 	 468.83479700 	 9.93815557 	 13.77288712 	 0.95914000 	 0.01040000 	 0.00000000 	 0.00000000 	 0.05942912 	 110.25993333 	 0.21328667 	 0.00000000 	 0.00782559 	 1.04030550 	 0.00000000 	 0.01813901 	 0.00693333 	 0.04645333 	 0.00702000 	 13.68465540 	 10.09285333 	 5.35513333 	 0.15821285 	 0.00000000 	 2.10960889 	 0.00000000 	 0.01766654 	 1.04814667 	 0.23363968 	 5.70642748 	 6.59966667 	 20.46665471 	 532.48736432 	 156.13115493 	 105.26156930 	 1.17140394 	 12.44883585 	 2.77159067 	 8.42377011
2121 	 5.58971654 	 -0.30167088 	 467.69481008 	 9.92595317 	 13.67361575 	 0.95176200 	 0.01032000 	 0.00000000 	 0.00000000 	 0.05897197 	 109.41178000 	 0.21164600 	 0.00000000 	 0.00776539 	 1.03230315 	 0.00000000 	 0.01799948 	 0.00688000 	 0.04609600 	 0.00696600 	 13.57938882 	 10.01521600 	 5.31394000 	 0.15699583 	 0.00000000 	 2.09338113 	 0.00000000 	 0.01753065 	 1.04008400 	 0.23184245 	 5.66253188 	 6.54890000 	 20.35531749 	 530.55698691 	 155.22011161 	 105.16775582 	 1.17140394 	 12.44883585 	 2.75223339 	 8.36894273
2122 	 5.54638541 	 -0.29126844 	 466.55482317 	 9.91375077 	 13.57434438 	 0.94438400 	 0.01024000 	 0.00000000 	 0.00000000 	 0.05851482 	 108.56362667 	 0.21000533 	 0.00000000 	 0.00770520 	 1.02430080 	 0.00000000 	 0.01785995 	 0.00682667 	 0.04573867 	 0.00691200 	 13.47412224 	 9.93757867 	 5.27274667 	 0.15577881 	 0.00000000 	 2.07715337 	 0.00000000 	 0.01739475 	 1.03202133 	 0.23004523 	 5.61863629 	 6.49813333 	 20.24398027 	 528.62660950 	 154.30906830 	 105.07394234 	 1.17140394 	 12.44883585 	 2.73287611 	 8.31411535
2123 	 5.50305427 	 -0.28086600 	 465.41483626 	 9.90154836 	 13.47507301 	 0.93700600 	 0.01016000 	 0.00000000 	 0.00000000 	 0.05805768 	 107.71547333 	 0.20836467 	 0.00000000 	 0.00764500 	 1.01629845 	 0.00000000 	 0.01772042 	 0.00677333 	 0.04538133 	 0.00685800 	 13.36885566 	 9.85994133 	 5.23155333 	 0.15456179 	 0.00000000 	 2.06092560 	 0.00000000 	 0.01725885 	 1.02395867 	 0.22824800 	 5.57474069 	 6.44736667 	 20.13264306 	 526.69623209 	 153.39802498 	 104.98012886 	 1.17140394 	 12.44883585 	 2.71351883 	 8.25928797
2124 	 5.45972314 	 -0.27046355 	 464.27484934 	 9.88934596 	 13.37580164 	 0.92962800 	 0.01008000 	 0.00000000 	 0.00000000 	 0.05760053 	 106.86732000 	 0.20672400 	 0.00000000 	 0.00758480 	 1.00829610 	 0.00000000 	 0.01758089 	 0.00672000 	 0.04502400 	 0.00680400 	 13.26358908 	 9.78230400 	 5.19036000 	 0.15334476 	 0.00000000 	 2.04469784 	 0.00000000 	 0.01712296 	 1.01589600 	 0.22645077 	 5.53084510 	 6.39660000 	 20.02130584 	 524.76585468 	 152.48698167 	 104.88631538 	 1.17140394 	 12.44883585 	 2.69416155 	 8.20446059
2125 	 5.41639200 	 -0.26006111 	 463.13486243 	 9.87714356 	 13.27653027 	 0.92225000 	 0.01000000 	 0.00000000 	 0.00000000 	 0.05714338 	 106.01916667 	 0.20508333 	 0.00000000 	 0.00752461 	 1.00029375 	 0.00000000 	 0.01744136 	 0.00666667 	 0.04466667 	 0.00675000 	 13.15832250 	 9.70466667 	 5.14916667 	 0.15212774 	 0.00000000 	 2.02847008 	 0.00000000 	 0.01698706 	 1.00783333 	 0.22465354 	 5.48694950 	 6.34583333 	 19.90996863 	 522.83547727 	 151.57593835 	 104.79250190 	 1.17140394 	 12.44883585 	 2.67480428 	 8.14963321
2126 	 5.37306086 	 -0.24965866 	 461.99487552 	 9.86494115 	 13.17725890 	 0.91487200 	 0.00992000 	 0.00000000 	 0.00000000 	 0.05668624 	 105.17101333 	 0.20344267 	 0.00000000 	 0.00746441 	 0.99229140 	 0.00000000 	 0.01730183 	 0.00661333 	 0.04430933 	 0.00669600 	 13.05305592 	 9.62702933 	 5.10797333 	 0.15091072 	 0.00000000 	 2.01224232 	 0.00000000 	 0.01685117 	 0.99977067 	 0.22285631 	 5.44305390 	 6.29506667 	 19.79863141 	 520.90509986 	 150.66489504 	 104.69868842 	 1.17140394 	 12.44883585 	 2.65544700 	 8.09480583
2127 	 5.32972973 	 -0.23925622 	 460.85488860 	 9.85273875 	 13.07798753 	 0.90749400 	 0.00984000 	 0.00000000 	 0.00000000 	 0.05622909 	 104.32286000 	 0.20180200 	 0.00000000 	 0.00740421 	 0.98428905 	 0.00000000 	 0.01716229 	 0.00656000 	 0.04395200 	 0.00664200 	 12.94778934 	 9.54939200 	 5.06678000 	 0.14969370 	 0.00000000 	 1.99601456 	 0.00000000 	 0.01671527 	 0.99170800 	 0.22105908 	 5.39915831 	 6.24430000 	 19.68729419 	 518.97472245 	 149.75385173 	 104.60487494 	 1.17140394 	 12.44883585 	 2.63608972 	 8.03997845
2128 	 5.28639859 	 -0.22885377 	 459.71490169 	 9.84053634 	 12.97871616 	 0.90011600 	 0.00976000 	 0.00000000 	 0.00000000 	 0.05577194 	 103.47470667 	 0.20016133 	 0.00000000 	 0.00734401 	 0.97628670 	 0.00000000 	 0.01702276 	 0.00650667 	 0.04359467 	 0.00658800 	 12.84252276 	 9.47175467 	 5.02558667 	 0.14847668 	 0.00000000 	 1.97978680 	 0.00000000 	 0.01657937 	 0.98364533 	 0.21926186 	 5.35526271 	 6.19353333 	 19.57595698 	 517.04434504 	 148.84280841 	 104.51106146 	 1.17140394 	 12.44883585 	 2.61673244 	 7.98515107
2129 	 5.24306746 	 -0.21845133 	 458.57491478 	 9.82833394 	 12.87944479 	 0.89273800 	 0.00968000 	 0.00000000 	 0.00000000 	 0.05531479 	 102.62655333 	 0.19852067 	 0.00000000 	 0.00728382 	 0.96828435 	 0.00000000 	 0.01688323 	 0.00645333 	 0.04323733 	 0.00653400 	 12.73725618 	 9.39411733 	 4.98439333 	 0.14725965 	 0.00000000 	 1.96355904 	 0.00000000 	 0.01644348 	 0.97558267 	 0.21746463 	 5.31136712 	 6.14276667 	 19.46461976 	 515.11396763 	 147.93176510 	 104.41724798 	 1.17140394 	 12.44883585 	 2.59737516 	 7.93032369
2130 	 5.19973632 	 -0.20804889 	 457.43492786 	 9.81613154 	 12.78017342 	 0.88536000 	 0.00960000 	 0.00000000 	 0.00000000 	 0.05485765 	 101.77840000 	 0.19688000 	 0.00000000 	 0.00722362 	 0.96028200 	 0.00000000 	 0.01674370 	 0.00640000 	 0.04288000 	 0.00648000 	 12.63198960 	 9.31648000 	 4.94320000 	 0.14604263 	 0.00000000 	 1.94733128 	 0.00000000 	 0.01630758 	 0.96752000 	 0.21566740 	 5.26747152 	 6.09200000 	 19.35328255 	 513.18359022 	 147.02072178 	 104.32343450 	 1.17140394 	 12.44883585 	 2.57801789 	 7.87549631
2131 	 5.15640518 	 -0.19764644 	 456.29494095 	 9.80392913 	 12.68090205 	 0.87798200 	 0.00952000 	 0.00000000 	 0.00000000 	 0.05440050 	 100.93024667 	 0.19523933 	 0.00000000 	 0.00716342 	 0.95227965 	 0.00000000 	 0.01660417 	 0.00634667 	 0.04252267 	 0.00642600 	 12.52672302 	 9.23884267 	 4.90200667 	 0.14482561 	 0.00000000 	 1.93110352 	 0.00000000 	 0.01617168 	 0.95945733 	 0.21387017 	 5.22357592 	 6.04123333 	 19.24194533 	 511.25321281 	 146.10967847 	 104.22962102 	 1.17140394 	 12.44883585 	 2.55866061 	 7.82066893
2132 	 5.11307405 	 -0.18724400 	 455.15495404 	 9.79172673 	 12.58163068 	 0.87060400 	 0.00944000 	 0.00000000 	 0.00000000 	 0.05394335 	 100.08209333 	 0.19359867 	 0.00000000 	 0.00710323 	 0.94427730 	 0.00000000 	 0.01646464 	 0.00629333 	 0.04216533 	 0.00637200 	 12.42145644 	 9.16120533 	 4.86081333 	 0.14360859 	 0.00000000 	 1.91487576 	 0.00000000 	 0.01603579 	 0.95139467 	 0.21207294 	 5.17968033 	 5.99046667 	 19.13060812 	 509.32283540 	 145.19863515 	 104.13580754 	 1.17140394 	 12.44883585 	 2.53930333 	 7.76584155
2133 	 5.06974291 	 -0.17684155 	 454.01496712 	 9.77952433 	 12.48235932 	 0.86322600 	 0.00936000 	 0.00000000 	 0.00000000 	 0.05348621 	 99.23394000 	 0.19195800 	 0.00000000 	 0.00704303 	 0.93627495 	 0.00000000 	 0.01632511 	 0.00624000 	 0.04180800 	 0.00631800 	 12.31618986 	 9.08356800 	 4.81962000 	 0.14239157 	 0.00000000 	 1.89864800 	 0.00000000 	 0.01589989 	 0.94333200 	 0.21027571 	 5.13578473 	 5.93970000 	 19.01927090 	 507.39245799 	 144.28759184 	 104.04199406 	 1.17140394 	 12.44883585 	 2.51994605 	 7.71101416
2134 	 5.02641178 	 -0.16643911 	 452.87498021 	 9.76732192 	 12.38308795 	 0.85584800 	 0.00928000 	 0.00000000 	 0.00000000 	 0.05302906 	 98.38578667 	 0.19031733 	 0.00000000 	 0.00698283 	 0.92827260 	 0.00000000 	 0.01618558 	 0.00618667 	 0.04145067 	 0.00626400 	 12.21092328 	 9.00593067 	 4.77842667 	 0.14117454 	 0.00000000 	 1.88242024 	 0.00000000 	 0.01576399 	 0.93526933 	 0.20847849 	 5.09188914 	 5.88893333 	 18.90793368 	 505.46208058 	 143.37654853 	 103.94818058 	 1.17140394 	 12.44883585 	 2.50058878 	 7.65618678
2135 	 4.98308064 	 -0.15603666 	 451.73499330 	 9.75511952 	 12.28381658 	 0.84847000 	 0.00920000 	 0.00000000 	 0.00000000 	 0.05257191 	 97.53763333 	 0.18867667 	 0.00000000 	 0.00692264 	 0.92027025 	 0.00000000 	 0.01604605 	 0.00613333 	 0.04109333 	 0.00621000 	 12.10565670 	 8.92829333 	 4.73723333 	 0.13995752 	 0.00000000 	 1.86619248 	 0.00000000 	 0.01562810 	 0.92720667 	 0.20668126 	 5.04799354 	 5.83816667 	 18.79659647 	 503.53170317 	 142.46550521 	 103.85436710 	 1.17140394 	 12.44883585 	 2.48123150 	 7.60135940
2136 	 4.93974950 	 -0.14563422 	 450.59500638 	 9.74291712 	 12.18454521 	 0.84109200 	 0.00912000 	 0.00000000 	 0.00000000 	 0.05211476 	 96.68948000 	 0.18703600 	 0.00000000 	 0.00686244 	 0.91226790 	 0.00000000 	 0.01590652 	 0.00608000 	 0.04073600 	 0.00615600 	 12.00039012 	 8.85065600 	 4.69604000 	 0.13874050 	 0.00000000 	 1.84996472 	 0.00000000 	 0.01549220 	 0.91914400 	 0.20488403 	 5.00409794 	 5.78740000 	 18.68525925 	 501.60132576 	 141.55446190 	 103.76055362 	 1.17140394 	 12.44883585 	 2.46187422 	 7.54653202
2137 	 4.89641837 	 -0.13523178 	 449.45501947 	 9.73071471 	 12.08527384 	 0.83371400 	 0.00904000 	 0.00000000 	 0.00000000 	 0.05165762 	 95.84132667 	 0.18539533 	 0.00000000 	 0.00680224 	 0.90426555 	 0.00000000 	 0.01576699 	 0.00602667 	 0.04037867 	 0.00610200 	 11.89512354 	 8.77301867 	 4.65484667 	 0.13752348 	 0.00000000 	 1.83373696 	 0.00000000 	 0.01535630 	 0.91108133 	 0.20308680 	 4.96020235 	 5.73663333 	 18.57392204 	 499.67094835 	 140.64341858 	 103.66674014 	 1.17140394 	 12.44883585 	 2.44251694 	 7.49170464
2138 	 4.85308723 	 -0.12482933 	 448.31503256 	 9.71851231 	 11.98600247 	 0.82633600 	 0.00896000 	 0.00000000 	 0.00000000 	 0.05120047 	 94.99317333 	 0.18375467 	 0.00000000 	 0.00674205 	 0.89626320 	 0.00000000 	 0.01562746 	 0.00597333 	 0.04002133 	 0.00604800 	 11.78985696 	 8.69538133 	 4.61365333 	 0.13630646 	 0.00000000 	 1.81750919 	 0.00000000 	 0.01522041 	 0.90301867 	 0.20128957 	 4.91630675 	 5.68586667 	 18.46258482 	 497.74057094 	 139.73237527 	 103.57292666 	 1.17140394 	 12.44883585 	 2.42315966 	 7.43687726
2139 	 4.80975610 	 -0.11442689 	 447.17504564 	 9.70630990 	 11.88673110 	 0.81895800 	 0.00888000 	 0.00000000 	 0.00000000 	 0.05074332 	 94.14502000 	 0.18211400 	 0.00000000 	 0.00668185 	 0.88826085 	 0.00000000 	 0.01548792 	 0.00592000 	 0.03966400 	 0.00599400 	 11.68459038 	 8.61774400 	 4.57246000 	 0.13508943 	 0.00000000 	 1.80128143 	 0.00000000 	 0.01508451 	 0.89495600 	 0.19949234 	 4.87241116 	 5.63510000 	 18.35124760 	 495.81019353 	 138.82133195 	 103.47911318 	 1.17140394 	 12.44883585 	 2.40380239 	 7.38204988
2140 	 4.76642496 	 -0.10402444 	 446.03505873 	 9.69410750 	 11.78745973 	 0.81158000 	 0.00880000 	 0.00000000 	 0.00000000 	 0.05028618 	 93.29686667 	 0.18047333 	 0.00000000 	 0.00662165 	 0.88025850 	 0.00000000 	 0.01534839 	 0.00586667 	 0.03930667 	 0.00594000 	 11.57932380 	 8.54010667 	 4.53126667 	 0.13387241 	 0.00000000 	 1.78505367 	 0.00000000 	 0.01494861 	 0.88689333 	 0.19769512 	 4.82851556 	 5.58433333 	 18.23991039 	 493.87981612 	 137.91028864 	 103.38529970 	 1.17140394 	 12.44883585 	 2.38444511 	 7.32722250
2141 	 4.72309382 	 -0.09362200 	 444.89507182 	 9.68190510 	 11.68818836 	 0.80420200 	 0.00872000 	 0.00000000 	 0.00000000 	 0.04982903 	 92.44871333 	 0.17883267 	 0.00000000 	 0.00656146 	 0.87225615 	 0.00000000 	 0.01520886 	 0.00581333 	 0.03894933 	 0.00588600 	 11.47405722 	 8.46246933 	 4.49007333 	 0.13265539 	 0.00000000 	 1.76882591 	 0.00000000 	 0.01481272 	 0.87883067 	 0.19589789 	 4.78461996 	 5.53356667 	 18.12857317 	 491.94943871 	 136.99924533 	 103.29148622 	 1.17140394 	 12.44883585 	 2.36508783 	 7.27239512
2142 	 4.67976269 	 -0.08321955 	 443.75508490 	 9.66970269 	 11.58891699 	 0.79682400 	 0.00864000 	 0.00000000 	 0.00000000 	 0.04937188 	 91.60056000 	 0.17719200 	 0.00000000 	 0.00650126 	 0.86425380 	 0.00000000 	 0.01506933 	 0.00576000 	 0.03859200 	 0.00583200 	 11.36879064 	 8.38483200 	 4.44888000 	 0.13143837 	 0.00000000 	 1.75259815 	 0.00000000 	 0.01467682 	 0.87076800 	 0.19410066 	 4.74072437 	 5.48280000 	 18.01723596 	 490.01906130 	 136.08820201 	 103.19767274 	 1.17140394 	 12.44883585 	 2.34573055 	 7.21756774
2143 	 4.63643155 	 -0.07281711 	 442.61509799 	 9.65750029 	 11.48964562 	 0.78944600 	 0.00856000 	 0.00000000 	 0.00000000 	 0.04891474 	 90.75240667 	 0.17555133 	 0.00000000 	 0.00644106 	 0.85625145 	 0.00000000 	 0.01492980 	 0.00570667 	 0.03823467 	 0.00577800 	 11.26352406 	 8.30719467 	 4.40768667 	 0.13022135 	 0.00000000 	 1.73637039 	 0.00000000 	 0.01454092 	 0.86270533 	 0.19230343 	 4.69682877 	 5.43203333 	 17.90589874 	 488.08868389 	 135.17715870 	 103.10385926 	 1.17140394 	 12.44883585 	 2.32637328 	 7.16274036
2144 	 4.59310042 	 -0.06241467 	 441.47511108 	 9.64529789 	 11.39037425 	 0.78206800 	 0.00848000 	 0.00000000 	 0.00000000 	 0.04845759 	 89.90425333 	 0.17391067 	 0.00000000 	 0.00638087 	 0.84824910 	 0.00000000 	 0.01479027 	 0.00565333 	 0.03787733 	 0.00572400 	 11.15825748 	 8.22955733 	 4.36649333 	 0.12900432 	 0.00000000 	 1.72014263 	 0.00000000 	 0.01440503 	 0.85464267 	 0.19050620 	 4.65293318 	 5.38126667 	 17.79456153 	 486.15830648 	 134.26611538 	 103.01004578 	 1.17140394 	 12.44883585 	 2.30701600 	 7.10791298
2145 	 4.54976928 	 -0.05201222 	 440.33512416 	 9.63309548 	 11.29110288 	 0.77469000 	 0.00840000 	 0.00000000 	 0.00000000 	 0.04800044 	 89.05610000 	 0.17227000 	 0.00000000 	 0.00632067 	 0.84024675 	 0.00000000 	 0.01465074 	 0.00560000 	 0.03752000 	 0.00567000 	 11.05299090 	 8.15192000 	 4.32530000 	 0.12778730 	 0.00000000 	 1.70391487 	 0.00000000 	 0.01426913 	 0.84658000 	 0.18870897 	 4.60903758 	 5.33050000 	 17.68322431 	 484.22792907 	 133.35507207 	 102.91623230 	 1.17140394 	 12.44883585 	 2.28765872 	 7.05308560
2146 	 4.50643814 	 -0.04160978 	 439.19513725 	 9.62089308 	 11.19183151 	 0.76731200 	 0.00832000 	 0.00000000 	 0.00000000 	 0.04754329 	 88.20794667 	 0.17062933 	 0.00000000 	 0.00626047 	 0.83224440 	 0.00000000 	 0.01451121 	 0.00554667 	 0.03716267 	 0.00561600 	 10.94772432 	 8.07428267 	 4.28410667 	 0.12657028 	 0.00000000 	 1.68768711 	 0.00000000 	 0.01413324 	 0.83851733 	 0.18691175 	 4.56514198 	 5.27973333 	 17.57188709 	 482.29755166 	 132.44402875 	 102.82241882 	 1.17140394 	 12.44883585 	 2.26830144 	 6.99825822
2147 	 4.46310701 	 -0.03120733 	 438.05515034 	 9.60869067 	 11.09256014 	 0.75993400 	 0.00824000 	 0.00000000 	 0.00000000 	 0.04708615 	 87.35979333 	 0.16898867 	 0.00000000 	 0.00620027 	 0.82424205 	 0.00000000 	 0.01437168 	 0.00549333 	 0.03680533 	 0.00556200 	 10.84245774 	 7.99664533 	 4.24291333 	 0.12535326 	 0.00000000 	 1.67145935 	 0.00000000 	 0.01399734 	 0.83045467 	 0.18511452 	 4.52124639 	 5.22896667 	 17.46054988 	 480.36717425 	 131.53298544 	 102.72860534 	 1.17140394 	 12.44883585 	 2.24894416 	 6.94343084
2148 	 4.41977587 	 -0.02080489 	 436.91516342 	 9.59648827 	 10.99328877 	 0.75255600 	 0.00816000 	 0.00000000 	 0.00000000 	 0.04662900 	 86.51164000 	 0.16734800 	 0.00000000 	 0.00614008 	 0.81623970 	 0.00000000 	 0.01423215 	 0.00544000 	 0.03644800 	 0.00550800 	 10.73719116 	 7.91900800 	 4.20172000 	 0.12413624 	 0.00000000 	 1.65523159 	 0.00000000 	 0.01386144 	 0.82239200 	 0.18331729 	 4.47735079 	 5.17820000 	 17.34921266 	 478.43679684 	 130.62194213 	 102.63479186 	 1.17140394 	 12.44883585 	 2.22958689 	 6.88860346
2149 	 4.37644474 	 -0.01040244 	 435.77517651 	 9.58428587 	 10.89401740 	 0.74517800 	 0.00808000 	 0.00000000 	 0.00000000 	 0.04617185 	 85.66348667 	 0.16570733 	 0.00000000 	 0.00607988 	 0.80823735 	 0.00000000 	 0.01409262 	 0.00538667 	 0.03609067 	 0.00545400 	 10.63192458 	 7.84137067 	 4.16052667 	 0.12291922 	 0.00000000 	 1.63900383 	 0.00000000 	 0.01372555 	 0.81432933 	 0.18152006 	 4.43345520 	 5.12743333 	 17.23787545 	 476.50641943 	 129.71089881 	 102.54097838 	 1.17140394 	 12.44883585 	 2.21022961 	 6.83377608
2150 	 4.33311360 	 0.00000000 	 434.63518960 	 9.57208346 	 10.79474603 	 0.73780000 	 0.00800000 	 0.00000000 	 0.00000000 	 0.04571471 	 84.81533333 	 0.16406667 	 0.00000000 	 0.00601968 	 0.80023500 	 0.00000000 	 0.01395309 	 0.00533333 	 0.03573333 	 0.00540000 	 10.52665800 	 7.76373333 	 4.11933333 	 0.12170219 	 0.00000000 	 1.62277607 	 0.00000000 	 0.01358965 	 0.80626667 	 0.17972283 	 4.38955960 	 5.07666667 	 17.12653823 	 474.57604202 	 128.79985550 	 102.44716490 	 1.17140394 	 12.44883585 	 2.19087233 	 6.77894870
2151 	 4.28978246 	 0.00000000 	 433.49520268 	 9.55988106 	 10.69547466 	 0.73042200 	 0.00792000 	 0.00000000 	 0.00000000 	 0.04525756 	 83.96718000 	 0.16242600 	 0.00000000 	 0.00595949 	 0.79223265 	 0.00000000 	 0.01381355 	 0.00528000 	 0.03537600 	 0.00534600 	 10.42139142 	 7.68609600 	 4.07814000 	 0.12048517 	 0.00000000 	 1.60654831 	 0.00000000 	 0.01345375 	 0.79820400 	 0.17792561 	 4.34566400 	 5.02590000 	 17.01520101 	 472.64566461 	 127.88881218 	 102.35335141 	 1.17140394 	 12.44883585 	 2.17151505 	 6.72412132
2152 	 4.24645133 	 0.00000000 	 432.35521577 	 9.54767866 	 10.59620329 	 0.72304400 	 0.00784000 	 0.00000000 	 0.00000000 	 0.04480041 	 83.11902667 	 0.16078533 	 0.00000000 	 0.00589929 	 0.78423030 	 0.00000000 	 0.01367402 	 0.00522667 	 0.03501867 	 0.00529200 	 10.31612484 	 7.60845867 	 4.03694667 	 0.11926815 	 0.00000000 	 1.59032055 	 0.00000000 	 0.01331786 	 0.79014133 	 0.17612838 	 4.30176841 	 4.97513333 	 16.90386380 	 470.71528720 	 126.97776887 	 102.25953793 	 1.17140394 	 12.44883585 	 2.15215777 	 6.66929394
2153 	 4.20312019 	 0.00000000 	 431.21522886 	 9.53547625 	 10.49693192 	 0.71566600 	 0.00776000 	 0.00000000 	 0.00000000 	 0.04434326 	 82.27087333 	 0.15914467 	 0.00000000 	 0.00583909 	 0.77622795 	 0.00000000 	 0.01353449 	 0.00517333 	 0.03466133 	 0.00523800 	 10.21085826 	 7.53082133 	 3.99575333 	 0.11805113 	 0.00000000 	 1.57409278 	 0.00000000 	 0.01318196 	 0.78207867 	 0.17433115 	 4.25787281 	 4.92436667 	 16.79252658 	 468.78490979 	 126.06672555 	 102.16572445 	 1.17140394 	 12.44883585 	 2.13280050 	 6.61446656
2154 	 4.15978906 	 0.00000000 	 430.07524194 	 9.52327385 	 10.39766055 	 0.70828800 	 0.00768000 	 0.00000000 	 0.00000000 	 0.04388612 	 81.42272000 	 0.15750400 	 0.00000000 	 0.00577890 	 0.76822560 	 0.00000000 	 0.01339496 	 0.00512000 	 0.03430400 	 0.00518400 	 10.10559168 	 7.45318400 	 3.95456000 	 0.11683411 	 0.00000000 	 1.55786502 	 0.00000000 	 0.01304606 	 0.77401600 	 0.17253392 	 4.21397722 	 4.87360000 	 16.68118937 	 466.85453238 	 125.15568224 	 102.07191097 	 1.17140394 	 12.44883585 	 2.11344322 	 6.55963918
2155 	 4.11645792 	 0.00000000 	 428.93525503 	 9.51107145 	 10.29838918 	 0.70091000 	 0.00760000 	 0.00000000 	 0.00000000 	 0.04342897 	 80.57456667 	 0.15586333 	 0.00000000 	 0.00571870 	 0.76022325 	 0.00000000 	 0.01325543 	 0.00506667 	 0.03394667 	 0.00513000 	 10.00032510 	 7.37554667 	 3.91336667 	 0.11561708 	 0.00000000 	 1.54163726 	 0.00000000 	 0.01291017 	 0.76595333 	 0.17073669 	 4.17008162 	 4.82283333 	 16.56985215 	 464.92415497 	 124.24463893 	 101.97809749 	 1.17140394 	 12.44883585 	 2.09408594 	 6.50481180
2156 	 4.07312678 	 0.00000000 	 427.79526812 	 9.49886904 	 10.19911782 	 0.69353200 	 0.00752000 	 0.00000000 	 0.00000000 	 0.04297182 	 79.72641333 	 0.15422267 	 0.00000000 	 0.00565850 	 0.75222090 	 0.00000000 	 0.01311590 	 0.00501333 	 0.03358933 	 0.00507600 	 9.89505852 	 7.29790933 	 3.87217333 	 0.11440006 	 0.00000000 	 1.52540950 	 0.00000000 	 0.01277427 	 0.75789067 	 0.16893946 	 4.12618602 	 4.77206667 	 16.45851494 	 462.99377756 	 123.33359561 	 101.88428401 	 1.17140394 	 12.44883585 	 2.07472866 	 6.44998442
2157 	 4.02979565 	 0.00000000 	 426.65528120 	 9.48666664 	 10.09984645 	 0.68615400 	 0.00744000 	 0.00000000 	 0.00000000 	 0.04251468 	 78.87826000 	 0.15258200 	 0.00000000 	 0.00559831 	 0.74421855 	 0.00000000 	 0.01297637 	 0.00496000 	 0.03323200 	 0.00502200 	 9.78979194 	 7.22027200 	 3.83098000 	 0.11318304 	 0.00000000 	 1.50918174 	 0.00000000 	 0.01263837 	 0.74982800 	 0.16714224 	 4.08229043 	 4.72130000 	 16.34717772 	 461.06340015 	 122.42255230 	 101.79047053 	 1.17140394 	 12.44883585 	 2.05537139 	 6.39515704
2158 	 3.98646451 	 0.00000000 	 425.51529429 	 9.47446423 	 10.00057508 	 0.67877600 	 0.00736000 	 0.00000000 	 0.00000000 	 0.04205753 	 78.03010667 	 0.15094133 	 0.00000000 	 0.00553811 	 0.73621620 	 0.00000000 	 0.01283684 	 0.00490667 	 0.03287467 	 0.00496800 	 9.68452536 	 7.14263467 	 3.78978667 	 0.11196602 	 0.00000000 	 1.49295398 	 0.00000000 	 0.01250248 	 0.74176533 	 0.16534501 	 4.03839483 	 4.67053333 	 16.23584050 	 459.13302274 	 121.51150898 	 101.69665705 	 1.17140394 	 12.44883585 	 2.03601411 	 6.34032966
2159 	 3.94313338 	 0.00000000 	 424.37530738 	 9.46226183 	 9.90130371 	 0.67139800 	 0.00728000 	 0.00000000 	 0.00000000 	 0.04160038 	 77.18195333 	 0.14930067 	 0.00000000 	 0.00547791 	 0.72821385 	 0.00000000 	 0.01269731 	 0.00485333 	 0.03251733 	 0.00491400 	 9.57925878 	 7.06499733 	 3.74859333 	 0.11074900 	 0.00000000 	 1.47672622 	 0.00000000 	 0.01236658 	 0.73370267 	 0.16354778 	 3.99449924 	 4.61976667 	 16.12450329 	 457.20264533 	 120.60046567 	 101.60284357 	 1.17140394 	 12.44883585 	 2.01665683 	 6.28550228
2160 	 3.89980224 	 0.00000000 	 423.23532046 	 9.45005943 	 9.80203234 	 0.66402000 	 0.00720000 	 0.00000000 	 0.00000000 	 0.04114324 	 76.33380000 	 0.14766000 	 0.00000000 	 0.00541772 	 0.72021150 	 0.00000000 	 0.01255778 	 0.00480000 	 0.03216000 	 0.00486000 	 9.47399220 	 6.98736000 	 3.70740000 	 0.10953197 	 0.00000000 	 1.46049846 	 0.00000000 	 0.01223068 	 0.72564000 	 0.16175055 	 3.95060364 	 4.56900000 	 16.01316607 	 455.27226792 	 119.68942235 	 101.50903009 	 1.17140394 	 12.44883585 	 1.99729955 	 6.23067490
2161 	 3.85647110 	 0.00000000 	 422.09533355 	 9.43785702 	 9.70276097 	 0.65664200 	 0.00712000 	 0.00000000 	 0.00000000 	 0.04068609 	 75.48564667 	 0.14601933 	 0.00000000 	 0.00535752 	 0.71220915 	 0.00000000 	 0.01241825 	 0.00474667 	 0.03180267 	 0.00480600 	 9.36872562 	 6.90972267 	 3.66620667 	 0.10831495 	 0.00000000 	 1.44427070 	 0.00000000 	 0.01209479 	 0.71757733 	 0.15995332 	 3.90670804 	 4.51823333 	 15.90182886 	 453.34189051 	 118.77837904 	 101.41521661 	 1.17140394 	 12.44883585 	 1.97794227 	 6.17584752
2162 	 3.81313997 	 0.00000000 	 420.95534664 	 9.42565462 	 9.60348960 	 0.64926400 	 0.00704000 	 0.00000000 	 0.00000000 	 0.04022894 	 74.63749333 	 0.14437867 	 0.00000000 	 0.00529732 	 0.70420680 	 0.00000000 	 0.01227872 	 0.00469333 	 0.03144533 	 0.00475200 	 9.26345904 	 6.83208533 	 3.62501333 	 0.10709793 	 0.00000000 	 1.42804294 	 0.00000000 	 0.01195889 	 0.70951467 	 0.15815609 	 3.86281245 	 4.46746667 	 15.79049164 	 451.41151310 	 117.86733573 	 101.32140313 	 1.17140394 	 12.44883585 	 1.95858500 	 6.12102014
2163 	 3.76980883 	 0.00000000 	 419.81535972 	 9.41345222 	 9.50421823 	 0.64188600 	 0.00696000 	 0.00000000 	 0.00000000 	 0.03977179 	 73.78934000 	 0.14273800 	 0.00000000 	 0.00523713 	 0.69620445 	 0.00000000 	 0.01213918 	 0.00464000 	 0.03108800 	 0.00469800 	 9.15819246 	 6.75444800 	 3.58382000 	 0.10588091 	 0.00000000 	 1.41181518 	 0.00000000 	 0.01182299 	 0.70145200 	 0.15635886 	 3.81891685 	 4.41670000 	 15.67915442 	 449.48113569 	 116.95629241 	 101.22758965 	 1.17140394 	 12.44883585 	 1.93922772 	 6.06619276
2164 	 3.72647770 	 0.00000000 	 418.67537281 	 9.40124981 	 9.40494686 	 0.63450800 	 0.00688000 	 0.00000000 	 0.00000000 	 0.03931465 	 72.94118667 	 0.14109733 	 0.00000000 	 0.00517693 	 0.68820210 	 0.00000000 	 0.01199965 	 0.00458667 	 0.03073067 	 0.00464400 	 9.05292588 	 6.67681067 	 3.54262667 	 0.10466389 	 0.00000000 	 1.39558742 	 0.00000000 	 0.01168710 	 0.69338933 	 0.15456164 	 3.77502126 	 4.36593333 	 15.56781721 	 447.55075828 	 116.04524910 	 101.13377617 	 1.17140394 	 12.44883585 	 1.91987044 	 6.01136538
2165 	 3.68314656 	 0.00000000 	 417.53538590 	 9.38904741 	 9.30567549 	 0.62713000 	 0.00680000 	 0.00000000 	 0.00000000 	 0.03885750 	 72.09303333 	 0.13945667 	 0.00000000 	 0.00511673 	 0.68019975 	 0.00000000 	 0.01186012 	 0.00453333 	 0.03037333 	 0.00459000 	 8.94765930 	 6.59917333 	 3.50143333 	 0.10344686 	 0.00000000 	 1.37935966 	 0.00000000 	 0.01155120 	 0.68532667 	 0.15276441 	 3.73112566 	 4.31516667 	 15.45647999 	 445.62038087 	 115.13420578 	 101.03996269 	 1.17140394 	 12.44883585 	 1.90051316 	 5.95653800
2166 	 3.63981542 	 0.00000000 	 416.39539898 	 9.37684500 	 9.20640412 	 0.61975200 	 0.00672000 	 0.00000000 	 0.00000000 	 0.03840035 	 71.24488000 	 0.13781600 	 0.00000000 	 0.00505653 	 0.67219740 	 0.00000000 	 0.01172059 	 0.00448000 	 0.03001600 	 0.00453600 	 8.84239272 	 6.52153600 	 3.46024000 	 0.10222984 	 0.00000000 	 1.36313190 	 0.00000000 	 0.01141531 	 0.67726400 	 0.15096718 	 3.68723006 	 4.26440000 	 15.34514278 	 443.69000346 	 114.22316247 	 100.94614921 	 1.17140394 	 12.44883585 	 1.88115589 	 5.90171062
2167 	 3.59648429 	 0.00000000 	 415.25541207 	 9.36464260 	 9.10713275 	 0.61237400 	 0.00664000 	 0.00000000 	 0.00000000 	 0.03794321 	 70.39672667 	 0.13617533 	 0.00000000 	 0.00499634 	 0.66419505 	 0.00000000 	 0.01158106 	 0.00442667 	 0.02965867 	 0.00448200 	 8.73712614 	 6.44389867 	 3.41904667 	 0.10101282 	 0.00000000 	 1.34690414 	 0.00000000 	 0.01127941 	 0.66920133 	 0.14916995 	 3.64333447 	 4.21363333 	 15.23380556 	 441.75962605 	 113.31211915 	 100.85233573 	 1.17140394 	 12.44883585 	 1.86179861 	 5.84688324
2168 	 3.55315315 	 0.00000000 	 414.11542516 	 9.35244020 	 9.00786138 	 0.60499600 	 0.00656000 	 0.00000000 	 0.00000000 	 0.03748606 	 69.54857333 	 0.13453467 	 0.00000000 	 0.00493614 	 0.65619270 	 0.00000000 	 0.01144153 	 0.00437333 	 0.02930133 	 0.00442800 	 8.63185956 	 6.36626133 	 3.37785333 	 0.09979580 	 0.00000000 	 1.33067637 	 0.00000000 	 0.01114351 	 0.66113867 	 0.14737272 	 3.59943887 	 4.16286667 	 15.12246835 	 439.82924864 	 112.40107584 	 100.75852225 	 1.17140394 	 12.44883585 	 1.84244133 	 5.79205586
2169 	 3.50982202 	 0.00000000 	 412.97543824 	 9.34023779 	 8.90859001 	 0.59761800 	 0.00648000 	 0.00000000 	 0.00000000 	 0.03702891 	 68.70042000 	 0.13289400 	 0.00000000 	 0.00487594 	 0.64819035 	 0.00000000 	 0.01130200 	 0.00432000 	 0.02894400 	 0.00437400 	 8.52659298 	 6.28862400 	 3.33666000 	 0.09857878 	 0.00000000 	 1.31444861 	 0.00000000 	 0.01100762 	 0.65307600 	 0.14557549 	 3.55554328 	 4.11210000 	 15.01113113 	 437.89887123 	 111.49003253 	 100.66470877 	 1.17140394 	 12.44883585 	 1.82308405 	 5.73722848
2170 	 3.46649088 	 0.00000000 	 411.83545133 	 9.32803539 	 8.80931864 	 0.59024000 	 0.00640000 	 0.00000000 	 0.00000000 	 0.03657176 	 67.85226667 	 0.13125333 	 0.00000000 	 0.00481575 	 0.64018800 	 0.00000000 	 0.01116247 	 0.00426667 	 0.02858667 	 0.00432000 	 8.42132640 	 6.21098667 	 3.29546667 	 0.09736175 	 0.00000000 	 1.29822085 	 0.00000000 	 0.01087172 	 0.64501333 	 0.14377827 	 3.51164768 	 4.06133333 	 14.89979391 	 435.96849382 	 110.57898921 	 100.57089529 	 1.17140394 	 12.44883585 	 1.80372677 	 5.68240110
2171 	 3.42315974 	 0.00000000 	 410.69546442 	 9.31583299 	 8.71004727 	 0.58286200 	 0.00632000 	 0.00000000 	 0.00000000 	 0.03611462 	 67.00411333 	 0.12961267 	 0.00000000 	 0.00475555 	 0.63218565 	 0.00000000 	 0.01102294 	 0.00421333 	 0.02822933 	 0.00426600 	 8.31605982 	 6.13334933 	 3.25427333 	 0.09614473 	 0.00000000 	 1.28199309 	 0.00000000 	 0.01073582 	 0.63695067 	 0.14198104 	 3.46775208 	 4.01056667 	 14.78845670 	 434.03811641 	 109.66794590 	 100.47708181 	 1.17140394 	 12.44883585 	 1.78436950 	 5.62757372
2172 	 3.37982861 	 0.00000000 	 409.55547750 	 9.30363058 	 8.61077590 	 0.57548400 	 0.00624000 	 0.00000000 	 0.00000000 	 0.03565747 	 66.15596000 	 0.12797200 	 0.00000000 	 0.00469535 	 0.62418330 	 0.00000000 	 0.01088341 	 0.00416000 	 0.02787200 	 0.00421200 	 8.21079324 	 6.05571200 	 3.21308000 	 0.09492771 	 0.00000000 	 1.26576533 	 0.00000000 	 0.01059993 	 0.62888800 	 0.14018381 	 3.42385649 	 3.95980000 	 14.67711948 	 432.10773900 	 108.75690258 	 100.38326833 	 1.17140394 	 12.44883585 	 1.76501222 	 5.57274634
2173 	 3.33649747 	 0.00000000 	 408.41549059 	 9.29142818 	 8.51150453 	 0.56810600 	 0.00616000 	 0.00000000 	 0.00000000 	 0.03520032 	 65.30780667 	 0.12633133 	 0.00000000 	 0.00463516 	 0.61618095 	 0.00000000 	 0.01074388 	 0.00410667 	 0.02751467 	 0.00415800 	 8.10552666 	 5.97807467 	 3.17188667 	 0.09371069 	 0.00000000 	 1.24953757 	 0.00000000 	 0.01046403 	 0.62082533 	 0.13838658 	 3.37996089 	 3.90903333 	 14.56578227 	 430.17736159 	 107.84585927 	 100.28945485 	 1.17140394 	 12.44883585 	 1.74565494 	 5.51791896
2174 	 3.29316634 	 0.00000000 	 407.27550368 	 9.27922578 	 8.41223316 	 0.56072800 	 0.00608000 	 0.00000000 	 0.00000000 	 0.03474318 	 64.45965333 	 0.12469067 	 0.00000000 	 0.00457496 	 0.60817860 	 0.00000000 	 0.01060434 	 0.00405333 	 0.02715733 	 0.00410400 	 8.00026008 	 5.90043733 	 3.13069333 	 0.09249367 	 0.00000000 	 1.23330981 	 0.00000000 	 0.01032813 	 0.61276267 	 0.13658935 	 3.33606530 	 3.85826667 	 14.45444505 	 428.24698418 	 106.93481595 	 100.19564137 	 1.17140394 	 12.44883585 	 1.72629766 	 5.46309158
2175 	 3.24983520 	 0.00000000 	 406.13551676 	 9.26702337 	 8.31296179 	 0.55335000 	 0.00600000 	 0.00000000 	 0.00000000 	 0.03428603 	 63.61150000 	 0.12305000 	 0.00000000 	 0.00451476 	 0.60017625 	 0.00000000 	 0.01046481 	 0.00400000 	 0.02680000 	 0.00405000 	 7.89499350 	 5.82280000 	 3.08950000 	 0.09127664 	 0.00000000 	 1.21708205 	 0.00000000 	 0.01019224 	 0.60470000 	 0.13479212 	 3.29216970 	 3.80750000 	 14.34310783 	 426.31660677 	 106.02377264 	 100.10182789 	 1.17140394 	 12.44883585 	 1.70694039 	 5.40826420
2176 	 3.20650406 	 0.00000000 	 404.99552985 	 9.25482097 	 8.21369042 	 0.54597200 	 0.00592000 	 0.00000000 	 0.00000000 	 0.03382888 	 62.76334667 	 0.12140933 	 0.00000000 	 0.00445457 	 0.59217390 	 0.00000000 	 0.01032528 	 0.00394667 	 0.02644267 	 0.00399600 	 7.78972692 	 5.74516267 	 3.04830667 	 0.09005962 	 0.00000000 	 1.20085429 	 0.00000000 	 0.01005634 	 0.59663733 	 0.13299490 	 3.24827410 	 3.75673333 	 14.23177062 	 424.38622936 	 105.11272933 	 100.00801441 	 1.17140394 	 12.44883585 	 1.68758311 	 5.35343682
2177 	 3.16317293 	 0.00000000 	 403.85554294 	 9.24261856 	 8.11441905 	 0.53859400 	 0.00584000 	 0.00000000 	 0.00000000 	 0.03337174 	 61.91519333 	 0.11976867 	 0.00000000 	 0.00439437 	 0.58417155 	 0.00000000 	 0.01018575 	 0.00389333 	 0.02608533 	 0.00394200 	 7.68446034 	 5.66752533 	 3.00711333 	 0.08884260 	 0.00000000 	 1.18462653 	 0.00000000 	 0.00992044 	 0.58857467 	 0.13119767 	 3.20437851 	 3.70596667 	 14.12043340 	 422.45585195 	 104.20168601 	 99.91420093 	 1.17140394 	 12.44883585 	 1.66822583 	 5.29860944
2178 	 3.11984179 	 0.00000000 	 402.71555602 	 9.23041616 	 8.01514768 	 0.53121600 	 0.00576000 	 0.00000000 	 0.00000000 	 0.03291459 	 61.06704000 	 0.11812800 	 0.00000000 	 0.00433417 	 0.57616920 	 0.00000000 	 0.01004622 	 0.00384000 	 0.02572800 	 0.00388800 	 7.57919376 	 5.58988800 	 2.96592000 	 0.08762558 	 0.00000000 	 1.16839877 	 0.00000000 	 0.00978455 	 0.58051200 	 0.12940044 	 3.16048291 	 3.65520000 	 14.00909619 	 420.52547454 	 103.29064270 	 99.82038745 	 1.17140394 	 12.44883585 	 1.64886855 	 5.24378206
2179 	 3.07651066 	 0.00000000 	 401.57556911 	 9.21821376 	 7.91587631 	 0.52383800 	 0.00568000 	 0.00000000 	 0.00000000 	 0.03245744 	 60.21888667 	 0.11648733 	 0.00000000 	 0.00427398 	 0.56816685 	 0.00000000 	 0.00990669 	 0.00378667 	 0.02537067 	 0.00383400 	 7.47392718 	 5.51225067 	 2.92472667 	 0.08640856 	 0.00000000 	 1.15217101 	 0.00000000 	 0.00964865 	 0.57244933 	 0.12760321 	 3.11658732 	 3.60443333 	 13.89775897 	 418.59509713 	 102.37959938 	 99.72657397 	 1.17140394 	 12.44883585 	 1.62951127 	 5.18895468
2180 	 3.03317952 	 0.00000000 	 400.43558220 	 9.20601135 	 7.81660495 	 0.51646000 	 0.00560000 	 0.00000000 	 0.00000000 	 0.03200029 	 59.37073333 	 0.11484667 	 0.00000000 	 0.00421378 	 0.56016450 	 0.00000000 	 0.00976716 	 0.00373333 	 0.02501333 	 0.00378000 	 7.36866060 	 5.43461333 	 2.88353333 	 0.08519154 	 0.00000000 	 1.13594325 	 0.00000000 	 0.00951275 	 0.56438667 	 0.12580598 	 3.07269172 	 3.55366667 	 13.78642176 	 416.66471972 	 101.46855607 	 99.63276049 	 1.17140394 	 12.44883585 	 1.61015400 	 5.13412730
2181 	 2.98984838 	 0.00000000 	 399.29559528 	 9.19380895 	 7.71733358 	 0.50908200 	 0.00552000 	 0.00000000 	 0.00000000 	 0.03154315 	 58.52258000 	 0.11320600 	 0.00000000 	 0.00415358 	 0.55216215 	 0.00000000 	 0.00962763 	 0.00368000 	 0.02465600 	 0.00372600 	 7.26339402 	 5.35697600 	 2.84234000 	 0.08397451 	 0.00000000 	 1.11971549 	 0.00000000 	 0.00937686 	 0.55632400 	 0.12400876 	 3.02879612 	 3.50290000 	 13.67508454 	 414.73434231 	 100.55751275 	 99.53894701 	 1.17140394 	 12.44883585 	 1.59079672 	 5.07929992
2182 	 2.94651725 	 0.00000000 	 398.15560837 	 9.18160655 	 7.61806221 	 0.50170400 	 0.00544000 	 0.00000000 	 0.00000000 	 0.03108600 	 57.67442667 	 0.11156533 	 0.00000000 	 0.00409339 	 0.54415980 	 0.00000000 	 0.00948810 	 0.00362667 	 0.02429867 	 0.00367200 	 7.15812744 	 5.27933867 	 2.80114667 	 0.08275749 	 0.00000000 	 1.10348773 	 0.00000000 	 0.00924096 	 0.54826133 	 0.12221153 	 2.98490053 	 3.45213333 	 13.56374732 	 412.80396490 	 99.64646944 	 99.44513353 	 1.17140394 	 12.44883585 	 1.57143944 	 5.02447254
2183 	 2.90318611 	 0.00000000 	 397.01562146 	 9.16940414 	 7.51879084 	 0.49432600 	 0.00536000 	 0.00000000 	 0.00000000 	 0.03062885 	 56.82627333 	 0.10992467 	 0.00000000 	 0.00403319 	 0.53615745 	 0.00000000 	 0.00934857 	 0.00357333 	 0.02394133 	 0.00361800 	 7.05286086 	 5.20170133 	 2.75995333 	 0.08154047 	 0.00000000 	 1.08725996 	 0.00000000 	 0.00910507 	 0.54019867 	 0.12041430 	 2.94100493 	 3.40136667 	 13.45241011 	 410.87358749 	 98.73542613 	 99.35132005 	 1.17140394 	 12.44883585 	 1.55208216 	 4.96964516
2184 	 2.85985498 	 0.00000000 	 395.87563454 	 9.15720174 	 7.41951947 	 0.48694800 	 0.00528000 	 0.00000000 	 0.00000000 	 0.03017171 	 55.97812000 	 0.10828400 	 0.00000000 	 0.00397299 	 0.52815510 	 0.00000000 	 0.00920904 	 0.00352000 	 0.02358400 	 0.00356400 	 6.94759428 	 5.12406400 	 2.71876000 	 0.08032345 	 0.00000000 	 1.07103220 	 0.00000000 	 0.00896917 	 0.53213600 	 0.11861707 	 2.89710934 	 3.35060000 	 13.34107289 	 408.94321008 	 97.82438281 	 99.25750657 	 1.17140394 	 12.44883585 	 1.53272488 	 4.91481778
2185 	 2.81652384 	 0.00000000 	 394.73564763 	 9.14499933 	 7.32024810 	 0.47957000 	 0.00520000 	 0.00000000 	 0.00000000 	 0.02971456 	 55.12996667 	 0.10664333 	 0.00000000 	 0.00391279 	 0.52015275 	 0.00000000 	 0.00906951 	 0.00346667 	 0.02322667 	 0.00351000 	 6.84232770 	 5.04642667 	 2.67756667 	 0.07910643 	 0.00000000 	 1.05480444 	 0.00000000 	 0.00883327 	 0.52407333 	 0.11681984 	 2.85321374 	 3.29983333 	 13.22973568 	 407.01283267 	 96.91333950 	 99.16369309 	 1.17140394 	 12.44883585 	 1.51336761 	 4.85999040
2186 	 2.77319270 	 0.00000000 	 393.59566072 	 9.13279693 	 7.22097673 	 0.47219200 	 0.00512000 	 0.00000000 	 0.00000000 	 0.02925741 	 54.28181333 	 0.10500267 	 0.00000000 	 0.00385260 	 0.51215040 	 0.00000000 	 0.00892997 	 0.00341333 	 0.02286933 	 0.00345600 	 6.73706112 	 4.96878933 	 2.63637333 	 0.07788940 	 0.00000000 	 1.03857668 	 0.00000000 	 0.00869738 	 0.51601067 	 0.11502261 	 2.80931814 	 3.24906667 	 13.11839846 	 405.08245526 	 96.00229618 	 99.06987961 	 1.17140394 	 12.44883585 	 1.49401033 	 4.80516302
2187 	 2.72986157 	 0.00000000 	 392.45567380 	 9.12059453 	 7.12170536 	 0.46481400 	 0.00504000 	 0.00000000 	 0.00000000 	 0.02880026 	 53.43366000 	 0.10336200 	 0.00000000 	 0.00379240 	 0.50414805 	 0.00000000 	 0.00879044 	 0.00336000 	 0.02251200 	 0.00340200 	 6.63179454 	 4.89115200 	 2.59518000 	 0.07667238 	 0.00000000 	 1.02234892 	 0.00000000 	 0.00856148 	 0.50794800 	 0.11322539 	 2.76542255 	 3.19830000 	 13.00706124 	 403.15207785 	 95.09125287 	 98.97606613 	 1.17140394 	 12.44883585 	 1.47465305 	 4.75033564
2188 	 2.68653043 	 0.00000000 	 391.31568689 	 9.10839212 	 7.02243399 	 0.45743600 	 0.00496000 	 0.00000000 	 0.00000000 	 0.02834312 	 52.58550667 	 0.10172133 	 0.00000000 	 0.00373220 	 0.49614570 	 0.00000000 	 0.00865091 	 0.00330667 	 0.02215467 	 0.00334800 	 6.52652796 	 4.81351467 	 2.55398667 	 0.07545536 	 0.00000000 	 1.00612116 	 0.00000000 	 0.00842558 	 0.49988533 	 0.11142816 	 2.72152695 	 3.14753333 	 12.89572403 	 401.22170044 	 94.18020955 	 98.88225265 	 1.17140394 	 12.44883585 	 1.45529577 	 4.69550826
2189 	 2.64319930 	 0.00000000 	 390.17569998 	 9.09618972 	 6.92316262 	 0.45005800 	 0.00488000 	 0.00000000 	 0.00000000 	 0.02788597 	 51.73735333 	 0.10008067 	 0.00000000 	 0.00367201 	 0.48814335 	 0.00000000 	 0.00851138 	 0.00325333 	 0.02179733 	 0.00329400 	 6.42126138 	 4.73587733 	 2.51279333 	 0.07423834 	 0.00000000 	 0.98989340 	 0.00000000 	 0.00828969 	 0.49182267 	 0.10963093 	 2.67763136 	 3.09676667 	 12.78438681 	 399.29132303 	 93.26916624 	 98.78843917 	 1.17140394 	 12.44883585 	 1.43593850 	 4.64068088
2190 	 2.59986816 	 0.00000000 	 389.03571306 	 9.08398732 	 6.82389125 	 0.44268000 	 0.00480000 	 0.00000000 	 0.00000000 	 0.02742882 	 50.88920000 	 0.09844000 	 0.00000000 	 0.00361181 	 0.48014100 	 0.00000000 	 0.00837185 	 0.00320000 	 0.02144000 	 0.00324000 	 6.31599480 	 4.65824000 	 2.47160000 	 0.07302132 	 0.00000000 	 0.97366564 	 0.00000000 	 0.00815379 	 0.48376000 	 0.10783370 	 2.63373576 	 3.04600000 	 12.67304960 	 397.36094562 	 92.35812293 	 98.69462569 	 1.17140394 	 12.44883585 	 1.41658122 	 4.58585350
2191 	 2.55653702 	 0.00000000 	 387.89572615 	 9.07178491 	 6.72461988 	 0.43530200 	 0.00472000 	 0.00000000 	 0.00000000 	 0.02697168 	 50.04104667 	 0.09679933 	 0.00000000 	 0.00355161 	 0.47213865 	 0.00000000 	 0.00823232 	 0.00314667 	 0.02108267 	 0.00318600 	 6.21072822 	 4.58060267 	 2.43040667 	 0.07180429 	 0.00000000 	 0.95743788 	 0.00000000 	 0.00801789 	 0.47569733 	 0.10603647 	 2.58984016 	 2.99523333 	 12.56171238 	 395.43056821 	 91.44707961 	 98.60081221 	 1.17140394 	 12.44883585 	 1.39722394 	 4.53102612
2192 	 2.51320589 	 0.00000000 	 386.75573924 	 9.05958251 	 6.62534851 	 0.42792400 	 0.00464000 	 0.00000000 	 0.00000000 	 0.02651453 	 49.19289333 	 0.09515867 	 0.00000000 	 0.00349142 	 0.46413630 	 0.00000000 	 0.00809279 	 0.00309333 	 0.02072533 	 0.00313200 	 6.10546164 	 4.50296533 	 2.38921333 	 0.07058727 	 0.00000000 	 0.94121012 	 0.00000000 	 0.00788200 	 0.46763467 	 0.10423924 	 2.54594457 	 2.94446667 	 12.45037516 	 393.50019080 	 90.53603630 	 98.50699873 	 1.17140394 	 12.44883585 	 1.37786666 	 4.47619874
2193 	 2.46987475 	 0.00000000 	 385.61575232 	 9.04738011 	 6.52607714 	 0.42054600 	 0.00456000 	 0.00000000 	 0.00000000 	 0.02605738 	 48.34474000 	 0.09351800 	 0.00000000 	 0.00343122 	 0.45613395 	 0.00000000 	 0.00795326 	 0.00304000 	 0.02036800 	 0.00307800 	 6.00019506 	 4.42532800 	 2.34802000 	 0.06937025 	 0.00000000 	 0.92498236 	 0.00000000 	 0.00774610 	 0.45957200 	 0.10244201 	 2.50204897 	 2.89370000 	 12.33903795 	 391.56981339 	 89.62499298 	 98.41318525 	 1.17140394 	 12.44883585 	 1.35850938 	 4.42137136
2194 	 2.42654362 	 0.00000000 	 384.47576541 	 9.03517770 	 6.42680577 	 0.41316800 	 0.00448000 	 0.00000000 	 0.00000000 	 0.02560024 	 47.49658667 	 0.09187733 	 0.00000000 	 0.00337102 	 0.44813160 	 0.00000000 	 0.00781373 	 0.00298667 	 0.02001067 	 0.00302400 	 5.89492848 	 4.34769067 	 2.30682667 	 0.06815323 	 0.00000000 	 0.90875460 	 0.00000000 	 0.00761020 	 0.45150933 	 0.10064479 	 2.45815338 	 2.84293333 	 12.22770073 	 389.63943598 	 88.71394967 	 98.31937177 	 1.17140394 	 12.44883585 	 1.33915211 	 4.36654398
2195 	 2.38321248 	 0.00000000 	 383.33577850 	 9.02297530 	 6.32753440 	 0.40579000 	 0.00440000 	 0.00000000 	 0.00000000 	 0.02514309 	 46.64843333 	 0.09023667 	 0.00000000 	 0.00331083 	 0.44012925 	 0.00000000 	 0.00767420 	 0.00293333 	 0.01965333 	 0.00297000 	 5.78966190 	 4.27005333 	 2.26563333 	 0.06693621 	 0.00000000 	 0.89252684 	 0.00000000 	 0.00747431 	 0.44344667 	 0.09884756 	 2.41425778 	 2.79216667 	 12.11636352 	 387.70905857 	 87.80290635 	 98.22555829 	 1.17140394 	 12.44883585 	 1.31979483 	 4.31171660
2196 	 2.33988134 	 0.00000000 	 382.19579158 	 9.01077289 	 6.22826303 	 0.39841200 	 0.00432000 	 0.00000000 	 0.00000000 	 0.02468594 	 45.80028000 	 0.08859600 	 0.00000000 	 0.00325063 	 0.43212690 	 0.00000000 	 0.00753467 	 0.00288000 	 0.01929600 	 0.00291600 	 5.68439532 	 4.19241600 	 2.22444000 	 0.06571918 	 0.00000000 	 0.87629908 	 0.00000000 	 0.00733841 	 0.43538400 	 0.09705033 	 2.37036218 	 2.74140000 	 12.00502630 	 385.77868116 	 86.89186304 	 98.13174481 	 1.17140394 	 12.44883585 	 1.30043755 	 4.25688922
2197 	 2.29655021 	 0.00000000 	 381.05580467 	 8.99857049 	 6.12899166 	 0.39103400 	 0.00424000 	 0.00000000 	 0.00000000 	 0.02422879 	 44.95212667 	 0.08695533 	 0.00000000 	 0.00319043 	 0.42412455 	 0.00000000 	 0.00739514 	 0.00282667 	 0.01893867 	 0.00286200 	 5.57912874 	 4.11477867 	 2.18324667 	 0.06450216 	 0.00000000 	 0.86007132 	 0.00000000 	 0.00720251 	 0.42732133 	 0.09525310 	 2.32646659 	 2.69063333 	 11.89368909 	 383.84830375 	 85.98081973 	 98.03793133 	 1.17140394 	 12.44883585 	 1.28108027 	 4.20206184
2198 	 2.25321907 	 0.00000000 	 379.91581776 	 8.98636809 	 6.02972029 	 0.38365600 	 0.00416000 	 0.00000000 	 0.00000000 	 0.02377165 	 44.10397333 	 0.08531467 	 0.00000000 	 0.00313024 	 0.41612220 	 0.00000000 	 0.00725560 	 0.00277333 	 0.01858133 	 0.00280800 	 5.47386216 	 4.03714133 	 2.14205333 	 0.06328514 	 0.00000000 	 0.84384355 	 0.00000000 	 0.00706662 	 0.41925867 	 0.09345587 	 2.28257099 	 2.63986667 	 11.78235187 	 381.91792634 	 85.06977641 	 97.94411785 	 1.17140394 	 12.44883585 	 1.26172300 	 4.14723446
2199 	 2.20988794 	 0.00000000 	 378.77583084 	 8.97416568 	 5.93044892 	 0.37627800 	 0.00408000 	 0.00000000 	 0.00000000 	 0.02331450 	 43.25582000 	 0.08367400 	 0.00000000 	 0.00307004 	 0.40811985 	 0.00000000 	 0.00711607 	 0.00272000 	 0.01822400 	 0.00275400 	 5.36859558 	 3.95950400 	 2.10086000 	 0.06206812 	 0.00000000 	 0.82761579 	 0.00000000 	 0.00693072 	 0.41119600 	 0.09165864 	 2.23867540 	 2.58910000 	 11.67101465 	 379.98754893 	 84.15873310 	 97.85030437 	 1.17140394 	 12.44883585 	 1.24236572 	 4.09240708
2200 	 2.16655680 	 0.00000000 	 377.63584393 	 8.96196328 	 5.83117755 	 0.36890000 	 0.00400000 	 0.00000000 	 0.00000000 	 0.02285735 	 42.40766667 	 0.08203333 	 0.00000000 	 0.00300984 	 0.40011750 	 0.00000000 	 0.00697654 	 0.00266667 	 0.01786667 	 0.00270000 	 5.26332900 	 3.88186667 	 2.05966667 	 0.06085110 	 0.00000000 	 0.81138803 	 0.00000000 	 0.00679482 	 0.40313333 	 0.08986142 	 2.19477980 	 2.53833333 	 11.55967744 	 378.05717152 	 83.24768978 	 97.75649089 	 1.17140394 	 12.44883585 	 1.22300844 	 4.03757969
2201 	 2.12322566 	 0.00000000 	 376.49585702 	 8.94976088 	 5.73190618 	 0.36152200 	 0.00392000 	 0.00000000 	 0.00000000 	 0.02240021 	 41.55951333 	 0.08039267 	 0.00000000 	 0.00294965 	 0.39211515 	 0.00000000 	 0.00683701 	 0.00261333 	 0.01750933 	 0.00264600 	 5.15806242 	 3.80422933 	 2.01847333 	 0.05963407 	 0.00000000 	 0.79516027 	 0.00000000 	 0.00665893 	 0.39507067 	 0.08806419 	 2.15088420 	 2.48756667 	 11.44834022 	 376.12679411 	 82.33664647 	 97.66267741 	 1.17140394 	 12.44883585 	 1.20365116 	 3.98275231
2202 	 2.07989453 	 0.00000000 	 375.35587010 	 8.93755847 	 5.63263481 	 0.35414400 	 0.00384000 	 0.00000000 	 0.00000000 	 0.02194306 	 40.71136000 	 0.07875200 	 0.00000000 	 0.00288945 	 0.38411280 	 0.00000000 	 0.00669748 	 0.00256000 	 0.01715200 	 0.00259200 	 5.05279584 	 3.72659200 	 1.97728000 	 0.05841705 	 0.00000000 	 0.77893251 	 0.00000000 	 0.00652303 	 0.38700800 	 0.08626696 	 2.10698861 	 2.43680000 	 11.33700301 	 374.19641670 	 81.42560315 	 97.56886392 	 1.17140394 	 12.44883585 	 1.18429388 	 3.92792493
2203 	 2.03656339 	 0.00000000 	 374.21588319 	 8.92535607 	 5.53336344 	 0.34676600 	 0.00376000 	 0.00000000 	 0.00000000 	 0.02148591 	 39.86320667 	 0.07711133 	 0.00000000 	 0.00282925 	 0.37611045 	 0.00000000 	 0.00655795 	 0.00250667 	 0.01679467 	 0.00253800 	 4.94752926 	 3.64895467 	 1.93608667 	 0.05720003 	 0.00000000 	 0.76270475 	 0.00000000 	 0.00638714 	 0.37894533 	 0.08446973 	 2.06309301 	 2.38603333 	 11.22566579 	 372.26603929 	 80.51455984 	 97.47505044 	 1.17140394 	 12.44883585 	 1.16493661 	 3.87309755
2204 	 1.99323226 	 0.00000000 	 373.07589628 	 8.91315366 	 5.43409208 	 0.33938800 	 0.00368000 	 0.00000000 	 0.00000000 	 0.02102876 	 39.01505333 	 0.07547067 	 0.00000000 	 0.00276905 	 0.36810810 	 0.00000000 	 0.00641842 	 0.00245333 	 0.01643733 	 0.00248400 	 4.84226268 	 3.57131733 	 1.89489333 	 0.05598301 	 0.00000000 	 0.74647699 	 0.00000000 	 0.00625124 	 0.37088267 	 0.08267250 	 2.01919742 	 2.33526667 	 11.11432857 	 370.33566188 	 79.60351653 	 97.38123696 	 1.17140394 	 12.44883585 	 1.14557933 	 3.81827017
2205 	 1.94990112 	 0.00000000 	 371.93590936 	 8.90095126 	 5.33482071 	 0.33201000 	 0.00360000 	 0.00000000 	 0.00000000 	 0.02057162 	 38.16690000 	 0.07383000 	 0.00000000 	 0.00270886 	 0.36010575 	 0.00000000 	 0.00627889 	 0.00240000 	 0.01608000 	 0.00243000 	 4.73699610 	 3.49368000 	 1.85370000 	 0.05476599 	 0.00000000 	 0.73024923 	 0.00000000 	 0.00611534 	 0.36282000 	 0.08087528 	 1.97530182 	 2.28450000 	 11.00299136 	 368.40528447 	 78.69247321 	 97.28742348 	 1.17140394 	 12.44883585 	 1.12622205 	 3.76344279
2206 	 1.90656998 	 0.00000000 	 370.79592245 	 8.88874886 	 5.23554934 	 0.32463200 	 0.00352000 	 0.00000000 	 0.00000000 	 0.02011447 	 37.31874667 	 0.07218933 	 0.00000000 	 0.00264866 	 0.35210340 	 0.00000000 	 0.00613936 	 0.00234667 	 0.01572267 	 0.00237600 	 4.63172952 	 3.41604267 	 1.81250667 	 0.05354897 	 0.00000000 	 0.71402147 	 0.00000000 	 0.00597945 	 0.35475733 	 0.07907805 	 1.93140622 	 2.23373333 	 10.89165414 	 366.47490706 	 77.78142990 	 97.19361000 	 1.17140394 	 12.44883585 	 1.10686477 	 3.70861541
2207 	 1.86323885 	 0.00000000 	 369.65593554 	 8.87654645 	 5.13627797 	 0.31725400 	 0.00344000 	 0.00000000 	 0.00000000 	 0.01965732 	 36.47059333 	 0.07054867 	 0.00000000 	 0.00258846 	 0.34410105 	 0.00000000 	 0.00599983 	 0.00229333 	 0.01536533 	 0.00232200 	 4.52646294 	 3.33840533 	 1.77131333 	 0.05233194 	 0.00000000 	 0.69779371 	 0.00000000 	 0.00584355 	 0.34669467 	 0.07728082 	 1.88751063 	 2.18296667 	 10.78031693 	 364.54452965 	 76.87038658 	 97.09979652 	 1.17140394 	 12.44883585 	 1.08750750 	 3.65378803
2208 	 1.81990771 	 0.00000000 	 368.51594862 	 8.86434405 	 5.03700660 	 0.30987600 	 0.00336000 	 0.00000000 	 0.00000000 	 0.01920018 	 35.62244000 	 0.06890800 	 0.00000000 	 0.00252827 	 0.33609870 	 0.00000000 	 0.00586030 	 0.00224000 	 0.01500800 	 0.00226800 	 4.42119636 	 3.26076800 	 1.73012000 	 0.05111492 	 0.00000000 	 0.68156595 	 0.00000000 	 0.00570765 	 0.33863200 	 0.07548359 	 1.84361503 	 2.13220000 	 10.66897971 	 362.61415224 	 75.95934327 	 97.00598304 	 1.17140394 	 12.44883585 	 1.06815022 	 3.59896065
2209 	 1.77657658 	 0.00000000 	 367.37596171 	 8.85214165 	 4.93773523 	 0.30249800 	 0.00328000 	 0.00000000 	 0.00000000 	 0.01874303 	 34.77428667 	 0.06726733 	 0.00000000 	 0.00246807 	 0.32809635 	 0.00000000 	 0.00572076 	 0.00218667 	 0.01465067 	 0.00221400 	 4.31592978 	 3.18313067 	 1.68892667 	 0.04989790 	 0.00000000 	 0.66533819 	 0.00000000 	 0.00557176 	 0.33056933 	 0.07368636 	 1.79971944 	 2.08143333 	 10.55764250 	 360.68377483 	 75.04829995 	 96.91216956 	 1.17140394 	 12.44883585 	 1.04879294 	 3.54413327
2210 	 1.73324544 	 0.00000000 	 366.23597480 	 8.83993924 	 4.83846386 	 0.29512000 	 0.00320000 	 0.00000000 	 0.00000000 	 0.01828588 	 33.92613333 	 0.06562667 	 0.00000000 	 0.00240787 	 0.32009400 	 0.00000000 	 0.00558123 	 0.00213333 	 0.01429333 	 0.00216000 	 4.21066320 	 3.10549333 	 1.64773333 	 0.04868088 	 0.00000000 	 0.64911043 	 0.00000000 	 0.00543586 	 0.32250667 	 0.07188913 	 1.75582384 	 2.03066667 	 10.44630528 	 358.75339742 	 74.13725664 	 96.81835608 	 1.17140394 	 12.44883585 	 1.02943566 	 3.48930589
2211 	 1.68991430 	 0.00000000 	 365.09598788 	 8.82773684 	 4.73919249 	 0.28774200 	 0.00312000 	 0.00000000 	 0.00000000 	 0.01782874 	 33.07798000 	 0.06398600 	 0.00000000 	 0.00234768 	 0.31209165 	 0.00000000 	 0.00544170 	 0.00208000 	 0.01393600 	 0.00210600 	 4.10539662 	 3.02785600 	 1.60654000 	 0.04746386 	 0.00000000 	 0.63288267 	 0.00000000 	 0.00529996 	 0.31444400 	 0.07009191 	 1.71192824 	 1.97990000 	 10.33496806 	 356.82302001 	 73.22621333 	 96.72454260 	 1.17140394 	 12.44883585 	 1.01007838 	 3.43447851
2212 	 1.64658317 	 0.00000000 	 363.95600097 	 8.81553444 	 4.63992112 	 0.28036400 	 0.00304000 	 0.00000000 	 0.00000000 	 0.01737159 	 32.22982667 	 0.06234533 	 0.00000000 	 0.00228748 	 0.30408930 	 0.00000000 	 0.00530217 	 0.00202667 	 0.01357867 	 0.00205200 	 4.00013004 	 2.95021867 	 1.56534667 	 0.04624683 	 0.00000000 	 0.61665491 	 0.00000000 	 0.00516407 	 0.30638133 	 0.06829468 	 1.66803265 	 1.92913333 	 10.22363085 	 354.89264260 	 72.31517001 	 96.63072912 	 1.17140394 	 12.44883585 	 0.99072111 	 3.37965113
2213 	 1.60325203 	 0.00000000 	 362.81601406 	 8.80333203 	 4.54064975 	 0.27298600 	 0.00296000 	 0.00000000 	 0.00000000 	 0.01691444 	 31.38167333 	 0.06070467 	 0.00000000 	 0.00222728 	 0.29608695 	 0.00000000 	 0.00516264 	 0.00197333 	 0.01322133 	 0.00199800 	 3.89486346 	 2.87258133 	 1.52415333 	 0.04502981 	 0.00000000 	 0.60042714 	 0.00000000 	 0.00502817 	 0.29831867 	 0.06649745 	 1.62413705 	 1.87836667 	 10.11229363 	 352.96226519 	 71.40412670 	 96.53691564 	 1.17140394 	 12.44883585 	 0.97136383 	 3.32482375
2214 	 1.55992090 	 0.00000000 	 361.67602714 	 8.79112963 	 4.44137838 	 0.26560800 	 0.00288000 	 0.00000000 	 0.00000000 	 0.01645729 	 30.53352000 	 0.05906400 	 0.00000000 	 0.00216709 	 0.28808460 	 0.00000000 	 0.00502311 	 0.00192000 	 0.01286400 	 0.00194400 	 3.78959688 	 2.79494400 	 1.48296000 	 0.04381279 	 0.00000000 	 0.58419938 	 0.00000000 	 0.00489227 	 0.29025600 	 0.06470022 	 1.58024146 	 1.82760000 	 10.00095642 	 351.03188778 	 70.49308338 	 96.44310216 	 1.17140394 	 12.44883585 	 0.95200655 	 3.26999637
2215 	 1.51658976 	 0.00000000 	 360.53604023 	 8.77892722 	 4.34210701 	 0.25823000 	 0.00280000 	 0.00000000 	 0.00000000 	 0.01600015 	 29.68536667 	 0.05742333 	 0.00000000 	 0.00210689 	 0.28008225 	 0.00000000 	 0.00488358 	 0.00186667 	 0.01250667 	 0.00189000 	 3.68433030 	 2.71730667 	 1.44176667 	 0.04259577 	 0.00000000 	 0.56797162 	 0.00000000 	 0.00475638 	 0.28219333 	 0.06290299 	 1.53634586 	 1.77683333 	 9.88961920 	 349.10151037 	 69.58204007 	 96.34928868 	 1.17140394 	 12.44883585 	 0.93264927 	 3.21516899
2216 	 1.47325862 	 0.00000000 	 359.39605331 	 8.76672482 	 4.24283564 	 0.25085200 	 0.00272000 	 0.00000000 	 0.00000000 	 0.01554300 	 28.83721333 	 0.05578267 	 0.00000000 	 0.00204669 	 0.27207990 	 0.00000000 	 0.00474405 	 0.00181333 	 0.01214933 	 0.00183600 	 3.57906372 	 2.63966933 	 1.40057333 	 0.04137875 	 0.00000000 	 0.55174386 	 0.00000000 	 0.00462048 	 0.27413067 	 0.06110576 	 1.49245026 	 1.72606667 	 9.77828198 	 347.17113296 	 68.67099675 	 96.25547520 	 1.17140394 	 12.44883585 	 0.91329199 	 3.16034161
2217 	 1.42992749 	 0.00000000 	 358.25606640 	 8.75452242 	 4.14356427 	 0.24347400 	 0.00264000 	 0.00000000 	 0.00000000 	 0.01508585 	 27.98906000 	 0.05414200 	 0.00000000 	 0.00198650 	 0.26407755 	 0.00000000 	 0.00460452 	 0.00176000 	 0.01179200 	 0.00178200 	 3.47379714 	 2.56203200 	 1.35938000 	 0.04016172 	 0.00000000 	 0.53551610 	 0.00000000 	 0.00448458 	 0.26606800 	 0.05930854 	 1.44855467 	 1.67530000 	 9.66694477 	 345.24075555 	 67.75995344 	 96.16166172 	 1.17140394 	 12.44883585 	 0.89393472 	 3.10551423
2218 	 1.38659635 	 0.00000000 	 357.11607949 	 8.74232001 	 4.04429290 	 0.23609600 	 0.00256000 	 0.00000000 	 0.00000000 	 0.01462871 	 27.14090667 	 0.05250133 	 0.00000000 	 0.00192630 	 0.25607520 	 0.00000000 	 0.00446499 	 0.00170667 	 0.01143467 	 0.00172800 	 3.36853056 	 2.48439467 	 1.31818667 	 0.03894470 	 0.00000000 	 0.51928834 	 0.00000000 	 0.00434869 	 0.25800533 	 0.05751131 	 1.40465907 	 1.62453333 	 9.55560755 	 343.31037814 	 66.84891013 	 96.06784824 	 1.17140394 	 12.44883585 	 0.87457744 	 3.05068685
2219 	 1.34326522 	 0.00000000 	 355.97609257 	 8.73011761 	 3.94502153 	 0.22871800 	 0.00248000 	 0.00000000 	 0.00000000 	 0.01417156 	 26.29275333 	 0.05086067 	 0.00000000 	 0.00186610 	 0.24807285 	 0.00000000 	 0.00432546 	 0.00165333 	 0.01107733 	 0.00167400 	 3.26326398 	 2.40675733 	 1.27699333 	 0.03772768 	 0.00000000 	 0.50306058 	 0.00000000 	 0.00421279 	 0.24994267 	 0.05571408 	 1.36076348 	 1.57376667 	 9.44427034 	 341.38000073 	 65.93786681 	 95.97403476 	 1.17140394 	 12.44883585 	 0.85522016 	 2.99585947
2220 	 1.29993408 	 0.00000000 	 354.83610566 	 8.71791521 	 3.84575016 	 0.22134000 	 0.00240000 	 0.00000000 	 0.00000000 	 0.01371441 	 25.44460000 	 0.04922000 	 0.00000000 	 0.00180591 	 0.24007050 	 0.00000000 	 0.00418593 	 0.00160000 	 0.01072000 	 0.00162000 	 3.15799740 	 2.32912000 	 1.23580000 	 0.03651066 	 0.00000000 	 0.48683282 	 0.00000000 	 0.00407689 	 0.24188000 	 0.05391685 	 1.31686788 	 1.52300000 	 9.33293312 	 339.44962332 	 65.02682350 	 95.88022128 	 1.17140394 	 12.44883585 	 0.83586288 	 2.94103209
2221 	 1.25660294 	 0.00000000 	 353.69611875 	 8.70571280 	 3.74647879 	 0.21396200 	 0.00232000 	 0.00000000 	 0.00000000 	 0.01325726 	 24.59644667 	 0.04757933 	 0.00000000 	 0.00174571 	 0.23206815 	 0.00000000 	 0.00404639 	 0.00154667 	 0.01036267 	 0.00156600 	 3.05273082 	 2.25148267 	 1.19460667 	 0.03529364 	 0.00000000 	 0.47060506 	 0.00000000 	 0.00394100 	 0.23381733 	 0.05211962 	 1.27297228 	 1.47223333 	 9.22159591 	 337.51924591 	 64.11578018 	 95.78640780 	 1.17140394 	 12.44883585 	 0.81650561 	 2.88620471
2222 	 1.21327181 	 0.00000000 	 352.55613183 	 8.69351040 	 3.64720742 	 0.20658400 	 0.00224000 	 0.00000000 	 0.00000000 	 0.01280012 	 23.74829333 	 0.04593867 	 0.00000000 	 0.00168551 	 0.22406580 	 0.00000000 	 0.00390686 	 0.00149333 	 0.01000533 	 0.00151200 	 2.94746424 	 2.17384533 	 1.15341333 	 0.03407661 	 0.00000000 	 0.45437730 	 0.00000000 	 0.00380510 	 0.22575467 	 0.05032239 	 1.22907669 	 1.42146667 	 9.11025869 	 335.58886850 	 63.20473687 	 95.69259432 	 1.17140394 	 12.44883585 	 0.79714833 	 2.83137733
2223 	 1.16994067 	 0.00000000 	 351.41614492 	 8.68130799 	 3.54793605 	 0.19920600 	 0.00216000 	 0.00000000 	 0.00000000 	 0.01234297 	 22.90014000 	 0.04429800 	 0.00000000 	 0.00162531 	 0.21606345 	 0.00000000 	 0.00376733 	 0.00144000 	 0.00964800 	 0.00145800 	 2.84219766 	 2.09620800 	 1.11222000 	 0.03285959 	 0.00000000 	 0.43814954 	 0.00000000 	 0.00366921 	 0.21769200 	 0.04852516 	 1.18518109 	 1.37070000 	 8.99892147 	 333.65849109 	 62.29369355 	 95.59878084 	 1.17140394 	 12.44883585 	 0.77779105 	 2.77654995
2224 	 1.12660954 	 0.00000000 	 350.27615801 	 8.66910559 	 3.44866468 	 0.19182800 	 0.00208000 	 0.00000000 	 0.00000000 	 0.01188582 	 22.05198667 	 0.04265733 	 0.00000000 	 0.00156512 	 0.20806110 	 0.00000000 	 0.00362780 	 0.00138667 	 0.00929067 	 0.00140400 	 2.73693108 	 2.01857067 	 1.07102667 	 0.03164257 	 0.00000000 	 0.42192178 	 0.00000000 	 0.00353331 	 0.20962933 	 0.04672794 	 1.14128550 	 1.31993333 	 8.88758426 	 331.72811368 	 61.38265024 	 95.50496736 	 1.17140394 	 12.44883585 	 0.75843377 	 2.72172257
2225 	 1.08327840 	 0.00000000 	 349.13617109 	 8.65690319 	 3.34939331 	 0.18445000 	 0.00200000 	 0.00000000 	 0.00000000 	 0.01142868 	 21.20383333 	 0.04101667 	 0.00000000 	 0.00150492 	 0.20005875 	 0.00000000 	 0.00348827 	 0.00133333 	 0.00893333 	 0.00135000 	 2.63166450 	 1.94093333 	 1.02983333 	 0.03042555 	 0.00000000 	 0.40569402 	 0.00000000 	 0.00339741 	 0.20156667 	 0.04493071 	 1.09738990 	 1.26916667 	 8.77624704 	 329.79773627 	 60.47160693 	 95.41115388 	 1.17140394 	 12.44883585 	 0.73907649 	 2.66689519
2226 	 1.03994726 	 0.00000000 	 347.99618418 	 8.64470078 	 3.25012194 	 0.17707200 	 0.00192000 	 0.00000000 	 0.00000000 	 0.01097153 	 20.35568000 	 0.03937600 	 0.00000000 	 0.00144472 	 0.19205640 	 0.00000000 	 0.00334874 	 0.00128000 	 0.00857600 	 0.00129600 	 2.52639792 	 1.86329600 	 0.98864000 	 0.02920853 	 0.00000000 	 0.38946626 	 0.00000000 	 0.00326152 	 0.19350400 	 0.04313348 	 1.05349430 	 1.21840000 	 8.66490983 	 327.86735886 	 59.56056361 	 95.31734040 	 1.17140394 	 12.44883585 	 0.71971922 	 2.61206781
2227 	 0.99661613 	 0.00000000 	 346.85619727 	 8.63249838 	 3.15085058 	 0.16969400 	 0.00184000 	 0.00000000 	 0.00000000 	 0.01051438 	 19.50752667 	 0.03773533 	 0.00000000 	 0.00138453 	 0.18405405 	 0.00000000 	 0.00320921 	 0.00122667 	 0.00821867 	 0.00124200 	 2.42113134 	 1.78565867 	 0.94744667 	 0.02799150 	 0.00000000 	 0.37323850 	 0.00000000 	 0.00312562 	 0.18544133 	 0.04133625 	 1.00959871 	 1.16763333 	 8.55357261 	 325.93698145 	 58.64952030 	 95.22352692 	 1.17140394 	 12.44883585 	 0.70036194 	 2.55724043
2228 	 0.95328499 	 0.00000000 	 345.71621035 	 8.62029598 	 3.05157921 	 0.16231600 	 0.00176000 	 0.00000000 	 0.00000000 	 0.01005724 	 18.65937333 	 0.03609467 	 0.00000000 	 0.00132433 	 0.17605170 	 0.00000000 	 0.00306968 	 0.00117333 	 0.00786133 	 0.00118800 	 2.31586476 	 1.70802133 	 0.90625333 	 0.02677448 	 0.00000000 	 0.35701073 	 0.00000000 	 0.00298972 	 0.17737867 	 0.03953902 	 0.96570311 	 1.11686667 	 8.44223539 	 324.00660404 	 57.73847698 	 95.12971344 	 1.17140394 	 12.44883585 	 0.68100466 	 2.50241305
2229 	 0.90995386 	 0.00000000 	 344.57622344 	 8.60809357 	 2.95230784 	 0.15493800 	 0.00168000 	 0.00000000 	 0.00000000 	 0.00960009 	 17.81122000 	 0.03445400 	 0.00000000 	 0.00126413 	 0.16804935 	 0.00000000 	 0.00293015 	 0.00112000 	 0.00750400 	 0.00113400 	 2.21059818 	 1.63038400 	 0.86506000 	 0.02555746 	 0.00000000 	 0.34078297 	 0.00000000 	 0.00285383 	 0.16931600 	 0.03774179 	 0.92180752 	 1.06610000 	 8.33089818 	 322.07622663 	 56.82743367 	 95.03589996 	 1.17140394 	 12.44883585 	 0.66164738 	 2.44758567
2230 	 0.86662272 	 0.00000000 	 343.43623653 	 8.59589117 	 2.85303647 	 0.14756000 	 0.00160000 	 0.00000000 	 0.00000000 	 0.00914294 	 16.96306667 	 0.03281333 	 0.00000000 	 0.00120394 	 0.16004700 	 0.00000000 	 0.00279062 	 0.00106667 	 0.00714667 	 0.00108000 	 2.10533160 	 1.55274667 	 0.82386667 	 0.02434044 	 0.00000000 	 0.32455521 	 0.00000000 	 0.00271793 	 0.16125333 	 0.03594457 	 0.87791192 	 1.01533333 	 8.21956096 	 320.14584922 	 55.91639035 	 94.94208648 	 1.17140394 	 12.44883585 	 0.64229011 	 2.39275829
2231 	 0.82329158 	 0.00000000 	 342.29624961 	 8.58368877 	 2.75376510 	 0.14018200 	 0.00152000 	 0.00000000 	 0.00000000 	 0.00868579 	 16.11491333 	 0.03117267 	 0.00000000 	 0.00114374 	 0.15204465 	 0.00000000 	 0.00265109 	 0.00101333 	 0.00678933 	 0.00102600 	 2.00006502 	 1.47510933 	 0.78267333 	 0.02312342 	 0.00000000 	 0.30832745 	 0.00000000 	 0.00258203 	 0.15319067 	 0.03414734 	 0.83401632 	 0.96456667 	 8.10822375 	 318.21547181 	 55.00534704 	 94.84827300 	 1.17140394 	 12.44883585 	 0.62293283 	 2.33793091
2232 	 0.77996045 	 0.00000000 	 341.15626270 	 8.57148636 	 2.65449373 	 0.13280400 	 0.00144000 	 0.00000000 	 0.00000000 	 0.00822865 	 15.26676000 	 0.02953200 	 0.00000000 	 0.00108354 	 0.14404230 	 0.00000000 	 0.00251156 	 0.00096000 	 0.00643200 	 0.00097200 	 1.89479844 	 1.39747200 	 0.74148000 	 0.02190639 	 0.00000000 	 0.29209969 	 0.00000000 	 0.00244614 	 0.14512800 	 0.03235011 	 0.79012073 	 0.91380000 	 7.99688653 	 316.28509440 	 54.09430373 	 94.75445952 	 1.17140394 	 12.44883585 	 0.60357555 	 2.28310353
2233 	 0.73662931 	 0.00000000 	 340.01627579 	 8.55928396 	 2.55522236 	 0.12542600 	 0.00136000 	 0.00000000 	 0.00000000 	 0.00777150 	 14.41860667 	 0.02789133 	 0.00000000 	 0.00102335 	 0.13603995 	 0.00000000 	 0.00237202 	 0.00090667 	 0.00607467 	 0.00091800 	 1.78953186 	 1.31983467 	 0.70028667 	 0.02068937 	 0.00000000 	 0.27587193 	 0.00000000 	 0.00231024 	 0.13706533 	 0.03055288 	 0.74622513 	 0.86303333 	 7.88554932 	 314.35471699 	 53.18326041 	 94.66064604 	 1.17140394 	 12.44883585 	 0.58421827 	 2.22827615
2234 	 0.69329818 	 0.00000000 	 338.87628887 	 8.54708155 	 2.45595099 	 0.11804800 	 0.00128000 	 0.00000000 	 0.00000000 	 0.00731435 	 13.57045333 	 0.02625067 	 0.00000000 	 0.00096315 	 0.12803760 	 0.00000000 	 0.00223249 	 0.00085333 	 0.00571733 	 0.00086400 	 1.68426528 	 1.24219733 	 0.65909333 	 0.01947235 	 0.00000000 	 0.25964417 	 0.00000000 	 0.00217434 	 0.12900267 	 0.02875565 	 0.70232954 	 0.81226667 	 7.77421210 	 312.42433958 	 52.27221710 	 94.56683256 	 1.17140394 	 12.44883585 	 0.56486099 	 2.17344877
2235 	 0.64996704 	 0.00000000 	 337.73630196 	 8.53487915 	 2.35667962 	 0.11067000 	 0.00120000 	 0.00000000 	 0.00000000 	 0.00685721 	 12.72230000 	 0.02461000 	 0.00000000 	 0.00090295 	 0.12003525 	 0.00000000 	 0.00209296 	 0.00080000 	 0.00536000 	 0.00081000 	 1.57899870 	 1.16456000 	 0.61790000 	 0.01825533 	 0.00000000 	 0.24341641 	 0.00000000 	 0.00203845 	 0.12094000 	 0.02695842 	 0.65843394 	 0.76150000 	 7.66287488 	 310.49396217 	 51.36117378 	 94.47301908 	 1.17140394 	 12.44883585 	 0.54550372 	 2.11862139
2236 	 0.60663590 	 0.00000000 	 336.59631505 	 8.52267675 	 2.25740825 	 0.10329200 	 0.00112000 	 0.00000000 	 0.00000000 	 0.00640006 	 11.87414667 	 0.02296933 	 0.00000000 	 0.00084276 	 0.11203290 	 0.00000000 	 0.00195343 	 0.00074667 	 0.00500267 	 0.00075600 	 1.47373212 	 1.08692267 	 0.57670667 	 0.01703831 	 0.00000000 	 0.22718865 	 0.00000000 	 0.00190255 	 0.11287733 	 0.02516120 	 0.61453834 	 0.71073333 	 7.55153767 	 308.56358476 	 50.45013047 	 94.37920560 	 1.17140394 	 12.44883585 	 0.52614644 	 2.06379401
2237 	 0.56330477 	 0.00000000 	 335.45632813 	 8.51047434 	 2.15813688 	 0.09591400 	 0.00104000 	 0.00000000 	 0.00000000 	 0.00594291 	 11.02599333 	 0.02132867 	 0.00000000 	 0.00078256 	 0.10403055 	 0.00000000 	 0.00181390 	 0.00069333 	 0.00464533 	 0.00070200 	 1.36846554 	 1.00928533 	 0.53551333 	 0.01582129 	 0.00000000 	 0.21096089 	 0.00000000 	 0.00176665 	 0.10481467 	 0.02336397 	 0.57064275 	 0.65996667 	 7.44020045 	 306.63320735 	 49.53908715 	 94.28539212 	 1.17140394 	 12.44883585 	 0.50678916 	 2.00896663
2238 	 0.51997363 	 0.00000000 	 334.31634122 	 8.49827194 	 2.05886551 	 0.08853600 	 0.00096000 	 0.00000000 	 0.00000000 	 0.00548576 	 10.17784000 	 0.01968800 	 0.00000000 	 0.00072236 	 0.09602820 	 0.00000000 	 0.00167437 	 0.00064000 	 0.00428800 	 0.00064800 	 1.26319896 	 0.93164800 	 0.49432000 	 0.01460426 	 0.00000000 	 0.19473313 	 0.00000000 	 0.00163076 	 0.09675200 	 0.02156674 	 0.52674715 	 0.60920000 	 7.32886324 	 304.70282994 	 48.62804384 	 94.19157864 	 1.17140394 	 12.44883585 	 0.48743188 	 1.95413925
2239 	 0.47664250 	 0.00000000 	 333.17635431 	 8.48606954 	 1.95959414 	 0.08115800 	 0.00088000 	 0.00000000 	 0.00000000 	 0.00502862 	 9.32968667 	 0.01804733 	 0.00000000 	 0.00066217 	 0.08802585 	 0.00000000 	 0.00153484 	 0.00058667 	 0.00393067 	 0.00059400 	 1.15793238 	 0.85401067 	 0.45312667 	 0.01338724 	 0.00000000 	 0.17850537 	 0.00000000 	 0.00149486 	 0.08868933 	 0.01976951 	 0.48285156 	 0.55843333 	 7.21752602 	 302.77245253 	 47.71700053 	 94.09776516 	 1.17140394 	 12.44883585 	 0.46807460 	 1.89931187
2240 	 0.43331136 	 0.00000000 	 332.03636739 	 8.47386713 	 1.86032277 	 0.07378000 	 0.00080000 	 0.00000000 	 0.00000000 	 0.00457147 	 8.48153333 	 0.01640667 	 0.00000000 	 0.00060197 	 0.08002350 	 0.00000000 	 0.00139531 	 0.00053333 	 0.00357333 	 0.00054000 	 1.05266580 	 0.77637333 	 0.41193333 	 0.01217022 	 0.00000000 	 0.16227761 	 0.00000000 	 0.00135896 	 0.08062667 	 0.01797228 	 0.43895596 	 0.50766667 	 7.10618880 	 300.84207512 	 46.80595721 	 94.00395168 	 1.17140394 	 12.44883585 	 0.44871733 	 1.84448449
2241 	 0.38998022 	 0.00000000 	 330.89638048 	 8.46166473 	 1.76105140 	 0.06640200 	 0.00072000 	 0.00000000 	 0.00000000 	 0.00411432 	 7.63338000 	 0.01476600 	 0.00000000 	 0.00054177 	 0.07202115 	 0.00000000 	 0.00125578 	 0.00048000 	 0.00321600 	 0.00048600 	 0.94739922 	 0.69873600 	 0.37074000 	 0.01095320 	 0.00000000 	 0.14604985 	 0.00000000 	 0.00122307 	 0.07256400 	 0.01617505 	 0.39506036 	 0.45690000 	 6.99485159 	 298.91169771 	 45.89491390 	 93.91013820 	 1.17140394 	 12.44883585 	 0.42936005 	 1.78965711
2242 	 0.34664909 	 0.00000000 	 329.75639357 	 8.44946232 	 1.66178003 	 0.05902400 	 0.00064000 	 0.00000000 	 0.00000000 	 0.00365718 	 6.78522667 	 0.01312533 	 0.00000000 	 0.00048157 	 0.06401880 	 0.00000000 	 0.00111625 	 0.00042667 	 0.00285867 	 0.00043200 	 0.84213264 	 0.62109867 	 0.32954667 	 0.00973618 	 0.00000000 	 0.12982209 	 0.00000000 	 0.00108717 	 0.06450133 	 0.01437783 	 0.35116477 	 0.40613333 	 6.88351437 	 296.98132030 	 44.98387058 	 93.81632472 	 1.17140394 	 12.44883585 	 0.41000277 	 1.73482973
2243 	 0.30331795 	 0.00000000 	 328.61640665 	 8.43725992 	 1.56250866 	 0.05164600 	 0.00056000 	 0.00000000 	 0.00000000 	 0.00320003 	 5.93707333 	 0.01148467 	 0.00000000 	 0.00042138 	 0.05601645 	 0.00000000 	 0.00097672 	 0.00037333 	 0.00250133 	 0.00037800 	 0.73686606 	 0.54346133 	 0.28835333 	 0.00851915 	 0.00000000 	 0.11359432 	 0.00000000 	 0.00095128 	 0.05643867 	 0.01258060 	 0.30726917 	 0.35536667 	 6.77217716 	 295.05094289 	 44.07282727 	 93.72251124 	 1.17140394 	 12.44883585 	 0.39064549 	 1.68000235
2244 	 0.25998682 	 0.00000000 	 327.47641974 	 8.42505752 	 1.46323729 	 0.04426800 	 0.00048000 	 0.00000000 	 0.00000000 	 0.00274288 	 5.08892000 	 0.00984400 	 0.00000000 	 0.00036118 	 0.04801410 	 0.00000000 	 0.00083719 	 0.00032000 	 0.00214400 	 0.00032400 	 0.63159948 	 0.46582400 	 0.24716000 	 0.00730213 	 0.00000000 	 0.09736656 	 0.00000000 	 0.00081538 	 0.04837600 	 0.01078337 	 0.26337358 	 0.30460000 	 6.66083994 	 293.12056548 	 43.16178395 	 93.62869776 	 1.17140394 	 12.44883585 	 0.37128822 	 1.62517497
2245 	 0.21665568 	 0.00000000 	 326.33643283 	 8.41285511 	 1.36396592 	 0.03689000 	 0.00040000 	 0.00000000 	 0.00000000 	 0.00228574 	 4.24076667 	 0.00820333 	 0.00000000 	 0.00030098 	 0.04001175 	 0.00000000 	 0.00069765 	 0.00026667 	 0.00178667 	 0.00027000 	 0.52633290 	 0.38818667 	 0.20596667 	 0.00608511 	 0.00000000 	 0.08113880 	 0.00000000 	 0.00067948 	 0.04031333 	 0.00898614 	 0.21947798 	 0.25383333 	 6.54950273 	 291.19018807 	 42.25074064 	 93.53488428 	 1.17140394 	 12.44883585 	 0.35193094 	 1.57034759
2246 	 0.17332454 	 0.00000000 	 325.19644591 	 8.40065271 	 1.26469455 	 0.02951200 	 0.00032000 	 0.00000000 	 0.00000000 	 0.00182859 	 3.39261333 	 0.00656267 	 0.00000000 	 0.00024079 	 0.03200940 	 0.00000000 	 0.00055812 	 0.00021333 	 0.00142933 	 0.00021600 	 0.42106632 	 0.31054933 	 0.16477333 	 0.00486809 	 0.00000000 	 0.06491104 	 0.00000000 	 0.00054359 	 0.03225067 	 0.00718891 	 0.17558238 	 0.20306667 	 6.43816551 	 289.25981066 	 41.33969733 	 93.44107080 	 1.17140394 	 12.44883585 	 0.33257366 	 1.51552021
2247 	 0.12999341 	 0.00000000 	 324.05645900 	 8.38845031 	 1.16542318 	 0.02213400 	 0.00024000 	 0.00000000 	 0.00000000 	 0.00137144 	 2.54446000 	 0.00492200 	 0.00000000 	 0.00018059 	 0.02400705 	 0.00000000 	 0.00041859 	 0.00016000 	 0.00107200 	 0.00016200 	 0.31579974 	 0.23291200 	 0.12358000 	 0.00365107 	 0.00000000 	 0.04868328 	 0.00000000 	 0.00040769 	 0.02418800 	 0.00539168 	 0.13168679 	 0.15230000 	 6.32682829 	 287.32943325 	 40.42865401 	 93.34725732 	 1.17140394 	 12.44883585 	 0.31321638 	 1.46069283
2248 	 0.08666227 	 0.00000000 	 322.91647209 	 8.37624790 	 1.06615181 	 0.01475600 	 0.00016000 	 0.00000000 	 0.00000000 	 0.00091429 	 1.69630667 	 0.00328133 	 0.00000000 	 0.00012039 	 0.01600470 	 0.00000000 	 0.00027906 	 0.00010667 	 0.00071467 	 0.00010800 	 0.21053316 	 0.15527467 	 0.08238667 	 0.00243404 	 0.00000000 	 0.03245552 	 0.00000000 	 0.00027179 	 0.01612533 	 0.00359446 	 0.08779119 	 0.10153333 	 6.21549108 	 285.39905584 	 39.51761070 	 93.25344384 	 1.17140394 	 12.44883585 	 0.29385910 	 1.40586545
2249 	 0.04333114 	 0.00000000 	 321.77648517 	 8.36404550 	 0.96688044 	 0.00737800 	 0.00008000 	 0.00000000 	 0.00000000 	 0.00045715 	 0.84815333 	 0.00164067 	 0.00000000 	 0.00006020 	 0.00800235 	 0.00000000 	 0.00013953 	 0.00005333 	 0.00035733 	 0.00005400 	 0.10526658 	 0.07763733 	 0.04119333 	 0.00121702 	 0.00000000 	 0.01622776 	 0.00000000 	 0.00013590 	 0.00806267 	 0.00179723 	 0.04389560 	 0.05076667 	 6.10415386 	 283.46867843 	 38.60656738 	 93.15963036 	 1.17140394 	 12.44883585 	 0.27450183 	 1.35103807
2250 	 0.00000000 	 0.00000000 	 320.63649826 	 8.35184310 	 0.86760907 	 0.00000000 	 0.00000000 	 0.00000000 	 0.00000000 	 0.00000000 	 0.00000000 	 0.00000000 	 0.00000000 	 0.00000000 	 0.00000000 	 0.00000000 	 0.00000000 	 0.00000000 	 0.00000000 	 0.00000000 	 0.00000000 	 0.00000000 	 0.00000000 	 0.00000000 	 0.00000000 	 0.00000000 	 0.00000000 	 0.00000000 	 0.00000000 	 0.00000000 	 0.00000000 	 0.00000000 	 5.99281665 	 281.53830102 	 37.69552407 	 93.06581688 	 1.17140394 	 12.44883585 	 0.25514455 	 1.29621069
2251 	 0.00000000 	 0.00000000 	 320.63649826 	 8.35184310 	 0.86760907 	 0.00000000 	 0.00000000 	 0.00000000 	 0.00000000 	 0.00000000 	 0.00000000 	 0.00000000 	 0.00000000 	 0.00000000 	 0.00000000 	 0.00000000 	 0.00000000 	 0.00000000 	 0.00000000 	 0.00000000 	 0.00000000 	 0.00000000 	 0.00000000 	 0.00000000 	 0.00000000 	 0.00000000 	 0.00000000 	 0.00000000 	 0.00000000 	 0.00000000 	 0.00000000 	 0.00000000 	 5.99281665 	 281.53830102 	 37.69552407 	 93.06581688 	 1.17140394 	 12.44883585 	 0.25514455 	 1.29621069
2252 	 0.00000000 	 0.00000000 	 320.63649826 	 8.35184310 	 0.86760907 	 0.00000000 	 0.00000000 	 0.00000000 	 0.00000000 	 0.00000000 	 0.00000000 	 0.00000000 	 0.00000000 	 0.00000000 	 0.00000000 	 0.00000000 	 0.00000000 	 0.00000000 	 0.00000000 	 0.00000000 	 0.00000000 	 0.00000000 	 0.00000000 	 0.00000000 	 0.00000000 	 0.00000000 	 0.00000000 	 0.00000000 	 0.00000000 	 0.00000000 	 0.00000000 	 0.00000000 	 5.99281665 	 281.53830102 	 37.69552407 	 93.06581688 	 1.17140394 	 12.44883585 	 0.25514455 	 1.29621069
2253 	 0.00000000 	 0.00000000 	 320.63649826 	 8.35184310 	 0.86760907 	 0.00000000 	 0.00000000 	 0.00000000 	 0.00000000 	 0.00000000 	 0.00000000 	 0.00000000 	 0.00000000 	 0.00000000 	 0.00000000 	 0.00000000 	 0.00000000 	 0.00000000 	 0.00000000 	 0.00000000 	 0.00000000 	 0.00000000 	 0.00000000 	 0.00000000 	 0.00000000 	 0.00000000 	 0.00000000 	 0.00000000 	 0.00000000 	 0.00000000 	 0.00000000 	 0.00000000 	 5.99281665 	 281.53830102 	 37.69552407 	 93.06581688 	 1.17140394 	 12.44883585 	 0.25514455 	 1.29621069
2254 	 0.00000000 	 0.00000000 	 320.63649826 	 8.35184310 	 0.86760907 	 0.00000000 	 0.00000000 	 0.00000000 	 0.00000000 	 0.00000000 	 0.00000000 	 0.00000000 	 0.00000000 	 0.00000000 	 0.00000000 	 0.00000000 	 0.00000000 	 0.00000000 	 0.00000000 	 0.00000000 	 0.00000000 	 0.00000000 	 0.00000000 	 0.00000000 	 0.00000000 	 0.00000000 	 0.00000000 	 0.00000000 	 0.00000000 	 0.00000000 	 0.00000000 	 0.00000000 	 5.99281665 	 281.53830102 	 37.69552407 	 93.06581688 	 1.17140394 	 12.44883585 	 0.25514455 	 1.29621069
2255 	 0.00000000 	 0.00000000 	 320.63649826 	 8.35184310 	 0.86760907 	 0.00000000 	 0.00000000 	 0.00000000 	 0.00000000 	 0.00000000 	 0.00000000 	 0.00000000 	 0.00000000 	 0.00000000 	 0.00000000 	 0.00000000 	 0.00000000 	 0.00000000 	 0.00000000 	 0.00000000 	 0.00000000 	 0.00000000 	 0.00000000 	 0.00000000 	 0.00000000 	 0.00000000 	 0.00000000 	 0.00000000 	 0.00000000 	 0.00000000 	 0.00000000 	 0.00000000 	 5.99281665 	 281.53830102 	 37.69552407 	 93.06581688 	 1.17140394 	 12.44883585 	 0.25514455 	 1.29621069
2256 	 0.00000000 	 0.00000000 	 320.63649826 	 8.35184310 	 0.86760907 	 0.00000000 	 0.00000000 	 0.00000000 	 0.00000000 	 0.00000000 	 0.00000000 	 0.00000000 	 0.00000000 	 0.00000000 	 0.00000000 	 0.00000000 	 0.00000000 	 0.00000000 	 0.00000000 	 0.00000000 	 0.00000000 	 0.00000000 	 0.00000000 	 0.00000000 	 0.00000000 	 0.00000000 	 0.00000000 	 0.00000000 	 0.00000000 	 0.00000000 	 0.00000000 	 0.00000000 	 5.99281665 	 281.53830102 	 37.69552407 	 93.06581688 	 1.17140394 	 12.44883585 	 0.25514455 	 1.29621069
2257 	 0.00000000 	 0.00000000 	 320.63649826 	 8.35184310 	 0.86760907 	 0.00000000 	 0.00000000 	 0.00000000 	 0.00000000 	 0.00000000 	 0.00000000 	 0.00000000 	 0.00000000 	 0.00000000 	 0.00000000 	 0.00000000 	 0.00000000 	 0.00000000 	 0.00000000 	 0.00000000 	 0.00000000 	 0.00000000 	 0.00000000 	 0.00000000 	 0.00000000 	 0.00000000 	 0.00000000 	 0.00000000 	 0.00000000 	 0.00000000 	 0.00000000 	 0.00000000 	 5.99281665 	 281.53830102 	 37.69552407 	 93.06581688 	 1.17140394 	 12.44883585 	 0.25514455 	 1.29621069
2258 	 0.00000000 	 0.00000000 	 320.63649826 	 8.35184310 	 0.86760907 	 0.00000000 	 0.00000000 	 0.00000000 	 0.00000000 	 0.00000000 	 0.00000000 	 0.00000000 	 0.00000000 	 0.00000000 	 0.00000000 	 0.00000000 	 0.00000000 	 0.00000000 	 0.00000000 	 0.00000000 	 0.00000000 	 0.00000000 	 0.00000000 	 0.00000000 	 0.00000000 	 0.00000000 	 0.00000000 	 0.00000000 	 0.00000000 	 0.00000000 	 0.00000000 	 0.00000000 	 5.99281665 	 281.53830102 	 37.69552407 	 93.06581688 	 1.17140394 	 12.44883585 	 0.25514455 	 1.29621069
2259 	 0.00000000 	 0.00000000 	 320.63649826 	 8.35184310 	 0.86760907 	 0.00000000 	 0.00000000 	 0.00000000 	 0.00000000 	 0.00000000 	 0.00000000 	 0.00000000 	 0.00000000 	 0.00000000 	 0.00000000 	 0.00000000 	 0.00000000 	 0.00000000 	 0.00000000 	 0.00000000 	 0.00000000 	 0.00000000 	 0.00000000 	 0.00000000 	 0.00000000 	 0.00000000 	 0.00000000 	 0.00000000 	 0.00000000 	 0.00000000 	 0.00000000 	 0.00000000 	 5.99281665 	 281.53830102 	 37.69552407 	 93.06581688 	 1.17140394 	 12.44883585 	 0.25514455 	 1.29621069
2260 	 0.00000000 	 0.00000000 	 320.63649826 	 8.35184310 	 0.86760907 	 0.00000000 	 0.00000000 	 0.00000000 	 0.00000000 	 0.00000000 	 0.00000000 	 0.00000000 	 0.00000000 	 0.00000000 	 0.00000000 	 0.00000000 	 0.00000000 	 0.00000000 	 0.00000000 	 0.00000000 	 0.00000000 	 0.00000000 	 0.00000000 	 0.00000000 	 0.00000000 	 0.00000000 	 0.00000000 	 0.00000000 	 0.00000000 	 0.00000000 	 0.00000000 	 0.00000000 	 5.99281665 	 281.53830102 	 37.69552407 	 93.06581688 	 1.17140394 	 12.44883585 	 0.25514455 	 1.29621069
2261 	 0.00000000 	 0.00000000 	 320.63649826 	 8.35184310 	 0.86760907 	 0.00000000 	 0.00000000 	 0.00000000 	 0.00000000 	 0.00000000 	 0.00000000 	 0.00000000 	 0.00000000 	 0.00000000 	 0.00000000 	 0.00000000 	 0.00000000 	 0.00000000 	 0.00000000 	 0.00000000 	 0.00000000 	 0.00000000 	 0.00000000 	 0.00000000 	 0.00000000 	 0.00000000 	 0.00000000 	 0.00000000 	 0.00000000 	 0.00000000 	 0.00000000 	 0.00000000 	 5.99281665 	 281.53830102 	 37.69552407 	 93.06581688 	 1.17140394 	 12.44883585 	 0.25514455 	 1.29621069
2262 	 0.00000000 	 0.00000000 	 320.63649826 	 8.35184310 	 0.86760907 	 0.00000000 	 0.00000000 	 0.00000000 	 0.00000000 	 0.00000000 	 0.00000000 	 0.00000000 	 0.00000000 	 0.00000000 	 0.00000000 	 0.00000000 	 0.00000000 	 0.00000000 	 0.00000000 	 0.00000000 	 0.00000000 	 0.00000000 	 0.00000000 	 0.00000000 	 0.00000000 	 0.00000000 	 0.00000000 	 0.00000000 	 0.00000000 	 0.00000000 	 0.00000000 	 0.00000000 	 5.99281665 	 281.53830102 	 37.69552407 	 93.06581688 	 1.17140394 	 12.44883585 	 0.25514455 	 1.29621069
2263 	 0.00000000 	 0.00000000 	 320.63649826 	 8.35184310 	 0.86760907 	 0.00000000 	 0.00000000 	 0.00000000 	 0.00000000 	 0.00000000 	 0.00000000 	 0.00000000 	 0.00000000 	 0.00000000 	 0.00000000 	 0.00000000 	 0.00000000 	 0.00000000 	 0.00000000 	 0.00000000 	 0.00000000 	 0.00000000 	 0.00000000 	 0.00000000 	 0.00000000 	 0.00000000 	 0.00000000 	 0.00000000 	 0.00000000 	 0.00000000 	 0.00000000 	 0.00000000 	 5.99281665 	 281.53830102 	 37.69552407 	 93.06581688 	 1.17140394 	 12.44883585 	 0.25514455 	 1.29621069
2264 	 0.00000000 	 0.00000000 	 320.63649826 	 8.35184310 	 0.86760907 	 0.00000000 	 0.00000000 	 0.00000000 	 0.00000000 	 0.00000000 	 0.00000000 	 0.00000000 	 0.00000000 	 0.00000000 	 0.00000000 	 0.00000000 	 0.00000000 	 0.00000000 	 0.00000000 	 0.00000000 	 0.00000000 	 0.00000000 	 0.00000000 	 0.00000000 	 0.00000000 	 0.00000000 	 0.00000000 	 0.00000000 	 0.00000000 	 0.00000000 	 0.00000000 	 0.00000000 	 5.99281665 	 281.53830102 	 37.69552407 	 93.06581688 	 1.17140394 	 12.44883585 	 0.25514455 	 1.29621069
2265 	 0.00000000 	 0.00000000 	 320.63649826 	 8.35184310 	 0.86760907 	 0.00000000 	 0.00000000 	 0.00000000 	 0.00000000 	 0.00000000 	 0.00000000 	 0.00000000 	 0.00000000 	 0.00000000 	 0.00000000 	 0.00000000 	 0.00000000 	 0.00000000 	 0.00000000 	 0.00000000 	 0.00000000 	 0.00000000 	 0.00000000 	 0.00000000 	 0.00000000 	 0.00000000 	 0.00000000 	 0.00000000 	 0.00000000 	 0.00000000 	 0.00000000 	 0.00000000 	 5.99281665 	 281.53830102 	 37.69552407 	 93.06581688 	 1.17140394 	 12.44883585 	 0.25514455 	 1.29621069
2266 	 0.00000000 	 0.00000000 	 320.63649826 	 8.35184310 	 0.86760907 	 0.00000000 	 0.00000000 	 0.00000000 	 0.00000000 	 0.00000000 	 0.00000000 	 0.00000000 	 0.00000000 	 0.00000000 	 0.00000000 	 0.00000000 	 0.00000000 	 0.00000000 	 0.00000000 	 0.00000000 	 0.00000000 	 0.00000000 	 0.00000000 	 0.00000000 	 0.00000000 	 0.00000000 	 0.00000000 	 0.00000000 	 0.00000000 	 0.00000000 	 0.00000000 	 0.00000000 	 5.99281665 	 281.53830102 	 37.69552407 	 93.06581688 	 1.17140394 	 12.44883585 	 0.25514455 	 1.29621069
2267 	 0.00000000 	 0.00000000 	 320.63649826 	 8.35184310 	 0.86760907 	 0.00000000 	 0.00000000 	 0.00000000 	 0.00000000 	 0.00000000 	 0.00000000 	 0.00000000 	 0.00000000 	 0.00000000 	 0.00000000 	 0.00000000 	 0.00000000 	 0.00000000 	 0.00000000 	 0.00000000 	 0.00000000 	 0.00000000 	 0.00000000 	 0.00000000 	 0.00000000 	 0.00000000 	 0.00000000 	 0.00000000 	 0.00000000 	 0.00000000 	 0.00000000 	 0.00000000 	 5.99281665 	 281.53830102 	 37.69552407 	 93.06581688 	 1.17140394 	 12.44883585 	 0.25514455 	 1.29621069
2268 	 0.00000000 	 0.00000000 	 320.63649826 	 8.35184310 	 0.86760907 	 0.00000000 	 0.00000000 	 0.00000000 	 0.00000000 	 0.00000000 	 0.00000000 	 0.00000000 	 0.00000000 	 0.00000000 	 0.00000000 	 0.00000000 	 0.00000000 	 0.00000000 	 0.00000000 	 0.00000000 	 0.00000000 	 0.00000000 	 0.00000000 	 0.00000000 	 0.00000000 	 0.00000000 	 0.00000000 	 0.00000000 	 0.00000000 	 0.00000000 	 0.00000000 	 0.00000000 	 5.99281665 	 281.53830102 	 37.69552407 	 93.06581688 	 1.17140394 	 12.44883585 	 0.25514455 	 1.29621069
2269 	 0.00000000 	 0.00000000 	 320.63649826 	 8.35184310 	 0.86760907 	 0.00000000 	 0.00000000 	 0.00000000 	 0.00000000 	 0.00000000 	 0.00000000 	 0.00000000 	 0.00000000 	 0.00000000 	 0.00000000 	 0.00000000 	 0.00000000 	 0.00000000 	 0.00000000 	 0.00000000 	 0.00000000 	 0.00000000 	 0.00000000 	 0.00000000 	 0.00000000 	 0.00000000 	 0.00000000 	 0.00000000 	 0.00000000 	 0.00000000 	 0.00000000 	 0.00000000 	 5.99281665 	 281.53830102 	 37.69552407 	 93.06581688 	 1.17140394 	 12.44883585 	 0.25514455 	 1.29621069
2270 	 0.00000000 	 0.00000000 	 320.63649826 	 8.35184310 	 0.86760907 	 0.00000000 	 0.00000000 	 0.00000000 	 0.00000000 	 0.00000000 	 0.00000000 	 0.00000000 	 0.00000000 	 0.00000000 	 0.00000000 	 0.00000000 	 0.00000000 	 0.00000000 	 0.00000000 	 0.00000000 	 0.00000000 	 0.00000000 	 0.00000000 	 0.00000000 	 0.00000000 	 0.00000000 	 0.00000000 	 0.00000000 	 0.00000000 	 0.00000000 	 0.00000000 	 0.00000000 	 5.99281665 	 281.53830102 	 37.69552407 	 93.06581688 	 1.17140394 	 12.44883585 	 0.25514455 	 1.29621069
2271 	 0.00000000 	 0.00000000 	 320.63649826 	 8.35184310 	 0.86760907 	 0.00000000 	 0.00000000 	 0.00000000 	 0.00000000 	 0.00000000 	 0.00000000 	 0.00000000 	 0.00000000 	 0.00000000 	 0.00000000 	 0.00000000 	 0.00000000 	 0.00000000 	 0.00000000 	 0.00000000 	 0.00000000 	 0.00000000 	 0.00000000 	 0.00000000 	 0.00000000 	 0.00000000 	 0.00000000 	 0.00000000 	 0.00000000 	 0.00000000 	 0.00000000 	 0.00000000 	 5.99281665 	 281.53830102 	 37.69552407 	 93.06581688 	 1.17140394 	 12.44883585 	 0.25514455 	 1.29621069
2272 	 0.00000000 	 0.00000000 	 320.63649826 	 8.35184310 	 0.86760907 	 0.00000000 	 0.00000000 	 0.00000000 	 0.00000000 	 0.00000000 	 0.00000000 	 0.00000000 	 0.00000000 	 0.00000000 	 0.00000000 	 0.00000000 	 0.00000000 	 0.00000000 	 0.00000000 	 0.00000000 	 0.00000000 	 0.00000000 	 0.00000000 	 0.00000000 	 0.00000000 	 0.00000000 	 0.00000000 	 0.00000000 	 0.00000000 	 0.00000000 	 0.00000000 	 0.00000000 	 5.99281665 	 281.53830102 	 37.69552407 	 93.06581688 	 1.17140394 	 12.44883585 	 0.25514455 	 1.29621069
2273 	 0.00000000 	 0.00000000 	 320.63649826 	 8.35184310 	 0.86760907 	 0.00000000 	 0.00000000 	 0.00000000 	 0.00000000 	 0.00000000 	 0.00000000 	 0.00000000 	 0.00000000 	 0.00000000 	 0.00000000 	 0.00000000 	 0.00000000 	 0.00000000 	 0.00000000 	 0.00000000 	 0.00000000 	 0.00000000 	 0.00000000 	 0.00000000 	 0.00000000 	 0.00000000 	 0.00000000 	 0.00000000 	 0.00000000 	 0.00000000 	 0.00000000 	 0.00000000 	 5.99281665 	 281.53830102 	 37.69552407 	 93.06581688 	 1.17140394 	 12.44883585 	 0.25514455 	 1.29621069
2274 	 0.00000000 	 0.00000000 	 320.63649826 	 8.35184310 	 0.86760907 	 0.00000000 	 0.00000000 	 0.00000000 	 0.00000000 	 0.00000000 	 0.00000000 	 0.00000000 	 0.00000000 	 0.00000000 	 0.00000000 	 0.00000000 	 0.00000000 	 0.00000000 	 0.00000000 	 0.00000000 	 0.00000000 	 0.00000000 	 0.00000000 	 0.00000000 	 0.00000000 	 0.00000000 	 0.00000000 	 0.00000000 	 0.00000000 	 0.00000000 	 0.00000000 	 0.00000000 	 5.99281665 	 281.53830102 	 37.69552407 	 93.06581688 	 1.17140394 	 12.44883585 	 0.25514455 	 1.29621069
2275 	 0.00000000 	 0.00000000 	 320.63649826 	 8.35184310 	 0.86760907 	 0.00000000 	 0.00000000 	 0.00000000 	 0.00000000 	 0.00000000 	 0.00000000 	 0.00000000 	 0.00000000 	 0.00000000 	 0.00000000 	 0.00000000 	 0.00000000 	 0.00000000 	 0.00000000 	 0.00000000 	 0.00000000 	 0.00000000 	 0.00000000 	 0.00000000 	 0.00000000 	 0.00000000 	 0.00000000 	 0.00000000 	 0.00000000 	 0.00000000 	 0.00000000 	 0.00000000 	 5.99281665 	 281.53830102 	 37.69552407 	 93.06581688 	 1.17140394 	 12.44883585 	 0.25514455 	 1.29621069
2276 	 0.00000000 	 0.00000000 	 320.63649826 	 8.35184310 	 0.86760907 	 0.00000000 	 0.00000000 	 0.00000000 	 0.00000000 	 0.00000000 	 0.00000000 	 0.00000000 	 0.00000000 	 0.00000000 	 0.00000000 	 0.00000000 	 0.00000000 	 0.00000000 	 0.00000000 	 0.00000000 	 0.00000000 	 0.00000000 	 0.00000000 	 0.00000000 	 0.00000000 	 0.00000000 	 0.00000000 	 0.00000000 	 0.00000000 	 0.00000000 	 0.00000000 	 0.00000000 	 5.99281665 	 281.53830102 	 37.69552407 	 93.06581688 	 1.17140394 	 12.44883585 	 0.25514455 	 1.29621069
2277 	 0.00000000 	 0.00000000 	 320.63649826 	 8.35184310 	 0.86760907 	 0.00000000 	 0.00000000 	 0.00000000 	 0.00000000 	 0.00000000 	 0.00000000 	 0.00000000 	 0.00000000 	 0.00000000 	 0.00000000 	 0.00000000 	 0.00000000 	 0.00000000 	 0.00000000 	 0.00000000 	 0.00000000 	 0.00000000 	 0.00000000 	 0.00000000 	 0.00000000 	 0.00000000 	 0.00000000 	 0.00000000 	 0.00000000 	 0.00000000 	 0.00000000 	 0.00000000 	 5.99281665 	 281.53830102 	 37.69552407 	 93.06581688 	 1.17140394 	 12.44883585 	 0.25514455 	 1.29621069
2278 	 0.00000000 	 0.00000000 	 320.63649826 	 8.35184310 	 0.86760907 	 0.00000000 	 0.00000000 	 0.00000000 	 0.00000000 	 0.00000000 	 0.00000000 	 0.00000000 	 0.00000000 	 0.00000000 	 0.00000000 	 0.00000000 	 0.00000000 	 0.00000000 	 0.00000000 	 0.00000000 	 0.00000000 	 0.00000000 	 0.00000000 	 0.00000000 	 0.00000000 	 0.00000000 	 0.00000000 	 0.00000000 	 0.00000000 	 0.00000000 	 0.00000000 	 0.00000000 	 5.99281665 	 281.53830102 	 37.69552407 	 93.06581688 	 1.17140394 	 12.44883585 	 0.25514455 	 1.29621069
2279 	 0.00000000 	 0.00000000 	 320.63649826 	 8.35184310 	 0.86760907 	 0.00000000 	 0.00000000 	 0.00000000 	 0.00000000 	 0.00000000 	 0.00000000 	 0.00000000 	 0.00000000 	 0.00000000 	 0.00000000 	 0.00000000 	 0.00000000 	 0.00000000 	 0.00000000 	 0.00000000 	 0.00000000 	 0.00000000 	 0.00000000 	 0.00000000 	 0.00000000 	 0.00000000 	 0.00000000 	 0.00000000 	 0.00000000 	 0.00000000 	 0.00000000 	 0.00000000 	 5.99281665 	 281.53830102 	 37.69552407 	 93.06581688 	 1.17140394 	 12.44883585 	 0.25514455 	 1.29621069
2280 	 0.00000000 	 0.00000000 	 320.63649826 	 8.35184310 	 0.86760907 	 0.00000000 	 0.00000000 	 0.00000000 	 0.00000000 	 0.00000000 	 0.00000000 	 0.00000000 	 0.00000000 	 0.00000000 	 0.00000000 	 0.00000000 	 0.00000000 	 0.00000000 	 0.00000000 	 0.00000000 	 0.00000000 	 0.00000000 	 0.00000000 	 0.00000000 	 0.00000000 	 0.00000000 	 0.00000000 	 0.00000000 	 0.00000000 	 0.00000000 	 0.00000000 	 0.00000000 	 5.99281665 	 281.53830102 	 37.69552407 	 93.06581688 	 1.17140394 	 12.44883585 	 0.25514455 	 1.29621069
2281 	 0.00000000 	 0.00000000 	 320.63649826 	 8.35184310 	 0.86760907 	 0.00000000 	 0.00000000 	 0.00000000 	 0.00000000 	 0.00000000 	 0.00000000 	 0.00000000 	 0.00000000 	 0.00000000 	 0.00000000 	 0.00000000 	 0.00000000 	 0.00000000 	 0.00000000 	 0.00000000 	 0.00000000 	 0.00000000 	 0.00000000 	 0.00000000 	 0.00000000 	 0.00000000 	 0.00000000 	 0.00000000 	 0.00000000 	 0.00000000 	 0.00000000 	 0.00000000 	 5.99281665 	 281.53830102 	 37.69552407 	 93.06581688 	 1.17140394 	 12.44883585 	 0.25514455 	 1.29621069
2282 	 0.00000000 	 0.00000000 	 320.63649826 	 8.35184310 	 0.86760907 	 0.00000000 	 0.00000000 	 0.00000000 	 0.00000000 	 0.00000000 	 0.00000000 	 0.00000000 	 0.00000000 	 0.00000000 	 0.00000000 	 0.00000000 	 0.00000000 	 0.00000000 	 0.00000000 	 0.00000000 	 0.00000000 	 0.00000000 	 0.00000000 	 0.00000000 	 0.00000000 	 0.00000000 	 0.00000000 	 0.00000000 	 0.00000000 	 0.00000000 	 0.00000000 	 0.00000000 	 5.99281665 	 281.53830102 	 37.69552407 	 93.06581688 	 1.17140394 	 12.44883585 	 0.25514455 	 1.29621069
2283 	 0.00000000 	 0.00000000 	 320.63649826 	 8.35184310 	 0.86760907 	 0.00000000 	 0.00000000 	 0.00000000 	 0.00000000 	 0.00000000 	 0.00000000 	 0.00000000 	 0.00000000 	 0.00000000 	 0.00000000 	 0.00000000 	 0.00000000 	 0.00000000 	 0.00000000 	 0.00000000 	 0.00000000 	 0.00000000 	 0.00000000 	 0.00000000 	 0.00000000 	 0.00000000 	 0.00000000 	 0.00000000 	 0.00000000 	 0.00000000 	 0.00000000 	 0.00000000 	 5.99281665 	 281.53830102 	 37.69552407 	 93.06581688 	 1.17140394 	 12.44883585 	 0.25514455 	 1.29621069
2284 	 0.00000000 	 0.00000000 	 320.63649826 	 8.35184310 	 0.86760907 	 0.00000000 	 0.00000000 	 0.00000000 	 0.00000000 	 0.00000000 	 0.00000000 	 0.00000000 	 0.00000000 	 0.00000000 	 0.00000000 	 0.00000000 	 0.00000000 	 0.00000000 	 0.00000000 	 0.00000000 	 0.00000000 	 0.00000000 	 0.00000000 	 0.00000000 	 0.00000000 	 0.00000000 	 0.00000000 	 0.00000000 	 0.00000000 	 0.00000000 	 0.00000000 	 0.00000000 	 5.99281665 	 281.53830102 	 37.69552407 	 93.06581688 	 1.17140394 	 12.44883585 	 0.25514455 	 1.29621069
2285 	 0.00000000 	 0.00000000 	 320.63649826 	 8.35184310 	 0.86760907 	 0.00000000 	 0.00000000 	 0.00000000 	 0.00000000 	 0.00000000 	 0.00000000 	 0.00000000 	 0.00000000 	 0.00000000 	 0.00000000 	 0.00000000 	 0.00000000 	 0.00000000 	 0.00000000 	 0.00000000 	 0.00000000 	 0.00000000 	 0.00000000 	 0.00000000 	 0.00000000 	 0.00000000 	 0.00000000 	 0.00000000 	 0.00000000 	 0.00000000 	 0.00000000 	 0.00000000 	 5.99281665 	 281.53830102 	 37.69552407 	 93.06581688 	 1.17140394 	 12.44883585 	 0.25514455 	 1.29621069
2286 	 0.00000000 	 0.00000000 	 320.63649826 	 8.35184310 	 0.86760907 	 0.00000000 	 0.00000000 	 0.00000000 	 0.00000000 	 0.00000000 	 0.00000000 	 0.00000000 	 0.00000000 	 0.00000000 	 0.00000000 	 0.00000000 	 0.00000000 	 0.00000000 	 0.00000000 	 0.00000000 	 0.00000000 	 0.00000000 	 0.00000000 	 0.00000000 	 0.00000000 	 0.00000000 	 0.00000000 	 0.00000000 	 0.00000000 	 0.00000000 	 0.00000000 	 0.00000000 	 5.99281665 	 281.53830102 	 37.69552407 	 93.06581688 	 1.17140394 	 12.44883585 	 0.25514455 	 1.29621069
2287 	 0.00000000 	 0.00000000 	 320.63649826 	 8.35184310 	 0.86760907 	 0.00000000 	 0.00000000 	 0.00000000 	 0.00000000 	 0.00000000 	 0.00000000 	 0.00000000 	 0.00000000 	 0.00000000 	 0.00000000 	 0.00000000 	 0.00000000 	 0.00000000 	 0.00000000 	 0.00000000 	 0.00000000 	 0.00000000 	 0.00000000 	 0.00000000 	 0.00000000 	 0.00000000 	 0.00000000 	 0.00000000 	 0.00000000 	 0.00000000 	 0.00000000 	 0.00000000 	 5.99281665 	 281.53830102 	 37.69552407 	 93.06581688 	 1.17140394 	 12.44883585 	 0.25514455 	 1.29621069
2288 	 0.00000000 	 0.00000000 	 320.63649826 	 8.35184310 	 0.86760907 	 0.00000000 	 0.00000000 	 0.00000000 	 0.00000000 	 0.00000000 	 0.00000000 	 0.00000000 	 0.00000000 	 0.00000000 	 0.00000000 	 0.00000000 	 0.00000000 	 0.00000000 	 0.00000000 	 0.00000000 	 0.00000000 	 0.00000000 	 0.00000000 	 0.00000000 	 0.00000000 	 0.00000000 	 0.00000000 	 0.00000000 	 0.00000000 	 0.00000000 	 0.00000000 	 0.00000000 	 5.99281665 	 281.53830102 	 37.69552407 	 93.06581688 	 1.17140394 	 12.44883585 	 0.25514455 	 1.29621069
2289 	 0.00000000 	 0.00000000 	 320.63649826 	 8.35184310 	 0.86760907 	 0.00000000 	 0.00000000 	 0.00000000 	 0.00000000 	 0.00000000 	 0.00000000 	 0.00000000 	 0.00000000 	 0.00000000 	 0.00000000 	 0.00000000 	 0.00000000 	 0.00000000 	 0.00000000 	 0.00000000 	 0.00000000 	 0.00000000 	 0.00000000 	 0.00000000 	 0.00000000 	 0.00000000 	 0.00000000 	 0.00000000 	 0.00000000 	 0.00000000 	 0.00000000 	 0.00000000 	 5.99281665 	 281.53830102 	 37.69552407 	 93.06581688 	 1.17140394 	 12.44883585 	 0.25514455 	 1.29621069
2290 	 0.00000000 	 0.00000000 	 320.63649826 	 8.35184310 	 0.86760907 	 0.00000000 	 0.00000000 	 0.00000000 	 0.00000000 	 0.00000000 	 0.00000000 	 0.00000000 	 0.00000000 	 0.00000000 	 0.00000000 	 0.00000000 	 0.00000000 	 0.00000000 	 0.00000000 	 0.00000000 	 0.00000000 	 0.00000000 	 0.00000000 	 0.00000000 	 0.00000000 	 0.00000000 	 0.00000000 	 0.00000000 	 0.00000000 	 0.00000000 	 0.00000000 	 0.00000000 	 5.99281665 	 281.53830102 	 37.69552407 	 93.06581688 	 1.17140394 	 12.44883585 	 0.25514455 	 1.29621069
2291 	 0.00000000 	 0.00000000 	 320.63649826 	 8.35184310 	 0.86760907 	 0.00000000 	 0.00000000 	 0.00000000 	 0.00000000 	 0.00000000 	 0.00000000 	 0.00000000 	 0.00000000 	 0.00000000 	 0.00000000 	 0.00000000 	 0.00000000 	 0.00000000 	 0.00000000 	 0.00000000 	 0.00000000 	 0.00000000 	 0.00000000 	 0.00000000 	 0.00000000 	 0.00000000 	 0.00000000 	 0.00000000 	 0.00000000 	 0.00000000 	 0.00000000 	 0.00000000 	 5.99281665 	 281.53830102 	 37.69552407 	 93.06581688 	 1.17140394 	 12.44883585 	 0.25514455 	 1.29621069
2292 	 0.00000000 	 0.00000000 	 320.63649826 	 8.35184310 	 0.86760907 	 0.00000000 	 0.00000000 	 0.00000000 	 0.00000000 	 0.00000000 	 0.00000000 	 0.00000000 	 0.00000000 	 0.00000000 	 0.00000000 	 0.00000000 	 0.00000000 	 0.00000000 	 0.00000000 	 0.00000000 	 0.00000000 	 0.00000000 	 0.00000000 	 0.00000000 	 0.00000000 	 0.00000000 	 0.00000000 	 0.00000000 	 0.00000000 	 0.00000000 	 0.00000000 	 0.00000000 	 5.99281665 	 281.53830102 	 37.69552407 	 93.06581688 	 1.17140394 	 12.44883585 	 0.25514455 	 1.29621069
2293 	 0.00000000 	 0.00000000 	 320.63649826 	 8.35184310 	 0.86760907 	 0.00000000 	 0.00000000 	 0.00000000 	 0.00000000 	 0.00000000 	 0.00000000 	 0.00000000 	 0.00000000 	 0.00000000 	 0.00000000 	 0.00000000 	 0.00000000 	 0.00000000 	 0.00000000 	 0.00000000 	 0.00000000 	 0.00000000 	 0.00000000 	 0.00000000 	 0.00000000 	 0.00000000 	 0.00000000 	 0.00000000 	 0.00000000 	 0.00000000 	 0.00000000 	 0.00000000 	 5.99281665 	 281.53830102 	 37.69552407 	 93.06581688 	 1.17140394 	 12.44883585 	 0.25514455 	 1.29621069
2294 	 0.00000000 	 0.00000000 	 320.63649826 	 8.35184310 	 0.86760907 	 0.00000000 	 0.00000000 	 0.00000000 	 0.00000000 	 0.00000000 	 0.00000000 	 0.00000000 	 0.00000000 	 0.00000000 	 0.00000000 	 0.00000000 	 0.00000000 	 0.00000000 	 0.00000000 	 0.00000000 	 0.00000000 	 0.00000000 	 0.00000000 	 0.00000000 	 0.00000000 	 0.00000000 	 0.00000000 	 0.00000000 	 0.00000000 	 0.00000000 	 0.00000000 	 0.00000000 	 5.99281665 	 281.53830102 	 37.69552407 	 93.06581688 	 1.17140394 	 12.44883585 	 0.25514455 	 1.29621069
2295 	 0.00000000 	 0.00000000 	 320.63649826 	 8.35184310 	 0.86760907 	 0.00000000 	 0.00000000 	 0.00000000 	 0.00000000 	 0.00000000 	 0.00000000 	 0.00000000 	 0.00000000 	 0.00000000 	 0.00000000 	 0.00000000 	 0.00000000 	 0.00000000 	 0.00000000 	 0.00000000 	 0.00000000 	 0.00000000 	 0.00000000 	 0.00000000 	 0.00000000 	 0.00000000 	 0.00000000 	 0.00000000 	 0.00000000 	 0.00000000 	 0.00000000 	 0.00000000 	 5.99281665 	 281.53830102 	 37.69552407 	 93.06581688 	 1.17140394 	 12.44883585 	 0.25514455 	 1.29621069
2296 	 0.00000000 	 0.00000000 	 320.63649826 	 8.35184310 	 0.86760907 	 0.00000000 	 0.00000000 	 0.00000000 	 0.00000000 	 0.00000000 	 0.00000000 	 0.00000000 	 0.00000000 	 0.00000000 	 0.00000000 	 0.00000000 	 0.00000000 	 0.00000000 	 0.00000000 	 0.00000000 	 0.00000000 	 0.00000000 	 0.00000000 	 0.00000000 	 0.00000000 	 0.00000000 	 0.00000000 	 0.00000000 	 0.00000000 	 0.00000000 	 0.00000000 	 0.00000000 	 5.99281665 	 281.53830102 	 37.69552407 	 93.06581688 	 1.17140394 	 12.44883585 	 0.25514455 	 1.29621069
2297 	 0.00000000 	 0.00000000 	 320.63649826 	 8.35184310 	 0.86760907 	 0.00000000 	 0.00000000 	 0.00000000 	 0.00000000 	 0.00000000 	 0.00000000 	 0.00000000 	 0.00000000 	 0.00000000 	 0.00000000 	 0.00000000 	 0.00000000 	 0.00000000 	 0.00000000 	 0.00000000 	 0.00000000 	 0.00000000 	 0.00000000 	 0.00000000 	 0.00000000 	 0.00000000 	 0.00000000 	 0.00000000 	 0.00000000 	 0.00000000 	 0.00000000 	 0.00000000 	 5.99281665 	 281.53830102 	 37.69552407 	 93.06581688 	 1.17140394 	 12.44883585 	 0.25514455 	 1.29621069
2298 	 0.00000000 	 0.00000000 	 320.63649826 	 8.35184310 	 0.86760907 	 0.00000000 	 0.00000000 	 0.00000000 	 0.00000000 	 0.00000000 	 0.00000000 	 0.00000000 	 0.00000000 	 0.00000000 	 0.00000000 	 0.00000000 	 0.00000000 	 0.00000000 	 0.00000000 	 0.00000000 	 0.00000000 	 0.00000000 	 0.00000000 	 0.00000000 	 0.00000000 	 0.00000000 	 0.00000000 	 0.00000000 	 0.00000000 	 0.00000000 	 0.00000000 	 0.00000000 	 5.99281665 	 281.53830102 	 37.69552407 	 93.06581688 	 1.17140394 	 12.44883585 	 0.25514455 	 1.29621069
2299 	 0.00000000 	 0.00000000 	 320.63649826 	 8.35184310 	 0.86760907 	 0.00000000 	 0.00000000 	 0.00000000 	 0.00000000 	 0.00000000 	 0.00000000 	 0.00000000 	 0.00000000 	 0.00000000 	 0.00000000 	 0.00000000 	 0.00000000 	 0.00000000 	 0.00000000 	 0.00000000 	 0.00000000 	 0.00000000 	 0.00000000 	 0.00000000 	 0.00000000 	 0.00000000 	 0.00000000 	 0.00000000 	 0.00000000 	 0.00000000 	 0.00000000 	 0.00000000 	 5.99281665 	 281.53830102 	 37.69552407 	 93.06581688 	 1.17140394 	 12.44883585 	 0.25514455 	 1.29621069
2300 	 0.00000000 	 0.00000000 	 320.63649826 	 8.35184310 	 0.86760907 	 0.00000000 	 0.00000000 	 0.00000000 	 0.00000000 	 0.00000000 	 0.00000000 	 0.00000000 	 0.00000000 	 0.00000000 	 0.00000000 	 0.00000000 	 0.00000000 	 0.00000000 	 0.00000000 	 0.00000000 	 0.00000000 	 0.00000000 	 0.00000000 	 0.00000000 	 0.00000000 	 0.00000000 	 0.00000000 	 0.00000000 	 0.00000000 	 0.00000000 	 0.00000000 	 0.00000000 	 5.99281665 	 281.53830102 	 37.69552407 	 93.06581688 	 1.17140394 	 12.44883585 	 0.25514455 	 1.29621069
2301 	 0.00000000 	 0.00000000 	 320.63649826 	 8.35184310 	 0.86760907 	 0.00000000 	 0.00000000 	 0.00000000 	 0.00000000 	 0.00000000 	 0.00000000 	 0.00000000 	 0.00000000 	 0.00000000 	 0.00000000 	 0.00000000 	 0.00000000 	 0.00000000 	 0.00000000 	 0.00000000 	 0.00000000 	 0.00000000 	 0.00000000 	 0.00000000 	 0.00000000 	 0.00000000 	 0.00000000 	 0.00000000 	 0.00000000 	 0.00000000 	 0.00000000 	 0.00000000 	 5.99281665 	 281.53830102 	 37.69552407 	 93.06581688 	 1.17140394 	 12.44883585 	 0.25514455 	 1.29621069
2302 	 0.00000000 	 0.00000000 	 320.63649826 	 8.35184310 	 0.86760907 	 0.00000000 	 0.00000000 	 0.00000000 	 0.00000000 	 0.00000000 	 0.00000000 	 0.00000000 	 0.00000000 	 0.00000000 	 0.00000000 	 0.00000000 	 0.00000000 	 0.00000000 	 0.00000000 	 0.00000000 	 0.00000000 	 0.00000000 	 0.00000000 	 0.00000000 	 0.00000000 	 0.00000000 	 0.00000000 	 0.00000000 	 0.00000000 	 0.00000000 	 0.00000000 	 0.00000000 	 5.99281665 	 281.53830102 	 37.69552407 	 93.06581688 	 1.17140394 	 12.44883585 	 0.25514455 	 1.29621069
2303 	 0.00000000 	 0.00000000 	 320.63649826 	 8.35184310 	 0.86760907 	 0.00000000 	 0.00000000 	 0.00000000 	 0.00000000 	 0.00000000 	 0.00000000 	 0.00000000 	 0.00000000 	 0.00000000 	 0.00000000 	 0.00000000 	 0.00000000 	 0.00000000 	 0.00000000 	 0.00000000 	 0.00000000 	 0.00000000 	 0.00000000 	 0.00000000 	 0.00000000 	 0.00000000 	 0.00000000 	 0.00000000 	 0.00000000 	 0.00000000 	 0.00000000 	 0.00000000 	 5.99281665 	 281.53830102 	 37.69552407 	 93.06581688 	 1.17140394 	 12.44883585 	 0.25514455 	 1.29621069
2304 	 0.00000000 	 0.00000000 	 320.63649826 	 8.35184310 	 0.86760907 	 0.00000000 	 0.00000000 	 0.00000000 	 0.00000000 	 0.00000000 	 0.00000000 	 0.00000000 	 0.00000000 	 0.00000000 	 0.00000000 	 0.00000000 	 0.00000000 	 0.00000000 	 0.00000000 	 0.00000000 	 0.00000000 	 0.00000000 	 0.00000000 	 0.00000000 	 0.00000000 	 0.00000000 	 0.00000000 	 0.00000000 	 0.00000000 	 0.00000000 	 0.00000000 	 0.00000000 	 5.99281665 	 281.53830102 	 37.69552407 	 93.06581688 	 1.17140394 	 12.44883585 	 0.25514455 	 1.29621069
2305 	 0.00000000 	 0.00000000 	 320.63649826 	 8.35184310 	 0.86760907 	 0.00000000 	 0.00000000 	 0.00000000 	 0.00000000 	 0.00000000 	 0.00000000 	 0.00000000 	 0.00000000 	 0.00000000 	 0.00000000 	 0.00000000 	 0.00000000 	 0.00000000 	 0.00000000 	 0.00000000 	 0.00000000 	 0.00000000 	 0.00000000 	 0.00000000 	 0.00000000 	 0.00000000 	 0.00000000 	 0.00000000 	 0.00000000 	 0.00000000 	 0.00000000 	 0.00000000 	 5.99281665 	 281.53830102 	 37.69552407 	 93.06581688 	 1.17140394 	 12.44883585 	 0.25514455 	 1.29621069
2306 	 0.00000000 	 0.00000000 	 320.63649826 	 8.35184310 	 0.86760907 	 0.00000000 	 0.00000000 	 0.00000000 	 0.00000000 	 0.00000000 	 0.00000000 	 0.00000000 	 0.00000000 	 0.00000000 	 0.00000000 	 0.00000000 	 0.00000000 	 0.00000000 	 0.00000000 	 0.00000000 	 0.00000000 	 0.00000000 	 0.00000000 	 0.00000000 	 0.00000000 	 0.00000000 	 0.00000000 	 0.00000000 	 0.00000000 	 0.00000000 	 0.00000000 	 0.00000000 	 5.99281665 	 281.53830102 	 37.69552407 	 93.06581688 	 1.17140394 	 12.44883585 	 0.25514455 	 1.29621069
2307 	 0.00000000 	 0.00000000 	 320.63649826 	 8.35184310 	 0.86760907 	 0.00000000 	 0.00000000 	 0.00000000 	 0.00000000 	 0.00000000 	 0.00000000 	 0.00000000 	 0.00000000 	 0.00000000 	 0.00000000 	 0.00000000 	 0.00000000 	 0.00000000 	 0.00000000 	 0.00000000 	 0.00000000 	 0.00000000 	 0.00000000 	 0.00000000 	 0.00000000 	 0.00000000 	 0.00000000 	 0.00000000 	 0.00000000 	 0.00000000 	 0.00000000 	 0.00000000 	 5.99281665 	 281.53830102 	 37.69552407 	 93.06581688 	 1.17140394 	 12.44883585 	 0.25514455 	 1.29621069
2308 	 0.00000000 	 0.00000000 	 320.63649826 	 8.35184310 	 0.86760907 	 0.00000000 	 0.00000000 	 0.00000000 	 0.00000000 	 0.00000000 	 0.00000000 	 0.00000000 	 0.00000000 	 0.00000000 	 0.00000000 	 0.00000000 	 0.00000000 	 0.00000000 	 0.00000000 	 0.00000000 	 0.00000000 	 0.00000000 	 0.00000000 	 0.00000000 	 0.00000000 	 0.00000000 	 0.00000000 	 0.00000000 	 0.00000000 	 0.00000000 	 0.00000000 	 0.00000000 	 5.99281665 	 281.53830102 	 37.69552407 	 93.06581688 	 1.17140394 	 12.44883585 	 0.25514455 	 1.29621069
2309 	 0.00000000 	 0.00000000 	 320.63649826 	 8.35184310 	 0.86760907 	 0.00000000 	 0.00000000 	 0.00000000 	 0.00000000 	 0.00000000 	 0.00000000 	 0.00000000 	 0.00000000 	 0.00000000 	 0.00000000 	 0.00000000 	 0.00000000 	 0.00000000 	 0.00000000 	 0.00000000 	 0.00000000 	 0.00000000 	 0.00000000 	 0.00000000 	 0.00000000 	 0.00000000 	 0.00000000 	 0.00000000 	 0.00000000 	 0.00000000 	 0.00000000 	 0.00000000 	 5.99281665 	 281.53830102 	 37.69552407 	 93.06581688 	 1.17140394 	 12.44883585 	 0.25514455 	 1.29621069
2310 	 0.00000000 	 0.00000000 	 320.63649826 	 8.35184310 	 0.86760907 	 0.00000000 	 0.00000000 	 0.00000000 	 0.00000000 	 0.00000000 	 0.00000000 	 0.00000000 	 0.00000000 	 0.00000000 	 0.00000000 	 0.00000000 	 0.00000000 	 0.00000000 	 0.00000000 	 0.00000000 	 0.00000000 	 0.00000000 	 0.00000000 	 0.00000000 	 0.00000000 	 0.00000000 	 0.00000000 	 0.00000000 	 0.00000000 	 0.00000000 	 0.00000000 	 0.00000000 	 5.99281665 	 281.53830102 	 37.69552407 	 93.06581688 	 1.17140394 	 12.44883585 	 0.25514455 	 1.29621069
2311 	 0.00000000 	 0.00000000 	 320.63649826 	 8.35184310 	 0.86760907 	 0.00000000 	 0.00000000 	 0.00000000 	 0.00000000 	 0.00000000 	 0.00000000 	 0.00000000 	 0.00000000 	 0.00000000 	 0.00000000 	 0.00000000 	 0.00000000 	 0.00000000 	 0.00000000 	 0.00000000 	 0.00000000 	 0.00000000 	 0.00000000 	 0.00000000 	 0.00000000 	 0.00000000 	 0.00000000 	 0.00000000 	 0.00000000 	 0.00000000 	 0.00000000 	 0.00000000 	 5.99281665 	 281.53830102 	 37.69552407 	 93.06581688 	 1.17140394 	 12.44883585 	 0.25514455 	 1.29621069
2312 	 0.00000000 	 0.00000000 	 320.63649826 	 8.35184310 	 0.86760907 	 0.00000000 	 0.00000000 	 0.00000000 	 0.00000000 	 0.00000000 	 0.00000000 	 0.00000000 	 0.00000000 	 0.00000000 	 0.00000000 	 0.00000000 	 0.00000000 	 0.00000000 	 0.00000000 	 0.00000000 	 0.00000000 	 0.00000000 	 0.00000000 	 0.00000000 	 0.00000000 	 0.00000000 	 0.00000000 	 0.00000000 	 0.00000000 	 0.00000000 	 0.00000000 	 0.00000000 	 5.99281665 	 281.53830102 	 37.69552407 	 93.06581688 	 1.17140394 	 12.44883585 	 0.25514455 	 1.29621069
2313 	 0.00000000 	 0.00000000 	 320.63649826 	 8.35184310 	 0.86760907 	 0.00000000 	 0.00000000 	 0.00000000 	 0.00000000 	 0.00000000 	 0.00000000 	 0.00000000 	 0.00000000 	 0.00000000 	 0.00000000 	 0.00000000 	 0.00000000 	 0.00000000 	 0.00000000 	 0.00000000 	 0.00000000 	 0.00000000 	 0.00000000 	 0.00000000 	 0.00000000 	 0.00000000 	 0.00000000 	 0.00000000 	 0.00000000 	 0.00000000 	 0.00000000 	 0.00000000 	 5.99281665 	 281.53830102 	 37.69552407 	 93.06581688 	 1.17140394 	 12.44883585 	 0.25514455 	 1.29621069
2314 	 0.00000000 	 0.00000000 	 320.63649826 	 8.35184310 	 0.86760907 	 0.00000000 	 0.00000000 	 0.00000000 	 0.00000000 	 0.00000000 	 0.00000000 	 0.00000000 	 0.00000000 	 0.00000000 	 0.00000000 	 0.00000000 	 0.00000000 	 0.00000000 	 0.00000000 	 0.00000000 	 0.00000000 	 0.00000000 	 0.00000000 	 0.00000000 	 0.00000000 	 0.00000000 	 0.00000000 	 0.00000000 	 0.00000000 	 0.00000000 	 0.00000000 	 0.00000000 	 5.99281665 	 281.53830102 	 37.69552407 	 93.06581688 	 1.17140394 	 12.44883585 	 0.25514455 	 1.29621069
2315 	 0.00000000 	 0.00000000 	 320.63649826 	 8.35184310 	 0.86760907 	 0.00000000 	 0.00000000 	 0.00000000 	 0.00000000 	 0.00000000 	 0.00000000 	 0.00000000 	 0.00000000 	 0.00000000 	 0.00000000 	 0.00000000 	 0.00000000 	 0.00000000 	 0.00000000 	 0.00000000 	 0.00000000 	 0.00000000 	 0.00000000 	 0.00000000 	 0.00000000 	 0.00000000 	 0.00000000 	 0.00000000 	 0.00000000 	 0.00000000 	 0.00000000 	 0.00000000 	 5.99281665 	 281.53830102 	 37.69552407 	 93.06581688 	 1.17140394 	 12.44883585 	 0.25514455 	 1.29621069
2316 	 0.00000000 	 0.00000000 	 320.63649826 	 8.35184310 	 0.86760907 	 0.00000000 	 0.00000000 	 0.00000000 	 0.00000000 	 0.00000000 	 0.00000000 	 0.00000000 	 0.00000000 	 0.00000000 	 0.00000000 	 0.00000000 	 0.00000000 	 0.00000000 	 0.00000000 	 0.00000000 	 0.00000000 	 0.00000000 	 0.00000000 	 0.00000000 	 0.00000000 	 0.00000000 	 0.00000000 	 0.00000000 	 0.00000000 	 0.00000000 	 0.00000000 	 0.00000000 	 5.99281665 	 281.53830102 	 37.69552407 	 93.06581688 	 1.17140394 	 12.44883585 	 0.25514455 	 1.29621069
2317 	 0.00000000 	 0.00000000 	 320.63649826 	 8.35184310 	 0.86760907 	 0.00000000 	 0.00000000 	 0.00000000 	 0.00000000 	 0.00000000 	 0.00000000 	 0.00000000 	 0.00000000 	 0.00000000 	 0.00000000 	 0.00000000 	 0.00000000 	 0.00000000 	 0.00000000 	 0.00000000 	 0.00000000 	 0.00000000 	 0.00000000 	 0.00000000 	 0.00000000 	 0.00000000 	 0.00000000 	 0.00000000 	 0.00000000 	 0.00000000 	 0.00000000 	 0.00000000 	 5.99281665 	 281.53830102 	 37.69552407 	 93.06581688 	 1.17140394 	 12.44883585 	 0.25514455 	 1.29621069
2318 	 0.00000000 	 0.00000000 	 320.63649826 	 8.35184310 	 0.86760907 	 0.00000000 	 0.00000000 	 0.00000000 	 0.00000000 	 0.00000000 	 0.00000000 	 0.00000000 	 0.00000000 	 0.00000000 	 0.00000000 	 0.00000000 	 0.00000000 	 0.00000000 	 0.00000000 	 0.00000000 	 0.00000000 	 0.00000000 	 0.00000000 	 0.00000000 	 0.00000000 	 0.00000000 	 0.00000000 	 0.00000000 	 0.00000000 	 0.00000000 	 0.00000000 	 0.00000000 	 5.99281665 	 281.53830102 	 37.69552407 	 93.06581688 	 1.17140394 	 12.44883585 	 0.25514455 	 1.29621069
2319 	 0.00000000 	 0.00000000 	 320.63649826 	 8.35184310 	 0.86760907 	 0.00000000 	 0.00000000 	 0.00000000 	 0.00000000 	 0.00000000 	 0.00000000 	 0.00000000 	 0.00000000 	 0.00000000 	 0.00000000 	 0.00000000 	 0.00000000 	 0.00000000 	 0.00000000 	 0.00000000 	 0.00000000 	 0.00000000 	 0.00000000 	 0.00000000 	 0.00000000 	 0.00000000 	 0.00000000 	 0.00000000 	 0.00000000 	 0.00000000 	 0.00000000 	 0.00000000 	 5.99281665 	 281.53830102 	 37.69552407 	 93.06581688 	 1.17140394 	 12.44883585 	 0.25514455 	 1.29621069
2320 	 0.00000000 	 0.00000000 	 320.63649826 	 8.35184310 	 0.86760907 	 0.00000000 	 0.00000000 	 0.00000000 	 0.00000000 	 0.00000000 	 0.00000000 	 0.00000000 	 0.00000000 	 0.00000000 	 0.00000000 	 0.00000000 	 0.00000000 	 0.00000000 	 0.00000000 	 0.00000000 	 0.00000000 	 0.00000000 	 0.00000000 	 0.00000000 	 0.00000000 	 0.00000000 	 0.00000000 	 0.00000000 	 0.00000000 	 0.00000000 	 0.00000000 	 0.00000000 	 5.99281665 	 281.53830102 	 37.69552407 	 93.06581688 	 1.17140394 	 12.44883585 	 0.25514455 	 1.29621069
2321 	 0.00000000 	 0.00000000 	 320.63649826 	 8.35184310 	 0.86760907 	 0.00000000 	 0.00000000 	 0.00000000 	 0.00000000 	 0.00000000 	 0.00000000 	 0.00000000 	 0.00000000 	 0.00000000 	 0.00000000 	 0.00000000 	 0.00000000 	 0.00000000 	 0.00000000 	 0.00000000 	 0.00000000 	 0.00000000 	 0.00000000 	 0.00000000 	 0.00000000 	 0.00000000 	 0.00000000 	 0.00000000 	 0.00000000 	 0.00000000 	 0.00000000 	 0.00000000 	 5.99281665 	 281.53830102 	 37.69552407 	 93.06581688 	 1.17140394 	 12.44883585 	 0.25514455 	 1.29621069
2322 	 0.00000000 	 0.00000000 	 320.63649826 	 8.35184310 	 0.86760907 	 0.00000000 	 0.00000000 	 0.00000000 	 0.00000000 	 0.00000000 	 0.00000000 	 0.00000000 	 0.00000000 	 0.00000000 	 0.00000000 	 0.00000000 	 0.00000000 	 0.00000000 	 0.00000000 	 0.00000000 	 0.00000000 	 0.00000000 	 0.00000000 	 0.00000000 	 0.00000000 	 0.00000000 	 0.00000000 	 0.00000000 	 0.00000000 	 0.00000000 	 0.00000000 	 0.00000000 	 5.99281665 	 281.53830102 	 37.69552407 	 93.06581688 	 1.17140394 	 12.44883585 	 0.25514455 	 1.29621069
2323 	 0.00000000 	 0.00000000 	 320.63649826 	 8.35184310 	 0.86760907 	 0.00000000 	 0.00000000 	 0.00000000 	 0.00000000 	 0.00000000 	 0.00000000 	 0.00000000 	 0.00000000 	 0.00000000 	 0.00000000 	 0.00000000 	 0.00000000 	 0.00000000 	 0.00000000 	 0.00000000 	 0.00000000 	 0.00000000 	 0.00000000 	 0.00000000 	 0.00000000 	 0.00000000 	 0.00000000 	 0.00000000 	 0.00000000 	 0.00000000 	 0.00000000 	 0.00000000 	 5.99281665 	 281.53830102 	 37.69552407 	 93.06581688 	 1.17140394 	 12.44883585 	 0.25514455 	 1.29621069
2324 	 0.00000000 	 0.00000000 	 320.63649826 	 8.35184310 	 0.86760907 	 0.00000000 	 0.00000000 	 0.00000000 	 0.00000000 	 0.00000000 	 0.00000000 	 0.00000000 	 0.00000000 	 0.00000000 	 0.00000000 	 0.00000000 	 0.00000000 	 0.00000000 	 0.00000000 	 0.00000000 	 0.00000000 	 0.00000000 	 0.00000000 	 0.00000000 	 0.00000000 	 0.00000000 	 0.00000000 	 0.00000000 	 0.00000000 	 0.00000000 	 0.00000000 	 0.00000000 	 5.99281665 	 281.53830102 	 37.69552407 	 93.06581688 	 1.17140394 	 12.44883585 	 0.25514455 	 1.29621069
2325 	 0.00000000 	 0.00000000 	 320.63649826 	 8.35184310 	 0.86760907 	 0.00000000 	 0.00000000 	 0.00000000 	 0.00000000 	 0.00000000 	 0.00000000 	 0.00000000 	 0.00000000 	 0.00000000 	 0.00000000 	 0.00000000 	 0.00000000 	 0.00000000 	 0.00000000 	 0.00000000 	 0.00000000 	 0.00000000 	 0.00000000 	 0.00000000 	 0.00000000 	 0.00000000 	 0.00000000 	 0.00000000 	 0.00000000 	 0.00000000 	 0.00000000 	 0.00000000 	 5.99281665 	 281.53830102 	 37.69552407 	 93.06581688 	 1.17140394 	 12.44883585 	 0.25514455 	 1.29621069
2326 	 0.00000000 	 0.00000000 	 320.63649826 	 8.35184310 	 0.86760907 	 0.00000000 	 0.00000000 	 0.00000000 	 0.00000000 	 0.00000000 	 0.00000000 	 0.00000000 	 0.00000000 	 0.00000000 	 0.00000000 	 0.00000000 	 0.00000000 	 0.00000000 	 0.00000000 	 0.00000000 	 0.00000000 	 0.00000000 	 0.00000000 	 0.00000000 	 0.00000000 	 0.00000000 	 0.00000000 	 0.00000000 	 0.00000000 	 0.00000000 	 0.00000000 	 0.00000000 	 5.99281665 	 281.53830102 	 37.69552407 	 93.06581688 	 1.17140394 	 12.44883585 	 0.25514455 	 1.29621069
2327 	 0.00000000 	 0.00000000 	 320.63649826 	 8.35184310 	 0.86760907 	 0.00000000 	 0.00000000 	 0.00000000 	 0.00000000 	 0.00000000 	 0.00000000 	 0.00000000 	 0.00000000 	 0.00000000 	 0.00000000 	 0.00000000 	 0.00000000 	 0.00000000 	 0.00000000 	 0.00000000 	 0.00000000 	 0.00000000 	 0.00000000 	 0.00000000 	 0.00000000 	 0.00000000 	 0.00000000 	 0.00000000 	 0.00000000 	 0.00000000 	 0.00000000 	 0.00000000 	 5.99281665 	 281.53830102 	 37.69552407 	 93.06581688 	 1.17140394 	 12.44883585 	 0.25514455 	 1.29621069
2328 	 0.00000000 	 0.00000000 	 320.63649826 	 8.35184310 	 0.86760907 	 0.00000000 	 0.00000000 	 0.00000000 	 0.00000000 	 0.00000000 	 0.00000000 	 0.00000000 	 0.00000000 	 0.00000000 	 0.00000000 	 0.00000000 	 0.00000000 	 0.00000000 	 0.00000000 	 0.00000000 	 0.00000000 	 0.00000000 	 0.00000000 	 0.00000000 	 0.00000000 	 0.00000000 	 0.00000000 	 0.00000000 	 0.00000000 	 0.00000000 	 0.00000000 	 0.00000000 	 5.99281665 	 281.53830102 	 37.69552407 	 93.06581688 	 1.17140394 	 12.44883585 	 0.25514455 	 1.29621069
2329 	 0.00000000 	 0.00000000 	 320.63649826 	 8.35184310 	 0.86760907 	 0.00000000 	 0.00000000 	 0.00000000 	 0.00000000 	 0.00000000 	 0.00000000 	 0.00000000 	 0.00000000 	 0.00000000 	 0.00000000 	 0.00000000 	 0.00000000 	 0.00000000 	 0.00000000 	 0.00000000 	 0.00000000 	 0.00000000 	 0.00000000 	 0.00000000 	 0.00000000 	 0.00000000 	 0.00000000 	 0.00000000 	 0.00000000 	 0.00000000 	 0.00000000 	 0.00000000 	 5.99281665 	 281.53830102 	 37.69552407 	 93.06581688 	 1.17140394 	 12.44883585 	 0.25514455 	 1.29621069
2330 	 0.00000000 	 0.00000000 	 320.63649826 	 8.35184310 	 0.86760907 	 0.00000000 	 0.00000000 	 0.00000000 	 0.00000000 	 0.00000000 	 0.00000000 	 0.00000000 	 0.00000000 	 0.00000000 	 0.00000000 	 0.00000000 	 0.00000000 	 0.00000000 	 0.00000000 	 0.00000000 	 0.00000000 	 0.00000000 	 0.00000000 	 0.00000000 	 0.00000000 	 0.00000000 	 0.00000000 	 0.00000000 	 0.00000000 	 0.00000000 	 0.00000000 	 0.00000000 	 5.99281665 	 281.53830102 	 37.69552407 	 93.06581688 	 1.17140394 	 12.44883585 	 0.25514455 	 1.29621069
2331 	 0.00000000 	 0.00000000 	 320.63649826 	 8.35184310 	 0.86760907 	 0.00000000 	 0.00000000 	 0.00000000 	 0.00000000 	 0.00000000 	 0.00000000 	 0.00000000 	 0.00000000 	 0.00000000 	 0.00000000 	 0.00000000 	 0.00000000 	 0.00000000 	 0.00000000 	 0.00000000 	 0.00000000 	 0.00000000 	 0.00000000 	 0.00000000 	 0.00000000 	 0.00000000 	 0.00000000 	 0.00000000 	 0.00000000 	 0.00000000 	 0.00000000 	 0.00000000 	 5.99281665 	 281.53830102 	 37.69552407 	 93.06581688 	 1.17140394 	 12.44883585 	 0.25514455 	 1.29621069
2332 	 0.00000000 	 0.00000000 	 320.63649826 	 8.35184310 	 0.86760907 	 0.00000000 	 0.00000000 	 0.00000000 	 0.00000000 	 0.00000000 	 0.00000000 	 0.00000000 	 0.00000000 	 0.00000000 	 0.00000000 	 0.00000000 	 0.00000000 	 0.00000000 	 0.00000000 	 0.00000000 	 0.00000000 	 0.00000000 	 0.00000000 	 0.00000000 	 0.00000000 	 0.00000000 	 0.00000000 	 0.00000000 	 0.00000000 	 0.00000000 	 0.00000000 	 0.00000000 	 5.99281665 	 281.53830102 	 37.69552407 	 93.06581688 	 1.17140394 	 12.44883585 	 0.25514455 	 1.29621069
2333 	 0.00000000 	 0.00000000 	 320.63649826 	 8.35184310 	 0.86760907 	 0.00000000 	 0.00000000 	 0.00000000 	 0.00000000 	 0.00000000 	 0.00000000 	 0.00000000 	 0.00000000 	 0.00000000 	 0.00000000 	 0.00000000 	 0.00000000 	 0.00000000 	 0.00000000 	 0.00000000 	 0.00000000 	 0.00000000 	 0.00000000 	 0.00000000 	 0.00000000 	 0.00000000 	 0.00000000 	 0.00000000 	 0.00000000 	 0.00000000 	 0.00000000 	 0.00000000 	 5.99281665 	 281.53830102 	 37.69552407 	 93.06581688 	 1.17140394 	 12.44883585 	 0.25514455 	 1.29621069
2334 	 0.00000000 	 0.00000000 	 320.63649826 	 8.35184310 	 0.86760907 	 0.00000000 	 0.00000000 	 0.00000000 	 0.00000000 	 0.00000000 	 0.00000000 	 0.00000000 	 0.00000000 	 0.00000000 	 0.00000000 	 0.00000000 	 0.00000000 	 0.00000000 	 0.00000000 	 0.00000000 	 0.00000000 	 0.00000000 	 0.00000000 	 0.00000000 	 0.00000000 	 0.00000000 	 0.00000000 	 0.00000000 	 0.00000000 	 0.00000000 	 0.00000000 	 0.00000000 	 5.99281665 	 281.53830102 	 37.69552407 	 93.06581688 	 1.17140394 	 12.44883585 	 0.25514455 	 1.29621069
2335 	 0.00000000 	 0.00000000 	 320.63649826 	 8.35184310 	 0.86760907 	 0.00000000 	 0.00000000 	 0.00000000 	 0.00000000 	 0.00000000 	 0.00000000 	 0.00000000 	 0.00000000 	 0.00000000 	 0.00000000 	 0.00000000 	 0.00000000 	 0.00000000 	 0.00000000 	 0.00000000 	 0.00000000 	 0.00000000 	 0.00000000 	 0.00000000 	 0.00000000 	 0.00000000 	 0.00000000 	 0.00000000 	 0.00000000 	 0.00000000 	 0.00000000 	 0.00000000 	 5.99281665 	 281.53830102 	 37.69552407 	 93.06581688 	 1.17140394 	 12.44883585 	 0.25514455 	 1.29621069
2336 	 0.00000000 	 0.00000000 	 320.63649826 	 8.35184310 	 0.86760907 	 0.00000000 	 0.00000000 	 0.00000000 	 0.00000000 	 0.00000000 	 0.00000000 	 0.00000000 	 0.00000000 	 0.00000000 	 0.00000000 	 0.00000000 	 0.00000000 	 0.00000000 	 0.00000000 	 0.00000000 	 0.00000000 	 0.00000000 	 0.00000000 	 0.00000000 	 0.00000000 	 0.00000000 	 0.00000000 	 0.00000000 	 0.00000000 	 0.00000000 	 0.00000000 	 0.00000000 	 5.99281665 	 281.53830102 	 37.69552407 	 93.06581688 	 1.17140394 	 12.44883585 	 0.25514455 	 1.29621069
2337 	 0.00000000 	 0.00000000 	 320.63649826 	 8.35184310 	 0.86760907 	 0.00000000 	 0.00000000 	 0.00000000 	 0.00000000 	 0.00000000 	 0.00000000 	 0.00000000 	 0.00000000 	 0.00000000 	 0.00000000 	 0.00000000 	 0.00000000 	 0.00000000 	 0.00000000 	 0.00000000 	 0.00000000 	 0.00000000 	 0.00000000 	 0.00000000 	 0.00000000 	 0.00000000 	 0.00000000 	 0.00000000 	 0.00000000 	 0.00000000 	 0.00000000 	 0.00000000 	 5.99281665 	 281.53830102 	 37.69552407 	 93.06581688 	 1.17140394 	 12.44883585 	 0.25514455 	 1.29621069
2338 	 0.00000000 	 0.00000000 	 320.63649826 	 8.35184310 	 0.86760907 	 0.00000000 	 0.00000000 	 0.00000000 	 0.00000000 	 0.00000000 	 0.00000000 	 0.00000000 	 0.00000000 	 0.00000000 	 0.00000000 	 0.00000000 	 0.00000000 	 0.00000000 	 0.00000000 	 0.00000000 	 0.00000000 	 0.00000000 	 0.00000000 	 0.00000000 	 0.00000000 	 0.00000000 	 0.00000000 	 0.00000000 	 0.00000000 	 0.00000000 	 0.00000000 	 0.00000000 	 5.99281665 	 281.53830102 	 37.69552407 	 93.06581688 	 1.17140394 	 12.44883585 	 0.25514455 	 1.29621069
2339 	 0.00000000 	 0.00000000 	 320.63649826 	 8.35184310 	 0.86760907 	 0.00000000 	 0.00000000 	 0.00000000 	 0.00000000 	 0.00000000 	 0.00000000 	 0.00000000 	 0.00000000 	 0.00000000 	 0.00000000 	 0.00000000 	 0.00000000 	 0.00000000 	 0.00000000 	 0.00000000 	 0.00000000 	 0.00000000 	 0.00000000 	 0.00000000 	 0.00000000 	 0.00000000 	 0.00000000 	 0.00000000 	 0.00000000 	 0.00000000 	 0.00000000 	 0.00000000 	 5.99281665 	 281.53830102 	 37.69552407 	 93.06581688 	 1.17140394 	 12.44883585 	 0.25514455 	 1.29621069
2340 	 0.00000000 	 0.00000000 	 320.63649826 	 8.35184310 	 0.86760907 	 0.00000000 	 0.00000000 	 0.00000000 	 0.00000000 	 0.00000000 	 0.00000000 	 0.00000000 	 0.00000000 	 0.00000000 	 0.00000000 	 0.00000000 	 0.00000000 	 0.00000000 	 0.00000000 	 0.00000000 	 0.00000000 	 0.00000000 	 0.00000000 	 0.00000000 	 0.00000000 	 0.00000000 	 0.00000000 	 0.00000000 	 0.00000000 	 0.00000000 	 0.00000000 	 0.00000000 	 5.99281665 	 281.53830102 	 37.69552407 	 93.06581688 	 1.17140394 	 12.44883585 	 0.25514455 	 1.29621069
2341 	 0.00000000 	 0.00000000 	 320.63649826 	 8.35184310 	 0.86760907 	 0.00000000 	 0.00000000 	 0.00000000 	 0.00000000 	 0.00000000 	 0.00000000 	 0.00000000 	 0.00000000 	 0.00000000 	 0.00000000 	 0.00000000 	 0.00000000 	 0.00000000 	 0.00000000 	 0.00000000 	 0.00000000 	 0.00000000 	 0.00000000 	 0.00000000 	 0.00000000 	 0.00000000 	 0.00000000 	 0.00000000 	 0.00000000 	 0.00000000 	 0.00000000 	 0.00000000 	 5.99281665 	 281.53830102 	 37.69552407 	 93.06581688 	 1.17140394 	 12.44883585 	 0.25514455 	 1.29621069
2342 	 0.00000000 	 0.00000000 	 320.63649826 	 8.35184310 	 0.86760907 	 0.00000000 	 0.00000000 	 0.00000000 	 0.00000000 	 0.00000000 	 0.00000000 	 0.00000000 	 0.00000000 	 0.00000000 	 0.00000000 	 0.00000000 	 0.00000000 	 0.00000000 	 0.00000000 	 0.00000000 	 0.00000000 	 0.00000000 	 0.00000000 	 0.00000000 	 0.00000000 	 0.00000000 	 0.00000000 	 0.00000000 	 0.00000000 	 0.00000000 	 0.00000000 	 0.00000000 	 5.99281665 	 281.53830102 	 37.69552407 	 93.06581688 	 1.17140394 	 12.44883585 	 0.25514455 	 1.29621069
2343 	 0.00000000 	 0.00000000 	 320.63649826 	 8.35184310 	 0.86760907 	 0.00000000 	 0.00000000 	 0.00000000 	 0.00000000 	 0.00000000 	 0.00000000 	 0.00000000 	 0.00000000 	 0.00000000 	 0.00000000 	 0.00000000 	 0.00000000 	 0.00000000 	 0.00000000 	 0.00000000 	 0.00000000 	 0.00000000 	 0.00000000 	 0.00000000 	 0.00000000 	 0.00000000 	 0.00000000 	 0.00000000 	 0.00000000 	 0.00000000 	 0.00000000 	 0.00000000 	 5.99281665 	 281.53830102 	 37.69552407 	 93.06581688 	 1.17140394 	 12.44883585 	 0.25514455 	 1.29621069
2344 	 0.00000000 	 0.00000000 	 320.63649826 	 8.35184310 	 0.86760907 	 0.00000000 	 0.00000000 	 0.00000000 	 0.00000000 	 0.00000000 	 0.00000000 	 0.00000000 	 0.00000000 	 0.00000000 	 0.00000000 	 0.00000000 	 0.00000000 	 0.00000000 	 0.00000000 	 0.00000000 	 0.00000000 	 0.00000000 	 0.00000000 	 0.00000000 	 0.00000000 	 0.00000000 	 0.00000000 	 0.00000000 	 0.00000000 	 0.00000000 	 0.00000000 	 0.00000000 	 5.99281665 	 281.53830102 	 37.69552407 	 93.06581688 	 1.17140394 	 12.44883585 	 0.25514455 	 1.29621069
2345 	 0.00000000 	 0.00000000 	 320.63649826 	 8.35184310 	 0.86760907 	 0.00000000 	 0.00000000 	 0.00000000 	 0.00000000 	 0.00000000 	 0.00000000 	 0.00000000 	 0.00000000 	 0.00000000 	 0.00000000 	 0.00000000 	 0.00000000 	 0.00000000 	 0.00000000 	 0.00000000 	 0.00000000 	 0.00000000 	 0.00000000 	 0.00000000 	 0.00000000 	 0.00000000 	 0.00000000 	 0.00000000 	 0.00000000 	 0.00000000 	 0.00000000 	 0.00000000 	 5.99281665 	 281.53830102 	 37.69552407 	 93.06581688 	 1.17140394 	 12.44883585 	 0.25514455 	 1.29621069
2346 	 0.00000000 	 0.00000000 	 320.63649826 	 8.35184310 	 0.86760907 	 0.00000000 	 0.00000000 	 0.00000000 	 0.00000000 	 0.00000000 	 0.00000000 	 0.00000000 	 0.00000000 	 0.00000000 	 0.00000000 	 0.00000000 	 0.00000000 	 0.00000000 	 0.00000000 	 0.00000000 	 0.00000000 	 0.00000000 	 0.00000000 	 0.00000000 	 0.00000000 	 0.00000000 	 0.00000000 	 0.00000000 	 0.00000000 	 0.00000000 	 0.00000000 	 0.00000000 	 5.99281665 	 281.53830102 	 37.69552407 	 93.06581688 	 1.17140394 	 12.44883585 	 0.25514455 	 1.29621069
2347 	 0.00000000 	 0.00000000 	 320.63649826 	 8.35184310 	 0.86760907 	 0.00000000 	 0.00000000 	 0.00000000 	 0.00000000 	 0.00000000 	 0.00000000 	 0.00000000 	 0.00000000 	 0.00000000 	 0.00000000 	 0.00000000 	 0.00000000 	 0.00000000 	 0.00000000 	 0.00000000 	 0.00000000 	 0.00000000 	 0.00000000 	 0.00000000 	 0.00000000 	 0.00000000 	 0.00000000 	 0.00000000 	 0.00000000 	 0.00000000 	 0.00000000 	 0.00000000 	 5.99281665 	 281.53830102 	 37.69552407 	 93.06581688 	 1.17140394 	 12.44883585 	 0.25514455 	 1.29621069
2348 	 0.00000000 	 0.00000000 	 320.63649826 	 8.35184310 	 0.86760907 	 0.00000000 	 0.00000000 	 0.00000000 	 0.00000000 	 0.00000000 	 0.00000000 	 0.00000000 	 0.00000000 	 0.00000000 	 0.00000000 	 0.00000000 	 0.00000000 	 0.00000000 	 0.00000000 	 0.00000000 	 0.00000000 	 0.00000000 	 0.00000000 	 0.00000000 	 0.00000000 	 0.00000000 	 0.00000000 	 0.00000000 	 0.00000000 	 0.00000000 	 0.00000000 	 0.00000000 	 5.99281665 	 281.53830102 	 37.69552407 	 93.06581688 	 1.17140394 	 12.44883585 	 0.25514455 	 1.29621069
2349 	 0.00000000 	 0.00000000 	 320.63649826 	 8.35184310 	 0.86760907 	 0.00000000 	 0.00000000 	 0.00000000 	 0.00000000 	 0.00000000 	 0.00000000 	 0.00000000 	 0.00000000 	 0.00000000 	 0.00000000 	 0.00000000 	 0.00000000 	 0.00000000 	 0.00000000 	 0.00000000 	 0.00000000 	 0.00000000 	 0.00000000 	 0.00000000 	 0.00000000 	 0.00000000 	 0.00000000 	 0.00000000 	 0.00000000 	 0.00000000 	 0.00000000 	 0.00000000 	 5.99281665 	 281.53830102 	 37.69552407 	 93.06581688 	 1.17140394 	 12.44883585 	 0.25514455 	 1.29621069
2350 	 0.00000000 	 0.00000000 	 320.63649826 	 8.35184310 	 0.86760907 	 0.00000000 	 0.00000000 	 0.00000000 	 0.00000000 	 0.00000000 	 0.00000000 	 0.00000000 	 0.00000000 	 0.00000000 	 0.00000000 	 0.00000000 	 0.00000000 	 0.00000000 	 0.00000000 	 0.00000000 	 0.00000000 	 0.00000000 	 0.00000000 	 0.00000000 	 0.00000000 	 0.00000000 	 0.00000000 	 0.00000000 	 0.00000000 	 0.00000000 	 0.00000000 	 0.00000000 	 5.99281665 	 281.53830102 	 37.69552407 	 93.06581688 	 1.17140394 	 12.44883585 	 0.25514455 	 1.29621069
2351 	 0.00000000 	 0.00000000 	 320.63649826 	 8.35184310 	 0.86760907 	 0.00000000 	 0.00000000 	 0.00000000 	 0.00000000 	 0.00000000 	 0.00000000 	 0.00000000 	 0.00000000 	 0.00000000 	 0.00000000 	 0.00000000 	 0.00000000 	 0.00000000 	 0.00000000 	 0.00000000 	 0.00000000 	 0.00000000 	 0.00000000 	 0.00000000 	 0.00000000 	 0.00000000 	 0.00000000 	 0.00000000 	 0.00000000 	 0.00000000 	 0.00000000 	 0.00000000 	 5.99281665 	 281.53830102 	 37.69552407 	 93.06581688 	 1.17140394 	 12.44883585 	 0.25514455 	 1.29621069
2352 	 0.00000000 	 0.00000000 	 320.63649826 	 8.35184310 	 0.86760907 	 0.00000000 	 0.00000000 	 0.00000000 	 0.00000000 	 0.00000000 	 0.00000000 	 0.00000000 	 0.00000000 	 0.00000000 	 0.00000000 	 0.00000000 	 0.00000000 	 0.00000000 	 0.00000000 	 0.00000000 	 0.00000000 	 0.00000000 	 0.00000000 	 0.00000000 	 0.00000000 	 0.00000000 	 0.00000000 	 0.00000000 	 0.00000000 	 0.00000000 	 0.00000000 	 0.00000000 	 5.99281665 	 281.53830102 	 37.69552407 	 93.06581688 	 1.17140394 	 12.44883585 	 0.25514455 	 1.29621069
2353 	 0.00000000 	 0.00000000 	 320.63649826 	 8.35184310 	 0.86760907 	 0.00000000 	 0.00000000 	 0.00000000 	 0.00000000 	 0.00000000 	 0.00000000 	 0.00000000 	 0.00000000 	 0.00000000 	 0.00000000 	 0.00000000 	 0.00000000 	 0.00000000 	 0.00000000 	 0.00000000 	 0.00000000 	 0.00000000 	 0.00000000 	 0.00000000 	 0.00000000 	 0.00000000 	 0.00000000 	 0.00000000 	 0.00000000 	 0.00000000 	 0.00000000 	 0.00000000 	 5.99281665 	 281.53830102 	 37.69552407 	 93.06581688 	 1.17140394 	 12.44883585 	 0.25514455 	 1.29621069
2354 	 0.00000000 	 0.00000000 	 320.63649826 	 8.35184310 	 0.86760907 	 0.00000000 	 0.00000000 	 0.00000000 	 0.00000000 	 0.00000000 	 0.00000000 	 0.00000000 	 0.00000000 	 0.00000000 	 0.00000000 	 0.00000000 	 0.00000000 	 0.00000000 	 0.00000000 	 0.00000000 	 0.00000000 	 0.00000000 	 0.00000000 	 0.00000000 	 0.00000000 	 0.00000000 	 0.00000000 	 0.00000000 	 0.00000000 	 0.00000000 	 0.00000000 	 0.00000000 	 5.99281665 	 281.53830102 	 37.69552407 	 93.06581688 	 1.17140394 	 12.44883585 	 0.25514455 	 1.29621069
2355 	 0.00000000 	 0.00000000 	 320.63649826 	 8.35184310 	 0.86760907 	 0.00000000 	 0.00000000 	 0.00000000 	 0.00000000 	 0.00000000 	 0.00000000 	 0.00000000 	 0.00000000 	 0.00000000 	 0.00000000 	 0.00000000 	 0.00000000 	 0.00000000 	 0.00000000 	 0.00000000 	 0.00000000 	 0.00000000 	 0.00000000 	 0.00000000 	 0.00000000 	 0.00000000 	 0.00000000 	 0.00000000 	 0.00000000 	 0.00000000 	 0.00000000 	 0.00000000 	 5.99281665 	 281.53830102 	 37.69552407 	 93.06581688 	 1.17140394 	 12.44883585 	 0.25514455 	 1.29621069
2356 	 0.00000000 	 0.00000000 	 320.63649826 	 8.35184310 	 0.86760907 	 0.00000000 	 0.00000000 	 0.00000000 	 0.00000000 	 0.00000000 	 0.00000000 	 0.00000000 	 0.00000000 	 0.00000000 	 0.00000000 	 0.00000000 	 0.00000000 	 0.00000000 	 0.00000000 	 0.00000000 	 0.00000000 	 0.00000000 	 0.00000000 	 0.00000000 	 0.00000000 	 0.00000000 	 0.00000000 	 0.00000000 	 0.00000000 	 0.00000000 	 0.00000000 	 0.00000000 	 5.99281665 	 281.53830102 	 37.69552407 	 93.06581688 	 1.17140394 	 12.44883585 	 0.25514455 	 1.29621069
2357 	 0.00000000 	 0.00000000 	 320.63649826 	 8.35184310 	 0.86760907 	 0.00000000 	 0.00000000 	 0.00000000 	 0.00000000 	 0.00000000 	 0.00000000 	 0.00000000 	 0.00000000 	 0.00000000 	 0.00000000 	 0.00000000 	 0.00000000 	 0.00000000 	 0.00000000 	 0.00000000 	 0.00000000 	 0.00000000 	 0.00000000 	 0.00000000 	 0.00000000 	 0.00000000 	 0.00000000 	 0.00000000 	 0.00000000 	 0.00000000 	 0.00000000 	 0.00000000 	 5.99281665 	 281.53830102 	 37.69552407 	 93.06581688 	 1.17140394 	 12.44883585 	 0.25514455 	 1.29621069
2358 	 0.00000000 	 0.00000000 	 320.63649826 	 8.35184310 	 0.86760907 	 0.00000000 	 0.00000000 	 0.00000000 	 0.00000000 	 0.00000000 	 0.00000000 	 0.00000000 	 0.00000000 	 0.00000000 	 0.00000000 	 0.00000000 	 0.00000000 	 0.00000000 	 0.00000000 	 0.00000000 	 0.00000000 	 0.00000000 	 0.00000000 	 0.00000000 	 0.00000000 	 0.00000000 	 0.00000000 	 0.00000000 	 0.00000000 	 0.00000000 	 0.00000000 	 0.00000000 	 5.99281665 	 281.53830102 	 37.69552407 	 93.06581688 	 1.17140394 	 12.44883585 	 0.25514455 	 1.29621069
2359 	 0.00000000 	 0.00000000 	 320.63649826 	 8.35184310 	 0.86760907 	 0.00000000 	 0.00000000 	 0.00000000 	 0.00000000 	 0.00000000 	 0.00000000 	 0.00000000 	 0.00000000 	 0.00000000 	 0.00000000 	 0.00000000 	 0.00000000 	 0.00000000 	 0.00000000 	 0.00000000 	 0.00000000 	 0.00000000 	 0.00000000 	 0.00000000 	 0.00000000 	 0.00000000 	 0.00000000 	 0.00000000 	 0.00000000 	 0.00000000 	 0.00000000 	 0.00000000 	 5.99281665 	 281.53830102 	 37.69552407 	 93.06581688 	 1.17140394 	 12.44883585 	 0.25514455 	 1.29621069
2360 	 0.00000000 	 0.00000000 	 320.63649826 	 8.35184310 	 0.86760907 	 0.00000000 	 0.00000000 	 0.00000000 	 0.00000000 	 0.00000000 	 0.00000000 	 0.00000000 	 0.00000000 	 0.00000000 	 0.00000000 	 0.00000000 	 0.00000000 	 0.00000000 	 0.00000000 	 0.00000000 	 0.00000000 	 0.00000000 	 0.00000000 	 0.00000000 	 0.00000000 	 0.00000000 	 0.00000000 	 0.00000000 	 0.00000000 	 0.00000000 	 0.00000000 	 0.00000000 	 5.99281665 	 281.53830102 	 37.69552407 	 93.06581688 	 1.17140394 	 12.44883585 	 0.25514455 	 1.29621069
2361 	 0.00000000 	 0.00000000 	 320.63649826 	 8.35184310 	 0.86760907 	 0.00000000 	 0.00000000 	 0.00000000 	 0.00000000 	 0.00000000 	 0.00000000 	 0.00000000 	 0.00000000 	 0.00000000 	 0.00000000 	 0.00000000 	 0.00000000 	 0.00000000 	 0.00000000 	 0.00000000 	 0.00000000 	 0.00000000 	 0.00000000 	 0.00000000 	 0.00000000 	 0.00000000 	 0.00000000 	 0.00000000 	 0.00000000 	 0.00000000 	 0.00000000 	 0.00000000 	 5.99281665 	 281.53830102 	 37.69552407 	 93.06581688 	 1.17140394 	 12.44883585 	 0.25514455 	 1.29621069
2362 	 0.00000000 	 0.00000000 	 320.63649826 	 8.35184310 	 0.86760907 	 0.00000000 	 0.00000000 	 0.00000000 	 0.00000000 	 0.00000000 	 0.00000000 	 0.00000000 	 0.00000000 	 0.00000000 	 0.00000000 	 0.00000000 	 0.00000000 	 0.00000000 	 0.00000000 	 0.00000000 	 0.00000000 	 0.00000000 	 0.00000000 	 0.00000000 	 0.00000000 	 0.00000000 	 0.00000000 	 0.00000000 	 0.00000000 	 0.00000000 	 0.00000000 	 0.00000000 	 5.99281665 	 281.53830102 	 37.69552407 	 93.06581688 	 1.17140394 	 12.44883585 	 0.25514455 	 1.29621069
2363 	 0.00000000 	 0.00000000 	 320.63649826 	 8.35184310 	 0.86760907 	 0.00000000 	 0.00000000 	 0.00000000 	 0.00000000 	 0.00000000 	 0.00000000 	 0.00000000 	 0.00000000 	 0.00000000 	 0.00000000 	 0.00000000 	 0.00000000 	 0.00000000 	 0.00000000 	 0.00000000 	 0.00000000 	 0.00000000 	 0.00000000 	 0.00000000 	 0.00000000 	 0.00000000 	 0.00000000 	 0.00000000 	 0.00000000 	 0.00000000 	 0.00000000 	 0.00000000 	 5.99281665 	 281.53830102 	 37.69552407 	 93.06581688 	 1.17140394 	 12.44883585 	 0.25514455 	 1.29621069
2364 	 0.00000000 	 0.00000000 	 320.63649826 	 8.35184310 	 0.86760907 	 0.00000000 	 0.00000000 	 0.00000000 	 0.00000000 	 0.00000000 	 0.00000000 	 0.00000000 	 0.00000000 	 0.00000000 	 0.00000000 	 0.00000000 	 0.00000000 	 0.00000000 	 0.00000000 	 0.00000000 	 0.00000000 	 0.00000000 	 0.00000000 	 0.00000000 	 0.00000000 	 0.00000000 	 0.00000000 	 0.00000000 	 0.00000000 	 0.00000000 	 0.00000000 	 0.00000000 	 5.99281665 	 281.53830102 	 37.69552407 	 93.06581688 	 1.17140394 	 12.44883585 	 0.25514455 	 1.29621069
2365 	 0.00000000 	 0.00000000 	 320.63649826 	 8.35184310 	 0.86760907 	 0.00000000 	 0.00000000 	 0.00000000 	 0.00000000 	 0.00000000 	 0.00000000 	 0.00000000 	 0.00000000 	 0.00000000 	 0.00000000 	 0.00000000 	 0.00000000 	 0.00000000 	 0.00000000 	 0.00000000 	 0.00000000 	 0.00000000 	 0.00000000 	 0.00000000 	 0.00000000 	 0.00000000 	 0.00000000 	 0.00000000 	 0.00000000 	 0.00000000 	 0.00000000 	 0.00000000 	 5.99281665 	 281.53830102 	 37.69552407 	 93.06581688 	 1.17140394 	 12.44883585 	 0.25514455 	 1.29621069
2366 	 0.00000000 	 0.00000000 	 320.63649826 	 8.35184310 	 0.86760907 	 0.00000000 	 0.00000000 	 0.00000000 	 0.00000000 	 0.00000000 	 0.00000000 	 0.00000000 	 0.00000000 	 0.00000000 	 0.00000000 	 0.00000000 	 0.00000000 	 0.00000000 	 0.00000000 	 0.00000000 	 0.00000000 	 0.00000000 	 0.00000000 	 0.00000000 	 0.00000000 	 0.00000000 	 0.00000000 	 0.00000000 	 0.00000000 	 0.00000000 	 0.00000000 	 0.00000000 	 5.99281665 	 281.53830102 	 37.69552407 	 93.06581688 	 1.17140394 	 12.44883585 	 0.25514455 	 1.29621069
2367 	 0.00000000 	 0.00000000 	 320.63649826 	 8.35184310 	 0.86760907 	 0.00000000 	 0.00000000 	 0.00000000 	 0.00000000 	 0.00000000 	 0.00000000 	 0.00000000 	 0.00000000 	 0.00000000 	 0.00000000 	 0.00000000 	 0.00000000 	 0.00000000 	 0.00000000 	 0.00000000 	 0.00000000 	 0.00000000 	 0.00000000 	 0.00000000 	 0.00000000 	 0.00000000 	 0.00000000 	 0.00000000 	 0.00000000 	 0.00000000 	 0.00000000 	 0.00000000 	 5.99281665 	 281.53830102 	 37.69552407 	 93.06581688 	 1.17140394 	 12.44883585 	 0.25514455 	 1.29621069
2368 	 0.00000000 	 0.00000000 	 320.63649826 	 8.35184310 	 0.86760907 	 0.00000000 	 0.00000000 	 0.00000000 	 0.00000000 	 0.00000000 	 0.00000000 	 0.00000000 	 0.00000000 	 0.00000000 	 0.00000000 	 0.00000000 	 0.00000000 	 0.00000000 	 0.00000000 	 0.00000000 	 0.00000000 	 0.00000000 	 0.00000000 	 0.00000000 	 0.00000000 	 0.00000000 	 0.00000000 	 0.00000000 	 0.00000000 	 0.00000000 	 0.00000000 	 0.00000000 	 5.99281665 	 281.53830102 	 37.69552407 	 93.06581688 	 1.17140394 	 12.44883585 	 0.25514455 	 1.29621069
2369 	 0.00000000 	 0.00000000 	 320.63649826 	 8.35184310 	 0.86760907 	 0.00000000 	 0.00000000 	 0.00000000 	 0.00000000 	 0.00000000 	 0.00000000 	 0.00000000 	 0.00000000 	 0.00000000 	 0.00000000 	 0.00000000 	 0.00000000 	 0.00000000 	 0.00000000 	 0.00000000 	 0.00000000 	 0.00000000 	 0.00000000 	 0.00000000 	 0.00000000 	 0.00000000 	 0.00000000 	 0.00000000 	 0.00000000 	 0.00000000 	 0.00000000 	 0.00000000 	 5.99281665 	 281.53830102 	 37.69552407 	 93.06581688 	 1.17140394 	 12.44883585 	 0.25514455 	 1.29621069
2370 	 0.00000000 	 0.00000000 	 320.63649826 	 8.35184310 	 0.86760907 	 0.00000000 	 0.00000000 	 0.00000000 	 0.00000000 	 0.00000000 	 0.00000000 	 0.00000000 	 0.00000000 	 0.00000000 	 0.00000000 	 0.00000000 	 0.00000000 	 0.00000000 	 0.00000000 	 0.00000000 	 0.00000000 	 0.00000000 	 0.00000000 	 0.00000000 	 0.00000000 	 0.00000000 	 0.00000000 	 0.00000000 	 0.00000000 	 0.00000000 	 0.00000000 	 0.00000000 	 5.99281665 	 281.53830102 	 37.69552407 	 93.06581688 	 1.17140394 	 12.44883585 	 0.25514455 	 1.29621069
2371 	 0.00000000 	 0.00000000 	 320.63649826 	 8.35184310 	 0.86760907 	 0.00000000 	 0.00000000 	 0.00000000 	 0.00000000 	 0.00000000 	 0.00000000 	 0.00000000 	 0.00000000 	 0.00000000 	 0.00000000 	 0.00000000 	 0.00000000 	 0.00000000 	 0.00000000 	 0.00000000 	 0.00000000 	 0.00000000 	 0.00000000 	 0.00000000 	 0.00000000 	 0.00000000 	 0.00000000 	 0.00000000 	 0.00000000 	 0.00000000 	 0.00000000 	 0.00000000 	 5.99281665 	 281.53830102 	 37.69552407 	 93.06581688 	 1.17140394 	 12.44883585 	 0.25514455 	 1.29621069
2372 	 0.00000000 	 0.00000000 	 320.63649826 	 8.35184310 	 0.86760907 	 0.00000000 	 0.00000000 	 0.00000000 	 0.00000000 	 0.00000000 	 0.00000000 	 0.00000000 	 0.00000000 	 0.00000000 	 0.00000000 	 0.00000000 	 0.00000000 	 0.00000000 	 0.00000000 	 0.00000000 	 0.00000000 	 0.00000000 	 0.00000000 	 0.00000000 	 0.00000000 	 0.00000000 	 0.00000000 	 0.00000000 	 0.00000000 	 0.00000000 	 0.00000000 	 0.00000000 	 5.99281665 	 281.53830102 	 37.69552407 	 93.06581688 	 1.17140394 	 12.44883585 	 0.25514455 	 1.29621069
2373 	 0.00000000 	 0.00000000 	 320.63649826 	 8.35184310 	 0.86760907 	 0.00000000 	 0.00000000 	 0.00000000 	 0.00000000 	 0.00000000 	 0.00000000 	 0.00000000 	 0.00000000 	 0.00000000 	 0.00000000 	 0.00000000 	 0.00000000 	 0.00000000 	 0.00000000 	 0.00000000 	 0.00000000 	 0.00000000 	 0.00000000 	 0.00000000 	 0.00000000 	 0.00000000 	 0.00000000 	 0.00000000 	 0.00000000 	 0.00000000 	 0.00000000 	 0.00000000 	 5.99281665 	 281.53830102 	 37.69552407 	 93.06581688 	 1.17140394 	 12.44883585 	 0.25514455 	 1.29621069
2374 	 0.00000000 	 0.00000000 	 320.63649826 	 8.35184310 	 0.86760907 	 0.00000000 	 0.00000000 	 0.00000000 	 0.00000000 	 0.00000000 	 0.00000000 	 0.00000000 	 0.00000000 	 0.00000000 	 0.00000000 	 0.00000000 	 0.00000000 	 0.00000000 	 0.00000000 	 0.00000000 	 0.00000000 	 0.00000000 	 0.00000000 	 0.00000000 	 0.00000000 	 0.00000000 	 0.00000000 	 0.00000000 	 0.00000000 	 0.00000000 	 0.00000000 	 0.00000000 	 5.99281665 	 281.53830102 	 37.69552407 	 93.06581688 	 1.17140394 	 12.44883585 	 0.25514455 	 1.29621069
2375 	 0.00000000 	 0.00000000 	 320.63649826 	 8.35184310 	 0.86760907 	 0.00000000 	 0.00000000 	 0.00000000 	 0.00000000 	 0.00000000 	 0.00000000 	 0.00000000 	 0.00000000 	 0.00000000 	 0.00000000 	 0.00000000 	 0.00000000 	 0.00000000 	 0.00000000 	 0.00000000 	 0.00000000 	 0.00000000 	 0.00000000 	 0.00000000 	 0.00000000 	 0.00000000 	 0.00000000 	 0.00000000 	 0.00000000 	 0.00000000 	 0.00000000 	 0.00000000 	 5.99281665 	 281.53830102 	 37.69552407 	 93.06581688 	 1.17140394 	 12.44883585 	 0.25514455 	 1.29621069
2376 	 0.00000000 	 0.00000000 	 320.63649826 	 8.35184310 	 0.86760907 	 0.00000000 	 0.00000000 	 0.00000000 	 0.00000000 	 0.00000000 	 0.00000000 	 0.00000000 	 0.00000000 	 0.00000000 	 0.00000000 	 0.00000000 	 0.00000000 	 0.00000000 	 0.00000000 	 0.00000000 	 0.00000000 	 0.00000000 	 0.00000000 	 0.00000000 	 0.00000000 	 0.00000000 	 0.00000000 	 0.00000000 	 0.00000000 	 0.00000000 	 0.00000000 	 0.00000000 	 5.99281665 	 281.53830102 	 37.69552407 	 93.06581688 	 1.17140394 	 12.44883585 	 0.25514455 	 1.29621069
2377 	 0.00000000 	 0.00000000 	 320.63649826 	 8.35184310 	 0.86760907 	 0.00000000 	 0.00000000 	 0.00000000 	 0.00000000 	 0.00000000 	 0.00000000 	 0.00000000 	 0.00000000 	 0.00000000 	 0.00000000 	 0.00000000 	 0.00000000 	 0.00000000 	 0.00000000 	 0.00000000 	 0.00000000 	 0.00000000 	 0.00000000 	 0.00000000 	 0.00000000 	 0.00000000 	 0.00000000 	 0.00000000 	 0.00000000 	 0.00000000 	 0.00000000 	 0.00000000 	 5.99281665 	 281.53830102 	 37.69552407 	 93.06581688 	 1.17140394 	 12.44883585 	 0.25514455 	 1.29621069
2378 	 0.00000000 	 0.00000000 	 320.63649826 	 8.35184310 	 0.86760907 	 0.00000000 	 0.00000000 	 0.00000000 	 0.00000000 	 0.00000000 	 0.00000000 	 0.00000000 	 0.00000000 	 0.00000000 	 0.00000000 	 0.00000000 	 0.00000000 	 0.00000000 	 0.00000000 	 0.00000000 	 0.00000000 	 0.00000000 	 0.00000000 	 0.00000000 	 0.00000000 	 0.00000000 	 0.00000000 	 0.00000000 	 0.00000000 	 0.00000000 	 0.00000000 	 0.00000000 	 5.99281665 	 281.53830102 	 37.69552407 	 93.06581688 	 1.17140394 	 12.44883585 	 0.25514455 	 1.29621069
2379 	 0.00000000 	 0.00000000 	 320.63649826 	 8.35184310 	 0.86760907 	 0.00000000 	 0.00000000 	 0.00000000 	 0.00000000 	 0.00000000 	 0.00000000 	 0.00000000 	 0.00000000 	 0.00000000 	 0.00000000 	 0.00000000 	 0.00000000 	 0.00000000 	 0.00000000 	 0.00000000 	 0.00000000 	 0.00000000 	 0.00000000 	 0.00000000 	 0.00000000 	 0.00000000 	 0.00000000 	 0.00000000 	 0.00000000 	 0.00000000 	 0.00000000 	 0.00000000 	 5.99281665 	 281.53830102 	 37.69552407 	 93.06581688 	 1.17140394 	 12.44883585 	 0.25514455 	 1.29621069
2380 	 0.00000000 	 0.00000000 	 320.63649826 	 8.35184310 	 0.86760907 	 0.00000000 	 0.00000000 	 0.00000000 	 0.00000000 	 0.00000000 	 0.00000000 	 0.00000000 	 0.00000000 	 0.00000000 	 0.00000000 	 0.00000000 	 0.00000000 	 0.00000000 	 0.00000000 	 0.00000000 	 0.00000000 	 0.00000000 	 0.00000000 	 0.00000000 	 0.00000000 	 0.00000000 	 0.00000000 	 0.00000000 	 0.00000000 	 0.00000000 	 0.00000000 	 0.00000000 	 5.99281665 	 281.53830102 	 37.69552407 	 93.06581688 	 1.17140394 	 12.44883585 	 0.25514455 	 1.29621069
2381 	 0.00000000 	 0.00000000 	 320.63649826 	 8.35184310 	 0.86760907 	 0.00000000 	 0.00000000 	 0.00000000 	 0.00000000 	 0.00000000 	 0.00000000 	 0.00000000 	 0.00000000 	 0.00000000 	 0.00000000 	 0.00000000 	 0.00000000 	 0.00000000 	 0.00000000 	 0.00000000 	 0.00000000 	 0.00000000 	 0.00000000 	 0.00000000 	 0.00000000 	 0.00000000 	 0.00000000 	 0.00000000 	 0.00000000 	 0.00000000 	 0.00000000 	 0.00000000 	 5.99281665 	 281.53830102 	 37.69552407 	 93.06581688 	 1.17140394 	 12.44883585 	 0.25514455 	 1.29621069
2382 	 0.00000000 	 0.00000000 	 320.63649826 	 8.35184310 	 0.86760907 	 0.00000000 	 0.00000000 	 0.00000000 	 0.00000000 	 0.00000000 	 0.00000000 	 0.00000000 	 0.00000000 	 0.00000000 	 0.00000000 	 0.00000000 	 0.00000000 	 0.00000000 	 0.00000000 	 0.00000000 	 0.00000000 	 0.00000000 	 0.00000000 	 0.00000000 	 0.00000000 	 0.00000000 	 0.00000000 	 0.00000000 	 0.00000000 	 0.00000000 	 0.00000000 	 0.00000000 	 5.99281665 	 281.53830102 	 37.69552407 	 93.06581688 	 1.17140394 	 12.44883585 	 0.25514455 	 1.29621069
2383 	 0.00000000 	 0.00000000 	 320.63649826 	 8.35184310 	 0.86760907 	 0.00000000 	 0.00000000 	 0.00000000 	 0.00000000 	 0.00000000 	 0.00000000 	 0.00000000 	 0.00000000 	 0.00000000 	 0.00000000 	 0.00000000 	 0.00000000 	 0.00000000 	 0.00000000 	 0.00000000 	 0.00000000 	 0.00000000 	 0.00000000 	 0.00000000 	 0.00000000 	 0.00000000 	 0.00000000 	 0.00000000 	 0.00000000 	 0.00000000 	 0.00000000 	 0.00000000 	 5.99281665 	 281.53830102 	 37.69552407 	 93.06581688 	 1.17140394 	 12.44883585 	 0.25514455 	 1.29621069
2384 	 0.00000000 	 0.00000000 	 320.63649826 	 8.35184310 	 0.86760907 	 0.00000000 	 0.00000000 	 0.00000000 	 0.00000000 	 0.00000000 	 0.00000000 	 0.00000000 	 0.00000000 	 0.00000000 	 0.00000000 	 0.00000000 	 0.00000000 	 0.00000000 	 0.00000000 	 0.00000000 	 0.00000000 	 0.00000000 	 0.00000000 	 0.00000000 	 0.00000000 	 0.00000000 	 0.00000000 	 0.00000000 	 0.00000000 	 0.00000000 	 0.00000000 	 0.00000000 	 5.99281665 	 281.53830102 	 37.69552407 	 93.06581688 	 1.17140394 	 12.44883585 	 0.25514455 	 1.29621069
2385 	 0.00000000 	 0.00000000 	 320.63649826 	 8.35184310 	 0.86760907 	 0.00000000 	 0.00000000 	 0.00000000 	 0.00000000 	 0.00000000 	 0.00000000 	 0.00000000 	 0.00000000 	 0.00000000 	 0.00000000 	 0.00000000 	 0.00000000 	 0.00000000 	 0.00000000 	 0.00000000 	 0.00000000 	 0.00000000 	 0.00000000 	 0.00000000 	 0.00000000 	 0.00000000 	 0.00000000 	 0.00000000 	 0.00000000 	 0.00000000 	 0.00000000 	 0.00000000 	 5.99281665 	 281.53830102 	 37.69552407 	 93.06581688 	 1.17140394 	 12.44883585 	 0.25514455 	 1.29621069
2386 	 0.00000000 	 0.00000000 	 320.63649826 	 8.35184310 	 0.86760907 	 0.00000000 	 0.00000000 	 0.00000000 	 0.00000000 	 0.00000000 	 0.00000000 	 0.00000000 	 0.00000000 	 0.00000000 	 0.00000000 	 0.00000000 	 0.00000000 	 0.00000000 	 0.00000000 	 0.00000000 	 0.00000000 	 0.00000000 	 0.00000000 	 0.00000000 	 0.00000000 	 0.00000000 	 0.00000000 	 0.00000000 	 0.00000000 	 0.00000000 	 0.00000000 	 0.00000000 	 5.99281665 	 281.53830102 	 37.69552407 	 93.06581688 	 1.17140394 	 12.44883585 	 0.25514455 	 1.29621069
2387 	 0.00000000 	 0.00000000 	 320.63649826 	 8.35184310 	 0.86760907 	 0.00000000 	 0.00000000 	 0.00000000 	 0.00000000 	 0.00000000 	 0.00000000 	 0.00000000 	 0.00000000 	 0.00000000 	 0.00000000 	 0.00000000 	 0.00000000 	 0.00000000 	 0.00000000 	 0.00000000 	 0.00000000 	 0.00000000 	 0.00000000 	 0.00000000 	 0.00000000 	 0.00000000 	 0.00000000 	 0.00000000 	 0.00000000 	 0.00000000 	 0.00000000 	 0.00000000 	 5.99281665 	 281.53830102 	 37.69552407 	 93.06581688 	 1.17140394 	 12.44883585 	 0.25514455 	 1.29621069
2388 	 0.00000000 	 0.00000000 	 320.63649826 	 8.35184310 	 0.86760907 	 0.00000000 	 0.00000000 	 0.00000000 	 0.00000000 	 0.00000000 	 0.00000000 	 0.00000000 	 0.00000000 	 0.00000000 	 0.00000000 	 0.00000000 	 0.00000000 	 0.00000000 	 0.00000000 	 0.00000000 	 0.00000000 	 0.00000000 	 0.00000000 	 0.00000000 	 0.00000000 	 0.00000000 	 0.00000000 	 0.00000000 	 0.00000000 	 0.00000000 	 0.00000000 	 0.00000000 	 5.99281665 	 281.53830102 	 37.69552407 	 93.06581688 	 1.17140394 	 12.44883585 	 0.25514455 	 1.29621069
2389 	 0.00000000 	 0.00000000 	 320.63649826 	 8.35184310 	 0.86760907 	 0.00000000 	 0.00000000 	 0.00000000 	 0.00000000 	 0.00000000 	 0.00000000 	 0.00000000 	 0.00000000 	 0.00000000 	 0.00000000 	 0.00000000 	 0.00000000 	 0.00000000 	 0.00000000 	 0.00000000 	 0.00000000 	 0.00000000 	 0.00000000 	 0.00000000 	 0.00000000 	 0.00000000 	 0.00000000 	 0.00000000 	 0.00000000 	 0.00000000 	 0.00000000 	 0.00000000 	 5.99281665 	 281.53830102 	 37.69552407 	 93.06581688 	 1.17140394 	 12.44883585 	 0.25514455 	 1.29621069
2390 	 0.00000000 	 0.00000000 	 320.63649826 	 8.35184310 	 0.86760907 	 0.00000000 	 0.00000000 	 0.00000000 	 0.00000000 	 0.00000000 	 0.00000000 	 0.00000000 	 0.00000000 	 0.00000000 	 0.00000000 	 0.00000000 	 0.00000000 	 0.00000000 	 0.00000000 	 0.00000000 	 0.00000000 	 0.00000000 	 0.00000000 	 0.00000000 	 0.00000000 	 0.00000000 	 0.00000000 	 0.00000000 	 0.00000000 	 0.00000000 	 0.00000000 	 0.00000000 	 5.99281665 	 281.53830102 	 37.69552407 	 93.06581688 	 1.17140394 	 12.44883585 	 0.25514455 	 1.29621069
2391 	 0.00000000 	 0.00000000 	 320.63649826 	 8.35184310 	 0.86760907 	 0.00000000 	 0.00000000 	 0.00000000 	 0.00000000 	 0.00000000 	 0.00000000 	 0.00000000 	 0.00000000 	 0.00000000 	 0.00000000 	 0.00000000 	 0.00000000 	 0.00000000 	 0.00000000 	 0.00000000 	 0.00000000 	 0.00000000 	 0.00000000 	 0.00000000 	 0.00000000 	 0.00000000 	 0.00000000 	 0.00000000 	 0.00000000 	 0.00000000 	 0.00000000 	 0.00000000 	 5.99281665 	 281.53830102 	 37.69552407 	 93.06581688 	 1.17140394 	 12.44883585 	 0.25514455 	 1.29621069
2392 	 0.00000000 	 0.00000000 	 320.63649826 	 8.35184310 	 0.86760907 	 0.00000000 	 0.00000000 	 0.00000000 	 0.00000000 	 0.00000000 	 0.00000000 	 0.00000000 	 0.00000000 	 0.00000000 	 0.00000000 	 0.00000000 	 0.00000000 	 0.00000000 	 0.00000000 	 0.00000000 	 0.00000000 	 0.00000000 	 0.00000000 	 0.00000000 	 0.00000000 	 0.00000000 	 0.00000000 	 0.00000000 	 0.00000000 	 0.00000000 	 0.00000000 	 0.00000000 	 5.99281665 	 281.53830102 	 37.69552407 	 93.06581688 	 1.17140394 	 12.44883585 	 0.25514455 	 1.29621069
2393 	 0.00000000 	 0.00000000 	 320.63649826 	 8.35184310 	 0.86760907 	 0.00000000 	 0.00000000 	 0.00000000 	 0.00000000 	 0.00000000 	 0.00000000 	 0.00000000 	 0.00000000 	 0.00000000 	 0.00000000 	 0.00000000 	 0.00000000 	 0.00000000 	 0.00000000 	 0.00000000 	 0.00000000 	 0.00000000 	 0.00000000 	 0.00000000 	 0.00000000 	 0.00000000 	 0.00000000 	 0.00000000 	 0.00000000 	 0.00000000 	 0.00000000 	 0.00000000 	 5.99281665 	 281.53830102 	 37.69552407 	 93.06581688 	 1.17140394 	 12.44883585 	 0.25514455 	 1.29621069
2394 	 0.00000000 	 0.00000000 	 320.63649826 	 8.35184310 	 0.86760907 	 0.00000000 	 0.00000000 	 0.00000000 	 0.00000000 	 0.00000000 	 0.00000000 	 0.00000000 	 0.00000000 	 0.00000000 	 0.00000000 	 0.00000000 	 0.00000000 	 0.00000000 	 0.00000000 	 0.00000000 	 0.00000000 	 0.00000000 	 0.00000000 	 0.00000000 	 0.00000000 	 0.00000000 	 0.00000000 	 0.00000000 	 0.00000000 	 0.00000000 	 0.00000000 	 0.00000000 	 5.99281665 	 281.53830102 	 37.69552407 	 93.06581688 	 1.17140394 	 12.44883585 	 0.25514455 	 1.29621069
2395 	 0.00000000 	 0.00000000 	 320.63649826 	 8.35184310 	 0.86760907 	 0.00000000 	 0.00000000 	 0.00000000 	 0.00000000 	 0.00000000 	 0.00000000 	 0.00000000 	 0.00000000 	 0.00000000 	 0.00000000 	 0.00000000 	 0.00000000 	 0.00000000 	 0.00000000 	 0.00000000 	 0.00000000 	 0.00000000 	 0.00000000 	 0.00000000 	 0.00000000 	 0.00000000 	 0.00000000 	 0.00000000 	 0.00000000 	 0.00000000 	 0.00000000 	 0.00000000 	 5.99281665 	 281.53830102 	 37.69552407 	 93.06581688 	 1.17140394 	 12.44883585 	 0.25514455 	 1.29621069
2396 	 0.00000000 	 0.00000000 	 320.63649826 	 8.35184310 	 0.86760907 	 0.00000000 	 0.00000000 	 0.00000000 	 0.00000000 	 0.00000000 	 0.00000000 	 0.00000000 	 0.00000000 	 0.00000000 	 0.00000000 	 0.00000000 	 0.00000000 	 0.00000000 	 0.00000000 	 0.00000000 	 0.00000000 	 0.00000000 	 0.00000000 	 0.00000000 	 0.00000000 	 0.00000000 	 0.00000000 	 0.00000000 	 0.00000000 	 0.00000000 	 0.00000000 	 0.00000000 	 5.99281665 	 281.53830102 	 37.69552407 	 93.06581688 	 1.17140394 	 12.44883585 	 0.25514455 	 1.29621069
2397 	 0.00000000 	 0.00000000 	 320.63649826 	 8.35184310 	 0.86760907 	 0.00000000 	 0.00000000 	 0.00000000 	 0.00000000 	 0.00000000 	 0.00000000 	 0.00000000 	 0.00000000 	 0.00000000 	 0.00000000 	 0.00000000 	 0.00000000 	 0.00000000 	 0.00000000 	 0.00000000 	 0.00000000 	 0.00000000 	 0.00000000 	 0.00000000 	 0.00000000 	 0.00000000 	 0.00000000 	 0.00000000 	 0.00000000 	 0.00000000 	 0.00000000 	 0.00000000 	 5.99281665 	 281.53830102 	 37.69552407 	 93.06581688 	 1.17140394 	 12.44883585 	 0.25514455 	 1.29621069
2398 	 0.00000000 	 0.00000000 	 320.63649826 	 8.35184310 	 0.86760907 	 0.00000000 	 0.00000000 	 0.00000000 	 0.00000000 	 0.00000000 	 0.00000000 	 0.00000000 	 0.00000000 	 0.00000000 	 0.00000000 	 0.00000000 	 0.00000000 	 0.00000000 	 0.00000000 	 0.00000000 	 0.00000000 	 0.00000000 	 0.00000000 	 0.00000000 	 0.00000000 	 0.00000000 	 0.00000000 	 0.00000000 	 0.00000000 	 0.00000000 	 0.00000000 	 0.00000000 	 5.99281665 	 281.53830102 	 37.69552407 	 93.06581688 	 1.17140394 	 12.44883585 	 0.25514455 	 1.29621069
2399 	 0.00000000 	 0.00000000 	 320.63649826 	 8.35184310 	 0.86760907 	 0.00000000 	 0.00000000 	 0.00000000 	 0.00000000 	 0.00000000 	 0.00000000 	 0.00000000 	 0.00000000 	 0.00000000 	 0.00000000 	 0.00000000 	 0.00000000 	 0.00000000 	 0.00000000 	 0.00000000 	 0.00000000 	 0.00000000 	 0.00000000 	 0.00000000 	 0.00000000 	 0.00000000 	 0.00000000 	 0.00000000 	 0.00000000 	 0.00000000 	 0.00000000 	 0.00000000 	 5.99281665 	 281.53830102 	 37.69552407 	 93.06581688 	 1.17140394 	 12.44883585 	 0.25514455 	 1.29621069
2400 	 0.00000000 	 0.00000000 	 320.63649826 	 8.35184310 	 0.86760907 	 0.00000000 	 0.00000000 	 0.00000000 	 0.00000000 	 0.00000000 	 0.00000000 	 0.00000000 	 0.00000000 	 0.00000000 	 0.00000000 	 0.00000000 	 0.00000000 	 0.00000000 	 0.00000000 	 0.00000000 	 0.00000000 	 0.00000000 	 0.00000000 	 0.00000000 	 0.00000000 	 0.00000000 	 0.00000000 	 0.00000000 	 0.00000000 	 0.00000000 	 0.00000000 	 0.00000000 	 5.99281665 	 281.53830102 	 37.69552407 	 93.06581688 	 1.17140394 	 12.44883585 	 0.25514455 	 1.29621069
2401 	 0.00000000 	 0.00000000 	 320.63649826 	 8.35184310 	 0.86760907 	 0.00000000 	 0.00000000 	 0.00000000 	 0.00000000 	 0.00000000 	 0.00000000 	 0.00000000 	 0.00000000 	 0.00000000 	 0.00000000 	 0.00000000 	 0.00000000 	 0.00000000 	 0.00000000 	 0.00000000 	 0.00000000 	 0.00000000 	 0.00000000 	 0.00000000 	 0.00000000 	 0.00000000 	 0.00000000 	 0.00000000 	 0.00000000 	 0.00000000 	 0.00000000 	 0.00000000 	 5.99281665 	 281.53830102 	 37.69552407 	 93.06581688 	 1.17140394 	 12.44883585 	 0.25514455 	 1.29621069
2402 	 0.00000000 	 0.00000000 	 320.63649826 	 8.35184310 	 0.86760907 	 0.00000000 	 0.00000000 	 0.00000000 	 0.00000000 	 0.00000000 	 0.00000000 	 0.00000000 	 0.00000000 	 0.00000000 	 0.00000000 	 0.00000000 	 0.00000000 	 0.00000000 	 0.00000000 	 0.00000000 	 0.00000000 	 0.00000000 	 0.00000000 	 0.00000000 	 0.00000000 	 0.00000000 	 0.00000000 	 0.00000000 	 0.00000000 	 0.00000000 	 0.00000000 	 0.00000000 	 5.99281665 	 281.53830102 	 37.69552407 	 93.06581688 	 1.17140394 	 12.44883585 	 0.25514455 	 1.29621069
2403 	 0.00000000 	 0.00000000 	 320.63649826 	 8.35184310 	 0.86760907 	 0.00000000 	 0.00000000 	 0.00000000 	 0.00000000 	 0.00000000 	 0.00000000 	 0.00000000 	 0.00000000 	 0.00000000 	 0.00000000 	 0.00000000 	 0.00000000 	 0.00000000 	 0.00000000 	 0.00000000 	 0.00000000 	 0.00000000 	 0.00000000 	 0.00000000 	 0.00000000 	 0.00000000 	 0.00000000 	 0.00000000 	 0.00000000 	 0.00000000 	 0.00000000 	 0.00000000 	 5.99281665 	 281.53830102 	 37.69552407 	 93.06581688 	 1.17140394 	 12.44883585 	 0.25514455 	 1.29621069
2404 	 0.00000000 	 0.00000000 	 320.63649826 	 8.35184310 	 0.86760907 	 0.00000000 	 0.00000000 	 0.00000000 	 0.00000000 	 0.00000000 	 0.00000000 	 0.00000000 	 0.00000000 	 0.00000000 	 0.00000000 	 0.00000000 	 0.00000000 	 0.00000000 	 0.00000000 	 0.00000000 	 0.00000000 	 0.00000000 	 0.00000000 	 0.00000000 	 0.00000000 	 0.00000000 	 0.00000000 	 0.00000000 	 0.00000000 	 0.00000000 	 0.00000000 	 0.00000000 	 5.99281665 	 281.53830102 	 37.69552407 	 93.06581688 	 1.17140394 	 12.44883585 	 0.25514455 	 1.29621069
2405 	 0.00000000 	 0.00000000 	 320.63649826 	 8.35184310 	 0.86760907 	 0.00000000 	 0.00000000 	 0.00000000 	 0.00000000 	 0.00000000 	 0.00000000 	 0.00000000 	 0.00000000 	 0.00000000 	 0.00000000 	 0.00000000 	 0.00000000 	 0.00000000 	 0.00000000 	 0.00000000 	 0.00000000 	 0.00000000 	 0.00000000 	 0.00000000 	 0.00000000 	 0.00000000 	 0.00000000 	 0.00000000 	 0.00000000 	 0.00000000 	 0.00000000 	 0.00000000 	 5.99281665 	 281.53830102 	 37.69552407 	 93.06581688 	 1.17140394 	 12.44883585 	 0.25514455 	 1.29621069
2406 	 0.00000000 	 0.00000000 	 320.63649826 	 8.35184310 	 0.86760907 	 0.00000000 	 0.00000000 	 0.00000000 	 0.00000000 	 0.00000000 	 0.00000000 	 0.00000000 	 0.00000000 	 0.00000000 	 0.00000000 	 0.00000000 	 0.00000000 	 0.00000000 	 0.00000000 	 0.00000000 	 0.00000000 	 0.00000000 	 0.00000000 	 0.00000000 	 0.00000000 	 0.00000000 	 0.00000000 	 0.00000000 	 0.00000000 	 0.00000000 	 0.00000000 	 0.00000000 	 5.99281665 	 281.53830102 	 37.69552407 	 93.06581688 	 1.17140394 	 12.44883585 	 0.25514455 	 1.29621069
2407 	 0.00000000 	 0.00000000 	 320.63649826 	 8.35184310 	 0.86760907 	 0.00000000 	 0.00000000 	 0.00000000 	 0.00000000 	 0.00000000 	 0.00000000 	 0.00000000 	 0.00000000 	 0.00000000 	 0.00000000 	 0.00000000 	 0.00000000 	 0.00000000 	 0.00000000 	 0.00000000 	 0.00000000 	 0.00000000 	 0.00000000 	 0.00000000 	 0.00000000 	 0.00000000 	 0.00000000 	 0.00000000 	 0.00000000 	 0.00000000 	 0.00000000 	 0.00000000 	 5.99281665 	 281.53830102 	 37.69552407 	 93.06581688 	 1.17140394 	 12.44883585 	 0.25514455 	 1.29621069
2408 	 0.00000000 	 0.00000000 	 320.63649826 	 8.35184310 	 0.86760907 	 0.00000000 	 0.00000000 	 0.00000000 	 0.00000000 	 0.00000000 	 0.00000000 	 0.00000000 	 0.00000000 	 0.00000000 	 0.00000000 	 0.00000000 	 0.00000000 	 0.00000000 	 0.00000000 	 0.00000000 	 0.00000000 	 0.00000000 	 0.00000000 	 0.00000000 	 0.00000000 	 0.00000000 	 0.00000000 	 0.00000000 	 0.00000000 	 0.00000000 	 0.00000000 	 0.00000000 	 5.99281665 	 281.53830102 	 37.69552407 	 93.06581688 	 1.17140394 	 12.44883585 	 0.25514455 	 1.29621069
2409 	 0.00000000 	 0.00000000 	 320.63649826 	 8.35184310 	 0.86760907 	 0.00000000 	 0.00000000 	 0.00000000 	 0.00000000 	 0.00000000 	 0.00000000 	 0.00000000 	 0.00000000 	 0.00000000 	 0.00000000 	 0.00000000 	 0.00000000 	 0.00000000 	 0.00000000 	 0.00000000 	 0.00000000 	 0.00000000 	 0.00000000 	 0.00000000 	 0.00000000 	 0.00000000 	 0.00000000 	 0.00000000 	 0.00000000 	 0.00000000 	 0.00000000 	 0.00000000 	 5.99281665 	 281.53830102 	 37.69552407 	 93.06581688 	 1.17140394 	 12.44883585 	 0.25514455 	 1.29621069
2410 	 0.00000000 	 0.00000000 	 320.63649826 	 8.35184310 	 0.86760907 	 0.00000000 	 0.00000000 	 0.00000000 	 0.00000000 	 0.00000000 	 0.00000000 	 0.00000000 	 0.00000000 	 0.00000000 	 0.00000000 	 0.00000000 	 0.00000000 	 0.00000000 	 0.00000000 	 0.00000000 	 0.00000000 	 0.00000000 	 0.00000000 	 0.00000000 	 0.00000000 	 0.00000000 	 0.00000000 	 0.00000000 	 0.00000000 	 0.00000000 	 0.00000000 	 0.00000000 	 5.99281665 	 281.53830102 	 37.69552407 	 93.06581688 	 1.17140394 	 12.44883585 	 0.25514455 	 1.29621069
2411 	 0.00000000 	 0.00000000 	 320.63649826 	 8.35184310 	 0.86760907 	 0.00000000 	 0.00000000 	 0.00000000 	 0.00000000 	 0.00000000 	 0.00000000 	 0.00000000 	 0.00000000 	 0.00000000 	 0.00000000 	 0.00000000 	 0.00000000 	 0.00000000 	 0.00000000 	 0.00000000 	 0.00000000 	 0.00000000 	 0.00000000 	 0.00000000 	 0.00000000 	 0.00000000 	 0.00000000 	 0.00000000 	 0.00000000 	 0.00000000 	 0.00000000 	 0.00000000 	 5.99281665 	 281.53830102 	 37.69552407 	 93.06581688 	 1.17140394 	 12.44883585 	 0.25514455 	 1.29621069
2412 	 0.00000000 	 0.00000000 	 320.63649826 	 8.35184310 	 0.86760907 	 0.00000000 	 0.00000000 	 0.00000000 	 0.00000000 	 0.00000000 	 0.00000000 	 0.00000000 	 0.00000000 	 0.00000000 	 0.00000000 	 0.00000000 	 0.00000000 	 0.00000000 	 0.00000000 	 0.00000000 	 0.00000000 	 0.00000000 	 0.00000000 	 0.00000000 	 0.00000000 	 0.00000000 	 0.00000000 	 0.00000000 	 0.00000000 	 0.00000000 	 0.00000000 	 0.00000000 	 5.99281665 	 281.53830102 	 37.69552407 	 93.06581688 	 1.17140394 	 12.44883585 	 0.25514455 	 1.29621069
2413 	 0.00000000 	 0.00000000 	 320.63649826 	 8.35184310 	 0.86760907 	 0.00000000 	 0.00000000 	 0.00000000 	 0.00000000 	 0.00000000 	 0.00000000 	 0.00000000 	 0.00000000 	 0.00000000 	 0.00000000 	 0.00000000 	 0.00000000 	 0.00000000 	 0.00000000 	 0.00000000 	 0.00000000 	 0.00000000 	 0.00000000 	 0.00000000 	 0.00000000 	 0.00000000 	 0.00000000 	 0.00000000 	 0.00000000 	 0.00000000 	 0.00000000 	 0.00000000 	 5.99281665 	 281.53830102 	 37.69552407 	 93.06581688 	 1.17140394 	 12.44883585 	 0.25514455 	 1.29621069
2414 	 0.00000000 	 0.00000000 	 320.63649826 	 8.35184310 	 0.86760907 	 0.00000000 	 0.00000000 	 0.00000000 	 0.00000000 	 0.00000000 	 0.00000000 	 0.00000000 	 0.00000000 	 0.00000000 	 0.00000000 	 0.00000000 	 0.00000000 	 0.00000000 	 0.00000000 	 0.00000000 	 0.00000000 	 0.00000000 	 0.00000000 	 0.00000000 	 0.00000000 	 0.00000000 	 0.00000000 	 0.00000000 	 0.00000000 	 0.00000000 	 0.00000000 	 0.00000000 	 5.99281665 	 281.53830102 	 37.69552407 	 93.06581688 	 1.17140394 	 12.44883585 	 0.25514455 	 1.29621069
2415 	 0.00000000 	 0.00000000 	 320.63649826 	 8.35184310 	 0.86760907 	 0.00000000 	 0.00000000 	 0.00000000 	 0.00000000 	 0.00000000 	 0.00000000 	 0.00000000 	 0.00000000 	 0.00000000 	 0.00000000 	 0.00000000 	 0.00000000 	 0.00000000 	 0.00000000 	 0.00000000 	 0.00000000 	 0.00000000 	 0.00000000 	 0.00000000 	 0.00000000 	 0.00000000 	 0.00000000 	 0.00000000 	 0.00000000 	 0.00000000 	 0.00000000 	 0.00000000 	 5.99281665 	 281.53830102 	 37.69552407 	 93.06581688 	 1.17140394 	 12.44883585 	 0.25514455 	 1.29621069
2416 	 0.00000000 	 0.00000000 	 320.63649826 	 8.35184310 	 0.86760907 	 0.00000000 	 0.00000000 	 0.00000000 	 0.00000000 	 0.00000000 	 0.00000000 	 0.00000000 	 0.00000000 	 0.00000000 	 0.00000000 	 0.00000000 	 0.00000000 	 0.00000000 	 0.00000000 	 0.00000000 	 0.00000000 	 0.00000000 	 0.00000000 	 0.00000000 	 0.00000000 	 0.00000000 	 0.00000000 	 0.00000000 	 0.00000000 	 0.00000000 	 0.00000000 	 0.00000000 	 5.99281665 	 281.53830102 	 37.69552407 	 93.06581688 	 1.17140394 	 12.44883585 	 0.25514455 	 1.29621069
2417 	 0.00000000 	 0.00000000 	 320.63649826 	 8.35184310 	 0.86760907 	 0.00000000 	 0.00000000 	 0.00000000 	 0.00000000 	 0.00000000 	 0.00000000 	 0.00000000 	 0.00000000 	 0.00000000 	 0.00000000 	 0.00000000 	 0.00000000 	 0.00000000 	 0.00000000 	 0.00000000 	 0.00000000 	 0.00000000 	 0.00000000 	 0.00000000 	 0.00000000 	 0.00000000 	 0.00000000 	 0.00000000 	 0.00000000 	 0.00000000 	 0.00000000 	 0.00000000 	 5.99281665 	 281.53830102 	 37.69552407 	 93.06581688 	 1.17140394 	 12.44883585 	 0.25514455 	 1.29621069
2418 	 0.00000000 	 0.00000000 	 320.63649826 	 8.35184310 	 0.86760907 	 0.00000000 	 0.00000000 	 0.00000000 	 0.00000000 	 0.00000000 	 0.00000000 	 0.00000000 	 0.00000000 	 0.00000000 	 0.00000000 	 0.00000000 	 0.00000000 	 0.00000000 	 0.00000000 	 0.00000000 	 0.00000000 	 0.00000000 	 0.00000000 	 0.00000000 	 0.00000000 	 0.00000000 	 0.00000000 	 0.00000000 	 0.00000000 	 0.00000000 	 0.00000000 	 0.00000000 	 5.99281665 	 281.53830102 	 37.69552407 	 93.06581688 	 1.17140394 	 12.44883585 	 0.25514455 	 1.29621069
2419 	 0.00000000 	 0.00000000 	 320.63649826 	 8.35184310 	 0.86760907 	 0.00000000 	 0.00000000 	 0.00000000 	 0.00000000 	 0.00000000 	 0.00000000 	 0.00000000 	 0.00000000 	 0.00000000 	 0.00000000 	 0.00000000 	 0.00000000 	 0.00000000 	 0.00000000 	 0.00000000 	 0.00000000 	 0.00000000 	 0.00000000 	 0.00000000 	 0.00000000 	 0.00000000 	 0.00000000 	 0.00000000 	 0.00000000 	 0.00000000 	 0.00000000 	 0.00000000 	 5.99281665 	 281.53830102 	 37.69552407 	 93.06581688 	 1.17140394 	 12.44883585 	 0.25514455 	 1.29621069
2420 	 0.00000000 	 0.00000000 	 320.63649826 	 8.35184310 	 0.86760907 	 0.00000000 	 0.00000000 	 0.00000000 	 0.00000000 	 0.00000000 	 0.00000000 	 0.00000000 	 0.00000000 	 0.00000000 	 0.00000000 	 0.00000000 	 0.00000000 	 0.00000000 	 0.00000000 	 0.00000000 	 0.00000000 	 0.00000000 	 0.00000000 	 0.00000000 	 0.00000000 	 0.00000000 	 0.00000000 	 0.00000000 	 0.00000000 	 0.00000000 	 0.00000000 	 0.00000000 	 5.99281665 	 281.53830102 	 37.69552407 	 93.06581688 	 1.17140394 	 12.44883585 	 0.25514455 	 1.29621069
2421 	 0.00000000 	 0.00000000 	 320.63649826 	 8.35184310 	 0.86760907 	 0.00000000 	 0.00000000 	 0.00000000 	 0.00000000 	 0.00000000 	 0.00000000 	 0.00000000 	 0.00000000 	 0.00000000 	 0.00000000 	 0.00000000 	 0.00000000 	 0.00000000 	 0.00000000 	 0.00000000 	 0.00000000 	 0.00000000 	 0.00000000 	 0.00000000 	 0.00000000 	 0.00000000 	 0.00000000 	 0.00000000 	 0.00000000 	 0.00000000 	 0.00000000 	 0.00000000 	 5.99281665 	 281.53830102 	 37.69552407 	 93.06581688 	 1.17140394 	 12.44883585 	 0.25514455 	 1.29621069
2422 	 0.00000000 	 0.00000000 	 320.63649826 	 8.35184310 	 0.86760907 	 0.00000000 	 0.00000000 	 0.00000000 	 0.00000000 	 0.00000000 	 0.00000000 	 0.00000000 	 0.00000000 	 0.00000000 	 0.00000000 	 0.00000000 	 0.00000000 	 0.00000000 	 0.00000000 	 0.00000000 	 0.00000000 	 0.00000000 	 0.00000000 	 0.00000000 	 0.00000000 	 0.00000000 	 0.00000000 	 0.00000000 	 0.00000000 	 0.00000000 	 0.00000000 	 0.00000000 	 5.99281665 	 281.53830102 	 37.69552407 	 93.06581688 	 1.17140394 	 12.44883585 	 0.25514455 	 1.29621069
2423 	 0.00000000 	 0.00000000 	 320.63649826 	 8.35184310 	 0.86760907 	 0.00000000 	 0.00000000 	 0.00000000 	 0.00000000 	 0.00000000 	 0.00000000 	 0.00000000 	 0.00000000 	 0.00000000 	 0.00000000 	 0.00000000 	 0.00000000 	 0.00000000 	 0.00000000 	 0.00000000 	 0.00000000 	 0.00000000 	 0.00000000 	 0.00000000 	 0.00000000 	 0.00000000 	 0.00000000 	 0.00000000 	 0.00000000 	 0.00000000 	 0.00000000 	 0.00000000 	 5.99281665 	 281.53830102 	 37.69552407 	 93.06581688 	 1.17140394 	 12.44883585 	 0.25514455 	 1.29621069
2424 	 0.00000000 	 0.00000000 	 320.63649826 	 8.35184310 	 0.86760907 	 0.00000000 	 0.00000000 	 0.00000000 	 0.00000000 	 0.00000000 	 0.00000000 	 0.00000000 	 0.00000000 	 0.00000000 	 0.00000000 	 0.00000000 	 0.00000000 	 0.00000000 	 0.00000000 	 0.00000000 	 0.00000000 	 0.00000000 	 0.00000000 	 0.00000000 	 0.00000000 	 0.00000000 	 0.00000000 	 0.00000000 	 0.00000000 	 0.00000000 	 0.00000000 	 0.00000000 	 5.99281665 	 281.53830102 	 37.69552407 	 93.06581688 	 1.17140394 	 12.44883585 	 0.25514455 	 1.29621069
2425 	 0.00000000 	 0.00000000 	 320.63649826 	 8.35184310 	 0.86760907 	 0.00000000 	 0.00000000 	 0.00000000 	 0.00000000 	 0.00000000 	 0.00000000 	 0.00000000 	 0.00000000 	 0.00000000 	 0.00000000 	 0.00000000 	 0.00000000 	 0.00000000 	 0.00000000 	 0.00000000 	 0.00000000 	 0.00000000 	 0.00000000 	 0.00000000 	 0.00000000 	 0.00000000 	 0.00000000 	 0.00000000 	 0.00000000 	 0.00000000 	 0.00000000 	 0.00000000 	 5.99281665 	 281.53830102 	 37.69552407 	 93.06581688 	 1.17140394 	 12.44883585 	 0.25514455 	 1.29621069
2426 	 0.00000000 	 0.00000000 	 320.63649826 	 8.35184310 	 0.86760907 	 0.00000000 	 0.00000000 	 0.00000000 	 0.00000000 	 0.00000000 	 0.00000000 	 0.00000000 	 0.00000000 	 0.00000000 	 0.00000000 	 0.00000000 	 0.00000000 	 0.00000000 	 0.00000000 	 0.00000000 	 0.00000000 	 0.00000000 	 0.00000000 	 0.00000000 	 0.00000000 	 0.00000000 	 0.00000000 	 0.00000000 	 0.00000000 	 0.00000000 	 0.00000000 	 0.00000000 	 5.99281665 	 281.53830102 	 37.69552407 	 93.06581688 	 1.17140394 	 12.44883585 	 0.25514455 	 1.29621069
2427 	 0.00000000 	 0.00000000 	 320.63649826 	 8.35184310 	 0.86760907 	 0.00000000 	 0.00000000 	 0.00000000 	 0.00000000 	 0.00000000 	 0.00000000 	 0.00000000 	 0.00000000 	 0.00000000 	 0.00000000 	 0.00000000 	 0.00000000 	 0.00000000 	 0.00000000 	 0.00000000 	 0.00000000 	 0.00000000 	 0.00000000 	 0.00000000 	 0.00000000 	 0.00000000 	 0.00000000 	 0.00000000 	 0.00000000 	 0.00000000 	 0.00000000 	 0.00000000 	 5.99281665 	 281.53830102 	 37.69552407 	 93.06581688 	 1.17140394 	 12.44883585 	 0.25514455 	 1.29621069
2428 	 0.00000000 	 0.00000000 	 320.63649826 	 8.35184310 	 0.86760907 	 0.00000000 	 0.00000000 	 0.00000000 	 0.00000000 	 0.00000000 	 0.00000000 	 0.00000000 	 0.00000000 	 0.00000000 	 0.00000000 	 0.00000000 	 0.00000000 	 0.00000000 	 0.00000000 	 0.00000000 	 0.00000000 	 0.00000000 	 0.00000000 	 0.00000000 	 0.00000000 	 0.00000000 	 0.00000000 	 0.00000000 	 0.00000000 	 0.00000000 	 0.00000000 	 0.00000000 	 5.99281665 	 281.53830102 	 37.69552407 	 93.06581688 	 1.17140394 	 12.44883585 	 0.25514455 	 1.29621069
2429 	 0.00000000 	 0.00000000 	 320.63649826 	 8.35184310 	 0.86760907 	 0.00000000 	 0.00000000 	 0.00000000 	 0.00000000 	 0.00000000 	 0.00000000 	 0.00000000 	 0.00000000 	 0.00000000 	 0.00000000 	 0.00000000 	 0.00000000 	 0.00000000 	 0.00000000 	 0.00000000 	 0.00000000 	 0.00000000 	 0.00000000 	 0.00000000 	 0.00000000 	 0.00000000 	 0.00000000 	 0.00000000 	 0.00000000 	 0.00000000 	 0.00000000 	 0.00000000 	 5.99281665 	 281.53830102 	 37.69552407 	 93.06581688 	 1.17140394 	 12.44883585 	 0.25514455 	 1.29621069
2430 	 0.00000000 	 0.00000000 	 320.63649826 	 8.35184310 	 0.86760907 	 0.00000000 	 0.00000000 	 0.00000000 	 0.00000000 	 0.00000000 	 0.00000000 	 0.00000000 	 0.00000000 	 0.00000000 	 0.00000000 	 0.00000000 	 0.00000000 	 0.00000000 	 0.00000000 	 0.00000000 	 0.00000000 	 0.00000000 	 0.00000000 	 0.00000000 	 0.00000000 	 0.00000000 	 0.00000000 	 0.00000000 	 0.00000000 	 0.00000000 	 0.00000000 	 0.00000000 	 5.99281665 	 281.53830102 	 37.69552407 	 93.06581688 	 1.17140394 	 12.44883585 	 0.25514455 	 1.29621069
2431 	 0.00000000 	 0.00000000 	 320.63649826 	 8.35184310 	 0.86760907 	 0.00000000 	 0.00000000 	 0.00000000 	 0.00000000 	 0.00000000 	 0.00000000 	 0.00000000 	 0.00000000 	 0.00000000 	 0.00000000 	 0.00000000 	 0.00000000 	 0.00000000 	 0.00000000 	 0.00000000 	 0.00000000 	 0.00000000 	 0.00000000 	 0.00000000 	 0.00000000 	 0.00000000 	 0.00000000 	 0.00000000 	 0.00000000 	 0.00000000 	 0.00000000 	 0.00000000 	 5.99281665 	 281.53830102 	 37.69552407 	 93.06581688 	 1.17140394 	 12.44883585 	 0.25514455 	 1.29621069
2432 	 0.00000000 	 0.00000000 	 320.63649826 	 8.35184310 	 0.86760907 	 0.00000000 	 0.00000000 	 0.00000000 	 0.00000000 	 0.00000000 	 0.00000000 	 0.00000000 	 0.00000000 	 0.00000000 	 0.00000000 	 0.00000000 	 0.00000000 	 0.00000000 	 0.00000000 	 0.00000000 	 0.00000000 	 0.00000000 	 0.00000000 	 0.00000000 	 0.00000000 	 0.00000000 	 0.00000000 	 0.00000000 	 0.00000000 	 0.00000000 	 0.00000000 	 0.00000000 	 5.99281665 	 281.53830102 	 37.69552407 	 93.06581688 	 1.17140394 	 12.44883585 	 0.25514455 	 1.29621069
2433 	 0.00000000 	 0.00000000 	 320.63649826 	 8.35184310 	 0.86760907 	 0.00000000 	 0.00000000 	 0.00000000 	 0.00000000 	 0.00000000 	 0.00000000 	 0.00000000 	 0.00000000 	 0.00000000 	 0.00000000 	 0.00000000 	 0.00000000 	 0.00000000 	 0.00000000 	 0.00000000 	 0.00000000 	 0.00000000 	 0.00000000 	 0.00000000 	 0.00000000 	 0.00000000 	 0.00000000 	 0.00000000 	 0.00000000 	 0.00000000 	 0.00000000 	 0.00000000 	 5.99281665 	 281.53830102 	 37.69552407 	 93.06581688 	 1.17140394 	 12.44883585 	 0.25514455 	 1.29621069
2434 	 0.00000000 	 0.00000000 	 320.63649826 	 8.35184310 	 0.86760907 	 0.00000000 	 0.00000000 	 0.00000000 	 0.00000000 	 0.00000000 	 0.00000000 	 0.00000000 	 0.00000000 	 0.00000000 	 0.00000000 	 0.00000000 	 0.00000000 	 0.00000000 	 0.00000000 	 0.00000000 	 0.00000000 	 0.00000000 	 0.00000000 	 0.00000000 	 0.00000000 	 0.00000000 	 0.00000000 	 0.00000000 	 0.00000000 	 0.00000000 	 0.00000000 	 0.00000000 	 5.99281665 	 281.53830102 	 37.69552407 	 93.06581688 	 1.17140394 	 12.44883585 	 0.25514455 	 1.29621069
2435 	 0.00000000 	 0.00000000 	 320.63649826 	 8.35184310 	 0.86760907 	 0.00000000 	 0.00000000 	 0.00000000 	 0.00000000 	 0.00000000 	 0.00000000 	 0.00000000 	 0.00000000 	 0.00000000 	 0.00000000 	 0.00000000 	 0.00000000 	 0.00000000 	 0.00000000 	 0.00000000 	 0.00000000 	 0.00000000 	 0.00000000 	 0.00000000 	 0.00000000 	 0.00000000 	 0.00000000 	 0.00000000 	 0.00000000 	 0.00000000 	 0.00000000 	 0.00000000 	 5.99281665 	 281.53830102 	 37.69552407 	 93.06581688 	 1.17140394 	 12.44883585 	 0.25514455 	 1.29621069
2436 	 0.00000000 	 0.00000000 	 320.63649826 	 8.35184310 	 0.86760907 	 0.00000000 	 0.00000000 	 0.00000000 	 0.00000000 	 0.00000000 	 0.00000000 	 0.00000000 	 0.00000000 	 0.00000000 	 0.00000000 	 0.00000000 	 0.00000000 	 0.00000000 	 0.00000000 	 0.00000000 	 0.00000000 	 0.00000000 	 0.00000000 	 0.00000000 	 0.00000000 	 0.00000000 	 0.00000000 	 0.00000000 	 0.00000000 	 0.00000000 	 0.00000000 	 0.00000000 	 5.99281665 	 281.53830102 	 37.69552407 	 93.06581688 	 1.17140394 	 12.44883585 	 0.25514455 	 1.29621069
2437 	 0.00000000 	 0.00000000 	 320.63649826 	 8.35184310 	 0.86760907 	 0.00000000 	 0.00000000 	 0.00000000 	 0.00000000 	 0.00000000 	 0.00000000 	 0.00000000 	 0.00000000 	 0.00000000 	 0.00000000 	 0.00000000 	 0.00000000 	 0.00000000 	 0.00000000 	 0.00000000 	 0.00000000 	 0.00000000 	 0.00000000 	 0.00000000 	 0.00000000 	 0.00000000 	 0.00000000 	 0.00000000 	 0.00000000 	 0.00000000 	 0.00000000 	 0.00000000 	 5.99281665 	 281.53830102 	 37.69552407 	 93.06581688 	 1.17140394 	 12.44883585 	 0.25514455 	 1.29621069
2438 	 0.00000000 	 0.00000000 	 320.63649826 	 8.35184310 	 0.86760907 	 0.00000000 	 0.00000000 	 0.00000000 	 0.00000000 	 0.00000000 	 0.00000000 	 0.00000000 	 0.00000000 	 0.00000000 	 0.00000000 	 0.00000000 	 0.00000000 	 0.00000000 	 0.00000000 	 0.00000000 	 0.00000000 	 0.00000000 	 0.00000000 	 0.00000000 	 0.00000000 	 0.00000000 	 0.00000000 	 0.00000000 	 0.00000000 	 0.00000000 	 0.00000000 	 0.00000000 	 5.99281665 	 281.53830102 	 37.69552407 	 93.06581688 	 1.17140394 	 12.44883585 	 0.25514455 	 1.29621069
2439 	 0.00000000 	 0.00000000 	 320.63649826 	 8.35184310 	 0.86760907 	 0.00000000 	 0.00000000 	 0.00000000 	 0.00000000 	 0.00000000 	 0.00000000 	 0.00000000 	 0.00000000 	 0.00000000 	 0.00000000 	 0.00000000 	 0.00000000 	 0.00000000 	 0.00000000 	 0.00000000 	 0.00000000 	 0.00000000 	 0.00000000 	 0.00000000 	 0.00000000 	 0.00000000 	 0.00000000 	 0.00000000 	 0.00000000 	 0.00000000 	 0.00000000 	 0.00000000 	 5.99281665 	 281.53830102 	 37.69552407 	 93.06581688 	 1.17140394 	 12.44883585 	 0.25514455 	 1.29621069
2440 	 0.00000000 	 0.00000000 	 320.63649826 	 8.35184310 	 0.86760907 	 0.00000000 	 0.00000000 	 0.00000000 	 0.00000000 	 0.00000000 	 0.00000000 	 0.00000000 	 0.00000000 	 0.00000000 	 0.00000000 	 0.00000000 	 0.00000000 	 0.00000000 	 0.00000000 	 0.00000000 	 0.00000000 	 0.00000000 	 0.00000000 	 0.00000000 	 0.00000000 	 0.00000000 	 0.00000000 	 0.00000000 	 0.00000000 	 0.00000000 	 0.00000000 	 0.00000000 	 5.99281665 	 281.53830102 	 37.69552407 	 93.06581688 	 1.17140394 	 12.44883585 	 0.25514455 	 1.29621069
2441 	 0.00000000 	 0.00000000 	 320.63649826 	 8.35184310 	 0.86760907 	 0.00000000 	 0.00000000 	 0.00000000 	 0.00000000 	 0.00000000 	 0.00000000 	 0.00000000 	 0.00000000 	 0.00000000 	 0.00000000 	 0.00000000 	 0.00000000 	 0.00000000 	 0.00000000 	 0.00000000 	 0.00000000 	 0.00000000 	 0.00000000 	 0.00000000 	 0.00000000 	 0.00000000 	 0.00000000 	 0.00000000 	 0.00000000 	 0.00000000 	 0.00000000 	 0.00000000 	 5.99281665 	 281.53830102 	 37.69552407 	 93.06581688 	 1.17140394 	 12.44883585 	 0.25514455 	 1.29621069
2442 	 0.00000000 	 0.00000000 	 320.63649826 	 8.35184310 	 0.86760907 	 0.00000000 	 0.00000000 	 0.00000000 	 0.00000000 	 0.00000000 	 0.00000000 	 0.00000000 	 0.00000000 	 0.00000000 	 0.00000000 	 0.00000000 	 0.00000000 	 0.00000000 	 0.00000000 	 0.00000000 	 0.00000000 	 0.00000000 	 0.00000000 	 0.00000000 	 0.00000000 	 0.00000000 	 0.00000000 	 0.00000000 	 0.00000000 	 0.00000000 	 0.00000000 	 0.00000000 	 5.99281665 	 281.53830102 	 37.69552407 	 93.06581688 	 1.17140394 	 12.44883585 	 0.25514455 	 1.29621069
2443 	 0.00000000 	 0.00000000 	 320.63649826 	 8.35184310 	 0.86760907 	 0.00000000 	 0.00000000 	 0.00000000 	 0.00000000 	 0.00000000 	 0.00000000 	 0.00000000 	 0.00000000 	 0.00000000 	 0.00000000 	 0.00000000 	 0.00000000 	 0.00000000 	 0.00000000 	 0.00000000 	 0.00000000 	 0.00000000 	 0.00000000 	 0.00000000 	 0.00000000 	 0.00000000 	 0.00000000 	 0.00000000 	 0.00000000 	 0.00000000 	 0.00000000 	 0.00000000 	 5.99281665 	 281.53830102 	 37.69552407 	 93.06581688 	 1.17140394 	 12.44883585 	 0.25514455 	 1.29621069
2444 	 0.00000000 	 0.00000000 	 320.63649826 	 8.35184310 	 0.86760907 	 0.00000000 	 0.00000000 	 0.00000000 	 0.00000000 	 0.00000000 	 0.00000000 	 0.00000000 	 0.00000000 	 0.00000000 	 0.00000000 	 0.00000000 	 0.00000000 	 0.00000000 	 0.00000000 	 0.00000000 	 0.00000000 	 0.00000000 	 0.00000000 	 0.00000000 	 0.00000000 	 0.00000000 	 0.00000000 	 0.00000000 	 0.00000000 	 0.00000000 	 0.00000000 	 0.00000000 	 5.99281665 	 281.53830102 	 37.69552407 	 93.06581688 	 1.17140394 	 12.44883585 	 0.25514455 	 1.29621069
2445 	 0.00000000 	 0.00000000 	 320.63649826 	 8.35184310 	 0.86760907 	 0.00000000 	 0.00000000 	 0.00000000 	 0.00000000 	 0.00000000 	 0.00000000 	 0.00000000 	 0.00000000 	 0.00000000 	 0.00000000 	 0.00000000 	 0.00000000 	 0.00000000 	 0.00000000 	 0.00000000 	 0.00000000 	 0.00000000 	 0.00000000 	 0.00000000 	 0.00000000 	 0.00000000 	 0.00000000 	 0.00000000 	 0.00000000 	 0.00000000 	 0.00000000 	 0.00000000 	 5.99281665 	 281.53830102 	 37.69552407 	 93.06581688 	 1.17140394 	 12.44883585 	 0.25514455 	 1.29621069
2446 	 0.00000000 	 0.00000000 	 320.63649826 	 8.35184310 	 0.86760907 	 0.00000000 	 0.00000000 	 0.00000000 	 0.00000000 	 0.00000000 	 0.00000000 	 0.00000000 	 0.00000000 	 0.00000000 	 0.00000000 	 0.00000000 	 0.00000000 	 0.00000000 	 0.00000000 	 0.00000000 	 0.00000000 	 0.00000000 	 0.00000000 	 0.00000000 	 0.00000000 	 0.00000000 	 0.00000000 	 0.00000000 	 0.00000000 	 0.00000000 	 0.00000000 	 0.00000000 	 5.99281665 	 281.53830102 	 37.69552407 	 93.06581688 	 1.17140394 	 12.44883585 	 0.25514455 	 1.29621069
2447 	 0.00000000 	 0.00000000 	 320.63649826 	 8.35184310 	 0.86760907 	 0.00000000 	 0.00000000 	 0.00000000 	 0.00000000 	 0.00000000 	 0.00000000 	 0.00000000 	 0.00000000 	 0.00000000 	 0.00000000 	 0.00000000 	 0.00000000 	 0.00000000 	 0.00000000 	 0.00000000 	 0.00000000 	 0.00000000 	 0.00000000 	 0.00000000 	 0.00000000 	 0.00000000 	 0.00000000 	 0.00000000 	 0.00000000 	 0.00000000 	 0.00000000 	 0.00000000 	 5.99281665 	 281.53830102 	 37.69552407 	 93.06581688 	 1.17140394 	 12.44883585 	 0.25514455 	 1.29621069
2448 	 0.00000000 	 0.00000000 	 320.63649826 	 8.35184310 	 0.86760907 	 0.00000000 	 0.00000000 	 0.00000000 	 0.00000000 	 0.00000000 	 0.00000000 	 0.00000000 	 0.00000000 	 0.00000000 	 0.00000000 	 0.00000000 	 0.00000000 	 0.00000000 	 0.00000000 	 0.00000000 	 0.00000000 	 0.00000000 	 0.00000000 	 0.00000000 	 0.00000000 	 0.00000000 	 0.00000000 	 0.00000000 	 0.00000000 	 0.00000000 	 0.00000000 	 0.00000000 	 5.99281665 	 281.53830102 	 37.69552407 	 93.06581688 	 1.17140394 	 12.44883585 	 0.25514455 	 1.29621069
2449 	 0.00000000 	 0.00000000 	 320.63649826 	 8.35184310 	 0.86760907 	 0.00000000 	 0.00000000 	 0.00000000 	 0.00000000 	 0.00000000 	 0.00000000 	 0.00000000 	 0.00000000 	 0.00000000 	 0.00000000 	 0.00000000 	 0.00000000 	 0.00000000 	 0.00000000 	 0.00000000 	 0.00000000 	 0.00000000 	 0.00000000 	 0.00000000 	 0.00000000 	 0.00000000 	 0.00000000 	 0.00000000 	 0.00000000 	 0.00000000 	 0.00000000 	 0.00000000 	 5.99281665 	 281.53830102 	 37.69552407 	 93.06581688 	 1.17140394 	 12.44883585 	 0.25514455 	 1.29621069
2450 	 0.00000000 	 0.00000000 	 320.63649826 	 8.35184310 	 0.86760907 	 0.00000000 	 0.00000000 	 0.00000000 	 0.00000000 	 0.00000000 	 0.00000000 	 0.00000000 	 0.00000000 	 0.00000000 	 0.00000000 	 0.00000000 	 0.00000000 	 0.00000000 	 0.00000000 	 0.00000000 	 0.00000000 	 0.00000000 	 0.00000000 	 0.00000000 	 0.00000000 	 0.00000000 	 0.00000000 	 0.00000000 	 0.00000000 	 0.00000000 	 0.00000000 	 0.00000000 	 5.99281665 	 281.53830102 	 37.69552407 	 93.06581688 	 1.17140394 	 12.44883585 	 0.25514455 	 1.29621069
2451 	 0.00000000 	 0.00000000 	 320.63649826 	 8.35184310 	 0.86760907 	 0.00000000 	 0.00000000 	 0.00000000 	 0.00000000 	 0.00000000 	 0.00000000 	 0.00000000 	 0.00000000 	 0.00000000 	 0.00000000 	 0.00000000 	 0.00000000 	 0.00000000 	 0.00000000 	 0.00000000 	 0.00000000 	 0.00000000 	 0.00000000 	 0.00000000 	 0.00000000 	 0.00000000 	 0.00000000 	 0.00000000 	 0.00000000 	 0.00000000 	 0.00000000 	 0.00000000 	 5.99281665 	 281.53830102 	 37.69552407 	 93.06581688 	 1.17140394 	 12.44883585 	 0.25514455 	 1.29621069
2452 	 0.00000000 	 0.00000000 	 320.63649826 	 8.35184310 	 0.86760907 	 0.00000000 	 0.00000000 	 0.00000000 	 0.00000000 	 0.00000000 	 0.00000000 	 0.00000000 	 0.00000000 	 0.00000000 	 0.00000000 	 0.00000000 	 0.00000000 	 0.00000000 	 0.00000000 	 0.00000000 	 0.00000000 	 0.00000000 	 0.00000000 	 0.00000000 	 0.00000000 	 0.00000000 	 0.00000000 	 0.00000000 	 0.00000000 	 0.00000000 	 0.00000000 	 0.00000000 	 5.99281665 	 281.53830102 	 37.69552407 	 93.06581688 	 1.17140394 	 12.44883585 	 0.25514455 	 1.29621069
2453 	 0.00000000 	 0.00000000 	 320.63649826 	 8.35184310 	 0.86760907 	 0.00000000 	 0.00000000 	 0.00000000 	 0.00000000 	 0.00000000 	 0.00000000 	 0.00000000 	 0.00000000 	 0.00000000 	 0.00000000 	 0.00000000 	 0.00000000 	 0.00000000 	 0.00000000 	 0.00000000 	 0.00000000 	 0.00000000 	 0.00000000 	 0.00000000 	 0.00000000 	 0.00000000 	 0.00000000 	 0.00000000 	 0.00000000 	 0.00000000 	 0.00000000 	 0.00000000 	 5.99281665 	 281.53830102 	 37.69552407 	 93.06581688 	 1.17140394 	 12.44883585 	 0.25514455 	 1.29621069
2454 	 0.00000000 	 0.00000000 	 320.63649826 	 8.35184310 	 0.86760907 	 0.00000000 	 0.00000000 	 0.00000000 	 0.00000000 	 0.00000000 	 0.00000000 	 0.00000000 	 0.00000000 	 0.00000000 	 0.00000000 	 0.00000000 	 0.00000000 	 0.00000000 	 0.00000000 	 0.00000000 	 0.00000000 	 0.00000000 	 0.00000000 	 0.00000000 	 0.00000000 	 0.00000000 	 0.00000000 	 0.00000000 	 0.00000000 	 0.00000000 	 0.00000000 	 0.00000000 	 5.99281665 	 281.53830102 	 37.69552407 	 93.06581688 	 1.17140394 	 12.44883585 	 0.25514455 	 1.29621069
2455 	 0.00000000 	 0.00000000 	 320.63649826 	 8.35184310 	 0.86760907 	 0.00000000 	 0.00000000 	 0.00000000 	 0.00000000 	 0.00000000 	 0.00000000 	 0.00000000 	 0.00000000 	 0.00000000 	 0.00000000 	 0.00000000 	 0.00000000 	 0.00000000 	 0.00000000 	 0.00000000 	 0.00000000 	 0.00000000 	 0.00000000 	 0.00000000 	 0.00000000 	 0.00000000 	 0.00000000 	 0.00000000 	 0.00000000 	 0.00000000 	 0.00000000 	 0.00000000 	 5.99281665 	 281.53830102 	 37.69552407 	 93.06581688 	 1.17140394 	 12.44883585 	 0.25514455 	 1.29621069
2456 	 0.00000000 	 0.00000000 	 320.63649826 	 8.35184310 	 0.86760907 	 0.00000000 	 0.00000000 	 0.00000000 	 0.00000000 	 0.00000000 	 0.00000000 	 0.00000000 	 0.00000000 	 0.00000000 	 0.00000000 	 0.00000000 	 0.00000000 	 0.00000000 	 0.00000000 	 0.00000000 	 0.00000000 	 0.00000000 	 0.00000000 	 0.00000000 	 0.00000000 	 0.00000000 	 0.00000000 	 0.00000000 	 0.00000000 	 0.00000000 	 0.00000000 	 0.00000000 	 5.99281665 	 281.53830102 	 37.69552407 	 93.06581688 	 1.17140394 	 12.44883585 	 0.25514455 	 1.29621069
2457 	 0.00000000 	 0.00000000 	 320.63649826 	 8.35184310 	 0.86760907 	 0.00000000 	 0.00000000 	 0.00000000 	 0.00000000 	 0.00000000 	 0.00000000 	 0.00000000 	 0.00000000 	 0.00000000 	 0.00000000 	 0.00000000 	 0.00000000 	 0.00000000 	 0.00000000 	 0.00000000 	 0.00000000 	 0.00000000 	 0.00000000 	 0.00000000 	 0.00000000 	 0.00000000 	 0.00000000 	 0.00000000 	 0.00000000 	 0.00000000 	 0.00000000 	 0.00000000 	 5.99281665 	 281.53830102 	 37.69552407 	 93.06581688 	 1.17140394 	 12.44883585 	 0.25514455 	 1.29621069
2458 	 0.00000000 	 0.00000000 	 320.63649826 	 8.35184310 	 0.86760907 	 0.00000000 	 0.00000000 	 0.00000000 	 0.00000000 	 0.00000000 	 0.00000000 	 0.00000000 	 0.00000000 	 0.00000000 	 0.00000000 	 0.00000000 	 0.00000000 	 0.00000000 	 0.00000000 	 0.00000000 	 0.00000000 	 0.00000000 	 0.00000000 	 0.00000000 	 0.00000000 	 0.00000000 	 0.00000000 	 0.00000000 	 0.00000000 	 0.00000000 	 0.00000000 	 0.00000000 	 5.99281665 	 281.53830102 	 37.69552407 	 93.06581688 	 1.17140394 	 12.44883585 	 0.25514455 	 1.29621069
2459 	 0.00000000 	 0.00000000 	 320.63649826 	 8.35184310 	 0.86760907 	 0.00000000 	 0.00000000 	 0.00000000 	 0.00000000 	 0.00000000 	 0.00000000 	 0.00000000 	 0.00000000 	 0.00000000 	 0.00000000 	 0.00000000 	 0.00000000 	 0.00000000 	 0.00000000 	 0.00000000 	 0.00000000 	 0.00000000 	 0.00000000 	 0.00000000 	 0.00000000 	 0.00000000 	 0.00000000 	 0.00000000 	 0.00000000 	 0.00000000 	 0.00000000 	 0.00000000 	 5.99281665 	 281.53830102 	 37.69552407 	 93.06581688 	 1.17140394 	 12.44883585 	 0.25514455 	 1.29621069
2460 	 0.00000000 	 0.00000000 	 320.63649826 	 8.35184310 	 0.86760907 	 0.00000000 	 0.00000000 	 0.00000000 	 0.00000000 	 0.00000000 	 0.00000000 	 0.00000000 	 0.00000000 	 0.00000000 	 0.00000000 	 0.00000000 	 0.00000000 	 0.00000000 	 0.00000000 	 0.00000000 	 0.00000000 	 0.00000000 	 0.00000000 	 0.00000000 	 0.00000000 	 0.00000000 	 0.00000000 	 0.00000000 	 0.00000000 	 0.00000000 	 0.00000000 	 0.00000000 	 5.99281665 	 281.53830102 	 37.69552407 	 93.06581688 	 1.17140394 	 12.44883585 	 0.25514455 	 1.29621069
2461 	 0.00000000 	 0.00000000 	 320.63649826 	 8.35184310 	 0.86760907 	 0.00000000 	 0.00000000 	 0.00000000 	 0.00000000 	 0.00000000 	 0.00000000 	 0.00000000 	 0.00000000 	 0.00000000 	 0.00000000 	 0.00000000 	 0.00000000 	 0.00000000 	 0.00000000 	 0.00000000 	 0.00000000 	 0.00000000 	 0.00000000 	 0.00000000 	 0.00000000 	 0.00000000 	 0.00000000 	 0.00000000 	 0.00000000 	 0.00000000 	 0.00000000 	 0.00000000 	 5.99281665 	 281.53830102 	 37.69552407 	 93.06581688 	 1.17140394 	 12.44883585 	 0.25514455 	 1.29621069
2462 	 0.00000000 	 0.00000000 	 320.63649826 	 8.35184310 	 0.86760907 	 0.00000000 	 0.00000000 	 0.00000000 	 0.00000000 	 0.00000000 	 0.00000000 	 0.00000000 	 0.00000000 	 0.00000000 	 0.00000000 	 0.00000000 	 0.00000000 	 0.00000000 	 0.00000000 	 0.00000000 	 0.00000000 	 0.00000000 	 0.00000000 	 0.00000000 	 0.00000000 	 0.00000000 	 0.00000000 	 0.00000000 	 0.00000000 	 0.00000000 	 0.00000000 	 0.00000000 	 5.99281665 	 281.53830102 	 37.69552407 	 93.06581688 	 1.17140394 	 12.44883585 	 0.25514455 	 1.29621069
2463 	 0.00000000 	 0.00000000 	 320.63649826 	 8.35184310 	 0.86760907 	 0.00000000 	 0.00000000 	 0.00000000 	 0.00000000 	 0.00000000 	 0.00000000 	 0.00000000 	 0.00000000 	 0.00000000 	 0.00000000 	 0.00000000 	 0.00000000 	 0.00000000 	 0.00000000 	 0.00000000 	 0.00000000 	 0.00000000 	 0.00000000 	 0.00000000 	 0.00000000 	 0.00000000 	 0.00000000 	 0.00000000 	 0.00000000 	 0.00000000 	 0.00000000 	 0.00000000 	 5.99281665 	 281.53830102 	 37.69552407 	 93.06581688 	 1.17140394 	 12.44883585 	 0.25514455 	 1.29621069
2464 	 0.00000000 	 0.00000000 	 320.63649826 	 8.35184310 	 0.86760907 	 0.00000000 	 0.00000000 	 0.00000000 	 0.00000000 	 0.00000000 	 0.00000000 	 0.00000000 	 0.00000000 	 0.00000000 	 0.00000000 	 0.00000000 	 0.00000000 	 0.00000000 	 0.00000000 	 0.00000000 	 0.00000000 	 0.00000000 	 0.00000000 	 0.00000000 	 0.00000000 	 0.00000000 	 0.00000000 	 0.00000000 	 0.00000000 	 0.00000000 	 0.00000000 	 0.00000000 	 5.99281665 	 281.53830102 	 37.69552407 	 93.06581688 	 1.17140394 	 12.44883585 	 0.25514455 	 1.29621069
2465 	 0.00000000 	 0.00000000 	 320.63649826 	 8.35184310 	 0.86760907 	 0.00000000 	 0.00000000 	 0.00000000 	 0.00000000 	 0.00000000 	 0.00000000 	 0.00000000 	 0.00000000 	 0.00000000 	 0.00000000 	 0.00000000 	 0.00000000 	 0.00000000 	 0.00000000 	 0.00000000 	 0.00000000 	 0.00000000 	 0.00000000 	 0.00000000 	 0.00000000 	 0.00000000 	 0.00000000 	 0.00000000 	 0.00000000 	 0.00000000 	 0.00000000 	 0.00000000 	 5.99281665 	 281.53830102 	 37.69552407 	 93.06581688 	 1.17140394 	 12.44883585 	 0.25514455 	 1.29621069
2466 	 0.00000000 	 0.00000000 	 320.63649826 	 8.35184310 	 0.86760907 	 0.00000000 	 0.00000000 	 0.00000000 	 0.00000000 	 0.00000000 	 0.00000000 	 0.00000000 	 0.00000000 	 0.00000000 	 0.00000000 	 0.00000000 	 0.00000000 	 0.00000000 	 0.00000000 	 0.00000000 	 0.00000000 	 0.00000000 	 0.00000000 	 0.00000000 	 0.00000000 	 0.00000000 	 0.00000000 	 0.00000000 	 0.00000000 	 0.00000000 	 0.00000000 	 0.00000000 	 5.99281665 	 281.53830102 	 37.69552407 	 93.06581688 	 1.17140394 	 12.44883585 	 0.25514455 	 1.29621069
2467 	 0.00000000 	 0.00000000 	 320.63649826 	 8.35184310 	 0.86760907 	 0.00000000 	 0.00000000 	 0.00000000 	 0.00000000 	 0.00000000 	 0.00000000 	 0.00000000 	 0.00000000 	 0.00000000 	 0.00000000 	 0.00000000 	 0.00000000 	 0.00000000 	 0.00000000 	 0.00000000 	 0.00000000 	 0.00000000 	 0.00000000 	 0.00000000 	 0.00000000 	 0.00000000 	 0.00000000 	 0.00000000 	 0.00000000 	 0.00000000 	 0.00000000 	 0.00000000 	 5.99281665 	 281.53830102 	 37.69552407 	 93.06581688 	 1.17140394 	 12.44883585 	 0.25514455 	 1.29621069
2468 	 0.00000000 	 0.00000000 	 320.63649826 	 8.35184310 	 0.86760907 	 0.00000000 	 0.00000000 	 0.00000000 	 0.00000000 	 0.00000000 	 0.00000000 	 0.00000000 	 0.00000000 	 0.00000000 	 0.00000000 	 0.00000000 	 0.00000000 	 0.00000000 	 0.00000000 	 0.00000000 	 0.00000000 	 0.00000000 	 0.00000000 	 0.00000000 	 0.00000000 	 0.00000000 	 0.00000000 	 0.00000000 	 0.00000000 	 0.00000000 	 0.00000000 	 0.00000000 	 5.99281665 	 281.53830102 	 37.69552407 	 93.06581688 	 1.17140394 	 12.44883585 	 0.25514455 	 1.29621069
2469 	 0.00000000 	 0.00000000 	 320.63649826 	 8.35184310 	 0.86760907 	 0.00000000 	 0.00000000 	 0.00000000 	 0.00000000 	 0.00000000 	 0.00000000 	 0.00000000 	 0.00000000 	 0.00000000 	 0.00000000 	 0.00000000 	 0.00000000 	 0.00000000 	 0.00000000 	 0.00000000 	 0.00000000 	 0.00000000 	 0.00000000 	 0.00000000 	 0.00000000 	 0.00000000 	 0.00000000 	 0.00000000 	 0.00000000 	 0.00000000 	 0.00000000 	 0.00000000 	 5.99281665 	 281.53830102 	 37.69552407 	 93.06581688 	 1.17140394 	 12.44883585 	 0.25514455 	 1.29621069
2470 	 0.00000000 	 0.00000000 	 320.63649826 	 8.35184310 	 0.86760907 	 0.00000000 	 0.00000000 	 0.00000000 	 0.00000000 	 0.00000000 	 0.00000000 	 0.00000000 	 0.00000000 	 0.00000000 	 0.00000000 	 0.00000000 	 0.00000000 	 0.00000000 	 0.00000000 	 0.00000000 	 0.00000000 	 0.00000000 	 0.00000000 	 0.00000000 	 0.00000000 	 0.00000000 	 0.00000000 	 0.00000000 	 0.00000000 	 0.00000000 	 0.00000000 	 0.00000000 	 5.99281665 	 281.53830102 	 37.69552407 	 93.06581688 	 1.17140394 	 12.44883585 	 0.25514455 	 1.29621069
2471 	 0.00000000 	 0.00000000 	 320.63649826 	 8.35184310 	 0.86760907 	 0.00000000 	 0.00000000 	 0.00000000 	 0.00000000 	 0.00000000 	 0.00000000 	 0.00000000 	 0.00000000 	 0.00000000 	 0.00000000 	 0.00000000 	 0.00000000 	 0.00000000 	 0.00000000 	 0.00000000 	 0.00000000 	 0.00000000 	 0.00000000 	 0.00000000 	 0.00000000 	 0.00000000 	 0.00000000 	 0.00000000 	 0.00000000 	 0.00000000 	 0.00000000 	 0.00000000 	 5.99281665 	 281.53830102 	 37.69552407 	 93.06581688 	 1.17140394 	 12.44883585 	 0.25514455 	 1.29621069
2472 	 0.00000000 	 0.00000000 	 320.63649826 	 8.35184310 	 0.86760907 	 0.00000000 	 0.00000000 	 0.00000000 	 0.00000000 	 0.00000000 	 0.00000000 	 0.00000000 	 0.00000000 	 0.00000000 	 0.00000000 	 0.00000000 	 0.00000000 	 0.00000000 	 0.00000000 	 0.00000000 	 0.00000000 	 0.00000000 	 0.00000000 	 0.00000000 	 0.00000000 	 0.00000000 	 0.00000000 	 0.00000000 	 0.00000000 	 0.00000000 	 0.00000000 	 0.00000000 	 5.99281665 	 281.53830102 	 37.69552407 	 93.06581688 	 1.17140394 	 12.44883585 	 0.25514455 	 1.29621069
2473 	 0.00000000 	 0.00000000 	 320.63649826 	 8.35184310 	 0.86760907 	 0.00000000 	 0.00000000 	 0.00000000 	 0.00000000 	 0.00000000 	 0.00000000 	 0.00000000 	 0.00000000 	 0.00000000 	 0.00000000 	 0.00000000 	 0.00000000 	 0.00000000 	 0.00000000 	 0.00000000 	 0.00000000 	 0.00000000 	 0.00000000 	 0.00000000 	 0.00000000 	 0.00000000 	 0.00000000 	 0.00000000 	 0.00000000 	 0.00000000 	 0.00000000 	 0.00000000 	 5.99281665 	 281.53830102 	 37.69552407 	 93.06581688 	 1.17140394 	 12.44883585 	 0.25514455 	 1.29621069
2474 	 0.00000000 	 0.00000000 	 320.63649826 	 8.35184310 	 0.86760907 	 0.00000000 	 0.00000000 	 0.00000000 	 0.00000000 	 0.00000000 	 0.00000000 	 0.00000000 	 0.00000000 	 0.00000000 	 0.00000000 	 0.00000000 	 0.00000000 	 0.00000000 	 0.00000000 	 0.00000000 	 0.00000000 	 0.00000000 	 0.00000000 	 0.00000000 	 0.00000000 	 0.00000000 	 0.00000000 	 0.00000000 	 0.00000000 	 0.00000000 	 0.00000000 	 0.00000000 	 5.99281665 	 281.53830102 	 37.69552407 	 93.06581688 	 1.17140394 	 12.44883585 	 0.25514455 	 1.29621069
2475 	 0.00000000 	 0.00000000 	 320.63649826 	 8.35184310 	 0.86760907 	 0.00000000 	 0.00000000 	 0.00000000 	 0.00000000 	 0.00000000 	 0.00000000 	 0.00000000 	 0.00000000 	 0.00000000 	 0.00000000 	 0.00000000 	 0.00000000 	 0.00000000 	 0.00000000 	 0.00000000 	 0.00000000 	 0.00000000 	 0.00000000 	 0.00000000 	 0.00000000 	 0.00000000 	 0.00000000 	 0.00000000 	 0.00000000 	 0.00000000 	 0.00000000 	 0.00000000 	 5.99281665 	 281.53830102 	 37.69552407 	 93.06581688 	 1.17140394 	 12.44883585 	 0.25514455 	 1.29621069
2476 	 0.00000000 	 0.00000000 	 320.63649826 	 8.35184310 	 0.86760907 	 0.00000000 	 0.00000000 	 0.00000000 	 0.00000000 	 0.00000000 	 0.00000000 	 0.00000000 	 0.00000000 	 0.00000000 	 0.00000000 	 0.00000000 	 0.00000000 	 0.00000000 	 0.00000000 	 0.00000000 	 0.00000000 	 0.00000000 	 0.00000000 	 0.00000000 	 0.00000000 	 0.00000000 	 0.00000000 	 0.00000000 	 0.00000000 	 0.00000000 	 0.00000000 	 0.00000000 	 5.99281665 	 281.53830102 	 37.69552407 	 93.06581688 	 1.17140394 	 12.44883585 	 0.25514455 	 1.29621069
2477 	 0.00000000 	 0.00000000 	 320.63649826 	 8.35184310 	 0.86760907 	 0.00000000 	 0.00000000 	 0.00000000 	 0.00000000 	 0.00000000 	 0.00000000 	 0.00000000 	 0.00000000 	 0.00000000 	 0.00000000 	 0.00000000 	 0.00000000 	 0.00000000 	 0.00000000 	 0.00000000 	 0.00000000 	 0.00000000 	 0.00000000 	 0.00000000 	 0.00000000 	 0.00000000 	 0.00000000 	 0.00000000 	 0.00000000 	 0.00000000 	 0.00000000 	 0.00000000 	 5.99281665 	 281.53830102 	 37.69552407 	 93.06581688 	 1.17140394 	 12.44883585 	 0.25514455 	 1.29621069
2478 	 0.00000000 	 0.00000000 	 320.63649826 	 8.35184310 	 0.86760907 	 0.00000000 	 0.00000000 	 0.00000000 	 0.00000000 	 0.00000000 	 0.00000000 	 0.00000000 	 0.00000000 	 0.00000000 	 0.00000000 	 0.00000000 	 0.00000000 	 0.00000000 	 0.00000000 	 0.00000000 	 0.00000000 	 0.00000000 	 0.00000000 	 0.00000000 	 0.00000000 	 0.00000000 	 0.00000000 	 0.00000000 	 0.00000000 	 0.00000000 	 0.00000000 	 0.00000000 	 5.99281665 	 281.53830102 	 37.69552407 	 93.06581688 	 1.17140394 	 12.44883585 	 0.25514455 	 1.29621069
2479 	 0.00000000 	 0.00000000 	 320.63649826 	 8.35184310 	 0.86760907 	 0.00000000 	 0.00000000 	 0.00000000 	 0.00000000 	 0.00000000 	 0.00000000 	 0.00000000 	 0.00000000 	 0.00000000 	 0.00000000 	 0.00000000 	 0.00000000 	 0.00000000 	 0.00000000 	 0.00000000 	 0.00000000 	 0.00000000 	 0.00000000 	 0.00000000 	 0.00000000 	 0.00000000 	 0.00000000 	 0.00000000 	 0.00000000 	 0.00000000 	 0.00000000 	 0.00000000 	 5.99281665 	 281.53830102 	 37.69552407 	 93.06581688 	 1.17140394 	 12.44883585 	 0.25514455 	 1.29621069
2480 	 0.00000000 	 0.00000000 	 320.63649826 	 8.35184310 	 0.86760907 	 0.00000000 	 0.00000000 	 0.00000000 	 0.00000000 	 0.00000000 	 0.00000000 	 0.00000000 	 0.00000000 	 0.00000000 	 0.00000000 	 0.00000000 	 0.00000000 	 0.00000000 	 0.00000000 	 0.00000000 	 0.00000000 	 0.00000000 	 0.00000000 	 0.00000000 	 0.00000000 	 0.00000000 	 0.00000000 	 0.00000000 	 0.00000000 	 0.00000000 	 0.00000000 	 0.00000000 	 5.99281665 	 281.53830102 	 37.69552407 	 93.06581688 	 1.17140394 	 12.44883585 	 0.25514455 	 1.29621069
2481 	 0.00000000 	 0.00000000 	 320.63649826 	 8.35184310 	 0.86760907 	 0.00000000 	 0.00000000 	 0.00000000 	 0.00000000 	 0.00000000 	 0.00000000 	 0.00000000 	 0.00000000 	 0.00000000 	 0.00000000 	 0.00000000 	 0.00000000 	 0.00000000 	 0.00000000 	 0.00000000 	 0.00000000 	 0.00000000 	 0.00000000 	 0.00000000 	 0.00000000 	 0.00000000 	 0.00000000 	 0.00000000 	 0.00000000 	 0.00000000 	 0.00000000 	 0.00000000 	 5.99281665 	 281.53830102 	 37.69552407 	 93.06581688 	 1.17140394 	 12.44883585 	 0.25514455 	 1.29621069
2482 	 0.00000000 	 0.00000000 	 320.63649826 	 8.35184310 	 0.86760907 	 0.00000000 	 0.00000000 	 0.00000000 	 0.00000000 	 0.00000000 	 0.00000000 	 0.00000000 	 0.00000000 	 0.00000000 	 0.00000000 	 0.00000000 	 0.00000000 	 0.00000000 	 0.00000000 	 0.00000000 	 0.00000000 	 0.00000000 	 0.00000000 	 0.00000000 	 0.00000000 	 0.00000000 	 0.00000000 	 0.00000000 	 0.00000000 	 0.00000000 	 0.00000000 	 0.00000000 	 5.99281665 	 281.53830102 	 37.69552407 	 93.06581688 	 1.17140394 	 12.44883585 	 0.25514455 	 1.29621069
2483 	 0.00000000 	 0.00000000 	 320.63649826 	 8.35184310 	 0.86760907 	 0.00000000 	 0.00000000 	 0.00000000 	 0.00000000 	 0.00000000 	 0.00000000 	 0.00000000 	 0.00000000 	 0.00000000 	 0.00000000 	 0.00000000 	 0.00000000 	 0.00000000 	 0.00000000 	 0.00000000 	 0.00000000 	 0.00000000 	 0.00000000 	 0.00000000 	 0.00000000 	 0.00000000 	 0.00000000 	 0.00000000 	 0.00000000 	 0.00000000 	 0.00000000 	 0.00000000 	 5.99281665 	 281.53830102 	 37.69552407 	 93.06581688 	 1.17140394 	 12.44883585 	 0.25514455 	 1.29621069
2484 	 0.00000000 	 0.00000000 	 320.63649826 	 8.35184310 	 0.86760907 	 0.00000000 	 0.00000000 	 0.00000000 	 0.00000000 	 0.00000000 	 0.00000000 	 0.00000000 	 0.00000000 	 0.00000000 	 0.00000000 	 0.00000000 	 0.00000000 	 0.00000000 	 0.00000000 	 0.00000000 	 0.00000000 	 0.00000000 	 0.00000000 	 0.00000000 	 0.00000000 	 0.00000000 	 0.00000000 	 0.00000000 	 0.00000000 	 0.00000000 	 0.00000000 	 0.00000000 	 5.99281665 	 281.53830102 	 37.69552407 	 93.06581688 	 1.17140394 	 12.44883585 	 0.25514455 	 1.29621069
2485 	 0.00000000 	 0.00000000 	 320.63649826 	 8.35184310 	 0.86760907 	 0.00000000 	 0.00000000 	 0.00000000 	 0.00000000 	 0.00000000 	 0.00000000 	 0.00000000 	 0.00000000 	 0.00000000 	 0.00000000 	 0.00000000 	 0.00000000 	 0.00000000 	 0.00000000 	 0.00000000 	 0.00000000 	 0.00000000 	 0.00000000 	 0.00000000 	 0.00000000 	 0.00000000 	 0.00000000 	 0.00000000 	 0.00000000 	 0.00000000 	 0.00000000 	 0.00000000 	 5.99281665 	 281.53830102 	 37.69552407 	 93.06581688 	 1.17140394 	 12.44883585 	 0.25514455 	 1.29621069
2486 	 0.00000000 	 0.00000000 	 320.63649826 	 8.35184310 	 0.86760907 	 0.00000000 	 0.00000000 	 0.00000000 	 0.00000000 	 0.00000000 	 0.00000000 	 0.00000000 	 0.00000000 	 0.00000000 	 0.00000000 	 0.00000000 	 0.00000000 	 0.00000000 	 0.00000000 	 0.00000000 	 0.00000000 	 0.00000000 	 0.00000000 	 0.00000000 	 0.00000000 	 0.00000000 	 0.00000000 	 0.00000000 	 0.00000000 	 0.00000000 	 0.00000000 	 0.00000000 	 5.99281665 	 281.53830102 	 37.69552407 	 93.06581688 	 1.17140394 	 12.44883585 	 0.25514455 	 1.29621069
2487 	 0.00000000 	 0.00000000 	 320.63649826 	 8.35184310 	 0.86760907 	 0.00000000 	 0.00000000 	 0.00000000 	 0.00000000 	 0.00000000 	 0.00000000 	 0.00000000 	 0.00000000 	 0.00000000 	 0.00000000 	 0.00000000 	 0.00000000 	 0.00000000 	 0.00000000 	 0.00000000 	 0.00000000 	 0.00000000 	 0.00000000 	 0.00000000 	 0.00000000 	 0.00000000 	 0.00000000 	 0.00000000 	 0.00000000 	 0.00000000 	 0.00000000 	 0.00000000 	 5.99281665 	 281.53830102 	 37.69552407 	 93.06581688 	 1.17140394 	 12.44883585 	 0.25514455 	 1.29621069
2488 	 0.00000000 	 0.00000000 	 320.63649826 	 8.35184310 	 0.86760907 	 0.00000000 	 0.00000000 	 0.00000000 	 0.00000000 	 0.00000000 	 0.00000000 	 0.00000000 	 0.00000000 	 0.00000000 	 0.00000000 	 0.00000000 	 0.00000000 	 0.00000000 	 0.00000000 	 0.00000000 	 0.00000000 	 0.00000000 	 0.00000000 	 0.00000000 	 0.00000000 	 0.00000000 	 0.00000000 	 0.00000000 	 0.00000000 	 0.00000000 	 0.00000000 	 0.00000000 	 5.99281665 	 281.53830102 	 37.69552407 	 93.06581688 	 1.17140394 	 12.44883585 	 0.25514455 	 1.29621069
2489 	 0.00000000 	 0.00000000 	 320.63649826 	 8.35184310 	 0.86760907 	 0.00000000 	 0.00000000 	 0.00000000 	 0.00000000 	 0.00000000 	 0.00000000 	 0.00000000 	 0.00000000 	 0.00000000 	 0.00000000 	 0.00000000 	 0.00000000 	 0.00000000 	 0.00000000 	 0.00000000 	 0.00000000 	 0.00000000 	 0.00000000 	 0.00000000 	 0.00000000 	 0.00000000 	 0.00000000 	 0.00000000 	 0.00000000 	 0.00000000 	 0.00000000 	 0.00000000 	 5.99281665 	 281.53830102 	 37.69552407 	 93.06581688 	 1.17140394 	 12.44883585 	 0.25514455 	 1.29621069
2490 	 0.00000000 	 0.00000000 	 320.63649826 	 8.35184310 	 0.86760907 	 0.00000000 	 0.00000000 	 0.00000000 	 0.00000000 	 0.00000000 	 0.00000000 	 0.00000000 	 0.00000000 	 0.00000000 	 0.00000000 	 0.00000000 	 0.00000000 	 0.00000000 	 0.00000000 	 0.00000000 	 0.00000000 	 0.00000000 	 0.00000000 	 0.00000000 	 0.00000000 	 0.00000000 	 0.00000000 	 0.00000000 	 0.00000000 	 0.00000000 	 0.00000000 	 0.00000000 	 5.99281665 	 281.53830102 	 37.69552407 	 93.06581688 	 1.17140394 	 12.44883585 	 0.25514455 	 1.29621069
2491 	 0.00000000 	 0.00000000 	 320.63649826 	 8.35184310 	 0.86760907 	 0.00000000 	 0.00000000 	 0.00000000 	 0.00000000 	 0.00000000 	 0.00000000 	 0.00000000 	 0.00000000 	 0.00000000 	 0.00000000 	 0.00000000 	 0.00000000 	 0.00000000 	 0.00000000 	 0.00000000 	 0.00000000 	 0.00000000 	 0.00000000 	 0.00000000 	 0.00000000 	 0.00000000 	 0.00000000 	 0.00000000 	 0.00000000 	 0.00000000 	 0.00000000 	 0.00000000 	 5.99281665 	 281.53830102 	 37.69552407 	 93.06581688 	 1.17140394 	 12.44883585 	 0.25514455 	 1.29621069
2492 	 0.00000000 	 0.00000000 	 320.63649826 	 8.35184310 	 0.86760907 	 0.00000000 	 0.00000000 	 0.00000000 	 0.00000000 	 0.00000000 	 0.00000000 	 0.00000000 	 0.00000000 	 0.00000000 	 0.00000000 	 0.00000000 	 0.00000000 	 0.00000000 	 0.00000000 	 0.00000000 	 0.00000000 	 0.00000000 	 0.00000000 	 0.00000000 	 0.00000000 	 0.00000000 	 0.00000000 	 0.00000000 	 0.00000000 	 0.00000000 	 0.00000000 	 0.00000000 	 5.99281665 	 281.53830102 	 37.69552407 	 93.06581688 	 1.17140394 	 12.44883585 	 0.25514455 	 1.29621069
2493 	 0.00000000 	 0.00000000 	 320.63649826 	 8.35184310 	 0.86760907 	 0.00000000 	 0.00000000 	 0.00000000 	 0.00000000 	 0.00000000 	 0.00000000 	 0.00000000 	 0.00000000 	 0.00000000 	 0.00000000 	 0.00000000 	 0.00000000 	 0.00000000 	 0.00000000 	 0.00000000 	 0.00000000 	 0.00000000 	 0.00000000 	 0.00000000 	 0.00000000 	 0.00000000 	 0.00000000 	 0.00000000 	 0.00000000 	 0.00000000 	 0.00000000 	 0.00000000 	 5.99281665 	 281.53830102 	 37.69552407 	 93.06581688 	 1.17140394 	 12.44883585 	 0.25514455 	 1.29621069
2494 	 0.00000000 	 0.00000000 	 320.63649826 	 8.35184310 	 0.86760907 	 0.00000000 	 0.00000000 	 0.00000000 	 0.00000000 	 0.00000000 	 0.00000000 	 0.00000000 	 0.00000000 	 0.00000000 	 0.00000000 	 0.00000000 	 0.00000000 	 0.00000000 	 0.00000000 	 0.00000000 	 0.00000000 	 0.00000000 	 0.00000000 	 0.00000000 	 0.00000000 	 0.00000000 	 0.00000000 	 0.00000000 	 0.00000000 	 0.00000000 	 0.00000000 	 0.00000000 	 5.99281665 	 281.53830102 	 37.69552407 	 93.06581688 	 1.17140394 	 12.44883585 	 0.25514455 	 1.29621069
2495 	 0.00000000 	 0.00000000 	 320.63649826 	 8.35184310 	 0.86760907 	 0.00000000 	 0.00000000 	 0.00000000 	 0.00000000 	 0.00000000 	 0.00000000 	 0.00000000 	 0.00000000 	 0.00000000 	 0.00000000 	 0.00000000 	 0.00000000 	 0.00000000 	 0.00000000 	 0.00000000 	 0.00000000 	 0.00000000 	 0.00000000 	 0.00000000 	 0.00000000 	 0.00000000 	 0.00000000 	 0.00000000 	 0.00000000 	 0.00000000 	 0.00000000 	 0.00000000 	 5.99281665 	 281.53830102 	 37.69552407 	 93.06581688 	 1.17140394 	 12.44883585 	 0.25514455 	 1.29621069
2496 	 0.00000000 	 0.00000000 	 320.63649826 	 8.35184310 	 0.86760907 	 0.00000000 	 0.00000000 	 0.00000000 	 0.00000000 	 0.00000000 	 0.00000000 	 0.00000000 	 0.00000000 	 0.00000000 	 0.00000000 	 0.00000000 	 0.00000000 	 0.00000000 	 0.00000000 	 0.00000000 	 0.00000000 	 0.00000000 	 0.00000000 	 0.00000000 	 0.00000000 	 0.00000000 	 0.00000000 	 0.00000000 	 0.00000000 	 0.00000000 	 0.00000000 	 0.00000000 	 5.99281665 	 281.53830102 	 37.69552407 	 93.06581688 	 1.17140394 	 12.44883585 	 0.25514455 	 1.29621069
2497 	 0.00000000 	 0.00000000 	 320.63649826 	 8.35184310 	 0.86760907 	 0.00000000 	 0.00000000 	 0.00000000 	 0.00000000 	 0.00000000 	 0.00000000 	 0.00000000 	 0.00000000 	 0.00000000 	 0.00000000 	 0.00000000 	 0.00000000 	 0.00000000 	 0.00000000 	 0.00000000 	 0.00000000 	 0.00000000 	 0.00000000 	 0.00000000 	 0.00000000 	 0.00000000 	 0.00000000 	 0.00000000 	 0.00000000 	 0.00000000 	 0.00000000 	 0.00000000 	 5.99281665 	 281.53830102 	 37.69552407 	 93.06581688 	 1.17140394 	 12.44883585 	 0.25514455 	 1.29621069
2498 	 0.00000000 	 0.00000000 	 320.63649826 	 8.35184310 	 0.86760907 	 0.00000000 	 0.00000000 	 0.00000000 	 0.00000000 	 0.00000000 	 0.00000000 	 0.00000000 	 0.00000000 	 0.00000000 	 0.00000000 	 0.00000000 	 0.00000000 	 0.00000000 	 0.00000000 	 0.00000000 	 0.00000000 	 0.00000000 	 0.00000000 	 0.00000000 	 0.00000000 	 0.00000000 	 0.00000000 	 0.00000000 	 0.00000000 	 0.00000000 	 0.00000000 	 0.00000000 	 5.99281665 	 281.53830102 	 37.69552407 	 93.06581688 	 1.17140394 	 12.44883585 	 0.25514455 	 1.29621069
2499 	 0.00000000 	 0.00000000 	 320.63649826 	 8.35184310 	 0.86760907 	 0.00000000 	 0.00000000 	 0.00000000 	 0.00000000 	 0.00000000 	 0.00000000 	 0.00000000 	 0.00000000 	 0.00000000 	 0.00000000 	 0.00000000 	 0.00000000 	 0.00000000 	 0.00000000 	 0.00000000 	 0.00000000 	 0.00000000 	 0.00000000 	 0.00000000 	 0.00000000 	 0.00000000 	 0.00000000 	 0.00000000 	 0.00000000 	 0.00000000 	 0.00000000 	 0.00000000 	 5.99281665 	 281.53830102 	 37.69552407 	 93.06581688 	 1.17140394 	 12.44883585 	 0.25514455 	 1.29621069
2500 	 0.00000000 	 0.00000000 	 320.63649826 	 8.35184310 	 0.86760907 	 0.00000000 	 0.00000000 	 0.00000000 	 0.00000000 	 0.00000000 	 0.00000000 	 0.00000000 	 0.00000000 	 0.00000000 	 0.00000000 	 0.00000000 	 0.00000000 	 0.00000000 	 0.00000000 	 0.00000000 	 0.00000000 	 0.00000000 	 0.00000000 	 0.00000000 	 0.00000000 	 0.00000000 	 0.00000000 	 0.00000000 	 0.00000000 	 0.00000000 	 0.00000000 	 0.00000000 	 5.99281665 	 281.53830102 	 37.69552407 	 93.06581688 	 1.17140394 	 12.44883585 	 0.25514455 	 1.29621069
