Component	CO2 	 CH4	N2O	CFC-11	CFC-12	CFC-113	CFC-114	CFC-115	CH3Br	CCl4	CH3CCl3	HCFC-22	HCFC-141b	HCFC-123	HCFC-142b	H-1211	H-1301	H-2402	HFC125	HFC134a	HFC143a	HFC227ea	HFC23	HFC245fa	HFC32	HFC4310mee	C2F6	C6F14	CF4	SF6 
Unit 	 ppm	ppb	ppb	ppt	ppt	ppt	ppt	ppt	ppt	ppt	ppt	ppt	ppt	ppt	ppt	ppt	ppt	ppt	ppt	ppt	ppt	ppt	ppt	ppt	ppt	ppt	ppt	ppt	ppt	ppt
Description 	 fossil_fuel 	 landuse 	 total	 total	 total	 total	 total	 total	 total	 total	 total	 total	 total	 total	 total	 total	 total	 total	 total	 total	 total	 total	 total	 total	 total	 total	 total	 total	 total	 total
Reference	ssp534-over	ssp534-over	ssp534-over	ssp534-over	ssp534-over	ssp534-over	ssp534-over	ssp534-over	ssp534-over	ssp534-over	ssp534-over	ssp534-over	ssp534-over	No data	ssp534-over	ssp534-over	ssp534-over	ssp534-over	ssp534-over	ssp534-over	ssp534-over	ssp534-over	ssp534-over	ssp534-over	ssp534-over	ssp534-over	ssp534-over	ssp534-over	ssp534-over	ssp534-over
1700	276.745999654	706.0540212	272.212048848	0.0	0.0	0.0	0.0	0.0	5.29999780655	0.0250004289361	0.0	0.0	0.0	0.0	0.0	0.00444657254654	0.0	0.0	0.0	0.0	0.0	0.0	0.0	0.0	0.0	0.0	0.0	0.0	34.0499992371	0.0
1701	276.749994914	706.247004191	272.243047078	0.0	0.0	0.0	0.0	0.0	5.29999780655	0.0250004289361	0.0	0.0	0.0	0.0	0.0	0.00444657254654	0.0	0.0	0.0	0.0	0.0	0.0	0.0	0.0	0.0	0.0	0.0	0.0	34.0499992371	0.0
1702	276.757998149	706.375030518	272.26604716	0.0	0.0	0.0	0.0	0.0	5.29999780655	0.0250004289361	0.0	0.0	0.0	0.0	0.0	0.00444657254654	0.0	0.0	0.0	0.0	0.0	0.0	0.0	0.0	0.0	0.0	0.0	0.0	34.0499992371	0.0
1703	276.757001241	706.491002401	272.298047384	0.0	0.0	0.0	0.0	0.0	5.29999780655	0.0250004289361	0.0	0.0	0.0	0.0	0.0	0.00444657254654	0.0	0.0	0.0	0.0	0.0	0.0	0.0	0.0	0.0	0.0	0.0	0.0	34.0499992371	0.0
1704	276.754999797	706.602045695	272.331052144	0.0	0.0	0.0	0.0	0.0	5.29999780655	0.0250004289361	0.0	0.0	0.0	0.0	0.0	0.00444657254654	0.0	0.0	0.0	0.0	0.0	0.0	0.0	0.0	0.0	0.0	0.0	0.0	34.0499992371	0.0
1705	276.749003092	706.857014974	272.36505127	0.0	0.0	0.0	0.0	0.0	5.29999780655	0.0250004289361	0.0	0.0	0.0	0.0	0.0	0.00444657254654	0.0	0.0	0.0	0.0	0.0	0.0	0.0	0.0	0.0	0.0	0.0	0.0	34.0499992371	0.0
1706	276.743001302	707.023010254	272.387049357	0.0	0.0	0.0	0.0	0.0	5.29999780655	0.0250004289361	0.0	0.0	0.0	0.0	0.0	0.00444657254654	0.0	0.0	0.0	0.0	0.0	0.0	0.0	0.0	0.0	0.0	0.0	0.0	34.0499992371	0.0
1707	276.74499766	707.068003337	272.408050537	0.0	0.0	0.0	0.0	0.0	5.29999780655	0.0250004289361	0.0	0.0	0.0	0.0	0.0	0.00444657254654	0.0	0.0	0.0	0.0	0.0	0.0	0.0	0.0	0.0	0.0	0.0	0.0	34.0499992371	0.0
1708	276.739003499	706.967000326	272.42804718	0.0	0.0	0.0	0.0	0.0	5.29999780655	0.0250004289361	0.0	0.0	0.0	0.0	0.0	0.00444657254654	0.0	0.0	0.0	0.0	0.0	0.0	0.0	0.0	0.0	0.0	0.0	0.0	34.0499992371	0.0
1709	276.736002604	706.883031209	272.45905304	0.0	0.0	0.0	0.0	0.0	5.29999780655	0.0250004289361	0.0	0.0	0.0	0.0	0.0	0.00444657254654	0.0	0.0	0.0	0.0	0.0	0.0	0.0	0.0	0.0	0.0	0.0	0.0	34.0499992371	0.0
1710	276.740994771	706.789962769	272.489049276	0.0	0.0	0.0	0.0	0.0	5.29999780655	0.0250004289361	0.0	0.0	0.0	0.0	0.0	0.00444657254654	0.0	0.0	0.0	0.0	0.0	0.0	0.0	0.0	0.0	0.0	0.0	0.0	34.0499992371	0.0
1711	276.733004252	706.597056071	272.513051351	0.0	0.0	0.0	0.0	0.0	5.29999780655	0.0250004289361	0.0	0.0	0.0	0.0	0.0	0.00444657254654	0.0	0.0	0.0	0.0	0.0	0.0	0.0	0.0	0.0	0.0	0.0	0.0	34.0499992371	0.0
1712	276.731002808	706.630986532	272.539044698	0.0	0.0	0.0	0.0	0.0	5.29999780655	0.0250004289361	0.0	0.0	0.0	0.0	0.0	0.00444657254654	0.0	0.0	0.0	0.0	0.0	0.0	0.0	0.0	0.0	0.0	0.0	0.0	34.0499992371	0.0
1713	276.724998474	706.62004598	272.567047119	0.0	0.0	0.0	0.0	0.0	5.29999780655	0.0250004289361	0.0	0.0	0.0	0.0	0.0	0.00444657254654	0.0	0.0	0.0	0.0	0.0	0.0	0.0	0.0	0.0	0.0	0.0	0.0	34.0499992371	0.0
1714	276.722999573	706.669987996	272.600046794	0.0	0.0	0.0	0.0	0.0	5.29999780655	0.0250004289361	0.0	0.0	0.0	0.0	0.0	0.00444657254654	0.0	0.0	0.0	0.0	0.0	0.0	0.0	0.0	0.0	0.0	0.0	0.0	34.0499992371	0.0
1715	276.717000326	706.629043579	272.629048665	0.0	0.0	0.0	0.0	0.0	5.29999780655	0.0250004289361	0.0	0.0	0.0	0.0	0.0	0.00444657254654	0.0	0.0	0.0	0.0	0.0	0.0	0.0	0.0	0.0	0.0	0.0	0.0	34.0499992371	0.0
1716	276.715998332	706.729014079	272.659049988	0.0	0.0	0.0	0.0	0.0	5.29999780655	0.0250004289361	0.0	0.0	0.0	0.0	0.0	0.00444657254654	0.0	0.0	0.0	0.0	0.0	0.0	0.0	0.0	0.0	0.0	0.0	0.0	34.0499992371	0.0
1717	276.716997782	706.861058553	272.695050557	0.0	0.0	0.0	0.0	0.0	5.29999780655	0.0250004289361	0.0	0.0	0.0	0.0	0.0	0.00444657254654	0.0	0.0	0.0	0.0	0.0	0.0	0.0	0.0	0.0	0.0	0.0	0.0	34.0499992371	0.0
1718	276.709999084	707.174041748	272.732050578	0.0	0.0	0.0	0.0	0.0	5.29999780655	0.0250004289361	0.0	0.0	0.0	0.0	0.0	0.00444657254654	0.0	0.0	0.0	0.0	0.0	0.0	0.0	0.0	0.0	0.0	0.0	0.0	34.0499992371	0.0
1719	276.706003825	707.534011841	272.778055827	0.0	0.0	0.0	0.0	0.0	5.29999780655	0.0250004289361	0.0	0.0	0.0	0.0	0.0	0.00444657254654	0.0	0.0	0.0	0.0	0.0	0.0	0.0	0.0	0.0	0.0	0.0	0.0	34.0499992371	0.0
1720	276.694999695	707.630966187	272.815048218	0.0	0.0	0.0	0.0	0.0	5.29999780655	0.0250004289361	0.0	0.0	0.0	0.0	0.0	0.00444657254654	0.0	0.0	0.0	0.0	0.0	0.0	0.0	0.0	0.0	0.0	0.0	0.0	34.0499992371	0.0
1721	276.697998047	707.544128418	272.863049825	0.0	0.0	0.0	0.0	0.0	5.29999780655	0.0250004289361	0.0	0.0	0.0	0.0	0.0	0.00444657254654	0.0	0.0	0.0	0.0	0.0	0.0	0.0	0.0	0.0	0.0	0.0	0.0	34.0499992371	0.0
1722	276.700998942	708.448226929	272.899045308	0.0	0.0	0.0	0.0	0.0	5.29999780655	0.0250004289361	0.0	0.0	0.0	0.0	0.0	0.00444657254654	0.0	0.0	0.0	0.0	0.0	0.0	0.0	0.0	0.0	0.0	0.0	0.0	34.0499992371	0.0
1723	276.699994405	710.334014893	272.949050903	0.0	0.0	0.0	0.0	0.0	5.29999780655	0.0250004289361	0.0	0.0	0.0	0.0	0.0	0.00444657254654	0.0	0.0	0.0	0.0	0.0	0.0	0.0	0.0	0.0	0.0	0.0	0.0	34.0499992371	0.0
1724	276.70799764	711.864064535	272.983050028	0.0	0.0	0.0	0.0	0.0	5.29999780655	0.0250004289361	0.0	0.0	0.0	0.0	0.0	0.00444657254654	0.0	0.0	0.0	0.0	0.0	0.0	0.0	0.0	0.0	0.0	0.0	0.0	34.0499992371	0.0
1725	276.717997233	713.037002563	273.029047648	0.0	0.0	0.0	0.0	0.0	5.29999780655	0.0250004289361	0.0	0.0	0.0	0.0	0.0	0.00444657254654	0.0	0.0	0.0	0.0	0.0	0.0	0.0	0.0	0.0	0.0	0.0	0.0	34.0499992371	0.0
1726	276.718996684	714.031158447	273.066045125	0.0	0.0	0.0	0.0	0.0	5.29999780655	0.0250004289361	0.0	0.0	0.0	0.0	0.0	0.00444657254654	0.0	0.0	0.0	0.0	0.0	0.0	0.0	0.0	0.0	0.0	0.0	0.0	34.0499992371	0.0
1727	276.711997986	715.513020833	273.110054016	0.0	0.0	0.0	0.0	0.0	5.29999780655	0.0250004289361	0.0	0.0	0.0	0.0	0.0	0.00444657254654	0.0	0.0	0.0	0.0	0.0	0.0	0.0	0.0	0.0	0.0	0.0	0.0	34.0499992371	0.0
1728	276.706998189	716.672032674	273.150049845	0.0	0.0	0.0	0.0	0.0	5.29999780655	0.0250004289361	0.0	0.0	0.0	0.0	0.0	0.00444657254654	0.0	0.0	0.0	0.0	0.0	0.0	0.0	0.0	0.0	0.0	0.0	0.0	34.0499992371	0.0
1729	276.714996338	717.805206299	273.19304657	0.0	0.0	0.0	0.0	0.0	5.29999780655	0.0250004289361	0.0	0.0	0.0	0.0	0.0	0.00444657254654	0.0	0.0	0.0	0.0	0.0	0.0	0.0	0.0	0.0	0.0	0.0	0.0	34.0499992371	0.0
1730	276.723002116	719.64205424	273.238047282	0.0	0.0	0.0	0.0	0.0	5.29999780655	0.0250004289361	0.0	0.0	0.0	0.0	0.0	0.00444657254654	0.0	0.0	0.0	0.0	0.0	0.0	0.0	0.0	0.0	0.0	0.0	0.0	34.0499992371	0.0
1731	276.729998271	721.395095825	273.279050191	0.0	0.0	0.0	0.0	0.0	5.29999780655	0.0250004289361	0.0	0.0	0.0	0.0	0.0	0.00444657254654	0.0	0.0	0.0	0.0	0.0	0.0	0.0	0.0	0.0	0.0	0.0	0.0	34.0499992371	0.0
1732	276.732999166	722.884913127	273.315048218	0.0	0.0	0.0	0.0	0.0	5.29999780655	0.0250004289361	0.0	0.0	0.0	0.0	0.0	0.00444657254654	0.0	0.0	0.0	0.0	0.0	0.0	0.0	0.0	0.0	0.0	0.0	0.0	34.0499992371	0.0
1733	276.738998413	723.513046265	273.351048787	0.0	0.0	0.0	0.0	0.0	5.29999780655	0.0250004289361	0.0	0.0	0.0	0.0	0.0	0.00444657254654	0.0	0.0	0.0	0.0	0.0	0.0	0.0	0.0	0.0	0.0	0.0	0.0	34.0499992371	0.0
1734	276.752998352	723.76288859	273.391049703	0.0	0.0	0.0	0.0	0.0	5.29999780655	0.0250004289361	0.0	0.0	0.0	0.0	0.0	0.00444657254654	0.0	0.0	0.0	0.0	0.0	0.0	0.0	0.0	0.0	0.0	0.0	0.0	34.0499992371	0.0
1735	276.759999593	723.035914103	273.425051371	0.0	0.0	0.0	0.0	0.0	5.29999780655	0.0250004289361	0.0	0.0	0.0	0.0	0.0	0.00444657254654	0.0	0.0	0.0	0.0	0.0	0.0	0.0	0.0	0.0	0.0	0.0	0.0	34.0499992371	0.0
1736	276.773000081	722.043106079	273.460044861	0.0	0.0	0.0	0.0	0.0	5.29999780655	0.0250004289361	0.0	0.0	0.0	0.0	0.0	0.00444657254654	0.0	0.0	0.0	0.0	0.0	0.0	0.0	0.0	0.0	0.0	0.0	0.0	34.0499992371	0.0
1737	276.790000916	721.684946696	273.494049072	0.0	0.0	0.0	0.0	0.0	5.29999780655	0.0250004289361	0.0	0.0	0.0	0.0	0.0	0.00444657254654	0.0	0.0	0.0	0.0	0.0	0.0	0.0	0.0	0.0	0.0	0.0	0.0	34.0499992371	0.0
1738	276.81199646	721.378112793	273.527056376	0.0	0.0	0.0	0.0	0.0	5.29999780655	0.0250004289361	0.0	0.0	0.0	0.0	0.0	0.00444657254654	0.0	0.0	0.0	0.0	0.0	0.0	0.0	0.0	0.0	0.0	0.0	0.0	34.0499992371	0.0
1739	276.834999084	721.650024414	273.566052755	0.0	0.0	0.0	0.0	0.0	5.29999780655	0.0250004289361	0.0	0.0	0.0	0.0	0.0	0.00444657254654	0.0	0.0	0.0	0.0	0.0	0.0	0.0	0.0	0.0	0.0	0.0	0.0	34.0499992371	0.0
1740	276.855000814	722.161112467	273.602045695	0.0	0.0	0.0	0.0	0.0	5.29999780655	0.0250004289361	0.0	0.0	0.0	0.0	0.0	0.00444657254654	0.0	0.0	0.0	0.0	0.0	0.0	0.0	0.0	0.0	0.0	0.0	0.0	34.0499992371	0.0
1741	276.875994364	723.133071899	273.634051005	0.0	0.0	0.0	0.0	0.0	5.29999780655	0.0250004289361	0.0	0.0	0.0	0.0	0.0	0.00444657254654	0.0	0.0	0.0	0.0	0.0	0.0	0.0	0.0	0.0	0.0	0.0	0.0	34.0499992371	0.0
1742	276.901000977	724.37512207	273.667048136	0.0	0.0	0.0	0.0	0.0	5.29999780655	0.0250004289361	0.0	0.0	0.0	0.0	0.0	0.00444657254654	0.0	0.0	0.0	0.0	0.0	0.0	0.0	0.0	0.0	0.0	0.0	0.0	34.0499992371	0.0
1743	276.926002502	725.917048136	273.695050557	0.0	0.0	0.0	0.0	0.0	5.29999780655	0.0250004289361	0.0	0.0	0.0	0.0	0.0	0.00444657254654	0.0	0.0	0.0	0.0	0.0	0.0	0.0	0.0	0.0	0.0	0.0	0.0	34.0499992371	0.0
1744	276.953005473	727.300059001	273.727048238	0.0	0.0	0.0	0.0	0.0	5.29999780655	0.0250004289361	0.0	0.0	0.0	0.0	0.0	0.00444657254654	0.0	0.0	0.0	0.0	0.0	0.0	0.0	0.0	0.0	0.0	0.0	0.0	34.0499992371	0.0
1745	276.985997518	728.618087769	273.754048665	0.0	0.0	0.0	0.0	0.0	5.29999780655	0.0250004289361	0.0	0.0	0.0	0.0	0.0	0.00444657254654	0.0	0.0	0.0	0.0	0.0	0.0	0.0	0.0	0.0	0.0	0.0	0.0	34.0499992371	0.0
1746	277.013999939	729.704874674	273.785044352	0.0	0.0	0.0	0.0	0.0	5.29999780655	0.0250004289361	0.0	0.0	0.0	0.0	0.0	0.00444657254654	0.0	0.0	0.0	0.0	0.0	0.0	0.0	0.0	0.0	0.0	0.0	0.0	34.0499992371	0.0
1747	277.043998718	729.832082113	273.802047729	0.0	0.0	0.0	0.0	0.0	5.29999780655	0.0250004289361	0.0	0.0	0.0	0.0	0.0	0.00444657254654	0.0	0.0	0.0	0.0	0.0	0.0	0.0	0.0	0.0	0.0	0.0	0.0	34.0499992371	0.0
1748	277.079999288	730.233098348	273.817049662	0.0	0.0	0.0	0.0	0.0	5.29999780655	0.0250004289361	0.0	0.0	0.0	0.0	0.0	0.00444657254654	0.0	0.0	0.0	0.0	0.0	0.0	0.0	0.0	0.0	0.0	0.0	0.0	34.0499992371	0.0
1749	277.10900116	730.97698466	273.833045959	0.0	0.0	0.0	0.0	0.0	5.29999780655	0.0250004289361	0.0	0.0	0.0	0.0	0.0	0.00444657254654	0.0	0.0	0.0	0.0	0.0	0.0	0.0	0.0	0.0	0.0	0.0	0.0	34.0499992371	0.0
1750	277.147003174	731.405995687	273.86505127	0.0	0.0	0.0	0.0	0.0	5.29999780655	0.0250004289361	0.0	0.0	0.0	0.0	0.0	0.00444657254654	0.0	0.0	0.0	0.0	0.0	0.0	0.0	0.0	0.0	0.0	0.0	0.0	34.0499992371	0.0
1751	277.188000997	731.838165283	273.894055684	0.0	0.0	0.0	0.0	0.0	5.29999780655	0.0250004289361	0.0	0.0	0.0	0.0	0.0	0.00444657254654	0.0	0.0	0.0	0.0	0.0	0.0	0.0	0.0	0.0	0.0	0.0	0.0	34.0499992371	0.0
1752	277.229001363	732.899973551	273.927055359	0.0	0.0	0.0	0.0	0.0	5.29999780655	0.0250004289361	0.0	0.0	0.0	0.0	0.0	0.00444657254654	0.0	0.0	0.0	0.0	0.0	0.0	0.0	0.0	0.0	0.0	0.0	0.0	34.0499992371	0.0
1753	277.263000488	733.634038289	273.973055522	0.0	0.0	0.0	0.0	0.0	5.29999780655	0.0250004289361	0.0	0.0	0.0	0.0	0.0	0.00444657254654	0.0	0.0	0.0	0.0	0.0	0.0	0.0	0.0	0.0	0.0	0.0	0.0	34.0499992371	0.0
1754	277.304003398	734.202021281	274.016044617	0.0	0.0	0.0	0.0	0.0	5.29999780655	0.0250004289361	0.0	0.0	0.0	0.0	0.0	0.00444657254654	0.0	0.0	0.0	0.0	0.0	0.0	0.0	0.0	0.0	0.0	0.0	0.0	34.0499992371	0.0
1755	277.351003011	734.736078898	274.051043193	0.0	0.0	0.0	0.0	0.0	5.29999780655	0.0250004289361	0.0	0.0	0.0	0.0	0.0	0.00444657254654	0.0	0.0	0.0	0.0	0.0	0.0	0.0	0.0	0.0	0.0	0.0	0.0	34.0499992371	0.0
1756	277.388999939	735.421000163	274.0790507	0.0	0.0	0.0	0.0	0.0	5.29999780655	0.0250004289361	0.0	0.0	0.0	0.0	0.0	0.00444657254654	0.0	0.0	0.0	0.0	0.0	0.0	0.0	0.0	0.0	0.0	0.0	0.0	34.0499992371	0.0
1757	277.4419988	735.893030802	274.096051534	0.0	0.0	0.0	0.0	0.0	5.29999780655	0.0250004289361	0.0	0.0	0.0	0.0	0.0	0.00444657254654	0.0	0.0	0.0	0.0	0.0	0.0	0.0	0.0	0.0	0.0	0.0	0.0	34.0499992371	0.0
1758	277.489000956	736.206995646	274.129046122	0.0	0.0	0.0	0.0	0.0	5.29999780655	0.0250004289361	0.0	0.0	0.0	0.0	0.0	0.00444657254654	0.0	0.0	0.0	0.0	0.0	0.0	0.0	0.0	0.0	0.0	0.0	0.0	34.0499992371	0.0
1759	277.539998372	736.098887126	274.165046692	0.0	0.0	0.0	0.0	0.0	5.29999780655	0.0250004289361	0.0	0.0	0.0	0.0	0.0	0.00444657254654	0.0	0.0	0.0	0.0	0.0	0.0	0.0	0.0	0.0	0.0	0.0	0.0	34.0499992371	0.0
1760	277.605003357	735.484171549	274.193051656	0.0	0.0	0.0	0.0	0.0	5.29999780655	0.0250004289361	0.0	0.0	0.0	0.0	0.0	0.00444657254654	0.0	0.0	0.0	0.0	0.0	0.0	0.0	0.0	0.0	0.0	0.0	0.0	34.0499992371	0.0
1761	277.663998922	735.763020833	274.222050985	0.0	0.0	0.0	0.0	0.0	5.29999780655	0.0250004289361	0.0	0.0	0.0	0.0	0.0	0.00444657254654	0.0	0.0	0.0	0.0	0.0	0.0	0.0	0.0	0.0	0.0	0.0	0.0	34.0499992371	0.0
1762	277.732002258	736.303105672	274.250048319	0.0	0.0	0.0	0.0	0.0	5.29999780655	0.0250004289361	0.0	0.0	0.0	0.0	0.0	0.00444657254654	0.0	0.0	0.0	0.0	0.0	0.0	0.0	0.0	0.0	0.0	0.0	0.0	34.0499992371	0.0
1763	277.79599762	737.181040446	274.302055359	0.0	0.0	0.0	0.0	0.0	5.29999780655	0.0250004289361	0.0	0.0	0.0	0.0	0.0	0.00444657254654	0.0	0.0	0.0	0.0	0.0	0.0	0.0	0.0	0.0	0.0	0.0	0.0	34.0499992371	0.0
1764	277.859003703	738.103062948	274.340049744	0.0	0.0	0.0	0.0	0.0	5.29999780655	0.0250004289361	0.0	0.0	0.0	0.0	0.0	0.00444657254654	0.0	0.0	0.0	0.0	0.0	5.7454995761e-09	0.0	0.0	3.17425728369e-07	0.0	0.0	0.0	34.0499992371	0.0
1765	277.912999471	738.986038208	274.372047424	0.0	0.0	0.0	0.0	0.0	5.29999780655	0.0250004289361	0.0	0.0	0.0	0.0	0.0	0.00444657254654	0.0	0.0	0.0	0.0	0.0	4.59639985332e-08	0.0	0.0	2.53940579379e-06	0.0	0.0	0.0	34.0499992371	0.0
1766	277.958000183	739.831085205	274.392051697	0.0	0.0	0.0	0.0	0.0	5.29999780655	0.0250004289361	0.0	0.0	0.0	0.0	0.0	0.00444657254654	0.0	0.0	0.0	0.0	0.0	9.19279958822e-08	0.0	0.0	5.07881145495e-06	0.0	0.0	0.0	34.0499992371	0.0
1767	278.016998291	740.728983561	274.426050822	0.0	0.0	0.0	0.0	0.0	5.29999780655	0.0250004289361	0.0	0.0	0.0	0.0	0.0	0.00444657254654	0.0	0.0	0.0	0.0	0.0	1.37891994711e-07	0.0	0.0	7.61821718243e-06	0.0	0.0	0.0	34.0499992371	0.0
1768	278.0779953	741.222056071	274.447046916	0.0	0.0	0.0	0.0	0.0	5.29999780655	0.0250004289361	0.0	0.0	0.0	0.0	0.0	0.00444657254654	0.0	0.0	0.0	0.0	0.0	1.83855991764e-07	0.0	0.0	1.01576229099e-05	0.0	0.0	0.0	34.0499992371	0.0
1769	278.135004679	741.747049967	274.468050639	0.0	0.0	0.0	0.0	0.0	5.29999780655	0.0250004289361	0.0	0.0	0.0	0.0	0.0	0.00444657254654	0.0	0.0	0.0	0.0	0.0	2.29819990002e-07	0.0	0.0	1.26970287511e-05	0.0	0.0	0.0	34.0499992371	0.0
1770	278.193997701	742.301015218	274.495048523	0.0	0.0	0.0	0.0	0.0	5.29999780655	0.0250004289361	0.0	0.0	0.0	0.0	0.0	0.00444657254654	0.0	0.0	0.0	0.0	0.0	2.75783989423e-07	0.0	0.0	1.52364345164e-05	0.0	0.0	0.0	34.0499992371	0.0
1771	278.270001729	742.871164958	274.513051351	0.0	0.0	0.0	0.0	0.0	5.29999780655	0.0250004289361	0.0	0.0	0.0	0.0	0.0	0.00444657254654	0.0	0.0	0.0	0.0	0.0	3.21747985292e-07	0.0	0.0	1.7775840206e-05	0.0	0.0	0.0	34.0499992371	0.0
1772	278.333999634	744.018966675	274.531049093	0.0	0.0	0.0	0.0	0.0	5.29999780655	0.0250004289361	0.0	0.0	0.0	0.0	0.0	0.00444657254654	0.0	0.0	0.0	0.0	0.0	3.67711985897e-07	0.0	0.0	2.03152459714e-05	0.0	0.0	0.0	34.0499992371	0.0
1773	278.411994934	744.662984212	274.547050476	0.0	0.0	0.0	0.0	0.0	5.29999780655	0.0250004289361	0.0	0.0	0.0	0.0	0.0	0.00444657254654	0.0	0.0	0.0	0.0	0.0	4.13675979397e-07	0.0	0.0	2.28546518883e-05	0.0	0.0	0.0	34.0499992371	0.0
1774	278.490999858	744.878072103	274.565045675	0.0	0.0	0.0	0.0	0.0	5.29999780655	0.0250004289361	0.0	0.0	0.0	0.0	0.0	0.00444657254654	0.0	0.0	0.0	0.0	0.0	4.5963998474e-07	0.0	0.0	2.53940575021e-05	0.0	0.0	0.0	34.0499992371	0.0
1775	278.586003621	745.367060343	274.579045614	0.0	0.0	0.0	0.0	0.0	5.29999780655	0.0250004289361	0.0	0.0	0.0	0.0	0.0	0.00444657254654	0.0	0.0	0.0	0.0	0.0	5.05603973503e-07	0.0	0.0	2.79334631159e-05	0.0	0.0	0.0	34.0499992371	0.0
1776	278.682998657	746.048070272	274.594047546	0.0	0.0	0.0	0.0	0.0	5.29999780655	0.0250004289361	0.0	0.0	0.0	0.0	0.0	0.00444657254654	0.0	0.0	0.0	0.0	0.0	5.51567974109e-07	0.0	0.0	3.04728691845e-05	0.0	0.0	0.0	34.0499992371	0.0
1777	278.773996989	746.736918132	274.606048584	0.0	0.0	0.0	0.0	0.0	5.29999780655	0.0250004289361	0.0	0.0	0.0	0.0	0.0	0.00444657254654	0.0	0.0	0.0	0.0	0.0	5.97531974715e-07	0.0	0.0	3.30122747982e-05	0.0	0.0	0.0	34.0499992371	0.0
1778	278.865999858	746.751057943	274.618047078	0.0	0.0	0.0	0.0	0.0	5.29999780655	0.0250004289361	0.0	0.0	0.0	0.0	0.0	0.00444657254654	0.0	0.0	0.0	0.0	0.0	6.4349597532e-07	0.0	0.0	3.5551680412e-05	0.0	0.0	0.0	34.0499992371	0.0
1779	278.959002177	746.907023112	274.629048665	0.0	0.0	0.0	0.0	0.0	5.29999780655	0.0250004289361	0.0	0.0	0.0	0.0	0.0	0.00444657254654	0.0	0.0	0.0	0.0	0.0	6.89459966452e-07	0.0	0.0	3.8091086329e-05	0.0	0.0	0.0	34.0499992371	0.0
1780	279.054003398	747.231063843	274.639050802	0.0	0.0	0.0	0.0	0.0	5.29999780655	0.0250004289361	0.0	0.0	0.0	0.0	0.0	0.00444657254654	0.0	0.0	0.0	0.0	0.0	7.35423962321e-07	0.0	0.0	4.06304922459e-05	0.0	0.0	0.0	34.0499992371	0.0
1781	279.144999186	747.76604716	274.647046407	0.0	0.0	0.0	0.0	0.0	5.29999780655	0.0250004289361	0.0	0.0	0.0	0.0	0.0	0.00444657254654	0.0	0.0	0.0	0.0	0.0	7.81387962926e-07	0.0	0.0	4.31698975566e-05	0.0	0.0	0.0	34.0499992371	0.0
1782	279.243001302	748.290018717	274.654047648	0.0	0.0	0.0	0.0	0.0	5.29999780655	0.0250004289361	0.0	0.0	0.0	0.0	0.0	0.00444657254654	0.0	0.0	0.0	0.0	0.0	8.27351963532e-07	0.0	0.0	4.57093037767e-05	0.0	0.0	0.0	34.0499992371	0.0
1783	279.339998881	748.627029419	274.658050537	0.0	0.0	0.0	0.0	0.0	5.29999780655	0.0250004289361	0.0	0.0	0.0	0.0	0.0	0.00444657254654	0.0	0.0	0.0	0.0	0.0	8.73315964138e-07	0.0	0.0	4.82487090873e-05	0.0	0.0	0.0	34.0499992371	0.0
1784	279.434000651	748.934026082	274.664054871	0.0	0.0	0.0	0.0	0.0	5.29999780655	0.0250004289361	0.0	0.0	0.0	0.0	0.0	0.00444657254654	0.0	0.0	0.0	0.0	0.0	9.19279955269e-07	0.0	0.0	5.07881153074e-05	0.0	0.0	0.0	34.0499992371	0.0
1785	279.532002767	749.252039591	274.669049581	0.0	0.0	0.0	0.0	0.0	5.29999780655	0.0250004289361	0.0	0.0	0.0	0.0	0.0	0.00444657254654	0.0	0.0	0.0	0.0	0.0	9.65243974823e-07	0.0	0.0	5.33275203149e-05	0.0	0.0	0.0	34.0499992371	0.0
1786	279.629000346	749.563980103	274.676053365	0.0	0.0	0.0	0.0	0.0	5.29999780655	0.0250004289361	0.0	0.0	0.0	0.0	0.0	0.00444657254654	0.0	0.0	0.0	0.0	0.0	1.01120792806e-06	0.0	0.0	5.58669268382e-05	0.0	0.0	0.0	34.0499992371	0.0
1787	279.729001363	749.669082642	274.67804718	0.0	0.0	0.0	0.0	0.0	5.29999780655	0.0250004289361	0.0	0.0	0.0	0.0	0.0	0.00444657254654	0.0	0.0	0.0	0.0	0.0	1.0571719713e-06	0.0	0.0	5.84063321488e-05	0.0	0.0	0.0	34.0499992371	0.0
1788	279.830998739	750.161020915	274.677047729	0.0	0.0	0.0	0.0	0.0	5.29999780655	0.0250004289361	0.0	0.0	0.0	0.0	0.0	0.00444657254654	0.0	0.0	0.0	0.0	0.0	1.10313593874e-06	0.0	0.0	6.09457383689e-05	0.0	0.0	0.0	34.0499992371	0.0
1789	279.932998657	750.64704895	274.678052266	0.0	0.0	0.0	0.0	0.0	5.29999780655	0.0250004289361	0.0	0.0	0.0	0.0	0.0	0.00444657254654	0.0	0.0	0.0	0.0	0.0	1.14909994409e-06	0.0	0.0	6.34851433764e-05	0.0	0.0	0.0	34.0499992371	0.0
1790	280.037002563	751.164037069	274.677052816	0.0	0.0	0.0	0.0	0.0	5.29999780655	0.0250004289361	0.0	0.0	0.0	0.0	0.0	0.00444657254654	0.0	0.0	0.0	0.0	0.0	1.19506396838e-06	0.0	0.0	6.60245495965e-05	0.0	0.0	0.0	34.0499992371	0.0
1791	280.14099884	751.708053589	274.674046834	0.0	0.0	0.0	0.0	0.0	5.29999780655	0.0250004289361	0.0	0.0	0.0	0.0	0.0	0.00444657254654	0.0	0.0	0.0	0.0	0.0	1.24102791688e-06	0.0	0.0	6.85639552103e-05	0.0	0.0	0.0	34.0499992371	0.0
1792	280.240997314	752.278015137	274.674046834	0.0	0.0	0.0	0.0	0.0	5.29999780655	0.0250004289361	0.0	0.0	0.0	0.0	0.0	0.00444657254654	0.0	0.0	0.0	0.0	0.0	1.28699196011e-06	0.0	0.0	7.11033614304e-05	0.0	0.0	0.0	34.0499992371	0.0
1793	280.331998189	752.682067871	274.659052531	0.0	0.0	0.0	0.0	0.0	5.29999780655	0.0250004289361	0.0	0.0	0.0	0.0	0.0	0.00444657254654	0.0	0.0	0.0	0.0	0.0	1.33295592756e-06	0.0	0.0	7.36427664378e-05	0.0	0.0	0.0	34.0499992371	0.0
1794	280.415000916	753.252044678	274.64805603	0.0	0.0	0.0	0.0	0.0	5.29999780655	0.0250004289361	0.0	0.0	0.0	0.0	0.0	0.00444657254654	0.0	0.0	0.0	0.0	0.0	1.3789199329e-06	0.0	0.0	7.6182172658e-05	0.0	0.0	0.0	34.0499992371	0.0
1795	280.491996765	753.841064453	274.631052653	0.0	0.0	0.0	0.0	0.0	5.29999780655	0.0250004289361	0.0	0.0	0.0	0.0	0.0	0.00444657254654	0.0	0.0	0.0	0.0	0.0	1.42488395719e-06	0.0	0.0	7.87215782717e-05	0.0	0.0	0.0	34.0499992371	0.0
1796	280.554995219	754.518051147	274.615053813	0.0	0.0	0.0	0.0	0.0	5.29999780655	0.0250004289361	0.0	0.0	0.0	0.0	0.0	0.00444657254654	0.0	0.0	0.0	0.0	0.0	1.47084790569e-06	0.0	0.0	8.12609844919e-05	0.0	0.0	0.0	34.0499992371	0.0
1797	280.623001099	755.256072998	274.601053874	0.0	0.0	0.0	0.0	0.0	5.29999780655	0.0250004289361	0.0	0.0	0.0	0.0	0.0	0.00444657254654	0.0	0.0	0.0	0.0	0.0	1.51681194893e-06	0.0	0.0	8.38003894993e-05	0.0	0.0	0.0	34.0499992371	0.0
1798	280.682004293	756.113047282	274.58405304	0.0	0.0	0.0	0.0	0.0	5.29999780655	0.0250004289361	0.0	0.0	0.0	0.0	0.0	0.00444657254654	0.0	0.0	0.0	0.0	0.0	1.56277592585e-06	0.0	0.0	8.63397957194e-05	0.0	0.0	0.0	34.0499992371	0.0
1799	280.752998352	756.942047119	274.570048014	0.0	0.0	0.0	0.0	0.0	5.29999780655	0.0250004289361	0.0	0.0	0.0	0.0	0.0	0.00444657254654	0.0	0.0	0.0	0.0	0.0	1.60873992172e-06	0.0	0.0	8.88792013332e-05	0.0	0.0	0.0	34.0499992371	0.0
1800	280.833997091	757.762049357	274.547050476	0.0	0.0	0.0	0.0	0.0	5.29999780655	0.0250004289361	0.0	0.0	0.0	0.0	0.0	0.00444657254654	0.0	0.0	0.0	0.0	0.0	1.65470395549e-06	0.0	0.0	9.1418606947e-05	0.0	0.0	0.0	34.0499992371	0.0
1801	280.918998718	758.584060669	274.532051086	0.0	0.0	0.0	0.0	0.0	5.29999780655	0.0250004289361	0.0	0.0	0.0	0.0	0.0	0.00444657254654	0.0	0.0	0.0	0.0	0.0	1.70066789451e-06	0.0	0.0	9.39580125608e-05	0.0	0.0	0.0	34.0499992371	0.0
1802	280.993995667	759.507069906	274.523050944	0.0	0.0	0.0	0.0	0.0	5.29999780655	0.0250004289361	0.0	0.0	0.0	0.0	0.0	0.00444657254654	0.0	0.0	0.0	0.0	0.0	1.74663193775e-06	0.0	0.0	9.64974187809e-05	0.0	0.0	0.0	34.0499992371	0.0
1803	281.072995504	760.508046468	274.505050659	0.0	0.0	0.0	0.0	0.0	5.29999780655	0.0250004289361	0.0	0.0	0.0	0.0	0.0	0.00444657254654	0.0	0.0	0.0	0.0	0.0	1.79259591467e-06	0.0	0.0	9.90368243947e-05	0.0	0.0	0.0	34.0499992371	0.0
1804	281.156997681	761.541081746	274.486048381	0.0	0.0	0.0	0.0	0.0	5.29999780655	0.0250004289361	0.0	0.0	0.0	0.0	0.0	0.00444657254654	0.0	0.0	0.0	0.0	0.0	1.83855991054e-06	0.0	0.0	0.000101576230009	0.0	0.0	0.0	34.0499992371	0.0
1805	281.233996073	762.671056112	274.466046651	0.0	0.0	0.0	0.0	0.0	5.29999780655	0.0250004289361	0.0	0.0	0.0	0.0	0.0	0.00444657254654	0.0	0.0	0.0	0.0	0.0	1.8845239443e-06	0.0	0.0	0.000104115635622	0.0	0.0	0.0	34.0499992371	0.0
1806	281.322001139	763.799077352	274.447052002	0.0	0.0	0.0	0.0	0.0	5.29999780655	0.0250004289361	0.0	0.0	0.0	0.0	0.0	0.00444657254654	0.0	0.0	0.0	0.0	0.0	1.93048799702e-06	0.0	0.0	0.000106655041842	0.0	0.0	0.0	34.0499992371	0.0
1807	281.409001668	765.022079468	274.42804718	0.0	0.0	0.0	0.0	0.0	5.29999780655	0.0250004289361	0.0	0.0	0.0	0.0	0.0	0.00444657254654	0.0	0.0	0.0	0.0	0.0	1.97645185078e-06	0.0	0.0	0.000109194447456	0.0	0.0	0.0	34.0499992371	0.0
1808	281.495999654	766.319081624	274.411051432	0.0	0.0	0.0	0.0	0.0	5.29999780655	0.0250004289361	0.0	0.0	0.0	0.0	0.0	0.00444657254654	0.0	0.0	0.0	0.0	0.0	2.02241585612e-06	0.0	0.0	0.000111733852464	0.0	0.0	0.0	34.0499992371	0.0
1809	281.565996806	767.65508016	274.383054097	0.0	0.0	0.0	0.0	0.0	5.29999780655	0.0250004289361	0.0	0.0	0.0	0.0	0.0	0.00444657254654	0.0	0.0	0.0	0.0	0.0	2.06837989936e-06	0.0	0.0	0.00011427325929	0.0	0.0	0.0	34.0499992371	0.0
1810	281.648002625	769.147115072	274.360046387	0.0	0.0	0.0	0.0	0.0	5.29999780655	0.0250004289361	0.0	0.0	0.0	0.0	0.0	0.00444657254654	0.0	0.0	0.0	0.0	0.0	2.11434394259e-06	0.0	0.0	0.000116812664298	0.0	0.0	0.0	34.0499992371	0.0
1811	281.717997233	770.718043009	274.334047953	0.0	0.0	0.0	0.0	0.0	5.29999780655	0.0250004289361	0.0	0.0	0.0	0.0	0.0	0.00444657254654	0.0	0.0	0.0	0.0	0.0	2.16030798583e-06	0.0	0.0	0.000119352070518	0.0	0.0	0.0	34.0499992371	0.0
1812	281.789998372	772.210118612	274.304051717	0.0	0.0	0.0	0.0	0.0	5.29999780655	0.0250004289361	0.0	0.0	0.0	0.0	0.0	0.00444657254654	0.0	0.0	0.0	0.0	0.0	2.20627183959e-06	0.0	0.0	0.000121891475525	0.0	0.0	0.0	34.0499992371	0.0
1813	281.858001709	773.700993856	274.267051697	0.0	0.0	0.0	0.0	0.0	5.29999780655	0.0250004289361	0.0	0.0	0.0	0.0	0.0	0.00444657254654	0.0	0.0	0.0	0.0	0.0	2.25223584494e-06	0.0	0.0	0.000124430881745	0.0	0.0	0.0	34.0499992371	0.0
1814	281.931004842	774.828135173	274.231048584	0.0	0.0	0.0	0.0	0.0	5.29999780655	0.0250004289361	0.0	0.0	0.0	0.0	0.0	0.00444657254654	0.0	0.0	0.0	0.0	0.0	2.29819988817e-06	0.0	0.0	0.000126970287965	0.0	0.0	0.0	34.0499992371	0.0
1815	281.991996765	776.140019735	274.181050618	0.0	0.0	0.0	0.0	0.0	5.29999780655	0.0250004289361	0.0	0.0	0.0	0.0	0.0	0.00444657254654	0.0	0.0	0.0	0.0	0.0	2.34416393141e-06	0.0	0.0	0.000129509692973	0.0	0.0	0.0	34.0499992371	0.0
1816	282.059000651	777.380157471	274.143051147	0.0	0.0	0.0	0.0	0.0	5.29999780655	0.0250004289361	0.0	0.0	0.0	0.0	0.0	0.00444657254654	0.0	0.0	0.0	0.0	0.0	2.39012797465e-06	0.0	0.0	0.000132049099193	0.0	0.0	0.0	34.0499992371	0.0
1817	282.127001444	778.991032918	274.107055664	0.0	0.0	0.0	0.0	0.0	5.29999780655	0.0250004289361	0.0	0.0	0.0	0.0	0.0	0.00444657254654	0.0	0.0	0.0	0.0	0.0	2.43609182841e-06	0.0	0.0	0.000134588505413	0.0	0.0	0.0	34.0499992371	0.0
1818	282.199999491	780.303049723	274.071050008	0.0	0.0	0.0	0.0	0.0	5.29999780655	0.0250004289361	0.0	0.0	0.0	0.0	0.0	0.00444657254654	0.0	0.0	0.0	0.0	0.0	2.48205583375e-06	0.0	0.0	0.000137127909208	0.0	0.0	0.0	34.0499992371	0.0
1819	282.272005717	781.426050822	274.050048828	0.0	0.0	0.0	0.0	0.0	5.29999780655	0.0250004289361	0.0	0.0	0.0	0.0	0.0	0.00444657254654	0.0	0.0	0.0	0.0	0.0	2.52801987699e-06	0.0	0.0	0.000139667316641	0.0	0.0	0.0	34.0499992371	0.0
1820	282.346000671	782.427078247	274.007049561	0.0	0.0	0.0	0.0	0.0	5.29999780655	0.0250004289361	0.0	0.0	0.0	0.0	0.0	0.00444657254654	0.0	0.0	0.0	0.0	0.0	2.57398392023e-06	0.0	0.0	0.000142206722861	0.0	0.0	0.0	34.0499992371	0.0
1821	282.415003459	783.568130493	273.97004954	0.0	0.0	0.0	0.0	0.0	5.29999780655	0.0250004289361	0.0	0.0	0.0	0.0	0.0	0.00444657254654	0.0	0.0	0.0	0.0	0.0	2.61994796347e-06	0.0	0.0	0.000144746126656	0.0	0.0	0.0	34.0499992371	0.0
1822	282.476999919	784.956054688	273.933052063	0.0	0.0	0.0	0.0	0.0	5.29999780655	0.0250004289361	0.0	0.0	0.0	0.0	0.0	0.00444657254654	0.0	0.0	0.0	0.0	0.0	2.66591183617e-06	0.0	0.0	0.000147285534088	0.0	0.0	0.0	34.0499992371	0.0
1823	282.540000916	786.221074422	273.895050049	0.0	0.0	0.0	0.0	0.0	5.29999780655	0.0250004289361	0.0	0.0	0.0	0.0	0.0	0.00444657254654	0.0	0.0	0.0	0.0	0.0	2.71187582257e-06	0.0	0.0	0.000149824939096	0.0	0.0	0.0	34.0499992371	0.0
1824	282.617996216	787.475072225	273.847048442	0.0	0.0	0.0	0.0	0.0	5.29999780655	0.0250004289361	0.0	0.0	0.0	0.0	0.0	0.00444657254654	0.0	0.0	0.0	0.0	0.0	2.75783986581e-06	0.0	0.0	0.000152364345316	0.0	0.0	0.0	34.0499992371	0.0
1825	282.675999959	788.714060465	273.786046346	0.0	0.0	0.0	0.0	0.0	5.29999780655	0.0250004289361	0.0	0.0	0.0	0.0	0.0	0.00444657254654	0.0	0.0	0.0	0.0	0.0	2.80380390905e-06	0.0	0.0	0.000154903750323	0.0	0.0	0.0	34.0499992371	0.0
1826	282.69299825	789.831044515	273.728050232	0.0	0.0	0.0	0.0	0.0	5.29999780655	0.0250004289361	0.0	0.0	0.0	0.0	0.0	0.00444657254654	0.0	0.0	0.0	0.0	0.0	2.84976795228e-06	0.0	0.0	0.000157443156543	0.0	0.0	0.0	34.0499992371	0.0
1827	282.692995707	790.870091756	273.677055359	0.0	0.0	0.0	0.0	0.0	5.29999780655	0.0250004289361	0.0	0.0	0.0	0.0	0.0	0.00444657254654	0.0	0.0	0.0	0.0	0.0	2.89573182499e-06	0.0	0.0	0.000159982562764	0.0	0.0	0.0	34.0499992371	0.0
1828	282.708002726	791.983042399	273.641052246	0.0	0.0	0.0	0.0	0.0	5.29999780655	0.0250004289361	0.0	0.0	0.0	0.0	0.0	0.00444657254654	0.0	0.0	0.0	0.0	0.0	2.94169581139e-06	0.0	0.0	0.000162521967771	0.0	0.0	0.0	34.0499992371	0.0
1829	282.760996501	793.000071208	273.602053324	0.0	0.0	0.0	0.0	0.0	5.29999780655	0.0250004289361	0.0	0.0	0.0	0.0	0.0	0.00444657254654	0.0	0.0	0.0	0.0	0.0	2.98765985463e-06	0.0	0.0	0.000165061372779	0.0	0.0	0.0	34.0499992371	0.0
1830	282.824999491	793.960027059	273.56405131	0.0	0.0	0.0	0.0	0.0	5.29999780655	0.0250004289361	0.0	0.0	0.0	0.0	0.0	0.00444657254654	0.0	0.0	0.0	0.0	0.0	3.03362389786e-06	0.0	0.0	0.000167600780211	0.0	0.0	0.0	34.0499992371	0.0
1831	282.890996297	794.810073853	273.520050049	0.0	0.0	0.0	0.0	0.0	5.29999780655	0.0250004289361	0.0	0.0	0.0	0.0	0.0	0.00444657254654	0.0	0.0	0.0	0.0	0.0	3.0795879411e-06	0.0	0.0	0.000170140185219	0.0	0.0	0.0	34.0499992371	0.0
1832	282.92199707	795.578984578	273.444048564	0.0	0.0	0.0	0.0	0.0	5.29999780655	0.0250004289361	0.0	0.0	0.0	0.0	0.0	0.00444657254654	0.0	0.0	0.0	0.0	0.0	3.12555181381e-06	0.0	0.0	0.000172679590226	0.0	0.0	0.0	34.0499992371	0.0
1833	282.965998332	796.12411499	273.372049967	0.0	0.0	0.0	0.0	0.0	5.29999780655	0.0250004289361	0.0	0.0	0.0	0.0	0.0	0.00444657254654	0.0	0.0	0.0	0.0	0.0	3.1715158002e-06	0.0	0.0	0.000175218997659	0.0	0.0	0.0	34.0499992371	0.0
1834	283.027999878	797.044036865	273.214050293	0.0	0.0	0.0	0.0	0.0	5.29999780655	0.0250004289361	0.0	0.0	0.0	0.0	0.0	0.00444657254654	0.0	0.0	0.0	0.0	0.0	3.21747984344e-06	0.0	0.0	0.000177758402666	0.0	0.0	0.0	34.0499992371	0.0
1835	283.085998535	797.830968221	273.0790507	0.0	0.0	0.0	0.0	0.0	5.29999780655	0.0250004289361	0.0	0.0	0.0	0.0	0.0	0.00444657254654	0.0	0.0	0.0	0.0	0.0	3.26344388668e-06	0.0	0.0	0.000180297807674	0.0	0.0	0.0	34.0499992371	0.0
1836	283.148999532	798.10601298	272.954053243	0.0	0.0	0.0	0.0	0.0	5.29999780655	0.0250004289361	0.0	0.0	0.0	0.0	0.0	0.00444657254654	0.0	0.0	0.0	0.0	0.0	3.30940792992e-06	0.0	0.0	0.000182837213894	0.0	0.0	0.0	34.0499992371	0.0
1837	283.19800059	798.115982056	272.873054504	0.0	0.0	0.0	0.0	0.0	5.29999780655	0.0250004289361	0.0	0.0	0.0	0.0	0.0	0.00444657254654	0.0	0.0	0.0	0.0	0.0	3.35537180263e-06	0.0	0.0	0.000185376620114	0.0	0.0	0.0	34.0499992371	0.0
1838	283.253003438	797.937016805	272.86605072	0.0	0.0	0.0	0.0	0.0	5.29999780655	0.0250004289361	0.0	0.0	0.0	0.0	0.0	0.00444657254654	0.0	0.0	0.0	0.0	0.0	3.40133578902e-06	0.0	0.0	0.000187916025122	0.0	0.0	0.0	34.0499992371	0.0
1839	283.310999552	797.922098796	272.858050028	0.0	0.0	0.0	0.0	0.0	5.29999780655	0.0250004289361	0.0	0.0	0.0	0.0	0.0	0.00444657254654	0.0	0.0	0.0	0.0	0.0	3.44729983226e-06	0.0	0.0	0.000190455431342	0.0	0.0	0.0	34.0499992371	0.0
1840	283.382001241	798.387049357	272.799051921	0.0	0.0	0.0	0.0	0.0	5.29999780655	0.0250004289361	0.0	0.0	0.0	0.0	0.0	0.00444657254654	0.0	0.0	0.0	0.0	0.0	3.4932638755e-06	0.0	0.0	0.000192994836349	0.0	0.0	0.0	34.0499992371	0.0
1841	283.466997782	799.060084025	272.689048767	0.0	0.0	0.0	0.0	0.0	5.29999780655	0.0250004289361	0.0	0.0	0.0	0.0	0.0	0.00444657254654	0.0	0.0	0.0	0.0	0.0	3.53922791874e-06	0.0	0.0	0.000195534243782	0.0	0.0	0.0	34.0499992371	0.0
1842	283.527999878	800.001118978	272.582054138	0.0	0.0	0.0	0.0	0.0	5.29999780655	0.0250004289361	0.0	0.0	0.0	0.0	0.0	0.00444657254654	0.0	0.0	0.0	0.0	0.0	3.58519179144e-06	0.0	0.0	0.000198073647577	0.0	0.0	0.0	34.0499992371	0.0
1843	283.566001892	801.492182414	272.607048035	0.0	0.0	0.0	0.0	0.0	5.29999780655	0.0250004289361	0.0	0.0	0.0	0.0	0.0	0.00444657254654	0.0	0.0	0.0	0.0	0.0	3.63115577784e-06	0.0	0.0	0.000200613053797	0.0	0.0	0.0	34.0499992371	0.0
1844	283.608998617	803.619074504	272.648053487	0.0	0.0	0.0	0.0	0.0	5.29999780655	0.0250004289361	0.0	0.0	0.0	0.0	0.0	0.00444657254654	0.0	0.0	0.0	0.0	0.0	3.67711982108e-06	0.0	0.0	0.00020315246123	0.0	0.0	0.0	34.0499992371	0.0
1845	283.724995931	805.66506958	272.640050252	0.0	0.0	0.0	0.0	0.0	5.29999780655	0.0250004289361	0.0	0.0	0.0	0.0	0.0	0.00444657254654	0.0	0.0	0.0	0.0	0.0	3.72308386432e-06	0.0	0.0	0.000205691865024	0.0	0.0	0.0	34.0499992371	0.0
1846	283.847000122	807.255956014	272.73004659	0.0	0.0	0.0	0.0	0.0	5.29999780655	0.0250004289361	0.0	0.0	0.0	0.0	0.0	0.00444657254654	0.0	0.0	0.0	0.0	0.0	3.76904790755e-06	0.0	0.0	0.000208231271245	0.0	0.0	0.0	34.0499992371	0.0
1847	283.935999552	807.936981201	272.81305186	0.0	0.0	0.0	0.0	0.0	5.29999780655	0.0250004289361	0.0	0.0	0.0	0.0	0.0	0.00444657254654	0.0	0.0	0.0	0.0	0.0	3.81501179921e-06	0.0	0.0	0.000210770677465	0.0	0.0	0.0	34.0499992371	0.0
1848	284.06799825	808.092041016	272.885047913	0.0	0.0	0.0	0.0	0.0	5.29999780655	0.0250004289361	0.0	0.0	0.0	0.0	0.0	0.00444657254654	0.0	0.0	0.0	0.0	0.0	3.86097576666e-06	0.0	0.0	0.000213310082472	0.0	0.0	0.0	34.0499992371	0.0
1849	284.206998189	808.215001424	272.954045614	0.0	0.0	0.0	0.0	0.0	5.29999780655	0.0250004289361	0.0	0.0	0.0	0.0	0.0	0.00444657254654	0.0	0.0	0.0	0.0	0.0	3.90693980989e-06	0.0	0.0	0.000215849488692	0.0	0.0	0.0	34.0499992371	0.0
1850	284.3169988	808.249028524	273.021046956	0.0	0.0	0.0	0.0	0.0	5.29999780655	0.0250004289361	0.0	0.0	0.0	0.0	0.0	0.00444657254654	0.0	0.0	0.0	0.0	0.0	3.95290385313e-06	0.0	0.0	0.000218388894912	0.0	1.28878214175e-06	0.0	34.0499992371	0.0
1851	284.451004028	808.414108276	273.09405009	0.0	0.0	0.0	0.0	0.0	5.29999780655	0.0250004289361	0.0	0.0	0.0	0.0	0.0	0.00444657254654	0.0	0.0	0.0	0.0	0.0	3.99886789637e-06	0.0	0.0	0.00022092829992	0.0	1.03102573045e-05	0.0	34.0499992371	0.0
1852	284.598002116	809.163131714	273.16805013	0.0	0.0	0.0	0.0	0.0	5.29999780655	0.0250004289361	0.0	0.0	0.0	0.0	0.0	0.00444657254654	0.0	0.0	0.0	0.0	0.0	4.04483193961e-06	0.0	0.0	0.00022346770614	0.0	2.06673597252e-05	0.0	34.0499992371	0.0
1853	284.730997721	810.404057821	273.264050802	0.0	0.0	0.0	0.0	0.0	5.29999780655	0.0250004289361	0.0	0.0	0.0	0.0	0.0	0.00444657254654	0.0	0.0	0.0	0.0	0.0	4.09079598285e-06	0.0	0.0	0.000226007111147	0.0	3.10744549097e-05	0.0	34.0499992371	0.0
1854	284.845998128	811.732142131	273.363049825	0.0	0.0	0.0	0.0	0.0	5.29999780655	0.0250004289361	0.0	0.0	0.0	0.0	0.0	0.00444657254654	0.0	0.0	0.0	0.0	0.0	4.13675995029e-06	0.0	0.0	0.000228546517368	0.0	4.15132511383e-05	0.0	34.0499992371	0.0
1855	284.940999349	813.332036336	273.47004954	0.0	0.0	0.0	0.0	0.0	5.29999780655	0.0250004289361	0.0	0.0	0.0	0.0	0.0	0.00444657254654	0.0	0.0	0.0	0.0	0.0	4.18272361458e-06	0.0	0.0	0.000231085923588	0.0	5.20028597748e-05	0.0	34.0499992371	0.0
1856	285.048993429	814.796122233	273.578046163	0.0	0.0	0.0	0.0	0.0	5.29999780655	0.0250004289361	0.0	0.0	0.0	0.0	0.0	0.00444657254654	0.0	0.0	0.0	0.0	0.0	4.22868765781e-06	0.0	0.0	0.000233625328595	0.0	6.25495740678e-05	0.0	34.0499992371	0.0
1857	285.203999837	816.45211792	273.675048828	0.0	0.0	0.0	0.0	0.0	5.29999780655	0.0250004289361	0.0	0.0	0.0	0.0	0.0	0.00444657254654	0.0	0.0	0.0	0.0	0.0	4.27465170105e-06	0.0	0.0	0.000236164734815	0.0	7.3159695603e-05	0.0	34.0499992371	0.0
1858	285.369000753	818.35512797	273.75605011	0.0	0.0	0.0	0.0	0.0	5.29999780655	0.0250004289361	0.0	0.0	0.0	0.0	0.0	0.00444657254654	0.0	0.0	0.0	0.0	0.0	4.32061574429e-06	0.0	0.0	0.000238704141035	0.0	8.38395086854e-05	0.0	34.0499992371	0.0
1859	285.544995626	820.396077474	273.895050049	0.0	0.0	0.0	0.0	0.0	5.29999780655	0.0250004289361	0.0	0.0	0.0	0.0	0.0	0.00444657254654	0.0	0.0	0.0	0.0	0.0	4.36657978753e-06	0.0	0.0	0.00024124354483	0.0	9.45953149009e-05	0.0	34.0500001907	0.0
1860	285.738993327	822.31211853	274.056048075	0.0	0.0	0.0	0.0	0.0	5.29999780655	0.0250004289361	0.0	0.0	0.0	0.0	0.0	0.00444657254654	0.0	0.0	0.0	0.0	0.0	4.41254383077e-06	0.0	0.0	0.00024378295105	0.0	0.000105433403102	0.0	34.049999555	0.0
1861	285.9330012	824.399190267	274.240046183	0.0	0.0	0.0	0.0	0.0	5.29999780655	0.0250004289361	0.0	0.0	0.0	0.0	0.0	0.00444657254654	0.0	0.0	0.0	0.0	0.0	4.45850787401e-06	0.0	0.0	0.000246322359696	0.0	0.000116360076087	0.0	34.0499998728	0.0
1862	286.100001017	827.029200236	274.416048686	0.0	0.0	0.0	0.0	0.0	5.29999780655	0.0250004289361	0.0	0.0	0.0	0.0	0.0	0.00444657254654	0.0	0.0	0.0	0.0	0.0	4.50447191724e-06	0.0	0.0	0.000248861763491	0.0	0.000127381622102	0.0	34.0501000086	0.0
1863	286.27100118	830.166213989	274.571044922	0.0	0.0	0.0	0.0	0.0	5.29999780655	0.0250004289361	0.0	0.0	0.0	0.0	0.0	0.00444657254654	0.0	0.0	0.0	0.0	0.0	4.55043596048e-06	0.0	0.0	0.000251401169711	0.0	0.000138504336064	0.0	34.0500996908	0.0
1864	286.442001343	833.604141235	274.720052083	0.0	0.0	0.0	0.0	0.0	5.29999780655	0.0250004289361	0.0	0.0	0.0	0.0	0.0	0.00444657254654	0.0	0.0	0.0	0.0	0.0	4.59639992793e-06	0.0	0.0	0.000253940575931	0.0	0.000149734502581	0.0	34.0500996908	0.0
1865	286.61399587	836.894205729	274.88004303	0.0	0.0	0.0	0.0	0.0	5.29999780655	0.0250004289361	0.0	0.0	0.0	0.0	0.0	0.00444657254654	0.0	0.0	0.0	0.0	0.0	4.64236359221e-06	0.0	0.0	0.000256479979726	0.0	0.000161078460224	0.0	34.0501000086	0.0
1866	286.78099823	840.362208049	275.048047384	0.0	0.0	0.0	0.0	0.0	5.29999780655	0.0250004289361	0.0	0.0	0.0	0.0	0.0	0.00444657254654	0.0	0.0	0.0	0.0	0.0	4.68832763545e-06	0.0	0.0	0.00025901938352	0.0	0.000172542414172	0.0	34.0501000086	0.0
1867	286.955001831	843.995122274	275.213048299	0.0	0.0	0.0	0.0	0.0	5.29999780655	0.0250004289361	0.0	0.0	0.0	0.0	0.0	0.00444657254654	0.0	0.0	0.0	0.0	0.0	4.73429167869e-06	0.0	0.0	0.000261558794591	0.0	0.000184132774545	0.0	34.0502004623	0.0
1868	287.105000814	847.249125163	275.391044617	0.0	0.0	0.0	0.0	0.0	5.29999780655	0.0250004289361	0.0	0.0	0.0	0.0	0.0	0.00444657254654	0.0	0.0	0.0	0.0	0.0	4.78025572193e-06	0.0	0.0	0.000264098198386	0.0	0.000195855731969	0.0	34.0501998266	0.0
1869	287.224998474	850.130086263	275.561047872	0.0	0.0	0.0	0.0	0.0	5.29999780655	0.0250004289361	0.0	0.0	0.0	0.0	0.0	0.00444657254654	0.0	0.0	0.0	0.0	0.0	4.82621976516e-06	0.0	0.0	0.000266637602181	0.0	0.000207717637143	0.0	34.0502001444	0.0
1870	287.354998271	852.435007731	275.720044454	0.0	0.0	0.0	0.0	0.0	5.29999780655	0.0250004289361	0.0	0.0	0.0	0.0	0.0	0.00444657254654	0.0	0.0	0.0	0.0	0.0	4.8721838084e-06	0.0	0.0	0.000269177013251	0.0	0.00021972479711	0.0	34.0502001444	0.0
1871	287.494000753	853.99307251	275.903045654	0.0	0.0	0.0	0.0	0.0	5.29999780655	0.0250004289361	0.0	0.0	0.0	0.0	0.0	0.00444657254654	0.0	0.0	0.0	0.0	0.0	4.91814785164e-06	0.0	0.0	0.000271716414621	0.0	0.000231883451003	0.0	34.0502993266	0.0
1872	287.663996379	855.232991536	276.07804362	0.0	0.0	0.0	0.0	0.0	5.29999780655	0.0250004289361	0.0	0.0	0.0	0.0	0.0	0.00444657254654	0.0	0.0	0.0	0.0	0.0	4.96411189488e-06	0.0	0.0	0.000274255818416	0.0	0.000244199958009	0.0	34.0502999624	0.0
1873	287.86000061	856.168197632	276.250048319	0.0	0.0	0.0	0.0	0.0	5.29999780655	0.0250004289361	0.0	0.0	0.0	0.0	0.0	0.00444657254654	0.0	0.0	0.0	0.0	0.0	5.01007593812e-06	0.0	0.0	0.000276795227061	0.0	0.00025668056575	0.0	34.0502999624	0.0
1874	288.060999552	857.820078532	276.416053772	0.0	0.0	0.0	0.0	0.0	5.29999780655	0.0250004289361	0.0	0.0	0.0	0.0	0.0	0.00444657254654	0.0	0.0	0.0	0.0	0.0	5.05603994346e-06	0.0	0.0	0.000279334633281	0.0	0.000269331576419	0.0	34.0503997803	0.0
1875	288.291002909	859.469065348	276.585047404	0.0	0.0	0.0	0.0	0.0	5.29999780655	0.0250004289361	0.0	0.0	0.0	0.0	0.0	0.00444657254654	0.0	0.0	0.0	0.0	0.0	5.10200356985e-06	0.0	0.0	0.000281874037076	0.0	0.000282159281293	0.0	34.0504000982	0.0
1876	288.519996643	860.859105428	276.735051473	0.0	0.0	0.0	0.0	0.0	5.29999780655	0.0250004289361	0.0	0.0	0.0	0.0	0.0	0.00444657254654	0.0	0.0	0.0	0.0	0.0	5.14796761308e-06	0.0	0.0	0.000284413445722	0.0	0.000295169993478	0.0	34.0504999161	0.0
1877	288.752001444	862.379114787	276.864049276	0.0	0.0	0.0	0.0	0.0	5.29999780655	0.0250004289361	0.0	0.0	0.0	0.0	0.0	0.00444657254654	0.0	0.0	0.0	0.0	0.0	5.19393165632e-06	0.0	0.0	0.000286952851942	0.0	0.000308369994552	0.0	34.0505005519	0.0
1878	288.993001302	864.139149984	277.002044678	0.0	0.0	0.0	0.0	0.0	5.29999780655	0.0250004289361	0.0	0.0	0.0	0.0	0.0	0.00444657254654	0.0	0.0	0.0	0.0	0.0	5.23989569956e-06	0.0	0.0	0.000289492253311	0.0	0.000321765551538	0.0	34.0506000519	0.0
1879	289.221000671	866.283162435	277.133049011	0.0	0.0	0.0	0.0	0.0	5.29999780655	0.0250004289361	0.0	0.0	0.0	0.0	0.0	0.00444657254654	0.0	0.0	0.0	0.0	0.0	5.2858597428e-06	0.0	0.0	0.000292031659531	0.0	0.000335363011497	0.0	34.0506000519	0.0
1880	289.469998678	868.696105957	277.265050252	0.0	0.0	0.0	0.0	0.0	5.29999780655	0.0250004289361	0.0	0.0	0.0	0.0	0.0	0.00444657254654	0.0	0.0	0.0	0.0	0.0	5.33182378604e-06	0.0	0.0	0.000294571068177	0.0	0.000349168670558	0.0	34.0506995519	0.0
1881	289.736996969	870.984125773	277.374041239	0.0	0.0	0.0	0.0	0.0	5.29999780655	0.0250004289361	0.0	0.0	0.0	0.0	0.0	0.00444657254654	0.0	0.0	0.0	0.0	0.0	5.37778782927e-06	0.0	0.0	0.000297110471971	0.0	0.000363188776343	0.0	34.0506995519	0.0
1882	290.019002279	873.250137329	277.486050924	0.0	0.0	0.0	0.0	0.0	5.29999780655	0.0250004289361	0.0	0.0	0.0	0.0	0.0	0.00444657254654	0.0	0.0	0.0	0.0	0.0	5.42375187251e-06	0.0	0.0	0.000299649878192	0.0	0.000377429634682	0.0	34.0508000056	0.0
1883	290.263000488	875.603149414	277.591049194	0.0	0.0	0.0	0.0	0.0	5.29999780655	0.0250004289361	0.0	0.0	0.0	0.0	0.0	0.00444657254654	0.0	0.0	0.0	0.0	0.0	5.46971591575e-06	0.0	0.0	0.000302189286837	0.0	0.000391897495623	0.0	34.0509004593	0.0
1884	290.511998494	878.148203532	277.695050557	0.0	0.0	0.0	0.0	0.0	5.29999780655	0.0250004289361	0.0	0.0	0.0	0.0	0.0	0.00444657254654	0.0	0.0	0.0	0.0	0.0	5.51567992109e-06	0.0	0.0	0.000304728690632	0.0	0.000406598747456	0.0	34.0510005951	0.0
1885	290.79699707	881.025131226	277.795049032	0.0	0.0	0.0	0.0	0.0	5.29999780655	0.0250004289361	0.0	0.0	0.0	0.0	0.0	0.00444657254654	0.0	0.0	0.0	0.0	0.0	5.56164354748e-06	0.0	0.0	0.000307268092001	0.0	0.000421540004027	0.0	34.0509996414	0.0
1886	291.099995931	883.83921814	277.885047913	0.0	0.0	0.0	0.0	0.0	5.29999780655	0.0250004289361	0.0	0.0	0.0	0.0	0.0	0.00444657254654	0.0	0.0	0.0	0.0	0.0	5.60760759072e-06	0.0	0.0	0.000309807503072	0.0	0.000436726761109	0.0	34.0511000951	0.0
1887	291.413998922	886.933135986	277.99504598	0.0	0.0	0.0	0.0	0.0	5.29999780655	0.0250004289361	0.0	0.0	0.0	0.0	0.0	0.00444657254654	0.0	0.0	0.0	0.0	0.0	5.65357163396e-06	0.0	0.0	0.000312346906867	0.0	0.000452166023024	0.0	34.0512005488	0.0
1888	291.763000488	889.926213582	278.080050151	0.0	0.0	0.0	0.0	0.0	5.29999780655	0.0250004289361	0.0	0.0	0.0	0.0	0.0	0.00444657254654	0.0	0.0	0.0	0.0	0.0	5.69953567719e-06	0.0	0.0	0.000314886310662	0.0	0.000467863278269	0.0	34.0513003667	0.0
1889	292.113001506	893.156158447	278.191047668	0.0	0.0	0.0	0.0	0.0	5.29999780655	0.0250004289361	0.0	0.0	0.0	0.0	0.0	0.00444657254654	0.0	0.0	0.0	0.0	0.0	5.74549972043e-06	0.0	0.0	0.000317425721732	0.0	0.000483826030783	0.0	34.0513998667	0.0
1890	292.45799764	896.383183797	278.273050944	0.0	0.0	0.0	0.0	0.0	5.29999780655	0.0250004289361	0.0	0.0	0.0	0.0	0.0	0.00444657254654	0.0	0.0	0.0	0.0	0.0	5.79146376367e-06	0.0	0.0	0.000319965125527	0.0	0.000500059288849	0.0	34.0515000025	0.0
1891	292.815999349	899.666264852	278.347050985	0.0	0.0	0.0	0.0	0.0	5.29999780655	0.0250004289361	0.0	0.0	0.0	0.0	0.0	0.00444657254654	0.0	0.0	0.0	0.0	0.0	5.83742780691e-06	0.0	0.0	0.000322504529322	0.0	0.000516570556404	0.0	34.0516007741	0.0
1892	293.166999817	903.534194946	278.442044576	0.0	0.0	0.0	0.0	0.0	5.29999780655	0.0250004289361	0.0	0.0	0.0	0.0	0.0	0.00444657254654	0.0	0.0	0.0	0.0	0.0	5.88339185015e-06	0.0	0.0	0.000325043935542	0.0	0.000533365300119	0.0	34.0516999563	0.0
1893	293.476999919	907.274119059	278.554049174	0.0	0.0	0.0	0.0	0.0	5.29999780655	0.0250004289361	0.0	0.0	0.0	0.0	0.0	0.00444657254654	0.0	0.0	0.0	0.0	0.0	5.92935589339e-06	0.0	0.0	0.000327583341762	0.0	0.000550450058654	0.0	34.0517997742	0.0
1894	293.790997823	910.478134155	278.689048767	0.0	0.0	0.0	0.0	0.0	5.29999780655	0.0250004289361	0.0	0.0	0.0	0.0	0.0	0.00444657254654	0.0	0.0	0.0	0.0	0.0	5.97531993662e-06	0.0	0.0	0.000330122745557	0.0	0.000567830822547	0.0	34.0519002279	0.0
1895	294.078997294	913.225982666	278.831049601	0.0	0.0	0.0	0.0	0.0	5.29999780655	0.0250004289361	0.0	0.0	0.0	0.0	0.0	0.00444657254654	0.0	0.0	0.0	0.0	0.0	6.02128352511e-06	0.0	0.0	0.000332662154203	0.0	0.000585514586419	0.0	34.0520998637	0.0
1896	294.364997864	914.771092733	278.93905131	0.0	0.0	0.0	0.0	0.0	5.29999780655	0.0250004289361	0.0	0.0	0.0	0.0	0.0	0.00444657254654	0.0	0.0	0.0	0.0	0.0	6.06724756835e-06	0.0	0.0	0.000335201560423	0.0	0.000603506836342	0.0	34.0521996816	0.0
1897	294.645998637	916.27428182	279.051045736	0.0	0.0	0.0	0.0	0.0	5.29999780655	0.0250004289361	0.0	0.0	0.0	0.0	0.0	0.00444657254654	0.0	0.0	0.0	0.0	0.0	6.11321161159e-06	0.0	0.0	0.000337740964217	0.0	0.000621814586339	0.0	34.0523004532	0.0
1898	294.953999837	919.017227173	279.163047791	0.0	0.0	0.0	0.0	0.0	5.29999780655	0.0250004289361	0.0	0.0	0.0	0.0	0.0	0.00444657254654	0.0	0.0	0.0	0.0	0.0	6.15917565483e-06	0.0	0.0	0.000340280370438	0.0	0.000640443856052	0.0	34.0524997711	0.0
1899	295.299997965	922.281183879	279.308046977	0.0	0.0	0.0	0.0	0.0	5.29999780655	0.0250004289361	0.0	0.0	0.0	0.0	0.0	0.00444657254654	0.0	0.0	0.0	0.0	0.0	6.20513969807e-06	0.0	0.0	0.000342819776658	0.0	0.000659400606916	0.0	34.0526002248	0.0
1900	295.674995422	925.552113851	279.454048157	0.0	0.0	0.0	0.0	0.0	5.29999780655	0.0250003766268	0.0	0.0	0.0	0.0	0.0	0.0044465699854	0.0	0.0	0.0	0.0	0.0	6.25110374131e-06	0.0	0.0	0.000345359180452	0.0	0.000678691867506	0.0	34.052798907	0.0
1901	296.006998698	928.800333659	279.613047282	0.0	0.0	0.0	0.0	0.0	5.29999780655	0.0250004945944	0.0	0.0	0.0	0.0	0.0	0.0044465699854	0.0	0.0	0.0	0.0	0.0	6.29706778454e-06	0.0	0.0	0.000347898586673	0.0	0.000701147912575	0.0	34.0528999964	0.0
1902	296.324999491	932.731160482	279.861050924	0.0	0.0	0.0	0.0	0.0	5.29999780655	0.0250003440306	0.0	0.0	0.0	0.0	0.0	0.0044465699854	0.0	0.0	0.0	0.0	0.0	6.34303182778e-06	0.0	0.0	0.000350437995318	0.0	0.000884881000578	0.0	34.0553000768	0.0
1903	296.653996785	936.783426921	280.156041463	0.0	0.0	0.0	0.0	0.0	5.29999780655	0.0250005394531	0.0	0.0	0.0	0.0	0.0	0.0044465699854	0.0	0.0	0.0	0.0	0.0	6.38899587102e-06	0.0	0.0	0.000352977399113	0.0	0.00111664117624	0.0	34.0579996109	0.0
1904	296.953994751	942.114267985	280.43204244	0.0	0.0	0.0	0.0	0.0	5.29999780655	0.0250002819424	0.0	0.0	0.0	0.0	0.0	0.0044465699854	0.0	0.0	0.0	0.0	0.0	6.43495991426e-06	0.0	0.0	0.000355516805333	0.0	0.00138294620168	0.0	34.0608002345	0.0
1905	297.288996379	947.443272909	280.705045064	0.0	0.0	0.0	0.0	0.0	5.29999780655	0.0250006249795	0.0	0.0	0.0	0.0	0.0	0.0044465699854	0.0	0.0	0.0	0.0	0.0	6.48092350275e-06	0.0	0.0	0.000358056211553	0.0	0.00171636768694	0.0	34.0642000834	0.0
1906	297.661997477	953.092422485	280.98004659	0.0	0.0	0.0	0.0	0.0	5.29999780655	0.0250001608705	0.0	0.0	0.0	0.0	0.0	0.0044465699854	0.0	0.0	0.0	0.0	0.0	6.52688754599e-06	0.0	0.0	0.000360595615348	0.0	0.00219636092273	0.0	34.0686995188	0.0
1907	298.097994486	959.156117757	281.27604421	0.0	0.0	0.0	0.0	0.0	5.29999780655	0.0250007983608	0.0	0.0	0.0	0.0	0.0	0.0044465699854	0.0	0.0	0.0	0.0	0.0	6.57285158923e-06	0.0	0.0	0.000363135019143	0.0	0.00287260639016	0.0	34.0747000376	0.0
1908	298.517990112	964.085296631	281.611043294	0.0	0.0	0.0	0.0	0.0	5.29999780655	0.0249999136043	0.0	0.0	0.0	0.0	0.0	0.0044465699854	0.0	0.0	0.0	0.0	0.0	6.61881563246e-06	0.0	0.0	0.000365674430213	0.0	0.00376499056195	0.0	34.0823993683	0.0
1909	298.935991923	969.398366292	281.950045268	0.0	0.0	0.0	0.0	0.0	5.29999780655	0.0250733773379	0.0	0.0	0.0	0.0	0.0	0.0044465699854	0.0	0.0	0.0	0.0	0.0	6.6647796757e-06	0.0	0.0	0.000368213834008	0.0	0.00433499012919	0.0	34.0874001185	0.0
1910	299.376996358	974.78708903	282.314043681	0.0	0.0	0.0	0.0	0.0	5.29999780655	0.0253292818864	0.0	0.0	0.0	0.0	0.0	0.0044465699854	0.0	0.0	0.0	0.0	0.0	6.71074371894e-06	0.0	0.0	0.000370753237803	0.0	0.00560998951551	0.0	34.0982999802	0.0
1911	299.828992208	979.465321859	282.721041361	0.0	0.0	0.0	0.0	0.0	5.29999784629	0.0812472328544	0.0	0.0	0.0	0.0	0.0	0.0044465699854	0.0	0.0	0.0	0.0	0.0	6.75670776218e-06	0.0	0.0	0.000373292648874	0.0	0.00749998888932	0.0	34.1145998637	0.0
1912	300.35299174	983.605860392	283.019042969	0.0	0.0	0.0	0.0	0.0	5.29999780655	0.100000089655	0.0	0.0	0.0	0.0	0.0	0.0044465700242	0.0	0.0	0.0	0.0	0.0	6.80267180542e-06	0.0	0.0	0.000375832050243	0.0	0.0092599883986	0.0	34.1298004786	0.0
1913	300.90999349	986.242319743	283.362040202	0.0	0.0	0.0	0.0	0.0	5.29999784629	0.116667016099	0.0	0.0	0.0	0.0	0.0	0.0044465699854	0.0	0.0	0.0	0.0	0.0	6.84863584866e-06	0.0	0.0	0.000378371454038	0.0	0.0115699875945	0.0	34.1497999827	0.0
1914	301.418991089	988.610880534	283.716041565	0.0	0.0	0.0	0.0	0.0	5.29999780655	0.193330535044	0.0	0.0	0.0	0.0	0.0	0.0044465700242	0.0	0.0	0.0	0.0	0.0	6.89459989189e-06	0.0	0.0	0.000380910862683	0.0	0.0140849871095	0.0	34.171500206	0.0
1915	301.936988831	991.461079915	284.047042847	0.0	0.0	0.0	0.0	0.0	5.29999780655	0.316559702158	0.0	0.0	0.0	0.0	0.0	0.0044465700242	0.0	0.0	0.0	0.0	0.0	6.94056351828e-06	0.0	0.0	0.000383450268904	0.0	0.0166849864957	0.0	34.1939999262	0.0
1916	302.484987895	998.453821818	284.312042236	0.0	0.0	0.0	0.0	0.0	5.29999784629	0.520652485391	0.0	0.0	0.0	0.0	0.0	0.0044465699854	0.0	0.0	0.0	0.0	0.0	6.98652752362e-06	0.0	0.0	0.000385989672698	0.0	0.0196699860195	0.0	34.2197999954	0.0
1917	303.010988871	1003.57055155	284.615046183	0.0	0.0	0.0	0.0	0.0	5.29999780655	0.75634064277	0.0	0.0	0.0	0.0	0.0	0.0044465700242	0.0	0.0	0.0	0.0	0.0	7.03249156686e-06	0.0	0.0	0.000388529081344	0.0	0.0239249852796	0.0	34.2564001083	0.0
1918	303.448987325	1010.13044739	284.805048625	0.0	0.0	0.0	0.0	0.0	5.29999776681	0.927673737208	0.0	0.0	0.0	0.0	0.0	0.0044465700242	0.0	0.0	0.0	0.0	0.0	7.0784556101e-06	0.0	0.0	0.000391068487564	0.0	0.0286899842322	0.0	34.2974999746	0.0
1919	303.813987732	1017.63036601	284.851051331	0.0	0.0	0.0	0.0	0.0	5.29999780655	1.08436435461	0.0	0.0	0.0	0.0	0.0	0.0044465700242	0.0	0.0	0.0	0.0	0.0	7.12441965334e-06	0.0	0.0	0.000393607888933	0.0	0.0334349836533	0.0	34.3386996587	0.0
1920	304.245986938	1025.07032776	284.929044088	0.0	0.0	0.0	0.0	0.0	5.29999784629	1.17603773872	0.0	0.0	0.0	0.0	0.0	0.0044465700242	0.0	0.0	0.0	0.0	0.0	7.17038369658e-06	0.0	0.0	0.000396147295154	0.0	0.0377049827948	0.0	34.3758001328	0.0
1921	304.599988302	1032.20033773	285.039042155	0.0	0.0	0.0	0.0	0.0	5.29999776681	1.24166951577	0.0	0.0	0.0	0.0	0.0	0.0044465699854	0.0	0.0	0.0	0.0	0.0	7.21634773981e-06	0.0	0.0	0.000398686703799	0.0	0.0421849815175	0.0	34.4146998723	0.0
1922	304.944981893	1039.10025024	285.170049032	0.0	0.0	0.0	0.0	0.0	5.29999780655	1.38888552785	0.0	0.0	0.0	0.0	0.0	0.0044465700242	0.0	0.0	0.0	0.0	0.0	7.26231178305e-06	0.0	0.0	0.000401226107594	0.0	0.0438949804132	0.0	34.4301001231	0.0
1923	305.270983378	1045.13006592	285.467041016	0.0	0.0	0.0	0.0	0.0	5.29999780655	1.62499159575	0.0	0.0	0.0	0.0	0.0	0.0044465699854	0.0	0.0	0.0	0.0	0.0	7.30827582629e-06	0.0	0.0	0.000403765513814	0.0	0.0470049797247	0.0	34.4571994146	0.0
1924	305.629984538	1049.45003255	285.605049133	0.0	0.0	0.0	0.0	0.0	5.29999784629	1.84595434864	0.0	0.0	0.0	0.0	0.0	0.00444656994659	0.0	0.0	0.0	0.0	0.0	7.35423986953e-06	0.0	0.0	0.000406304922459	0.0	0.0525899784019	0.0	34.5056997935	0.0
1925	305.812980652	1052.1599528	285.65205129	0.0	0.0	0.0	0.0	0.0	5.29999768734	2.11642152071	0.0	0.0	0.0	0.0	0.0	0.0044465699854	0.0	0.0	0.0	0.0	0.0	7.40020349591e-06	0.0	0.0	0.000408844326254	0.0	0.0588549779107	0.0	34.5605993271	0.0
1926	305.953984578	1053.60010783	285.692047119	0.0	0.0	0.0	0.0	0.0	5.29999784629	2.46036726236	0.0	0.0	0.0	0.0	0.0	0.0044465700242	0.0	0.0	0.0	0.0	0.0	7.44616750126e-06	0.0	0.0	0.000411383730049	0.0	0.0651649761324	0.0	34.6161998113	0.0
1927	306.176986694	1055.77056885	285.74005127	0.0	0.0	0.0	0.0	0.0	5.29999760787	2.69428571065	0.0	0.0	0.0	0.0	0.0	0.0044465699854	0.0	0.0	0.0	0.0	0.0	7.4921315445e-06	0.0	0.0	0.000413923138694	0.0	0.0720199750115	0.0	34.6767991384	0.0
1928	306.328979492	1060.64036051	285.833048503	0.0	0.0	0.0	0.0	0.0	5.29999824365	3.02649054925	0.0	0.0	0.0	0.0	0.0	0.0044465699854	0.0	0.0	0.0	0.0	0.0	7.53809558773e-06	0.0	0.0	0.000416462542489	0.0	0.0797049726049	0.0	34.7449992498	0.0
1929	306.494987488	1066.66032918	285.891052246	0.0	0.0	0.0	0.0	0.0	5.29999697208	3.51771364609	0.0	0.0	0.0	0.0	0.0	0.00444656994659	0.0	0.0	0.0	0.0	0.0	7.58405963097e-06	0.000838775214409	0.0	0.000419001946284	0.0	0.0887049722175	0.0	34.8251991272	0.0
1930	306.619977315	1072.64011637	285.93805186	0.0	0.0	0.00131499734319	0.0	0.0	5.29999899864	4.06346394618	0.0	0.0	0.0	0.0	0.0	0.00444657010181	0.0	0.0	0.0	0.0	0.0	7.63002356052e-06	0.00510867650155	0.0	0.000421541357355	0.0	0.0980799701065	0.0	34.9092995326	0.0
1931	306.821983337	1077.4902242	286.124043783	0.0	0.0	0.0211515680421	0.0	0.0	5.30665091674	4.70297817389	0.0	0.0	0.0	0.0	0.0	0.00444656983018	0.0	0.0	0.0	0.0	0.0	7.67598749007e-06	0.00137756275944	0.0	0.00042408076115	0.0	0.106624970213	0.0	34.9865992864	0.0
1932	307.092979431	1081.96022542	286.222048442	0.0	0.0	0.0749974523981	0.0	0.0	5.33830535412	5.29421341419	0.0	0.0	0.0	0.0	0.0	0.00444657033465	0.0	0.0	0.0	0.0	0.0	7.72195153331e-06	0.00066166438531	0.0	0.000426620164944	0.0	0.112749967103	0.0	35.0427993139	0.0
1933	307.401980082	1086.54033407	286.371050517	0.0	0.0	0.124997953574	0.0	0.0	5.3799785773	5.9374208053	0.0	0.0	0.0	0.0	0.0	0.00444656917049	0.0	0.0	0.0	0.0	0.0	7.76791557655e-06	0.00071920104286	0.0	0.00042915957359	0.0	0.116369966418	0.0	35.0766995748	0.0
1934	307.784983317	1091.77029419	286.467048645	0.0	0.0	0.174997894714	0.0	0.0	5.41997877757	6.67979852359	0.0	0.00076176149499	0.0	0.0	0.0	0.00444657184804	0.0	0.0	0.0	0.0	0.0	7.81387961979e-06	0.000781740944755	0.0	0.000431698977385	0.0	0.120129964625	0.0	35.1115996043	0.0
1935	308.226979574	1097.08012899	286.587048848	0.0	0.0	0.224997904152	0.0	0.0	5.45997929573	7.59582308928	0.0	0.0190800331378	0.0	0.0	0.0	0.00444656583325	0.0	0.0	0.0	0.0	0.0	7.85984366303e-06	0.000849719173857	0.0	0.000434238381179	0.0	0.125109961256	0.0	35.1578998566	0.0
1936	309.011973063	1101.83030192	286.747044881	0.0	0.0	0.274997909864	0.0	0.0	5.49997997284	8.76137224833	0.0	0.0793223306537	0.0	0.0	0.0	0.00444657945385	0.0	0.0	0.0	0.0	0.0	7.90580770627e-06	0.000923608633457	0.0	0.000436777789825	0.0	0.133214961737	0.0	35.233599027	0.0
1937	309.763974508	1106.31998698	286.951044718	0.0	0.0	0.324997911851	0.0	0.0	5.53998053074	10.0249597232	0.0	0.140004523719	0.0	0.0	0.0	0.00444654840976	0.0	0.0	0.0	0.0	0.0	7.9517717495e-06	0.00100392320019	0.0	0.000439317196045	0.0	0.144079957157	0.0	35.3363987605	0.0
1938	310.29397583	1110.63079834	287.191042582	0.0	0.0	0.374997918804	0.0	0.0	5.57998120785	11.2661631107	0.0	0.200004305691	0.0	0.0	0.0	0.00444662047084	0.0	0.0	0.0	0.0	0.0	7.99773579274e-06	0.00109122192953	0.0	0.00044185659984	0.0	0.158039954801	0.0	35.4697993596	0.0
1939	310.850975037	1116.90967814	287.387046814	0.0	0.0	0.424997918308	0.000443771725259	0.0	5.61998176575	12.575761954	0.0	0.260004535317	0.0	0.0	0.0	0.0044464476911	0.0	0.0	0.0	0.0	0.0	8.04369983598e-06	0.00118611172851	0.0	0.000444396008485	0.0	0.173689956466	0.0	35.6214987437	0.0
1940	311.356976827	1120.12017822	287.619041443	0.0	0.0	0.474997922778	0.00922591194588	0.0	5.65998236338	14.0908547242	0.0	0.320004244645	0.0	0.0	0.0	0.00444699358195	0.0	0.0	0.0	0.0	0.0	8.08966350026e-06	0.00128925561633	0.0	0.00044693541228	0.0	0.192399951319	0.0	35.8049990336	0.0
1941	311.810974121	1123.24050903	287.864046733	0.0	0.0	0.524997909864	0.0481583313085	0.0	5.69998296102	15.8721490701	0.0	0.380004602174	0.0	0.0	0.0	0.0121519159681	0.0	0.0	0.0	0.0	0.0	8.13562746771e-06	0.00140138407005	0.0	0.000449474816075	0.0	0.211069951455	0.0	35.9912993113	0.0
1942	312.171976725	1128.19015503	288.138053894	0.0	0.0	0.574997931719	0.112600847458	0.0	5.73998351892	18.1204303106	0.0	0.440004137655	0.0	0.0	0.0	0.0186648499221	0.0	0.0	0.0	0.0	0.0	8.18159151095e-06	0.00152326708	0.0	0.000452014222295	0.0	0.235624952863	0.0	36.238899231	0.0
1943	312.389979045	1132.66015625	288.781028748	0.0	0.0	0.624997923772	0.202455461025	0.0	5.77998411655	20.7941187223	0.0	0.500004738569	0.0	0.0	0.0	0.0239006817962	0.0	0.0	0.0	0.0	0.0	8.22755555419e-06	0.00165575060722	0.0	0.00045455363094	0.0	0.267039954662	0.0	36.5610987345	0.0
1944	312.412971497	1136.27006022	289.000050863	0.0	0.0194336569402	0.674997935692	0.317647084594	0.0	5.81998471419	23.864783446	0.0	0.56000392139	0.0	0.0	0.0	0.0278776283376	0.0	0.0	0.0	0.0	0.0	8.27351959742e-06	0.00179975672897	0.0	0.000457093034735	0.0	0.308314951758	0.0	36.9927991231	0.0
1945	312.384976705	1139.32036336	289.227040609	0.00484414484041	0.421500219653	0.724997927745	0.458055692414	0.0	5.85998531183	25.9042483966	0.0	0.620005051295	0.0	0.0	0.0	0.031010342141	0.0	0.0	0.0	0.0	0.0	8.31948364066e-06	0.00195628749013	0.0	0.000459632440955	0.0	0.336379957696	0.0	37.2976989746	0.0
1946	312.389971415	1143.66049194	289.427045186	0.0833722880731	1.63571066658	0.7749979496	0.623554309209	0.0	5.8999859492	27.5047569275	0.0	0.68000343442	0.0	0.0	0.0	0.0322916976487	0.0	0.0	0.0	0.0	0.0	8.3654476839e-06	0.00212643233438	0.0	0.000462171849601	0.0	0.344264961779	0.0	37.3916988373	0.0
1947	312.485972087	1149.64029948	289.51104482	0.300011041264	2.8350140055	0.824997936686	0.814011926452	0.0	5.93998658657	29.0785614649	0.0	0.740005751451	0.0	0.0	0.0	0.0328124867131	0.0	0.0	0.0	0.0	0.0	8.41141172714e-06	0.00231137518616	0.0	0.00046471125097	0.0	0.353654955824	0.0	37.5000985463	0.0
1948	312.520968119	1155.63016764	289.556053162	0.500013011197	4.02501428127	0.874997963508	1.03165453672	0.0	5.97998698552	31.0411432584	0.0	0.8000023067	0.0	0.0	0.0	0.0328332781792	0.0	0.0	0.0	0.0	0.0	8.45737577038e-06	0.00251240306534	0.0	0.000467250654765	0.0	0.368314961592	0.0	37.6704985301	0.0
1949	312.631970723	1160.34994507	289.598050435	0.700011968613	5.21501294772	0.924997930725	1.25181725621	0.0	6.01998790105	33.192337354	0.0	0.860007613897	0.0	0.0	0.0	0.0320951541265	0.0	0.0	0.0	0.0	0.0	8.50333981361e-06	0.00273091510947	0.0	0.000469790065836	0.0	0.383624960979	0.0	37.8551985423	0.000274774087908
1950	312.820976257	1163.82056681	289.739041646	0.893881842494	6.38225718339	0.97499798735	1.48246643941	0.0	6.05998778343	35.4998324712	0.0	0.927500590682	0.0	0.0	0.0	0.0303057672766	0.0	0.0	0.0	0.0	0.0	8.5493034779e-06	0.00305418757489	0.0	0.00047232946963	0.0	0.39696995914	0.0	38.0238984426	0.00192350448924
1951	313.013971965	1168.81011963	289.860054016	1.14685552319	7.77535319328	1.02442797025	1.73491588235	0.0	6.0999904871	37.5808254878	0.0	0.934997697671	0.0	0.0	0.0	0.0282031269744	0.0	0.0	0.0	0.0	0.0	8.59526744534e-06	0.00688513527469	0.0	0.000474868873425	0.0	0.4106449609	0.0	38.2042986552	0.00546686040858
1952	313.341977437	1174.31088257	290.025052389	1.55402665337	9.44440038999	1.07931767901	1.98430387179	0.0	6.13942615191	38.7068948746	0.0	0.920000265042	0.0	0.0	0.0	0.0267767511929	0.0	0.0	0.0	0.0	0.0	8.64123148858e-06	0.0208751238727	0.0	0.000477408284496	0.0	0.425239960353	0.0	38.4069979986	0.0149993478941
1953	313.729967753	1183.36065674	290.334040324	2.12943665187	11.2133252621	1.13892761866	2.23991215229	0.0	6.18498750528	40.0517606735	0.00116342452384	0.926251669725	0.0	0.0	0.0	0.0249524142904	0.0	0.0	0.0	0.0	0.0	8.68719553182e-06	0.0465117897838	0.0	0.000479947688291	0.0	0.439209955434	0.0	38.6142991384	0.0249994341284
1954	314.09496816	1194.43060303	290.548049927	2.86359639963	13.2039280732	1.20797704657	2.49491182963	0.0	6.22998833656	41.5424667994	0.0174329114767	0.963755776485	0.0	0.0	0.0	0.0234999794823	0.0	0.0	0.0	0.0	0.0	8.73315957506e-06	0.0821307003498	0.0	0.00048248708966	0.0	0.4534849599	0.0	38.8412984212	0.034999388891
1955	314.414970398	1206.65092977	290.844045003	3.76779081424	15.4396322568	1.2937463522	2.74991218249	0.0	6.27498884996	43.1729590098	0.108080192159	1.05386011799	0.0	0.0	0.0	0.0219999804782	0.0	0.0	0.0	0.0	0.0	8.7791236183e-06	0.127459915355	0.0	0.000485026498306	0.0	0.466714960833	0.0	39.0706981023	0.0449994352336
1956	314.697967529	1221.10079956	291.187044779	4.90076740583	18.0071385701	1.38820611437	3.00616294146	0.0	6.31998972098	44.9392563502	0.289042431861	1.18601038059	0.0	0.0	0.0	0.0204583187588	0.0	0.0	0.0	0.0	0.0	8.82508766153e-06	0.182289026678	0.0	0.000487565902101	0.0	0.478794959684	0.0	39.3001979192	0.0549993788203
1957	314.991961161	1235.80018107	291.512041728	6.23939732711	20.9775403341	1.49747538567	3.24991339445	0.0	6.36498975754	46.8299519221	0.563670093815	1.34646535913	0.0	0.0	0.0	0.0194999809998	0.0	0.0	0.0	0.0	0.0	8.87105170477e-06	0.246412140628	0.0	0.000490105313171	0.0	0.48930995663	0.0	39.5200983683	0.0649994509295
1958	315.344965617	1247.42048136	291.772046407	7.5672326088	24.1843398412	1.62748448054	3.49699481328	0.0	6.40999245644	48.83994929	0.880146160722	1.58459455768	0.0	0.0	0.0	0.018499995737	0.0	0.0	0.0	0.0	0.0	8.91701574801e-06	0.319618249933	0.0	0.000492644714541	0.0	0.497734944026	0.0	39.7150977453	0.0749993572632
1959	315.806966146	1257.32007853	291.987042745	8.79712398847	27.6090510686	1.77748369177	3.72659210364	0.0	6.45429841677	50.9711449941	1.23860977093	1.90603479743	0.0	0.0	0.0	0.0174999901404	0.0	0.0	0.0	0.0	0.0	8.96297979125e-06	0.401699369152	0.0	0.000495184120761	0.0	0.50523994863	0.0	39.9048980077	0.0849994824578
1960	316.624966939	1264.11987305	292.283045451	10.2371212641	31.6053601901	1.94694291552	3.93867049615	0.0	6.50498914719	53.2112433116	1.7015230457	2.24940659602	0.0	0.0	0.0	0.01649999246	1.21079905568e-06	6.97844971379e-06	0.0	0.0	0.0	9.00894345553e-06	0.492447475592	0.0	0.000497723531832	0.0	0.513094946742	0.0	40.1185976664	0.0949993922065
1961	317.298962911	1269.46152751	292.602045695	12.1678539117	36.2366644541	2.14122184118	4.16366716226	0.0	6.55499184132	55.5635398229	2.17926724752	2.6376538674	0.0	0.0	0.0	0.0154999916752	9.68639252126e-06	5.58275975588e-05	0.0	0.0	0.0	9.05490742298e-06	0.591652592023	0.0	0.000500262933201	0.0	0.520729954044	0.0	40.3424971898	0.109999033933
1962	318.043963114	1282.57128906	292.945037842	14.6398932934	41.4767780304	2.36568051577	4.39866367976	0.0	6.60441839695	58.0074367523	2.77226026853	3.12915426493	0.0	0.0	0.0	0.0144999902695	1.93727849667e-05	0.000111655195724	0.0	0.0	0.0	9.10087146622e-06	0.699107696613	0.0	0.000502802339421	0.0	0.527874941627	0.0	40.5660969416	0.129998790721
1963	318.649963379	1300.79057821	293.327049255	17.7170330683	47.6045923233	2.62551899751	4.63597031434	0.000143318608631	6.65998760859	60.5074364344	3.51174509525	3.75372376045	0.0	0.0	0.0	0.0134999949951	2.90591774501e-05	0.000209542010756	0.0	0.0	0.0	9.14683550945e-06	0.814602812131	0.0	0.000505341750492	0.0	0.535164937377	0.0	40.8047965368	0.154998345921
1964	319.332962036	1317.37045288	293.685048421	21.4216715495	54.7998050054	2.91959768534	4.87743699551	0.00347772879953	6.71556429068	63.0775330861	4.2541680932	4.50278174877	0.0	0.0	0.0	0.0124999731779	3.87455699335e-05	0.000321818765466	0.0	0.0	0.0	9.19279955269e-06	0.937929918369	0.0	0.000507881147011	0.0	0.542524933815	0.0	41.0546957652	0.179998678466
1965	319.815961202	1331.06028239	294.045038859	25.7097999255	63.0290142695	3.25797563791	5.13517363866	0.0191662719008	6.76442217827	65.6268348694	5.18288942178	5.39110747973	0.0	0.0	0.0	0.0113750261565	5.60693097214e-05	0.000459675856594	0.0	0.0	0.0	9.23876359593e-06	1.06888202826	0.0	0.000510420553231	0.0	0.550849929452	1.04166667635e-05	41.3424959183	0.199998772393
1966	320.879956563	1342.24050903	294.45304362	30.5037337939	72.2479305267	3.65316317479	5.4133695364	0.0394993829541	6.819308122	68.071240743	6.6337899367	6.47253974279	0.0	0.0	0.0	0.0109999863586	0.000119217136671	0.00180552068438	0.0	0.0	0.0	9.28472763917e-06	1.2072421511	0.0	0.000512959959451	0.0	0.559774925311	9.90675819897e-05	41.6524957021	0.219998959452
1967	321.479957581	1354.27155558	294.860046387	35.8664776484	82.6101468404	4.10190111399	5.70702540874	0.0637134943778	6.87998994191	70.4262428284	8.81561648846	7.7742557923	0.0	0.0	0.0	0.0111319617524	0.000223555564541	0.00547635834664	0.0	0.0	0.0	9.33069168241e-06	1.35281226039	0.0	0.000515499365671	0.0	0.570144926508	0.000233465184768	42.0046955744	0.239998733004
1968	322.388956706	1371.65046183	295.269045512	41.9391320546	94.2596645355	4.61564834913	6.01450125376	0.0987291814138	6.93999115626	72.6905473073	11.549276193	9.38384342194	0.0	0.0	0.0	0.0145287734146	0.000360778462588	0.0106742110414	0.0	0.0	0.0	9.37665572565e-06	1.50538238883	0.0	0.000518038771891	0.0	0.582704926531	0.000405828456375	42.4114961624	0.269998016457
1969	323.250956217	1389.34175618	295.681042989	48.9226074219	107.289180756	5.20384514332	6.33414701621	0.143262746433	6.99999157588	74.8699499766	14.6497403781	11.1916377544	0.0	0.0	0.0	0.026607460808	0.000513466191478	0.0166778135269	1.21657736922e-06	0.0	9.67910809398e-06	9.42261976888e-06	1.66474247972	0.0	0.000520578178111	0.0	0.597669919332	0.000613187221461	42.8623962402	0.299998372793
1970	324.782956441	1411.10051473	296.09803772	56.9532553355	121.649188995	5.88241124153	6.66431196531	0.203540499012	7.05999350548	76.9699529012	17.680185159	13.0937470595	0.0	0.0	0.00106517535945	0.0429551592097	0.000788675635704	0.0227815164253	8.55712115329e-06	0.0	6.79373982469e-05	9.46858350896e-06	1.83067260186	0.0	0.000523117584332	0.0	0.617444912593	0.000864905751466	43.4013964335	0.324998572469
1971	325.39995575	1431.12096151	296.522043864	65.846508344	137.13820521	6.66077709198	7.00438114007	0.274415233483	7.11941230297	78.9899584452	20.8154778481	15.1200554371	0.0	0.0	0.0210731265446	0.061202232105	0.00339163583703	0.0291816202613	1.00613026461e-05	0.0	7.89022033132e-05	0.000687500122391	2.00298270583	0.0	0.000525656990552	0.0	0.642444903652	0.00115691999478	44.0078964233	0.354998114208
1972	327.348953247	1449.29001872	296.955039978	75.6708869934	153.856226603	7.55364219348	7.35667967796	0.348219918708	7.18431731065	80.9293607076	24.91669782	17.3523899714	0.0	0.0	0.0699998416627	0.081566238155	0.0101071771933	0.0366138257086	1.03903187968e-05	0.0	8.0373023593e-05	0.00250000011874	2.18145283063	0.0	0.000528196396772	0.0	0.674074883262	0.0014849442717	44.6886959076	0.389997877181
1973	329.908950806	1462.86067708	297.399040222	86.8726158142	172.257263184	8.5764567852	7.72394796213	0.438013556103	7.25566351414	82.7930634816	30.3258366585	19.9276947975	0.0	0.0	0.11499984314	0.10753153575	0.0209215947737	0.0451821302995	1.0719714813e-05	0.0	8.18455440215e-05	0.00506250015072	2.36588293314	0.0	0.000530735802992	0.0	0.713879878322	0.00186051958978	45.4546953837	0.424998010198
1974	330.755953471	1476.14090983	297.855041504	99.5389022827	192.564247131	9.74806046486	8.1089365085	0.543196139236	7.31950370471	84.5931663513	36.7685044607	22.5255829493	0.0	0.0	0.161269842337	0.146534775694	0.0349838930803	0.0549907345946	1.10494915286e-05	0.0	8.33197633862e-05	0.00800000006954	2.5560430487	0.0	0.000533275209212	0.0	0.764989872773	0.00227316618354	46.3425954183	0.459997922182
1975	330.82695516	1491.7409668	298.326044718	112.331763585	213.235224406	11.0957428614	8.51440660159	0.661696677407	7.38922723134	86.3287684123	42.7200161616	25.1791245143	0.0	0.0	0.194999842594	0.203307821105	0.0516807911918	0.0661434400827	1.13796486403e-05	0.0	8.63785007823e-05	0.0109375002018	2.75175313155	0.0	0.000535814615432	0.0	0.828489879767	0.00272332302605	47.3576958974	0.499997618298
1976	331.544949849	1509.11095174	298.814043681	124.730747859	232.997221629	12.6364352703	8.95510697365	0.811808178822	7.46557422479	87.9930712382	49.0417690277	28.1961154938	0.0	0.0	0.229999842743	0.277511985352	0.0871569874386	0.0803551431745	1.17101874366e-05	0.0	0.00743271612252	0.013500000195	2.9527832667	0.0	0.000538354021652	0.0	0.887209872405	0.00321537646232	48.2760953903	0.544380327066
1977	333.352945964	1527.68094889	299.319035848	136.79569753	251.994206746	14.4787170887	9.43187912305	0.983641674121	7.53441385428	89.5924739838	57.537214915	31.4077982903	0.0	0.0	0.264999840409	0.369696974754	0.150426984454	0.0982971489429	1.20411074628e-05	0.0	0.0268957953279	0.0153125002204	3.15894337495	0.0	0.000540893427872	0.0	0.949079861244	0.00374026844899	49.2924950918	0.5945511808
1978	335.00994873	1546.89089966	299.845039368	148.00458018	270.001182556	15.9630473455	9.92663121223	1.17364515861	7.60931913058	91.1318766276	68.5734001795	35.7235768636	0.0	0.0	0.298729831974	0.476307667792	0.230200976133	0.118508052702	1.23724095526e-05	0.0	0.0541366950298	0.0160000001391	3.37000350157	0.0	0.000543432824391	0.0	1.02115985751	0.00430095859338	50.4394950867	0.659995734692
1979	336.604947408	1566.16085815	300.393038432	157.638473511	286.494158427	17.6831269264	10.4212334951	1.37826464574	7.68999155362	92.6130809784	78.1817938487	40.4890995026	0.0	0.0	0.342519765099	0.589376807213	0.315191976726	0.139529058089	1.14873973113e-05	0.0	0.0849026944488	0.0160000001391	3.73000365496	0.0	0.000545972235462	0.0	1.0948198537	0.00488944995838	51.5573946635	0.769992639621
1980	338.704945882	1584.94073486	300.965039571	166.077521006	302.182250977	20.1673882802	10.8977355162	1.59395412604	7.76999382178	94.1031723022	85.1592858632	44.5514891942	0.0	0.0	0.411785647273	0.709716618061	0.394108968476	0.159896060824	5.51938156453e-06	0.0	0.114940992867	0.0110000000568	4.13000384967	0.0	0.000548511641682	0.0	1.17350982626	0.00550000004781	52.7226950328	0.889993036787
1981	340.058949788	1602.65062459	301.562034607	174.738503774	319.420130412	23.2569732666	11.3498380979	1.84249335527	7.84940163294	95.31219546	90.8291212718	48.6622063319	0.0	0.0	0.504999622703	0.835245683789	0.468744955957	0.180000065515	1.07544043052e-05	0.0	0.139999994387	0.00300000011096	4.56000395616	0.0	0.000551051043052	0.0	1.26018983126	0.00651515449863	53.975795428	0.999993642171
1982	340.643941243	1618.73053996	302.187042236	183.27747345	335.143269857	27.2989114126	11.8054407438	2.1446325779	7.93499151866	96.4502913157	95.1621220907	52.7640921275	0.0	0.0	0.597249617179	0.972899203499	0.55321294566	0.200000073761	1.27557183684e-05	0.0	0.160000000149	0.00200000012289	4.97000376383	0.0	0.000553590454122	3.74191587108e-06	1.3425698479	0.00812351036196	55.1093959808	1.11999261379
1983	342.265947978	1632.62014771	302.842041016	191.167322795	352.506095886	30.8306733767	12.1942355633	2.49999189377	8.01999636491	97.675790151	99.437959671	56.7864878972	0.0	0.0	0.672999694943	1.14495952924	0.651974951228	0.219500078509	1.16912848777e-05	0.0	0.179999993493	0.011000000212	5.27000423272	0.0	0.000556129860342	3.17043328929e-05	1.40989983082	0.00993688233818	56.1626958847	1.23999305566
1984	344.007947286	1643.50085449	303.528038025	199.967141469	366.799232483	34.799226443	12.6429242293	2.84999132156	8.1037402153	98.9399859111	103.946222941	60.742489179	0.0	0.0	0.721713746587	1.295939068	0.775712947051	0.246125082175	3.96903745781e-06	0.0	0.19999999553	0.0170000002254	5.53000446161	0.0	0.000558669261712	7.40227002704e-05	1.4820398291	0.01194086407	57.2673950195	1.35999290148
1985	345.458953857	1655.9104716	304.247039795	214.033454895	383.267250061	39.652387619	13.1441099644	3.18729092677	8.19998947779	100.181996028	108.216436386	64.8002090454	0.0	0.0	0.754999766747	1.41598164042	0.935456926624	0.265208087862	8.5687741489e-06	0.0	0.219999997566	0.0170000001478	5.87000453472	0.0	0.000561208672783	0.000118110073648	1.56876984239	0.0147270707724	58.3761952718	1.49999128779
1986	346.902946472	1668.79114787	305.002037048	222.339684804	402.41221873	44.6081072489	13.6997947693	3.64999057849	8.29499530792	101.67297554	111.073150635	69.1396401723	0.0	0.0	0.787921731671	1.57411137223	1.13297991951	0.279167093337	1.20431928915e-05	0.0	0.259999992947	0.0180000001565	6.31000479062	0.0	0.000563748079003	0.000260370288743	1.65024983883	0.0180134850865	59.2837959925	1.64999114474
1987	348.774945577	1683.74978638	305.793034871	233.335641225	423.347417196	50.8308210373	14.2554960251	4.10555024942	8.38933094343	103.073980331	114.913905462	73.9843972524	0.0	0.0	0.839189589024	1.77116020521	1.34630991022	0.299500100315	2.90353652114e-05	0.0	0.289999989172	0.0220000001912	6.71000508467	0.0	0.000566287480372	0.000690460248734	1.73495982091	0.0230000000447	60.2486953735	1.79999123017
1988	351.275932312	1693.94092814	306.624043783	244.825754801	449.323112488	57.8955987295	14.7567155361	4.49442990621	8.48999317487	104.169017156	120.276362737	79.5381361643	0.0	0.0	0.950459331274	1.97292027871	1.54821989934	0.324250102043	3.18854345096e-05	7.70886460183e-05	0.329999993245	0.0200000003291	7.22000575066	0.0	0.000568826891443	0.00149308843538	1.82623981436	0.0284999998597	61.2551949819	1.96998947859
1989	352.893923442	1705.6304423	307.83102417	256.589312236	468.072174072	64.4958353043	15.212542057	4.949989597	8.58939377467	105.882933299	124.941404343	85.3903141022	0.000112039661265	0.0	1.12157906095	2.1840911905	1.72235990564	0.355750098825	3.2844094676e-05	0.000544930439598	0.389999993145	0.0140000001993	7.76000618935	0.0	0.000571366297663	0.00261539721396	1.92317979534	0.0354999999205	62.2913951874	2.149989446
1990	354.072931925	1717.40067546	308.683036804	263.085197449	482.756057739	70.8188330332	15.5739843051	5.40554936727	8.69433983167	106.468029022	128.825914383	90.9835898081	0.0337684700498	0.0	1.44777795672	2.42514069875	1.87624992927	0.380000102023	0.0020911950869	0.00775527893469	0.439999987682	0.0140000001217	8.2800060908	0.0	0.000573905699033	0.00402566528646	2.01888982455	0.0424999995157	63.3211952845	2.34998770555
1991	355.352938334	1729.33055623	309.233037313	267.790153503	493.784210205	76.4864673615	15.7520213922	5.79998910427	8.80499251684	105.853048325	137.221707662	96.4024937948	0.0664805960453	0.0	2.22152656317	2.66514597336	2.02059992154	0.405000095566	0.0306922237699	0.075825581948	0.489999997119	0.0170000000702	8.82000629107	0.0	0.00165151963787	0.00570925336797	2.11314980189	0.0509999999776	64.3460944494	2.55998758475
1992	356.228947957	1740.13926188	309.725039164	270.775932312	505.867980957	80.4037558238	15.8999348481	6.19998908043	8.91499400139	104.983073552	134.44718043	101.492278417	0.170776226868	0.0	3.30051585039	2.81720225016	2.16134989262	0.430500097573	0.0948281362653	0.196005654832	0.519999980927	0.0260000006917	9.34000643094	0.0	0.00585684911736	0.00765157149484	2.20022984346	0.0604999999826	65.2670955658	2.7699876825
1993	356.924959819	1743.10068766	310.099052429	271.168774923	511.988095601	82.416238149	16.0666395823	6.60712929567	9.02716143926	104.323041916	127.533143997	105.417341232	0.714616167049	0.0	4.47598530849	3.0058298111	2.29251994689	0.450833079716	0.19552044943	0.364916719496	0.569999928276	0.0330000047882	9.94000768661	0.0	0.0126221993317	0.00983797960604	2.28370982409	0.0710000004619	66.0913944244	2.9899867177
1994	358.253959656	1748.6203715	310.808029175	269.627792358	518.214075724	83.3602701823	16.0999430021	6.95535027981	9.13161754608	103.570067088	117.317963282	110.944409053	2.23833948374	0.0	5.68736477693	3.21689178546	2.40252993504	0.46541706721	0.327725765606	0.612369264166	0.63999979198	0.0370000045126	10.6000081698	0.0	0.0214515992751	0.0122538777844	2.36793980996	0.0819999997814	66.8747965495	3.20998718341
1995	360.23895518	1755.22962443	311.279055278	268.103851318	524.657099406	83.8378874461	16.1374462446	7.2499919335	9.13146940867	102.889048258	104.994990031	116.047530492	3.74745929241	0.0	6.54466180007	3.43907696009	2.49110990763	0.475000041227	0.481656956176	1.64919925729	0.759999548395	0.0420000037799	11.2700082461	0.0	0.0319744991139	0.014884675853	2.4555798173	0.0945000002782	67.6278966268	3.42998705308
1996	362.00496165	1757.19059245	312.298019409	266.755841573	531.407999674	83.9453023275	16.2499489784	7.55749348799	9.06367564201	102.311041514	91.0049711863	124.728498459	6.03692909082	0.0	7.8665702343	3.60230207443	2.56999993324	0.486250035465	0.649787152807	3.23189451297	0.939999217788	0.0490000105153	11.9900081952	0.0	0.043820599094	0.0177156738937	2.55225980282	0.109000000482	68.3605963389	3.65998627742
1997	363.251955668	1761.50107829	313.183031718	265.291852315	534.963043213	83.5211327871	16.362446785	7.81332457066	9.14043243726	101.242082596	77.6003055573	127.37702624	7.71476896604	0.0	8.95998080571	3.78029572964	2.6506699721	0.490000036856	0.824819336335	5.3993079265	1.20999877652	0.0600000129392	12.7500085036	0.0	0.0566191996137	0.020732271485	2.66100978851	0.12400000232	69.0698960622	3.88998649518
1998	365.932955424	1770.29067993	313.90700531	263.883865356	537.667027791	82.9649251302	16.3999457359	7.95416518052	9.25463414192	100.316047033	65.376964887	134.272824605	9.83633883794	0.0	9.96147974332	3.8873608311	2.72499996424	0.490000041823	0.999452536305	8.11063150565	1.52999815345	0.0730000262459	13.5400090218	0.0	0.0699999984354	0.0263392683119	2.7814497749	0.139999998113	69.7785968781	4.10998761654
1999	367.844978333	1778.19951375	314.708989461	262.545862834	540.143035889	82.3826344808	16.449953874	8.04999581973	9.09377773603	99.3308728536	54.6186688741	138.680901845	11.3847985268	0.0	11.3542868296	3.99972919623	2.80267000198	0.490000031888	1.2204217116	11.1219689846	1.93999732534	0.08600003769	14.3000109196	4.14879003567e-06	0.089999989296	0.0324154651413	2.90819976727	0.156499999265	70.4759953817	4.35864365101
2000	369.124974569	1778.01012166	315.758995056	261.169845581	542.382990519	81.9984169006	16.4999637604	8.14999683698	8.8295229276	98.2719688416	45.6298144658	143.461437225	13.1213984489	0.0	12.1027889252	4.12788784504	2.86237996817	0.490000029405	1.60371191303	14.6918947697	2.42999637127	0.106000050902	15.1200101376	2.94564160868e-05	0.169999962052	0.0405473597348	3.03870973984	0.172499998162	71.1734956106	4.56380856037
2001	370.672988892	1776.5307312	316.493016561	259.549835205	543.19501241	81.4894282023	16.5499798457	8.26249861717	8.35489320755	97.3579572042	37.9237127304	149.257394155	14.5449984074	0.0	13.0525918802	4.22090844313	2.89428999027	0.490000031888	1.97833209236	19.7022956212	2.96999526024	0.132000050197	15.8800094128	0.000259714122876	0.269999934981	0.0506596506263	3.16291979949	0.188499999543	71.8547960917	4.77684704463
2002	372.834993998	1778.96094767	317.10101827	257.668790181	543.655985514	80.8180338542	16.5999755859	8.29999844233	8.33390919367	96.3429667155	31.9174669584	154.425270081	15.7395981948	0.0	13.6930905183	4.2806588014	2.93817994992	0.490000031888	2.5270122687	23.515457948	3.52999411027	0.159000067661	16.5600105921	0.00283278944941	0.389999901255	0.0612875393902	3.2808697621	0.201499999811	72.5125954946	4.99050748348
2003	375.410998027	1783.58981323	317.7300059	255.412808736	543.351003011	80.1018358866	16.5999523799	8.32076859474	8.22252782186	95.3453617096	26.717827479	158.996405284	16.8900984128	0.0	14.4090902805	4.31900839011	2.99712997675	0.488825033108	2.91395250956	27.5170830091	4.22382285198	0.189000091205	17.2600111961	0.067158156385	0.502713861565	0.0730678296338	3.42511979739	0.21350000302	73.2844944	5.20786694686
2004	376.987002055	1784.23028564	318.357017517	253.193799337	542.848002116	79.2667433421	16.5900600751	8.34197878838	8.01933062077	94.3884595235	22.2226813634	164.706395467	17.3345988592	0.0	15.0634929339	4.34015937646	3.03593995174	0.485722037653	3.54512268305	31.544722875	5.00792149703	0.233000118285	18.0600136121	0.237973919759	0.824737817049	0.0867222193629	3.57799979051	0.223999998222	74.130095164	5.43519639969
2005	378.907007853	1783.36043294	319.13000234	250.914803823	542.145975749	78.7316188812	16.5422728856	8.34686907132	7.9312975804	93.415658315	18.5573294957	170.479490916	17.6781984965	0.0	15.6821935177	4.35482724508	3.0733499527	0.481325035294	4.23199295998	36.6047188441	5.88138024012	0.285000135501	18.9700153669	0.466456885139	1.27576979001	0.102392907565	3.69719982147	0.233500000089	74.9827931722	5.65600725015
2006	381.010007222	1783.42122396	319.932998657	248.664798737	540.649963379	78.1281318665	16.5144844055	8.36890920003	7.67986861865	92.3141638438	15.4582436879	177.605541229	18.4549988111	0.0	16.6478926341	4.33484947681	3.11841994524	0.476269039015	4.82896316051	40.8616584142	6.62783896923	0.360000153383	20.0500181516	0.706620847185	1.60655975342	0.119628898799	3.7672397693	0.241000000387	75.7762921651	5.89185563723
2007	382.603019714	1788.95131429	320.646013896	246.413829803	538.425984701	77.3146406809	16.4906829198	8.36018872261	7.65165555477	91.1294663747	12.8341231346	185.020570119	19.1241987546	0.0	17.7300925255	4.30901670456	3.13680996497	0.468450039625	5.5093836387	45.3168420792	7.37440820535	0.430000178516	21.274523735	0.912475819389	2.10041971008	0.138230890036	3.86443976561	0.247999999672	76.4755935669	6.16400317351
2008	384.739018758	1798.41964722	321.574991862	244.476821899	536.333969116	76.4736423492	16.4586774508	8.38267842929	7.47053829829	89.8733685811	10.9358497461	193.09755071	19.5464989344	0.0	18.9282925924	4.2476293246	3.1567599376	0.462309042613	6.42928393682	49.7193403244	8.32661596934	0.500000196199	22.0068187714	1.08049976826	2.7087196509	0.157816880693	3.94285982847	0.253499997159	77.1549962362	6.45354266961
2009	386.280021667	1802.10118612	322.275006612	242.460824331	533.775980632	75.923819224	16.4216860135	8.38901885351	7.17111265659	88.5735740662	9.14528242747	200.314487457	19.8701987267	0.0	19.9307923317	4.18954785665	3.18356998761	0.462017029524	7.70602369308	52.7659311295	9.35536535581	0.570000236233	22.6582139333	1.22253980239	3.00231961409	0.177476880451	4.01599987348	0.257999998828	77.7338949839	6.72832425435
2010	388.717030843	1807.85066732	323.140993754	240.451810201	531.281967163	75.3390312195	16.4150900841	8.38635905584	7.12516419093	87.3809585571	7.66266560555	207.745548248	20.6794986725	0.0	20.5368930499	4.12159891923	3.19606999556	0.458197027445	8.96319444974	57.8515370687	10.4269839128	0.650000254313	23.2965143522	1.38274980585	3.92098945379	0.196901878963	4.09262986978	0.262999999026	78.3737945557	7.01020292441
2011	390.944020589	1813.07019043	324.158983866	238.245812734	528.532969157	74.6382344564	16.3613843918	8.38700906436	7.10648842653	86.0587825775	6.30595370134	214.559374491	21.5611987114	0.0	21.3541940053	4.04886809985	3.23095999161	0.450772022208	10.4648048878	62.847949028	11.9214850267	0.740000257889	24.1342159907	1.55515975753	5.17197946707	0.21967886885	4.17036982377	0.266999999682	79.0405947367	7.30732218424
2012	393.015991211	1815.26123047	325.004992167	236.206837972	525.833974202	73.9786294301	16.3402870496	8.40552941958	6.98785674572	85.0142459869	5.24533085028	220.108404795	22.5435986519	0.0	21.6198938688	3.96423800786	3.2525399526	0.44370101889	11.7412056923	67.7508716583	12.8450845877	0.830000261466	24.9883173307	1.75078976154	5.64216931661	0.23203588898	4.24479985237	0.271000000338	79.7891941071	7.59847331047
2013	395.724978129	1822.58084106	325.918991089	234.380867004	523.114969889	73.3049341838	16.3272802035	8.42128960292	6.84884448846	83.8910783132	4.36362550656	226.130363464	23.4146987597	0.0	22.2076942126	3.8617884318	3.30599999428	0.436526020368	13.9466063182	74.7700621287	14.5226824284	0.930000275373	26.0276222229	1.92953974009	7.50248924891	0.242738893876	4.32877969742	0.275000003477	80.5326932271	7.91087031364
2014	397.546979268	1831.47099813	326.987991333	233.079869588	520.580968221	72.7107251485	16.3065678279	8.42900935809	6.68609023094	83.0699316661	3.68027124802	229.542065938	23.8090985616	0.0	22.0756944021	3.7536577781	3.29760998487	0.431062030296	15.3550077279	80.5157286326	15.2527809143	1.00567026436	26.8904350599	2.04736973842	8.33696897825	0.247262893866	4.39872968197	0.279000001649	81.0924905141	8.22143308322
2015	399.948722839	1841.94596354	328.179570516	231.451946259	518.019271851	72.0745226542	16.2976943652	8.46001633008	6.66696341832	82.1186599731	3.2219174703	233.695632935	24.2254625956	0.0	22.0501759847	3.65273422003	3.28441896041	0.426127783954	17.7539576689	84.7668043772	16.742682457	1.09114609162	27.9463195801	2.2238617142	9.83442680041	0.252855821202	4.48009312153	0.284342065454	81.8340072632	8.56844584147
2016	403.116963704	1851.59406535	329.075978597	229.592604319	514.584838867	71.4100411733	16.2742176056	8.48882341385	6.88419381777	80.8688894908	2.60392496983	237.728848775	24.5268076261	0.0	22.2597993215	3.54718055328	3.29895913601	0.418862037361	21.1880941391	90.2767524719	19.4015118281	1.20038166642	28.9061927795	2.44074032704	12.7098007202	0.265529955427	4.56390869617	0.289958000183	82.6891174316	8.88445583979
2017	405.799954732	1873.68919881	329.78998057	226.308719635	508.818936666	70.5700473785	16.2177101771	8.53116424878	6.61127837499	79.5209929148	2.03574764729	240.949881236	24.8808070819	0.0	22.1276992162	3.43574043115	3.30438913902	0.410846027235	23.5829927127	96.3214689891	20.7852168083	1.28229153156	29.8458946546	2.63675026099	13.1669004758	0.275356975694	4.60726908843	0.295460999012	83.1511135101	9.18251713117
2018	408.782961528	1886.66098022	330.562978109	223.639713287	504.259905497	69.8156394958	16.1780083974	8.5758442084	6.67030553023	78.1173934937	1.65307961901	243.352912903	25.2291073799	0.0	22.1223990122	3.32701047262	3.3077592055	0.403494020303	28.0455910365	101.787445068	23.2918197314	1.39216164748	30.637196064	2.91851029793	13.8807003498	0.285381975273	4.68028910955	0.302052999536	83.9225139618	9.51112659772
2019	411.840960185	1898.59054565	331.350975037	220.942710876	499.649915059	69.0654411316	16.1328072548	8.61818401019	6.73799665769	76.6665948232	1.34185703595	244.984938304	25.5839076042	0.0	22.0847991308	3.21682047844	3.30914922555	0.396073025962	33.2926896413	107.538948695	26.1846224467	1.51222177347	31.2240974108	3.24456026157	13.8047002951	0.29537897557	4.75715907415	0.308995003502	84.7192141215	9.84283677737
2020	414.981956482	1909.54056803	332.153973897	218.222707113	495.003916423	68.3197409312	16.0828065872	8.65826400121	6.80739649137	75.1762975057	1.08841287096	246.010954539	25.9409074783	0.0	22.0198993683	3.10590048631	3.30866926908	0.388602023323	39.2969888051	113.54829216	29.4553249677	1.64214188854	31.6072983742	3.60904031992	13.0779999892	0.305338981251	4.83788899581	0.316285001735	85.5414155324	10.1776068211
2021	418.204963684	1919.56062826	332.973973592	215.481705983	490.334912618	67.578941981	16.0285056432	8.69617374738	6.87662835916	73.6536986033	0.882392913103	246.563013713	26.2965071996	0.0	21.9319996834	2.99487042427	3.30639926593	0.381094021102	46.0313879649	119.794579824	33.0956268311	1.78161197901	31.7877987226	4.00676037868	11.8166000843	0.315258977314	4.92246901989	0.323924998442	86.3888142904	10.5155069828
2022	421.529958089	1929.57076009	333.803975423	212.724703471	485.652910868	66.8432401021	15.9705050786	8.73200368881	6.89775244395	72.1053009033	0.714964558681	246.036089579	26.6166071892	0.0	21.8088994026	2.88429045677	3.30243933201	0.373566024005	53.3922866186	126.050450007	37.0756285985	1.92773206035	31.8590989113	4.43170038859	10.4212002754	0.324647980432	5.00754912694	0.331607997417	87.2409146627	10.8567068577
2023	424.968958537	1940.41078695	334.639973958	209.954704285	480.967910767	66.1129391988	15.9093044599	8.76581350962	6.85792477926	70.5372021993	0.579185833534	244.021120707	26.8735073407	0.0	21.6409993172	2.7746404012	3.29686935743	0.366031018396	61.2799857457	132.113160451	41.3662312826	2.07771215836	31.9142990112	4.87877047062	9.22177998225	0.333051979542	5.08977913857	0.339030998449	88.0768140157	11.2014071941
2024	428.519950867	1952.01083374	335.481974284	207.173700968	476.285914103	65.3883399963	15.8453038534	8.79767338435	6.80161527793	68.9550037384	0.469068619112	240.965148926	27.0754073461	0.0	21.4370992978	2.66632040342	3.28977938493	0.358500018716	69.6763852437	137.996929169	45.9610331853	2.23144219319	31.9535989761	5.34512039026	8.18395006657	0.340535975993	5.16915917397	0.346193000674	88.8965142568	11.5495069822
2025	432.181950887	1964.32086182	336.327972412	204.384702047	471.613917033	64.6695391337	15.778803587	8.82767335574	6.74103399118	67.363503774	0.379813611507	237.212158203	27.2299071948	0.0	21.2046993574	2.55967040857	3.28124936422	0.350985010465	78.5639839172	143.713705699	50.8535359701	2.38881230354	31.9768988291	5.82828048865	7.27943007151	0.347159981728	5.24568923314	0.353093003233	89.7001132965	11.9012072086
2026	435.953948975	1977.28090413	337.179972331	201.591701508	466.95690918	63.9566396077	15.7102030913	8.85588312149	6.67950328191	65.7673060099	0.307478653888	233.021209717	27.343407313	0.0	20.9500994682	2.45499040683	3.27134939035	0.343497015536	87.9256827037	149.276504517	56.0375382106	2.54971239964	31.9843991597	6.32606053352	6.48479004701	0.352978977064	5.31937925021	0.359732997914	90.4875138601	12.2563072046
2027	439.834950765	1990.84093221	338.03797404	198.795702616	462.318911235	63.2496388753	15.6398026148	8.8823530674	6.61790211995	64.1705055237	0.248875189573	227.891279856	27.3860069911	0.0	20.6579993566	2.35250039895	3.26014943918	0.336043017606	97.7451814016	154.697312673	61.5070400238	2.71402243773	31.9761991501	6.83656048775	5.78070008755	0.358043976128	5.39021929105	0.36611200124	91.2587121328	12.6149073442
2028	443.823951721	2004.95092773	338.899973551	196.000701904	457.702911377	62.5488389333	15.5679023266	8.90716298421	6.55643145243	62.5768057505	0.201403862486	221.475296021	27.3327064514	0.0	20.3159998258	2.25242036581	3.24771942695	0.328634021183	108.006979624	159.985141754	67.2559420268	2.88165253401	31.9523995717	7.35810057322	5.15118002892	0.362405980627	5.45820919673	0.372230999172	92.0138130188	12.9769074122
2029	447.923952738	2019.56099447	339.767977397	193.206701914	453.111913045	61.8540379206	15.4946020444	8.93036286036	6.49514003595	60.9894065857	0.16296109433	214.247319539	27.1988064448	0.0	19.9347995122	2.15490037203	3.23412944873	0.321277012428	118.693977992	165.149969737	73.2783457438	3.05250261227	31.912999471	7.88923060894	4.58309002717	0.366107977927	5.52334932486	0.378088998298	92.752711614	13.3425074418
2030	452.131947835	2034.63100179	340.640973409	190.416703542	448.547917684	61.1654373805	15.4201019605	8.9520128568	6.43399043878	59.4115079244	0.131833155329	206.563317617	26.9976062775	0.0	19.5236996015	2.06006032228	3.21943950653	0.313980010649	129.793978373	170.200836182	79.5684458415	3.22646270196	31.8580994606	8.42866047223	4.06556004286	0.369192977746	5.58563935757	0.383685998619	93.4755121867	13.7115075588
2031	456.45194753	2050.11106364	341.519976298	187.633703868	444.012914022	60.4829374949	15.344701608	8.97217265765	6.37300622463	57.8458083471	0.10663619327	198.687360128	26.7407059669	0.0	19.090499719	1.96801031629	3.20371947686	0.306749011079	141.289976756	175.145674388	86.120648702	3.40345271428	31.7877993584	8.97527050972	3.58969002962	0.371702981492	5.64508934816	0.389024001857	94.1821111043	14.0840076605
2032	460.893948873	2066.46122233	342.401974996	184.858703613	439.508913676	59.8067366282	15.2684014638	8.99090250333	6.31906080246	56.294708252	0.0862347769241	190.15541331	26.4040055275	0.0	18.6216996511	1.87881032626	3.18701952696	0.299590008954	152.990979513	179.872305552	92.8602498372	3.5801127553	31.7085995674	9.51597062747	3.16922003031	0.373644985259	5.70219933987	0.394147997101	94.8755105337	14.4595076243
2033	465.469945272	2084.05124919	343.285975138	182.092706045	435.036921183	59.1367365519	15.1914012432	9.00826239586	6.27417091529	54.7604084015	0.0697213951498	180.644421895	25.9675051371	0.0	18.1065996488	1.79251032074	3.16939949989	0.292510010302	164.707978566	184.276854197	99.7140515645	3.75321274996	31.6269995372	10.0393006007	2.81549002727	0.375030981998	5.75748936335	0.399105002483	95.558511734	14.8375077248
2034	470.178937276	2102.80131022	344.17297109	179.33870697	430.597915649	58.4729366302	15.1139010588	9.02428245544	6.23216001193	53.2448094686	0.0563525926943	170.600428263	25.4498052597	0.0	17.556599617	1.70913031697	3.15091957649	0.285513013601	176.440976461	188.383466085	106.680053075	3.92285275459	31.5431993802	10.5476007462	2.51669005553	0.375900986294	5.81095937888	0.40389499565	96.2313117981	15.2181077798
2035	475.020942688	2122.62137858	345.062973022	176.597709656	426.191919963	57.8153359095	15.0359009902	9.03901219368	6.19125946363	51.7496089935	0.0455440692604	160.354423523	24.8667049408	0.0	16.9814998309	1.62869027257	3.13161957264	0.27860300988	188.188975016	192.215099335	113.755053838	4.08914279938	31.4570997556	11.042700688	2.26311002175	0.376289981107	5.86259949207	0.408518001437	96.893810908	15.6013077895
2036	479.994936625	2143.4113973	345.9549764	173.871711731	421.820922852	57.1639359792	14.957600832	9.05252226194	6.15090890725	50.2763090134	0.0367935402319	150.150416056	24.2322044373	0.0	16.3894996643	1.55118027329	3.11154955626	0.271784012516	199.951975505	195.794770559	120.937055588	4.2521828413	31.3686997096	11.5263006687	2.04672000806	0.376230982443	5.91241951783	0.412973001599	97.5459105174	15.9870079358
2037	485.101933797	2165.09147135	346.8499705	171.160711924	417.483914693	56.5187349319	14.8789008458	9.06484214465	6.1109281381	48.8262097041	0.0297286426648	140.160397847	23.558204174	0.0	15.7876997789	1.47658026218	3.09076964855	0.265060007572	211.729972839	199.14045461	128.225057602	4.41207281748	31.2780998548	12.0000007947	1.86088001728	0.375754982233	5.96040948232	0.417261004448	98.1878096263	16.375207901
2038	490.343935649	2187.58150228	347.746973674	168.465714773	413.181922913	55.8795353572	14.8000006676	9.07602206866	6.07120768229	47.4004096985	0.0240060250896	130.508378983	22.8550039927	0.0	15.1817998091	1.40485025446	3.0693196257	0.258434010049	223.519973755	202.271176656	135.614059448	4.56890281041	31.1852995555	12.4650007089	1.7001500229	0.374889984727	6.0065895319	0.421382995943	98.8193098704	16.7660080592
2039	495.719932556	2210.82149251	348.646972656	165.789714813	408.914919535	55.2464342117	14.7210005919	9.08610192935	6.03168678284	45.9999097188	0.0193923752134	121.274358749	22.1313039462	0.0	14.5768997669	1.33597023288	3.04723962148	0.251907009631	235.323972066	205.20289739	143.105058034	4.7227628231	31.0901996295	12.922400713	1.56005003055	0.373663981756	6.05093955994	0.425336999198	99.4405097961	17.1593079567
2040	501.232933044	2234.73173014	349.548975627	163.132720947	404.68291982	54.6194343567	14.6419006189	9.0951218605	5.99231712023	44.6254097621	0.01565369335	112.509338379	21.3947035472	0.0	13.9767998854	1.26987023155	3.02457960447	0.245484009385	247.138971965	207.949682872	150.693060557	4.87374281883	30.9930995305	13.3731007576	1.43687999249	0.372098982334	6.09345956643	0.42912499855	100.051009496	17.5551079114
2041	506.88293457	2259.2409668	350.452974955	160.494720459	400.485918681	53.9984340668	14.5627003511	9.10312183698	5.95302371184	43.2777093252	0.0126418743748	104.243317922	20.6517036756	0.0	13.384999911	1.20650023222	3.00135968129	0.239166010171	258.965974172	210.525413513	158.378060659	5.02192274729	30.893699646	13.8179008166	1.32760002216	0.370217981438	6.13416961829	0.432746000588	100.652009328	17.9535077413
2042	512.472933451	2278.76981608	351.33097585	157.878721873	396.323921204	53.3832330704	14.4835004012	9.11013150215	5.91838065783	41.9572102229	0.0102088745528	96.4655990601	19.9130029678	0.0	12.8054000537	1.14580020308	2.97763965527	0.232955007503	270.272977193	212.63760376	165.858056386	5.1612825791	30.7925000191	14.2045008341	1.22961003582	0.367826983333	6.17277952035	0.436174996197	101.233009974	18.345407486
2043	517.817942301	2288.11946615	352.151977539	155.283725739	392.196922302	52.7740335464	14.4044003487	9.11619170507	5.8879323403	40.6644096375	0.00825892039575	89.157579422	19.1862031619	0.0	12.2410000165	1.08771021167	2.95343967279	0.226851008832	280.545977275	213.999526978	172.838054657	5.28588247299	30.689499855	14.4860008558	1.14046000441	0.364723987877	6.2090395689	0.439391004543	101.786008835	18.721807162
2044	522.936940511	2288.0489502	352.916971842	152.711729685	388.105926514	52.1707334518	14.3253002961	9.12135148048	5.85549279054	39.3998095194	0.00668512723253	82.3137613932	18.470802784	0.0	11.6923000813	1.03215019902	2.92880974213	0.220858007669	289.809977214	214.646591187	179.325054169	5.39597241084	30.5845998128	14.6733007431	1.05804001292	0.360918983817	6.2429296573	0.442390998205	102.310008367	19.0826066335
2045	527.838943481	2279.24851481	353.625974019	150.162729899	384.049924215	51.5734326045	14.2463003	9.12562155724	5.8197833697	38.1637102763	0.0054170768708	75.9224427541	17.766602993	0.0	11.1596000989	0.979062184691	2.9037796855	0.214976008981	298.089978536	214.60966746	185.326048533	5.49182228247	30.4774998029	14.7763008277	0.980716024836	0.356428985794	6.27446965377	0.445175006986	102.806008021	19.4278068542
2046	532.531936646	2262.34816488	354.278973897	147.63873291	380.029930115	50.9820327759	14.1674002806	9.12906138102	5.78074371815	36.9563102722	0.00439097037694	69.9673258464	17.073902448	0.0	10.6431998412	0.928367182612	2.87839970986	0.209206006179	305.40897878	213.91979599	190.848049164	5.57366220156	30.3682998021	14.8035006523	0.907277012865	0.351268989344	6.30364966393	0.447744001945	103.273007075	19.7576061885
2047	537.022939046	2237.95774333	354.877975464	145.140733083	376.045928955	50.3965317408	14.0888001124	9.13168128332	5.73862397671	35.777709643	0.00356101500802	64.4289089839	16.3931024869	0.0	10.143299977	0.879991168777	2.85268970331	0.203548005472	311.788978577	212.606956482	195.89704895	5.64175204436	30.2565997442	14.7623007298	0.836776008209	0.345458989342	6.33047978083	0.45009800295	103.712006887	20.071805795
2048	541.315938314	2206.61739095	355.421974182	142.668739319	372.097923279	49.8171316783	14.0103001595	9.1335413456	5.6936643521	34.6281092962	0.00288822375781	59.2860943476	15.7246024609	0.0	9.66002003352	0.833861162265	2.82668977976	0.198005006959	317.253985087	210.70116806	200.480041504	5.69633193811	30.142399629	14.6595005989	0.76849800845	0.339018988113	6.35494971275	0.452237998446	104.122006098	20.3705053329
2049	545.413945516	2168.84712728	355.911979675	140.223739624	368.186927795	49.2436316808	13.9320002397	9.13464132945	5.64610421658	33.5073095957	0.00234269793145	54.5166803996	15.0691022078	0.0	9.19331995646	0.789900163809	2.80042974154	0.192576007297	321.822982788	208.229401906	204.602045695	5.73764185111	30.0254996618	14.5010005633	0.701897010207	0.331968987981	6.37704984347	0.454162999988	104.503005981	20.653705279
2050	549.318954468	2125.1067098	356.348978678	137.806746165	364.312927246	48.6761312485	13.854000171	9.13502113024	5.59611519178	32.415409565	0.00189990309688	50.0983664195	14.4270020326	0.0	8.74312996864	0.74802814424	2.77393976847	0.187262004862	325.516977946	205.219696045	208.27104187	5.76591173808	29.9058998426	14.2922005653	0.636567011476	0.32433098803	6.39680981636	0.455872006714	104.856005351	20.9213048617
2051	553.034952799	2075.84686279	356.731976827	135.417748769	360.47592926	48.1146306992	13.7763000329	9.13472119967	5.54385280609	31.3521094322	0.00154038246061	46.0086545944	13.7989020348	0.0	8.3092900912	0.708170140783	2.7472597758	0.182062003762	328.356981913	201.697990417	211.491038005	5.7813915809	29.7834997177	14.0379005273	0.572203010321	0.31612598896	6.4141998291	0.457365999619	105.181004206	21.1735045115
2052	556.465957642	2024.44723511	357.103975932	133.057753245	356.675931295	47.5592308044	13.6988001664	9.13377126058	5.49463939667	30.3174088796	0.0012481197579	42.2224432627	13.1837019126	0.0	7.89109989007	0.670249139269	2.72039977709	0.176977007339	330.082987467	197.51299413	214.108032227	5.78172139327	29.658899943	13.7055005232	0.511611007154	0.307310995956	6.42972985903	0.458690002561	105.479004542	21.4081041018
2053	559.523956299	1974.04721069	357.505981445	130.727752686	352.911931356	47.0097303391	13.6217000484	9.13217131297	5.4509092172	29.3109089533	0.00101040996378	38.7172320684	12.5815018813	0.0	7.48808995883	0.634189118942	2.69339978695	0.1720060048	330.450986226	192.532892863	215.974028269	5.76473124822	29.5329998334	13.2677002748	0.457179002464	0.297856996457	6.44385985533	0.45988599956	105.753004074	21.6232039134
2054	562.216959635	1924.60725911	357.937978109	128.426759084	349.185930888	46.4662294388	13.5447998842	9.12997102737	5.40897862116	28.3323084513	0.000817242941897	35.4772218068	11.9939018091	0.0	7.10042003791	0.599916125337	2.66627975305	0.167148005217	329.50898997	186.820939382	217.103024801	5.73094101747	29.4058000247	12.7384003003	0.407911000152	0.287811997036	6.45659983158	0.460955997308	106.003003438	21.8188034693
2055	564.550969442	1876.05730184	358.399978638	126.155762355	345.49693044	45.9287293752	13.4683001041	9.1271909078	5.3677880764	27.3813083967	0.00066043814877	32.4864123662	11.4224015077	0.0	6.72811996937	0.567356119553	2.63906977574	0.162404004484	327.299990336	180.435040792	217.511021932	5.6808608373	29.2771995862	12.1298001607	0.362970001996	0.277218997478	6.46795980136	0.461898997426	106.228001912	21.9949030876
2056	566.529968262	1828.34736125	358.891977946	123.914763769	341.845937093	45.3971290588	13.3922000726	9.12384104729	5.32703757286	26.457608064	0.000533248996362	29.7288031578	10.8681015174	0.0	6.37112994989	0.536439105868	2.61178980271	0.157771003743	323.86999766	173.431223551	217.214019775	5.61498073737	29.1473002434	11.4529003302	0.321665003896	0.266120997568	6.47791993618	0.462716000775	106.430002213	22.1515026093
2057	568.159973145	1781.4473877	359.414978027	121.704767227	338.230934143	44.8715289434	13.3163999716	9.11996086438	5.28661708037	25.560708046	0.000430206001814	27.1890951792	10.3319016298	0.0	6.02929004033	0.507092100879	2.58444978793	0.153247004996	319.261990865	165.859472911	216.225012461	5.53379058838	29.0162000656	10.717000246	0.28346500049	0.254557996988	6.48649994532	0.463406997422	106.608002981	22.2885025342
2058	569.442988078	1735.30740356	359.965975444	119.525770187	334.653933207	44.351828893	13.2410000165	9.11556092898	5.24645662308	24.6901081403	0.000346753486762	24.8522871335	9.81435132027	0.0	5.70237998168	0.479247095684	2.55707981189	0.148834003756	313.517992655	157.76778539	214.559010824	5.43777044614	28.8837000529	9.93078009288	0.247865999738	0.242565998187	6.49367992083	0.463970000545	106.761001587	22.4061017036
2059	570.383987427	1689.86745199	360.547973633	117.377773285	331.112935384	43.8380289078	13.1659000715	9.11066095034	5.20652572314	23.8455077807	0.000279293444085	22.703980128	9.31577134132	0.0	5.39009996255	0.452837092181	2.52970979611	0.144529004892	306.680000305	149.202164968	212.232007345	5.32739019394	28.7501001358	9.10152006149	0.214395000289	0.230180998643	6.49948000908	0.464406001071	106.890001933	22.5041015943
2060	570.985987345	1645.10744222	361.157976786	115.260777791	327.608937581	43.330128034	13.0912000338	9.10529088974	5.16679668427	23.0264075597	0.000224719715334	20.7305738131	8.83637110392	0.0	5.09212990602	0.42779708157	2.50233982007	0.140331002573	298.785998027	140.202570597	209.258000692	5.20311021805	28.6151002248	8.23575015863	0.182719999303	0.217433996499	6.50388995806	0.464716998239	106.996001561	22.5827010473
2061	571.251988729	1600.96765137	361.797976176	113.174779892	324.14293162	42.8280267715	13.0168999036	9.09947093328	5.12725182374	22.232307593	0.00018071682886	18.9192676544	8.37618112564	0.0	4.80809994539	0.404065082471	2.47499982516	0.136239000907	289.876996358	130.809098562	205.650002797	5.06537012259	28.4789999326	7.33920999368	0.152564998716	0.204357999067	6.50690003236	0.464901000261	107.077001572	22.6418007215
2062	571.255986532	1558.61790975	362.452977498	111.119785309	320.712936401	42.3318268458	12.9430001577	9.09322071075	5.09675602118	21.4626073837	0.000145136730377	17.2572617531	7.93481103579	0.0	4.53750999769	0.381582076351	2.44768983126	0.132251004378	280.61899821	121.57363383	201.766000112	4.92285013199	28.3422002792	6.48711005847	0.125739000117	0.191533000519	6.50917994976	0.465018001695	107.145001729	22.6909009616
2063	571.064997355	1519.11805216	363.110977173	109.096787135	317.318934123	41.8414268494	12.8695998987	9.08655071259	5.07807620366	20.7169071833	0.00011651590709	15.7330566247	7.51203095913	0.0	4.27992991606	0.360287067791	2.42044983308	0.128365003814	271.655995687	113.00967598	197.957003276	4.78398009141	28.2053996722	5.74500008424	0.103713000193	0.179506000131	6.51134999593	0.465125001967	107.212001801	22.7394008636
2064	570.676996867	1482.25815837	363.771977743	107.104791005	313.962938944	41.3568267822	12.796500047	9.07948080699	5.06340571245	19.9946066538	3.53023218243e-05	14.3367518584	7.10793089867	0.0	4.03503002723	0.340123064816	2.39327987035	0.124580002079	262.986002604	105.075451533	194.223002116	4.64875006676	28.0686998367	5.09973005454	0.0856432014455	0.168234000603	6.51341998577	0.465222001076	107.279001236	22.7874008814
2065	570.088002523	1447.84825643	364.434979757	105.143794378	310.641937256	40.8779261907	12.7237999439	9.07203070323	5.05057541529	19.2952068647	0.0	13.0588472684	6.72243090471	0.0	3.80247998238	0.321036065618	2.36618987719	0.120894003039	254.604999542	97.730565389	190.566000621	4.51716009776	27.9320000013	4.53955006599	0.0708282006284	0.157680002352	6.51537998517	0.465309999883	107.344001134	22.8348005613
2066	569.299006144	1415.68837484	365.100975037	103.212797165	307.357935588	40.4046262105	12.6515998046	9.06421081225	5.03896490733	18.618206501	0.0	11.8902432919	6.35533086459	0.0	3.58190002044	0.302974060178	2.33919984102	0.117306003968	246.507998149	90.9377880096	186.984002431	4.38916011651	27.7955001195	4.05405006806	0.0586863008017	0.147802001486	6.5172500213	0.465388000011	107.408000946	22.8817009926
2067	568.309005737	1385.60846965	365.768971761	101.313800176	304.108937581	39.9370250702	12.5797000726	9.05605077744	5.02837459246	17.9629062017	0.0	10.8225396474	6.00627084573	0.0	3.37286996841	0.285887057583	2.3123198549	0.113813002283	238.689997355	84.6609783173	183.480003357	4.26473005613	27.6592001915	3.63397006194	0.0487358001992	0.138564998905	6.51900994778	0.4654580007	107.471001943	22.9281010628
2068	567.117004395	1357.45853678	366.438977559	99.4448038737	300.894943237	39.4749250412	12.508300066	9.04756061236	5.01872440179	17.3289060593	0.0	9.84770615896	5.67482078075	0.0	3.17498000463	0.269725054502	2.28554985921	0.110412002852	231.145999908	78.8657169342	180.052003225	4.1438301007	27.5232000351	3.2711400787	0.0405743997544	0.129931000372	6.5206698974	0.465518998603	107.533000946	22.973900795
2069	565.724014282	1331.0786438	367.112976074	97.6062075297	297.71693929	39.0184249878	12.4373000463	9.03874055545	5.00995401541	16.7155059179	0.0	8.95827277501	5.36047069232	0.0	2.98778998852	0.254441056401	2.25891985496	0.107104002188	223.872000376	73.5192152659	176.701002757	4.02641010284	27.3874998093	2.95834004879	0.0338805004333	0.121865999574	6.52222001553	0.465569995344	107.594001134	23.0192009608
2070	564.130009969	1306.3387146	367.787976583	95.7977104187	294.573946635	38.5673243205	12.3667999903	9.02961055438	5.00202353795	16.122306029	0.0	8.14726010958	5.06266065439	0.0	2.81086997191	0.239991046488	2.23241984844	0.103886002054	216.859998067	68.5904699961	173.427005768	3.91243008773	27.2520999908	2.68923004468	0.028384800069	0.114335999514	6.52367997169	0.465610995889	107.653001149	23.0639007886
2071	562.337010701	1283.09879557	368.465975444	94.019013087	291.464942932	38.1216239929	12.2966001034	9.02019063632	4.99492383003	15.5487055779	0.0	7.40818723043	4.78079064687	0.0	2.64377999306	0.226334047814	2.20606988668	0.10075600259	210.105997721	64.0505867004	170.229002635	3.80183011293	27.1171998978	2.45823005835	0.0238663000055	0.107309999565	6.5250300169	0.465643001099	107.712000529	23.1081008911
2072	560.428003947	1261.40890503	369.139973958	92.2700163523	288.389938354	37.6812241872	12.2269000212	9.01049057643	4.98750420411	14.9941054185	0.0	6.73454491297	4.51385056973	0.0	2.48596998056	0.213428046554	2.17986989021	0.0977129023522	203.594997406	59.8681586583	167.103001912	3.69445012013	26.9825002352	2.26002001762	0.0201510001595	0.100750998904	6.5262999932	0.465668007731	107.770001094	23.1517011325
2073	558.483006795	1241.30897013	369.802970886	90.5504201253	285.349947611	37.2462244034	12.1576000849	9.00052038829	4.97948376338	14.4581052462	0.0	6.12043269475	4.26091063023	0.0	2.33690996965	0.201233040541	2.15383986632	0.0947538024435	197.314997355	56.0146951675	164.046003977	3.59014012416	26.8482000033	2.09000005325	0.0170923001133	0.094626897946	6.52751998107	0.465688002606	107.826000849	23.1948010127
2074	556.49500529	1222.66904704	370.455973307	88.8598213196	282.342941284	36.8164234161	12.0886999766	8.99029048284	4.97192351023	13.9401051203	0.0	5.5609306097	4.02149051428	0.0	2.19622000058	0.189714038124	2.12796990077	0.0918770016481	191.259999593	52.4675029119	161.057004293	3.48885011673	26.7142000198	1.94460005562	0.0145693001493	0.0889109993974	6.52867996693	0.465702993174	107.883001328	23.2373010317
2075	554.462010701	1205.38909912	371.096977234	87.1980266571	279.368944804	36.3919232686	12.0202000141	8.97982041041	4.96506325404	13.4396049182	0.0	5.05146876971	3.79508048296	0.0	2.06351997455	0.178836036474	2.1022799015	0.0890804020067	185.425998688	49.2051814397	158.136001587	3.39055005709	26.580499808	1.82065006097	0.0124877001314	0.0835793999334	6.52977995078	0.465712000926	107.938001633	23.2792005539
2076	552.380020142	1189.35917155	371.728978475	85.5647290548	276.427942912	35.9724222819	11.9522001743	8.96911064784	4.95893295606	12.9560047785	0.0	4.5878169934	3.58113048474	0.0	1.93843998512	0.168563033144	2.07676990827	0.0863622023414	179.807999929	46.2075325648	155.282002767	3.29519011577	26.4472999573	1.7154100736	0.0107654000167	0.078608798484	6.53083002567	0.465717000266	107.993001302	23.3206009865
2077	550.247009277	1174.46921794	372.348978678	83.9594319661	273.51994578	35.5580231349	11.8846000036	8.95817049344	4.95352264245	12.4889047146	0.0	4.1660455068	3.3791004618	0.0	1.82059999307	0.158862031996	2.05144993464	0.0837216023356	174.400999705	43.4554589589	152.497004191	3.20270009836	26.3145001729	1.62644005815	0.00932994011479	0.0739770003905	6.53182009856	0.465715999405	108.047001521	23.3614007632
2078	548.062006632	1160.63926188	372.959973653	82.3819332123	270.643948873	35.1486221949	11.8173000018	8.94702045123	4.94879249732	12.0378044446	0.0	3.7825341026	3.18843044837	0.0	1.70964999	0.149705031266	2.02630990744	0.0811570007354	169.197999318	40.9312610626	149.778003693	3.11304010948	26.1821001371	1.55163006981	0.00812745005048	0.06966299812	6.53274997075	0.465709999204	108.100001653	23.4017008146
2079	545.823013306	1147.77932739	373.559979757	80.8317387899	267.799942017	34.7441221873	11.7504998843	8.93565058708	4.94470230738	11.6022044023	0.0	3.4339427948	3.00857041279	0.0	1.6052300036	0.141063030809	2.00136992335	0.0786654005448	164.196000417	38.6180416743	147.126000722	3.02615008752	26.0502999624	1.48914004366	0.00711918009135	0.0656465987364	6.53362997373	0.465699998041	108.153000514	23.4414010048
2080	543.528020223	1135.81935628	374.148979187	79.3087399801	264.9879481	34.3445218404	11.6841998895	8.92409038544	4.94122195244	11.1816043854	0.0	3.11721162001	2.83898037672	0.0	1.507009993	0.132906029622	1.97662991285	0.0762452017516	159.386998494	36.5003004074	144.539002736	2.94197010994	25.9190001488	1.43734005094	0.00626840015563	0.061909098799	6.53444004059	0.465683003267	108.205000559	23.4806008339
2081	541.178014119	1124.67940267	374.728978475	77.8124434153	262.205947876	33.9498214722	11.6182000637	8.91235041618	4.93830223878	10.7755040328	0.0	2.82950059573	2.67913035552	0.0	1.41465000312	0.12521102652	1.95208991567	0.0738948012392	154.766998291	34.5633401871	142.018002828	2.86044011513	25.7883000374	1.39484005173	0.00554008999219	0.0584322993333	6.53521001339	0.46566200008	108.256001155	23.5192008018
2082	538.804005941	1114.22941081	375.29797109	76.342546463	259.455945333	33.5598217646	11.5526000659	8.9004304409	4.93478278319	10.3836038907	0.0	2.56807961067	2.52832033237	0.0	1.32777998845	0.117951024324	1.92775991559	0.0716118024041	150.319999695	32.7885516485	139.555002848	2.78140012423	25.6580999692	1.35964007179	0.0049206300173	0.0551942996681	6.53591998418	0.465635997554	108.306001027	23.5572009087
2083	536.43901062	1104.34943644	375.855979919	74.8985481262	256.735949198	33.1745208104	11.4873999755	8.88833030065	4.93025259177	10.0053037802	0.0	2.33045874039	2.38589034478	0.0	1.24604999026	0.111103023713	1.90363994241	0.0693945009261	146.032999674	31.1589431763	137.146002452	2.70468010505	25.5283999443	1.33000006278	0.00439902003078	0.0521746988719	6.53658000628	0.465605996549	108.356001536	23.5946008364
2084	534.078018188	1094.99946086	376.40297699	73.4802506765	254.0459493	32.7939208349	11.4227000872	8.87608027458	4.92571250598	9.64018360774	0.0	2.11452788115	2.25143033266	0.0	1.16919000944	0.104643022021	1.87972993652	0.067241700987	141.900998433	29.6635220846	134.788003286	2.63024012248	25.3990998268	1.30520006021	0.00395674004297	0.0493592989321	6.53719000022	0.465570996205	108.405000051	23.6314004262
2085	531.719024658	1086.13948568	376.93997701	72.0873540243	251.385950724	32.4178206126	11.3582999706	8.86366049449	4.92140241464	9.28789361318	0.0	1.91836721698	2.12454028924	0.0	1.09692000349	0.0985508207232	1.85603993138	0.0651520012567	137.918997447	28.2922862371	132.48200353	2.55802009503	25.2703000704	1.28461006284	0.00357873004396	0.0467350995168	6.53774996599	0.465531001488	108.453000387	23.6675008138
2086	529.36100769	1077.70950317	377.465977987	70.7192548116	248.754950205	32.0463201205	11.2943000793	8.85109019279	4.91737222672	8.94799351692	0.0	1.74020653963	2.00481029352	0.0	1.02900001407	0.0928054197381	1.83255993327	0.0631243024642	134.081999461	27.0358387629	130.226003011	2.48795008659	25.1419998805	1.26767006516	0.00325280003017	0.0442893998697	6.53825998306	0.465487000843	108.500001907	23.7031005224
2087	527.003011068	1069.69950358	377.981974284	69.3757578532	246.152950287	31.6793201764	11.2306999365	8.83838041623	4.91362210115	8.62008333206	0.0	1.57843593756	1.89186025659	0.0	0.965176999569	0.0873889178038	1.8092999359	0.0611561005935	130.385995229	25.8854796092	128.021002452	2.42000011603	25.0141998927	1.25392007828	0.0029638800188	0.0420105994369	6.53872005145	0.465438000858	108.547000885	23.7381008466
2088	524.64201355	1062.06952922	378.487973531	68.0564613342	243.580951691	31.3167198499	11.1675999165	8.82554038366	4.9101421833	8.30376331011	0.0	1.43155540029	1.78532025218	0.0	0.905219992002	0.0822823153188	1.7862499555	0.0592453014106	126.826997757	24.8331093788	125.865004222	2.35409011443	24.8869001071	1.24292007089	0.00270496004183	0.0398875990262	6.53912997246	0.465384001533	108.593001684	23.7724005381
2089	522.277018229	1054.76957194	378.982981364	66.7609647115	241.03595225	30.9584196409	11.1047999859	8.81256024043	4.90690116088	7.9986632665	0.0	1.29824487368	1.68485024571	0.0	0.848907992244	0.0774681158364	1.76343993346	0.0573908009877	123.399997075	23.8711291949	123.757002513	2.29019014041	24.7602000237	1.23434006174	0.00247549005629	0.0379101994137	6.5394799312	0.465327002108	108.63800176	23.8061008453
2090	519.907018026	1047.90960693	379.466974894	65.4890670776	238.51995341	30.6045193672	11.0423998833	8.79947026571	4.90586984158	7.70440292358	0.0	1.17736440897	1.59029022853	0.0	0.796085000038	0.072931415091	1.74083994826	0.0555916012575	120.105998993	22.9947444598	121.699005127	2.22831010818	24.6341001193	1.2280300657	0.00227032011996	0.0360711989924	6.53978995482	0.465264002482	108.682002385	23.8392006556
2091	517.531021118	1041.5296224	379.941980998	64.240169843	236.030953725	30.2548192342	10.9802999496	8.78625035286	4.90748977661	7.4206229051	0.0	1.06789401174	1.50146021446	0.0	0.746592000127	0.068656715254	1.71846993764	0.0538456014668	116.944998423	22.199151516	119.694004059	2.16847008467	24.5088998477	1.22387005885	0.00208522002989	0.0343635988732	6.54005002975	0.465197001894	108.725999832	23.8717004458
2092	515.160018921	1035.5896403	380.407976786	63.0141712825	233.569953918	29.909318924	10.9186999003	8.77293014526	4.90996984641	7.14698294799	0.0	0.968718633056	1.41796019673	0.0	0.70021699369	0.0646274127066	1.69631995757	0.0521519010266	113.908998489	21.4758456548	117.739004135	2.110570093	24.3844002088	1.22124005357	0.00191615002889	0.0327769992873	6.540279905	0.465126993755	108.769001643	23.9036010106
2093	512.805018107	1030.07965088	380.864980062	61.81047376	231.135954539	29.5680185954	10.8573999405	8.7595102787	4.91282975674	6.8831427892	0.0	0.878861298164	1.33941018581	0.0	0.656756003698	0.0608301128571	1.67439995209	0.050509800824	110.991999308	20.8171305656	115.831005732	2.05455009143	24.2607000669	1.2196200788	0.00175472000653	0.0313016992683	6.54049996535	0.465055999657	108.811000824	23.9347008069
2094	510.464019775	1024.92965698	381.313972473	60.628877004	228.728956858	29.2307184537	10.7966000239	8.74599035581	4.91578980287	6.62875258923	0.0	0.797437985738	1.26549018423	0.0	0.616027995944	0.0572536122054	1.65270996094	0.0489173013096	108.186997732	20.2176089287	113.969003677	2.00033013026	24.1378000577	1.21885006626	0.00159937000717	0.0299296993762	6.54069999854	0.464983999729	108.853001277	23.9652005831
2095	508.135019938	1020.09969076	381.755981445	59.4690783819	226.347955068	28.8975183169	10.7359999816	8.73236012459	4.91876975695	6.38352255026	0.0	0.723648702105	1.19589015841	0.0	0.577858000994	0.0538842116172	1.63123995066	0.0473724004502	105.491997401	19.6723809242	112.152004242	1.94786011179	24.0157000224	1.21884005268	0.0014488400387	0.0286535993218	6.54089999199	0.46491099894	108.893998464	23.9950008392
2096	505.818018595	1015.56969706	382.188982646	58.3305810293	223.99395752	28.5683177312	10.6758999825	8.71864016851	4.92177979151	6.14712242285	0.0	0.656767452757	1.13033016523	0.0	0.542083000143	0.0507089104503	1.60998997092	0.0458735000963	102.901997884	19.1770470937	110.378003438	1.8970601062	23.8943999608	1.2194600602	0.00130211003125	0.0274665993638	6.54107999802	0.464836999774	108.935001373	24.0241004626
2097	503.511016846	1011.28971354	382.613983154	57.2130826314	221.664955139	28.2430176735	10.6160999139	8.70484026273	4.92478978634	5.91925243537	0.0	0.596140220761	1.06855012973	0.0	0.50855199496	0.0477190101519	1.58897996942	0.0444199002037	100.411998749	18.7275077502	108.648002625	1.84790011247	23.7738002141	1.22063005964	0.00116352001593	0.0263621994915	6.54124999046	0.464761994779	108.974999746	24.0525005658
2098	501.214019775	1007.23973083	383.031977336	56.1162850062	219.361956278	27.9217176437	10.5567000707	8.69096024831	4.92780971527	5.6996122996	0.0	0.541173016032	1.01033014059	0.0	0.477123998106	0.044903109471	1.56817996502	0.0430110006904	98.0186977386	18.320063591	106.95900472	1.80030009151	23.6538998286	1.2222900788	0.00102629000806	0.0253346993898	6.54140996933	0.464685996373	109.013999939	24.080300649
2099	498.925020854	1003.39972941	383.441975911	55.0397872925	217.083957672	27.6041175524	10.4976998965	8.67700012525	4.93082968394	5.48794225852	0.0	0.491334830721	0.955425143242	0.0	0.447668999434	0.042250109526	1.54761995872	0.0416451999918	95.7182966868	17.9512143135	105.311004639	1.75422010819	23.5348000526	1.22436006864	0.000890066003194	0.0243784991714	6.54155000051	0.464610000451	109.053000768	24.1073005994
2100	496.644020081	999.72773234	383.843978882	53.9833901723	214.831957499	27.2904170354	10.4389999708	8.66297014554	4.93386971951	5.28394214312	0.0	0.446141635378	0.903636137644	0.0	0.420061998069	0.0397518084695	1.52727998296	0.0403208006173	93.5072968801	17.6177616119	103.702004751	1.70961009463	23.4165000916	1.2267900606	0.000754596000964	0.0234884993794	6.54168991248	0.46453200529	109.091000239	24.1337003708
2101	494.370018005	996.220748901	384.238983154	52.9677960078	212.60395813	26.9804169337	10.3807000319	8.64754009247	4.93689997991	5.08268221219	0.0	0.405452474952	0.85694814225	0.0	0.394732999305	0.0374855073169	1.50639999906	0.0389453005046	91.3819980621	17.3169042269	102.13200442	1.66641008854	23.2988999685	1.22953007619	0.000619660000666	0.0226600992804	6.54180999597	0.464453001817	109.129002253	24.1593006452
2102	492.115018209	992.972783407	384.626983643	51.9917977651	210.400959015	26.6741170883	10.32280008	8.63077982267	4.9395301342	4.88435224692	0.0	0.368807348112	0.816165144245	0.0	0.371532996496	0.0354246074955	1.48500997821	0.0375249000887	89.3337980906	17.0399311384	100.597003937	1.62456009785	23.1820000013	1.23173006376	0.000500515003902	0.0218865995606	6.54192996025	0.464371999105	109.166000366	24.1846005122
2103	489.890017192	990.068786621	385.010978699	51.0330998103	208.221961975	26.3714165688	10.2651998997	8.61405007044	4.94165011247	4.69381217162	0.0	0.335471227765	0.77974413832	0.0	0.349778997401	0.0334745068103	1.46391999722	0.0361568996062	87.3545983632	16.7786513964	99.0929050446	1.58400009076	23.0658005079	1.23263004422	0.00040435000119	0.0211615993952	6.54203995069	0.464291999737	109.203000387	24.2096004486
2104	487.693023682	987.472803752	385.389981588	50.0913012822	206.06595993	26.0724161466	10.2079000473	8.59736990929	4.94363013903	4.51077198982	0.0	0.305134117603	0.747178132335	0.0	0.329377998908	0.0316282065275	1.44312998652	0.0348392004768	85.4416974386	16.5317703883	97.6188030243	1.54468011856	22.9502000809	1.23241006335	0.00032671999846	0.0204819991874	6.54214004676	0.464209998647	109.23900032	24.2343006134
2105	485.524017334	985.14881897	385.764976501	49.166103363	203.933963776	25.776916345	10.1509999434	8.5807299614	4.94557011127	4.3349219958	0.0	0.277544014156	0.718020131191	0.0	0.310242002209	0.029879105743	1.42261998852	0.0335699999705	83.5924975077	16.2982883453	96.1741053263	1.50657009085	22.8352999687	1.23123008013	0.000264039999214	0.0198457993877	6.54224002361	0.464128000041	109.275000254	24.2589004834
2106	483.380022685	983.068832397	386.134981791	48.2574043274	201.825960795	25.4849162102	10.094400088	8.56412005424	4.94750010967	4.16598196824	0.0	0.252472925931	0.691876133283	0.0	0.292291998863	0.028221305615	1.40238999327	0.0323473997414	81.8045991262	16.0770042737	94.7581036886	1.4696201086	22.7211001714	1.22922006249	0.000213422999271	0.0192499995853	6.542339921	0.4640459915	109.311000188	24.2832007408
2107	481.26201884	981.204833984	386.499974569	47.3648064931	199.739959717	25.1963159243	10.0382000605	8.54755997658	4.94941020012	4.00367180506	0.0	0.229686838885	0.668395136793	0.0	0.275454998016	0.0266491047417	1.38244999448	0.031169800243	80.0755971273	15.8669192791	93.3702042898	1.43379009763	22.6075998942	1.22648004691	0.000172540000979	0.0186903993599	6.54243004322	0.463963001966	109.347002029	24.3072005908
2108	479.169021606	979.533843994	386.860977173	46.4881083171	197.675960541	24.9112156232	9.98235996564	8.53102993965	4.95132017136	3.84773170948	0.0	0.208944761505	0.647269124786	0.0	0.259661001464	0.0251744049601	1.36278997858	0.0300353999871	78.4032986959	15.667132616	92.0095030467	1.39905009667	22.4947001139	1.22311006983	0.000139511997986	0.0181643995456	6.54250999292	0.463880004982	109.383000056	24.3311003049
2109	477.099019368	978.03485616	387.217979431	45.6270097097	195.635964712	24.6295154889	9.92682997386	8.51454011599	4.95322012901	3.69791165988	0.0	0.190085695436	0.6282231311	0.0	0.244841000686	0.0237739048898	1.34341000517	0.0289426995441	76.7854970296	15.4767450492	90.6756045024	1.36537009478	22.3825001717	1.21921006838	0.000112825999167	0.0176696994652	6.54259002209	0.463796002169	109.418001175	24.3547004064
2110	475.052017212	976.688863118	387.56997935	44.7813110352	193.616961161	24.3511152267	9.87162987391	8.49809002876	4.95511011283	3.55397162835	0.0	0.172934630265	0.611019129554	0.0	0.230937000364	0.0224429046114	1.32427000999	0.0278900999886	75.2200991313	15.295056661	89.3677043915	1.33269009988	22.2708999316	1.21482005715	9.1260799915e-05	0.01720409949	6.5426599582	0.463711999357	109.453000387	24.3781005541
2111	473.027020772	975.477874756	387.917981466	43.9506133397	191.619960785	24.0759151777	9.81676999728	8.48167999585	4.95699008306	3.41567156712	0.0	0.157332574328	0.595445131262	0.0	0.217890997728	0.0211945039531	1.30540998777	0.0268761999905	73.7050978343	15.1213672956	88.0852038066	1.3010100921	22.1598997116	1.21003004909	7.38299992615e-05	0.0167654994875	6.54272989432	0.463627999028	109.488001506	24.4013005892
2112	471.024017334	974.386876424	388.261980693	43.1349143982	189.644962311	23.8041149775	9.76223993301	8.4653099378	4.9588701725	3.28279149532	0.0	0.143136522422	0.581310123205	0.0	0.205645999561	0.0200061042172	1.28681999445	0.0258994000033	72.238498052	14.954976956	86.8276030223	1.27027009924	22.0495999654	1.20489005248	5.97388000945e-05	0.0163520993665	6.54279001554	0.463543000321	109.522000631	24.4243006706
2113	469.041020711	973.403874715	388.600975037	42.3338158925	187.690962474	23.5354145368	9.7080300649	8.44896999995	4.96074012915	3.15512142579	0.0	0.130215473473	0.568449124694	0.0	0.194154997667	0.0188740037071	1.26850001017	0.0249584000558	70.8186988831	14.7952856223	85.5941028595	1.24045008421	21.9400003751	1.19944005211	4.83452998499e-05	0.0159634995895	6.54284997781	0.463456998269	109.556001663	24.4470003446
2114	467.079015096	972.515884399	388.935979207	41.547018369	185.757966359	23.2699146271	9.65415994326	8.43267997106	4.96261020501	3.03245137135	0.0	0.118479430676	0.556715125839	0.0	0.183369997889	0.0178121036539	1.25042998791	0.0240520001389	69.4435984294	14.6416938305	84.3843040466	1.21152008573	21.8308997154	1.19371006886	3.91314000202e-05	0.0155979995616	6.54290997982	0.4633709987	109.590001424	24.4695005417
2115	465.136016846	971.711888631	389.266980489	40.7745189667	183.845965068	23.0075141589	9.60061001778	8.41642014186	4.96446017424	2.91458129883	0.0	0.107819393898	0.545978123943	0.0	0.173244000723	0.0168160034033	1.23261000713	0.023178699892	68.1116981506	14.4938011964	83.1976051331	1.18346008658	21.7224998474	1.18775005142	3.16788999347e-05	0.0152524995307	6.54295007388	0.463285001616	109.624001821	24.4918004672
2116	463.212018331	970.981887817	389.592976888	40.0158198675	181.954966227	22.7483142217	9.54737989108	8.40019996961	4.96632015705	2.80132124821	0.0	0.0981079582125	0.536120121678	0.0	0.163737000277	0.0158817032352	1.21503998836	0.022337400044	66.8212985992	14.3511083126	82.0334040324	1.15622009834	21.6146999995	1.18159005046	2.56500998148e-05	0.0149256994482	6.54298992952	0.463198001186	109.65700086	24.5138004621
2117	461.307022095	970.317891439	389.915977478	39.270822525	180.083967845	22.4920140902	9.49447004	8.38400999705	4.96816023191	2.69250122706	0.0	0.0892581250519	0.52704111735	0.0	0.154810999831	0.0149878029867	1.19773001472	0.0215269002753	65.570699056	14.2132145564	80.8912035624	1.12979007761	21.5074998538	1.17525003354	2.07720998636e-05	0.0146161994586	6.54303006331	0.463109997412	109.69000117	24.5356006622
2118	459.420021057	969.711888631	390.233985901	38.539223671	178.232964834	22.2388135592	9.44187990824	8.36786993345	4.97000014782	2.58793117603	0.0	0.0812173957626	0.518652126193	0.0	0.146431001524	0.0141319029499	1.18065998952	0.0207461000731	64.3585980733	14.0796202819	79.7705039978	1.104140083	21.4010000229	1.16874006391	1.68245997732e-05	0.014322899282	6.54306999842	0.463022999465	109.723000844	24.5572002729
2119	457.550018311	969.156890869	390.547976176	37.8209241231	176.402968089	21.9885134697	9.38960003853	8.35176006953	4.97184022268	2.48745113611	0.0	0.0739111695439	0.510874117414	0.0	0.138559998324	0.0133291026577	1.16381998857	0.0199938002042	63.1833979289	13.9500256379	78.6707038879	1.07924008369	21.2950000763	1.16211006045	1.36296000619e-05	0.0140445993748	6.54309002558	0.462935003142	109.756000519	24.5786005656
2120	455.697021484	968.646901449	390.857976278	37.1155261993	174.590967814	21.7412133217	9.33764012655	8.33569002151	4.97367012501	2.39090106885	0.0	0.0672718441735	0.503634124994	0.0	0.131167999158	0.0125759025104	1.1472299993	0.0192691000799	62.0436983109	13.8241305351	77.5914039612	1.05506008863	21.1897001266	1.15535004934	1.10431000545e-05	0.0137815997005	6.54311994712	0.462845998506	109.788000107	24.599700292
2121	453.861020406	968.176895142	391.16397349	36.4230279922	172.799968719	21.4968134562	9.28598999977	8.31964993477	4.97549013297	2.29812101523	0.0	0.0612382215137	0.496872117122	0.0	0.124225997676	0.0118694024471	1.13087999821	0.0185708000014	60.9381987254	13.7016349634	76.5320040385	1.03159009417	21.0849002202	1.14848004778	8.94895993042e-06	0.0135329994373	6.5431299607	0.462756998837	109.819999695	24.6206005414
2122	452.041015625	967.739908854	391.465983073	35.7430289586	171.026968638	21.2553133965	9.23464997609	8.30365983645	4.97731014093	2.20897100369	0.0	0.0557546013345	0.490532117585	0.0	0.117703000704	0.011206602212	1.11474000414	0.0178980999626	59.8655989965	13.5821390152	75.4921042124	1.00880008936	20.980799675	1.14152005315	7.25314002163e-06	0.0132961993416	6.54314998786	0.462666998307	109.852000554	24.6413005193
2123	450.23601532	967.332901001	391.763982137	35.0753297806	169.273967743	21.0166130066	9.18361004194	8.28769000371	4.97913006941	2.12330094973	0.0	0.0507703848804	0.484563119709	0.0	0.111571999888	0.0105849021735	1.09885000189	0.0172498999164	58.8244981766	13.4655428727	74.471303304	0.986674085259	20.8771999677	1.13448006908	5.87964003292e-06	0.0130704994469	6.54315006733	0.462578001122	109.884000142	24.6618005435
2124	448.447018941	966.951899211	392.058980306	34.4199317296	167.538967133	20.7806129456	9.13287997246	8.27177000046	4.98094010353	2.04097096125	0.0	0.0462129693478	0.478924120466	0.0	0.105812999109	0.00998416224805	1.08319001396	0.0166254000117	57.8138990402	13.3515461286	73.4691041311	0.965182095766	20.7741999626	1.12736006578	4.76703000155e-06	0.0128550995141	6.5431599617	0.462487004697	109.915000916	24.6820000013
2125	446.672019958	966.591908773	392.348981222	33.7763325373	165.823968252	20.5475128492	9.08246008555	8.255879879	4.98275017738	1.96186086535	0.0	0.0420430535451	0.473576116065	0.0	0.100401999429	0.00940319189491	1.06774998705	0.0160236999703	56.8325983683	13.2398492495	72.484902064	0.944307088852	20.6717998187	1.12018005053	3.86558999329e-06	0.0126492994217	6.54315002759	0.462396000822	109.946001053	24.7020003001
2126	444.912020365	966.251907349	392.634984334	33.1445334752	164.125968933	20.3170127869	9.03233011564	8.24003005028	4.98455011845	1.88584084312	0.0	0.0382520398125	0.468487111231	0.0	0.095313699916	0.0088581618232	1.05251000325	0.0154439000568	55.8793983459	13.1303521792	71.518603007	0.924028083682	20.5700000127	1.11294005315	3.13512002018e-06	0.0124523995134	6.5431398948	0.462304999431	109.97700119	24.7218001684
2127	443.167022705	965.936904907	392.916979472	32.5242350896	162.445968628	20.0893123945	8.98249999682	8.22421995799	4.98635017872	1.81278081735	0.0	0.0348053264121	0.463626116514	0.0	0.0905318986624	0.00834684167057	1.03750999769	0.0148853000719	54.9533987045	13.022854805	70.5694033305	0.904327094555	20.468799909	1.10564006368	2.54310001916e-06	0.0122637995519	6.54313000043	0.462213002145	110.006999969	24.7414005597
2128	441.437016805	965.645904541	393.1959788	31.9153367678	160.784968058	19.864212513	8.93296988805	8.20844014486	4.98814022541	1.74257077773	0.0	0.0316714152383	0.458965112766	0.0	0.0860369987786	0.00786714154917	1.02272000909	0.0143471000095	54.0532979965	12.9171570937	69.6372038523	0.885183081031	20.3682001432	1.09830005964	2.06321002831e-06	0.0120842994656	6.54311001301	0.462122003237	110.037000656	24.7607002258
2129	439.721021016	965.377909342	393.470977783	31.3175373077	159.140968323	19.6417121887	8.88374002775	8.19270014763	4.98993023237	1.67509074012	0.0	0.0288218050264	0.454483109216	0.0	0.0818088979771	0.00741710145182	1.00815998514	0.0138285000188	53.1783994039	12.8131595453	68.7215029399	0.866577083866	20.2681002617	1.09091005723	1.67415000381e-06	0.0119132995605	6.54308998585	0.462030000985	110.067000071	24.779800574
2130	438.019017537	965.128916423	393.741978963	30.730638504	157.514968872	19.4219121933	8.83480000496	8.17699011167	4.99172019958	1.61025072138	0.0	0.0262302956544	0.450156110028	0.0	0.0778334991386	0.00699488143437	0.993787005544	0.0133288001331	52.3275985718	12.7106612523	67.8218027751	0.848493074377	20.1685999235	1.08349003394	1.35867000495e-06	0.0117486996266	6.54305998484	0.461936001976	110.097002029	24.7987003326
2131	436.331019084	964.897903442	394.008979797	30.1545395851	155.906972249	19.2046119372	8.78615013758	8.16132005056	4.99350011349	1.54793068767	0.0	0.0238734867113	0.445967105528	0.0	0.0740949989607	0.0065987512935	0.979610999425	0.0128473000756	51.4999990463	12.6094632149	66.9379024506	0.830916086833	20.0696002642	1.07602005204	1.10281999355e-06	0.0115901996226	6.54302000999	0.461843001346	110.127000809	24.8174006144
2132	434.657020569	964.682912191	394.271980286	29.5890412331	154.314969381	18.9898115794	8.73778994878	8.14569004377	4.9952801466	1.48804069559	0.0	0.0217299787328	0.441900109251	0.0	0.0705763995647	0.00622710127694	0.965644006928	0.0123832998797	50.6946989695	12.5096649329	66.069302241	0.813827082515	19.9712001483	1.0685300529	8.95296996835e-07	0.0114372996613	6.54297999541	0.461750000715	110.156000137	24.8358003298
2133	432.996022542	964.480911255	394.531982422	29.0339417458	152.74096934	18.7775115967	8.68971991539	8.13008991877	4.99705008666	1.43049063285	0.0	0.0197802719971	0.437942110002	0.0	0.0672642004987	0.00587842108992	0.951884999871	0.0119362000842	49.9108991623	12.4108661016	65.2157026927	0.797213082512	19.8734002113	1.06101004283	7.26938007271e-07	0.0112895995068	6.54293994109	0.46165599674	110.185001373	24.8540004094
2134	431.348017375	964.28990682	394.787979126	28.4890430768	151.18296814	18.5677111944	8.64193026225	8.11452007294	4.99883015951	1.37517062823	0.0	0.0180067651284	0.434079108139	0.0	0.0641477995863	0.00555127114058	0.938330004613	0.0115054000635	49.1477988561	12.3132679462	64.3767032623	0.781057079633	19.7760998408	1.05345004797	5.90332992563e-07	0.0111467994284	6.54288995266	0.461561001837	110.21299998	24.8720003764
2135	429.713017782	964.10991923	395.040982564	27.95414416	149.641971588	18.3604113261	8.59442011515	8.09898996353	5.00060017904	1.32201059659	0.0	0.016393459402	0.430300101638	0.0	0.0612152988712	0.00524433112393	0.924975012739	0.0110902998907	48.4045982361	12.2165688674	63.5520029068	0.765344083309	19.6792998314	1.04588004947	4.79476002605e-07	0.0110098995889	6.54283996423	0.461466001968	110.241999308	24.8898002307
2136	428.090021769	963.937901815	395.28998057	27.4291448593	148.116972605	18.1554112434	8.54719988505	8.08349998792	5.00237011909	1.27091058095	0.0	0.0149256540462	0.426594103376	0.0	0.0584527989849	0.00495635101106	0.911797995369	0.0106902999493	47.680498759	12.1206702391	62.7412033081	0.750060071548	19.583100001	1.03827003638	3.89498003036e-07	0.0108784995973	6.54277002811	0.461371004581	110.270000458	24.9073003133
2137	426.480021159	963.77390035	395.534980774	26.9138463338	146.608971914	17.952911218	8.50026011467	8.0680398941	5.00413000584	1.22181056937	0.0	0.0135902492329	0.422951107224	0.0	0.0558522989353	0.00468615081627	0.898794993758	0.0103047998467	46.9748986562	12.0256712437	61.9440031052	0.735191076994	19.4875001907	1.03065004945	3.16456000367e-07	0.0107507995951	6.54271006584	0.461276004712	110.298000336	24.9246001244
2138	424.882019043	963.614903768	395.776980082	26.4080470403	145.115970612	17.7527108192	8.45359977086	8.05262001355	5.00590014458	1.17461052537	0.0	0.012375144676	0.419365100563	0.0	0.0534036994601	0.00443263088043	0.885985006889	0.00993332002933	46.286898613	11.9312717915	61.1602036158	0.720724076033	19.3923999468	1.02300002178	2.57152000434e-07	0.0106264994635	6.54264001052	0.461179000636	110.324998856	24.9417001406
2139	423.295021057	963.461908976	396.014976501	25.9115479787	143.639972687	17.5548108419	8.4072098732	8.03724002838	5.00766015053	1.12925052643	0.0	0.0112694408745	0.415829102198	0.0	0.0510953990743	0.00417732094259	0.87336400648	0.00957534004313	45.616098086	11.8375731309	60.3893032074	0.706643074751	19.2977999051	1.01533004642	2.08995000861e-07	0.0105054997063	6.54255998135	0.461081999044	110.353001277	24.9586005211
2140	421.721021016	963.311909993	396.248977661	25.4243489901	142.178974152	17.3592108091	8.36109987895	8.0218799909	5.00941018263	1.0856504937	0.0	0.0102632370933	0.412337106963	0.0	0.0489186995352	0.00392032090652	0.860928997397	0.00923037001242	44.9615990321	11.7444736958	59.6311031977	0.692937081059	19.2037000656	1.00765004754	1.6988299952e-07	0.0103874995839	6.54247999191	0.460985002418	110.380001068	24.9752003352
2141	420.157015483	963.1659139	396.480982463	24.9460501671	140.733973185	17.1658109029	8.31524991989	8.00657002131	5.01117014885	1.04374046127	0.0	0.00934751370611	0.408884100616	0.0	0.0468677993243	0.00367918075062	0.848678002755	0.00889791998391	44.3228988647	11.6518744628	58.8853028615	0.67959408462	19.1101997693	0.999942054351	1.38112999556e-07	0.0102721995985	6.54239996274	0.46088800331	110.407000224	24.9917004903
2142	418.646013896	963.021911621	396.707977295	24.4766510328	139.303974152	16.9748104413	8.26969003677	7.99127999942	5.01292010148	1.00347045561	0.0	0.0085140808175	0.405461100241	0.0	0.0449349998186	0.00345291073124	0.836606994271	0.00857755006291	43.6993996302	11.5597750346	58.1516027451	0.6666050752	19.0171999931	0.992218042413	1.12300999907e-07	0.0101594995552	6.54230995973	0.460788997511	110.433000565	25.0078002612
2143	417.222020467	962.87890625	396.932980855	24.0159519513	137.888973236	16.7859102885	8.22439010938	7.9760299921	5.01467013359	0.964754447341	0.0	0.00775548796325	0.40206810087	0.0	0.0431106990824	0.00324059070166	0.824714000026	0.00826880009845	43.0905990601	11.4680755933	57.4297030767	0.653956070542	18.9247002602	0.984476039807	8.35201833619e-09	0.0100505994633	6.54220994314	0.460690001647	110.459000905	25.023800532
2144	415.880015055	962.73491923	397.153978984	23.5637526512	136.48897171	16.5992104212	8.17935005824	7.96081999938	5.01639020443	0.92754441003	0.0	0.00706494541373	0.398700098197	0.0	0.041390499721	0.00304136064369	0.812997003396	0.00797125006405	42.4956992467	11.3767761389	56.7192023595	0.641636078556	18.8327000936	0.97671704491	0.0	0.00994522954958	6.54211004575	0.460591999193	110.486000061	25.0396002134
2145	414.619018555	962.588923136	397.370979309	23.1199534734	135.10397466	16.4147102038	8.13457989693	7.94564004739	5.01807026068	0.891777401169	0.0	0.00643631319205	0.395352097849	0.0	0.0397680004438	0.00285441061715	0.801451007525	0.00768447997204	41.9143988291	11.2857764562	56.020002683	0.629636064172	18.741300265	0.968938047687	0.0	0.00984170963056	6.54199997584	0.460493003329	110.511000315	25.055100282
2146	413.433006287	962.438908895	397.584978739	22.6844542821	133.733973185	16.2323099772	8.09007994334	7.93049999078	5.01971018314	0.857398375869	0.0	0.00586398112743	0.392022095621	0.0	0.0382348997518	0.00267897059287	0.790054991841	0.00740810995921	41.3459984461	11.1949767272	55.3318026861	0.617943063378	18.6503001849	0.961138049761	0.0	0.00973991956562	6.5418899854	0.460391998291	110.53700002	25.0704000791
2147	412.321016947	962.283910116	397.795982361	22.2569551468	132.377975464	16.0520098209	8.04583009084	7.9153800408	5.02131021023	0.824352373679	0.0	0.00534286916566	0.388706095517	0.0	0.0367855991547	0.00251434052673	0.778806999326	0.00714174995665	40.7900981903	11.1044772466	54.654203097	0.606549064318	18.5598999659	0.953315039476	0.0	0.00963969955531	6.54177006086	0.460291996598	110.562000275	25.0854004224
2148	411.281013489	962.120905558	398.003982544	21.8374562263	131.036975861	15.8737097581	8.00184996923	7.90030002594	5.02285019557	0.792587354779	0.0	0.00486836760926	0.385401094953	0.0	0.0354171991348	0.00235986049908	0.767723004023	0.00688502999643	40.2459990184	11.0140772661	53.9870023727	0.595443069935	18.4698998133	0.945468048255	0.0	0.00954093962597	6.54164997737	0.460190996528	110.586999893	25.100300312
2149	410.309013367	961.948913574	398.207979838	21.4257569313	129.708975474	15.6975096862	7.95811998844	7.88526002566	5.02435020606	0.762052337329	0.0	0.00443625597594	0.382102092107	0.0	0.034124899966	0.00221488046615	0.756801997622	0.00663760001771	39.7134990692	10.9238774776	53.329902331	0.584615071615	18.3804996808	0.937597046296	0.0	0.00944351948177	6.5415199995	0.460090001424	110.612000148	25.11490043
2150	409.404014587	961.767908732	398.408981323	21.0216577848	128.395975113	15.523409605	7.91464002927	7.87024994691	5.02580030759	0.732700328032	0.0	0.00404272451609	0.378809094429	0.0	0.0329015996928	0.00207883043913	0.746040001512	0.00639912001013	39.1919987996	10.8336774508	52.6827027003	0.574054072301	18.2914997737	0.929701045156	0.0	0.00934872962534	6.54138998191	0.459988000492	110.636000315	25.1293002764
2151	408.563011169	961.573903402	398.60697937	20.6250583331	127.09597524	15.351209561	7.87141001225	7.85527002811	5.0272004207	0.704483315349	0.0	0.00368430321881	0.375522087018	0.0	0.0317452989208	0.00195115043122	0.735434994102	0.00616924992452	38.680999438	10.7436778545	52.0451021194	0.563752065102	18.2030000687	0.921781048179	0.0	0.00925637975646	6.54126000404	0.45988599956	110.660000483	25.1435001691
2152	407.785008748	961.366907756	398.800974528	20.2357594172	125.809975942	15.1810093721	7.82844003042	7.84031999111	5.02854025364	0.677358304461	0.0	0.003357832029	0.37223708878	0.0	0.0306519994823	0.00183133037838	0.724983995159	0.00594769003025	38.1801980337	10.6535774867	51.41690286	0.553702066342	18.115000089	0.913835038741	0.0	0.00916487964181	6.54110999902	0.459783998628	110.684000015	25.1574001312
2153	407.067016602	961.148910522	398.991978963	19.8537600835	124.536976496	15.0127092997	7.78570997715	7.82539991538	5.02984027068	0.651282295585	0.0	0.00306045099084	0.368953091403	0.0	0.0296154997001	0.00171888037585	0.714685996373	0.0057341400922	37.6890989939	10.5635777315	50.797902743	0.543895075719	18.0273996989	0.905863036712	0.0	0.00907415950981	6.54097000758	0.459682002664	110.707999547	25.1712005933
2154	406.40801239	960.923904419	399.180979411	19.4788606962	123.277977626	14.8464091619	7.74322998524	7.81052001317	5.03107031186	0.626215279102	0.0	0.00278953001058	0.365669089059	0.0	0.0286345992548	0.00161335034257	0.704537997643	0.00552829005755	37.2073990504	10.4734775225	50.1877028147	0.534323066473	17.9403998057	0.897863050302	0.0	0.00898414958889	6.54082004229	0.45957900087	110.7310009	25.1847003301
2155	405.80800883	960.69589742	399.364980062	19.1108616193	122.030977249	14.6819089254	7.70099008083	7.79567007224	5.03226029873	0.602116266886	0.0	0.00254271914794	0.36238308996	0.0	0.027705899595	0.00151431031797	0.694535990556	0.00532985998628	36.7345981598	10.3833776315	49.5862026215	0.524979069829	17.8537998199	0.88983703653	0.0	0.00889477948658	6.54065998395	0.459474998216	110.754000346	25.1979004542
2156	405.264010111	960.465906779	399.546979268	18.7497620583	120.797978083	14.5193088055	7.65899010499	7.7808500131	5.03340037664	0.578947260976	0.0	0.00231783829319	0.359093089898	0.0	0.0268237995915	0.00142135031638	0.68467999498	0.00513859003937	36.2703994115	10.2931772868	48.9932028453	0.515856062373	17.7676002185	0.881786043445	0.0	0.00880598967584	6.54049996535	0.459370993078	110.777000427	25.2110001246
2157	404.7770106	960.231908162	399.725980123	18.3952625593	119.576978048	14.3585089048	7.61722997824	7.7660599947	5.03448037306	0.556674251954	0.0	0.00211294755961	0.35580008477	0.0	0.0259854993783	0.00133411027491	0.674965997537	0.0049542200674	35.8144985835	10.2028772036	48.4085025787	0.506945058703	17.6819001834	0.873707041144	0.0	0.00871771962071	6.5403299729	0.459267000357	110.799999873	25.2238005002
2158	404.346008301	959.992899577	399.900978088	18.047463576	118.368977865	14.1996086438	7.57569992542	7.75130001704	5.03551046054	0.53526023527	0.0	0.00192623687326	0.352503083646	0.0	0.0251906993799	0.0012522302568	0.665392999848	0.00477648999852	35.3664989471	10.1124772231	47.8318030039	0.498240066071	17.5967001915	0.865601037939	0.0	0.00863132967303	6.54014996688	0.459162001808	110.822000504	25.2364002864
2159	403.968009949	959.747899373	400.072977702	17.7060643832	117.172977448	14.0425086021	7.53442005316	7.73656992118	5.03649051984	0.514673228065	0.0	0.00175609628786	0.349202084045	0.0	0.0244366993817	0.00117539024601	0.655959005157	0.00460516001719	34.9261986415	10.0219770273	47.2629025777	0.489734066029	17.5118997892	0.857468048731	0.0	0.00854666965703	6.53997993469	0.45905700326	110.843999863	25.2487999598
2160	403.645006816	959.494903564	400.242980957	17.3709651629	115.989977519	13.8871084849	7.49336000284	7.72186998526	5.03741045793	0.494880221784	0.0	0.00160104571842	0.345895081758	0.0	0.0237186996577	0.00110326024393	0.646660000086	0.0044400000091	34.4930992126	9.93134673436	46.7017024358	0.481419059138	17.427500089	0.849308038751	0.0	0.00846221965427	6.53980000814	0.458951001366	110.865999858	25.2609998385
2161	403.374008179	959.234898885	400.408976237	17.0421654383	114.818977992	13.7335085074	7.45254000028	7.70720998446	5.03829038143	0.475850209594	0.0	0.00145973520315	0.3425830851	0.0	0.0230367993936	0.00103557021551	0.637496004502	0.00428078005401	34.0670989354	9.8405667146	46.1479028066	0.473288066685	17.3435997963	0.841124032935	0.0	0.00837793969549	6.53961002827	0.458845004439	110.887999217	25.2729001045
2162	403.155008952	958.965906779	400.571975708	16.7194662094	113.659978231	13.5816083749	7.4119399786	7.69257001082	5.03912047545	0.457553202907	0.0	0.00133093475597	0.339264084895	0.0	0.0223887995817	0.000972030208989	0.628463000059	0.00412727997173	33.6477988561	9.74962623914	45.6014022827	0.465337060392	17.2601000468	0.832914034526	0.0	0.00829379966793	6.53940999508	0.458738997579	110.909000397	25.2847002347
2163	402.988004049	958.687896729	400.73197937	16.4027668635	112.512978872	13.4314082464	7.37158004443	7.67796003819	5.03989044825	0.439962195853	0.0	0.00121354432971	0.335937080284	0.0	0.0217702997228	0.000912395194367	0.619559998314	0.00397930996648	33.234899203	9.6585261027	45.0619023641	0.457560064892	17.1770998637	0.824678038557	0.0	0.0082097897927	6.53920996189	0.458630996446	110.930000305	25.2962004344
2164	402.871007284	958.39890035	400.888982137	16.0918676058	111.376979828	13.2829081217	7.33143011729	7.66337998708	5.0406105121	0.423048193256	0.0	0.0011065339592	0.332604077955	0.0	0.0211794994151	0.000856422178913	0.61078500251	0.00383666002502	32.8281977971	9.56725589434	44.5294027328	0.449953061839	17.0945002238	0.816417038441	0.0	0.0081258797242	6.53901004791	0.458523998658	110.951000849	25.3074005445
2165	402.805005391	958.099899292	401.042976379	15.7868680159	110.253979365	13.1360080242	7.2915199995	7.64883001645	5.04128050804	0.406786183516	0.0	0.00100899361132	0.329264079531	0.0	0.0206170997893	0.000803885171384	0.602137004336	0.00369912999061	32.4274994532	9.47580560048	44.0036023458	0.442508059243	17.0123000145	0.808130035798	0.0	0.00804343967078	6.53879996141	0.458416000009	110.971001307	25.3185002009
2166	402.788002014	957.788904826	401.193977356	15.48746864	109.140979131	12.9908078512	7.25181992849	7.63431008657	5.04191052914	0.391150176525	0.0	0.000920071281143	0.325917082528	0.0	0.0200812996676	0.000754573159308	0.593611995379	0.00356654002098	32.0324991544	9.38416544596	43.4844017029	0.43522105366	16.9304997126	0.799821034074	0.0	0.0079623797598	6.53858999411	0.458308001359	110.991999944	25.3293002446
2167	402.820004781	957.46589152	401.341977437	15.1935692628	108.039978663	12.8472078641	7.21233999729	7.61981991927	5.04248050849	0.376116168996	0.0	0.00083900699489	0.322563074529	0.0	0.0195680997955	0.000708288159027	0.58520899713	0.00343871997514	31.6428991954	9.29233511289	42.9715029399	0.428087058167	16.8491001129	0.791488026579	0.0	0.00788117960716	6.5383699735	0.458197998504	111.012000402	25.3399001757
2168	402.901000977	957.130894979	401.486979167	14.9051698844	106.949981054	12.7052077452	7.17309002082	7.60535999139	5.04300057888	0.361661163469	0.0	0.000765101741611	0.319202072918	0.0	0.0190785995995	0.000664843139627	0.576905995607	0.0033154799797	31.2585991224	9.20031491915	42.4650020599	0.421100057662	16.7680997849	0.783130029837	0.0	0.00779983963973	6.53813997904	0.458089001477	111.031000137	25.350300312
2169	403.030003866	956.782903035	401.628977458	14.6221702894	105.871980031	12.5648076534	7.13403995832	7.5909200112	5.04347054164	0.347761156658	0.0	0.000697719486197	0.315834072729	0.0	0.0186112994949	0.000624064132959	0.568702995777	0.00319665996358	30.8793989817	9.10809461276	41.9645020167	0.414257052044	16.6875999769	0.774749040604	0.0	0.00771835970227	6.53790998459	0.457979996999	111.050999324	25.3605003357
2170	403.207000732	956.421900431	401.76797994	14.3443710009	104.803979238	12.4260075887	7.09522000949	7.57652000586	5.04390052954	0.334397149583	0.0	0.000636284268694	0.312456076344	0.0	0.0181624994924	0.000585788118769	0.560616001487	0.00308211000326	30.504898866	9.01567443212	41.4699026744	0.407552058498	16.6073997815	0.766346037388	0.0	0.00763672966665	6.53767991066	0.457869999111	111.069999695	25.3704001109
2171	403.431002299	956.047892253	401.904980977	14.0717716217	103.746980667	12.2886075974	7.05660001437	7.56213998795	5.04427067439	0.3215461423	0.0	0.000580268072857	0.309072074791	0.0	0.0177333997563	0.000549859115078	0.552644992868	0.00297165997714	30.1350992521	8.92304412524	40.9811019897	0.40097805361	16.5277001063	0.757922038436	0.0	0.0075549496493	6.53744010131	0.457759000361	111.089000066	25.3801004092
2172	403.66200002	955.659896851	402.037984212	13.8042720159	102.700979869	12.1529075305	7.01819996039	7.54778003693	5.04459071159	0.309189138313	0.0	0.00052919088436	0.305680068831	0.0	0.0173227995013	0.000516135109744	0.544786999623	0.00286517998514	29.7697990735	8.83022371928	40.4980023702	0.394532054663	16.4483002027	0.749476035436	0.0	0.00747301972782	6.53719000022	0.457647994161	111.106999715	25.3896002769
2173	403.863001506	955.257888794	402.168983459	13.5416724682	101.664981206	12.0186072985	6.98000999292	7.53346006076	5.04488066832	0.297308137019	0.0	0.000482615721315	0.30228207012	0.0	0.0169272995554	0.000484479101336	0.537041003505	0.00276250999498	29.4087991714	8.7371934255	40.0204016368	0.388211051623	16.3694001834	0.741009031733	0.0	0.00739233971884	6.5369399786	0.457536997894	111.126000722	25.398900191
2174	404.039001465	954.842895508	402.296981812	13.2839731375	100.639981588	11.8858071168	6.9420200189	7.5191599528	5.04514062405	0.285883128643	0.0	0.000440146570327	0.298877070347	0.0	0.016545899678	0.000454765099372	0.529405996203	0.00266351999016	29.0517991384	8.64397319158	39.548201561	0.382012051841	16.2908000946	0.732523034016	0.0	0.00731283965676	6.53669003646	0.457424998283	111.144001643	25.4079001745
2175	404.1919988	954.415893555	402.421979268	13.0310735703	99.6249815623	11.7544071674	6.90424001217	7.50489997864	5.04538063208	0.274897123377	0.0	0.000401418430556	0.295466065407	0.0	0.0161801997262	0.000426874091014	0.521878987551	0.00256807999297	28.6987991333	8.55057303111	39.0812018712	0.375930053492	16.2125999133	0.724020029108	0.0	0.00723300963485	6.53643000126	0.457312000295	111.16200002	25.4168001811
2176	404.324996948	953.976882935	402.543980916	12.7828740279	98.6202812195	11.6246069272	6.86667005221	7.49064993858	5.04562060038	0.264333116512	0.0	0.000366103306684	0.292049070199	0.0	0.0158291996146	0.000400693087916	0.514458994071	0.0024760600063	28.3496991793	8.45700279872	38.6194016139	0.369963052372	16.1348001162	0.715502028664	0.0	0.00715288969999	6.53615999222	0.457198999822	111.17900149	25.4254000982
2177	404.439997355	953.526891073	402.662981669	12.5393745104	97.6257826487	11.496107022	6.82931001981	7.47643995285	5.04586064816	0.254175114135	0.0	0.000333898189031	0.28862606734	0.0	0.0154896994742	0.000376118075413	0.507145002484	0.00238733998655	28.0041993459	8.36327258746	38.1626021067	0.364106051624	16.0574002266	0.706971034408	0.0	0.00707247973575	6.53588998318	0.457086001833	111.197000504	25.4338000615
2178	404.539998372	953.066884359	402.779980977	12.3003750642	96.6413822174	11.3691069285	6.79213992755	7.46224995454	5.04610061646	0.244408110778	0.0	0.000304530088518	0.285198065142	0.0	0.0151632996276	0.000353050076228	0.499934991201	0.00230178999482	27.6621988614	8.26940226555	37.7108011246	0.358357047041	15.9803997676	0.698427026471	0.0	0.00699181963379	6.53562001387	0.456973001361	111.214000066	25.4419002533
2179	404.624997457	952.596888224	402.893981934	12.0657755534	95.6668815613	11.2435069879	6.755180041	7.44808999697	5.04633065065	0.235016107559	0.0	0.000277748991114	0.281766064465	0.0	0.014849299565	0.000331398070557	0.492827000717	0.00221931998385	27.3236993154	8.17537212372	37.2638022105	0.352712052564	15.9037000338	0.689871033033	0.0	0.00691089965403	6.53533999125	0.456859998405	111.230999629	25.4499003092
2180	404.69800059	952.117889404	403.004984538	11.8355758985	94.702182134	11.1193068027	6.71841998895	7.43396000067	5.04657061895	0.225985102355	0.0	0.000253325901819	0.278331063688	0.0	0.0145445996119	0.000311073068588	0.48582000037	0.00213979995654	26.9884994825	8.08122213682	36.8215020498	0.347167049845	15.827499946	0.681306024392	0.0	0.00683115973758	6.53505007426	0.456745006144	111.247001012	25.4576001167
2181	404.759000142	951.629892985	403.11298116	11.6097764174	93.747282664	10.9964066346	6.68186994394	7.41985003153	5.04681058725	0.217301098009	0.0	0.000231052822831	0.274893065294	0.0	0.0142485996087	0.000291995061464	0.478914002577	0.00206312997034	26.6564990679	7.98694169521	36.383802096	0.341720044613	15.7515999476	0.672731031974	0.0	0.00675250966257	6.53475991885	0.45663099736	111.264001211	25.4651002884
2182	404.808998108	951.133880615	403.218981425	11.3880767822	92.8019822439	10.8749066194	6.645509998	7.40577002366	5.04705051581	0.208951094498	0.0	0.00021074174947	0.271451065938	0.0	0.0139631996086	0.00027408705743	0.47210500141	0.00198919999336	26.3274992307	7.89254168669	35.9507026672	0.336366044978	15.6759999593	0.664148022731	0.0	0.00667347964675	6.53446996212	0.456516002615	111.280000687	25.4724003474
2183	404.850001017	950.628885905	403.321975708	11.1705773671	91.8662821452	10.7548066775	6.60935004552	7.39171997706	5.0473006169	0.200922088077	0.0	0.000192217682828	0.268007064859	0.0	0.0136877997623	0.000257277048756	0.465393995245	0.00191792999976	26.001499335	7.79804150263	35.5219020844	0.331102045874	15.6009000142	0.655560026566	0.0	0.00659408971357	6.53416001797	0.456400997937	111.295000712	25.4794001579
2184	404.882001241	950.11688741	403.421981812	10.9571777185	90.9399827321	10.6360065142	6.57337999344	7.37768999736	5.04754062494	0.193202085793	0.0	0.000175324623948	0.264559060335	0.0	0.0134192996193	0.000241499054634	0.458777000507	0.00184920999648	25.6783989271	7.70344134172	35.0975020727	0.325927048922	15.5260999997	0.646965021888	0.0	0.00651435977003	6.53385996819	0.456284003953	111.311000824	25.4862000148
2185	404.90599823	949.597885132	403.519983927	10.7477780183	90.022983551	10.5184063117	6.53761998812	7.36368997892	5.04779068629	0.185778083901	0.0	0.000159917570272	0.261108058194	0.0	0.0131596995828	0.000226688049831	0.452255000671	0.00178295000417	25.3579994837	7.6087312301	34.6773017248	0.320839047432	15.4517000516	0.638364021977	0.0	0.00643431981249	6.5335499843	0.456167998413	111.326000214	25.4929000537
2186	404.922002157	949.070887248	403.615982056	10.5422785282	89.1152833303	10.4022063414	6.5020399491	7.34972000122	5.04804062843	0.178639079134	0.0	0.000145866521052	0.257655059298	0.0	0.0129085996499	0.00021278504452	0.445826001465	0.00171907000671	25.0402989388	7.51394116879	34.2612018585	0.315835046271	15.3776000341	0.629758030176	0.0	0.00635398974797	6.53322994709	0.456052000324	111.341000875	25.4991998672
2187	404.93200175	948.539886475	403.707977295	10.3406789303	88.216782252	10.2873061498	6.46667003632	7.33576997121	5.04830062389	0.171775076538	0.0	0.000133052473151	0.254201057057	0.0	0.01266299972	0.00019973603897	0.439488997062	0.00165747999563	24.7250992457	7.41906098525	33.8492015203	0.31091204534	15.3040000598	0.621146028241	0.0	0.00627336973169	6.53290990988	0.455934000512	111.355999629	25.5054004987
2188	404.935000102	948.0068868	403.797983805	10.1428794861	87.3273830414	10.1737061342	6.43148001035	7.32184994221	5.04855060577	0.165175074091	0.0	0.000121364433653	0.25074505806	0.0	0.0124248995756	0.000187486039067	0.433241002262	0.00159810000332	24.412399292	7.3241109848	33.4412018458	0.306067042053	15.2307000955	0.612532024582	0.0	0.00619389974357	6.53258001804	0.4558160007	111.370000203	25.5114000638
2189	404.932998657	947.476893107	403.885981242	9.94871973991	86.4469839732	10.0613061587	6.39648997784	7.30796007315	5.04881052176	0.158828071008	0.0	0.000110705394642	0.247287056098	0.0	0.0121939997189	0.000175988036062	0.427083000541	0.00154083998253	24.1020994186	7.2290708224	33.0370016098	0.301300038894	15.1576999823	0.603912040591	0.0	0.00611549968986	6.53225000699	0.455698000888	111.383998871	25.5170998573
2190	404.926002502	946.950881958	403.970985413	9.75825015704	85.57538414	9.95014627775	6.36168996493	7.29410000642	5.04907059669	0.152726066609	0.0	6.00293236251e-05	0.243828054518	0.0	0.0119673996232	0.000165196034989	0.421011999249	0.00148563000645	23.7940994898	7.13397077719	32.6367015839	0.296606041491	15.085100015	0.595289016763	0.0	0.00603668973781	6.53190998236	0.455579998593	111.398000081	25.522600174
2191	404.916002909	946.429885864	404.053980509	9.57138029734	84.7125848134	9.84022593498	6.32708001137	7.28025996685	5.04932053884	0.146857065459	0.0	0.0	0.240365054458	0.0	0.0117448996753	0.000155065031625	0.41502700001	0.00143241000478	23.4881995519	7.03880067666	32.2400010427	0.291984044015	15.0128999551	0.586661025882	0.0	0.00595749976734	6.53157003721	0.455460997919	111.412001292	25.5278999011
2192	404.901000977	945.913884481	404.133984884	9.38802075386	83.8585840861	9.73152581851	6.29264998436	7.2664399147	5.04958061377	0.14121506239	0.0	0.0	0.236902053157	0.0	0.0115285996969	0.000145555031243	0.409128002822	0.00138109001758	23.1844997406	6.94356056054	31.8470017115	0.287432042261	14.9409999847	0.578029021621	0.0	0.00587793975137	6.53123005231	0.455341001352	111.424999873	25.5329004924
2193	404.882998149	945.401896159	404.21097819	9.20813107491	83.0131842295	9.62403583527	6.25842003028	7.25265999635	5.04985058308	0.135789060344	0.0	0.0	0.233437053859	0.0	0.0113180997626	0.000136629028323	0.40331300348	0.00133160999394	22.8828994433	6.84826040268	31.4575017293	0.282945039372	14.8694999218	0.569396014015	0.0	0.00579805967088	6.53087007999	0.455220999817	111.439000448	25.5377999942
2194	404.861002604	944.892888387	404.285980225	9.03164164225	82.1762841543	9.51772578557	6.22437000275	7.23890002569	5.05011061827	0.130572059502	0.0	0.0	0.229971049974	0.0	0.0111106997356	0.000128250027046	0.397580005229	0.00128391001878	22.5832993189	6.75290040175	31.0714015961	0.27852203697	14.7983000278	0.560759027799	0.0	0.00571784970816	6.53051996231	0.455100998282	111.450999578	25.5424003601
2195	404.836001078	944.387873332	404.358985901	8.85846193631	81.3478844961	9.41259566943	6.19050999482	7.22515992324	5.050370574	0.125555056458	0.0	0.0	0.226504048953	0.0	0.0109085997101	0.000120386026538	0.391928998133	0.00123791001776	22.2854992549	6.65748023987	30.6888014476	0.274162036677	14.7275000413	0.552119026581	0.0	0.00563875981607	6.53015001615	0.454979995886	111.464000702	25.5467998187
2196	404.809000651	943.885894775	404.42997996	8.6885620753	80.527885437	9.30862577756	6.15682999293	7.211449941	5.05064058304	0.120731054495	0.0	0.0	0.223036049555	0.0	0.0107114998003	0.000113003023822	0.386359003683	0.0011935600099	21.9895993869	6.56201020877	30.309501489	0.269865043461	14.6570001443	0.543475021919	0.0	0.00556069977271	6.52978992462	0.454858998458	111.475999196	25.5510001183
2197	404.778999329	943.385884603	404.497983297	8.52188253403	79.7160841624	9.20581563314	6.12334001064	7.1977699995	5.05091063182	0.116093052551	0.0	0.0	0.219567046811	0.0	0.0105166996364	0.000106073022228	0.380866996944	0.00115080000251	21.6954994202	6.46648013592	29.9335015615	0.265626038114	14.5868999958	0.534828027089	0.0	0.00548218978414	6.52942005793	0.454737000167	111.488999049	25.5550001462
2198	404.746999105	942.88788859	404.562988281	8.35835297902	78.9125849406	9.10413567225	6.09002999465	7.18411997954	5.05117062728	0.111633051187	0.0	0.0	0.216095046451	0.0	0.0103240997996	4.2262789672e-05	0.375454001129	0.0011095800049	21.4029992421	6.37091012796	29.5606013934	0.261446033915	14.5171000163	0.526179025571	0.0	0.00540327975371	6.52904005845	0.45461499691	111.5	25.5586999257
2199	404.712000529	942.392878215	404.626983643	8.19789322217	78.1170857747	9.00358541807	6.05689998468	7.170489947	5.05144063632	0.107344047477	0.0	0.0	0.212622047712	0.0	0.0101358999188	0.0	0.37011799713	0.00106983000296	21.1121994654	6.27527999878	29.1909012794	0.257322040697	14.4477000237	0.517528017362	0.0	0.00532397980957	6.52865000566	0.45449299862	111.51199913	25.5621995926
2200	404.675999959	941.898890177	404.687980652	8.04048351447	77.3296871185	8.90413538615	6.02395002047	7.15688999494	5.05171052615	0.103220046187	0.0	0.0	0.209148045629	0.0	0.00995176976236	0.0	0.364857998987	0.00103150998863	20.8229994774	6.17960993449	28.824201266	0.253253032764	14.3785999616	0.508873025576	0.0	0.00524431983164	6.52827000618	0.454368998607	111.523000081	25.5654999415
2201	404.637001038	941.406880697	404.745981852	7.88605391979	76.5502853394	8.80579527219	5.9911899964	7.14330999056	5.05198061466	0.0992542436967	0.0	0.0	0.20567404603	0.0	0.00976922983925	0.0	0.359672995905	0.000994555991686	20.535399437	6.08388992151	28.4604012171	0.249236032367	14.309800148	0.500215021273	0.0	0.00516431972695	6.52786997954	0.454246004423	111.534000397	25.5686000188
2202	404.597000122	940.914886475	404.802978516	7.73455409209	75.7786865234	8.7085454464	5.95860000451	7.12976006667	5.05225058397	0.0954410439978	0.0	0.0	0.202199044327	0.0	0.00959048971223	0.0	0.354560998579	0.000958928998443	20.2491993904	5.98811984062	28.0996014277	0.245270033677	14.2414000829	0.491554021835	0.0	0.00508399975176	6.52747007211	0.454123007754	111.545000076	25.5715001424
2203	404.555000305	940.425882975	404.85697937	7.58590443929	75.0148855845	8.61237517993	5.92619001865	7.11623005072	5.05252059301	0.0917745425055	0.0	0.0	0.198723044246	0.0	0.00941531981031	0.0	0.349522997936	0.000924579998051	19.9643994967	5.89230974515	27.7416013082	0.24135203287	14.1732999484	0.48289202402	0.0	0.00500478975785	6.52707000573	0.453999002775	111.554999669	25.5741000175
2204	404.511998494	939.936884562	404.908983866	7.44007472197	74.2587858836	8.51726524035	5.8939499855	7.10273003578	5.05279056231	0.088248838981	0.0	0.0	0.195246039579	0.0	0.00924114976078	0.0	0.344556001325	0.000891460993444	19.6809995969	5.79645975431	27.3864010175	0.237480030706	14.1056000392	0.474227021138	0.0	0.004926599795	6.52666000525	0.453875000278	111.565999349	25.576499939
2205	404.467000326	939.447886149	404.957979838	7.2970250845	73.5103867849	8.42320505778	5.8619000117	7.08925998211	5.05306061109	0.0848586391658	0.0	0.0	0.191766042262	0.0	0.0090702798528	0.0	0.339659005404	0.000859528998262	19.3988993963	5.70056962967	27.0340013504	0.233655030529	14.03820014	0.465558017294	0.0	0.00484796978223	6.5262499253	0.45374999692	111.576000214	25.5787000656
2206	404.420995076	938.960891724	405.005981445	7.15668531259	72.7695865631	8.33018509547	5.83001009623	7.0758099556	5.05333062013	0.0815987363458	0.0	0.0	0.188286039978	0.0	0.00890250992961	0.0	0.334833001097	0.000828740997046	19.1179998716	5.60463956992	26.6842010816	0.229875029375	13.9711000125	0.45688701421	0.0	0.00476892987111	6.52583003044	0.453624996046	111.58499972	25.5807002385
2207	404.374003092	938.473876953	405.050979614	7.01902556419	72.036186854	8.23819510142	5.79831004143	7.06238996983	5.05360050996	0.0784641349067	0.0	0.0	0.184804039697	0.0	0.0087352998089	0.0	0.33007499824	0.000799057001132	18.8383994102	5.50866953532	26.3370010058	0.226139028867	13.9044000308	0.448212017616	0.0	0.00468949985225	6.52541005611	0.453498999278	111.594999313	25.582499822
2208	404.326001485	937.986882528	405.093981425	6.88397582372	71.3101857503	8.14722506205	5.76677000523	7.0490000248	5.05387059848	0.0754499329875	0.0	0.0	0.181323039035	0.0	0.00856860983185	0.0	0.325384999315	0.000770436003222	18.5599996249	5.4126594464	25.9924009641	0.222445028524	13.8379999002	0.439535019298	0.0	0.00460969974908	6.52498002847	0.453373000026	111.604000092	25.5840001106
2209	404.276000977	937.50088501	405.134979248	6.75148614248	70.5915864309	8.05726512273	5.73541001479	7.03562998772	5.05414052804	0.0725515329589	0.0	0.0	0.177840037892	0.0	0.0084047698571	0.0	0.320761005084	0.000742841007498	18.282599767	5.31660938263	25.6502010028	0.218793028345	13.7719000181	0.430854017536	0.0	0.00452955986839	6.52454002698	0.453245999912	111.612999598	25.5852999687
2210	404.226000468	937.013880412	405.172983805	6.6215164264	69.8801867167	7.96829485893	5.7042200168	7.02228001753	5.0544205904	0.069764630869	0.0	0.0	0.17435703675	0.0	0.00824359982895	0.0	0.31620400399	0.000716233994657	18.0063993136	5.22051926454	25.3105009397	0.215181030333	13.7061000665	0.422173015773	0.0	0.00445049989503	6.52410999934	0.453118997316	111.622000376	25.586400032
2211	404.174995422	936.52788798	405.209981283	6.49400659402	69.1759866079	7.88031478723	5.6731899182	7.00896000862	5.05469063918	0.0670847302924	0.0	0.0	0.170873035987	0.0	0.00808258983307	0.0	0.311710993449	0.000690581000526	17.7311995824	5.12439934413	24.973200798	0.211607026557	13.6407001813	0.413489016394	0.0	0.00437245987511	6.52365998427	0.452993000547	111.630000432	25.5873001417
2212	404.123001099	936.04188029	405.243980408	6.36893693606	68.4788869222	7.79330476125	5.64233998458	6.99567000071	5.05496064822	0.0645078290254	0.0	0.0	0.167385033021	0.0	0.00792407981741	0.0	0.307282003264	0.000665847003499	17.4570994377	5.02823925018	24.6382009188	0.208071025709	13.5755999883	0.404801018536	0.0	0.00429393983601	6.52321994305	0.452864999572	111.638001124	25.5880001386
2213	404.070002238	935.554890951	405.276980082	6.24625718594	67.788787206	7.70725476742	5.61165992419	6.98239994049	5.05523049831	0.062029927969	0.0	0.0	0.163898034642	0.0	0.00776791980024	0.0	0.302916005254	0.000642000003912	17.1838995616	4.93203918139	24.3055009842	0.204572026928	13.5107999643	0.396111018956	0.0	0.00421499988685	6.52275995413	0.452736002704	111.645999908	25.5883998871
2214	404.016003927	935.068888346	405.306981405	6.12589744727	67.105787913	7.62215467294	5.58114000161	6.96916004022	5.05551060041	0.0596472270166	0.0	0.0	0.16040903454	0.0	0.00761161977425	0.0	0.298612001042	0.000619006003641	16.9115996361	4.8358092308	23.9750010173	0.201106023043	13.4462999503	0.38741701593	0.0	0.00413564980651	6.52229988575	0.452606998384	111.653999329	25.5885998408
2215	403.961997986	934.581893921	405.334981283	6.00783761342	66.4295870463	7.53800459703	5.55078991254	6.95594008764	5.05578060945	0.0573561256751	0.0	0.0	0.156920033197	0.0	0.00745518982876	0.0	0.294370000561	0.000596837004802	16.6401998202	4.73953910669	23.646701018	0.197672023127	13.3821001053	0.378723012904	0.0	0.00405591990178	6.52184001605	0.452478999893	111.660999934	25.5885999997
2216	403.907002767	934.09387207	405.360982259	5.89201788108	65.7601865133	7.45477457841	5.52061005433	6.94274993738	5.05605061849	0.0551530246933	0.0	0.0	0.153431033095	0.0	0.00730096983413	0.0	0.290187994639	0.000575461997263	16.3696994781	4.64322908719	23.3206009865	0.194271021833	13.3183000882	0.370026014745	0.0	0.00397583981976	6.52136993408	0.452348999679	111.668000539	25.5883998871
2217	403.850995382	933.60589091	405.384984334	5.77841818333	65.0976874034	7.37247447173	5.49059001605	6.92957997322	5.05632050832	0.0530346240848	0.0	0.0	0.149938028306	0.0	0.00714883984377	0.0	0.286064999799	0.00055485299769	16.0999994278	4.54688898722	22.9965011279	0.190902024508	13.2546999454	0.361326014002	0.0	0.00389540983209	6.52088995775	0.452219004432	111.675001144	25.5879999797
2218	403.794998169	933.117879232	405.406979879	5.66697831949	64.4417883555	7.29108440876	5.46073997021	6.91643997033	5.05660053094	0.05099752297	0.0	0.0	0.146445029726	0.0	0.00699631982328	0.0	0.282001003623	0.0005349820082	15.8310995897	4.45051896572	22.6745009422	0.187565022459	13.1914999485	0.352622012297	0.0	0.003816079911	6.52040994167	0.45208799839	111.681999842	25.5873003006
2219	403.739003499	932.628890991	405.426979065	5.55766860644	63.792488416	7.21059433619	5.43104000886	6.90331995487	5.05687050025	0.0490387221798	0.0	0.0	0.142951030284	0.0	0.00684577987219	0.0	0.277995002766	0.000515823000266	15.5629997253	4.35411890348	22.3545009295	0.184258021414	13.1285999616	0.343915012976	0.0	0.00373775985402	6.51992996534	0.45195800066	111.687999725	25.58649985
2220	403.680999756	932.138885498	405.444981893	5.45044879119	63.1497885386	7.13099435965	5.40151000023	6.89022998015	5.05714050929	0.0471552213033	0.0	0.0	0.139457029601	0.0	0.00669709981109	0.0	0.274046001335	0.000497349993869	15.2956995964	4.25767890612	22.036400795	0.180980022997	13.0660000642	0.335208016137	0.0	0.00365897985951	6.51943997542	0.451826001207	111.694001516	25.5854001045
2221	403.623998006	931.648880005	405.46097819	5.34526904424	62.5135882696	7.05227430662	5.37213993073	6.87716003259	5.05742057165	0.0453441205124	0.0	0.0	0.135962028056	0.0	0.00654782983474	0.0	0.270152998467	0.000479539999408	15.028999726	4.16120882829	21.7202011744	0.177731019755	13.0036999385	0.326498014232	0.0	0.00357977987733	6.51893997192	0.451694001754	111.700001399	25.5841000875
2222	403.564999898	931.156885783	405.474983215	5.24209920565	61.8837881088	6.97442428271	5.34293997288	6.86411992709	5.05769050121	0.0436025190478	0.0	0.0	0.132466023167	0.0	0.00639797991607	0.0	0.266315000753	0.00046236699806	14.7629996141	4.06470880906	21.4059006373	0.174509021143	12.9417998791	0.317784016331	0.0	0.00350017985329	6.51844008764	0.451561997334	111.704999924	25.5824999809
2223	403.507001241	930.664881388	405.486979167	5.14089934031	61.2602882385	6.89743419488	5.31388998032	6.85111010075	5.05796054999	0.0419279191022	0.0	0.0	0.128970025728	0.0	0.00624994987932	0.0	0.26253200074	0.000445810001111	14.4976997375	3.96816875537	21.0934004784	0.171314014743	12.8800998529	0.30906701833	0.0	0.00342019986905	6.51793996493	0.451430002848	111.70999972	25.5808000565
2224	403.447998047	930.171880086	405.49798584	5.04164965947	60.6431884766	6.82129410903	5.28500000636	6.83812002341	5.05824049314	0.0403176182881	0.0	0.0	0.125470024223	0.0	0.00610362986724	0.0	0.258803000053	0.000429845000326	14.2329997222	3.87158870697	20.7827008565	0.168145019561	12.8187000751	0.300348008672	0.0	0.00333986990154	6.51742998759	0.451296997567	111.715000153	25.5787998835
2225	403.388999939	929.676890055	405.505978902	4.94429977735	60.0322885513	6.74600418409	5.25625999769	6.82515001297	5.05851058165	0.0387691181774	0.0	0.0	0.121971022959	0.0	0.00595654985712	0.0	0.255126997828	0.000414453000606	13.9688997269	3.77498867114	20.4738005002	0.164999016871	12.7575999101	0.29162700971	0.0	0.00326059987613	6.51690999667	0.451162998875	111.719999949	25.5766000748
2226	403.32900238	929.181879679	405.511983236	4.84881007671	59.4274886449	6.67154411475	5.22768998146	6.81221008301	5.05878055096	0.0372802161922	0.0	0.0	0.118470021213	0.0	0.00581111987898	0.0	0.251502996931	0.000399612001881	13.7053997517	3.67834860086	20.1665007273	0.161875016987	12.6969000498	0.282903008163	0.0	0.00318233990887	6.51639000575	0.451028997699	111.725001017	25.5741999944
2227	403.268999736	928.684880575	405.516980489	4.75516017278	58.8288888931	6.59790400664	5.19927004973	6.79929002126	5.05906057358	0.035848416388	0.0	0.0	0.11496902133	0.0	0.00566722984271	0.0	0.247930999845	0.000385302996923	13.4424997965	3.58167854945	19.8610006968	0.158775015424	12.6364000638	0.274176006516	0.0	0.00310360987593	6.51587005456	0.450894996524	111.728999456	25.5715998014
2228	403.208000183	928.186889648	405.51897939	4.66330031554	58.2362890244	6.52508397897	5.17100000381	6.78640000025	5.05933054288	0.03447171549	0.0	0.0	0.111467019965	0.0	0.00552243979958	0.0	0.244408998638	0.000371506003527	13.1800996463	3.48497855663	19.5570004781	0.155698015044	12.5762000084	0.265446012219	0.0	0.0030244399095	6.51534001033	0.450761000315	111.732999166	25.5687998136
2229	403.147000631	927.687876383	405.519983927	4.57320062319	57.6496893565	6.45306388537	5.1428899765	6.77353000641	5.05960051219	0.0331478149941	0.0	0.0	0.107964019602	0.0	0.0053791498843	0.0	0.240938002865	0.000358203998379	12.9181996187	3.38823846976	19.2547008197	0.152643014987	12.516299963	0.256713005404	0.0	0.00294484993598	6.51479991277	0.450626000762	111.736000697	25.5657002131
2230	403.086001078	927.186889648	405.51898702	4.48482076327	57.0689894358	6.38184388479	5.11493996779	6.76068997383	5.05987052123	0.0318748150021	0.0	0.0	0.104461018617	0.0	0.00523726983617	0.0	0.237516000867	0.000345378000929	12.6567997932	3.29146842162	18.9539006551	0.14960901315	12.4567000866	0.247979011387	0.0	0.00286487988584	6.5142600139	0.450490996242	111.740000407	25.5623998642
2231	403.025004069	926.684880575	405.515978495	4.39814090729	56.4941889445	6.31140383085	5.08712999026	6.74787000815	5.06015058359	0.0306507136362	0.0	0.0	0.100955018153	0.0	0.00509436991221	0.0	0.234142998854	0.00033301099999	12.3958997726	3.19466841221	18.6547005971	0.146597012877	12.3973998229	0.239242009819	0.0	0.00278453992602	6.51370998224	0.450355000794	111.743001302	25.5589000384
2232	402.962997437	926.180877686	405.510983785	4.31311114629	55.925189654	6.24175389608	5.05948003133	6.73508008321	5.06042051315	0.0294736130163	0.0	0.0	0.0974480162064	0.0	0.00495049989937	0.0	0.230816997588	0.000321088002238	12.1353998184	3.0978483359	18.3569003741	0.143604012827	12.3383999666	0.23050100853	0.0	0.00270385993645	6.51315999031	0.450219002863	111.745999654	25.555199941
2233	402.901000977	925.675877889	405.504981995	4.22970120112	55.3618898392	6.17286368211	5.03197999795	6.72230998675	5.0607004563	0.0283418128577	0.0	0.0	0.0939406150331	0.0	0.00480805985474	0.0	0.22753899917	0.000309590997252	11.875399669	3.00098828475	18.0606005987	0.14063101386	12.2796999613	0.221758008003	0.0	0.00262425993181	6.51260999839	0.450082999965	111.748999914	25.5512997309
2234	402.83799235	925.167882284	405.496983846	4.14789144198	54.804289182	6.1047437191	5.00461999575	6.70956003666	5.06097050508	0.0272534121759	0.0	0.0	0.0904325159887	0.0	0.00466697989032	0.0	0.224308001498	0.000298505998217	11.6157998244	2.90408825874	17.7657004992	0.137678012252	12.2212998867	0.213011008998	0.0	0.0025456699077	6.5120399793	0.449944997827	111.750999451	25.547200044
2235	402.774998983	924.658889771	405.485982259	4.06764149666	54.252289772	6.03737366199	4.97741997242	6.69683996836	5.06124051412	0.0262069116967	0.0	0.0	0.0869237134854	0.0	0.00452481000684	0.0	0.221122000366	0.000287818998913	11.3565999667	2.80716820558	17.4722003937	0.13474000742	12.1631999811	0.204264005025	0.0	0.00246661994606	6.51147997379	0.449807996551	111.753001531	25.5427996318
2236	402.711997986	924.147883097	405.474983215	3.98894176881	53.7058897018	5.97075363	4.95036999385	6.68414998055	5.06152053674	0.0252005113289	0.0	0.0	0.0834142124901	0.0	0.00438397994731	0.0	0.217982000361	0.000277513999511	11.0976998806	2.7102081577	17.1801005999	0.131818011403	12.1053000291	0.195513003816	0.0	0.00238713992682	6.51090006034	0.449670004348	111.754999797	25.5382000605
2237	402.648999532	923.633880615	405.460980733	3.91177195311	53.165090243	5.90486359596	4.92346004645	6.67147004604	5.06179050605	0.0242328111393	0.0	0.0	0.0799040111403	0.0	0.00424438994378	0.0	0.214886999379	0.000267577997874	10.8392997583	2.61322812239	16.8893003464	0.128914008538	12.0476999283	0.186760005852	0.0	0.00230724995102	6.51032996178	0.449531997244	111.756000519	25.5333995819
2238	402.585001628	923.118876139	405.445983887	3.83606209358	52.6295900345	5.83970352014	4.89669998487	6.65883004665	5.06207052867	0.0233023103016	0.0	0.0	0.0763907122115	0.0	0.00410361999335	0.0	0.211835001906	0.000257999000799	10.5811998844	2.5162080725	16.5999000867	0.126026008899	11.990399917	0.1780030032	0.0	0.00222698992972	6.50975000858	0.449393004179	111.758000692	25.5283997854
2239	402.521003723	922.600875854	405.428980509	3.76180223624	52.0995906194	5.7752635479	4.87009000778	6.64620002111	5.06234053771	0.0224075098522	0.0	0.0	0.0728769109895	0.0	0.00396174987933	0.0	0.208827001353	0.000248761997985	10.3233999411	2.4191480279	16.3117003441	0.12315500776	11.9333999952	0.16924300169	0.0	0.00214635995993	6.50916004181	0.449253996213	111.759000142	25.5231998761
2240	402.455998739	922.080876668	405.409975688	3.68897239367	51.5749902725	5.71153346697	4.8436199824	6.6336000363	5.06261046727	0.0215471096647	0.0	0.0	0.0693625087539	0.0	0.00382117993043	0.0	0.205862001826	0.000239856000311	10.0659998258	2.32206799587	16.0247002443	0.120300007363	11.8767000834	0.160480005046	0.0	0.00206680995567	6.5085700353	0.449115000665	111.759999593	25.5176998774
2241	402.392000834	921.557886759	405.388979594	3.61755251884	51.0555906296	5.64851347605	4.81730000178	6.62103001277	5.06289045016	0.0207197091853	0.0	0.0	0.0658474080265	0.0	0.00368182993649	0.0	0.202938998739	0.00023126900002	9.80886975924	2.22495796283	15.7390001615	0.117460006227	11.8202999433	0.151714004576	0.0	0.00198824992791	6.50796997547	0.448974999289	111.760000229	25.511999925
2242	402.327000936	921.031880697	405.366984049	3.54748264949	50.5414905548	5.58619344234	4.79111997286	6.60848001639	5.06317059199	0.0199241090255	0.0	0.0	0.0623317069064	0.0	0.00354127995282	0.0	0.200057001164	0.000222989999505	9.55204995473	2.12780793508	15.4544000626	0.114634005353	11.7640999953	0.142947004487	0.0	0.00190920997799	6.50737003485	0.448833999534	111.759999593	25.5060997009
2243	402.260996501	920.503880819	405.342987061	3.47877281904	50.032591184	5.52455333869	4.76508001486	6.5959499677	5.06344052156	0.0191591085556	0.0	0.0	0.0588152064011	0.0	0.0034019399706	0.0	0.197217001269	0.000215006998284	9.29550997416	2.03062784672	15.1710002422	0.111823004981	11.7081998984	0.134177003056	0.0	0.00182973997047	6.5067700545	0.448693007231	111.760000229	25.4999996821
2244	402.195002238	919.974878947	405.317982992	3.41139298677	49.5287907918	5.46360325813	4.73918000857	6.58345003923	5.06372046471	0.0184234081147	0.0	0.0	0.0552979055792	0.0	0.00326374997773	0.0	0.194417001059	0.000207310000405	9.03923002879	1.93341783683	14.8888000647	0.10902600425	11.6525999705	0.125404003387	0.0	0.00174983998295	6.50614996751	0.448551997542	111.760000229	25.4936998685
2245	402.129000346	919.445887248	405.290982564	3.34530307849	49.0300906499	5.40332329273	4.71343008677	6.5709700187	5.06399047375	0.0177160077728	0.0	0.0	0.051777703998	0.0	0.00312428999071	0.0	0.191656000912	0.000199888002195	8.7832198143	1.83618778984	14.6076000532	0.106243004402	11.5971999963	0.116628001754	0.0	0.00166955999642	6.50553993384	0.448410001894	111.760000229	25.4871997833
2246	402.06300354	918.916885376	405.261978149	3.28049321969	48.5363909403	5.34371328354	4.68781995773	6.55851002534	5.06427057584	0.0170358074829	0.0	0.0	0.0482569038868	0.0	0.00298596996193	0.0	0.188935001691	0.000192733000101	8.52744992574	1.7389177382	14.3276002407	0.103470003232	11.5420999527	0.107849000643	0.0	0.00158890999349	6.50490991275	0.448267000417	111.759000142	25.4803996086
2247	401.99600474	918.389887492	405.231984456	3.21693334977	48.0476910273	5.28475320339	4.6623399655	6.54608003298	5.06454042594	0.0163817073529	0.0	0.0	0.0447354024897	0.0	0.00284871996458	0.0	0.186252996325	0.000185834001362	8.27191996574	1.64161768556	14.0486001174	0.100708001604	11.4873000781	0.0990686013053	0.0	0.0015079099976	6.50429002444	0.448124999801	111.758001963	25.4733997981
2248	401.928998311	917.864883423	405.199986776	3.15459348758	47.5638920466	5.22645314535	4.63700997829	6.53366998831	5.06482044856	0.0157528068715	0.0	0.0	0.0412133025626	0.0	0.00271013999979	0.0	0.183609001338	0.000179181000325	8.01661988099	1.54428761204	13.7707000573	0.0979580016186	11.4327998161	0.0902854005496	0.0	0.00142799998866	6.50366000334	0.447981995841	111.756000519	25.4662000338
2249	401.862007141	917.345876058	405.165985107	3.0934535861	47.0850909551	5.16879316171	4.61180996895	6.52128998439	5.06509049733	0.0151480068453	0.0	0.0	0.0376906010012	0.0	0.00257029997495	0.0	0.181001999726	0.000172767997962	7.76152996222	1.44692768653	13.4937001864	0.0952201001346	11.3784999053	0.0814990003904	0.0	0.00134908998734	6.50301996867	0.447839001815	111.754999797	25.458799839
2250	401.795003255	916.831878662	405.130976359	3.03349371751	46.6109911601	5.11177317301	4.58674999078	6.50893004735	5.06536046664	0.0145664064524	0.0	0.0	0.0341670000926	0.0	0.00243160997828	0.0	0.17843200018	0.000166583002283	7.50664997101	1.34953738252	13.2177999814	0.0924938997875	11.324499925	0.0727094002068	0.0	0.00126971999028	6.5023800532	0.447694001098	111.753000259	25.4512000084
2251	401.729001363	916.322875977	405.093981425	2.97469383478	46.1417913437	5.0553830862	4.56183000406	6.49659001827	5.06564048926	0.0140071061905	0.0	0.0	0.0306426999159	0.0	0.00229400999766	0.0	0.175899000218	0.000160619998496	7.25195002556	1.25210778912	12.9427998066	0.0897788001845	11.2708000342	0.0639168002332	0.0	0.00118991998412	6.50173004468	0.447550001244	111.751000722	25.4433997472
2252	401.662002563	915.841888428	405.056978861	2.9170139432	45.6771910985	4.99962302049	4.53703999519	6.48427995046	5.06586058935	0.0134694059379	0.0	0.0	0.027308800413	0.0	0.00215977998838	0.0	0.173402000219	0.000154870998813	7.00176004569	1.15832487742	12.6711999575	0.0871095005423	11.2173000177	0.0556899004926	0.0	0.00111251000393	6.50107999643	0.447405000528	111.748999914	25.4354000092
2253	401.596003215	915.409891764	405.019978841	2.86045412223	45.2173919678	4.94447302818	4.51238997777	6.47199002902	5.06598055363	0.0129523056094	0.0	0.0	0.0243375999853	0.0	0.00203341001179	0.0	0.1709409977	0.000149327999679	6.76019998391	1.07157517473	12.4053000609	0.0845196992159	11.1641000907	0.048522200125	0.0	0.00104012999994	6.50043002764	0.447260998189	111.746000926	25.4274997711
2254	401.528996785	915.022898356	404.982983907	2.80497417847	44.7621914546	4.88993299007	4.48788003127	6.45972994963	5.0660905838	0.0124550055092	0.0	0.0	0.0216898998866	0.0	0.00191443001192	0.0	0.168513998389	0.00014398300118	6.5269900163	0.991323426366	12.1449999809	0.0820069996019	11.1110998789	0.0422772001475	0.0	0.000972473998748	6.49978001912	0.447116998335	111.744000753	25.4194998741
2255	401.46299998	914.675898234	404.946980794	2.75056433678	44.3115921021	4.83599293232	4.46350002289	6.44749001662	5.06619064013	0.0119769053223	0.0	0.0	0.0193302001183	0.0	0.00180241999139	0.0	0.166122001906	0.000138830000651	6.30183001359	0.917084564765	11.8901000818	0.079569099471	11.0583999157	0.0368361997729	0.0	0.000909217002724	6.49912997087	0.44697299848	111.74200058	25.411599954
2256	401.395996094	914.363896688	404.909983317	2.69722443819	43.865591685	4.78265297413	4.43924999237	6.43526999156	5.06629057725	0.0115171050808	0.0	0.0	0.0172274000943	0.0	0.00169696998394	0.0	0.163763999939	0.000133861000601	6.08444003264	0.848407879472	11.6407000224	0.0772038002809	11.0058999856	0.0320957000367	0.0	0.000850076995751	6.49848000209	0.446829003592	111.739999771	25.403599898
2257	401.328997294	914.084899902	404.873987834	2.64490453402	43.4240919749	4.72991291682	4.41512997945	6.42306999365	5.06640060743	0.0110750049353	0.0	0.0	0.0153533999498	0.0	0.00159769000796	0.0	0.161439999938	0.000129070000791	5.87456997236	0.784877732396	11.3964000543	0.0749089003851	10.9537000656	0.0279653000956	0.0	0.000794785005079	6.49782999357	0.446684000393	111.737000783	25.3956999779
2258	401.260999044	913.834899902	404.838984172	2.59359461069	42.9869918823	4.6777428786	4.39115003745	6.41090003649	5.06650054455	0.010649804802	0.0	0.0	0.0136833001549	0.0	0.00150423000256	0.0	0.1591489998	0.000124450999768	5.67193996906	0.726107031107	11.1572999954	0.0726822999616	10.9017000198	0.0243666999352	0.0	0.000743093003014	6.49717998505	0.446539998055	111.734999975	25.3877997398
2259	401.194000244	913.610905965	404.802983602	2.54326476653	42.5542920431	4.62615275383	4.36729009946	6.39874990781	5.06661057472	0.0102410044055	0.0	0.0	0.0121948999198	0.0	0.00141623000187	0.0	0.156889999906	0.000119996999274	5.47631001472	0.671738877892	10.9231999715	0.0705220003923	10.8500000636	0.0212311997699	0.0	0.000694764011617	6.49652997653	0.446396000683	111.732999166	25.3797996839
2260	401.126996358	913.409901937	404.767982483	2.49390480916	42.1260916392	4.57514282068	4.34356995424	6.38663005829	5.06672056516	0.00984788460967	0.0	0.0	0.0108685000644	0.0	0.00133338999391	0.0	0.154662999014	0.000115702000282	5.2874399821	0.621443276604	10.6940999826	0.0684258999924	10.798500061	0.018499400001	0.0	0.000649580998773	6.49588004748	0.446252000829	111.731000264	25.3719002406
2261	401.058998108	913.230901082	404.733980815	2.44550494353	41.7020921707	4.52468276024	4.31998006503	6.37452999751	5.06682062149	0.0094698642691	0.0	0.0	0.00968639994971	0.0	0.00125539002086	0.0	0.152467998366	0.000111562000408	5.10509002209	0.574916278323	10.4696999391	0.0663922994087	10.7473000685	0.0161190999206	0.0	0.000607336997443	6.49522999922	0.446108000974	111.728999456	25.3639996847
2262	400.990997314	913.069900513	404.698982239	2.39803504944	41.282391866	4.47479267915	4.29650998116	6.36244992415	5.06693061193	0.00910636417878	0.0	0.0	0.00863291004983	0.0	0.0011819699915	0.0	0.150305000444	0.000107568999738	4.92903002103	0.53187490503	10.2501000563	0.064419200023	10.6963000298	0.0140452000778	0.0	0.0005678430025	6.4945799907	0.445964999497	111.726001104	25.3561000824
2263	400.923001607	912.926905314	404.66498057	2.35147509972	40.8669926325	4.42545266946	4.27318004767	6.35038995743	5.06704060237	0.00875682399298	0.0	0.0	0.00769403999827	0.0	0.00111283001024	0.0	0.148172001044	0.000103719999364	4.75906006495	0.492057179411	10.0350998243	0.0625048000365	10.645600001	0.0122381999002	0.0	0.000530918012373	6.49392998219	0.445820997159	111.723999659	25.3480997086
2264	400.855000814	912.797902425	404.630983988	2.30583522717	40.455692927	4.37665271759	4.24997003873	6.33835999171	5.06714057922	0.00842071371153	0.0	0.0	0.00685730999491	0.0	0.00104775000364	0.0	0.146069000165	5.04595809616e-05	4.59495000045	0.455221131444	9.82462008794	0.0606473997856	10.595099926	0.0106637000572	0.0	0.00049639500503	6.4932800134	0.445677002271	111.721999486	25.3402001063
2265	400.787999471	912.682907104	404.59698232	2.26108531157	40.0485925674	4.32839258512	4.22688996792	6.32635005315	5.06725056966	0.0080975034895	0.0	0.0	0.00611159997061	0.0	0.000986473993786	0.0	0.143995999048	0.0	4.43651000659	0.421144798398	9.61854998271	0.0588452002654	10.5448000431	0.00929187005386	0.0	0.000464118997722	6.49263000488	0.445532999933	111.719999949	25.3323000272
2266	400.720001221	912.580907186	404.563980103	2.21718541781	39.6455923716	4.28067262967	4.20393006007	6.31436999639	5.06736059984	0.00778670345123	0.0	0.0	0.00544701997812	0.0	0.000928783993004	0.0	0.141952998936	0.0	4.28354001045	0.38962118576	9.41681989034	0.0570967008049	10.4948001703	0.00809656002093	0.0	0.000433943003979	6.49197999636	0.445389002562	111.717000326	25.3243997892
2267	400.651997884	912.488901774	404.530982971	2.17413552602	39.2466929754	4.23347258568	4.18110001087	6.30240992705	5.06746045748	0.00748783330588	0.0	0.0	0.00485472004705	0.0	0.0008744700026	0.0	0.139938998967	0.0	4.13584999243	0.360457311074	9.21931997935	0.0554002001882	10.4450999896	0.00705505003377	0.0	0.000405729998117	6.49132994811	0.445246001085	111.715000153	25.316500028
2268	400.583997091	912.407918294	404.49798584	2.13191560904	38.8517929713	4.18680258592	4.15839997927	6.29046996435	5.06757060687	0.00720044326348	0.0	0.0	0.00432684998183	0.0	0.000823333995262	0.0	0.137953000764	0.0	3.9932500124	0.333478209873	9.02596990267	0.0537541999171	10.3954997857	0.00614754999212	0.0	0.000379351996041	6.49067997932	0.44510200123	111.71299998	25.3085999489
2269	400.516001383	912.334910075	404.465983073	2.09051563342	38.4608929952	4.14064252377	4.13580997785	6.27854998906	5.06767054399	0.00692409308006	0.0	0.0	0.00385638993854	0.0	0.000775191001594	0.0	0.13599600022	0.0	3.85558003187	0.308519887427	8.83668994904	0.0521570999796	10.3461999098	0.00535681998978	0.0	0.000354690001889	6.49003001054	0.444959002237	111.711000443	25.300599734
2270	400.447998047	912.26991272	404.432980855	2.04989578327	38.0739927292	4.09499247869	4.1133600076	6.26665004094	5.0677806139	0.00665835298908	0.0	0.0	0.00343711000945	0.0	0.000729863997549	0.0	0.134067001442	0.0	3.72267001867	0.2854293709	8.65137998263	0.0506076002494	10.297200044	0.00466781998208	0.0	0.000331632002296	6.48938997587	0.444815004865	111.708000819	25.2926998138
2271	400.379999797	912.21190389	404.400985718	2.01007584731	37.6908928553	4.04985245069	4.09101998806	6.25478009383	5.06788055102	0.00640281285935	0.0	0.0	0.0030634200084	0.0	0.000687189996825	0.0	0.132165002326	0.0	3.59434000651	0.264068660637	8.4699699084	0.0491040997828	10.2483999729	0.00406746998973	0.0	0.000310074004422	6.48874000708	0.444671998421	111.706000646	25.2847997348
2272	400.31199646	912.159901937	404.368985494	1.97103593747	37.3116928736	4.00520247221	4.06881002585	6.24293998877	5.06799050172	0.00615708269955	0.0	0.0	0.00273037998704	0.0	0.000647011998808	0.0	0.130289999147	0.0	3.47042999665	0.244307786226	8.29236014684	0.0476454008992	10.1998000145	0.00354434999948	0.0	0.000289919002777	6.48808995883	0.44452800105	111.703999837	25.2768999736
2273	400.245000203	912.113917033	404.337979635	1.93276597063	36.936393102	3.96105241776	4.04671001434	6.23111005624	5.06809055805	0.00592079265819	0.0	0.0	0.00243354998141	0.0	0.000609184998514	0.0	0.128440999736	0.0	3.35080999136	0.226025747756	8.11848990122	0.0462300994744	10.1514000893	0.00308852999782	0.0	0.00027107399607	6.48743999004	0.44438499709	111.7020003	25.2689998945
2274	400.17699941	912.072916667	404.306978861	1.8952160875	36.5647935867	3.91739241282	4.02473994096	6.21931000551	5.06820062796	0.00569357257336	0.0	0.0	0.00216900999658	0.0	0.000573571000132	0.0	0.126618997504	0.0	3.23530997833	0.209112562239	7.94827004274	0.0448569000388	10.1033000946	0.00269133999245	0.0	0.000253455000347	6.48678994179	0.444242003063	111.698999405	25.2610998154
2275	400.110003153	912.036911011	404.275978088	1.85838614901	36.1969935099	3.87421238422	4.00288999081	6.20753002167	5.06830052535	0.005475072423	0.0	0.0	0.00193322998045	0.0	0.000540039996849	0.0	0.124823000903	0.0	3.12379995982	0.193465241541	7.78162999948	0.0435244999826	10.0554000537	0.00234524998814	0.0	0.000236980997821	6.486139973	0.444098003209	111.696999232	25.25330019
2276	400.041997274	912.004903158	404.244979858	1.82227622469	35.8327926	3.83150233825	3.9811599652	6.19577002525	5.06840054194	0.00526497225898	0.0	0.0	0.00172308998299	0.0	0.000508470999193	0.0	0.123052000379	0.0	3.01613998413	0.178989796589	7.61849002043	0.0422316997622	10.0077000459	0.00204366997544	0.0	0.000221579002149	6.48548996449	0.443955004215	111.694999695	25.2453999519
2277	399.975001017	911.975916545	404.213979085	1.7868763109	35.4723933538	3.78927226861	3.9595400095	6.18403001626	5.06850059827	0.00506292225327	0.0	0.0	0.00153579000228	0.0	0.000478748998527	0.0	0.121307000518	0.0	2.91218998035	0.165598236024	7.45876999696	0.0409773997962	9.96026992798	0.00178089000595	0.0	0.000207179000427	6.48483995597	0.443811997771	111.692999522	25.2375000318
2278	399.907997131	911.949915568	404.183980306	1.75216638048	35.1155935923	3.74751228094	3.93803999821	6.17232000828	5.06860057513	0.0048686421942	0.0	0.0	0.00136886998856	0.0	0.000450765001005	0.0	0.119586000219	0.0	2.81182998419	0.153208564967	7.30241000652	0.0397603996098	9.91306002935	0.00155189998137	0.0	0.000193715000933	6.48419992129	0.443669001261	111.690999349	25.2295997938
2279	399.840998332	911.927912394	404.153986613	1.7181164523	34.7623939514	3.70621228218	3.91667000453	6.16062998772	5.06870055199	0.00468181201722	0.0	0.0	0.00122009000431	0.0	0.000424416997703	0.0	0.117890000343	0.0	2.71493001779	0.141746795426	7.14933005969	0.0385795999318	9.86607003212	0.00135235998702	0.0	0.000181126000825	6.48354995251	0.443525999784	111.68799909	25.2216998736
2280	399.773000081	911.907918294	404.123980204	1.68471650283	34.4126933416	3.66536223888	3.89539996783	6.14895995458	5.06880056858	0.00450216198806	0.0	0.0	0.00108748001124	0.0	0.000399610997799	0.0	0.11621800003	0.0	2.62137001753	0.131142932922	6.99945998192	0.0374338999391	9.81931002935	0.00117848999798	0.0	0.000169355999484	6.48289994399	0.443383000791	111.686000188	25.2137997945
2281	399.707003276	911.889923096	404.094983419	1.65196657181	34.0665938059	3.62496221066	3.87426000834	6.13732000192	5.0689005057	0.0043294019221	0.0	0.0	0.000969296995512	0.0	0.000376254999234	0.0	0.114569000279	0.0	2.53104998668	0.121331985419	6.85275002321	0.0363223003224	9.77277000745	0.00102697999197	0.0	0.000158351000816	6.48224993547	0.443239999314	111.683998744	25.2058998744
2282	399.640001933	911.873906453	404.064982096	1.6198566258	33.7239936193	3.58502221107	3.85322997967	6.12569999695	5.0690005223	0.00416327182514	0.0	0.0	0.000863958004629	0.0	0.00035426600031	0.0	0.11294400009	0.0	2.44382999341	0.112255960703	6.70911002159	0.0352437005689	9.7264500459	0.00089494799613	0.0	0.000148062001244	6.48160000642	0.443097000321	111.681999842	25.1980997721
2283	399.573003133	911.859909058	404.035980225	1.58837671081	33.3847935994	3.54551215967	3.83231000106	6.11409000556	5.06910053889	0.004003531804	0.0	0.0	0.000770071002383	0.0	0.000333561998559	0.0	0.111342999463	0.0	2.35963002841	0.103858858347	6.56848994891	0.0341972004001	9.68034998576	0.000779896998817	0.0	0.00013844200051	6.48095003764	0.44295399636	111.679000219	25.1902000109
2284	399.50600179	911.846908569	404.006980896	1.55751675367	33.0490938822	3.50644214948	3.81150998672	6.10251994928	5.06920059522	0.00384991173632	0.0	0.0	0.000686389001203	0.0	0.000314069002343	0.0	0.109763000781	0.0	2.27833002806	0.0960906967521	6.43082006772	0.0331817995757	9.63447999954	0.000679641006476	0.0	0.000129446997259	6.4803100427	0.442811002334	111.67699941	25.182299614
2285	399.439999898	911.835917155	403.978981018	1.52723684907	32.7166935603	3.4678021272	3.79082002242	6.09096006552	5.06930057208	0.00370219165537	0.0	0.0	0.000611804003711	0.0	0.000295715998315	0.0	0.108206999799	0.0	2.19983998934	0.0889035649598	6.2960400184	0.0321965999901	9.58881998062	0.000592275003631	0.0	0.000121037000402	6.47966007392	0.442668000857	111.674999873	25.1744998296
2286	399.374005636	911.825912476	403.949979146	1.49752688408	32.3876943588	3.4295921127	3.77024000883	6.07943006357	5.06940054893	0.00356014158266	0.0	0.0	0.000545325005078	0.0	0.000278435999159	0.0	0.10667200014	0.0	2.1240500013	0.0822542800258	6.16409997145	0.0312406996575	9.54337994258	0.000516142992031	0.0	0.0001131730005	6.47900998592	0.44252499938	111.673000336	25.1665999095
2287	399.30700175	911.816914876	403.921981812	1.4684069554	32.0619940758	3.39180207253	3.74977999926	6.06791003545	5.06949059168	0.00342354155146	0.0	0.0	0.00048607300414	0.0	0.000262165999933	0.0	0.105158999562	0.0	2.05087997516	0.0761025386552	6.03492001692	0.0303132000069	9.49816012383	0.000449799998023	0.0	0.000105821000034	6.47836005688	0.442382998765	111.670000076	25.1586999893
2288	399.241002401	911.808919271	403.893981934	1.43984702229	31.7395938238	3.35442207257	3.72942996025	6.05642004808	5.06959060828	0.00329219146321	0.0	0.0	0.000433260000136	0.0	0.000246848001552	0.0	0.103667999928	0.0	1.98022998373	0.0704110500713	5.90845000744	0.0294132999455	9.45315011342	0.000391986002796	0.0	9.89461987047e-05	6.4777200222	0.442239999771	111.668000539	25.150900205
2289	399.175003052	911.800908407	403.866981506	1.41185707847	31.4204940796	3.31746202707	3.70917997758	6.04494996866	5.06969062487	0.0031658813823	0.0	0.0	0.000386186999094	0.0	0.000232424998103	0.0	0.102198000376	0.0	1.91200999419	0.0651455152159	5.78463995457	0.0285401002814	9.4083600839	0.000341604997326	0.0	9.25186001647e-05	6.47707001368	0.442097005745	111.665999095	25.142999649
2290	399.109998067	911.794911702	403.838984172	1.3844071428	31.1044940948	3.28091198206	3.68904999892	6.03351000945	5.06978050868	0.00304441134601	0.0	0.0	0.000344229997912	0.0	0.000218846000886	0.0	0.100748998423	0.0	1.84615000089	0.0602738372982	5.66343001525	0.0276929001945	9.36377978325	0.000297700998393	0.0	8.65087004058e-05	6.47642000516	0.441954997679	111.664000193	25.1351995468
2291	399.044001261	911.787907918	403.811983744	1.35749720534	30.7917943001	3.24476196369	3.66902999083	6.02207998435	5.06988060474	0.00292761132975	0.0	0.0	0.000306832999437	0.0	0.000206059999376	0.0	0.0993203992645	0.0	1.78255999088	0.0557667212561	5.54475998878	0.026870800027	9.31942001979	0.000259440998586	0.0	8.08895007746e-05	6.47576999664	0.441811998685	111.661999385	25.1272996267
2292	398.97799174	911.782903035	403.784983317	1.33109724522	30.4821942647	3.20901195208	3.64911999305	6.01067999999	5.06997056802	0.00281529126611	0.0	0.0	0.00027350000164	0.0	0.000194022000263	0.0	0.0979120998333	0.0	1.72116998831	0.0515967675795	5.42858000596	0.0260732000073	9.27527006467	0.000226099002854	0.0	7.56354008142e-05	6.47512002786	0.441670000553	111.659001033	25.1193997065
2293	398.912999471	911.776916504	403.757980347	1.30518728495	30.1756941477	3.17366194725	3.62932000558	5.99929996332	5.07007062435	0.00270728122753	0.0	0.0	0.000243788999796	0.0	0.000182686998111	0.0	0.0965237996231	0.0	1.66188002626	0.0477387818197	5.31484997272	0.025299299974	9.23132999738	0.000197043998924	0.0	7.07228003497e-05	6.47447995345	0.441526994109	111.657000224	25.1115996043
2294	398.846997579	911.772918701	403.730979919	1.27978734175	29.8722945849	3.13870191574	3.60961997509	5.98793999354	5.07016058763	0.00260342118175	0.0	0.0	0.00021730699882	0.0	0.000172014999407	0.0	0.0951551999897	0.0	1.60465000073	0.0441693648075	5.20349001884	0.024548399883	9.18758996328	0.000171722999463	0.0	6.61293991773e-05	6.47382994493	0.441385003428	111.655000051	25.1037999789
2295	398.781997681	911.767903646	403.7049764	1.25487738848	29.5719944636	3.10412192345	3.59003998836	5.9766099453	5.07025063038	0.00250354114299	0.0	0.0	0.000193701998796	0.0	0.000161966998955	0.0	0.0938060991466	0.0	1.54939000805	0.0408669185514	5.09447999795	0.0238198000006	9.14406991005	0.000149655998636	0.0	6.183449932e-05	6.47318001588	0.441242001951	111.653000514	25.0958997409
2296	398.717002869	911.762908936	403.678980509	1.23046744863	29.2746944427	3.06992183129	3.57055002451	5.96528995037	5.07035064697	0.00240750110243	0.0	0.0	0.000172661998173	0.0	0.000152506000935	0.0	0.0924760997295	0.0	1.4960299929	0.0378115465865	4.98774997393	0.0231129000895	9.10075998306	0.000130425999184	0.0	5.78186997397e-05	6.4725300471	0.441099996368	111.649999619	25.0880999565
2297	398.651997884	911.758906047	403.652982076	1.20652750134	28.9803943634	3.03611183167	3.55117996534	5.95399991671	5.07044057051	0.0023151410472	0.0	0.0	0.000153908000357	0.0	0.000143597999947	0.0	0.0911649999519	0.0	1.444509993	0.0349847503627	4.88326005141	0.0224270001054	9.05765008926	0.000113668000267	0.0	5.40637999317e-05	6.47189001242	0.44095800072	111.64799881	25.0801997185
2298	398.587000529	911.754908244	403.626988729	1.18305753668	28.6889947255	3.00266184409	3.53191004197	5.94272998969	5.07053061326	0.0022263309996	0.0	0.0	0.000137190999036	0.0	0.000135209999523	0.0	0.0898726005107	0.0	1.39477000634	0.0323693299045	4.78097005685	0.0217614000042	9.01473999023	9.90630002586e-05	0.0	5.0552900575e-05	6.4712400039	0.440816002587	111.645999273	25.0723999341
2299	398.522997538	911.749913534	403.60198466	1.16004759073	28.4005943934	2.96959181627	3.5127500097	5.93146995703	5.0706205368	0.00214092095848	0.0	0.0	0.000122290998964	0.0	0.000127313001334	0.0	0.0885984003544	0.0	1.34673999747	0.0299495902533	4.68082002799	0.0211155999762	8.97205003103	8.63351997396e-05	0.0	4.7270099761e-05	6.47058995565	0.440673003594	111.6439991	25.064599673
2300	398.458002726	911.745900472	403.57598114	1.13748763998	28.1150943438	2.93688182036	3.49369001389	5.9202499787	5.07071057955	0.00205879093846	0.0	0.0	0.000109008999668	0.0	0.000119877999168	0.0	0.0873423994829	0.0	1.30036998789	0.0277107302099	4.58276998997	0.0204889999392	8.92955001195	7.52430999758e-05	0.0	4.42006003141e-05	6.46995004018	0.440531000495	111.641000112	25.0566997528
2301	398.393999736	911.740915934	403.550982157	1.11537768443	27.8324948947	2.90453179677	3.4747300148	5.90904001395	5.07081063588	0.00197982090564	0.0	0.0	2.53497109952e-05	0.0	0.000112876999386	0.0	0.0861041992903	0.0	1.25559001168	0.0256393514574	4.48678004742	0.0198811000834	8.88726003965	6.55764009328e-05	0.0	4.13306000458e-05	6.46929995219	0.440388999879	111.638999939	25.0488998095
2302	398.329004924	911.736907959	403.525985718	1.09366773566	27.5527946154	2.8725417455	3.45587998629	5.89784999688	5.07090059916	0.00190387084149	0.0	0.0	0.0	0.0	0.000106283999533	0.0	0.0848835986108	0.0	1.21235999465	0.0237228578577	4.39280994733	0.0192911000922	8.84516986211	5.71519000611e-05	0.0	3.86468997628e-05	6.46864994367	0.44024699678	111.636999766	25.0410998662
2303	398.264996847	911.731913249	403.500981649	1.07236776749	27.2757949829	2.84090177218	3.43713003397	5.88668998082	5.07099056244	0.00183084081315	0.0	0.0	0.0	0.0	5.07916817393e-05	0.0	0.0836804006249	0.0	1.17062001427	0.0219497475773	4.30080004533	0.0187186999246	8.80328003565	4.98098997923e-05	0.0	3.61376002426e-05	6.46800998847	0.440105001132	111.634999593	25.0331999461
2304	398.200998942	911.726913452	403.476982117	1.05147780975	27.0015948613	2.80961167812	3.41847995917	5.87554001808	5.07108056545	0.00176061079643	0.0	0.0	0.0	0.0	0.0	0.0	0.082494199276	0.0	1.1303199927	0.020309123521	4.2107300361	0.0181633999261	8.76158992449	4.34113993227e-05	0.0	3.37914001041e-05	6.46736001968	0.439962995549	111.631999969	25.0253998439
2305	398.136995951	911.721908569	403.452985128	1.0310078462	26.7301947276	2.77866172791	3.39993000031	5.86441997687	5.07117056847	0.00169308078087	0.0	0.0	0.0	0.0	0.0	0.0	0.0813247996072	0.0	1.09141000112	0.0187912859643	4.1225399971	0.0176245000524	8.72010016441	3.78348998614e-05	0.0	3.15975000073e-05	6.46670997143	0.4398209999	111.630000432	25.0175997416
2306	398.072995504	911.716918945	403.427981059	1.01092790564	26.4615950584	2.74806167682	3.38148999214	5.85332000256	5.07126057148	0.00162814073459	0.0	0.0	0.0	0.0	0.0	0.0	0.0801720991731	0.0	1.05384000142	0.0173868370863	4.03620002667	0.0171016001453	8.67881004016	3.29750000674e-05	0.0	2.95460998435e-05	6.46607001623	0.439679001768	111.628000259	25.0097997983
2307	398.009000142	911.71190389	403.40398407	0.991248945395	26.1955951055	2.71780167023	3.36314000686	5.84224001567	5.07134056091	0.0015656806936	0.0	0.0	0.0	0.0	0.0	0.0	0.0790356999884	0.0	1.01755998532	0.0160874760089	3.95167998473	0.0165942000846	8.63771994909	2.87395000669e-05	0.0	2.76280000738e-05	6.46541996797	0.439537999531	111.625999451	25.001999855
2308	397.946001689	911.705917358	403.380976359	0.971951986353	25.9323949814	2.68787165483	3.34490003188	5.8311800162	5.07143060366	0.00150563067291	0.0	0.0	0.0	0.0	0.0	0.0	0.0779155002286	0.0	0.982533002893	0.0148852052322	3.86892994245	0.0161019998292	8.5968199571	2.50481001179e-05	0.0	2.58343998212e-05	6.46476999919	0.439395998915	111.624000549	24.9942000707
2309	397.881998698	911.699905396	403.356984456	0.953033025066	25.6716952324	2.65827161074	3.3267600139	5.82014993827	5.0715205272	0.00144788065033	0.0	0.0	0.0	0.0	0.0	0.0	0.0768112000078	0.0	0.948712011178	0.0137729242754	3.78791000446	0.0156242999559	8.55610998472	2.18309999885e-05	0.0	2.41574002757e-05	6.46412996451	0.439253995816	111.620999018	24.9863998095
2310	397.819002787	911.692906698	403.333979289	0.934484059612	25.4136950175	2.62899162372	3.30870995919	5.80913003286	5.07161053022	0.00139235063883	0.0	0.0	0.0	0.0	0.0	0.0	0.0757225006819	0.0	0.916057998935	0.0127437347546	3.70860002438	0.0151607998802	8.51560012499	1.90272000206e-05	0.0	2.25893002911e-05	6.46347999573	0.439112000167	111.619000117	24.9785000483
2311	397.755004883	911.686904907	403.310979207	0.916298106313	25.1582951546	2.60004160802	3.29076002041	5.79814008872	5.07170053323	0.00133894058915	0.0	0.0	0.0	0.0	0.0	0.0	0.074649301668	0.0	0.884527996182	0.0117914365449	3.63093998035	0.0147110999872	8.47529006004	1.65834999279e-05	0.0	2.11229997452e-05	6.46282998721	0.438971000413	111.616999944	24.9706996282
2312	397.692003886	911.679921468	403.287986755	0.898469140132	24.9054951668	2.57141156991	3.27290999889	5.78715999921	5.07178052266	0.00128759057649	0.0	0.0	0.0	0.0	0.0	0.0	0.0735913012177	0.0	0.854083995024	0.0109103312716	3.55491997798	0.0142747999635	8.43516008059	1.44537999252e-05	0.0	1.97518999509e-05	6.46218999227	0.438829002281	111.6149985	24.9628998439
2313	397.629000346	911.67191569	403.264984131	0.88098817567	24.6551953952	2.54310152928	3.25515999397	5.77620999018	5.07187052568	0.00123821057302	0.0	0.0	0.0	0.0	0.0	0.0	0.0725483993689	0.0	0.824689999223	0.0100952186622	3.48049000899	0.0138513999991	8.39523005486	1.25976000618e-05	0.0	1.84699001693e-05	6.46154002349	0.438688000043	111.612000148	24.9551000595
2314	397.566001892	911.663909912	403.241981506	0.863850206137	24.4074950218	2.51510153214	3.23749999205	5.76527996858	5.07196056843	0.00119072055289	0.0	0.0	0.0	0.0	0.0	0.0	0.0715202006201	0.0	0.796307995915	0.0093409093873	3.40761999289	0.0134404999359	8.35548988978	1.09799001014e-05	0.0	1.72710999019e-05	6.46088993549	0.438546001911	111.61000061	24.9472997983
2315	397.503000895	911.655914307	403.219983419	0.847047244509	24.1621956825	2.48740148544	3.21994000673	5.75437005361	5.07204055786	0.00114505049229	0.0	0.0	0.0	0.0	0.0	0.0	0.0705067000041	0.0	0.768904005488	0.00864301420127	3.33627998829	0.0130419000828	8.31592988968	9.56990993473e-06	0.0	1.6150199978e-05	6.46024994055	0.43840499719	111.608000437	24.939599673
2316	397.439999898	911.646916707	403.197987874	0.830573275685	23.9193957647	2.46002149582	3.20248001814	5.74348000685	5.07213060061	0.00110113049353	0.0	0.0	0.0	0.0	0.0	0.0	0.0695075007776	0.0	0.742444003622	0.0079972933357	3.26643002033	0.0126550999315	8.27657000224	8.34105003378e-06	0.0	1.51019999066e-05	6.45959997177	0.438262999058	111.605999629	24.9318000476
2317	397.377998352	911.637914022	403.175982157	0.814399306973	23.6790954272	2.43293146292	3.18510999282	5.73260998726	5.07222060362	0.00105890046689	0.0	0.0	0.0	0.0	0.0	0.0	0.0685225998362	0.0	0.716894999146	0.00739983733123	3.19805000226	0.0122797999841	8.23739012082	7.27002998246e-06	0.0	1.41218999185e-05	6.45895997683	0.438121999303	111.603000005	24.9239999453
2318	397.314999898	911.627914429	403.153986613	0.798521339893	23.4411956469	2.40614147981	3.16782999039	5.72175995509	5.07230055332	0.00101829046616	0.0	0.0	0.0	0.0	0.0	0.0	0.0675516010573	0.0	0.692225997647	0.00684702660268	3.13110001882	0.0119156000049	8.19840010007	6.33655993928e-06	0.0	1.32055000298e-05	6.45831000805	0.437980999549	111.601000468	24.916200002
2319	397.252998352	911.616912842	403.131983439	0.782954374949	23.2056954702	2.37965144714	3.15064998468	5.71092998981	5.07239063581	0.000979241444535	0.0	0.0	0.0	0.0	0.0	0.0	0.066594298929	0.0	0.668407003085	0.00633553143901	3.06555998325	0.0115623000699	8.15960009893	5.52296993798e-06	0.0	1.23484999979e-05	6.45766997337	0.437838998934	111.598999659	24.9083997409
2320	397.189997355	911.605916341	403.109982808	0.76769139866	22.9724958738	2.35345141093	3.13356999556	5.70012001197	5.07247062524	0.000941687423619	0.0	0.0	0.0	0.0	0.0	0.0	0.0656507015228	0.0	0.645408997933	0.0058622721117	3.00139002005	0.0112194000588	8.12098002434	4.81386996398e-06	0.0	1.15472000743e-05	6.45701996485	0.437697996696	111.597000122	24.9005997976
2321	397.127998352	911.594904582	403.088984172	0.752727429072	22.741695563	2.32754143079	3.11656997601	5.68934003512	5.07256062826	0.000905574406109	0.0	0.0	0.0	0.0	0.0	0.0	0.0647204996397	0.0	0.623201996088	0.00542436908775	2.93856002887	0.0108867000478	8.08254019419	4.19583000166e-06	0.0	1.0797899904e-05	6.45637003581	0.437556999425	111.595000585	24.8928000132
2322	397.065996806	911.58291626	403.067977905	0.73805647095	22.5131958326	2.30192140738	3.09967001279	5.67857007186	5.07264057795	0.000870846391384	0.0	0.0	0.0	0.0	0.0	0.0	0.0638034008443	0.0	0.601761008302	0.00501920244036	2.87704998255	0.0105638999181	8.04428998629	3.65715004591e-06	0.0	1.00971999473e-05	6.45573000113	0.437415999671	111.592000326	24.8851000468
2323	397.00399526	911.569910685	403.046981812	0.723672494292	22.2869958878	2.27658136686	3.08285999298	5.66782999039	5.07272056739	0.000837450371667	0.0	0.0	0.0	0.0	0.0	0.0	0.0628994004801	0.0	0.581057002147	0.00464430261248	2.816839993	0.0102506999392	8.00621994336	3.18765002779e-06	0.0	9.4420699952e-06	6.45507999261	0.437274999917	111.590000153	24.8772999446
2324	396.941996257	911.556915283	403.025983175	0.709570517143	22.0630958875	2.25152136882	3.06613999605	5.65709996223	5.07281061014	0.000805336351429	0.0	0.0	0.0	0.0	0.0	0.0	0.0620081995924	0.0	0.561067000031	0.00429741983923	2.75788001219	0.00994676995712	7.96832998594	2.7784300111e-06	0.0	8.82944004843e-06	6.45443999767	0.437134000162	111.58799998	24.8694995244
2325	396.879999797	911.542907715	403.004981995	0.695743555824	21.8414958318	2.22673135996	3.04952001572	5.6464000543	5.07289059957	0.000774453340758	0.0	0.0	0.0	0.0	0.0	0.0	0.0611296997716	0.0	0.541765004396	0.00397645422102	2.70015998681	0.0096518699235	7.93063004812	2.421759973e-06	0.0	8.256569951e-06	6.45378994942	0.436993002892	111.586000443	24.861699899
2326	396.818003337	911.527913411	402.984980265	0.682187582056	21.6220957438	2.20222131411	3.03298000495	5.63570996126	5.07297054927	0.000744755331349	0.0	0.0	0.0	0.0	0.0	0.0	0.0602636005109	0.0	0.523128007849	0.00367947597988	2.6436500152	0.0093657100418	7.89310002327	2.11089000383e-06	0.0	7.7208901151e-06	6.45315007369	0.436852000654	111.582998912	24.8540000916
2327	396.75600179	911.511917114	402.964986165	0.668896620472	21.4048956235	2.17798133691	3.01654001077	5.62505002817	5.07306059202	0.000716196314897	0.0	0.0	0.0	0.0	0.0	0.0	0.0594097999856	0.0	0.505132002135	0.00340467547843	2.58831997712	0.00908804995318	7.85575000445	1.83992999799e-06	0.0	7.21997999638e-06	6.45249998569	0.436711000899	111.581000646	24.8461998304
2328	396.693997701	911.495905558	402.943982442	0.655865644415	21.1897959709	2.15401128928	3.00017998616	5.61441004276	5.07314058145	0.000688733314746	0.0	0.0	0.0	0.0	0.0	0.0	0.0585680998241	0.0	0.48775699983	0.00315041267701	2.5341599981	0.00881862989627	7.81858003139	1.6037600119e-06	0.0	6.75157999315e-06	6.45186003049	0.436569993695	111.578999201	24.8383995692
2329	396.633000692	911.47891744	402.923983256	0.643090660373	20.9769961039	2.13030129671	2.9839100043	5.60379000505	5.07322057088	0.000662323296031	0.0	0.0	0.0	0.0	0.0	0.0	0.0577383994435	0.0	0.470979005098	0.00291514790539	2.4811300238	0.00855719996616	7.78157997131	1.39791001175e-06	0.0	6.31358003981e-06	6.45120998224	0.436428996424	111.5770003	24.8307000796
2330	396.571001689	911.460912069	402.90398407	0.630564694603	20.7662962278	2.10685131947	2.96772998571	5.59317994118	5.07331061363	0.000636927283873	0.0	0.0	0.0	0.0	0.0	0.0	0.0569204001998	0.0	0.454779001574	0.00269746122649	2.42921000719	0.00830353998269	7.74475991726	1.21848000845e-06	0.0	5.90400998135e-06	6.45057002703	0.436289000014	111.574000041	24.8228999774
2331	396.510002136	911.442911784	402.884986877	0.618283718824	20.5576960246	2.08366123835	2.95164000988	5.58260003726	5.07339060307	0.000612504275826	0.0	0.0	0.0	0.0	0.0	0.0	0.0561140002683	0.0	0.439136996865	0.00249603274278	2.37837000688	0.00805740019617	7.70811998844	1.06210000202e-06	0.0	5.52102998578e-06	6.44992001851	0.436147997777	111.571999868	24.8152000109
2332	396.44800059	911.422907511	402.864980062	0.606242746115	20.3511962891	2.06073125203	2.93563999732	5.57203992208	5.0734705925	0.00058901826075	0.0	0.0	0.0	0.0	0.0	0.0	0.0553190999975	0.0	0.424032998582	0.00230965274386	2.32860998313	0.00781856007719	7.6716499726	9.2578300818e-07	0.0	5.16288999582e-06	6.44927998384	0.436007000506	111.569999695	24.8073995908
2333	396.387001038	911.402913411	402.845985413	0.594437768062	20.1467962265	2.0380512476	2.91971999407	5.56150003274	5.07355062167	0.000566433256608	0.0	0.0	0.0	0.0	0.0	0.0	0.0545354994635	0.0	0.409450002015	0.00213720119791	2.27987998724	0.00758681000055	7.63536000252	8.06969003027e-07	0.0	4.82799998736e-06	6.44863001506	0.435866999129	111.568000793	24.7996997833
2334	396.324999491	911.380905151	402.826980591	0.582864781221	19.9443963369	2.01562120517	2.90389003356	5.55098001162	5.07364062468	0.000544715250726	0.0	0.0	0.0	0.0	0.0	0.0	0.0537629999841	0.0	0.395368002355	0.00197762830066	2.23217995962	0.00736193999182	7.59923994541	7.03406996649e-07	0.0	4.51483996737e-06	6.44799002012	0.435725999375	111.565999985	24.79189984
2335	396.263999939	911.35891215	402.807980855	0.571516806881	19.7440962791	1.99343122045	2.8881499966	5.54046996435	5.07372061412	0.000523829236045	0.0	0.0	0.0	0.0	0.0	0.0	0.0530014000833	0.0	0.381771003207	0.00182997411078	2.18548001846	0.00714373999896	7.56328999996	6.13137999039e-07	0.0	4.22199999169e-06	6.44734005133	0.435584999621	111.562999725	24.7842000326
2336	396.203000387	911.335912069	402.78898112	0.560390835007	19.5457965533	1.97150119146	2.87249000867	5.52998995781	5.07380052408	0.000503744231537	0.0	0.0	0.0	0.0	0.0	0.0	0.0522505997991	0.0	0.368641997377	0.00169333873782	2.13975995779	0.00693201999335	7.52751000722	5.34456001825e-07	0.0	3.948170009e-06	6.44669993718	0.435445005695	111.560999552	24.7763996124
2337	396.14099884	911.310902913	402.769981384	0.549482852221	19.3494963646	1.94980119665	2.85692000389	5.51953001817	5.07388055325	0.000484430216602	0.0	0.0	0.0	0.0	0.0	0.0	0.0515104994799	0.0	0.355965000888	0.00156692230181	2.09499001503	0.00672656996176	7.49189992746	4.65872998253e-07	0.0	3.69209999462e-06	6.44605000814	0.435304999352	111.559000651	24.7686999639
2338	396.079999288	911.284907023	402.750986735	0.538788884878	19.1551961899	1.92834117015	2.84142998854	5.50908998648	5.07396058242	0.000465857209444	0.0	0.0	0.0	0.0	0.0	0.0	0.0507809004436	0.0	0.343725003302	0.0014499448104	2.05115997791	0.00652723002713	7.45645995935	4.06092996267e-07	0.0	3.45264999169e-06	6.4454100132	0.435164002081	111.557000478	24.7609000206
2339	396.018997192	911.25890096	402.732981364	0.528303896387	18.9627965291	1.90712115169	2.82603001595	5.49866998196	5.07404061158	0.000447995204013	0.0	0.0	0.0	0.0	0.0	0.0	0.0500616996239	0.0	0.331904999912	0.00134169640175	2.00824999809	0.00633379005982	7.42119002342	3.5398500368e-07	0.0	3.22873997523e-06	6.44475996494	0.435024000704	111.554000854	24.7531997363
2340	395.958000183	911.230895996	402.714983622	0.518022924662	18.7723965645	1.88614115119	2.81070997318	5.48826992512	5.07412052155	0.000430819190418	0.0	0.0	0.0	0.0	0.0	0.0	0.0493525993079	0.0	0.320493002733	0.00124153710203	1.9662399888	0.00614610000048	7.38609000047	3.08564996961e-07	0.0	3.0193500038e-06	6.44412000974	0.434883003434	111.552000682	24.7454997698
2341	395.896998088	911.201904297	402.696980794	0.50794394811	18.583896478	1.86538112164	2.79546995958	5.47788000107	5.07420063019	0.000414302182132	0.0	0.0	0.0	0.0	0.0	0.0	0.0486536001166	0.0	0.309473000467	0.00114885705019	1.92510999242	0.00596396997571	7.35116008917	2.68974000998e-07	0.0	2.82355002431e-06	6.44347000122	0.434743002057	111.549999237	24.7376998266
2342	395.835998535	911.170913696	402.678983053	0.49806197236	18.3972964287	1.84485111634	2.7803200086	5.46751999855	5.07428054015	0.000398418179733	0.0	0.0	0.0	0.0	0.0	0.0	0.047964499332	0.0	0.29883299768	0.00106310624202	1.88483998179	0.00578724003086	7.3163899978	2.34463004271e-07	0.0	2.64044998251e-06	6.44283000628	0.434603000681	111.5479997	24.7299998601
2343	395.773996989	911.138910929	402.660980225	0.488372986515	18.2124964396	1.82455112537	2.76525000731	5.45717998346	5.07437062263	0.00038314316771	0.0	0.0	0.0	0.0	0.0	0.0	0.0472852004071	0.0	0.28855800132	0.000983749720035	1.84541000923	0.00561575995137	7.28178997835	2.04382001101e-07	0.0	2.46922998789e-06	6.44219001134	0.434462999304	111.545000712	24.7222998937
2344	395.71299998	911.105911255	402.642982483	0.478874007861	18.0295966466	1.80448109905	2.75025999546	5.44685995579	5.0744505326	0.00036845516297	0.0	0.0	0.0	0.0	0.0	0.0	0.0466156005859	0.0	0.278637997806	0.000910321594953	1.80681000153	0.00544935996489	7.24734993776	1.78160998843e-07	0.0	2.30912000158e-06	6.44153992335	0.434322997928	111.543001175	24.7145996094
2345	395.651997884	911.070902507	402.625979106	0.469561030467	17.848596255	1.7846210897	2.73534997304	5.43655999502	5.0745306015	0.000354329158048	0.0	0.0	0.0	0.0	0.0	0.0	0.0459553999826	0.0	0.269058004022	0.00084237686436	1.76901998123	0.00528790002378	7.21308004856	1.55304001955e-07	0.0	2.15938996462e-06	6.44089996815	0.434183001518	111.54099973	24.706799825
2346	395.590995789	911.034912109	402.607983907	0.460430045923	17.6693967183	1.7649910748	2.72052997351	5.42627004782	5.07461059093	0.000340745151334	0.0	0.0	0.0	0.0	0.0	0.0	0.0453046001494	0.0	0.259808997313	0.000779504596721	1.73202001055	0.0051312300299	7.17896997929	1.35381000632e-07	0.0	2.0193800007e-06	6.44025007884	0.434043000142	111.538999557	24.6990996997
2347	395.529998779	910.996907552	402.590990702	0.451477065682	17.4919967651	1.74557104707	2.70577998956	5.41600998243	5.07469058037	0.000327682146841	0.0	0.0	0.0	0.0	0.0	0.0	0.0446630005414	0.0	0.250877000391	0.000721327824673	1.69579998652	0.00497921001321	7.14502004782	1.18013998573e-07	0.0	1.88844998661e-06	6.43961000443	0.433903001249	111.53700002	24.6914000511
2348	395.468999227	910.957906087	402.573984782	0.442699079712	17.3162967364	1.72636105617	2.69111996889	5.40577002366	5.0747705698	0.000315120142962	0.0	0.0	0.0	0.0	0.0	0.0	0.0440304993341	0.0	0.242253001779	0.000667493586661	1.66033000747	0.00483168999199	7.11123005549	7.01400969897e-08	0.0	1.76601000135e-06	6.43896996975	0.433762999872	111.534000397	24.6836996078
2349	395.406997681	910.917912801	402.556983948	0.434093097846	17.1424967448	1.70737102628	2.67652998368	5.39553995927	5.0748505195	0.00030304013732	0.0	0.0	0.0	0.0	0.0	0.0	0.04340699967	0.0	0.233925999453	0.00061767991186	1.62560997407	0.00468855005844	7.0776099364	0.0	0.0	1.65152000401e-06	6.43831996123	0.433622998496	111.53200086	24.6760002772
2350	395.346000671	910.87890625	402.539978027	0.425634110967	16.9703968366	1.68859104315	2.66202000777	5.38533997536	5.07493054867	0.000291423129966	0.0	0.0	0.0	0.0	0.0	0.0	0.0427923003832	0.0	0.225885001322	0.000571583843945	1.59160999457	0.00454965000972	7.04414002101	0.0	0.0	1.54445000552e-06	6.43767996629	0.433482999603	111.529999415	24.6682998339
2351	395.284998576	910.839909871	402.522982279	0.417319126427	16.7999968529	1.67001102368	2.64759999514	5.37515000502	5.07501061757	0.000280251125029	0.0	0.0	0.0	0.0	0.0	0.0	0.0421864002322	0.0	0.218120999634	0.000528930414778	1.55833000938	0.00441487998857	7.01082996527	0.0	0.0	1.44431998213e-06	6.43703003724	0.433342998226	111.528000514	24.6605997086
2352	395.222999573	910.802902222	402.506983439	0.409167148173	16.6312967936	1.65164101124	2.63324999809	5.36499011517	5.07509060701	0.00026950812268	0.0	0.0	0.0	0.0	0.0	0.0	0.0415889999519	0.0	0.210623998195	0.000489460636648	1.52573998769	0.00428409998616	6.97768998146	0.0	0.0	1.35068999422e-06	6.43639012178	0.433203004301	111.525000254	24.6527999242
2353	395.162002563	910.765909831	402.489985148	0.401174162825	16.4643971125	1.63347102205	2.61898001035	5.354839921	5.07517051697	0.00025917711173	0.0	0.0	0.0	0.0	0.0	0.0	0.0410001001631	0.0	0.203384999186	0.000452937546167	1.49383999904	0.00415719001709	6.9446999232	0.0	0.0	1.26313000237e-06	6.4357500871	0.433064003785	111.523000717	24.6450999578
2354	395.100001017	910.727905273	402.473986308	0.393337180217	16.2990970612	1.61550097664	2.60479003191	5.34471007188	5.07525066535	0.000249242114175	0.0	0.0	0.0	0.0	0.0	0.0	0.0404195996622	0.0	0.196394999822	0.000419140160375	1.46259999275	0.004034050003	6.9118600289	0.0	0.0	1.18124999441e-06	6.43509995937	0.432923997442	111.521000544	24.6373996735
2355	395.039001465	910.691914876	402.457979838	0.385653200249	16.1353967985	1.59773095449	2.59066998959	5.33460998535	5.07532068094	0.000239688107589	0.0	0.0	0.0	0.0	0.0	0.0	0.0398473000775	0.0	0.189644997319	0.000387866510816	1.43202000856	0.00391456995082	6.87917999427	0.0	0.0	1.10467999548e-06	6.4344599247	0.432784003516	111.519000371	24.629699866
2356	394.977996826	910.657913208	402.441988627	0.378120211263	15.9734968344	1.58015098174	2.5766299963	5.32451999187	5.07540063063	0.000230500104711	0.0	0.0	0.0	0.0	0.0	0.0	0.0392830995843	0.0	0.18312700217	0.000358926605259	1.4020699958	0.00379861999924	6.84666001797	0.0	0.0	1.03307999666e-06	6.43382004897	0.432644998034	111.515999476	24.6220997175
2357	394.916000366	910.627909342	402.425982157	0.370734232167	15.8130971591	1.56277095278	2.56267001232	5.31444994609	5.07548050086	0.000221665097342	0.0	0.0	0.0	0.0	0.0	0.0	0.0387268997729	0.0	0.176833999654	0.000332147477214	1.37275998791	0.0036861099846	6.8142999808	0.0	0.0	9.66114996004e-07	6.43317004045	0.432504999141	111.513999303	24.61439991
2358	394.855000814	910.600901286	402.40998586	0.363493243853	15.6543970108	1.54558094343	2.54877998432	5.30440000693	5.07556056976	0.000213168093372	0.0	0.0	0.0	0.0	0.0	0.0	0.0381786000604	0.0	0.170757000645	0.000307366123404	1.34405999382	0.00357694000316	6.78207997481	0.0	0.0	9.03494992599e-07	6.43253008525	0.432365996142	111.511999766	24.6066999435
2359	394.795000712	910.576919556	402.39397939	0.35639326026	15.4971971512	1.52858093381	2.53497000535	5.2943700552	5.07563054562	0.000204997092321	0.0	0.0	0.0	0.0	0.0	0.0	0.0376381001746	0.0	0.164890001218	0.00028443558161	1.31596000989	0.00347100997654	6.75001998742	0.0	0.0	8.44936996221e-07	6.43189001083	0.432226002216	111.510000229	24.5989999771
2360	394.733998617	910.556915283	402.378982544	0.349432274699	15.3416971366	1.511770914	2.52123997609	5.28436005116	5.07571061452	0.000197140086433	0.0	0.0	0.0	0.0	0.0	0.0	0.0371051998809	0.0	0.15922400107	0.000263215850282	1.28844999274	0.00336821000868	6.71812001864	0.0	0.0	7.90174998618e-07	6.43123996258	0.432087004185	111.508000692	24.5912996928
2361	394.673995972	910.53889974	402.363978068	0.342607284586	15.1876970927	1.49514091015	2.50757002831	5.27435994148	5.07579056422	0.000189583084042	0.0	0.0	0.0	0.0	0.0	0.0	0.0365799004212	0.0	0.15375199914	0.000243578947751	1.2615100046	0.00326846000583	6.68635996183	0.0	0.0	7.38964004654e-07	6.4305999279	0.431946997841	111.504999161	24.5836000443
2362	394.612998962	910.523905436	402.347981771	0.335915299753	15.0351970196	1.47869090239	2.49398998419	5.26439007123	5.07586057981	0.000182317083575	0.0	0.0	0.0	0.0	0.0	0.0	0.0360619996985	0.0	0.148468999813	0.000225408894039	1.23514000575	0.00317166997896	6.65476000309	0.0	0.0	6.91072993201e-07	6.42996005217	0.43180799981	111.502998988	24.5758999189
2363	394.553001404	910.50990804	402.332987467	0.329354313513	14.8842972914	1.46243091424	2.4804700017	5.25444002946	5.07594056924	0.000175329078047	0.0	0.0	0.0	0.0	0.0	0.0	0.0355514998858	0.0	0.143368000786	0.000208593690331	1.20931999882	0.00307774997782	6.62330003579	0.0	0.0	6.46286991923e-07	6.42931000392	0.431669001778	111.500999451	24.5682001114
2364	394.493001302	910.498906453	402.317985535	0.322922329108	14.7348972162	1.44635086258	2.46703998248	5.24450004101	5.07602063815	0.000168609075142	0.0	0.0	0.0	0.0	0.0	0.0	0.035048200128	0.0	0.138442000995	0.000193034359351	1.18404000998	0.00298660997457	6.59200000763	0.0	0.0	6.04404997754e-07	6.42867000898	0.431529998779	111.498999914	24.560599645
2365	394.433998108	910.48890686	402.302981059	0.31661534061	14.587097168	1.43044087291	2.453670005	5.23458000024	5.076090614	0.000162147072842	0.0	0.0	0.0	0.0	0.0	0.0	0.0345520998041	0.0	0.13368599986	0.000178635897707	1.15928999583	0.00289818000359	6.56084001064	0.0	0.0	5.65237996852e-07	6.4280299743	0.43139000237	111.495999654	24.5528996785
2366	394.373995463	910.480906169	402.288986206	0.310432352126	14.4406973521	1.41471085946	2.44038001696	5.22469003995	5.0761705637	0.000155932071114	0.0	0.0	0.0	0.0	0.0	0.0	0.0340629999215	0.0	0.129092997561	0.000165311320112	1.13504999876	0.00281236000592	6.529840072	0.0	0.0	5.28610987279e-07	6.42738997936	0.431250999371	111.494000117	24.5451997121
2367	394.314999898	910.473912557	402.273986816	0.304369367659	14.2956972122	1.39915085832	2.42715001106	5.21481005351	5.07624061902	0.000149956067617	0.0	0.0	0.0	0.0	0.0	0.0	0.0335807992766	0.0	0.124658000345	0.000152980641966	1.11132998268	0.00272908998886	6.49897996585	0.0	0.0	4.94356986754e-07	6.42674005032	0.431111998856	111.49200058	24.5376000404
2368	394.25600179	910.467915853	402.25898997	0.298425376415	14.1522973378	1.38376081983	2.4139999946	5.20495001475	5.07632060846	0.000144208067165	0.0	0.0	0.0	0.0	0.0	0.0	0.0331054994216	0.0	0.12037499932	0.000141570864798	1.08810001612	0.00264828999449	6.46827002366	0.0	0.0	4.62324997841e-07	6.42610001564	0.430972998341	111.490000407	24.5298999151
2369	394.195999146	910.463907878	402.244990031	0.292597385744	14.0101974805	1.36855083704	2.4009300073	5.19511004289	5.07639062405	0.000138681061799	0.0	0.0	0.0	0.0	0.0	0.0	0.0326368998115	0.0	0.116240000352	0.000131011990258	1.06535999974	0.00256987998728	6.43770007292	0.0	0.0	4.32367999773e-07	6.42545994123	0.430834000309	111.487000783	24.5222002665
2370	394.137997945	910.459904989	402.230985006	0.286883403858	13.8695972761	1.35350083311	2.38792002201	5.18528993924	5.07647057374	0.00013336606086	0.0	0.0	0.0	0.0	0.0	0.0	0.0321748995533	0.0	0.112247000138	0.00012124103705	1.04309000572	0.00249380001333	6.40727996826	0.0	0.0	4.04353999765e-07	6.42481005192	0.430694999794	111.484999975	24.5145998001
2371	394.07900238	910.45690918	402.216982524	0.281281411648	13.7303973834	1.33861083786	2.37497999271	5.1754800876	5.0765405496	0.000128255055946	0.0	0.0	0.0	0.0	0.0	0.0	0.0317194998885	0.0	0.1083910012	0.000112199003221	1.02128999432	0.0024199699983	6.37699997425	0.0	0.0	3.78154998278e-07	6.42416997751	0.430555999279	111.483000437	24.5068998337
2372	394.019996643	910.455917358	402.202985128	0.275788423916	13.5926975409	1.32389080524	2.36211999257	5.16569999854	5.07661060492	0.000123340055628	0.0	0.0	0.0	0.0	0.0	0.0	0.0312705001173	0.0	0.104667999471	0.000103831899348	0.999947006504	0.00234831999599	6.34686994553	0.0	0.0	3.53654999212e-07	6.42352998257	0.43041699628	111.480999629	24.4991997083
2373	393.962003072	910.453913371	402.188980103	0.270403434833	13.4562973976	1.30934079488	2.34932003419	5.15593000253	5.07669059436	0.000118613053928	0.0	0.0	0.0	0.0	0.0	0.0	0.0308279002396	0.0	0.101072999959	9.60887264227e-05	0.979048997164	0.00227879998662	6.31688002745	0.0	0.0	3.30742999211e-07	6.42288998763	0.43027899911	111.479000092	24.4915998777
2374	393.902999878	910.453908285	402.174980164	0.265123449266	13.3211974303	1.29494079947	2.33660000563	5.14618003368	5.07676053047	0.000114067050769	0.0	0.0	0.0	0.0	0.0	0.0	0.030391599983	0.0	0.0976012994846	8.8923193592e-05	0.95858900249	0.0022113500163	6.28702998161	0.0	0.0	3.09315000872e-07	6.42225003242	0.430140001078	111.47600174	24.4838997523
2375	393.844998678	910.452911377	402.160980225	0.259946458042	13.1875974337	1.28070078293	2.32394001881	5.13644997279	5.07683054606	0.000109696048336	0.0	0.0	0.0	0.0	0.0	0.0	0.0299613998892	0.0	0.0942491007348	8.22922029329e-05	0.938556998968	0.00214588999127	6.25733002027	0.0	0.0	2.89275999895e-07	6.42159998417	0.43000099808	111.473999659	24.4762996038
2376	393.78700002	910.453918457	402.147979736	0.254870471855	13.0551974773	1.26662076513	2.31135002772	5.12673997879	5.07691061497	0.000105492046714	0.0	0.0	0.0	0.0	0.0	0.0	0.0295373999203	0.0	0.091011999175	7.61558591572e-05	0.918944006165	0.00208236001587	6.22775995731	0.0	0.0	2.70536998433e-07	6.42095994949	0.429862000048	111.471999486	24.4686001142
2377	393.729001363	910.454915365	402.133979797	0.249894478669	12.9241977533	1.25269074241	2.29882999261	5.11704997222	5.07698055108	8.4800772432e-05	0.0	0.0	0.0	0.0	0.0	0.0	0.0291194001523	0.0	0.0878863005588	7.04773671411e-05	0.899741003911	0.00202073001613	6.19834001859	0.0	0.0	2.53010997634e-07	6.42032003403	0.429724000394	111.469999949	24.4609999657
2378	393.671000163	910.455922445	402.120979309	0.245014491181	12.7944977283	1.2389207681	2.2863800327	5.10738003254	5.07705056667	0.0	0.0	0.0	0.0	0.0	0.0	0.0	0.0287073001576	0.0	0.0848678996166	6.52223279758e-05	0.880940005183	0.00196090999331	6.16905001799	0.0	0.0	2.36620995982e-07	6.41967999935	0.429584997396	111.46699969	24.4533996582
2379	393.61399587	910.456904093	402.10798645	0.240231497834	12.6661976973	1.22530075908	2.27399998903	5.09772006671	5.07712050279	0.0	0.0	0.0	0.0	0.0	0.0	0.0	0.0283009999742	0.0	0.0819534001251	6.03592482851e-05	0.862532988191	0.00190286999956	6.13990998268	0.0	0.0	2.21294000606e-07	6.41904000441	0.429447002709	111.464999517	24.4457000097
2380	393.555999756	910.458913167	402.093983968	0.235540510466	12.5390975475	1.21183074514	2.26167998711	5.0880900224	5.07720053196	0.0	0.0	0.0	0.0	0.0	0.0	0.0	0.0279005003783	0.0	0.0791389998049	5.58589293481e-05	0.844510003924	0.00184654999369	6.11089996497	0.0	0.0	2.0695999936e-07	6.41838999589	0.429308002194	111.46299998	24.4381000201
2381	393.498998006	910.460912069	402.08098348	0.230941519141	12.4132975737	1.19850073258	2.24943004052	5.07846999168	5.07727054755	0.0	0.0	0.0	0.0	0.0	0.0	0.0	0.0275055998936	0.0	0.0764212999493	5.16942742858e-05	0.826864997546	0.00179189999471	6.08203995228	0.0	0.0	1.93554000087e-07	6.41774996122	0.429169997573	111.461001078	24.4304000537
2382	393.442001343	910.462916056	402.067985535	0.226432532072	12.288697799	1.18533071876	2.23725003004	5.06886998812	5.07734060287	0.0	0.0	0.0	0.0	0.0	0.0	0.0	0.0271164000345	0.0	0.0737970005721	4.78402871522e-05	0.809588998556	0.00173887001195	6.05329994361	0.0	0.0	1.810170005e-07	6.41711000601	0.429030999541	111.458000819	24.4227997462
2383	393.384999593	910.465922038	402.055976868	0.222012538463	12.1654975414	1.17229071259	2.22513002157	5.05928997199	5.07741057873	0.0	0.0	0.0	0.0	0.0	0.0	0.0	0.026732700256	0.0	0.0712629004071	4.42736682089e-05	0.79267399013	0.0016873999848	6.02470997969	0.0	0.0	1.69293001543e-07	6.41647001108	0.428892999887	111.45600001	24.4152000745
2384	393.328000387	910.468907674	402.042981466	0.217677547286	12.0433977445	1.15941070517	2.21308000882	5.04972998301	5.07748055458	0.0	0.0	0.0	0.0	0.0	0.0	0.0	0.0263543996649	0.0	0.068815899392	4.09730206835e-05	0.77611400187	0.00163747000624	5.99625003338	0.0	0.0	1.583279996e-07	6.4158299764	0.428755002717	111.454000473	24.4074997902
2385	393.270998637	910.470901489	402.029980977	0.213428555677	11.9225977262	1.14666069547	2.20108999809	5.04017996788	5.07755064964	0.0	0.0	0.0	0.0	0.0	0.0	0.0	0.0259815001239	0.0	0.0664530005306	3.79186476493e-05	0.759899005294	0.00158900999425	5.96793007851	0.0	0.0	1.48073999876e-07	6.41518998146	0.428615999719	111.451999664	24.3998999596
2386	393.21399943	910.473907471	402.017982483	0.209261563917	11.8029978275	1.13406068087	2.18917000294	5.03065001965	5.0776206255	0.0	0.0	0.0	0.0	0.0	0.0	0.0	0.0256138003121	0.0	0.0641712993383	3.50919493333e-05	0.744023998578	0.00154198999129	5.93974006176	0.0	0.0	1.38483998787e-07	6.41454005241	0.428478002548	111.450001399	24.3923001289
2387	393.158004761	910.476913452	402.004979451	0.205176573247	11.6845978101	1.12159067392	2.17732004325	5.02115003268	5.07769068082	0.0	0.0	0.0	0.0	0.0	0.0	0.0	0.0252513998809	0.0	0.0619680996363	3.24760297493e-05	0.728480999668	0.00149635999696	5.9116799434	0.0	0.0	1.2951500139e-07	6.41390001774	0.428339997927	111.446999868	24.3847001394
2388	393.101000468	910.479909261	401.9929835	0.201170583566	11.5672977765	1.10926067829	2.16553000609	5.01166001956	5.07776061694	0.0	0.0	0.0	0.0	0.0	0.0	0.0	0.0248941003035	0.0	0.0598404997339	3.00551881386e-05	0.713263000051	0.00145208001292	5.88375997543	0.0	0.0	1.2112799889e-07	6.4132600228	0.428202000757	111.444999695	24.3770998319
2389	393.045003255	910.48391215	401.980982463	0.197243588666	11.451297919	1.0970706741	2.15380001068	5.00218002001	5.07783063253	0.0	0.0	0.0	0.0	0.0	0.0	0.0	0.0245417997551	0.0	0.0577859996508	2.78149277619e-05	0.698363001148	0.00140910998258	5.85596998533	0.0	0.0	1.13284000255e-07	6.41261998812	0.428064001103	111.442998886	24.3693997065
2390	392.989000956	910.486907959	401.968986511	0.193393595517	11.3363978863	1.08501067758	2.14213001728	4.99273006121	5.07790052891	0.0	0.0	0.0	0.0	0.0	0.0	0.0	0.0241946002158	0.0	0.0558021000276	2.57416493999e-05	0.683775002758	0.0013674100046	5.82831998666	0.0	0.0	1.05948000595e-07	6.41197999318	0.427926001449	111.440999985	24.3617998759
2391	392.9330012	910.489924113	401.956982931	0.189618604879	11.2226977348	1.07308065891	2.13052999973	4.98328999678	5.07797058423	0.0	0.0	0.0	0.0	0.0	0.0	0.0	0.0238522998989	0.0	0.0538863999148	2.38229546691e-05	0.669492001335	0.00132694998562	5.80079003175	0.0	0.0	3.37687691143e-08	6.41133999825	0.427787000934	111.438000361	24.3541995684
2392	392.876996358	910.493901571	401.94497935	0.185916613787	11.1100978057	1.06129064163	2.11899999777	4.97387003899	5.07804063956	0.0	0.0	0.0	0.0	0.0	0.0	0.0	0.0235148000841	0.0	0.0520364996046	2.20473443733e-05	0.655508001645	0.00128768999518	5.77340002855	0.0	0.0	0.0	6.41070000331	0.427650002142	111.435998917	24.3465998967
2393	392.821006775	910.496902466	401.932980855	0.18228761976	10.9986978372	1.04962064823	2.10752000411	4.96446998914	5.07811065515	0.0	0.0	0.0	0.0	0.0	0.0	0.0	0.0231820999955	0.0	0.0502500999719	2.04041199747e-05	0.641816000144	0.0012495900058	5.74613002936	0.0	0.0	0.0	6.41005007426	0.427512002488	111.434001287	24.3389997482
2394	392.765001933	910.499903361	401.921981812	0.178729629765	10.8883980115	1.03808063269	2.09611000617	4.95509000619	5.07818059127	0.0	0.0	0.0	0.0	0.0	0.0	0.0	0.0228540998263	0.0	0.0485251996045	1.88834827289e-05	0.628409996629	0.00121262001145	5.71899998188	0.0	0.0	0.0	6.40941003958	0.427373997867	111.431999842	24.3313995997
2395	392.710004171	910.503911336	401.90998586	0.17524063463	10.7791980108	1.02667061488	2.08475999037	4.94572997093	5.07825056712	0.0	0.0	0.0	0.0	0.0	0.0	0.0	0.0225307998868	0.0	0.0468594999984	1.74761327495e-05	0.615284994245	0.00117675000608	5.69198997815	0.0	0.0	0.0	6.40877004464	0.427236005664	111.42900149	24.323799928
2396	392.654004415	910.506907145	401.89898173	0.171820643047	10.670998017	1.01539061467	2.07347003619	4.93638002872	5.07832054297	0.0	0.0	0.0	0.0	0.0	0.0	0.0	0.0222119997876	0.0	0.0452509997413	1.61736717625e-05	0.60243499279	0.0011419300087	5.66511003176	0.0	0.0	0.0	6.40812997023	0.427097998559	111.42699941	24.3161997795
2397	392.59899648	910.510920207	401.886980693	0.16846664995	10.5639980634	1.00423061351	2.06224999825	4.92705003421	5.07838062445	0.0	0.0	0.0	0.0	0.0	0.0	0.0	0.0218978001115	0.0	0.0436977002149	1.49684009709e-05	0.589852998654	0.00110814999789	5.63835998376	0.0	0.0	0.0	6.40748997529	0.426960003873	111.425001144	24.3086001078
2398	392.543996175	910.513916016	401.875986735	0.165178656578	10.4580979347	0.993193601569	2.05108000835	4.91773998737	5.07845064004	0.0	0.0	0.0	0.0	0.0	0.0	0.0	0.0215880000032	0.0	0.0421978995825	1.38529199679e-05	0.577534005046	0.0010753700044	5.6117399931	0.0	0.0	0.0	6.40685002009	0.426823002597	111.422999064	24.3009999593
2399	392.489003499	910.517913818	401.864985148	0.161954663694	10.3531980515	0.982278600335	2.03997000058	4.90845000744	5.07852053642	0.0	0.0	0.0	0.0	0.0	0.0	0.0	0.0212826000837	0.0	0.0407494995743	1.28206305211e-05	0.565473005176	0.00104355999307	5.58524004618	0.0	0.0	0.0	6.40621006489	0.426685000459	111.420999527	24.2933999697
2400	392.434000651	910.520909627	401.852979024	0.158793670436	10.2492980162	0.971483588219	2.02893000841	4.89916996161	5.07859055201	0.0	0.0	0.0	0.0	0.0	0.0	0.0	0.0209814999253	0.0	0.0393509004886	1.1865232409e-05	0.553664003809	0.00101269000637	5.5588700374	0.0	0.0	0.0	6.40556999048	0.426546995838	111.418000539	24.2857998212
2401	392.379002889	910.524912516	401.841982524	0.155694675942	10.1465981801	0.960806588332	2.01794000467	4.88991002242	5.0786605676	0.0	0.0	0.0	0.0	0.0	0.0	0.0	0.0206846996831	0.0	0.0380003998677	1.09811271614e-05	0.542100995779	0.000982731993039	5.53263000647	0.0	0.0	0.0	6.40492999554	0.426409997046	111.415999095	24.2781999906
2402	392.323997498	910.527913411	401.831980387	0.152655680974	10.0447981358	0.950247570872	2.00702001651	4.88067003091	5.07872056961	0.0	0.0	0.0	0.0	0.0	0.0	0.0	0.0203921000163	0.0	0.0366961996381	1.01629144259e-05	0.530780995886	0.000953662999867	5.50649996599	0.0	0.0	0.0	6.4042900006	0.426271999876	111.414000829	24.2705998421
2403	392.268999736	910.53090922	401.820981344	0.149676686774	9.94405810038	0.939805567265	1.99614999692	4.87144998709	5.0787905852	0.0	0.0	0.0	0.0	0.0	0.0	0.0	0.0201036001866	0.0	0.0354368000602	9.40563525849e-06	0.519697000583	0.000925454000632	5.48050999641	0.0	0.0	0.0	6.40365000566	0.426135001083	111.41200002	24.2630999883
2404	392.215001424	910.534907023	401.8099823	0.146755696585	9.84432816505	0.929477562507	1.98535000285	4.86223999659	5.07886068026	0.0	0.0	0.0	0.0	0.0	0.0	0.0	0.0198192000389	0.0	0.0342207001522	8.70483033092e-06	0.508845001459	0.000898081013778	5.45463001728	0.0	0.0	0.0	6.40301001072	0.425997001429	111.408999761	24.2554998398
2405	392.159998576	910.537913005	401.798980713	0.143891700854	9.74560809135	0.919263561567	1.9745999972	4.85306004683	5.07892056306	0.0	0.0	0.0	0.0	0.0	0.0	0.0	0.0195389000388	0.0	0.0330462999021	8.05625950306e-06	0.498220001658	0.000871518001077	5.42887997627	0.0	0.0	0.0	6.40237001578	0.425860002637	111.407000224	24.2478996913
2406	392.106000264	910.5409139	401.788983663	0.141083707412	9.64787824949	0.90916154782	1.9639100035	4.84388999144	5.07899049918	0.0	0.0	0.0	0.0	0.0	0.0	0.0	0.0192624997968	0.0	0.0319123001148	7.45602361955e-06	0.487816999356	0.000845741999607	5.40325005849	0.0	0.0	0.0	6.4017299811	0.425723006328	111.405000687	24.2402998606
2407	392.052001953	910.544911702	401.777979533	0.138329712053	9.55112814903	0.899171536167	1.95328000188	4.83473006884	5.0790605545	0.0	0.0	0.0	0.0	0.0	0.0	0.0	0.0189899997786	0.0	0.0308171998089	6.90053301848e-06	0.477632003526	0.000820728004328	5.37774999936	0.0	0.0	0.0	6.40108998617	0.425584999224	111.403000514	24.2326998711
2408	391.997998556	910.547907511	401.767982483	0.135630719364	9.45535818736	0.889291539788	1.94270000855	4.8255999883	5.07912055651	0.0	0.0	0.0	0.0	0.0	0.0	0.0	0.018721399984	0.0	0.0297596997892	6.38643791717e-06	0.467658999066	0.000796454997423	5.35236004988	0.0	0.0	0.0	6.40044999123	0.425447997948	111.400999705	24.2252001762
2409	391.943997701	910.550913493	401.75798289	0.132983723034	9.36053824425	0.879519542058	1.93219000101	4.81648000081	5.07919049263	0.0	0.0	0.0	0.0	0.0	0.0	0.0	0.0184565996751	0.0	0.0287385998915	5.91064880003e-06	0.457894998292	0.000772901000649	5.32709002495	0.0	0.0	0.0	6.39981003602	0.425311004122	111.397999446	24.2175995509
2410	391.88999939	910.553914388	401.746986389	0.130388726791	9.26667825381	0.869855528076	1.92173000177	4.80737992128	5.07926066717	0.0	0.0	0.0	0.0	0.0	0.0	0.0	0.0181955999384	0.0	0.0277525000274	5.47032584564e-06	0.448335001866	0.000750042997727	5.30194997787	0.0	0.0	0.0	6.39917000135	0.42517400533	111.395999273	24.2099998792
2411	391.836001078	910.557907104	401.73698171	0.127844732255	9.17375834783	0.860297520955	1.91131999095	4.79830002785	5.07932051023	0.0	0.0	0.0	0.0	0.0	0.0	0.0	0.0179381997635	0.0	0.0268001998775	5.06280935042e-06	0.438975001375	0.000727861993558	5.27691992124	0.0	0.0	0.0	6.39853000641	0.425036000709	111.394001007	24.2024998665
2412	391.782997131	910.560913086	401.726982117	0.125349737704	9.08177828789	0.850845510761	1.90097999573	4.78922998905	5.07939068476	0.0	0.0	0.0	0.0	0.0	0.0	0.0	0.0176845001988	0.0	0.0258807001325	4.68566959929e-06	0.429810002446	0.000706338003511	5.25202000141	0.0	0.0	0.0	6.39789001147	0.424898999433	111.392000198	24.1949000359
2413	391.728996277	910.563908895	401.716982524	0.12290374438	8.99071828524	0.841496517261	1.89068998893	4.78018001715	5.0794506073	0.0	0.0	0.0	0.0	0.0	0.0	0.0	0.0174343998854	0.0	0.0249927002005	4.33662690587e-06	0.420836997529	0.000685451009	5.22722995281	0.0	0.0	0.0	6.39724997679	0.424761998157	111.388999939	24.1873997053
2414	391.675999959	910.566904704	401.706980387	0.120505748317	8.90056824684	0.83225051562	1.88044999043	4.77115003268	5.07952058315	0.0	0.0	0.0	0.0	0.0	0.0	0.0	0.017187799948	0.0	0.0241353001135	4.01359144083e-06	0.412052000562	0.000665182000375	5.2025500536	0.0	0.0	0.0	6.39661002159	0.424625001848	111.38699913	24.1798000336
2415	391.623003642	910.569910685	401.697987874	0.118153752759	8.8113284111	0.823107505838	1.87028000752	4.76213995616	5.0795806249	0.0	0.0	0.0	0.0	0.0	0.0	0.0	0.0169447000759	0.0	0.0233071999003	3.71463337009e-06	0.403450002273	0.000645512996319	5.17800001303	0.0	0.0	0.0	6.39596998692	0.424488000572	111.385000229	24.172200044
2416	391.569002787	910.572906494	401.687980652	0.11584875981	8.72298836708	0.814063494404	1.86015001933	4.75313997269	5.07965064049	0.0	0.0	0.0	0.0	0.0	0.0	0.0	0.0167051002694	0.0	0.0225075998654	3.43794293182e-06	0.39502800256	0.000626426000963	5.15355996291	0.0	0.0	0.0	6.39533003171	0.424351004263	111.38299942	24.1646997134
2417	391.516001383	910.574905396	401.677981059	0.11358776316	8.63552840551	0.805120488008	1.85007998347	4.74415997664	5.07971060276	0.0	0.0	0.0	0.0	0.0	0.0	0.0	0.0164687999835	0.0	0.0217355000786	3.1818702458e-06	0.386782000462	0.000607902999036	5.12923999627	0.0	0.0	0.0	6.3946899573	0.424215001365	111.380000432	24.1571000417
2418	391.463002523	910.577911377	401.668983459	0.111371768638	8.54894828796	0.796274493138	1.8400699993	4.73519996802	5.07978061835	0.0	0.0	0.0	0.0	0.0	0.0	0.0	0.0162358999563	0.0	0.0209898000273	2.94488554194e-06	0.378707997501	0.000589929011767	5.10502998034	0.0	0.0	0.0	6.3940500021	0.424077997605	111.378000895	24.149600029
2419	391.409996033	910.5809021	401.658983866	0.109198772659	8.46323839823	0.787526483337	1.83011000355	4.72624997298	5.07984062036	0.0	0.0	0.0	0.0	0.0	0.0	0.0	0.0160062997602	0.0	0.0202697996671	2.72554901433e-06	0.370804001888	0.000572487003713	5.08093996843	0.0	0.0	0.0	6.3934100469	0.423941001296	111.376000722	24.1420000394
2420	391.357996623	910.583908081	401.649981181	0.107068777705	8.37838864326	0.778875480096	1.82021000981	4.7173200051	5.07990058263	0.0	0.0	0.0	0.0	0.0	0.0	0.0	0.0157800002489	0.0	0.0195745001547	2.52256071083e-06	0.36306399852	0.000555560996872	5.05696002642	0.0	0.0	0.0	6.39276997248	0.42380400002	111.374000549	24.1344997088
2421	391.305000305	910.586919149	401.639981588	0.104979780813	8.29439838727	0.770318468412	1.81035000086	4.70840998491	5.07997059822	0.0	0.0	0.0	0.0	0.0	0.0	0.0	0.0155567999464	0.0	0.0189029999698	2.33469074828e-06	0.355486000578	0.00053913599307	5.03310000896	0.0	0.0	0.0	6.39212997754	0.423667999605	111.372000376	24.126999855
2422	391.251998901	910.58891805	401.630983988	0.102930786088	8.21124839783	0.761856476466	1.80055998762	4.69950993856	5.08003060023	0.0	0.0	0.0	0.0	0.0	0.0	0.0	0.0153368001338	0.0	0.0182545999996	2.16080932584e-06	0.348066002131	0.000523196994133	5.00934998194	0.0	0.0	0.0	6.3914899826	0.423531000813	111.369000753	24.1193998655
2423	391.200002035	910.591913859	401.621983846	0.100922790046	8.12892858187	0.753487452865	1.79080999891	4.69064001242	5.08010057608	0.0	0.0	0.0	0.0	0.0	0.0	0.0	0.0151200000352	0.0	0.0176285000828	1.99989648308e-06	0.340801000595	0.000507728997036	4.98571002483	0.0	0.0	0.0	6.39084998767	0.423393997053	111.36700058	24.1118998528
2424	391.146998088	910.593907674	401.61298116	0.0989540945739	8.04743862152	0.745210453868	1.78111999234	4.68178006013	5.08016053836	0.0	0.0	0.0	0.0	0.0	0.0	0.0	0.0149060999199	0.0	0.0170238000962	1.8509623961e-06	0.333688999216	0.000492719002068	4.96218995253	0.0	0.0	0.0	6.39020999273	0.423258001606	111.364999771	24.10439984
2425	391.095001221	910.596918742	401.603983561	0.0970234988878	7.96676850319	0.737024446328	1.77148000399	4.67293000221	5.08022050063	0.0	0.0	0.0	0.0	0.0	0.0	0.0	0.0146953999065	0.0	0.0164398999574	1.71312711927e-06	0.326724005242	0.000478152995735	4.93877005577	0.0	0.0	0.0	6.3895800511	0.42312100033	111.362999598	24.0967996915
2426	391.043001811	910.598907471	401.594980876	0.0951307018598	7.88690857093	0.72892844677	1.76188997428	4.66410001119	5.08029051622	0.0	0.0	0.0	0.0	0.0	0.0	0.0	0.0144875998764	0.0	0.0158761002434	1.58555075321e-06	0.319905998806	0.00046401899696	4.91547004382	0.0	0.0	0.0	6.38894001643	0.422984997431	111.359999975	24.0892995199
2427	390.990999858	910.601918538	401.585985819	0.0932748063157	7.80784853299	0.720921431979	1.75235998631	4.65529004733	5.08035051823	0.0	0.0	0.0	0.0	0.0	0.0	0.0	0.0142827000624	0.0	0.015331599939	1.46748335321e-06	0.313228999575	0.000450301997868	4.89228006204	0.0	0.0	0.0	6.38829998175	0.42284800609	111.357999802	24.081799825
2428	390.938995361	910.603907267	401.576985677	0.0914552100003	7.7295785745	0.713002433379	1.74288000663	4.64650003115	5.08041059971	0.0	0.0	0.0	0.0	0.0	0.0	0.0	0.0140808000385	0.0	0.0148056999315	1.3582150397e-06	0.306693002582	0.000436990997211	4.86918997765	0.0	0.0	0.0	6.38765998681	0.422712000708	111.356000264	24.0742001534
2429	390.887003581	910.605916341	401.568984985	0.089671112597	7.65209861596	0.705170432727	1.73343999187	4.63771998882	5.08048065503	0.0	0.0	0.0	0.0	0.0	0.0	0.0	0.0138817000358	0.0	0.0142979999073	1.25707580878e-06	0.300292000175	0.00042407399936	4.84622001648	0.0	0.0	0.0	6.38702007135	0.422576002777	111.353999456	24.0666999817
2430	390.835001628	910.60891215	401.5599823	0.0879218174766	7.57539856434	0.69742543002	1.72405999899	4.62895993392	5.08054057757	0.0	0.0	0.0	0.0	0.0	0.0	0.0	0.0136853999769	0.0	0.013807599976	1.16347582472e-06	0.294025999804	0.000411538998984	4.82335996628	0.0	0.0	0.0	6.38638003667	0.422439003984	111.352000554	24.05919981
2431	390.783999125	910.610905965	401.551986694	0.0862067205211	7.49946856499	0.689765413602	1.7147300144	4.62022002538	5.08060061932	0.0	0.0	0.0	0.0	0.0	0.0	0.0	0.0134919000169	0.0	0.0133340999795	1.07684507119e-06	0.287889999648	0.000399374999688	4.80060001214	0.0	0.0	0.0	6.385740002	0.422303001086	111.349000295	24.0516999563
2432	390.732002258	910.612915039	401.542984009	0.0845250238975	7.42429856459	0.682188406587	1.70546001196	4.61148997148	5.08066058159	0.0	0.0	0.0	0.0	0.0	0.0	0.0	0.013301099961	0.0	0.012876899913	9.96672620583e-07	0.28188299636	0.000387571005073	4.77795000871	0.0	0.0	0.0	6.38510000706	0.422166998188	111.347000758	24.0441999435
2433	390.680997213	910.61491394	401.534983317	0.0828762290378	7.34988860289	0.67469642063	1.69623001417	4.60277998447	5.08073063691	0.0	0.0	0.0	0.0	0.0	0.0	0.0	0.0131131000041	0.0	0.0124353000429	9.22467544721e-07	0.276001001398	0.00037611599934	4.75540999571	0.0	0.0	0.0	6.38446998596	0.422031000257	111.344999949	24.0366997719
2434	390.629002889	910.616917928	401.525983175	0.0812596306205	7.27621869246	0.667286400994	1.6870500048	4.5940901041	5.08079055945	0.0	0.0	0.0	0.0	0.0	0.0	0.0	0.0129277000669	0.0	0.0120088999781	8.53787871809e-07	0.27024200062	0.000364999000643	4.73298001289	0.0	0.0	0.0	6.38382999102	0.421895002325	111.342999776	24.0290997823
2435	390.577997843	910.618911743	401.51797994	0.0796745338788	7.20328867435	0.659957398971	1.6779199938	4.58540999889	5.0808506012	0.0	0.0	0.0	0.0	0.0	0.0	0.0	0.0127448999168	0.0	0.0115970999468	7.90223666058e-07	0.264603001376	0.000354212000578	4.71065004667	0.0	0.0	0.0	6.38318995635	0.421758999427	111.339998881	24.0215999285
2436	390.526995341	910.620910645	401.509976705	0.0781204377611	7.13109862804	0.652709389726	1.66884000103	4.57675004005	5.08091052373	0.0	0.0	0.0	0.0	0.0	0.0	0.0	0.0125647000192	0.0	0.0111994001394	7.31393948665e-07	0.259082997839	0.000343744002748	4.68842995167	0.0	0.0	0.0	6.38254996141	0.421623001496	111.33799998	24.0140995979
2437	390.476000468	910.622914632	401.501978556	0.0765966412922	7.05962872505	0.645540391405	1.65980998675	4.56810998917	5.08097060521	0.0	0.0	0.0	0.0	0.0	0.0	0.0	0.0123871000639	0.0	0.010815400087	6.76944760395e-07	0.253677000602	0.000333584997861	4.66631003221	0.0	0.0	0.0	6.38191004594	0.421486998598	111.336000443	24.0065999031
2438	390.425000509	910.624913534	401.493982951	0.0751026446621	6.98887872696	0.638451392452	1.6508299907	4.55947999159	5.08103060722	0.0	0.0	0.0	0.0	0.0	0.0	0.0	0.0122120001664	0.0	0.0104446000575	6.26550137402e-07	0.248384001354	0.000323726999341	4.64429998398	0.0	0.0	0.0	6.38126997153	0.421351000667	111.333999634	23.9990998904
2439	390.374003092	910.625915527	401.485977173	0.0736377481371	6.91882876555	0.631439382831	1.64190001289	4.55086998145	5.08110058308	0.0	0.0	0.0	0.0	0.0	0.0	0.0	0.0120392999767	0.0	0.0100865000083	5.79908122707e-07	0.243201999615	0.000314159997894	4.62240000566	0.0	0.0	0.0	6.38063995043	0.421215000252	111.330999374	23.9916000366
2440	390.322998047	910.627914429	401.477984111	0.0722014488031	6.8494887352	0.624505375822	1.63302001357	4.54226994514	5.08116062482	0.0	0.0	0.0	0.0	0.0	0.0	0.0	0.0118691001553	0.0	0.00974063994363	5.36739724074e-07	0.238128000249	0.000304875997244	4.60059003035	0.0	0.0	0.0	6.37999999523	0.421078997354	111.328999837	23.984099865
2441	390.272005717	910.629918416	401.469988505	0.0707932524383	6.78084874153	0.617647369703	1.62417999903	4.53369001547	5.0812207063	0.0	0.0	0.0	0.0	0.0	0.0	0.0	0.0117013000418	0.0	0.0094066800084	4.96785993676e-07	0.233159999053	0.000295867003539	4.57888996601	0.0	0.0	0.0	6.37936000029	0.420943001906	111.3270003	23.9766000112
2442	390.220998128	910.630910238	401.461982727	0.0694124568254	6.71289877097	0.610864371061	1.61539000273	4.52512999376	5.08128050963	0.0	0.0	0.0	0.0	0.0	0.0	0.0	0.0115359000241	0.0	0.00908417999744	4.5980693623e-07	0.228295999269	0.000287124004293	4.55730001132	0.0	0.0	0.0	6.37871996562	0.420807003975	111.325000127	23.9690999985
2443	390.171000163	910.632909139	401.454981486	0.0680586590121	6.64562877019	0.604156364997	1.60665000478	4.51657994588	5.08134067059	0.0	0.0	0.0	0.0	0.0	0.0	0.0	0.0113727999851	0.0	0.00877275007466	4.2558058766e-07	0.223532998314	0.000278639997608	4.5358000199	0.0	0.0	0.0	6.37807997068	0.420671999454	111.322999954	23.9616998037
2444	390.120999654	910.633911133	401.446980794	0.0667313610514	6.57902876536	0.597522353133	1.5979600052	4.50805004438	5.08140063286	0.0	0.0	0.0	0.0	0.0	0.0	0.0	0.011212100042	0.0	0.0084720000159	3.93903976696e-07	0.218870001535	0.00027040700176	4.51441009839	0.0	0.0	0.0	6.37744998932	0.420536001523	111.320000331	23.9541999499
2445	390.069994609	910.635910034	401.438980103	0.0654298632095	6.51309875647	0.590960363547	1.58931999405	4.49954005082	5.08146063487	0.0	0.0	0.0	0.0	0.0	0.0	0.0	0.0110536000381	0.0	0.00818156000848	3.64585098112e-07	0.214304997275	0.000262417003493	4.4931199948	0.0	0.0	0.0	6.37680995464	0.420399998625	111.318000158	23.9466994603
2446	390.019996643	910.636912028	401.431983948	0.0641537668804	6.447838823	0.584471354882	1.58071999749	4.49103999138	5.0815205574	0.0	0.0	0.0	0.0	0.0	0.0	0.0	0.0108972999733	0.0	0.00790108996443	3.37448999706e-07	0.209834000717	0.000254662998486	4.47193006674	0.0	0.0	0.0	6.37616999944	0.420264999072	111.315998713	23.9391999245
2447	389.970001221	910.637908936	401.423983256	0.0629026697328	6.38322881858	0.57805335025	1.57216998935	4.48255999883	5.08158063889	0.0	0.0	0.0	0.0	0.0	0.0	0.0	0.01074330012	0.0	0.00763024998984	3.12333680104e-07	0.205457001925	0.000247138994988	4.45083999634	0.0	0.0	0.0	6.3755300045	0.420128998657	111.314000448	23.9316997528
2448	389.920000712	910.639907837	401.416984558	0.0616758717224	6.31925884883	0.571706354618	1.56366000573	4.47409995397	5.08164060116	0.0	0.0	0.0	0.0	0.0	0.0	0.0	0.0105914998955	0.0	0.00736869006262	2.89088158449e-07	0.201171997935	0.00023983700036	4.42984994253	0.0	0.0	0.0	6.37490006288	0.419994001587	111.311000188	23.924200058
2449	389.870000203	910.640920003	401.409980774	0.0604730748261	6.25593880812	0.565428341428	1.5552000006	4.46565000216	5.08170056343	0.0	0.0	0.0	0.0	0.0	0.0	0.0	0.0104416999966	0.0	0.00711610005237	2.67572455452e-07	0.196974998961	0.000232751001022	4.40895998478	0.0	0.0	0.0	6.37425994873	0.419858003656	111.309001287	23.9168000221
2450	389.819997152	910.641911825	401.401982625	0.0592937764401	6.1932588021	0.559220343828	1.54678999384	4.45720998446	5.08176068465	0.0	0.0	0.0	0.0	0.0	0.0	0.0	0.0102941998436	0.0	0.0068721799568	2.47659580547e-07	0.192867000898	0.000225875001585	4.38817000389	0.0	0.0	0.0	6.37362003326	0.419722999136	111.307000478	23.9092998505
2451	389.769999186	910.642913818	401.394986471	0.0581374789278	6.13119880358	0.553080340226	1.53842000167	4.4488000075	5.08182060719	0.0	0.0	0.0	0.0	0.0	0.0	0.0	0.0101487000162	0.0	0.00663662996764	2.29228547255e-07	0.188843999058	0.000219202000153	4.3674800396	0.0	0.0	0.0	6.37297999859	0.419586998721	111.305000305	23.9017998377
2452	389.720003764	910.643910726	401.387980143	0.0570037815099	6.0697688659	0.547007332246	1.53009999792	4.44039996465	5.08188060919	0.0	0.0	0.0	0.0	0.0	0.0	0.0	0.0100052001265	0.0	0.0064091499662	2.12169367112e-07	0.184904998789	0.000212726001337	4.34687999884	0.0	0.0	0.0	6.37234997749	0.419452001651	111.302999496	23.8943998019
2453	389.67099762	910.644917806	401.380983988	0.0558921837558	6.00894888242	0.541001324852	1.52181999882	4.43200993538	5.0819406112	0.0	0.0	0.0	0.0	0.0	0.0	0.0	0.00986379998115	0.0	0.00618948003588	1.96380049999e-07	0.181048997988	0.000206441999277	4.326390028	0.0	0.0	0.0	6.37170998255	0.419317002098	111.300001144	23.8868994713
2454	389.620999654	910.644902547	401.373982747	0.0548021858558	5.94874886672	0.535062327981	1.51359000802	4.42364005248	5.08200061321	0.0	0.0	0.0	0.0	0.0	0.0	0.0	0.00972437982758	0.0	0.00597733996498	1.81766612428e-07	0.177273001522	0.000200343001779	4.30598994096	0.0	0.0	0.0	6.37106998761	0.4191809992	111.2979997	23.8794002533
2455	389.572003682	910.645914714	401.366984049	0.0537335885068	5.8891488711	0.52918732663	1.50540001194	4.41528999805	5.08206057549	0.0	0.0	0.0	0.0	0.0	0.0	0.0	0.00958693989863	0.0	0.00577248004265	1.68241057234e-07	0.173576001078	0.000194424998578	4.28568001588	0.0	0.0	0.0	6.37044000626	0.419045997163	111.296000163	23.8719997406
2456	389.521998088	910.646906535	401.359980265	0.0526857903848	5.83013892174	0.52337731421	1.49726000428	4.40694999695	5.08212061723	0.0	0.0	0.0	0.0	0.0	0.0	0.0	0.00945145000393	0.0	0.00557464000303	1.55722390834e-07	0.169955998659	0.000188682000347	4.26548000177	0.0	0.0	0.0	6.36980005105	0.418910995126	111.293999354	23.8644998868
2457	389.473002116	910.647908529	401.352981567	0.0516584925354	5.77172891299	0.517631317178	1.48916001121	4.398630023	5.08218061924	0.0	0.0	0.0	0.0	0.0	0.0	0.0	0.009317870019	0.0	0.00538358996467	1.4413462542e-07	0.166410999993	0.000183107998358	4.24535997709	0.0	0.0	0.0	6.36915997664	0.418776000539	111.29099973	23.857099851
2458	389.423998515	910.647908529	401.345985413	0.0506511945277	5.71390891075	0.511948312322	1.48110997677	4.39032999674	5.08224062125	0.0	0.0	0.0	0.0	0.0	0.0	0.0	0.00918618015324	0.0	0.00519908999559	1.33409771526e-07	0.162941001356	0.000177699998555	4.22535002232	0.0	0.0	0.0	6.36851994197	0.41864100347	111.288998922	23.8495998383
2459	389.375002543	910.648905436	401.339983622	0.049663497135	5.65665896734	0.506328304609	1.47310000658	4.38203998407	5.08230062326	0.0	0.0	0.0	0.0	0.0	0.0	0.0	0.00905635999516	0.0	0.00502091999321	1.23483830568e-07	0.159543000162	0.000172451001466	4.20543007056	0.0	0.0	0.0	6.36789000034	0.418506001433	111.286999385	23.8420998255
2460	389.325996399	910.648910522	401.332979838	0.0486951985707	5.59998897711	0.500770305594	1.46512999137	4.37376002471	5.08236058553	0.0	0.0	0.0	0.0	0.0	0.0	0.0	0.00892836996354	0.0	0.004848860049	1.14295809558e-07	0.156215999275	0.000167356999251	4.18559992313	0.0	0.0	0.0	6.3672500054	0.418371001879	111.284999847	23.8346999486
2461	389.276997884	910.648910522	401.32598114	0.0477457009256	5.54388888677	0.495272298654	1.45721001426	4.36550001303	5.08241057396	0.0	0.0	0.0	0.0	0.0	0.0	0.0	0.00880220012429	0.0	0.0046827000333	1.0579171672e-07	0.152958001941	0.000162413998623	4.16586995125	0.0	0.0	0.0	6.3666100502	0.418236002326	111.281999588	23.8272997538
2462	389.228001912	910.648910522	401.319984436	0.0468147030721	5.48835893472	0.489835299551	1.44932000836	4.35725994905	5.0824706157	0.0	0.0	0.0	0.0	0.0	0.0	0.0	0.00867780003076	0.0	0.00452222993287	2.48826701466e-08	0.149768999467	0.000157616999786	4.14623010159	0.0	0.0	0.0	6.36598002911	0.418101000289	111.280000687	23.8197999001
2463	389.179000854	910.649902344	401.312983195	0.045902004155	5.43336896102	0.484458297491	1.44148999453	4.34904003143	5.08253053824	0.0	0.0	0.0	0.0	0.0	0.0	0.0	0.008555170071	0.0	0.00436726996365	0.0	0.146645997961	0.00015296199975	4.12668005625	0.0	0.0	0.0	6.36534003417	0.417966000736	111.278000514	23.8124000231
2464	389.13100179	910.649912516	401.306983948	0.0450070065757	5.37893907229	0.479140286644	1.43369000157	4.34081995487	5.08259057999	0.0	0.0	0.0	0.0	0.0	0.0	0.0	0.00843427004293	0.0	0.00421761996889	0.0	0.143587999046	0.000148444002358	4.10723006725	0.0	0.0	0.0	6.36469995975	0.417830998699	111.276000977	23.8048996925
2465	389.081998189	910.649912516	401.300977071	0.044129508237	5.32505897681	0.473880290985	1.42594000697	4.33263003826	5.082650582	0.0	0.0	0.0	0.0	0.0	0.0	0.0	0.00831509009004	0.0	0.00407311002103	0.0	0.140594000618	0.000144059997789	4.08787000179	0.0	0.0	0.0	6.36407009761	0.417696997523	111.274000168	23.7974998156
2466	389.032997131	910.64990743	401.293983459	0.0432691099122	5.27171901862	0.468678285678	1.41822000345	4.32444997629	5.08271070321	0.0	0.0	0.0	0.0	0.0	0.0	0.0	0.00819759008785	0.0	0.00393354997505	0.0	0.137663001815	0.000139806000031	4.06860001882	0.0	0.0	0.0	6.36342998346	0.417562002937	111.270999908	23.7900996208
2467	388.98500061	910.648910522	401.287981669	0.0424255117153	5.21890902519	0.463534278174	1.41054999828	4.31628000736	5.08276057243	0.0	0.0	0.0	0.0	0.0	0.0	0.0	0.00808175001293	0.0	0.00379876998098	0.0	0.134792000055	0.000135677002011	4.04941999912	0.0	0.0	0.0	6.36280004183	0.417426998417	111.269000371	23.7825996081
2468	388.937004089	910.648915609	401.281977336	0.04159841345	5.16663904985	0.458446276685	1.40293000142	4.30814011892	5.08282065392	0.0	0.0	0.0	0.0	0.0	0.0	0.0	0.00796754984185	0.0	0.00366861002597	0.0	0.131982001166	0.000131669998761	4.03032998244	0.0	0.0	0.0	6.36215992769	0.417292999725	111.266999563	23.7751998901
2469	388.888000488	910.648915609	401.275983175	0.0407874152685	5.11487901211	0.453414276242	1.39533999562	4.30000003179	5.08288057645	0.0	0.0	0.0	0.0	0.0	0.0	0.0	0.00785496000511	0.0	0.00354291997307	0.0	0.129230000079	0.00012778199986	4.01132992903	0.0	0.0	0.0	6.36151997248	0.417158000171	111.26499939	23.7678000132
2470	388.839996338	910.647908529	401.269983927	0.0399922166641	5.06364897887	0.448437271019	1.38778999448	4.29187997182	5.08294057846	0.0	0.0	0.0	0.0	0.0	0.0	0.0	0.00774396998653	0.0	0.00342154002283	0.0	0.126535999278	0.000124007999451	3.9924300313	0.0	0.0	0.0	6.36089003086	0.417024003963	111.261998494	23.7603000005
2471	388.791999817	910.647918701	401.262980143	0.0392125189925	5.01292904218	0.443515265981	1.3802899917	4.28378001849	5.08299056689	0.0	0.0	0.0	0.0	0.0	0.0	0.0	0.00763454998378	0.0	0.00330431999949	0.0	0.123898000146	0.000120345999676	3.97360994418	0.0	0.0	0.0	6.36024999619	0.416889001926	111.260000865	23.7529001236
2472	388.744000753	910.646921794	401.256985982	0.0384481201569	4.96271908283	0.438647262752	1.37282000979	4.27568999926	5.08305060863	0.0	0.0	0.0	0.0	0.0	0.0	0.0	0.00752667997343	0.0	0.00319110997953	0.0	0.121314999337	0.000116792999203	3.95487997929	0.0	0.0	0.0	6.35961004098	0.41675500075	111.258000056	23.7454997698
2473	388.695999146	910.646896362	401.251981099	0.0376985212788	4.91300912698	0.433832262953	1.36539998651	4.26762008667	5.08311069012	0.0	0.0	0.0	0.0	0.0	0.0	0.0	0.00742033003674	0.0	0.00308178999694	0.0	0.118785998474	0.000113343999449	3.93624003728	0.0	0.0	0.0	6.35898005962	0.416620001197	111.255999883	23.738099734
2474	388.647997538	910.645909627	401.245979309	0.0369636233275	4.86379909515	0.429071262479	1.35801998774	4.25956988335	5.08317069213	0.0	0.0	0.0	0.0	0.0	0.0	0.0	0.00731548003387	0.0	0.0029762199653	0.0	0.116309999799	0.000109996999527	3.91768997908	0.0	0.0	0.0	6.35834002495	0.416486000021	111.254000346	23.7305998802
2475	388.601003011	910.644917806	401.239985148	0.0362430245926	4.81508906682	0.424362259607	1.35066998998	4.25151995818	5.08322056135	0.0	0.0	0.0	0.0	0.0	0.0	0.0	0.00721211999189	0.0	0.00287425999219	0.0	0.113884999727	0.000106749999153	3.89921998978	0.0	0.0	0.0	6.35770996412	0.416351000468	111.251000086	23.7231998444
2476	388.552996318	910.643895467	401.233983358	0.0355365260815	4.7668590943	0.419704255958	1.34336999059	4.24350003401	5.08328060309	0.0	0.0	0.0	0.0	0.0	0.0	0.0	0.00711021999208	0.0	0.00277579998753	0.0	0.111510999501	0.000103597999744	3.8808499972	0.0	0.0	0.0	6.35707000891	0.416216999292	111.248999278	23.7157998085
2477	388.504997253	910.642913818	401.227984111	0.0348438269769	4.71911915143	0.415098254879	1.33611000578	4.23549000422	5.0833406051	0.0	0.0	0.0	0.0	0.0	0.0	0.0	0.00700977006151	0.0	0.0026807099736	0.0	0.109186001122	0.000100538999201	3.86255997419	0.0	0.0	0.0	6.35643998782	0.4160830006	111.246999741	23.7083994548
2478	388.458000183	910.641911825	401.222981771	0.0341646289453	4.6718591849	0.41054224968	1.3288800021	4.22749010722	5.08339055379	0.0	0.0	0.0	0.0	0.0	0.0	0.0	0.00691073003691	0.0	0.00258889000785	0.0	0.106910000866	9.75705000504e-05	3.84435997407	0.0	0.0	0.0	6.35579999288	0.415949001908	111.245000203	23.7009997368
2479	388.409996033	910.639907837	401.216977437	0.0334986302381	4.62506910165	0.406037243704	1.32169999679	4.21950995922	5.08345059554	0.0	0.0	0.0	0.0	0.0	0.0	0.0	0.00681309006177	0.0	0.00250020997676	0.0	0.104681999733	9.46897998801e-05	3.82623998324	0.0	0.0	0.0	6.35515999794	0.415815000733	111.241999944	23.6935998599
2480	388.363001506	910.638905843	401.210980733	0.0328456315522	4.5787491401	0.401581242681	1.31454999248	4.21154999733	5.08351063728	0.0	0.0	0.0	0.0	0.0	0.0	0.0	0.00671684000796	0.0	0.00241456999599	0.0	0.102500000969	9.18942999609e-05	3.80820999543	0.0	0.0	0.0	6.35453005632	0.415680001179	111.240001043	23.686199983
2481	388.316001892	910.636912028	401.205978394	0.0322054332743	4.53288912773	0.397173240781	1.30743999283	4.20360000928	5.08356062571	0.0	0.0	0.0	0.0	0.0	0.0	0.0	0.00662194002264	0.0	0.00233186001424	0.0	0.100363001227	8.9181300306e-05	3.79025999705	0.0	0.0	0.0	6.35388998191	0.41554599752	111.238000234	23.6787997882
2482	388.268000285	910.63591512	401.199979146	0.0315776340043	4.48749911785	0.392815242211	1.30036999782	4.19565995534	5.08362054825	0.0	0.0	0.0	0.0	0.0	0.0	0.0	0.00652838991179	0.0	0.00225199999598	0.0	0.0982716002812	8.65484992876e-05	3.77239998182	0.0	0.0	0.0	6.35326008002	0.415412001312	111.236000697	23.6713999112
2483	388.221000671	910.633911133	401.194981893	0.0309621354875	4.44255912304	0.388504234453	1.2933399876	4.18774000804	5.08368058999	0.0	0.0	0.0	0.0	0.0	0.0	0.0	0.00643615998949	0.0	0.00217486000232	0.0	0.096223299702	8.39934988714e-05	3.75462998947	0.0	0.0	0.0	6.35262000561	0.41527800262	111.233999252	23.6639997164
2484	388.174001058	910.631902059	401.188980103	0.030358636907	4.3980691433	0.384241233269	1.28635000189	4.17984000842	5.08373053869	0.0	0.0	0.0	0.0	0.0	0.0	0.0	0.00634523997239	0.0	0.00210038002115	0.0	0.0942177989831	8.15138985975e-05	3.73693996668	0.0	0.0	0.0	6.35198998451	0.415143998961	111.230999629	23.6565998395
2485	388.126996358	910.62991333	401.183982849	0.0297669383387	4.35402921836	0.38002423197	1.27939000726	4.17194994291	5.08379058043	0.0	0.0	0.0	0.0	0.0	0.0	0.0	0.00625560001936	0.0	0.00202844000887	0.0	0.0922541003674	7.9107600565e-05	3.71933003267	0.0	0.0	0.0	6.35134998957	0.415011003613	111.229000092	23.6491996447
2486	388.079994202	910.627909342	401.178980509	0.0291867394311	4.31042917569	0.375854228934	1.27248000105	4.16407012939	5.0838406086	0.0	0.0	0.0	0.0	0.0	0.0	0.0	0.00616723004108	0.0	0.00195896999018	0.0	0.0903314004342	7.67724007649e-05	3.70180002848	0.0	0.0	0.0	6.35072004795	0.414876997471	111.226999919	23.6417997678
2487	388.033999125	910.625920614	401.173980713	0.0286178404155	4.26725916068	0.371730228265	1.26559998592	4.15621002515	5.08390061061	0.0	0.0	0.0	0.0	0.0	0.0	0.0	0.00608011001411	0.0	0.00189187999543	0.0	0.0884488007675	7.45061988709e-05	3.68435996771	0.0	0.0	0.0	6.35008001328	0.414743001262	111.225001017	23.634399732
2488	387.987004598	910.622919718	401.167981466	0.0280600416784	4.22452922662	0.36765122662	1.25874999166	4.14836994807	5.08396061261	0.0	0.0	0.0	0.0	0.0	0.0	0.0	0.00599421991501	0.0	0.00182708998909	0.0	0.0866055010508	7.23069000135e-05	3.66699999571	0.0	0.0	0.0	6.34944999218	0.41460900257	111.221999486	23.6270999908
2489	387.939999898	910.620910645	401.162984212	0.0275131428304	4.182229201	0.36361621817	1.25194998582	4.14054000378	5.08401056131	0.0	0.0	0.0	0.0	0.0	0.0	0.0	0.00590953999199	0.0	0.00176451999384	0.0	0.0848006003847	7.01725991045e-05	3.64973000685	0.0	0.0	0.0	6.3488099575	0.414475001395	111.219999313	23.619699796
2490	387.893999736	910.617904663	401.157981873	0.0269769439474	4.14034922918	0.359627219538	1.24517999093	4.13273000717	5.08407060305	0.0	0.0	0.0	0.0	0.0	0.0	0.0	0.00582607001221	0.0	0.00170408999353	0.0	0.0830334008982	6.81013007124e-05	3.63253001372	0.0	0.0	0.0	6.34817997615	0.414342001081	111.218000412	23.6122997602
2491	387.847002665	910.614919027	401.152984619	0.0264511448331	4.09889924526	0.355681215723	1.23845001062	4.12493002415	5.08412059148	0.0	0.0	0.0	0.0	0.0	0.0	0.0	0.00574377000642	0.0	0.00164573998579	0.0	0.0813030997912	6.60911997935e-05	3.61541998386	0.0	0.0	0.0	6.34753998121	0.414207999905	111.215999603	23.6048997243
2492	387.800997416	910.612915039	401.147979736	0.0259356458361	4.05784920851	0.351778214176	1.23174999158	4.11714001497	5.08418063323	0.0	0.0	0.0	0.0	0.0	0.0	0.0	0.00566264005223	0.0	0.00158937999125	0.0	0.0796088011314	6.41405003989e-05	3.5983799696	0.0	0.0	0.0	6.34691003958	0.414073998729	111.21399943	23.5974998474
2493	387.753997803	910.609909058	401.14297994	0.0254301470704	4.01721930504	0.34791820993	1.22510001063	4.10936999321	5.08423054218	0.0	0.0	0.0	0.0	0.0	0.0	0.0	0.00558265003686	0.0	0.00153496000955	0.0	0.0779498995592	6.22473986975e-05	3.58142999808	0.0	0.0	0.0	6.34626992544	0.413941003382	111.211000443	23.5901999474
2494	387.708000183	910.605911255	401.137980143	0.024934548419	3.9769992431	0.344101210435	1.21846999725	4.10160990556	5.0842906634	0.0	0.0	0.0	0.0	0.0	0.0	0.0	0.00550379996033	0.0	0.00148239998574	0.0	0.0763256003459	6.04101999973e-05	3.56455999613	0.0	0.0	0.0	6.34564002355	0.413807002207	111.20900027	23.5827999115
2495	387.66200002	910.602915446	401.132987976	0.0244486491817	3.93717922767	0.340325209002	1.21188999216	4.09387008349	5.08434053262	0.0	0.0	0.0	0.0	0.0	0.0	0.0	0.00542605000859	0.0	0.00143164000474	0.0	0.0747352000326	5.86272999499e-05	3.54777000348	0.0	0.0	0.0	6.34499998887	0.413674001892	111.207000097	23.5753998756
2496	387.61500295	910.598907471	401.127985636	0.0239721500936	3.89775923888	0.336591204007	1.20533000429	4.08614997069	5.08440053463	0.0	0.0	0.0	0.0	0.0	0.0	0.0	0.00534940999933	0.0	0.00138261998654	0.0	0.0731779007862	5.68970999666e-05	3.53105000655	0.0	0.0	0.0	6.34437000751	0.413541001578	111.205000559	23.5680999756
2497	387.568997701	910.595906576	401.123982747	0.0235050513099	3.85873927673	0.332898199558	1.19882000486	4.0784299771	5.08446065585	0.0	0.0	0.0	0.0	0.0	0.0	0.0	0.00527386006434	0.0	0.00133528000636	0.0	0.0716530991097	5.52178998987e-05	3.51441999276	0.0	0.0	0.0	6.34373998642	0.413407002886	111.2020003	23.5606997808
2498	387.523000081	910.591908773	401.118980408	0.0230469506544	3.82009919484	0.329246198138	1.1923399965	4.07074002425	5.08451060454	0.0	0.0	0.0	0.0	0.0	0.0	0.0	0.00519937009085	0.0	0.0012895600133	0.0	0.0701601995776	5.35883000339e-05	3.49787000815	0.0	0.0	0.0	6.34309995174	0.413274000088	111.200000763	23.5532999039
2499	387.476999919	910.58791097	401.113980611	0.0225978658224	3.78185971578	0.325634213785	1.18589000901	4.06306000551	5.08456063271	0.0	0.0	0.0	0.0	0.0	0.0	0.0	0.00512593002835	0.0	0.00124540998756	0.0	0.0686982994278	5.20068997503e-05	3.48138999939	0.0	0.0	0.0	6.34246997039	0.413141002258	111.197999318	23.5460000038
2500	387.453997294	910.585906982	401.11198171	0.0223754815136	3.76282962163	0.323838047683	1.18268000086	4.0592199564	5.08459059397	0.0	0.0	0.0	0.0	0.0	0.0	0.0	0.00508948004184	0.0	0.00122371999896	0.0	0.0679751001298	5.12279996959e-05	3.47317002217	0.0	0.0	0.0	6.34215005239	0.413073999186	111.196999232	23.5423000654
