Component 	 CO2 	 CO2 	 CH4	N2O	SO2	CFC-11	CFC-12	CFC-113	CFC-114	CFC-115	CH3Br	CCl4	CH3CCl3	HCFC-22	HCFC-141b	HCFC-123	HCFC-142b	H-1211	H-1301	H-2402	HFC125	HFC134a	HFC143a	HFC227ea	HFC23	HFC245fa	HFC32	HFC4310mee	C2F6	C6F14	CF4	SF6	NOx	CO	NMVOC	NH3	BMB_AEROS_BC	BMB_AEROS_OC	BC	OC	H-1202	C3F8	C4F10	C5F12	C7F16	C8F18	cC4F8	SO2F2	HFC236fa	HFC152a	HFC365mfc	CH2Cl2	CHCl3	CH3Cl	NF3 
Unit 	 Pg_C	Pg_C	Tg	Tg_N	Tg_SO2	Gg	Gg	Gg	Gg	Gg	Gg	Gg	Gg	Gg	Gg	Gg	Gg	Gg	Gg	Gg	Gg	Gg	Gg	Gg	Gg	Gg	Gg	Gg	Gg	Gg	Gg	Gg	Mt_N	Mt	Mt	Mt	Tg	Tg	Tg	Tg	Gg	Gg	Gg	Gg	Gg	Gg	Gg	Gg	Gg	Gg	Gg	Gg	Gg	Gg	Gg
Description 	 fossil_fuel 	 landuse 	 total	 total	 total	 total	 total	 total	 total	 total	 total	 total	 total	 total	 total	 total	 total	 total	 total	 total	 total	 total	 total	 total	 total	 total	 total	 total	 total	 total	 total	 total	 total	 total	 total	 total	 total	 total	 total	 total	 total	 total	 total	 total	 total	 total	 total	 total	 total	 total	 total	 total	 total	 total	 total
Reference	eu_necp_ltt	eu_necp_ltt	eu_necp_ltt	eu_necp_ltt	eu_necp_ltt	eu_necp_ltt	eu_necp_ltt	eu_necp_ltt	eu_necp_ltt	eu_necp_ltt	eu_necp_ltt	eu_necp_ltt	eu_necp_ltt	eu_necp_ltt	eu_necp_ltt	eu_necp_ltt	eu_necp_ltt	eu_necp_ltt	eu_necp_ltt	eu_necp_ltt	eu_necp_ltt	eu_necp_ltt	eu_necp_ltt	eu_necp_ltt	eu_necp_ltt	eu_necp_ltt	eu_necp_ltt	eu_necp_ltt	eu_necp_ltt	eu_necp_ltt	eu_necp_ltt	eu_necp_ltt	eu_necp_ltt	eu_necp_ltt	eu_necp_ltt	eu_necp_ltt	eu_necp_ltt	eu_necp_ltt	eu_necp_ltt	eu_necp_ltt	eu_necp_ltt	eu_necp_ltt	eu_necp_ltt	eu_necp_ltt	eu_necp_ltt	eu_necp_ltt	eu_necp_ltt	eu_necp_ltt	eu_necp_ltt	eu_necp_ltt	eu_necp_ltt	eu_necp_ltt	eu_necp_ltt	eu_necp_ltt	eu_necp_ltt
1750 	 0.00238216 	 0.09929301 	 26.62373520 	 0.63541912 	 2.29755041 	 0.00000000 	 0.00000000 	 0.00000000 	 0.00000000 	 0.00000000 	 0.00000000 	 0.00000000 	 0.00000000 	 0.00000000 	 0.00000000 	 0.00000000 	 0.00000000 	 0.00000000 	 0.00000000 	 0.00000000 	 0.00000000 	 0.00000000 	 0.00000000 	 0.00000000 	 0.00000000 	 0.00000000 	 0.00000000 	 0.00000000 	 0.00000000 	 0.00000000 	 0.01445313 	 0.00000000 	 5.83563951 	 341.27603927 	 59.42102486 	 6.61639973 	 0.00000000 	 0.00000000 	 2.08148799 	 15.56936320 	 0.00000000 	 0.00000000 	 0.00000000 	 0.00000000 	 0.00000000 	 0.00000000 	 0.00000000 	 0.00000000 	 0.00000000 	 0.00000000 	 0.00000000 	 0.00000000 	 0.00000000 	 0.00000000 	 0.00000000
1751 	 0.00238216 	 0.10122754 	 26.66978858 	 0.63584756 	 2.29893031 	 0.00000000 	 0.00000000 	 0.00000000 	 0.00000000 	 0.00000000 	 0.00000000 	 0.00000000 	 0.00000000 	 0.00000000 	 0.00000000 	 0.00000000 	 0.00000000 	 0.00000000 	 0.00000000 	 0.00000000 	 0.00000000 	 0.00000000 	 0.00000000 	 0.00000000 	 0.00000000 	 0.00000000 	 0.00000000 	 0.00000000 	 0.00000000 	 0.00000000 	 0.01445313 	 0.00000000 	 5.83578924 	 341.45883464 	 59.44052890 	 6.62556704 	 0.00000000 	 0.00000000 	 2.08318215 	 15.57779492 	 0.00000000 	 0.00000000 	 0.00000000 	 0.00000000 	 0.00000000 	 0.00000000 	 0.00000000 	 0.00000000 	 0.00000000 	 0.00000000 	 0.00000000 	 0.00000000 	 0.00000000 	 0.00000000 	 0.00000000
1752 	 0.00238309 	 0.10319976 	 26.91558477 	 0.64234097 	 2.32712711 	 0.00000000 	 0.00000000 	 0.00000000 	 0.00000000 	 0.00000000 	 0.00000000 	 0.00000000 	 0.00000000 	 0.00000000 	 0.00000000 	 0.00000000 	 0.00000000 	 0.00000000 	 0.00000000 	 0.00000000 	 0.00000000 	 0.00000000 	 0.00000000 	 0.00000000 	 0.00000000 	 0.00000000 	 0.00000000 	 0.00000000 	 0.00000000 	 0.00000000 	 0.01445313 	 0.00000000 	 5.84778897 	 345.38352093 	 60.23569411 	 6.71604148 	 0.00000000 	 0.00000000 	 2.10182840 	 15.83418279 	 0.00000000 	 0.00000000 	 0.00000000 	 0.00000000 	 0.00000000 	 0.00000000 	 0.00000000 	 0.00000000 	 0.00000000 	 0.00000000 	 0.00000000 	 0.00000000 	 0.00000000 	 0.00000000 	 0.00000000
1753 	 0.00238309 	 0.10521040 	 26.94584820 	 0.64238098 	 2.32602774 	 0.00000000 	 0.00000000 	 0.00000000 	 0.00000000 	 0.00000000 	 0.00000000 	 0.00000000 	 0.00000000 	 0.00000000 	 0.00000000 	 0.00000000 	 0.00000000 	 0.00000000 	 0.00000000 	 0.00000000 	 0.00000000 	 0.00000000 	 0.00000000 	 0.00000000 	 0.00000000 	 0.00000000 	 0.00000000 	 0.00000000 	 0.00000000 	 0.00000000 	 0.01445313 	 0.00000000 	 5.85056815 	 345.30621826 	 60.19910726 	 6.71846158 	 0.00000000 	 0.00000000 	 2.10259222 	 15.81789152 	 0.00000000 	 0.00000000 	 0.00000000 	 0.00000000 	 0.00000000 	 0.00000000 	 0.00000000 	 0.00000000 	 0.00000000 	 0.00000000 	 0.00000000 	 0.00000000 	 0.00000000 	 0.00000000 	 0.00000000
1754 	 0.00238403 	 0.10726022 	 26.98788619 	 0.64203271 	 2.32536851 	 0.00000000 	 0.00000000 	 0.00000000 	 0.00000000 	 0.00000000 	 0.00000000 	 0.00000000 	 0.00000000 	 0.00000000 	 0.00000000 	 0.00000000 	 0.00000000 	 0.00000000 	 0.00000000 	 0.00000000 	 0.00000000 	 0.00000000 	 0.00000000 	 0.00000000 	 0.00000000 	 0.00000000 	 0.00000000 	 0.00000000 	 0.00000000 	 0.00000000 	 0.01445313 	 0.00000000 	 5.83399084 	 345.18027388 	 60.17347873 	 6.73013519 	 0.00000000 	 0.00000000 	 2.10219448 	 15.82079369 	 0.00000000 	 0.00000000 	 0.00000000 	 0.00000000 	 0.00000000 	 0.00000000 	 0.00000000 	 0.00000000 	 0.00000000 	 0.00000000 	 0.00000000 	 0.00000000 	 0.00000000 	 0.00000000 	 0.00000000
1755 	 0.00238496 	 0.10934997 	 27.14558563 	 0.64665311 	 2.34443220 	 0.00000000 	 0.00000000 	 0.00000000 	 0.00000000 	 0.00000000 	 0.00000000 	 0.00000000 	 0.00000000 	 0.00000000 	 0.00000000 	 0.00000000 	 0.00000000 	 0.00000000 	 0.00000000 	 0.00000000 	 0.00000000 	 0.00000000 	 0.00000000 	 0.00000000 	 0.00000000 	 0.00000000 	 0.00000000 	 0.00000000 	 0.00000000 	 0.00000000 	 0.01445313 	 0.00000000 	 5.88407314 	 348.00156346 	 60.70245222 	 6.77493399 	 0.00000000 	 0.00000000 	 2.11932088 	 15.95634560 	 0.00000000 	 0.00000000 	 0.00000000 	 0.00000000 	 0.00000000 	 0.00000000 	 0.00000000 	 0.00000000 	 0.00000000 	 0.00000000 	 0.00000000 	 0.00000000 	 0.00000000 	 0.00000000 	 0.00000000
1756 	 0.00254925 	 0.11148044 	 27.24098669 	 0.64999625 	 2.36290538 	 0.00000000 	 0.00000000 	 0.00000000 	 0.00000000 	 0.00000000 	 0.00000000 	 0.00000000 	 0.00000000 	 0.00000000 	 0.00000000 	 0.00000000 	 0.00000000 	 0.00000000 	 0.00000000 	 0.00000000 	 0.00000000 	 0.00000000 	 0.00000000 	 0.00000000 	 0.00000000 	 0.00000000 	 0.00000000 	 0.00000000 	 0.00000000 	 0.00000000 	 0.01445313 	 0.00000000 	 5.92511255 	 349.64969530 	 60.98777875 	 6.79690077 	 0.00000000 	 0.00000000 	 2.12982838 	 16.02474190 	 0.00000000 	 0.00000000 	 0.00000000 	 0.00000000 	 0.00000000 	 0.00000000 	 0.00000000 	 0.00000000 	 0.00000000 	 0.00000000 	 0.00000000 	 0.00000000 	 0.00000000 	 0.00000000 	 0.00000000
1757 	 0.00255018 	 0.11365242 	 27.29509433 	 0.65015555 	 2.36318214 	 0.00000000 	 0.00000000 	 0.00000000 	 0.00000000 	 0.00000000 	 0.00000000 	 0.00000000 	 0.00000000 	 0.00000000 	 0.00000000 	 0.00000000 	 0.00000000 	 0.00000000 	 0.00000000 	 0.00000000 	 0.00000000 	 0.00000000 	 0.00000000 	 0.00000000 	 0.00000000 	 0.00000000 	 0.00000000 	 0.00000000 	 0.00000000 	 0.00000000 	 0.01445313 	 0.00000000 	 5.93574367 	 349.98281077 	 61.02547573 	 6.80221594 	 0.00000000 	 0.00000000 	 2.13381470 	 16.02925614 	 0.00000000 	 0.00000000 	 0.00000000 	 0.00000000 	 0.00000000 	 0.00000000 	 0.00000000 	 0.00000000 	 0.00000000 	 0.00000000 	 0.00000000 	 0.00000000 	 0.00000000 	 0.00000000 	 0.00000000
1758 	 0.00255111 	 0.11586671 	 27.40430040 	 0.65214596 	 2.37174606 	 0.00000000 	 0.00000000 	 0.00000000 	 0.00000000 	 0.00000000 	 0.00000000 	 0.00000000 	 0.00000000 	 0.00000000 	 0.00000000 	 0.00000000 	 0.00000000 	 0.00000000 	 0.00000000 	 0.00000000 	 0.00000000 	 0.00000000 	 0.00000000 	 0.00000000 	 0.00000000 	 0.00000000 	 0.00000000 	 0.00000000 	 0.00000000 	 0.00000000 	 0.01445313 	 0.00000000 	 5.93061909 	 351.23223174 	 61.27346521 	 6.83818949 	 0.00000000 	 0.00000000 	 2.13994363 	 16.12289030 	 0.00000000 	 0.00000000 	 0.00000000 	 0.00000000 	 0.00000000 	 0.00000000 	 0.00000000 	 0.00000000 	 0.00000000 	 0.00000000 	 0.00000000 	 0.00000000 	 0.00000000 	 0.00000000 	 0.00000000
1759 	 0.00255205 	 0.11812415 	 27.52721709 	 0.65626108 	 2.38802566 	 0.00000000 	 0.00000000 	 0.00000000 	 0.00000000 	 0.00000000 	 0.00000000 	 0.00000000 	 0.00000000 	 0.00000000 	 0.00000000 	 0.00000000 	 0.00000000 	 0.00000000 	 0.00000000 	 0.00000000 	 0.00000000 	 0.00000000 	 0.00000000 	 0.00000000 	 0.00000000 	 0.00000000 	 0.00000000 	 0.00000000 	 0.00000000 	 0.00000000 	 0.01445313 	 0.00000000 	 5.98176600 	 353.50524942 	 61.68382698 	 6.86928660 	 0.00000000 	 0.00000000 	 2.15411558 	 16.22354143 	 0.00000000 	 0.00000000 	 0.00000000 	 0.00000000 	 0.00000000 	 0.00000000 	 0.00000000 	 0.00000000 	 0.00000000 	 0.00000000 	 0.00000000 	 0.00000000 	 0.00000000 	 0.00000000 	 0.00000000
1760 	 0.00255205 	 0.12042556 	 27.53531550 	 0.65380914 	 2.37794099 	 0.00000000 	 0.00000000 	 0.00000000 	 0.00000000 	 0.00000000 	 0.00000000 	 0.00000000 	 0.00000000 	 0.00000000 	 0.00000000 	 0.00000000 	 0.00000000 	 0.00000000 	 0.00000000 	 0.00000000 	 0.00000000 	 0.00000000 	 0.00000000 	 0.00000000 	 0.00000000 	 0.00000000 	 0.00000000 	 0.00000000 	 0.00000000 	 0.00000000 	 0.01445313 	 0.00000000 	 5.92253450 	 352.16632524 	 61.43970918 	 6.87399083 	 0.00000000 	 0.00000000 	 2.14532168 	 16.18920277 	 0.00000000 	 0.00000000 	 0.00000000 	 0.00000000 	 0.00000000 	 0.00000000 	 0.00000000 	 0.00000000 	 0.00000000 	 0.00000000 	 0.00000000 	 0.00000000 	 0.00000000 	 0.00000000 	 0.00000000
1761 	 0.00279568 	 0.12277182 	 27.58244493 	 0.65283350 	 2.38470287 	 0.00000000 	 0.00000000 	 0.00000000 	 0.00000000 	 0.00000000 	 0.00000000 	 0.00000000 	 0.00000000 	 0.00000000 	 0.00000000 	 0.00000000 	 0.00000000 	 0.00000000 	 0.00000000 	 0.00000000 	 0.00000000 	 0.00000000 	 0.00000000 	 0.00000000 	 0.00000000 	 0.00000000 	 0.00000000 	 0.00000000 	 0.00000000 	 0.00000000 	 0.01445313 	 0.00000000 	 5.89038020 	 351.82601788 	 61.38151866 	 6.88699787 	 0.00000000 	 0.00000000 	 2.14354990 	 16.19389838 	 0.00000000 	 0.00000000 	 0.00000000 	 0.00000000 	 0.00000000 	 0.00000000 	 0.00000000 	 0.00000000 	 0.00000000 	 0.00000000 	 0.00000000 	 0.00000000 	 0.00000000 	 0.00000000 	 0.00000000
1762 	 0.00279661 	 0.12516379 	 27.52411916 	 0.64997766 	 2.37049299 	 0.00000000 	 0.00000000 	 0.00000000 	 0.00000000 	 0.00000000 	 0.00000000 	 0.00000000 	 0.00000000 	 0.00000000 	 0.00000000 	 0.00000000 	 0.00000000 	 0.00000000 	 0.00000000 	 0.00000000 	 0.00000000 	 0.00000000 	 0.00000000 	 0.00000000 	 0.00000000 	 0.00000000 	 0.00000000 	 0.00000000 	 0.00000000 	 0.00000000 	 0.01445313 	 0.00000000 	 5.87379439 	 349.92217694 	 60.98223415 	 6.85633914 	 0.00000000 	 0.00000000 	 2.13483742 	 16.07236119 	 0.00000000 	 0.00000000 	 0.00000000 	 0.00000000 	 0.00000000 	 0.00000000 	 0.00000000 	 0.00000000 	 0.00000000 	 0.00000000 	 0.00000000 	 0.00000000 	 0.00000000 	 0.00000000 	 0.00000000
1763 	 0.00279754 	 0.12760236 	 27.54056569 	 0.64969103 	 2.36873974 	 0.00000000 	 0.00000000 	 0.00000000 	 0.00000000 	 0.00000000 	 0.00000000 	 0.00000000 	 0.00000000 	 0.00000000 	 0.00000000 	 0.00000000 	 0.00000000 	 0.00000000 	 0.00000000 	 0.00000000 	 0.00000000 	 0.00000000 	 0.00000000 	 0.00000000 	 0.00000000 	 0.00000000 	 0.00000000 	 0.00000000 	 0.00000000 	 0.00000000 	 0.01445313 	 0.00000000 	 5.87597656 	 349.61743328 	 60.90020806 	 6.85227416 	 0.00000000 	 0.00000000 	 2.13446700 	 16.04607712 	 0.00000000 	 0.00000000 	 0.00000000 	 0.00000000 	 0.00000000 	 0.00000000 	 0.00000000 	 0.00000000 	 0.00000000 	 0.00000000 	 0.00000000 	 0.00000000 	 0.00000000 	 0.00000000 	 0.00000000
1764 	 0.00279848 	 0.13008844 	 27.53422671 	 0.64795602 	 2.36080201 	 0.00000000 	 0.00000000 	 0.00000000 	 0.00000000 	 0.00000000 	 0.00000000 	 0.00000000 	 0.00000000 	 0.00000000 	 0.00000000 	 0.00000000 	 0.00000000 	 0.00000000 	 0.00000000 	 0.00000000 	 0.00000000 	 0.00000000 	 0.00000000 	 0.00000000 	 0.00000000 	 0.00000000 	 0.00000000 	 0.00000000 	 0.00000000 	 0.00000000 	 0.01445313 	 0.00000000 	 5.85648902 	 348.54207136 	 60.67746702 	 6.84240788 	 0.00000000 	 0.00000000 	 2.12943806 	 15.98094179 	 0.00000000 	 0.00000000 	 0.00000000 	 0.00000000 	 0.00000000 	 0.00000000 	 0.00000000 	 0.00000000 	 0.00000000 	 0.00000000 	 0.00000000 	 0.00000000 	 0.00000000 	 0.00000000 	 0.00000000
1765 	 0.00279941 	 0.13262296 	 27.55600551 	 0.64840550 	 2.35934089 	 0.00000000 	 0.00000000 	 0.00000000 	 0.00000000 	 0.00000000 	 0.00000000 	 0.00000000 	 0.00000000 	 0.00000000 	 0.00000000 	 0.00000000 	 0.00000000 	 0.00000000 	 0.00000000 	 0.00000000 	 0.00000000 	 0.00000000 	 0.00000000 	 0.00000000 	 0.00000000 	 0.00000000 	 0.00000000 	 0.00000000 	 0.00000000 	 0.00000000 	 0.01445313 	 0.00000000 	 5.87919805 	 348.60545741 	 60.65260253 	 6.83604388 	 0.00000000 	 0.00000000 	 2.13201050 	 15.95734087 	 0.00000000 	 0.00000000 	 0.00000000 	 0.00000000 	 0.00000000 	 0.00000000 	 0.00000000 	 0.00000000 	 0.00000000 	 0.00000000 	 0.00000000 	 0.00000000 	 0.00000000 	 0.00000000 	 0.00000000
1766 	 0.00312332 	 0.13520685 	 27.69634219 	 0.65292348 	 2.38908231 	 0.00000000 	 0.00000000 	 0.00000000 	 0.00000000 	 0.00000000 	 0.00000000 	 0.00000000 	 0.00000000 	 0.00000000 	 0.00000000 	 0.00000000 	 0.00000000 	 0.00000000 	 0.00000000 	 0.00000000 	 0.00000000 	 0.00000000 	 0.00000000 	 0.00000000 	 0.00000000 	 0.00000000 	 0.00000000 	 0.00000000 	 0.00000000 	 0.00000000 	 0.01445313 	 0.00000000 	 5.93847181 	 351.15509160 	 61.10476978 	 6.86624455 	 0.00000000 	 0.00000000 	 2.14839640 	 16.06720836 	 0.00000000 	 0.00000000 	 0.00000000 	 0.00000000 	 0.00000000 	 0.00000000 	 0.00000000 	 0.00000000 	 0.00000000 	 0.00000000 	 0.00000000 	 0.00000000 	 0.00000000 	 0.00000000 	 0.00000000
1767 	 0.00312425 	 0.13784109 	 27.85190745 	 0.65747959 	 2.40808883 	 0.00000000 	 0.00000000 	 0.00000000 	 0.00000000 	 0.00000000 	 0.00000000 	 0.00000000 	 0.00000000 	 0.00000000 	 0.00000000 	 0.00000000 	 0.00000000 	 0.00000000 	 0.00000000 	 0.00000000 	 0.00000000 	 0.00000000 	 0.00000000 	 0.00000000 	 0.00000000 	 0.00000000 	 0.00000000 	 0.00000000 	 0.00000000 	 0.00000000 	 0.01445313 	 0.00000000 	 5.96447177 	 353.74135886 	 61.60952887 	 6.91713849 	 0.00000000 	 0.00000000 	 2.16204213 	 16.22394453 	 0.00000000 	 0.00000000 	 0.00000000 	 0.00000000 	 0.00000000 	 0.00000000 	 0.00000000 	 0.00000000 	 0.00000000 	 0.00000000 	 0.00000000 	 0.00000000 	 0.00000000 	 0.00000000 	 0.00000000
1768 	 0.00312518 	 0.14052666 	 27.90149822 	 0.65867857 	 2.41280726 	 0.00000000 	 0.00000000 	 0.00000000 	 0.00000000 	 0.00000000 	 0.00000000 	 0.00000000 	 0.00000000 	 0.00000000 	 0.00000000 	 0.00000000 	 0.00000000 	 0.00000000 	 0.00000000 	 0.00000000 	 0.00000000 	 0.00000000 	 0.00000000 	 0.00000000 	 0.00000000 	 0.00000000 	 0.00000000 	 0.00000000 	 0.00000000 	 0.00000000 	 0.01445313 	 0.00000000 	 5.97924978 	 354.21703348 	 61.67919351 	 6.92492869 	 0.00000000 	 0.00000000 	 2.16562339 	 16.23795090 	 0.00000000 	 0.00000000 	 0.00000000 	 0.00000000 	 0.00000000 	 0.00000000 	 0.00000000 	 0.00000000 	 0.00000000 	 0.00000000 	 0.00000000 	 0.00000000 	 0.00000000 	 0.00000000 	 0.00000000
1769 	 0.00312612 	 0.14326454 	 27.92113880 	 0.65835234 	 2.41163808 	 0.00000000 	 0.00000000 	 0.00000000 	 0.00000000 	 0.00000000 	 0.00000000 	 0.00000000 	 0.00000000 	 0.00000000 	 0.00000000 	 0.00000000 	 0.00000000 	 0.00000000 	 0.00000000 	 0.00000000 	 0.00000000 	 0.00000000 	 0.00000000 	 0.00000000 	 0.00000000 	 0.00000000 	 0.00000000 	 0.00000000 	 0.00000000 	 0.00000000 	 0.01445313 	 0.00000000 	 5.96620078 	 353.81012029 	 61.58610636 	 6.92496932 	 0.00000000 	 0.00000000 	 2.16332843 	 16.22978394 	 0.00000000 	 0.00000000 	 0.00000000 	 0.00000000 	 0.00000000 	 0.00000000 	 0.00000000 	 0.00000000 	 0.00000000 	 0.00000000 	 0.00000000 	 0.00000000 	 0.00000000 	 0.00000000 	 0.00000000
1770 	 0.00312705 	 0.14605577 	 27.90280625 	 0.65676202 	 2.40502055 	 0.00000000 	 0.00000000 	 0.00000000 	 0.00000000 	 0.00000000 	 0.00000000 	 0.00000000 	 0.00000000 	 0.00000000 	 0.00000000 	 0.00000000 	 0.00000000 	 0.00000000 	 0.00000000 	 0.00000000 	 0.00000000 	 0.00000000 	 0.00000000 	 0.00000000 	 0.00000000 	 0.00000000 	 0.00000000 	 0.00000000 	 0.00000000 	 0.00000000 	 0.01445313 	 0.00000000 	 5.94517188 	 352.61365840 	 61.33820831 	 6.91238107 	 0.00000000 	 0.00000000 	 2.15706243 	 16.16947936 	 0.00000000 	 0.00000000 	 0.00000000 	 0.00000000 	 0.00000000 	 0.00000000 	 0.00000000 	 0.00000000 	 0.00000000 	 0.00000000 	 0.00000000 	 0.00000000 	 0.00000000 	 0.00000000 	 0.00000000
1771 	 0.00346776 	 0.14890138 	 27.85994718 	 0.65157006 	 2.39248933 	 0.00000000 	 0.00000000 	 0.00000000 	 0.00000000 	 0.00000000 	 0.00000000 	 0.00000000 	 0.00000000 	 0.00000000 	 0.00000000 	 0.00000000 	 0.00000000 	 0.00000000 	 0.00000000 	 0.00000000 	 0.00000000 	 0.00000000 	 0.00000000 	 0.00000000 	 0.00000000 	 0.00000000 	 0.00000000 	 0.00000000 	 0.00000000 	 0.00000000 	 0.01445313 	 0.00000000 	 5.87092683 	 349.45625623 	 60.67326385 	 6.89997919 	 0.00000000 	 0.00000000 	 2.14192879 	 16.00498608 	 0.00000000 	 0.00000000 	 0.00000000 	 0.00000000 	 0.00000000 	 0.00000000 	 0.00000000 	 0.00000000 	 0.00000000 	 0.00000000 	 0.00000000 	 0.00000000 	 0.00000000 	 0.00000000 	 0.00000000
1772 	 0.00346869 	 0.15180243 	 27.97309534 	 0.65343057 	 2.39563284 	 0.00000000 	 0.00000000 	 0.00000000 	 0.00000000 	 0.00000000 	 0.00000000 	 0.00000000 	 0.00000000 	 0.00000000 	 0.00000000 	 0.00000000 	 0.00000000 	 0.00000000 	 0.00000000 	 0.00000000 	 0.00000000 	 0.00000000 	 0.00000000 	 0.00000000 	 0.00000000 	 0.00000000 	 0.00000000 	 0.00000000 	 0.00000000 	 0.00000000 	 0.01445313 	 0.00000000 	 5.86375148 	 350.15431720 	 60.76008696 	 6.94374904 	 0.00000000 	 0.00000000 	 2.14674413 	 16.03711154 	 0.00000000 	 0.00000000 	 0.00000000 	 0.00000000 	 0.00000000 	 0.00000000 	 0.00000000 	 0.00000000 	 0.00000000 	 0.00000000 	 0.00000000 	 0.00000000 	 0.00000000 	 0.00000000 	 0.00000000
1773 	 0.00346963 	 0.15476000 	 28.04479481 	 0.65365619 	 2.39195247 	 0.00000000 	 0.00000000 	 0.00000000 	 0.00000000 	 0.00000000 	 0.00000000 	 0.00000000 	 0.00000000 	 0.00000000 	 0.00000000 	 0.00000000 	 0.00000000 	 0.00000000 	 0.00000000 	 0.00000000 	 0.00000000 	 0.00000000 	 0.00000000 	 0.00000000 	 0.00000000 	 0.00000000 	 0.00000000 	 0.00000000 	 0.00000000 	 0.00000000 	 0.01445313 	 0.00000000 	 5.86063956 	 350.08122060 	 60.68076675 	 6.96666924 	 0.00000000 	 0.00000000 	 2.14922698 	 16.00818642 	 0.00000000 	 0.00000000 	 0.00000000 	 0.00000000 	 0.00000000 	 0.00000000 	 0.00000000 	 0.00000000 	 0.00000000 	 0.00000000 	 0.00000000 	 0.00000000 	 0.00000000 	 0.00000000 	 0.00000000
1774 	 0.00347056 	 0.15777520 	 28.14366888 	 0.65404077 	 2.39204695 	 0.00000000 	 0.00000000 	 0.00000000 	 0.00000000 	 0.00000000 	 0.00000000 	 0.00000000 	 0.00000000 	 0.00000000 	 0.00000000 	 0.00000000 	 0.00000000 	 0.00000000 	 0.00000000 	 0.00000000 	 0.00000000 	 0.00000000 	 0.00000000 	 0.00000000 	 0.00000000 	 0.00000000 	 0.00000000 	 0.00000000 	 0.00000000 	 0.00000000 	 0.01445313 	 0.00000000 	 5.84016123 	 350.27758078 	 60.67784767 	 7.00530623 	 0.00000000 	 0.00000000 	 2.15202017 	 16.01957486 	 0.00000000 	 0.00000000 	 0.00000000 	 0.00000000 	 0.00000000 	 0.00000000 	 0.00000000 	 0.00000000 	 0.00000000 	 0.00000000 	 0.00000000 	 0.00000000 	 0.00000000 	 0.00000000 	 0.00000000
1775 	 0.00347149 	 0.16084914 	 28.33261230 	 0.65849720 	 2.40775496 	 0.00000000 	 0.00000000 	 0.00000000 	 0.00000000 	 0.00000000 	 0.00000000 	 0.00000000 	 0.00000000 	 0.00000000 	 0.00000000 	 0.00000000 	 0.00000000 	 0.00000000 	 0.00000000 	 0.00000000 	 0.00000000 	 0.00000000 	 0.00000000 	 0.00000000 	 0.00000000 	 0.00000000 	 0.00000000 	 0.00000000 	 0.00000000 	 0.00000000 	 0.01445313 	 0.00000000 	 5.87808080 	 352.85302514 	 61.11725859 	 7.06804156 	 0.00000000 	 0.00000000 	 2.16919945 	 16.13318981 	 0.00000000 	 0.00000000 	 0.00000000 	 0.00000000 	 0.00000000 	 0.00000000 	 0.00000000 	 0.00000000 	 0.00000000 	 0.00000000 	 0.00000000 	 0.00000000 	 0.00000000 	 0.00000000 	 0.00000000
1776 	 0.00383087 	 0.16398297 	 28.54459529 	 0.66513609 	 2.44433895 	 0.00000000 	 0.00000000 	 0.00000000 	 0.00000000 	 0.00000000 	 0.00000000 	 0.00000000 	 0.00000000 	 0.00000000 	 0.00000000 	 0.00000000 	 0.00000000 	 0.00000000 	 0.00000000 	 0.00000000 	 0.00000000 	 0.00000000 	 0.00000000 	 0.00000000 	 0.00000000 	 0.00000000 	 0.00000000 	 0.00000000 	 0.00000000 	 0.00000000 	 0.01445313 	 0.00000000 	 5.94720690 	 356.28279174 	 61.69863108 	 7.13425257 	 0.00000000 	 0.00000000 	 2.19161033 	 16.27501648 	 0.00000000 	 0.00000000 	 0.00000000 	 0.00000000 	 0.00000000 	 0.00000000 	 0.00000000 	 0.00000000 	 0.00000000 	 0.00000000 	 0.00000000 	 0.00000000 	 0.00000000 	 0.00000000 	 0.00000000
1777 	 0.00383180 	 0.16717785 	 28.60652290 	 0.66410853 	 2.43714264 	 0.00000000 	 0.00000000 	 0.00000000 	 0.00000000 	 0.00000000 	 0.00000000 	 0.00000000 	 0.00000000 	 0.00000000 	 0.00000000 	 0.00000000 	 0.00000000 	 0.00000000 	 0.00000000 	 0.00000000 	 0.00000000 	 0.00000000 	 0.00000000 	 0.00000000 	 0.00000000 	 0.00000000 	 0.00000000 	 0.00000000 	 0.00000000 	 0.00000000 	 0.01445313 	 0.00000000 	 5.93874736 	 355.83635992 	 61.54182469 	 7.14865325 	 0.00000000 	 0.00000000 	 2.19309757 	 16.22713005 	 0.00000000 	 0.00000000 	 0.00000000 	 0.00000000 	 0.00000000 	 0.00000000 	 0.00000000 	 0.00000000 	 0.00000000 	 0.00000000 	 0.00000000 	 0.00000000 	 0.00000000 	 0.00000000 	 0.00000000
1778 	 0.00383274 	 0.17043498 	 28.76306809 	 0.66622832 	 2.44422846 	 0.00000000 	 0.00000000 	 0.00000000 	 0.00000000 	 0.00000000 	 0.00000000 	 0.00000000 	 0.00000000 	 0.00000000 	 0.00000000 	 0.00000000 	 0.00000000 	 0.00000000 	 0.00000000 	 0.00000000 	 0.00000000 	 0.00000000 	 0.00000000 	 0.00000000 	 0.00000000 	 0.00000000 	 0.00000000 	 0.00000000 	 0.00000000 	 0.00000000 	 0.01445313 	 0.00000000 	 5.92401172 	 357.13721533 	 61.76307726 	 7.20879620 	 0.00000000 	 0.00000000 	 2.20112325 	 16.31375677 	 0.00000000 	 0.00000000 	 0.00000000 	 0.00000000 	 0.00000000 	 0.00000000 	 0.00000000 	 0.00000000 	 0.00000000 	 0.00000000 	 0.00000000 	 0.00000000 	 0.00000000 	 0.00000000 	 0.00000000
1779 	 0.00383367 	 0.17375558 	 28.92984717 	 0.67044115 	 2.46050388 	 0.00000000 	 0.00000000 	 0.00000000 	 0.00000000 	 0.00000000 	 0.00000000 	 0.00000000 	 0.00000000 	 0.00000000 	 0.00000000 	 0.00000000 	 0.00000000 	 0.00000000 	 0.00000000 	 0.00000000 	 0.00000000 	 0.00000000 	 0.00000000 	 0.00000000 	 0.00000000 	 0.00000000 	 0.00000000 	 0.00000000 	 0.00000000 	 0.00000000 	 0.01445313 	 0.00000000 	 5.96751979 	 359.42730325 	 62.13728226 	 7.26208038 	 0.00000000 	 0.00000000 	 2.21714772 	 16.40335386 	 0.00000000 	 0.00000000 	 0.00000000 	 0.00000000 	 0.00000000 	 0.00000000 	 0.00000000 	 0.00000000 	 0.00000000 	 0.00000000 	 0.00000000 	 0.00000000 	 0.00000000 	 0.00000000 	 0.00000000
1780 	 0.00385487 	 0.17714086 	 29.02755288 	 0.67020127 	 2.45626789 	 0.00000000 	 0.00000000 	 0.00000000 	 0.00000000 	 0.00000000 	 0.00000000 	 0.00000000 	 0.00000000 	 0.00000000 	 0.00000000 	 0.00000000 	 0.00000000 	 0.00000000 	 0.00000000 	 0.00000000 	 0.00000000 	 0.00000000 	 0.00000000 	 0.00000000 	 0.00000000 	 0.00000000 	 0.00000000 	 0.00000000 	 0.00000000 	 0.00000000 	 0.01445313 	 0.00000000 	 5.92310330 	 359.24633767 	 62.07369287 	 7.30346811 	 0.00000000 	 0.00000000 	 2.21652247 	 16.41514582 	 0.00000000 	 0.00000000 	 0.00000000 	 0.00000000 	 0.00000000 	 0.00000000 	 0.00000000 	 0.00000000 	 0.00000000 	 0.00000000 	 0.00000000 	 0.00000000 	 0.00000000 	 0.00000000 	 0.00000000
1781 	 0.00430968 	 0.18059210 	 29.04083790 	 0.66662596 	 2.46030527 	 0.00000000 	 0.00000000 	 0.00000000 	 0.00000000 	 0.00000000 	 0.00000000 	 0.00000000 	 0.00000000 	 0.00000000 	 0.00000000 	 0.00000000 	 0.00000000 	 0.00000000 	 0.00000000 	 0.00000000 	 0.00000000 	 0.00000000 	 0.00000000 	 0.00000000 	 0.00000000 	 0.00000000 	 0.00000000 	 0.00000000 	 0.00000000 	 0.00000000 	 0.01445313 	 0.00000000 	 5.85215633 	 357.46026391 	 61.73172745 	 7.30649709 	 0.00000000 	 0.00000000 	 2.20694713 	 16.35622193 	 0.00000000 	 0.00000000 	 0.00000000 	 0.00000000 	 0.00000000 	 0.00000000 	 0.00000000 	 0.00000000 	 0.00000000 	 0.00000000 	 0.00000000 	 0.00000000 	 0.00000000 	 0.00000000 	 0.00000000
1782 	 0.00431114 	 0.18411058 	 29.03171027 	 0.66505441 	 2.45171332 	 0.00000000 	 0.00000000 	 0.00000000 	 0.00000000 	 0.00000000 	 0.00000000 	 0.00000000 	 0.00000000 	 0.00000000 	 0.00000000 	 0.00000000 	 0.00000000 	 0.00000000 	 0.00000000 	 0.00000000 	 0.00000000 	 0.00000000 	 0.00000000 	 0.00000000 	 0.00000000 	 0.00000000 	 0.00000000 	 0.00000000 	 0.00000000 	 0.00000000 	 0.01445313 	 0.00000000 	 5.84251254 	 356.30661454 	 61.47168273 	 7.29390917 	 0.00000000 	 0.00000000 	 2.20262143 	 16.27597113 	 0.00000000 	 0.00000000 	 0.00000000 	 0.00000000 	 0.00000000 	 0.00000000 	 0.00000000 	 0.00000000 	 0.00000000 	 0.00000000 	 0.00000000 	 0.00000000 	 0.00000000 	 0.00000000 	 0.00000000
1783 	 0.00431352 	 0.18769762 	 29.03671487 	 0.66373359 	 2.44692677 	 0.00000000 	 0.00000000 	 0.00000000 	 0.00000000 	 0.00000000 	 0.00000000 	 0.00000000 	 0.00000000 	 0.00000000 	 0.00000000 	 0.00000000 	 0.00000000 	 0.00000000 	 0.00000000 	 0.00000000 	 0.00000000 	 0.00000000 	 0.00000000 	 0.00000000 	 0.00000000 	 0.00000000 	 0.00000000 	 0.00000000 	 0.00000000 	 0.00000000 	 0.01445313 	 0.00000000 	 5.82702863 	 355.33104000 	 61.25070128 	 7.28682599 	 0.00000000 	 0.00000000 	 2.19858160 	 16.22081754 	 0.00000000 	 0.00000000 	 0.00000000 	 0.00000000 	 0.00000000 	 0.00000000 	 0.00000000 	 0.00000000 	 0.00000000 	 0.00000000 	 0.00000000 	 0.00000000 	 0.00000000 	 0.00000000 	 0.00000000
1784 	 0.00431393 	 0.19135454 	 29.04454406 	 0.66181566 	 2.43699671 	 0.00000000 	 0.00000000 	 0.00000000 	 0.00000000 	 0.00000000 	 0.00000000 	 0.00000000 	 0.00000000 	 0.00000000 	 0.00000000 	 0.00000000 	 0.00000000 	 0.00000000 	 0.00000000 	 0.00000000 	 0.00000000 	 0.00000000 	 0.00000000 	 0.00000000 	 0.00000000 	 0.00000000 	 0.00000000 	 0.00000000 	 0.00000000 	 0.00000000 	 0.01445313 	 0.00000000 	 5.79773896 	 354.13660225 	 60.99868628 	 7.28305819 	 0.00000000 	 0.00000000 	 2.19295082 	 16.15464089 	 0.00000000 	 0.00000000 	 0.00000000 	 0.00000000 	 0.00000000 	 0.00000000 	 0.00000000 	 0.00000000 	 0.00000000 	 0.00000000 	 0.00000000 	 0.00000000 	 0.00000000 	 0.00000000 	 0.00000000
1785 	 0.00431809 	 0.19508270 	 29.10043392 	 0.66316252 	 2.44062030 	 0.00000000 	 0.00000000 	 0.00000000 	 0.00000000 	 0.00000000 	 0.00000000 	 0.00000000 	 0.00000000 	 0.00000000 	 0.00000000 	 0.00000000 	 0.00000000 	 0.00000000 	 0.00000000 	 0.00000000 	 0.00000000 	 0.00000000 	 0.00000000 	 0.00000000 	 0.00000000 	 0.00000000 	 0.00000000 	 0.00000000 	 0.00000000 	 0.00000000 	 0.01445313 	 0.00000000 	 5.82531237 	 354.66849422 	 61.05593380 	 7.28933998 	 0.00000000 	 0.00000000 	 2.19842241 	 16.15594805 	 0.00000000 	 0.00000000 	 0.00000000 	 0.00000000 	 0.00000000 	 0.00000000 	 0.00000000 	 0.00000000 	 0.00000000 	 0.00000000 	 0.00000000 	 0.00000000 	 0.00000000 	 0.00000000 	 0.00000000
1786 	 0.00490068 	 0.19888351 	 29.29479053 	 0.66931537 	 2.48571001 	 0.00000000 	 0.00000000 	 0.00000000 	 0.00000000 	 0.00000000 	 0.00000000 	 0.00000000 	 0.00000000 	 0.00000000 	 0.00000000 	 0.00000000 	 0.00000000 	 0.00000000 	 0.00000000 	 0.00000000 	 0.00000000 	 0.00000000 	 0.00000000 	 0.00000000 	 0.00000000 	 0.00000000 	 0.00000000 	 0.00000000 	 0.00000000 	 0.00000000 	 0.01445313 	 0.00000000 	 5.90220322 	 358.13660893 	 61.66787625 	 7.33546044 	 0.00000000 	 0.00000000 	 2.22097428 	 16.30642448 	 0.00000000 	 0.00000000 	 0.00000000 	 0.00000000 	 0.00000000 	 0.00000000 	 0.00000000 	 0.00000000 	 0.00000000 	 0.00000000 	 0.00000000 	 0.00000000 	 0.00000000 	 0.00000000 	 0.00000000
1787 	 0.00490289 	 0.20275836 	 29.46329499 	 0.67396625 	 2.50452521 	 0.00000000 	 0.00000000 	 0.00000000 	 0.00000000 	 0.00000000 	 0.00000000 	 0.00000000 	 0.00000000 	 0.00000000 	 0.00000000 	 0.00000000 	 0.00000000 	 0.00000000 	 0.00000000 	 0.00000000 	 0.00000000 	 0.00000000 	 0.00000000 	 0.00000000 	 0.00000000 	 0.00000000 	 0.00000000 	 0.00000000 	 0.00000000 	 0.00000000 	 0.01445313 	 0.00000000 	 5.92501434 	 360.69234745 	 62.15560029 	 7.39110605 	 0.00000000 	 0.00000000 	 2.23469517 	 16.46225924 	 0.00000000 	 0.00000000 	 0.00000000 	 0.00000000 	 0.00000000 	 0.00000000 	 0.00000000 	 0.00000000 	 0.00000000 	 0.00000000 	 0.00000000 	 0.00000000 	 0.00000000 	 0.00000000 	 0.00000000
1788 	 0.00490399 	 0.20670871 	 29.57264067 	 0.67716098 	 2.51358526 	 0.00000000 	 0.00000000 	 0.00000000 	 0.00000000 	 0.00000000 	 0.00000000 	 0.00000000 	 0.00000000 	 0.00000000 	 0.00000000 	 0.00000000 	 0.00000000 	 0.00000000 	 0.00000000 	 0.00000000 	 0.00000000 	 0.00000000 	 0.00000000 	 0.00000000 	 0.00000000 	 0.00000000 	 0.00000000 	 0.00000000 	 0.00000000 	 0.00000000 	 0.01445313 	 0.00000000 	 5.96005898 	 362.28849965 	 62.42970671 	 7.41870080 	 0.00000000 	 0.00000000 	 2.24617977 	 16.53021965 	 0.00000000 	 0.00000000 	 0.00000000 	 0.00000000 	 0.00000000 	 0.00000000 	 0.00000000 	 0.00000000 	 0.00000000 	 0.00000000 	 0.00000000 	 0.00000000 	 0.00000000 	 0.00000000 	 0.00000000
1789 	 0.00490551 	 0.21073602 	 29.64065281 	 0.67858306 	 2.51794105 	 0.00000000 	 0.00000000 	 0.00000000 	 0.00000000 	 0.00000000 	 0.00000000 	 0.00000000 	 0.00000000 	 0.00000000 	 0.00000000 	 0.00000000 	 0.00000000 	 0.00000000 	 0.00000000 	 0.00000000 	 0.00000000 	 0.00000000 	 0.00000000 	 0.00000000 	 0.00000000 	 0.00000000 	 0.00000000 	 0.00000000 	 0.00000000 	 0.00000000 	 0.01445313 	 0.00000000 	 5.96639291 	 362.79671915 	 62.49761226 	 7.43397842 	 0.00000000 	 0.00000000 	 2.24970099 	 16.56203570 	 0.00000000 	 0.00000000 	 0.00000000 	 0.00000000 	 0.00000000 	 0.00000000 	 0.00000000 	 0.00000000 	 0.00000000 	 0.00000000 	 0.00000000 	 0.00000000 	 0.00000000 	 0.00000000 	 0.00000000
1790 	 0.00490824 	 0.21484180 	 29.64521971 	 0.67776786 	 2.51396709 	 0.00000000 	 0.00000000 	 0.00000000 	 0.00000000 	 0.00000000 	 0.00000000 	 0.00000000 	 0.00000000 	 0.00000000 	 0.00000000 	 0.00000000 	 0.00000000 	 0.00000000 	 0.00000000 	 0.00000000 	 0.00000000 	 0.00000000 	 0.00000000 	 0.00000000 	 0.00000000 	 0.00000000 	 0.00000000 	 0.00000000 	 0.00000000 	 0.00000000 	 0.01445313 	 0.00000000 	 5.95588446 	 361.94069644 	 62.29838519 	 7.42781068 	 0.00000000 	 0.00000000 	 2.24616962 	 16.51180045 	 0.00000000 	 0.00000000 	 0.00000000 	 0.00000000 	 0.00000000 	 0.00000000 	 0.00000000 	 0.00000000 	 0.00000000 	 0.00000000 	 0.00000000 	 0.00000000 	 0.00000000 	 0.00000000 	 0.00000000
1791 	 0.00548108 	 0.21902757 	 29.54584849 	 0.67153104 	 2.50916164 	 0.00000000 	 0.00000000 	 0.00000000 	 0.00000000 	 0.00000000 	 0.00000000 	 0.00000000 	 0.00000000 	 0.00000000 	 0.00000000 	 0.00000000 	 0.00000000 	 0.00000000 	 0.00000000 	 0.00000000 	 0.00000000 	 0.00000000 	 0.00000000 	 0.00000000 	 0.00000000 	 0.00000000 	 0.00000000 	 0.00000000 	 0.00000000 	 0.00000000 	 0.01445313 	 0.00000000 	 5.88256694 	 358.32257764 	 61.58912938 	 7.37798999 	 0.00000000 	 0.00000000 	 2.22772109 	 16.34204885 	 0.00000000 	 0.00000000 	 0.00000000 	 0.00000000 	 0.00000000 	 0.00000000 	 0.00000000 	 0.00000000 	 0.00000000 	 0.00000000 	 0.00000000 	 0.00000000 	 0.00000000 	 0.00000000 	 0.00000000
1792 	 0.00559506 	 0.22329489 	 29.60778123 	 0.67254467 	 2.51926514 	 0.00000000 	 0.00000000 	 0.00000000 	 0.00000000 	 0.00000000 	 0.00000000 	 0.00000000 	 0.00000000 	 0.00000000 	 0.00000000 	 0.00000000 	 0.00000000 	 0.00000000 	 0.00000000 	 0.00000000 	 0.00000000 	 0.00000000 	 0.00000000 	 0.00000000 	 0.00000000 	 0.00000000 	 0.00000000 	 0.00000000 	 0.00000000 	 0.00000000 	 0.01445313 	 0.00000000 	 5.87967760 	 358.73398811 	 61.66936893 	 7.38726787 	 0.00000000 	 0.00000000 	 2.23016392 	 16.37749919 	 0.00000000 	 0.00000000 	 0.00000000 	 0.00000000 	 0.00000000 	 0.00000000 	 0.00000000 	 0.00000000 	 0.00000000 	 0.00000000 	 0.00000000 	 0.00000000 	 0.00000000 	 0.00000000 	 0.00000000
1793 	 0.00560189 	 0.22764535 	 29.62160581 	 0.67157623 	 2.51517797 	 0.00000000 	 0.00000000 	 0.00000000 	 0.00000000 	 0.00000000 	 0.00000000 	 0.00000000 	 0.00000000 	 0.00000000 	 0.00000000 	 0.00000000 	 0.00000000 	 0.00000000 	 0.00000000 	 0.00000000 	 0.00000000 	 0.00000000 	 0.00000000 	 0.00000000 	 0.00000000 	 0.00000000 	 0.00000000 	 0.00000000 	 0.00000000 	 0.00000000 	 0.01445313 	 0.00000000 	 5.87373433 	 358.17715209 	 61.55046424 	 7.37505237 	 0.00000000 	 0.00000000 	 2.22884278 	 16.34532816 	 0.00000000 	 0.00000000 	 0.00000000 	 0.00000000 	 0.00000000 	 0.00000000 	 0.00000000 	 0.00000000 	 0.00000000 	 0.00000000 	 0.00000000 	 0.00000000 	 0.00000000 	 0.00000000 	 0.00000000
1794 	 0.00559314 	 0.23208058 	 29.65864460 	 0.67047711 	 2.51231726 	 0.00000000 	 0.00000000 	 0.00000000 	 0.00000000 	 0.00000000 	 0.00000000 	 0.00000000 	 0.00000000 	 0.00000000 	 0.00000000 	 0.00000000 	 0.00000000 	 0.00000000 	 0.00000000 	 0.00000000 	 0.00000000 	 0.00000000 	 0.00000000 	 0.00000000 	 0.00000000 	 0.00000000 	 0.00000000 	 0.00000000 	 0.00000000 	 0.00000000 	 0.01445313 	 0.00000000 	 5.84323895 	 357.72978390 	 61.48153449 	 7.37864041 	 0.00000000 	 0.00000000 	 2.22659759 	 16.35054337 	 0.00000000 	 0.00000000 	 0.00000000 	 0.00000000 	 0.00000000 	 0.00000000 	 0.00000000 	 0.00000000 	 0.00000000 	 0.00000000 	 0.00000000 	 0.00000000 	 0.00000000 	 0.00000000 	 0.00000000
1795 	 0.00559678 	 0.23660221 	 29.78282605 	 0.67324868 	 2.52464740 	 0.00000000 	 0.00000000 	 0.00000000 	 0.00000000 	 0.00000000 	 0.00000000 	 0.00000000 	 0.00000000 	 0.00000000 	 0.00000000 	 0.00000000 	 0.00000000 	 0.00000000 	 0.00000000 	 0.00000000 	 0.00000000 	 0.00000000 	 0.00000000 	 0.00000000 	 0.00000000 	 0.00000000 	 0.00000000 	 0.00000000 	 0.00000000 	 0.00000000 	 0.01445313 	 0.00000000 	 5.87012495 	 359.57218537 	 61.83656363 	 7.40467526 	 0.00000000 	 0.00000000 	 2.23838481 	 16.45148332 	 0.00000000 	 0.00000000 	 0.00000000 	 0.00000000 	 0.00000000 	 0.00000000 	 0.00000000 	 0.00000000 	 0.00000000 	 0.00000000 	 0.00000000 	 0.00000000 	 0.00000000 	 0.00000000 	 0.00000000
1796 	 0.00586358 	 0.24121194 	 29.93053410 	 0.67859846 	 2.55506277 	 0.00000000 	 0.00000000 	 0.00000000 	 0.00000000 	 0.00000000 	 0.00000000 	 0.00000000 	 0.00000000 	 0.00000000 	 0.00000000 	 0.00000000 	 0.00000000 	 0.00000000 	 0.00000000 	 0.00000000 	 0.00000000 	 0.00000000 	 0.00000000 	 0.00000000 	 0.00000000 	 0.00000000 	 0.00000000 	 0.00000000 	 0.00000000 	 0.00000000 	 0.01445313 	 0.00000000 	 5.93672288 	 362.43642178 	 62.36242364 	 7.43386298 	 0.00000000 	 0.00000000 	 2.25642166 	 16.58441594 	 0.00000000 	 0.00000000 	 0.00000000 	 0.00000000 	 0.00000000 	 0.00000000 	 0.00000000 	 0.00000000 	 0.00000000 	 0.00000000 	 0.00000000 	 0.00000000 	 0.00000000 	 0.00000000 	 0.00000000
1797 	 0.00615589 	 0.24591148 	 29.96080358 	 0.67726314 	 2.56133274 	 0.00000000 	 0.00000000 	 0.00000000 	 0.00000000 	 0.00000000 	 0.00000000 	 0.00000000 	 0.00000000 	 0.00000000 	 0.00000000 	 0.00000000 	 0.00000000 	 0.00000000 	 0.00000000 	 0.00000000 	 0.00000000 	 0.00000000 	 0.00000000 	 0.00000000 	 0.00000000 	 0.00000000 	 0.00000000 	 0.00000000 	 0.00000000 	 0.00000000 	 0.01445313 	 0.00000000 	 5.93071142 	 361.99124831 	 62.25714375 	 7.42105471 	 0.00000000 	 0.00000000 	 2.25686541 	 16.56180097 	 0.00000000 	 0.00000000 	 0.00000000 	 0.00000000 	 0.00000000 	 0.00000000 	 0.00000000 	 0.00000000 	 0.00000000 	 0.00000000 	 0.00000000 	 0.00000000 	 0.00000000 	 0.00000000 	 0.00000000
1798 	 0.00641187 	 0.25070258 	 30.05611196 	 0.67811603 	 2.57673582 	 0.00000000 	 0.00000000 	 0.00000000 	 0.00000000 	 0.00000000 	 0.00000000 	 0.00000000 	 0.00000000 	 0.00000000 	 0.00000000 	 0.00000000 	 0.00000000 	 0.00000000 	 0.00000000 	 0.00000000 	 0.00000000 	 0.00000000 	 0.00000000 	 0.00000000 	 0.00000000 	 0.00000000 	 0.00000000 	 0.00000000 	 0.00000000 	 0.00000000 	 0.01445313 	 0.00000000 	 5.91453794 	 362.71031333 	 62.41161921 	 7.44255301 	 0.00000000 	 0.00000000 	 2.26101547 	 16.63619431 	 0.00000000 	 0.00000000 	 0.00000000 	 0.00000000 	 0.00000000 	 0.00000000 	 0.00000000 	 0.00000000 	 0.00000000 	 0.00000000 	 0.00000000 	 0.00000000 	 0.00000000 	 0.00000000 	 0.00000000
1799 	 0.00675394 	 0.25558703 	 30.17050735 	 0.68160881 	 2.60094091 	 0.00000000 	 0.00000000 	 0.00000000 	 0.00000000 	 0.00000000 	 0.00000000 	 0.00000000 	 0.00000000 	 0.00000000 	 0.00000000 	 0.00000000 	 0.00000000 	 0.00000000 	 0.00000000 	 0.00000000 	 0.00000000 	 0.00000000 	 0.00000000 	 0.00000000 	 0.00000000 	 0.00000000 	 0.00000000 	 0.00000000 	 0.00000000 	 0.00000000 	 0.01445313 	 0.00000000 	 5.96703614 	 364.70287220 	 62.76592920 	 7.45773350 	 0.00000000 	 0.00000000 	 2.27516064 	 16.72355495 	 0.00000000 	 0.00000000 	 0.00000000 	 0.00000000 	 0.00000000 	 0.00000000 	 0.00000000 	 0.00000000 	 0.00000000 	 0.00000000 	 0.00000000 	 0.00000000 	 0.00000000 	 0.00000000 	 0.00000000
1800 	 0.00718811 	 0.26056664 	 30.22739618 	 0.68082640 	 2.61478090 	 0.00000000 	 0.00000000 	 0.00000000 	 0.00000000 	 0.00000000 	 0.00000000 	 0.00000000 	 0.00000000 	 0.00000000 	 0.00000000 	 0.00000000 	 0.00000000 	 0.00000000 	 0.00000000 	 0.00000000 	 0.00000000 	 0.00000000 	 0.00000000 	 0.00000000 	 0.00000000 	 0.00000000 	 0.00000000 	 0.00000000 	 0.00000000 	 0.00000000 	 0.01445313 	 0.00000000 	 5.92716000 	 364.36789655 	 62.71912109 	 7.46706718 	 0.00000000 	 0.00000000 	 2.27282297 	 16.74820115 	 0.00000000 	 0.00000000 	 0.00000000 	 0.00000000 	 0.00000000 	 0.00000000 	 0.00000000 	 0.00000000 	 0.00000000 	 0.00000000 	 0.00000000 	 0.00000000 	 0.00000000 	 0.00000000 	 0.00000000
1801 	 0.00719409 	 0.26564327 	 30.27434949 	 0.67801516 	 2.60145491 	 0.00000000 	 0.00000000 	 0.00000000 	 0.00000000 	 0.00000000 	 0.00000000 	 0.00000000 	 0.00000000 	 0.00000000 	 0.00000000 	 0.00000000 	 0.00000000 	 0.00000000 	 0.00000000 	 0.00000000 	 0.00000000 	 0.00000000 	 0.00000000 	 0.00000000 	 0.00000000 	 0.00000000 	 0.00000000 	 0.00000000 	 0.00000000 	 0.00000000 	 0.01445313 	 0.00000000 	 5.85250833 	 362.72699093 	 62.38367831 	 7.49004772 	 0.00000000 	 0.00000000 	 2.26521896 	 16.69798981 	 0.00000000 	 0.00000000 	 0.00000000 	 0.00000000 	 0.00000000 	 0.00000000 	 0.00000000 	 0.00000000 	 0.00000000 	 0.00000000 	 0.00000000 	 0.00000000 	 0.00000000 	 0.00000000 	 0.00000000
1802 	 0.00925674 	 0.27081881 	 30.34285632 	 0.67762228 	 2.63465017 	 0.00000000 	 0.00000000 	 0.00000000 	 0.00000000 	 0.00000000 	 0.00000000 	 0.00000000 	 0.00000000 	 0.00000000 	 0.00000000 	 0.00000000 	 0.00000000 	 0.00000000 	 0.00000000 	 0.00000000 	 0.00000000 	 0.00000000 	 0.00000000 	 0.00000000 	 0.00000000 	 0.00000000 	 0.00000000 	 0.00000000 	 0.00000000 	 0.00000000 	 0.01445313 	 0.00000000 	 5.85138683 	 362.09804994 	 62.18384593 	 7.49846782 	 0.00000000 	 0.00000000 	 2.26762599 	 16.63451246 	 0.00000000 	 0.00000000 	 0.00000000 	 0.00000000 	 0.00000000 	 0.00000000 	 0.00000000 	 0.00000000 	 0.00000000 	 0.00000000 	 0.00000000 	 0.00000000 	 0.00000000 	 0.00000000 	 0.00000000
1803 	 0.00813235 	 0.27609518 	 30.39972704 	 0.67771594 	 2.62489215 	 0.00000000 	 0.00000000 	 0.00000000 	 0.00000000 	 0.00000000 	 0.00000000 	 0.00000000 	 0.00000000 	 0.00000000 	 0.00000000 	 0.00000000 	 0.00000000 	 0.00000000 	 0.00000000 	 0.00000000 	 0.00000000 	 0.00000000 	 0.00000000 	 0.00000000 	 0.00000000 	 0.00000000 	 0.00000000 	 0.00000000 	 0.00000000 	 0.00000000 	 0.01445313 	 0.00000000 	 5.84121501 	 361.74866867 	 62.04454383 	 7.51571917 	 0.00000000 	 0.00000000 	 2.26910129 	 16.60901337 	 0.00000000 	 0.00000000 	 0.00000000 	 0.00000000 	 0.00000000 	 0.00000000 	 0.00000000 	 0.00000000 	 0.00000000 	 0.00000000 	 0.00000000 	 0.00000000 	 0.00000000 	 0.00000000 	 0.00000000
1804 	 0.00880477 	 0.28147435 	 30.50068451 	 0.67796537 	 2.63412217 	 0.00000000 	 0.00000000 	 0.00000000 	 0.00000000 	 0.00000000 	 0.00000000 	 0.00000000 	 0.00000000 	 0.00000000 	 0.00000000 	 0.00000000 	 0.00000000 	 0.00000000 	 0.00000000 	 0.00000000 	 0.00000000 	 0.00000000 	 0.00000000 	 0.00000000 	 0.00000000 	 0.00000000 	 0.00000000 	 0.00000000 	 0.00000000 	 0.00000000 	 0.01445313 	 0.00000000 	 5.82693172 	 361.68057361 	 61.96559177 	 7.54267776 	 0.00000000 	 0.00000000 	 2.27308747 	 16.59252119 	 0.00000000 	 0.00000000 	 0.00000000 	 0.00000000 	 0.00000000 	 0.00000000 	 0.00000000 	 0.00000000 	 0.00000000 	 0.00000000 	 0.00000000 	 0.00000000 	 0.00000000 	 0.00000000 	 0.00000000
1805 	 0.00861149 	 0.28695832 	 30.59716324 	 0.68013092 	 2.64372546 	 0.00000000 	 0.00000000 	 0.00000000 	 0.00000000 	 0.00000000 	 0.00000000 	 0.00000000 	 0.00000000 	 0.00000000 	 0.00000000 	 0.00000000 	 0.00000000 	 0.00000000 	 0.00000000 	 0.00000000 	 0.00000000 	 0.00000000 	 0.00000000 	 0.00000000 	 0.00000000 	 0.00000000 	 0.00000000 	 0.00000000 	 0.00000000 	 0.00000000 	 0.01445313 	 0.00000000 	 5.85477522 	 362.45870957 	 62.04585056 	 7.56980304 	 0.00000000 	 0.00000000 	 2.28167986 	 16.60364637 	 0.00000000 	 0.00000000 	 0.00000000 	 0.00000000 	 0.00000000 	 0.00000000 	 0.00000000 	 0.00000000 	 0.00000000 	 0.00000000 	 0.00000000 	 0.00000000 	 0.00000000 	 0.00000000 	 0.00000000
1806 	 0.00905422 	 0.29254914 	 30.85573289 	 0.68814995 	 2.68833162 	 0.00000000 	 0.00000000 	 0.00000000 	 0.00000000 	 0.00000000 	 0.00000000 	 0.00000000 	 0.00000000 	 0.00000000 	 0.00000000 	 0.00000000 	 0.00000000 	 0.00000000 	 0.00000000 	 0.00000000 	 0.00000000 	 0.00000000 	 0.00000000 	 0.00000000 	 0.00000000 	 0.00000000 	 0.00000000 	 0.00000000 	 0.00000000 	 0.00000000 	 0.01445313 	 0.00000000 	 5.94566783 	 366.76264917 	 62.78957447 	 7.64317592 	 0.00000000 	 0.00000000 	 2.31100462 	 16.78931141 	 0.00000000 	 0.00000000 	 0.00000000 	 0.00000000 	 0.00000000 	 0.00000000 	 0.00000000 	 0.00000000 	 0.00000000 	 0.00000000 	 0.00000000 	 0.00000000 	 0.00000000 	 0.00000000 	 0.00000000
1807 	 0.00939208 	 0.29824889 	 31.06682556 	 0.69344817 	 2.71844738 	 0.00000000 	 0.00000000 	 0.00000000 	 0.00000000 	 0.00000000 	 0.00000000 	 0.00000000 	 0.00000000 	 0.00000000 	 0.00000000 	 0.00000000 	 0.00000000 	 0.00000000 	 0.00000000 	 0.00000000 	 0.00000000 	 0.00000000 	 0.00000000 	 0.00000000 	 0.00000000 	 0.00000000 	 0.00000000 	 0.00000000 	 0.00000000 	 0.00000000 	 0.01445313 	 0.00000000 	 5.96631916 	 369.44109401 	 63.26585432 	 7.71666878 	 0.00000000 	 0.00000000 	 2.32760909 	 16.94694858 	 0.00000000 	 0.00000000 	 0.00000000 	 0.00000000 	 0.00000000 	 0.00000000 	 0.00000000 	 0.00000000 	 0.00000000 	 0.00000000 	 0.00000000 	 0.00000000 	 0.00000000 	 0.00000000 	 0.00000000
1808 	 0.00908813 	 0.30405968 	 31.22564010 	 0.69790337 	 2.72049106 	 0.00000000 	 0.00000000 	 0.00000000 	 0.00000000 	 0.00000000 	 0.00000000 	 0.00000000 	 0.00000000 	 0.00000000 	 0.00000000 	 0.00000000 	 0.00000000 	 0.00000000 	 0.00000000 	 0.00000000 	 0.00000000 	 0.00000000 	 0.00000000 	 0.00000000 	 0.00000000 	 0.00000000 	 0.00000000 	 0.00000000 	 0.00000000 	 0.00000000 	 0.01445313 	 0.00000000 	 6.00199442 	 371.47188999 	 63.60078974 	 7.76950857 	 0.00000000 	 0.00000000 	 2.34185375 	 17.03658717 	 0.00000000 	 0.00000000 	 0.00000000 	 0.00000000 	 0.00000000 	 0.00000000 	 0.00000000 	 0.00000000 	 0.00000000 	 0.00000000 	 0.00000000 	 0.00000000 	 0.00000000 	 0.00000000 	 0.00000000
1809 	 0.00909398 	 0.30998369 	 31.34600122 	 0.70067269 	 2.72689475 	 0.00000000 	 0.00000000 	 0.00000000 	 0.00000000 	 0.00000000 	 0.00000000 	 0.00000000 	 0.00000000 	 0.00000000 	 0.00000000 	 0.00000000 	 0.00000000 	 0.00000000 	 0.00000000 	 0.00000000 	 0.00000000 	 0.00000000 	 0.00000000 	 0.00000000 	 0.00000000 	 0.00000000 	 0.00000000 	 0.00000000 	 0.00000000 	 0.00000000 	 0.01445313 	 0.00000000 	 6.01408166 	 372.46528439 	 63.73037826 	 7.80793782 	 0.00000000 	 0.00000000 	 2.34995474 	 17.08817532 	 0.00000000 	 0.00000000 	 0.00000000 	 0.00000000 	 0.00000000 	 0.00000000 	 0.00000000 	 0.00000000 	 0.00000000 	 0.00000000 	 0.00000000 	 0.00000000 	 0.00000000 	 0.00000000 	 0.00000000
1810 	 0.00967461 	 0.31602311 	 31.41500116 	 0.70097817 	 2.72999334 	 0.00000000 	 0.00000000 	 0.00000000 	 0.00000000 	 0.00000000 	 0.00000000 	 0.00000000 	 0.00000000 	 0.00000000 	 0.00000000 	 0.00000000 	 0.00000000 	 0.00000000 	 0.00000000 	 0.00000000 	 0.00000000 	 0.00000000 	 0.00000000 	 0.00000000 	 0.00000000 	 0.00000000 	 0.00000000 	 0.00000000 	 0.00000000 	 0.00000000 	 0.01445313 	 0.00000000 	 6.00476591 	 372.05703091 	 63.57757383 	 7.82477558 	 0.00000000 	 0.00000000 	 2.35232103 	 17.05837452 	 0.00000000 	 0.00000000 	 0.00000000 	 0.00000000 	 0.00000000 	 0.00000000 	 0.00000000 	 0.00000000 	 0.00000000 	 0.00000000 	 0.00000000 	 0.00000000 	 0.00000000 	 0.00000000 	 0.00000000
1811 	 0.01025111 	 0.32218020 	 31.39303729 	 0.69648897 	 2.73171276 	 0.00000000 	 0.00000000 	 0.00000000 	 0.00000000 	 0.00000000 	 0.00000000 	 0.00000000 	 0.00000000 	 0.00000000 	 0.00000000 	 0.00000000 	 0.00000000 	 0.00000000 	 0.00000000 	 0.00000000 	 0.00000000 	 0.00000000 	 0.00000000 	 0.00000000 	 0.00000000 	 0.00000000 	 0.00000000 	 0.00000000 	 0.00000000 	 0.00000000 	 0.01445313 	 0.00000000 	 5.93541049 	 369.18225024 	 62.98857438 	 7.80308074 	 0.00000000 	 0.00000000 	 2.33899839 	 16.93195888 	 0.00000000 	 0.00000000 	 0.00000000 	 0.00000000 	 0.00000000 	 0.00000000 	 0.00000000 	 0.00000000 	 0.00000000 	 0.00000000 	 0.00000000 	 0.00000000 	 0.00000000 	 0.00000000 	 0.00000000
1812 	 0.01060970 	 0.32845725 	 31.52852904 	 0.69889133 	 2.75205844 	 0.00000000 	 0.00000000 	 0.00000000 	 0.00000000 	 0.00000000 	 0.00000000 	 0.00000000 	 0.00000000 	 0.00000000 	 0.00000000 	 0.00000000 	 0.00000000 	 0.00000000 	 0.00000000 	 0.00000000 	 0.00000000 	 0.00000000 	 0.00000000 	 0.00000000 	 0.00000000 	 0.00000000 	 0.00000000 	 0.00000000 	 0.00000000 	 0.00000000 	 0.01445313 	 0.00000000 	 5.93697194 	 370.17103380 	 63.14732402 	 7.83563039 	 0.00000000 	 0.00000000 	 2.34649505 	 16.99464413 	 0.00000000 	 0.00000000 	 0.00000000 	 0.00000000 	 0.00000000 	 0.00000000 	 0.00000000 	 0.00000000 	 0.00000000 	 0.00000000 	 0.00000000 	 0.00000000 	 0.00000000 	 0.00000000 	 0.00000000
1813 	 0.01066774 	 0.33485659 	 31.61342689 	 0.69960259 	 2.75490270 	 0.00000000 	 0.00000000 	 0.00000000 	 0.00000000 	 0.00000000 	 0.00000000 	 0.00000000 	 0.00000000 	 0.00000000 	 0.00000000 	 0.00000000 	 0.00000000 	 0.00000000 	 0.00000000 	 0.00000000 	 0.00000000 	 0.00000000 	 0.00000000 	 0.00000000 	 0.00000000 	 0.00000000 	 0.00000000 	 0.00000000 	 0.00000000 	 0.00000000 	 0.01445313 	 0.00000000 	 5.94118569 	 370.30685771 	 63.13125570 	 7.84729909 	 0.00000000 	 0.00000000 	 2.35065906 	 16.99351744 	 0.00000000 	 0.00000000 	 0.00000000 	 0.00000000 	 0.00000000 	 0.00000000 	 0.00000000 	 0.00000000 	 0.00000000 	 0.00000000 	 0.00000000 	 0.00000000 	 0.00000000 	 0.00000000 	 0.00000000
1814 	 0.01091174 	 0.34138061 	 31.73329363 	 0.70054940 	 2.76464920 	 0.00000000 	 0.00000000 	 0.00000000 	 0.00000000 	 0.00000000 	 0.00000000 	 0.00000000 	 0.00000000 	 0.00000000 	 0.00000000 	 0.00000000 	 0.00000000 	 0.00000000 	 0.00000000 	 0.00000000 	 0.00000000 	 0.00000000 	 0.00000000 	 0.00000000 	 0.00000000 	 0.00000000 	 0.00000000 	 0.00000000 	 0.00000000 	 0.00000000 	 0.01445313 	 0.00000000 	 5.92409230 	 370.75174776 	 63.19948611 	 7.87688603 	 0.00000000 	 0.00000000 	 2.35514432 	 17.04130071 	 0.00000000 	 0.00000000 	 0.00000000 	 0.00000000 	 0.00000000 	 0.00000000 	 0.00000000 	 0.00000000 	 0.00000000 	 0.00000000 	 0.00000000 	 0.00000000 	 0.00000000 	 0.00000000 	 0.00000000
1815 	 0.01124405 	 0.34803174 	 31.92857540 	 0.70460322 	 2.79068254 	 0.00000000 	 0.00000000 	 0.00000000 	 0.00000000 	 0.00000000 	 0.00000000 	 0.00000000 	 0.00000000 	 0.00000000 	 0.00000000 	 0.00000000 	 0.00000000 	 0.00000000 	 0.00000000 	 0.00000000 	 0.00000000 	 0.00000000 	 0.00000000 	 0.00000000 	 0.00000000 	 0.00000000 	 0.00000000 	 0.00000000 	 0.00000000 	 0.00000000 	 0.01445313 	 0.00000000 	 5.95522862 	 373.11237321 	 63.62165681 	 7.92533729 	 0.00000000 	 0.00000000 	 2.37178981 	 17.16564352 	 0.00000000 	 0.00000000 	 0.00000000 	 0.00000000 	 0.00000000 	 0.00000000 	 0.00000000 	 0.00000000 	 0.00000000 	 0.00000000 	 0.00000000 	 0.00000000 	 0.00000000 	 0.00000000 	 0.00000000
1816 	 0.01217694 	 0.35481246 	 32.15915648 	 0.71182381 	 2.85189784 	 0.00000000 	 0.00000000 	 0.00000000 	 0.00000000 	 0.00000000 	 0.00000000 	 0.00000000 	 0.00000000 	 0.00000000 	 0.00000000 	 0.00000000 	 0.00000000 	 0.00000000 	 0.00000000 	 0.00000000 	 0.00000000 	 0.00000000 	 0.00000000 	 0.00000000 	 0.00000000 	 0.00000000 	 0.00000000 	 0.00000000 	 0.00000000 	 0.00000000 	 0.01445313 	 0.00000000 	 6.03552988 	 376.79271189 	 64.25628424 	 7.97729040 	 0.00000000 	 0.00000000 	 2.39720760 	 17.33111663 	 0.00000000 	 0.00000000 	 0.00000000 	 0.00000000 	 0.00000000 	 0.00000000 	 0.00000000 	 0.00000000 	 0.00000000 	 0.00000000 	 0.00000000 	 0.00000000 	 0.00000000 	 0.00000000 	 0.00000000
1817 	 0.01256204 	 0.36172528 	 32.25088251 	 0.71181210 	 2.86105042 	 0.00000000 	 0.00000000 	 0.00000000 	 0.00000000 	 0.00000000 	 0.00000000 	 0.00000000 	 0.00000000 	 0.00000000 	 0.00000000 	 0.00000000 	 0.00000000 	 0.00000000 	 0.00000000 	 0.00000000 	 0.00000000 	 0.00000000 	 0.00000000 	 0.00000000 	 0.00000000 	 0.00000000 	 0.00000000 	 0.00000000 	 0.00000000 	 0.00000000 	 0.01445313 	 0.00000000 	 6.03941441 	 376.84583219 	 64.21439990 	 7.98410010 	 0.00000000 	 0.00000000 	 2.40223721 	 17.32588652 	 0.00000000 	 0.00000000 	 0.00000000 	 0.00000000 	 0.00000000 	 0.00000000 	 0.00000000 	 0.00000000 	 0.00000000 	 0.00000000 	 0.00000000 	 0.00000000 	 0.00000000 	 0.00000000 	 0.00000000
1818 	 0.01262402 	 0.36877279 	 32.40979715 	 0.71424909 	 2.87431296 	 0.00000000 	 0.00000000 	 0.00000000 	 0.00000000 	 0.00000000 	 0.00000000 	 0.00000000 	 0.00000000 	 0.00000000 	 0.00000000 	 0.00000000 	 0.00000000 	 0.00000000 	 0.00000000 	 0.00000000 	 0.00000000 	 0.00000000 	 0.00000000 	 0.00000000 	 0.00000000 	 0.00000000 	 0.00000000 	 0.00000000 	 0.00000000 	 0.00000000 	 0.01445313 	 0.00000000 	 6.03226818 	 378.16596135 	 64.45892478 	 8.02883368 	 0.00000000 	 0.00000000 	 2.41085009 	 17.42595666 	 0.00000000 	 0.00000000 	 0.00000000 	 0.00000000 	 0.00000000 	 0.00000000 	 0.00000000 	 0.00000000 	 0.00000000 	 0.00000000 	 0.00000000 	 0.00000000 	 0.00000000 	 0.00000000 	 0.00000000
1819 	 0.01272149 	 0.37595760 	 32.57262057 	 0.71849081 	 2.88960758 	 0.00000000 	 0.00000000 	 0.00000000 	 0.00000000 	 0.00000000 	 0.00000000 	 0.00000000 	 0.00000000 	 0.00000000 	 0.00000000 	 0.00000000 	 0.00000000 	 0.00000000 	 0.00000000 	 0.00000000 	 0.00000000 	 0.00000000 	 0.00000000 	 0.00000000 	 0.00000000 	 0.00000000 	 0.00000000 	 0.00000000 	 0.00000000 	 0.00000000 	 0.01445313 	 0.00000000 	 6.08155807 	 380.34183992 	 64.82564197 	 8.06372823 	 0.00000000 	 0.00000000 	 2.42916409 	 17.52553454 	 0.00000000 	 0.00000000 	 0.00000000 	 0.00000000 	 0.00000000 	 0.00000000 	 0.00000000 	 0.00000000 	 0.00000000 	 0.00000000 	 0.00000000 	 0.00000000 	 0.00000000 	 0.00000000 	 0.00000000
1820 	 0.01291268 	 0.38328240 	 32.69642496 	 0.71927011 	 2.89764214 	 0.00000000 	 0.00000000 	 0.00000000 	 0.00000000 	 0.00000000 	 0.00000000 	 0.00000000 	 0.00000000 	 0.00000000 	 0.00000000 	 0.00000000 	 0.00000000 	 0.00000000 	 0.00000000 	 0.00000000 	 0.00000000 	 0.00000000 	 0.00000000 	 0.00000000 	 0.00000000 	 0.00000000 	 0.00000000 	 0.00000000 	 0.00000000 	 0.00000000 	 0.01445313 	 0.00000000 	 6.04718732 	 380.63349153 	 64.87493857 	 8.09841961 	 0.00000000 	 0.00000000 	 2.43196315 	 17.58282244 	 0.00000000 	 0.00000000 	 0.00000000 	 0.00000000 	 0.00000000 	 0.00000000 	 0.00000000 	 0.00000000 	 0.00000000 	 0.00000000 	 0.00000000 	 0.00000000 	 0.00000000 	 0.00000000 	 0.00000000
1821 	 0.01312481 	 0.39074990 	 32.79405696 	 0.71634541 	 2.89291696 	 0.00000000 	 0.00000000 	 0.00000000 	 0.00000000 	 0.00000000 	 0.00000000 	 0.00000000 	 0.00000000 	 0.00000000 	 0.00000000 	 0.00000000 	 0.00000000 	 0.00000000 	 0.00000000 	 0.00000000 	 0.00000000 	 0.00000000 	 0.00000000 	 0.00000000 	 0.00000000 	 0.00000000 	 0.00000000 	 0.00000000 	 0.00000000 	 0.00000000 	 0.01445313 	 0.00000000 	 5.96582790 	 378.83999023 	 64.49527848 	 8.12093939 	 0.00000000 	 0.00000000 	 2.42555377 	 17.53128770 	 0.00000000 	 0.00000000 	 0.00000000 	 0.00000000 	 0.00000000 	 0.00000000 	 0.00000000 	 0.00000000 	 0.00000000 	 0.00000000 	 0.00000000 	 0.00000000 	 0.00000000 	 0.00000000 	 0.00000000
1822 	 0.01365756 	 0.39836289 	 32.92256459 	 0.71686189 	 2.90994041 	 0.00000000 	 0.00000000 	 0.00000000 	 0.00000000 	 0.00000000 	 0.00000000 	 0.00000000 	 0.00000000 	 0.00000000 	 0.00000000 	 0.00000000 	 0.00000000 	 0.00000000 	 0.00000000 	 0.00000000 	 0.00000000 	 0.00000000 	 0.00000000 	 0.00000000 	 0.00000000 	 0.00000000 	 0.00000000 	 0.00000000 	 0.00000000 	 0.00000000 	 0.01445313 	 0.00000000 	 5.96318227 	 378.65041273 	 64.37301823 	 8.14039588 	 0.00000000 	 0.00000000 	 2.43125766 	 17.50292480 	 0.00000000 	 0.00000000 	 0.00000000 	 0.00000000 	 0.00000000 	 0.00000000 	 0.00000000 	 0.00000000 	 0.00000000 	 0.00000000 	 0.00000000 	 0.00000000 	 0.00000000 	 0.00000000 	 0.00000000
1823 	 0.01446611 	 0.40612421 	 33.04889002 	 0.71700225 	 2.93219825 	 0.00000000 	 0.00000000 	 0.00000000 	 0.00000000 	 0.00000000 	 0.00000000 	 0.00000000 	 0.00000000 	 0.00000000 	 0.00000000 	 0.00000000 	 0.00000000 	 0.00000000 	 0.00000000 	 0.00000000 	 0.00000000 	 0.00000000 	 0.00000000 	 0.00000000 	 0.00000000 	 0.00000000 	 0.00000000 	 0.00000000 	 0.00000000 	 0.00000000 	 0.01445313 	 0.00000000 	 5.95074934 	 378.23647702 	 64.20552628 	 8.15731346 	 0.00000000 	 0.00000000 	 2.43678375 	 17.48241574 	 0.00000000 	 0.00000000 	 0.00000000 	 0.00000000 	 0.00000000 	 0.00000000 	 0.00000000 	 0.00000000 	 0.00000000 	 0.00000000 	 0.00000000 	 0.00000000 	 0.00000000 	 0.00000000 	 0.00000000
1824 	 0.01506031 	 0.41403674 	 33.17445128 	 0.71607666 	 2.94420331 	 0.00000000 	 0.00000000 	 0.00000000 	 0.00000000 	 0.00000000 	 0.00000000 	 0.00000000 	 0.00000000 	 0.00000000 	 0.00000000 	 0.00000000 	 0.00000000 	 0.00000000 	 0.00000000 	 0.00000000 	 0.00000000 	 0.00000000 	 0.00000000 	 0.00000000 	 0.00000000 	 0.00000000 	 0.00000000 	 0.00000000 	 0.00000000 	 0.00000000 	 0.01445313 	 0.00000000 	 5.91411846 	 377.42740921 	 63.98172665 	 8.17968166 	 0.00000000 	 0.00000000 	 2.43860350 	 17.44362441 	 0.00000000 	 0.00000000 	 0.00000000 	 0.00000000 	 0.00000000 	 0.00000000 	 0.00000000 	 0.00000000 	 0.00000000 	 0.00000000 	 0.00000000 	 0.00000000 	 0.00000000 	 0.00000000 	 0.00000000
1825 	 0.01556503 	 0.42210344 	 33.33169931 	 0.71820519 	 2.96375992 	 0.00000000 	 0.00000000 	 0.00000000 	 0.00000000 	 0.00000000 	 0.00000000 	 0.00000000 	 0.00000000 	 0.00000000 	 0.00000000 	 0.00000000 	 0.00000000 	 0.00000000 	 0.00000000 	 0.00000000 	 0.00000000 	 0.00000000 	 0.00000000 	 0.00000000 	 0.00000000 	 0.00000000 	 0.00000000 	 0.00000000 	 0.00000000 	 0.00000000 	 0.01445313 	 0.00000000 	 5.94079849 	 378.14238213 	 64.02185372 	 8.20416880 	 0.00000000 	 0.00000000 	 2.45046683 	 17.45142884 	 0.00000000 	 0.00000000 	 0.00000000 	 0.00000000 	 0.00000000 	 0.00000000 	 0.00000000 	 0.00000000 	 0.00000000 	 0.00000000 	 0.00000000 	 0.00000000 	 0.00000000 	 0.00000000 	 0.00000000
1826 	 0.01574631 	 0.43032729 	 33.64277075 	 0.72615753 	 3.00168100 	 0.00000000 	 0.00000000 	 0.00000000 	 0.00000000 	 0.00000000 	 0.00000000 	 0.00000000 	 0.00000000 	 0.00000000 	 0.00000000 	 0.00000000 	 0.00000000 	 0.00000000 	 0.00000000 	 0.00000000 	 0.00000000 	 0.00000000 	 0.00000000 	 0.00000000 	 0.00000000 	 0.00000000 	 0.00000000 	 0.00000000 	 0.00000000 	 0.00000000 	 0.01445313 	 0.00000000 	 6.02228381 	 382.41288878 	 64.75766773 	 8.28215462 	 0.00000000 	 0.00000000 	 2.48136894 	 17.64834418 	 0.00000000 	 0.00000000 	 0.00000000 	 0.00000000 	 0.00000000 	 0.00000000 	 0.00000000 	 0.00000000 	 0.00000000 	 0.00000000 	 0.00000000 	 0.00000000 	 0.00000000 	 0.00000000 	 0.00000000
1827 	 0.01689753 	 0.43871137 	 33.91524976 	 0.73119427 	 3.05788771 	 0.00000000 	 0.00000000 	 0.00000000 	 0.00000000 	 0.00000000 	 0.00000000 	 0.00000000 	 0.00000000 	 0.00000000 	 0.00000000 	 0.00000000 	 0.00000000 	 0.00000000 	 0.00000000 	 0.00000000 	 0.00000000 	 0.00000000 	 0.00000000 	 0.00000000 	 0.00000000 	 0.00000000 	 0.00000000 	 0.00000000 	 0.00000000 	 0.00000000 	 0.01445313 	 0.00000000 	 6.03586825 	 384.92043446 	 65.17373477 	 8.35332470 	 0.00000000 	 0.00000000 	 2.50077556 	 17.80404165 	 0.00000000 	 0.00000000 	 0.00000000 	 0.00000000 	 0.00000000 	 0.00000000 	 0.00000000 	 0.00000000 	 0.00000000 	 0.00000000 	 0.00000000 	 0.00000000 	 0.00000000 	 0.00000000 	 0.00000000
1828 	 0.01708587 	 0.44725880 	 34.14451813 	 0.73601748 	 3.07950374 	 0.00000000 	 0.00000000 	 0.00000000 	 0.00000000 	 0.00000000 	 0.00000000 	 0.00000000 	 0.00000000 	 0.00000000 	 0.00000000 	 0.00000000 	 0.00000000 	 0.00000000 	 0.00000000 	 0.00000000 	 0.00000000 	 0.00000000 	 0.00000000 	 0.00000000 	 0.00000000 	 0.00000000 	 0.00000000 	 0.00000000 	 0.00000000 	 0.00000000 	 0.01445313 	 0.00000000 	 6.06907243 	 387.13681227 	 65.52668824 	 8.41064477 	 0.00000000 	 0.00000000 	 2.51799424 	 17.90952442 	 0.00000000 	 0.00000000 	 0.00000000 	 0.00000000 	 0.00000000 	 0.00000000 	 0.00000000 	 0.00000000 	 0.00000000 	 0.00000000 	 0.00000000 	 0.00000000 	 0.00000000 	 0.00000000 	 0.00000000
1829 	 0.01711376 	 0.45597276 	 34.31508033 	 0.73888055 	 3.09135809 	 0.00000000 	 0.00000000 	 0.00000000 	 0.00000000 	 0.00000000 	 0.00000000 	 0.00000000 	 0.00000000 	 0.00000000 	 0.00000000 	 0.00000000 	 0.00000000 	 0.00000000 	 0.00000000 	 0.00000000 	 0.00000000 	 0.00000000 	 0.00000000 	 0.00000000 	 0.00000000 	 0.00000000 	 0.00000000 	 0.00000000 	 0.00000000 	 0.00000000 	 0.01445313 	 0.00000000 	 6.07733650 	 388.07662224 	 65.63308315 	 8.45003284 	 0.00000000 	 0.00000000 	 2.52709868 	 17.96390937 	 0.00000000 	 0.00000000 	 0.00000000 	 0.00000000 	 0.00000000 	 0.00000000 	 0.00000000 	 0.00000000 	 0.00000000 	 0.00000000 	 0.00000000 	 0.00000000 	 0.00000000 	 0.00000000 	 0.00000000
1830 	 0.02263470 	 0.46485650 	 34.53812936 	 0.74017606 	 3.27933070 	 0.00000000 	 0.00000000 	 0.00000000 	 0.00000000 	 0.00000000 	 0.00000000 	 0.00000000 	 0.00000000 	 0.00000000 	 0.00000000 	 0.00000000 	 0.00000000 	 0.00000000 	 0.00000000 	 0.00000000 	 0.00000000 	 0.00000000 	 0.00000000 	 0.00000000 	 0.00000000 	 0.00000000 	 0.00000000 	 0.00000000 	 0.00000000 	 0.00000000 	 0.01445313 	 0.00000000 	 6.07771943 	 388.43764919 	 65.56474519 	 8.47436750 	 0.00000000 	 0.00000000 	 2.54041423 	 17.96824744 	 0.00000000 	 0.00000000 	 0.00000000 	 0.00000000 	 0.00000000 	 0.00000000 	 0.00000000 	 0.00000000 	 0.00000000 	 0.00000000 	 0.00000000 	 0.00000000 	 0.00000000 	 0.00000000 	 0.00000000
1831 	 0.02160361 	 0.47391331 	 34.57618903 	 0.73650305 	 3.23623327 	 0.00000000 	 0.00000000 	 0.00000000 	 0.00000000 	 0.00000000 	 0.00000000 	 0.00000000 	 0.00000000 	 0.00000000 	 0.00000000 	 0.00000000 	 0.00000000 	 0.00000000 	 0.00000000 	 0.00000000 	 0.00000000 	 0.00000000 	 0.00000000 	 0.00000000 	 0.00000000 	 0.00000000 	 0.00000000 	 0.00000000 	 0.00000000 	 0.00000000 	 0.01445313 	 0.00000000 	 6.00885189 	 385.73257274 	 64.99512126 	 8.46609177 	 0.00000000 	 0.00000000 	 2.52970762 	 17.85442015 	 0.00000000 	 0.00000000 	 0.00000000 	 0.00000000 	 0.00000000 	 0.00000000 	 0.00000000 	 0.00000000 	 0.00000000 	 0.00000000 	 0.00000000 	 0.00000000 	 0.00000000 	 0.00000000 	 0.00000000
1832 	 0.02192989 	 0.48314658 	 34.78434334 	 0.73911592 	 3.25614066 	 0.00000000 	 0.00000000 	 0.00000000 	 0.00000000 	 0.00000000 	 0.00000000 	 0.00000000 	 0.00000000 	 0.00000000 	 0.00000000 	 0.00000000 	 0.00000000 	 0.00000000 	 0.00000000 	 0.00000000 	 0.00000000 	 0.00000000 	 0.00000000 	 0.00000000 	 0.00000000 	 0.00000000 	 0.00000000 	 0.00000000 	 0.00000000 	 0.00000000 	 0.01445312 	 0.00000000 	 6.00314854 	 386.62044657 	 65.10689368 	 8.50785998 	 0.00000000 	 0.00000000 	 2.53878651 	 17.91466584 	 0.00000000 	 0.00000000 	 0.00000000 	 0.00000000 	 0.00000000 	 0.00000000 	 0.00000000 	 0.00000000 	 0.00000000 	 0.00000000 	 0.00000000 	 0.00000000 	 0.00000000 	 0.00000000 	 0.00000000
1833 	 0.02242370 	 0.49255974 	 34.93927295 	 0.73926590 	 3.27110089 	 0.00000000 	 0.00000000 	 0.00000000 	 0.00000000 	 0.00000000 	 0.00000000 	 0.00000000 	 0.00000000 	 0.00000000 	 0.00000000 	 0.00000000 	 0.00000000 	 0.00000000 	 0.00000000 	 0.00000000 	 0.00000000 	 0.00000000 	 0.00000000 	 0.00000000 	 0.00000000 	 0.00000000 	 0.00000000 	 0.00000000 	 0.00000000 	 0.00000000 	 0.01445312 	 0.00000000 	 5.99073098 	 386.34215789 	 64.97595775 	 8.52519756 	 0.00000000 	 0.00000000 	 2.54388374 	 17.89557463 	 0.00000000 	 0.00000000 	 0.00000000 	 0.00000000 	 0.00000000 	 0.00000000 	 0.00000000 	 0.00000000 	 0.00000000 	 0.00000000 	 0.00000000 	 0.00000000 	 0.00000000 	 0.00000000 	 0.00000000
1834 	 0.02296065 	 0.50215630 	 35.17118799 	 0.74152000 	 3.28842297 	 0.00000000 	 0.00000000 	 0.00000000 	 0.00000000 	 0.00000000 	 0.00000000 	 0.00000000 	 0.00000000 	 0.00000000 	 0.00000000 	 0.00000000 	 0.00000000 	 0.00000000 	 0.00000000 	 0.00000000 	 0.00000000 	 0.00000000 	 0.00000000 	 0.00000000 	 0.00000000 	 0.00000000 	 0.00000000 	 0.00000000 	 0.00000000 	 0.00000000 	 0.01445312 	 0.00000000 	 5.97931910 	 387.42743406 	 65.13097117 	 8.57346439 	 0.00000000 	 0.00000000 	 2.55778560 	 17.97851975 	 0.00000000 	 0.00000000 	 0.00000000 	 0.00000000 	 0.00000000 	 0.00000000 	 0.00000000 	 0.00000000 	 0.00000000 	 0.00000000 	 0.00000000 	 0.00000000 	 0.00000000 	 0.00000000 	 0.00000000
1835 	 0.02346187 	 0.51193983 	 35.44619222 	 0.74606574 	 3.32910681 	 0.00000000 	 0.00000000 	 0.00000000 	 0.00000000 	 0.00000000 	 0.00000000 	 0.00000000 	 0.00000000 	 0.00000000 	 0.00000000 	 0.00000000 	 0.00000000 	 0.00000000 	 0.00000000 	 0.00000000 	 0.00000000 	 0.00000000 	 0.00000000 	 0.00000000 	 0.00000000 	 0.00000000 	 0.00000000 	 0.00000000 	 0.00000000 	 0.00000000 	 0.01445312 	 0.00000000 	 6.00592529 	 389.80635590 	 65.52643490 	 8.63237213 	 0.00000000 	 0.00000000 	 2.57975481 	 18.11164917 	 0.00000000 	 0.00000000 	 0.00000000 	 0.00000000 	 0.00000000 	 0.00000000 	 0.00000000 	 0.00000000 	 0.00000000 	 0.00000000 	 0.00000000 	 0.00000000 	 0.00000000 	 0.00000000 	 0.00000000
1836 	 0.02730264 	 0.52191397 	 35.81086383 	 0.75342501 	 3.48725710 	 0.00000000 	 0.00000000 	 0.00000000 	 0.00000000 	 0.00000000 	 0.00000000 	 0.00000000 	 0.00000000 	 0.00000000 	 0.00000000 	 0.00000000 	 0.00000000 	 0.00000000 	 0.00000000 	 0.00000000 	 0.00000000 	 0.00000000 	 0.00000000 	 0.00000000 	 0.00000000 	 0.00000000 	 0.00000000 	 0.00000000 	 0.00000000 	 0.00000000 	 0.01445312 	 0.00000000 	 6.08061797 	 393.67035412 	 66.12808651 	 8.69456627 	 0.00000000 	 0.00000000 	 2.61420901 	 18.28470601 	 0.00000000 	 0.00000000 	 0.00000000 	 0.00000000 	 0.00000000 	 0.00000000 	 0.00000000 	 0.00000000 	 0.00000000 	 0.00000000 	 0.00000000 	 0.00000000 	 0.00000000 	 0.00000000 	 0.00000000
1837 	 0.02736306 	 0.53208244 	 35.98726956 	 0.75434302 	 3.48569241 	 0.00000000 	 0.00000000 	 0.00000000 	 0.00000000 	 0.00000000 	 0.00000000 	 0.00000000 	 0.00000000 	 0.00000000 	 0.00000000 	 0.00000000 	 0.00000000 	 0.00000000 	 0.00000000 	 0.00000000 	 0.00000000 	 0.00000000 	 0.00000000 	 0.00000000 	 0.00000000 	 0.00000000 	 0.00000000 	 0.00000000 	 0.00000000 	 0.00000000 	 0.01445312 	 0.00000000 	 6.08533122 	 394.05681355 	 66.13080305 	 8.71815240 	 0.00000000 	 0.00000000 	 2.62458297 	 18.30151774 	 0.00000000 	 0.00000000 	 0.00000000 	 0.00000000 	 0.00000000 	 0.00000000 	 0.00000000 	 0.00000000 	 0.00000000 	 0.00000000 	 0.00000000 	 0.00000000 	 0.00000000 	 0.00000000 	 0.00000000
1838 	 0.02834342 	 0.54244902 	 36.23159568 	 0.75626632 	 3.52497940 	 0.00000000 	 0.00000000 	 0.00000000 	 0.00000000 	 0.00000000 	 0.00000000 	 0.00000000 	 0.00000000 	 0.00000000 	 0.00000000 	 0.00000000 	 0.00000000 	 0.00000000 	 0.00000000 	 0.00000000 	 0.00000000 	 0.00000000 	 0.00000000 	 0.00000000 	 0.00000000 	 0.00000000 	 0.00000000 	 0.00000000 	 0.00000000 	 0.00000000 	 0.01445312 	 0.00000000 	 6.05963439 	 395.05693597 	 66.27443703 	 8.77122285 	 0.00000000 	 0.00000000 	 2.63559092 	 18.39011126 	 0.00000000 	 0.00000000 	 0.00000000 	 0.00000000 	 0.00000000 	 0.00000000 	 0.00000000 	 0.00000000 	 0.00000000 	 0.00000000 	 0.00000000 	 0.00000000 	 0.00000000 	 0.00000000 	 0.00000000
1839 	 0.02941557 	 0.55301757 	 36.49307332 	 0.76142218 	 3.58707053 	 0.00000000 	 0.00000000 	 0.00000000 	 0.00000000 	 0.00000000 	 0.00000000 	 0.00000000 	 0.00000000 	 0.00000000 	 0.00000000 	 0.00000000 	 0.00000000 	 0.00000000 	 0.00000000 	 0.00000000 	 0.00000000 	 0.00000000 	 0.00000000 	 0.00000000 	 0.00000000 	 0.00000000 	 0.00000000 	 0.00000000 	 0.00000000 	 0.00000000 	 0.01445313 	 0.00000000 	 6.11092465 	 397.51705639 	 66.65574216 	 8.81908976 	 0.00000000 	 0.00000000 	 2.65712952 	 18.50081554 	 0.00000000 	 0.00000000 	 0.00000000 	 0.00000000 	 0.00000000 	 0.00000000 	 0.00000000 	 0.00000000 	 0.00000000 	 0.00000000 	 0.00000000 	 0.00000000 	 0.00000000 	 0.00000000 	 0.00000000
1840 	 0.03108127 	 0.56379203 	 36.72307067 	 0.76264531 	 3.64594700 	 0.00000000 	 0.00000000 	 0.00000000 	 0.00000000 	 0.00000000 	 0.00000000 	 0.00000000 	 0.00000000 	 0.00000000 	 0.00000000 	 0.00000000 	 0.00000000 	 0.00000000 	 0.00000000 	 0.00000000 	 0.00000000 	 0.00000000 	 0.00000000 	 0.00000000 	 0.00000000 	 0.00000000 	 0.00000000 	 0.00000000 	 0.00000000 	 0.00000000 	 0.01445314 	 0.00000000 	 6.07748187 	 397.97262438 	 66.68571726 	 8.86319437 	 0.00000000 	 0.00000000 	 2.66694471 	 18.56223766 	 0.00000000 	 0.00000000 	 0.00000000 	 0.00000000 	 0.00000000 	 0.00000000 	 0.00000000 	 0.00000000 	 0.00000000 	 0.00000000 	 0.00000000 	 0.00000000 	 0.00000000 	 0.00000000 	 0.00000000
1841 	 0.03220018 	 0.57477641 	 36.86383867 	 0.75874453 	 3.66196629 	 0.00000000 	 0.00000000 	 0.00000000 	 0.00000000 	 0.00000000 	 0.00000000 	 0.00000000 	 0.00000000 	 0.00000000 	 0.00000000 	 0.00000000 	 0.00000000 	 0.00000000 	 0.00000000 	 0.00000000 	 0.00000000 	 0.00000000 	 0.00000000 	 0.00000000 	 0.00000000 	 0.00000000 	 0.00000000 	 0.00000000 	 0.00000000 	 0.00000000 	 0.01445315 	 0.00000000 	 5.98458080 	 395.64864638 	 66.18703855 	 8.87091940 	 0.00000000 	 0.00000000 	 2.66104157 	 18.49189472 	 0.00000000 	 0.00000000 	 0.00000000 	 0.00000000 	 0.00000000 	 0.00000000 	 0.00000000 	 0.00000000 	 0.00000000 	 0.00000000 	 0.00000000 	 0.00000000 	 0.00000000 	 0.00000000 	 0.00000000
1842 	 0.03396915 	 0.58597480 	 37.03483406 	 0.75804818 	 3.72120724 	 0.00000000 	 0.00000000 	 0.00000000 	 0.00000000 	 0.00000000 	 0.00000000 	 0.00000000 	 0.00000000 	 0.00000000 	 0.00000000 	 0.00000000 	 0.00000000 	 0.00000000 	 0.00000000 	 0.00000000 	 0.00000000 	 0.00000000 	 0.00000000 	 0.00000000 	 0.00000000 	 0.00000000 	 0.00000000 	 0.00000000 	 0.00000000 	 0.00000000 	 0.01445316 	 0.00000000 	 5.96709470 	 394.80657959 	 65.92322194 	 8.87449676 	 0.00000000 	 0.00000000 	 2.65875289 	 18.42728413 	 0.00000000 	 0.00000000 	 0.00000000 	 0.00000000 	 0.00000000 	 0.00000000 	 0.00000000 	 0.00000000 	 0.00000000 	 0.00000000 	 0.00000000 	 0.00000000 	 0.00000000 	 0.00000000 	 0.00000000
1843 	 0.03510382 	 0.59739137 	 37.23805559 	 0.75959086 	 3.77798896 	 0.00000000 	 0.00000000 	 0.00000000 	 0.00000000 	 0.00000000 	 0.00000000 	 0.00000000 	 0.00000000 	 0.00000000 	 0.00000000 	 0.00000000 	 0.00000000 	 0.00000000 	 0.00000000 	 0.00000000 	 0.00000000 	 0.00000000 	 0.00000000 	 0.00000000 	 0.00000000 	 0.00000000 	 0.00000000 	 0.00000000 	 0.00000000 	 0.00000000 	 0.01445318 	 0.00000000 	 5.97438996 	 395.10434875 	 65.87618875 	 8.89017266 	 0.00000000 	 0.00000000 	 2.67102798 	 18.44490771 	 0.00000000 	 0.00000000 	 0.00000000 	 0.00000000 	 0.00000000 	 0.00000000 	 0.00000000 	 0.00000000 	 0.00000000 	 0.00000000 	 0.00000000 	 0.00000000 	 0.00000000 	 0.00000000 	 0.00000000
1844 	 0.03738502 	 0.60903036 	 37.41575283 	 0.75775801 	 3.85717593 	 0.00000000 	 0.00000000 	 0.00000000 	 0.00000000 	 0.00000000 	 0.00000000 	 0.00000000 	 0.00000000 	 0.00000000 	 0.00000000 	 0.00000000 	 0.00000000 	 0.00000000 	 0.00000000 	 0.00000000 	 0.00000000 	 0.00000000 	 0.00000000 	 0.00000000 	 0.00000000 	 0.00000000 	 0.00000000 	 0.00000000 	 0.00000000 	 0.00000000 	 0.01445320 	 0.00000000 	 5.93047069 	 393.83132636 	 65.54393518 	 8.89720095 	 0.00000000 	 0.00000000 	 2.67482569 	 18.38936121 	 0.00000000 	 0.00000000 	 0.00000000 	 0.00000000 	 0.00000000 	 0.00000000 	 0.00000000 	 0.00000000 	 0.00000000 	 0.00000000 	 0.00000000 	 0.00000000 	 0.00000000 	 0.00000000 	 0.00000000
1845 	 0.04077817 	 0.62089612 	 37.69724587 	 0.76053696 	 3.99174077 	 0.00000000 	 0.00000000 	 0.00000000 	 0.00000000 	 0.00000000 	 0.00000000 	 0.00000000 	 0.00000000 	 0.00000000 	 0.00000000 	 0.00000000 	 0.00000000 	 0.00000000 	 0.00000000 	 0.00000000 	 0.00000000 	 0.00000000 	 0.00000000 	 0.00000000 	 0.00000000 	 0.00000000 	 0.00000000 	 0.00000000 	 0.00000000 	 0.00000000 	 0.01445323 	 0.00000000 	 5.96204076 	 395.15021462 	 65.66216740 	 8.92160155 	 0.00000000 	 0.00000000 	 2.69723750 	 18.43697372 	 0.00000000 	 0.00000000 	 0.00000000 	 0.00000000 	 0.00000000 	 0.00000000 	 0.00000000 	 0.00000000 	 0.00000000 	 0.00000000 	 0.00000000 	 0.00000000 	 0.00000000 	 0.00000000 	 0.00000000
1846 	 0.04167856 	 0.63299307 	 38.05528074 	 0.76921007 	 4.03159934 	 0.00000000 	 0.00000000 	 0.00000000 	 0.00000000 	 0.00000000 	 0.00000000 	 0.00000000 	 0.00000000 	 0.00000000 	 0.00000000 	 0.00000000 	 0.00000000 	 0.00000000 	 0.00000000 	 0.00000000 	 0.00000000 	 0.00000000 	 0.00000000 	 0.00000000 	 0.00000000 	 0.00000000 	 0.00000000 	 0.00000000 	 0.00000000 	 0.00000000 	 0.01445326 	 0.00000000 	 6.05459154 	 399.64456189 	 66.45226492 	 8.99549863 	 0.00000000 	 0.00000000 	 2.73570930 	 18.66475026 	 0.00000000 	 0.00000000 	 0.00000000 	 0.00000000 	 0.00000000 	 0.00000000 	 0.00000000 	 0.00000000 	 0.00000000 	 0.00000000 	 0.00000000 	 0.00000000 	 0.00000000 	 0.00000000 	 0.00000000
1847 	 0.04549393 	 0.64532569 	 38.44524650 	 0.77561761 	 4.19561177 	 0.00000000 	 0.00000000 	 0.00000000 	 0.00000000 	 0.00000000 	 0.00000000 	 0.00000000 	 0.00000000 	 0.00000000 	 0.00000000 	 0.00000000 	 0.00000000 	 0.00000000 	 0.00000000 	 0.00000000 	 0.00000000 	 0.00000000 	 0.00000000 	 0.00000000 	 0.00000000 	 0.00000000 	 0.00000000 	 0.00000000 	 0.00000000 	 0.00000000 	 0.01445329 	 0.00000000 	 6.09343738 	 403.05543541 	 67.00226156 	 9.06484550 	 0.00000000 	 0.00000000 	 2.77022560 	 18.86552943 	 0.00000000 	 0.00000000 	 0.00000000 	 0.00000000 	 0.00000000 	 0.00000000 	 0.00000000 	 0.00000000 	 0.00000000 	 0.00000000 	 0.00000000 	 0.00000000 	 0.00000000 	 0.00000000 	 0.00000000
1848 	 0.04624411 	 0.65789859 	 38.74247959 	 0.78111095 	 4.28264474 	 0.00000000 	 0.00000000 	 0.00000000 	 0.00000000 	 0.00000000 	 0.00000000 	 0.00000000 	 0.00000000 	 0.00000000 	 0.00000000 	 0.00000000 	 0.00000000 	 0.00000000 	 0.00000000 	 0.00000000 	 0.00000000 	 0.00000000 	 0.00000000 	 0.00000000 	 0.00000000 	 0.00000000 	 0.00000000 	 0.00000000 	 0.00000000 	 0.00000000 	 0.01445332 	 0.00000000 	 6.13437158 	 405.61947922 	 67.41870991 	 9.12039461 	 0.00000000 	 0.00000000 	 2.78863058 	 18.99076815 	 0.00000000 	 0.00000000 	 0.00000000 	 0.00000000 	 0.00000000 	 0.00000000 	 0.00000000 	 0.00000000 	 0.00000000 	 0.00000000 	 0.00000000 	 0.00000000 	 0.00000000 	 0.00000000 	 0.00000000
1849 	 0.04868628 	 0.67071645 	 39.01945159 	 0.78444348 	 4.38802900 	 0.00000000 	 0.00000000 	 0.00000000 	 0.00000000 	 0.00000000 	 0.00000000 	 0.00000000 	 0.00000000 	 0.00000000 	 0.00000000 	 0.00000000 	 0.00000000 	 0.00000000 	 0.00000000 	 0.00000000 	 0.00000000 	 0.00000000 	 0.00000000 	 0.00000000 	 0.00000000 	 0.00000000 	 0.00000000 	 0.00000000 	 0.00000000 	 0.00000000 	 0.01445334 	 0.00000000 	 6.15261435 	 406.98892833 	 67.57132398 	 9.15397124 	 0.00000000 	 0.00000000 	 2.80487006 	 19.06584597 	 0.00000000 	 0.00000000 	 0.00000000 	 0.00000000 	 0.00000000 	 0.00000000 	 0.00000000 	 0.00000000 	 0.00000000 	 0.00000000 	 0.00000000 	 0.00000000 	 0.00000000 	 0.00000000 	 0.00000000
1850 	 0.05211780 	 0.72014457 	 39.21744648 	 0.78383845 	 4.39461064 	 0.00000000 	 0.00000000 	 0.00000000 	 0.00000000 	 0.00000000 	 0.00000000 	 0.00000000 	 0.00000000 	 0.00000000 	 0.00000000 	 0.00000000 	 0.00000000 	 0.00000000 	 0.00000000 	 0.00000000 	 0.00000000 	 0.00000000 	 0.00000000 	 0.00000000 	 0.00000000 	 0.00000000 	 0.00000000 	 0.00000000 	 0.00000000 	 0.00000000 	 0.01445335 	 0.00000000 	 6.12915159 	 406.22040160 	 67.29346240 	 9.15874601 	 0.00000000 	 0.00000000 	 2.81381693 	 19.02889831 	 0.00000000 	 0.00000000 	 0.00000000 	 0.00000000 	 0.00000000 	 0.00000000 	 0.00000000 	 0.00000000 	 0.00000000 	 0.00000000 	 0.00000000 	 0.00000000 	 0.00000000 	 0.00000000 	 0.00000000
1851 	 0.05268147 	 0.76957269 	 39.35174468 	 0.77995896 	 4.39739372 	 0.00000000 	 0.00000000 	 0.00000000 	 0.00000000 	 0.00000000 	 0.00000000 	 0.00000000 	 0.00000000 	 0.00000000 	 0.00000000 	 0.00000000 	 0.00000000 	 0.00000000 	 0.00000000 	 0.00000000 	 0.00000000 	 0.00000000 	 0.00000000 	 0.00000000 	 0.00000000 	 0.00000000 	 0.00000000 	 0.00000000 	 0.00000000 	 0.00000000 	 0.01445333 	 0.00000000 	 6.06814324 	 403.15488190 	 66.68112114 	 9.13553274 	 0.00000000 	 0.00000000 	 2.80576847 	 18.89657742 	 0.00000000 	 0.00000000 	 0.00000000 	 0.00000000 	 0.00000000 	 0.00000000 	 0.00000000 	 0.00000000 	 0.00000000 	 0.00000000 	 0.00000000 	 0.00000000 	 0.00000000 	 0.00000000 	 0.00000000
1852 	 0.05517817 	 0.77988435 	 39.67288034 	 0.78216867 	 4.47149117 	 0.00000000 	 0.00000000 	 0.00000000 	 0.00000000 	 0.00000000 	 0.00000000 	 0.00000000 	 0.00000000 	 0.00000000 	 0.00000000 	 0.00000000 	 0.00000000 	 0.00000000 	 0.00000000 	 0.00000000 	 0.00000000 	 0.00000000 	 0.00000000 	 0.00000000 	 0.00000000 	 0.00000000 	 0.00000000 	 0.00000000 	 0.00000000 	 0.00000000 	 0.01445327 	 0.00000000 	 6.06344733 	 403.79497843 	 66.74781868 	 9.16400598 	 0.00000000 	 0.00000000 	 2.82007146 	 18.95522789 	 0.00000000 	 0.00000000 	 0.00000000 	 0.00000000 	 0.00000000 	 0.00000000 	 0.00000000 	 0.00000000 	 0.00000000 	 0.00000000 	 0.00000000 	 0.00000000 	 0.00000000 	 0.00000000 	 0.00000000
1853 	 0.05800951 	 0.79301409 	 39.93173767 	 0.78144165 	 4.53611113 	 0.00000000 	 0.00000000 	 0.00000000 	 0.00000000 	 0.00000000 	 0.00000000 	 0.00000000 	 0.00000000 	 0.00000000 	 0.00000000 	 0.00000000 	 0.00000000 	 0.00000000 	 0.00000000 	 0.00000000 	 0.00000000 	 0.00000000 	 0.00000000 	 0.00000000 	 0.00000000 	 0.00000000 	 0.00000000 	 0.00000000 	 0.00000000 	 0.00000000 	 0.01445317 	 0.00000000 	 6.05185580 	 403.04586038 	 66.52084620 	 9.16213514 	 0.00000000 	 0.00000000 	 2.82995807 	 18.92082921 	 0.00000000 	 0.00000000 	 0.00000000 	 0.00000000 	 0.00000000 	 0.00000000 	 0.00000000 	 0.00000000 	 0.00000000 	 0.00000000 	 0.00000000 	 0.00000000 	 0.00000000 	 0.00000000 	 0.00000000
1854 	 0.06763893 	 0.79553380 	 40.40490907 	 0.78238019 	 4.84016613 	 0.00000000 	 0.00000000 	 0.00000000 	 0.00000000 	 0.00000000 	 0.00000000 	 0.00000000 	 0.00000000 	 0.00000000 	 0.00000000 	 0.00000000 	 0.00000000 	 0.00000000 	 0.00000000 	 0.00000000 	 0.00000000 	 0.00000000 	 0.00000000 	 0.00000000 	 0.00000000 	 0.00000000 	 0.00000000 	 0.00000000 	 0.00000000 	 0.00000000 	 0.01445300 	 0.00000000 	 6.03392930 	 404.11324917 	 66.57384223 	 9.19324740 	 0.00000000 	 0.00000000 	 2.85777324 	 18.99571861 	 0.00000000 	 0.00000000 	 0.00000000 	 0.00000000 	 0.00000000 	 0.00000000 	 0.00000000 	 0.00000000 	 0.00000000 	 0.00000000 	 0.00000000 	 0.00000000 	 0.00000000 	 0.00000000 	 0.00000000
1855 	 0.06873283 	 0.78562143 	 40.80308480 	 0.78850562 	 4.90019656 	 0.00000000 	 0.00000000 	 0.00000000 	 0.00000000 	 0.00000000 	 0.00000000 	 0.00000000 	 0.00000000 	 0.00000000 	 0.00000000 	 0.00000000 	 0.00000000 	 0.00000000 	 0.00000000 	 0.00000000 	 0.00000000 	 0.00000000 	 0.00000000 	 0.00000000 	 0.00000000 	 0.00000000 	 0.00000000 	 0.00000000 	 0.00000000 	 0.00000000 	 0.01445276 	 0.00000000 	 6.08770639 	 407.13715799 	 67.11256534 	 9.24852560 	 0.00000000 	 0.00000000 	 2.88569321 	 19.16588869 	 0.00000000 	 0.00000000 	 0.00000000 	 0.00000000 	 0.00000000 	 0.00000000 	 0.00000000 	 0.00000000 	 0.00000000 	 0.00000000 	 0.00000000 	 0.00000000 	 0.00000000 	 0.00000000 	 0.00000000
1856 	 0.07327043 	 0.81028388 	 41.26988035 	 0.79600262 	 5.09774103 	 0.00000000 	 0.00000000 	 0.00000000 	 0.00000000 	 0.00000000 	 0.00000000 	 0.00000000 	 0.00000000 	 0.00000000 	 0.00000000 	 0.00000000 	 0.00000000 	 0.00000000 	 0.00000000 	 0.00000000 	 0.00000000 	 0.00000000 	 0.00000000 	 0.00000000 	 0.00000000 	 0.00000000 	 0.00000000 	 0.00000000 	 0.00000000 	 0.00000000 	 0.01445243 	 0.00000000 	 6.16946709 	 410.98070394 	 67.72460475 	 9.30138948 	 0.00000000 	 0.00000000 	 2.92063702 	 19.34400927 	 0.00000000 	 0.00000000 	 0.00000000 	 0.00000000 	 0.00000000 	 0.00000000 	 0.00000000 	 0.00000000 	 0.00000000 	 0.00000000 	 0.00000000 	 0.00000000 	 0.00000000 	 0.00000000 	 0.00000000
1857 	 0.07412685 	 0.80542709 	 41.55464020 	 0.79699732 	 5.14501343 	 0.00000000 	 0.00000000 	 0.00000000 	 0.00000000 	 0.00000000 	 0.00000000 	 0.00000000 	 0.00000000 	 0.00000000 	 0.00000000 	 0.00000000 	 0.00000000 	 0.00000000 	 0.00000000 	 0.00000000 	 0.00000000 	 0.00000000 	 0.00000000 	 0.00000000 	 0.00000000 	 0.00000000 	 0.00000000 	 0.00000000 	 0.00000000 	 0.00000000 	 0.01445199 	 0.00000000 	 6.17485008 	 411.39657135 	 67.74693469 	 9.31928059 	 0.00000000 	 0.00000000 	 2.93194975 	 19.37430669 	 0.00000000 	 0.00000000 	 0.00000000 	 0.00000000 	 0.00000000 	 0.00000000 	 0.00000000 	 0.00000000 	 0.00000000 	 0.00000000 	 0.00000000 	 0.00000000 	 0.00000000 	 0.00000000 	 0.00000000
1858 	 0.07568247 	 0.81190665 	 41.89457267 	 0.79979146 	 5.21275556 	 0.00000000 	 0.00000000 	 0.00000000 	 0.00000000 	 0.00000000 	 0.00000000 	 0.00000000 	 0.00000000 	 0.00000000 	 0.00000000 	 0.00000000 	 0.00000000 	 0.00000000 	 0.00000000 	 0.00000000 	 0.00000000 	 0.00000000 	 0.00000000 	 0.00000000 	 0.00000000 	 0.00000000 	 0.00000000 	 0.00000000 	 0.00000000 	 0.00000000 	 0.01445146 	 0.00000000 	 6.16465308 	 412.73749980 	 67.97541545 	 9.36786547 	 0.00000000 	 0.00000000 	 2.94552788 	 19.48888107 	 0.00000000 	 0.00000000 	 0.00000000 	 0.00000000 	 0.00000000 	 0.00000000 	 0.00000000 	 0.00000000 	 0.00000000 	 0.00000000 	 0.00000000 	 0.00000000 	 0.00000000 	 0.00000000 	 0.00000000
1859 	 0.08014961 	 0.82933367 	 42.31603759 	 0.80499857 	 5.44715017 	 0.00000000 	 0.00000000 	 0.00000000 	 0.00000000 	 0.00000000 	 0.00000000 	 0.00000000 	 0.00000000 	 0.00000000 	 0.00000000 	 0.00000000 	 0.00000000 	 0.00000000 	 0.00000000 	 0.00000000 	 0.00000000 	 0.00000000 	 0.00000000 	 0.00000000 	 0.00000000 	 0.00000000 	 0.00000000 	 0.00000000 	 0.00000000 	 0.00000000 	 0.01445083 	 0.00000000 	 6.22945596 	 415.45998020 	 68.35887986 	 9.40186323 	 0.00000000 	 0.00000000 	 2.97692305 	 19.60807360 	 0.00000000 	 0.00000000 	 0.00000000 	 0.00000000 	 0.00000000 	 0.00000000 	 0.00000000 	 0.00000000 	 0.00000000 	 0.00000000 	 0.00000000 	 0.00000000 	 0.00000000 	 0.00000000 	 0.00000000
1860 	 0.08768784 	 0.75896223 	 42.72511480 	 0.80521680 	 5.71509130 	 0.00000000 	 0.00000000 	 0.00000000 	 0.00000000 	 0.00000000 	 0.00000000 	 0.00000000 	 0.00000000 	 0.00000000 	 0.00000000 	 0.00000000 	 0.00000000 	 0.00000000 	 0.00000000 	 0.00000000 	 0.00000000 	 0.00000000 	 0.00000000 	 0.00000000 	 0.00000000 	 0.00000000 	 0.00000000 	 0.00000000 	 0.00000000 	 0.00000000 	 0.01445013 	 0.00000000 	 6.19471449 	 415.80828020 	 68.31839395 	 9.43020713 	 0.00000000 	 0.00000000 	 2.99353641 	 19.66017802 	 0.00000000 	 0.00000000 	 0.00000000 	 0.00000000 	 0.00000000 	 0.00000000 	 0.00000000 	 0.00000000 	 0.00000000 	 0.00000000 	 0.00000000 	 0.00000000 	 0.00000000 	 0.00000000 	 0.00000000
1861 	 0.09234112 	 0.75528421 	 43.02557573 	 0.80223982 	 5.83241583 	 0.00000000 	 0.00000000 	 0.00000000 	 0.00000000 	 0.00000000 	 0.00000000 	 0.00000000 	 0.00000000 	 0.00000000 	 0.00000000 	 0.00000000 	 0.00000000 	 0.00000000 	 0.00000000 	 0.00000000 	 0.00000000 	 0.00000000 	 0.00000000 	 0.00000000 	 0.00000000 	 0.00000000 	 0.00000000 	 0.00000000 	 0.00000000 	 0.00000000 	 0.01444941 	 0.00000000 	 6.10840934 	 413.25751841 	 67.79973160 	 9.44401405 	 0.00000000 	 0.00000000 	 2.98764158 	 19.56259363 	 0.00000000 	 0.00000000 	 0.00000000 	 0.00000000 	 0.00000000 	 0.00000000 	 0.00000000 	 0.00000000 	 0.00000000 	 0.00000000 	 0.00000000 	 0.00000000 	 0.00000000 	 0.00000000 	 0.00000000
1862 	 0.09439930 	 0.74793983 	 43.26479494 	 0.80193694 	 5.86872751 	 0.00000000 	 0.00000000 	 0.00000000 	 0.00000000 	 0.00000000 	 0.00000000 	 0.00000000 	 0.00000000 	 0.00000000 	 0.00000000 	 0.00000000 	 0.00000000 	 0.00000000 	 0.00000000 	 0.00000000 	 0.00000000 	 0.00000000 	 0.00000000 	 0.00000000 	 0.00000000 	 0.00000000 	 0.00000000 	 0.00000000 	 0.00000000 	 0.00000000 	 0.01444876 	 0.00000000 	 6.08965910 	 411.68225846 	 67.45060378 	 9.44918257 	 0.00000000 	 0.00000000 	 2.98736986 	 19.48103333 	 0.00000000 	 0.00000000 	 0.00000000 	 0.00000000 	 0.00000000 	 0.00000000 	 0.00000000 	 0.00000000 	 0.00000000 	 0.00000000 	 0.00000000 	 0.00000000 	 0.00000000 	 0.00000000 	 0.00000000
1863 	 0.10063923 	 0.73884339 	 43.67806811 	 0.80533308 	 6.13949547 	 0.00000000 	 0.00000000 	 0.00000000 	 0.00000000 	 0.00000000 	 0.00000000 	 0.00000000 	 0.00000000 	 0.00000000 	 0.00000000 	 0.00000000 	 0.00000000 	 0.00000000 	 0.00000000 	 0.00000000 	 0.00000000 	 0.00000000 	 0.00000000 	 0.00000000 	 0.00000000 	 0.00000000 	 0.00000000 	 0.00000000 	 0.00000000 	 0.00000000 	 0.01444828 	 0.00000000 	 6.11466493 	 412.58144952 	 67.49465791 	 9.47757436 	 0.00000000 	 0.00000000 	 3.00863949 	 19.51738135 	 0.00000000 	 0.00000000 	 0.00000000 	 0.00000000 	 0.00000000 	 0.00000000 	 0.00000000 	 0.00000000 	 0.00000000 	 0.00000000 	 0.00000000 	 0.00000000 	 0.00000000 	 0.00000000 	 0.00000000
1864 	 0.10825107 	 0.71471362 	 44.09646853 	 0.80677337 	 6.41774445 	 0.00000000 	 0.00000000 	 0.00000000 	 0.00000000 	 0.00000000 	 0.00000000 	 0.00000000 	 0.00000000 	 0.00000000 	 0.00000000 	 0.00000000 	 0.00000000 	 0.00000000 	 0.00000000 	 0.00000000 	 0.00000000 	 0.00000000 	 0.00000000 	 0.00000000 	 0.00000000 	 0.00000000 	 0.00000000 	 0.00000000 	 0.00000000 	 0.00000000 	 0.01444813 	 0.00000000 	 6.10354308 	 412.53315181 	 67.38018672 	 9.50525762 	 0.00000000 	 0.00000000 	 3.02386610 	 19.51085940 	 0.00000000 	 0.00000000 	 0.00000000 	 0.00000000 	 0.00000000 	 0.00000000 	 0.00000000 	 0.00000000 	 0.00000000 	 0.00000000 	 0.00000000 	 0.00000000 	 0.00000000 	 0.00000000 	 0.00000000
1865 	 0.11500076 	 0.70181048 	 44.55366026 	 0.81194882 	 6.65947901 	 0.00000000 	 0.00000000 	 0.00000000 	 0.00000000 	 0.00000000 	 0.00000000 	 0.00000000 	 0.00000000 	 0.00000000 	 0.00000000 	 0.00000000 	 0.00000000 	 0.00000000 	 0.00000000 	 0.00000000 	 0.00000000 	 0.00000000 	 0.00000000 	 0.00000000 	 0.00000000 	 0.00000000 	 0.00000000 	 0.00000000 	 0.00000000 	 0.00000000 	 0.01444854 	 0.00000000 	 6.15651850 	 414.39724968 	 67.62720442 	 9.54586440 	 0.00000000 	 0.00000000 	 3.04889560 	 19.58116913 	 0.00000000 	 0.00000000 	 0.00000000 	 0.00000000 	 0.00000000 	 0.00000000 	 0.00000000 	 0.00000000 	 0.00000000 	 0.00000000 	 0.00000000 	 0.00000000 	 0.00000000 	 0.00000000 	 0.00000000
1866 	 0.11869025 	 0.71182258 	 45.13257410 	 0.82305646 	 6.84033724 	 0.00000000 	 0.00000000 	 0.00000000 	 0.00000000 	 0.00000000 	 0.00000000 	 0.00000000 	 0.00000000 	 0.00000000 	 0.00000000 	 0.00000000 	 0.00000000 	 0.00000000 	 0.00000000 	 0.00000000 	 0.00000000 	 0.00000000 	 0.00000000 	 0.00000000 	 0.00000000 	 0.00000000 	 0.00000000 	 0.00000000 	 0.00000000 	 0.00000000 	 0.01444974 	 0.00000000 	 6.26939393 	 419.80630602 	 68.57355950 	 9.63657683 	 0.00000000 	 0.00000000 	 3.09052410 	 19.86574368 	 0.00000000 	 0.00000000 	 0.00000000 	 0.00000000 	 0.00000000 	 0.00000000 	 0.00000000 	 0.00000000 	 0.00000000 	 0.00000000 	 0.00000000 	 0.00000000 	 0.00000000 	 0.00000000 	 0.00000000
1867 	 0.12704494 	 0.70147989 	 45.63356051 	 0.83024929 	 7.20385073 	 0.00000000 	 0.00000000 	 0.00000000 	 0.00000000 	 0.00000000 	 0.00000000 	 0.00000000 	 0.00000000 	 0.00000000 	 0.00000000 	 0.00000000 	 0.00000000 	 0.00000000 	 0.00000000 	 0.00000000 	 0.00000000 	 0.00000000 	 0.00000000 	 0.00000000 	 0.00000000 	 0.00000000 	 0.00000000 	 0.00000000 	 0.00000000 	 0.00000000 	 0.01445204 	 0.00000000 	 6.31459532 	 422.68975275 	 69.05499953 	 9.70984445 	 0.00000000 	 0.00000000 	 3.12048525 	 19.99261684 	 0.00000000 	 0.00000000 	 0.00000000 	 0.00000000 	 0.00000000 	 0.00000000 	 0.00000000 	 0.00000000 	 0.00000000 	 0.00000000 	 0.00000000 	 0.00000000 	 0.00000000 	 0.00000000 	 0.00000000
1868 	 0.13065901 	 0.69286592 	 46.03687815 	 0.83648941 	 7.38556430 	 0.00000000 	 0.00000000 	 0.00000000 	 0.00000000 	 0.00000000 	 0.00000000 	 0.00000000 	 0.00000000 	 0.00000000 	 0.00000000 	 0.00000000 	 0.00000000 	 0.00000000 	 0.00000000 	 0.00000000 	 0.00000000 	 0.00000000 	 0.00000000 	 0.00000000 	 0.00000000 	 0.00000000 	 0.00000000 	 0.00000000 	 0.00000000 	 0.00000000 	 0.01445578 	 0.00000000 	 6.35683041 	 424.82839626 	 69.41343681 	 9.76852830 	 0.00000000 	 0.00000000 	 3.14311816 	 20.10359083 	 0.00000000 	 0.00000000 	 0.00000000 	 0.00000000 	 0.00000000 	 0.00000000 	 0.00000000 	 0.00000000 	 0.00000000 	 0.00000000 	 0.00000000 	 0.00000000 	 0.00000000 	 0.00000000 	 0.00000000
1869 	 0.13860381 	 0.70548171 	 46.49282582 	 0.84164967 	 7.73064128 	 0.00000000 	 0.00000000 	 0.00000000 	 0.00000000 	 0.00000000 	 0.00000000 	 0.00000000 	 0.00000000 	 0.00000000 	 0.00000000 	 0.00000000 	 0.00000000 	 0.00000000 	 0.00000000 	 0.00000000 	 0.00000000 	 0.00000000 	 0.00000000 	 0.00000000 	 0.00000000 	 0.00000000 	 0.00000000 	 0.00000000 	 0.00000000 	 0.00000000 	 0.01446130 	 0.00000000 	 6.39499491 	 426.58275647 	 69.63466509 	 9.81467529 	 0.00000000 	 0.00000000 	 3.16857352 	 20.19314406 	 0.00000000 	 0.00000000 	 0.00000000 	 0.00000000 	 0.00000000 	 0.00000000 	 0.00000000 	 0.00000000 	 0.00000000 	 0.00000000 	 0.00000000 	 0.00000000 	 0.00000000 	 0.00000000 	 0.00000000
1870 	 0.14192544 	 0.77378585 	 46.75096258 	 0.84155102 	 7.88267013 	 0.00000000 	 0.00000000 	 0.00000000 	 0.00000000 	 0.00000000 	 0.00000000 	 0.00000000 	 0.00000000 	 0.00000000 	 0.00000000 	 0.00000000 	 0.00000000 	 0.00000000 	 0.00000000 	 0.00000000 	 0.00000000 	 0.00000000 	 0.00000000 	 0.00000000 	 0.00000000 	 0.00000000 	 0.00000000 	 0.00000000 	 0.00000000 	 0.00000000 	 0.01446891 	 0.00000000 	 6.36631207 	 425.30155287 	 69.30794627 	 9.82581310 	 0.00000000 	 0.00000000 	 3.17670293 	 20.14743774 	 0.00000000 	 0.00000000 	 0.00000000 	 0.00000000 	 0.00000000 	 0.00000000 	 0.00000000 	 0.00000000 	 0.00000000 	 0.00000000 	 0.00000000 	 0.00000000 	 0.00000000 	 0.00000000 	 0.00000000
1871 	 0.15155027 	 0.77907242 	 47.15205895 	 0.84234444 	 8.30671710 	 0.00000000 	 0.00000000 	 0.00000000 	 0.00000000 	 0.00000000 	 0.00000000 	 0.00000000 	 0.00000000 	 0.00000000 	 0.00000000 	 0.00000000 	 0.00000000 	 0.00000000 	 0.00000000 	 0.00000000 	 0.00000000 	 0.00000000 	 0.00000000 	 0.00000000 	 0.00000000 	 0.00000000 	 0.00000000 	 0.00000000 	 0.00000000 	 0.00000000 	 0.01447883 	 0.00000000 	 6.34555033 	 423.85319935 	 68.94640323 	 9.86155005 	 0.00000000 	 0.00000000 	 3.17827525 	 20.05704011 	 0.00000000 	 0.00000000 	 0.00000000 	 0.00000000 	 0.00000000 	 0.00000000 	 0.00000000 	 0.00000000 	 0.00000000 	 0.00000000 	 0.00000000 	 0.00000000 	 0.00000000 	 0.00000000 	 0.00000000
1872 	 0.16811087 	 0.83310956 	 47.84145182 	 0.85022530 	 8.95102737 	 0.00000000 	 0.00000000 	 0.00000000 	 0.00000000 	 0.00000000 	 0.00000000 	 0.00000000 	 0.00000000 	 0.00000000 	 0.00000000 	 0.00000000 	 0.00000000 	 0.00000000 	 0.00000000 	 0.00000000 	 0.00000000 	 0.00000000 	 0.00000000 	 0.00000000 	 0.00000000 	 0.00000000 	 0.00000000 	 0.00000000 	 0.00000891 	 0.00000000 	 0.01449114 	 0.00000000 	 6.39503497 	 427.19512515 	 69.36270018 	 9.95627925 	 0.00000000 	 0.00000000 	 3.22276221 	 20.19256852 	 0.00000000 	 0.00000000 	 0.00000000 	 0.00000000 	 0.00000000 	 0.00000000 	 0.00000000 	 0.00000000 	 0.00000000 	 0.00000000 	 0.00000000 	 0.00000000 	 0.00000000 	 0.00000000 	 0.00000000
1873 	 0.17890180 	 0.81337627 	 48.27520900 	 0.85119476 	 9.38534818 	 0.00000000 	 0.00000000 	 0.00000000 	 0.00000000 	 0.00000000 	 0.00000000 	 0.00000000 	 0.00000000 	 0.00000000 	 0.00000000 	 0.00000000 	 0.00000000 	 0.00000000 	 0.00000000 	 0.00000000 	 0.00000000 	 0.00000000 	 0.00000000 	 0.00000000 	 0.00000000 	 0.00000000 	 0.00000000 	 0.00000000 	 0.00001234 	 0.00000000 	 0.01450563 	 0.00000000 	 6.39482182 	 426.27647999 	 69.07592244 	 9.99084963 	 0.00000000 	 0.00000000 	 3.23095176 	 20.10532113 	 0.00000000 	 0.00000000 	 0.00000000 	 0.00000000 	 0.00000000 	 0.00000000 	 0.00000000 	 0.00000000 	 0.00000000 	 0.00000000 	 0.00000000 	 0.00000000 	 0.00000000 	 0.00000000 	 0.00000000
1874 	 0.17408567 	 0.86736188 	 48.50714608 	 0.85506607 	 9.22754142 	 0.00000000 	 0.00000000 	 0.00000000 	 0.00000000 	 0.00000000 	 0.00000000 	 0.00000000 	 0.00000000 	 0.00000000 	 0.00000000 	 0.00000000 	 0.00000000 	 0.00000000 	 0.00000000 	 0.00000000 	 0.00000000 	 0.00000000 	 0.00000000 	 0.00000000 	 0.00000000 	 0.00000000 	 0.00000000 	 0.00000000 	 0.00001616 	 0.00000000 	 0.01452173 	 0.00000000 	 6.37640035 	 426.18662807 	 69.14459510 	 10.07193681 	 0.00000000 	 0.00000000 	 3.22310608 	 20.13613211 	 0.00000000 	 0.00000000 	 0.00000000 	 0.00000000 	 0.00000000 	 0.00000000 	 0.00000000 	 0.00000000 	 0.00000000 	 0.00000000 	 0.00000000 	 0.00000000 	 0.00000000 	 0.00000000 	 0.00000000
1875 	 0.18329455 	 0.89039970 	 49.17645759 	 0.86432547 	 9.71695499 	 0.00000000 	 0.00000000 	 0.00000000 	 0.00000000 	 0.00000000 	 0.00000000 	 0.00000000 	 0.00000000 	 0.00000000 	 0.00000000 	 0.00000000 	 0.00000000 	 0.00000000 	 0.00000000 	 0.00000000 	 0.00000000 	 0.00000000 	 0.00000000 	 0.00000000 	 0.00000000 	 0.00000000 	 0.00000000 	 0.00000000 	 0.00002011 	 0.00000000 	 0.01453833 	 0.00000000 	 6.44742936 	 429.78047678 	 69.75301007 	 10.17312351 	 0.00000000 	 0.00000000 	 3.25242421 	 20.28610998 	 0.00000000 	 0.00000000 	 0.00000000 	 0.00000000 	 0.00000000 	 0.00000000 	 0.00000000 	 0.00000000 	 0.00000000 	 0.00000000 	 0.00000000 	 0.00000000 	 0.00000000 	 0.00000000 	 0.00000000
1876 	 0.18707233 	 0.89611886 	 49.58438295 	 0.87146876 	 9.92656824 	 0.00000000 	 0.00000000 	 0.00000000 	 0.00000000 	 0.00000000 	 0.00000000 	 0.00000000 	 0.00000000 	 0.00000000 	 0.00000000 	 0.00000000 	 0.00000000 	 0.00000000 	 0.00000000 	 0.00000000 	 0.00000000 	 0.00000000 	 0.00000000 	 0.00000000 	 0.00000000 	 0.00000000 	 0.00000000 	 0.00000000 	 0.00002377 	 0.00000000 	 0.01455364 	 0.00000000 	 6.50903772 	 431.51313190 	 70.05596955 	 10.24845731 	 0.00000000 	 0.00000000 	 3.26437541 	 20.34690562 	 0.00000000 	 0.00000000 	 0.00000000 	 0.00000000 	 0.00000000 	 0.00000000 	 0.00000000 	 0.00000000 	 0.00000000 	 0.00000000 	 0.00000000 	 0.00000000 	 0.00000000 	 0.00000000 	 0.00000000
1877 	 0.19139563 	 0.86830251 	 50.00550554 	 0.87554675 	 10.18153429 	 0.00000000 	 0.00000000 	 0.00000000 	 0.00000000 	 0.00000000 	 0.00000000 	 0.00000000 	 0.00000000 	 0.00000000 	 0.00000000 	 0.00000000 	 0.00000000 	 0.00000000 	 0.00000000 	 0.00000000 	 0.00000000 	 0.00000000 	 0.00000000 	 0.00000000 	 0.00000000 	 0.00000000 	 0.00000000 	 0.00000000 	 0.00002652 	 0.00000000 	 0.01456501 	 0.00000000 	 6.52246134 	 432.50377979 	 70.20201861 	 10.32351432 	 0.00000000 	 0.00000000 	 3.27856847 	 20.38533536 	 0.00000000 	 0.00000000 	 0.00000000 	 0.00000000 	 0.00000000 	 0.00000000 	 0.00000000 	 0.00000000 	 0.00000000 	 0.00000000 	 0.00000000 	 0.00000000 	 0.00000000 	 0.00000000 	 0.00000000
1878 	 0.19394548 	 0.89435486 	 50.43098321 	 0.88142089 	 10.28770156 	 0.00000000 	 0.00000000 	 0.00000000 	 0.00000000 	 0.00000000 	 0.00000000 	 0.00000000 	 0.00000000 	 0.00000000 	 0.00000000 	 0.00000000 	 0.00000000 	 0.00000000 	 0.00000000 	 0.00000000 	 0.00000000 	 0.00000000 	 0.00000000 	 0.00000000 	 0.00000000 	 0.00000000 	 0.00000000 	 0.00000000 	 0.00002752 	 0.00000000 	 0.01456881 	 0.00000000 	 6.52431102 	 433.90016287 	 70.49785996 	 10.42116578 	 0.00000000 	 0.00000000 	 3.28643054 	 20.48640921 	 0.00000000 	 0.00000000 	 0.00000000 	 0.00000000 	 0.00000000 	 0.00000000 	 0.00000000 	 0.00000000 	 0.00000000 	 0.00000000 	 0.00000000 	 0.00000000 	 0.00000000 	 0.00000000 	 0.00000000
1879 	 0.20825709 	 0.89250771 	 50.96229658 	 0.88873937 	 10.87921055 	 0.00000000 	 0.00000000 	 0.00000000 	 0.00000000 	 0.00000000 	 0.00000000 	 0.00000000 	 0.00000000 	 0.00000000 	 0.00000000 	 0.00000000 	 0.00000000 	 0.00000000 	 0.00000000 	 0.00000000 	 0.00000000 	 0.00000000 	 0.00000000 	 0.00000000 	 0.00000000 	 0.00000000 	 0.00000000 	 0.00000000 	 0.00002563 	 0.00000000 	 0.01456027 	 0.00000000 	 6.59924941 	 436.60455291 	 70.85194528 	 10.49614998 	 0.00000000 	 0.00000000 	 3.32191852 	 20.57192778 	 0.00000000 	 0.00000000 	 0.00000000 	 0.00000000 	 0.00000000 	 0.00000000 	 0.00000000 	 0.00000000 	 0.00000000 	 0.00000000 	 0.00000000 	 0.00000000 	 0.00000000 	 0.00000000 	 0.00000000
1880 	 0.23570097 	 0.92257542 	 51.63840292 	 0.89264340 	 11.86771106 	 0.00000000 	 0.00000000 	 0.00000000 	 0.00000000 	 0.00000000 	 0.00000000 	 0.00000000 	 0.00000000 	 0.00000000 	 0.00000000 	 0.00000000 	 0.00000000 	 0.00000000 	 0.00000000 	 0.00000000 	 0.00000000 	 0.00000000 	 0.00000000 	 0.00000000 	 0.00000000 	 0.00000000 	 0.00000000 	 0.00000000 	 0.00001947 	 0.00000000 	 0.01453353 	 0.00000000 	 6.61803341 	 438.11460188 	 70.94726247 	 10.57024519 	 0.00000000 	 0.00000000 	 3.35210998 	 20.61775809 	 0.00000000 	 0.00000000 	 0.00000000 	 0.00000000 	 0.00000000 	 0.00000000 	 0.00000000 	 0.00000000 	 0.00000000 	 0.00000000 	 0.00000000 	 0.00000000 	 0.00000000 	 0.00000000 	 0.00000000
1881 	 0.24147749 	 0.92169198 	 52.12827427 	 0.89182624 	 12.25016972 	 0.00000000 	 0.00000000 	 0.00000000 	 0.00000000 	 0.00000000 	 0.00000000 	 0.00000000 	 0.00000000 	 0.00000000 	 0.00000000 	 0.00000000 	 0.00000000 	 0.00000000 	 0.00000000 	 0.00000000 	 0.00000000 	 0.00000000 	 0.00000000 	 0.00000000 	 0.00000000 	 0.00000000 	 0.00000000 	 0.00000000 	 0.00000741 	 0.00000000 	 0.01448164 	 0.00000000 	 6.54152579 	 435.43854287 	 70.40463282 	 10.62237153 	 0.00000000 	 0.00000000 	 3.34660201 	 20.49332490 	 0.00000000 	 0.00000000 	 0.00000000 	 0.00000000 	 0.00000000 	 0.00000000 	 0.00000000 	 0.00000000 	 0.00000000 	 0.00000000 	 0.00000000 	 0.00000000 	 0.00000000 	 0.00000000 	 0.00000000
1882 	 0.25500256 	 0.97069844 	 52.64193306 	 0.89442813 	 12.80602415 	 0.00000000 	 0.00000000 	 0.00000000 	 0.00000000 	 0.00000000 	 0.00000000 	 0.00000000 	 0.00000000 	 0.00000000 	 0.00000000 	 0.00000000 	 0.00000000 	 0.00000000 	 0.00000000 	 0.00000000 	 0.00000000 	 0.00000000 	 0.00000000 	 0.00000000 	 0.00000000 	 0.00000000 	 0.00000000 	 0.00000000 	 0.00000000 	 0.00000000 	 0.01439693 	 0.00000000 	 6.54911626 	 434.70241520 	 70.10606570 	 10.66895860 	 0.00000000 	 0.00000000 	 3.35994815 	 20.40018134 	 0.00000000 	 0.00000000 	 0.00000000 	 0.00000000 	 0.00000000 	 0.00000000 	 0.00000000 	 0.00000000 	 0.00000000 	 0.00000000 	 0.00000000 	 0.00000000 	 0.00000000 	 0.00000000 	 0.00000000
1883 	 0.27082603 	 0.94948273 	 53.26291776 	 0.89966497 	 13.48100210 	 0.00000000 	 0.00000000 	 0.00000000 	 0.00000000 	 0.00000000 	 0.00000000 	 0.00000000 	 0.00000000 	 0.00000000 	 0.00000000 	 0.00000000 	 0.00000000 	 0.00000000 	 0.00000000 	 0.00000000 	 0.00000000 	 0.00000000 	 0.00000000 	 0.00000000 	 0.00000000 	 0.00000000 	 0.00000000 	 0.00000000 	 0.00000000 	 0.00000000 	 0.01427148 	 0.00000000 	 6.57842151 	 435.41734327 	 70.06097913 	 10.73467061 	 0.00000000 	 0.00000000 	 3.38271594 	 20.39177089 	 0.00000000 	 0.00000000 	 0.00000000 	 0.00000000 	 0.00000000 	 0.00000000 	 0.00000000 	 0.00000000 	 0.00000000 	 0.00000000 	 0.00000000 	 0.00000000 	 0.00000000 	 0.00000000 	 0.00000000
1884 	 0.27457770 	 0.99133430 	 53.66926569 	 0.90287383 	 13.65651591 	 0.00000000 	 0.00000000 	 0.00000000 	 0.00000000 	 0.00000000 	 0.00000000 	 0.00000000 	 0.00000000 	 0.00000000 	 0.00000000 	 0.00000000 	 0.00000000 	 0.00000000 	 0.00000000 	 0.00000000 	 0.00000000 	 0.00000000 	 0.00000000 	 0.00000000 	 0.00000000 	 0.00000000 	 0.00000000 	 0.00000000 	 0.00000000 	 0.00000000 	 0.01409800 	 0.00000000 	 6.56353167 	 434.56761247 	 69.86886305 	 10.80201738 	 0.00000000 	 0.00000000 	 3.38319758 	 20.33222462 	 0.00000000 	 0.00000000 	 0.00000000 	 0.00000000 	 0.00000000 	 0.00000000 	 0.00000000 	 0.00000000 	 0.00000000 	 0.00000000 	 0.00000000 	 0.00000000 	 0.00000000 	 0.00000000 	 0.00000000
1885 	 0.27772490 	 0.99105920 	 54.13458927 	 0.91005265 	 13.75760573 	 0.00000000 	 0.00000000 	 0.00000000 	 0.00000000 	 0.00000000 	 0.00000000 	 0.00000000 	 0.00000000 	 0.00000000 	 0.00000000 	 0.00000000 	 0.00000000 	 0.00000000 	 0.00000000 	 0.00000000 	 0.00000000 	 0.00000000 	 0.00000000 	 0.00000000 	 0.00000000 	 0.00000000 	 0.00000000 	 0.00000000 	 0.00000000 	 0.00000000 	 0.01387109 	 0.00000000 	 6.60891241 	 435.58251439 	 70.02924596 	 10.88611156 	 0.00000000 	 0.00000000 	 3.39157511 	 20.35337598 	 0.00000000 	 0.00000000 	 0.00000000 	 0.00000000 	 0.00000000 	 0.00000000 	 0.00000000 	 0.00000000 	 0.00000000 	 0.00000000 	 0.00000000 	 0.00000000 	 0.00000000 	 0.00000000 	 0.00000000
1886 	 0.28317634 	 0.96761414 	 54.78056457 	 0.92247756 	 13.92054357 	 0.00000000 	 0.00000000 	 0.00000000 	 0.00000000 	 0.00000000 	 0.00000000 	 0.00000000 	 0.00000000 	 0.00000000 	 0.00000000 	 0.00000000 	 0.00000000 	 0.00000000 	 0.00000000 	 0.00000000 	 0.00000000 	 0.00000000 	 0.00000000 	 0.00000000 	 0.00000000 	 0.00000000 	 0.00000000 	 0.00000000 	 0.00000000 	 0.00000000 	 0.01358900 	 0.00000000 	 6.71528123 	 440.09239371 	 70.87377237 	 11.02149100 	 0.00000000 	 0.00000000 	 3.42229319 	 20.55436415 	 0.00000000 	 0.00000000 	 0.00000000 	 0.00000000 	 0.00000000 	 0.00000000 	 0.00000000 	 0.00000000 	 0.00000000 	 0.00000000 	 0.00000000 	 0.00000000 	 0.00000000 	 0.00000000 	 0.00000000
1887 	 0.29792269 	 1.00749014 	 55.46809980 	 0.93162596 	 14.43363717 	 0.00000000 	 0.00000000 	 0.00000000 	 0.00000000 	 0.00000000 	 0.00000000 	 0.00000000 	 0.00000000 	 0.00000000 	 0.00000000 	 0.00000000 	 0.00000000 	 0.00000000 	 0.00000000 	 0.00000000 	 0.00000000 	 0.00000000 	 0.00000000 	 0.00000000 	 0.00000000 	 0.00000000 	 0.00000000 	 0.00000000 	 0.00000000 	 0.00000000 	 0.01325591 	 0.00000000 	 6.77949738 	 442.74691380 	 71.30428067 	 11.12969905 	 0.00000000 	 0.00000000 	 3.45051669 	 20.66407020 	 0.00000000 	 0.00000000 	 0.00000000 	 0.00000000 	 0.00000000 	 0.00000000 	 0.00000000 	 0.00000000 	 0.00000000 	 0.00000000 	 0.00000000 	 0.00000000 	 0.00000000 	 0.00000000 	 0.00000000
1888 	 0.32895286 	 0.97336834 	 56.35304090 	 0.94270070 	 15.70641436 	 0.00000000 	 0.00000000 	 0.00000000 	 0.00000000 	 0.00000000 	 0.00000000 	 0.00000000 	 0.00000000 	 0.00000000 	 0.00000000 	 0.00000000 	 0.00000000 	 0.00000000 	 0.00000000 	 0.00000000 	 0.00000000 	 0.00000000 	 0.00000000 	 0.00000000 	 0.00000000 	 0.00000000 	 0.00000000 	 0.00000000 	 0.00000000 	 0.00000000 	 0.01288468 	 0.00000000 	 6.88343778 	 447.18569517 	 71.85713445 	 11.24321474 	 0.00000000 	 0.00000000 	 3.51132532 	 20.80994027 	 0.00000000 	 0.00000000 	 0.00000000 	 0.00000000 	 0.00000000 	 0.00000000 	 0.00000000 	 0.00000000 	 0.00000000 	 0.00000000 	 0.00000000 	 0.00000000 	 0.00000000 	 0.00000000 	 0.00000000
1889 	 0.32912718 	 1.00373709 	 56.83243912 	 0.94926704 	 15.74901692 	 0.00000000 	 0.00000000 	 0.00000000 	 0.00000000 	 0.00000000 	 0.00000000 	 0.00000000 	 0.00000000 	 0.00000000 	 0.00000000 	 0.00000000 	 0.00000000 	 0.00000000 	 0.00000000 	 0.00000000 	 0.00000000 	 0.00000000 	 0.00000000 	 0.00000000 	 0.00000000 	 0.00000000 	 0.00000000 	 0.00000000 	 0.00000000 	 0.00000000 	 0.01250025 	 0.00000000 	 6.90450162 	 447.02293737 	 71.91473456 	 11.32640446 	 0.00000000 	 0.00000000 	 3.50319234 	 20.79413781 	 0.00000000 	 0.00000000 	 0.00000000 	 0.00000000 	 0.00000000 	 0.00000000 	 0.00000000 	 0.00000000 	 0.00000000 	 0.00000000 	 0.00000000 	 0.00000000 	 0.00000000 	 0.00000000 	 0.00000000
1890 	 0.35714000 	 1.07814565 	 57.55424277 	 0.95986935 	 16.88824134 	 0.00000000 	 0.00000000 	 0.00000000 	 0.00000000 	 0.00000000 	 0.00000000 	 0.00000000 	 0.00000000 	 0.00000000 	 0.00000000 	 0.00000000 	 0.00000000 	 0.00000000 	 0.00000000 	 0.00000000 	 0.00000000 	 0.00000000 	 0.00000000 	 0.00000000 	 0.00000000 	 0.00000000 	 0.00000000 	 0.00000000 	 0.00000000 	 0.00000000 	 0.01214325 	 0.00000000 	 6.94169881 	 447.94171646 	 71.79760841 	 11.39091246 	 0.00000000 	 0.00000000 	 3.54123162 	 20.75071116 	 0.00000000 	 0.00000000 	 0.00000000 	 0.00000000 	 0.00000000 	 0.00000000 	 0.00000000 	 0.00000000 	 0.00000000 	 0.00000000 	 0.00000000 	 0.00000000 	 0.00000000 	 0.00000000 	 0.00000000
1891 	 0.37383029 	 1.13554553 	 58.04349532 	 0.96310249 	 17.63625484 	 0.00000000 	 0.00000000 	 0.00000000 	 0.00000000 	 0.00000000 	 0.00000000 	 0.00000000 	 0.00000000 	 0.00000000 	 0.00000000 	 0.00000000 	 0.00000000 	 0.00000000 	 0.00000000 	 0.00000000 	 0.00000000 	 0.00000000 	 0.00000000 	 0.00000000 	 0.00000000 	 0.00000000 	 0.00000000 	 0.00000000 	 0.00000000 	 0.00000000 	 0.01187378 	 0.00000000 	 6.94359314 	 446.98454194 	 71.47602354 	 11.44756333 	 0.00000000 	 0.00000000 	 3.55165686 	 20.64026222 	 0.00000000 	 0.00000000 	 0.00000000 	 0.00000000 	 0.00000000 	 0.00000000 	 0.00000000 	 0.00000000 	 0.00000000 	 0.00000000 	 0.00000000 	 0.00000000 	 0.00000000 	 0.00000000 	 0.00000000
1892 	 0.37777080 	 1.11949648 	 58.44736950 	 0.97111467 	 17.96332314 	 0.00000000 	 0.00000000 	 0.00000000 	 0.00000000 	 0.00000000 	 0.00000000 	 0.00000000 	 0.00000000 	 0.00000000 	 0.00000000 	 0.00000000 	 0.00000000 	 0.00000000 	 0.00000000 	 0.00000000 	 0.00000000 	 0.00000000 	 0.00000000 	 0.00000000 	 0.00000000 	 0.00000000 	 0.00000000 	 0.00000000 	 0.00000000 	 0.00000000 	 0.01177492 	 0.00000000 	 6.95600977 	 448.24370282 	 71.64909636 	 11.55222537 	 0.00000000 	 0.00000000 	 3.56512081 	 20.68575604 	 0.00000000 	 0.00000000 	 0.00000000 	 0.00000000 	 0.00000000 	 0.00000000 	 0.00000000 	 0.00000000 	 0.00000000 	 0.00000000 	 0.00000000 	 0.00000000 	 0.00000000 	 0.00000000 	 0.00000000
1893 	 0.37522570 	 1.17049432 	 58.64530552 	 0.97594051 	 17.81805613 	 0.00000000 	 0.00000000 	 0.00000000 	 0.00000000 	 0.00000000 	 0.00000000 	 0.00000000 	 0.00000000 	 0.00000000 	 0.00000000 	 0.00000000 	 0.00000000 	 0.00000000 	 0.00000000 	 0.00000000 	 0.00000000 	 0.00000000 	 0.00000000 	 0.00000000 	 0.00000000 	 0.00000000 	 0.00000000 	 0.00000000 	 0.00000000 	 0.00000000 	 0.01195577 	 0.00000000 	 6.95068880 	 447.20051288 	 71.48329931 	 11.62836942 	 0.00000000 	 0.00000000 	 3.55683579 	 20.60987425 	 0.00000000 	 0.00000000 	 0.00000000 	 0.00000000 	 0.00000000 	 0.00000000 	 0.00000000 	 0.00000000 	 0.00000000 	 0.00000000 	 0.00000000 	 0.00000000 	 0.00000000 	 0.00000000 	 0.00000000
1894 	 0.38852369 	 1.17471891 	 59.25839965 	 0.98149605 	 18.40678823 	 0.00000000 	 0.00000000 	 0.00000000 	 0.00000000 	 0.00000000 	 0.00000000 	 0.00000000 	 0.00000000 	 0.00000000 	 0.00000000 	 0.00000000 	 0.00000000 	 0.00000000 	 0.00000000 	 0.00000000 	 0.00000000 	 0.00000000 	 0.00000000 	 0.00000000 	 0.00000000 	 0.00000000 	 0.00000000 	 0.00000000 	 0.00000000 	 0.00000000 	 0.01255474 	 0.00000000 	 6.94447110 	 447.14615522 	 71.47557368 	 11.72707424 	 0.00000000 	 0.00000000 	 3.55985778 	 20.59844096 	 0.00000000 	 0.00000000 	 0.00000000 	 0.00000000 	 0.00000000 	 0.00000000 	 0.00000000 	 0.00000000 	 0.00000000 	 0.00000000 	 0.00000000 	 0.00000000 	 0.00000000 	 0.00000000 	 0.00000000
1895 	 0.41183291 	 1.17616945 	 60.04342453 	 0.99396396 	 19.43746006 	 0.00000000 	 0.00000000 	 0.00000000 	 0.00000000 	 0.00000000 	 0.00000000 	 0.00000000 	 0.00000000 	 0.00000000 	 0.00000000 	 0.00000000 	 0.00000000 	 0.00000000 	 0.00000000 	 0.00000000 	 0.00000000 	 0.00000000 	 0.00000000 	 0.00000000 	 0.00000000 	 0.00000000 	 0.00000000 	 0.00000000 	 0.00000000 	 0.00000000 	 0.01374152 	 0.00000000 	 7.05379542 	 451.89305576 	 72.17450357 	 11.85523469 	 0.00000000 	 0.00000000 	 3.61317369 	 20.75335152 	 0.00000000 	 0.00000000 	 0.00000000 	 0.00000000 	 0.00000000 	 0.00000000 	 0.00000000 	 0.00000000 	 0.00000000 	 0.00000000 	 0.00000000 	 0.00000000 	 0.00000000 	 0.00000000 	 0.00000000
1896 	 0.42491608 	 1.15846421 	 60.63198691 	 1.00445073 	 20.11138214 	 0.00000000 	 0.00000000 	 0.00000000 	 0.00000000 	 0.00000000 	 0.00000000 	 0.00000000 	 0.00000000 	 0.00000000 	 0.00000000 	 0.00000000 	 0.00000000 	 0.00000000 	 0.00000000 	 0.00000000 	 0.00000000 	 0.00000000 	 0.00000000 	 0.00000000 	 0.00000000 	 0.00000000 	 0.00000000 	 0.00000000 	 0.00027834 	 0.00000000 	 0.01572242 	 0.00000000 	 7.15471637 	 453.80585022 	 72.56121424 	 11.95845894 	 0.00000000 	 0.00000000 	 3.63321077 	 20.79775316 	 0.00000000 	 0.00000000 	 0.00000000 	 0.00000000 	 0.00000000 	 0.00000000 	 0.00000000 	 0.00000000 	 0.00000000 	 0.00000000 	 0.00000000 	 0.00000000 	 0.00000000 	 0.00000000 	 0.00000000
1897 	 0.44426209 	 1.20206530 	 61.27007784 	 1.01077443 	 21.00449048 	 0.00000000 	 0.00000000 	 0.00000000 	 0.00000000 	 0.00000000 	 0.00000000 	 0.00000000 	 0.00000000 	 0.00000000 	 0.00000000 	 0.00000000 	 0.00000000 	 0.00000000 	 0.00000000 	 0.00000000 	 0.00000000 	 0.00000000 	 0.00000000 	 0.00000000 	 0.00000000 	 0.00000000 	 0.00000000 	 0.00000000 	 0.00098565 	 0.00000000 	 0.01874276 	 0.00000000 	 7.18438132 	 454.15712593 	 72.61484707 	 12.05343915 	 0.00000000 	 0.00000000 	 3.65196291 	 20.78945652 	 0.00000000 	 0.00000000 	 0.00000000 	 0.00000000 	 0.00000000 	 0.00000000 	 0.00000000 	 0.00000000 	 0.00000000 	 0.00000000 	 0.00000000 	 0.00000000 	 0.00000000 	 0.00000000 	 0.00000000
1898 	 0.46786793 	 1.18911937 	 61.93984347 	 1.01799624 	 22.13322886 	 0.00000000 	 0.00000000 	 0.00000000 	 0.00000000 	 0.00000000 	 0.00000000 	 0.00000000 	 0.00000000 	 0.00000000 	 0.00000000 	 0.00000000 	 0.00000000 	 0.00000000 	 0.00000000 	 0.00000000 	 0.00000000 	 0.00000000 	 0.00000000 	 0.00000000 	 0.00000000 	 0.00000000 	 0.00000000 	 0.00000000 	 0.00200710 	 0.00000000 	 0.02309467 	 0.00000000 	 7.19886654 	 455.09842308 	 72.73045619 	 12.16094494 	 0.00000000 	 0.00000000 	 3.67882873 	 20.83328996 	 0.00000000 	 0.00000000 	 0.00000000 	 0.00000000 	 0.00000000 	 0.00000000 	 0.00000000 	 0.00000000 	 0.00000000 	 0.00000000 	 0.00000000 	 0.00000000 	 0.00000000 	 0.00000000 	 0.00000000
1899 	 0.50879721 	 1.21386755 	 62.87362968 	 1.02915748 	 24.00025108 	 0.00000000 	 0.00000000 	 0.00000000 	 0.00000000 	 0.00000000 	 0.00000000 	 0.00000000 	 0.00000000 	 0.00000000 	 0.00000000 	 0.00000000 	 0.00000000 	 0.00000000 	 0.00000000 	 0.00000000 	 0.00000000 	 0.00000000 	 0.00000000 	 0.00000000 	 0.00000000 	 0.00000000 	 0.00000000 	 0.00000000 	 0.00342347 	 0.00000000 	 0.02911693 	 0.00000000 	 7.33411655 	 459.07280698 	 73.17764795 	 12.26143795 	 0.00000000 	 0.00000000 	 3.74228997 	 20.91746318 	 0.00000000 	 0.00000000 	 0.00000000 	 0.00000000 	 0.00000000 	 0.00000000 	 0.00000000 	 0.00000000 	 0.00000000 	 0.00000000 	 0.00000000 	 0.00000000 	 0.00000000 	 0.00000000 	 0.00000000
1900 	 0.53592158 	 1.22982909 	 63.58659398 	 1.03435722 	 25.14411852 	 0.00000000 	 0.00000000 	 0.00000000 	 0.00000000 	 0.00000000 	 0.00000000 	 0.00000000 	 0.00000000 	 0.00000000 	 0.00000000 	 0.00000000 	 0.00000000 	 0.00000000 	 0.00000000 	 0.00000000 	 0.00000000 	 0.00000000 	 0.00000000 	 0.00000000 	 0.00000000 	 0.00000000 	 0.00000000 	 0.00000000 	 0.00532773 	 0.00000000 	 0.03720108 	 0.00000000 	 7.35459893 	 458.75750696 	 73.07479273 	 12.34674453 	 0.00000000 	 0.00000000 	 3.76042554 	 20.87017551 	 0.00000000 	 0.00000000 	 0.00000000 	 0.00000000 	 0.00000000 	 0.00000000 	 0.00000000 	 0.00000000 	 0.00000000 	 0.00000000 	 0.00000000 	 0.00000000 	 0.00000000 	 0.00000000 	 0.00000000
1901 	 0.55533263 	 1.23710858 	 64.05121976 	 1.03672800 	 26.10203698 	 0.00000000 	 0.00000000 	 0.00000000 	 0.00000000 	 0.00000000 	 0.00000000 	 0.00000000 	 0.00000000 	 0.00000000 	 0.00000000 	 0.00000000 	 0.00000000 	 0.00000000 	 0.00000000 	 0.00000000 	 0.00000000 	 0.00000000 	 0.00000000 	 0.00000000 	 0.00000000 	 0.00000000 	 0.00000000 	 0.00000000 	 0.00782449 	 0.00000000 	 0.04778507 	 0.00000000 	 7.32364474 	 456.84978944 	 72.79415826 	 12.43315101 	 0.00000000 	 0.00000000 	 3.76701860 	 20.75987910 	 0.00000000 	 0.00000000 	 0.00000000 	 0.00000000 	 0.00000000 	 0.00000000 	 0.00000000 	 0.00000000 	 0.00000000 	 0.00000000 	 0.00000000 	 0.00000000 	 0.00000000 	 0.00000000 	 0.00000000
1902 	 0.57057607 	 1.26288628 	 64.49723450 	 1.04293084 	 26.84970846 	 0.00000000 	 0.00000000 	 0.00000000 	 0.00000000 	 0.00000000 	 0.00000000 	 0.00000000 	 0.00000000 	 0.00000000 	 0.00000000 	 0.00000000 	 0.00000000 	 0.00000000 	 0.00000000 	 0.00000000 	 0.00000000 	 0.00000000 	 0.00000000 	 0.00000000 	 0.00000000 	 0.00000000 	 0.00000000 	 0.00000000 	 0.01101892 	 0.00000000 	 0.06130972 	 0.00000000 	 7.36550968 	 456.80645391 	 72.79234177 	 12.52668188 	 0.00000000 	 0.00000000 	 3.77875980 	 20.69489083 	 0.00000000 	 0.00000000 	 0.00000000 	 0.00000000 	 0.00000000 	 0.00000000 	 0.00000000 	 0.00000000 	 0.00000000 	 0.00000000 	 0.00000000 	 0.00000000 	 0.00000000 	 0.00000000 	 0.00000000
1903 	 0.62026923 	 1.25462441 	 65.40759854 	 1.05249555 	 29.02125648 	 0.00000000 	 0.00000000 	 0.00000000 	 0.00000000 	 0.00000000 	 0.00000000 	 0.00000000 	 0.00000000 	 0.00000000 	 0.00000000 	 0.00000000 	 0.00000000 	 0.00000000 	 0.00000000 	 0.00000000 	 0.00000000 	 0.00000000 	 0.00000000 	 0.00000000 	 0.00000000 	 0.00000000 	 0.00000000 	 0.00000000 	 0.01500360 	 0.00000000 	 0.07815748 	 0.00000000 	 7.50383479 	 460.76577989 	 73.21017299 	 12.62865303 	 0.00000000 	 0.00000000 	 3.85061229 	 20.73586387 	 0.00000000 	 0.00000000 	 0.00000000 	 0.00000000 	 0.00000000 	 0.00000000 	 0.00000000 	 0.00000000 	 0.00000000 	 0.00000000 	 0.00000000 	 0.00000000 	 0.00000000 	 0.00000000 	 0.00000000
1904 	 0.62890412 	 1.27703880 	 65.85479811 	 1.06075651 	 29.46426910 	 0.00000000 	 0.00000000 	 0.00000000 	 0.00000000 	 0.00000000 	 0.00000000 	 0.00000000 	 0.00000000 	 0.00000000 	 0.00000000 	 0.00000000 	 0.00000000 	 0.00000000 	 0.00000000 	 0.00000000 	 0.00000000 	 0.00000000 	 0.00000000 	 0.00000000 	 0.00000000 	 0.00000000 	 0.00000000 	 0.00000000 	 0.01992118 	 0.00000000 	 0.09893193 	 0.00000000 	 7.56046932 	 460.81636386 	 73.43394772 	 12.74197021 	 0.00000000 	 0.00000000 	 3.84622545 	 20.71193149 	 0.00000000 	 0.00000000 	 0.00000000 	 0.00000000 	 0.00000000 	 0.00000000 	 0.00000000 	 0.00000000 	 0.00000000 	 0.00000000 	 0.00000000 	 0.00000000 	 0.00000000 	 0.00000000 	 0.00000000
1905 	 0.66909821 	 1.31734284 	 66.63298003 	 1.07357696 	 31.28149628 	 0.00000000 	 0.00000000 	 0.00000000 	 0.00000000 	 0.00000000 	 0.00000000 	 0.00000000 	 0.00000000 	 0.00000000 	 0.00000000 	 0.00000000 	 0.00000000 	 0.00000000 	 0.00000000 	 0.00000000 	 0.00000000 	 0.00000000 	 0.00000000 	 0.00000000 	 0.00000000 	 0.00000000 	 0.00000000 	 0.00000000 	 0.02587834 	 0.00000000 	 0.12408047 	 0.00000000 	 7.70725759 	 465.85553345 	 74.21134795 	 12.88312344 	 0.00000000 	 0.00000000 	 3.90556928 	 20.85652016 	 0.00000000 	 0.00000000 	 0.00000000 	 0.00000000 	 0.00000000 	 0.00000000 	 0.00000000 	 0.00000000 	 0.00000000 	 0.00000000 	 0.00000000 	 0.00000000 	 0.00000000 	 0.00000000 	 0.00000000
1906 	 0.71233963 	 1.32022528 	 67.62462456 	 1.09420958 	 33.21180418 	 0.00000000 	 0.00000000 	 0.00000000 	 0.00000000 	 0.00000000 	 0.00000000 	 0.00000000 	 0.00000000 	 0.00000000 	 0.00000000 	 0.00000000 	 0.00000000 	 0.00000000 	 0.00000000 	 0.00000000 	 0.00000000 	 0.00000000 	 0.00000000 	 0.00000000 	 0.00000000 	 0.00000000 	 0.00000000 	 0.00000000 	 0.03298204 	 0.00000000 	 0.15406772 	 0.00000000 	 7.91981844 	 473.03369498 	 75.48836833 	 13.06468750 	 0.00000000 	 0.00000000 	 3.98755576 	 21.15183342 	 0.00000000 	 0.00000000 	 0.00000000 	 0.00000000 	 0.00000000 	 0.00000000 	 0.00000000 	 0.00000000 	 0.00000000 	 0.00000000 	 0.00000000 	 0.00000000 	 0.00000000 	 0.00000000 	 0.00000000
1907 	 0.79137768 	 1.29599799 	 69.12100225 	 1.11053599 	 36.48869744 	 0.00000000 	 0.00000000 	 0.00000000 	 0.00000000 	 0.00000000 	 0.00000000 	 0.00000000 	 0.00000000 	 0.00000000 	 0.00000000 	 0.00000000 	 0.00000000 	 0.00000000 	 0.00000000 	 0.00000000 	 0.00000000 	 0.00000000 	 0.00000000 	 0.00000000 	 0.00000000 	 0.00000000 	 0.00000000 	 0.00000000 	 0.04127694 	 0.00000000 	 0.18909520 	 0.00000000 	 8.18490988 	 480.96623730 	 76.55646587 	 13.20618887 	 0.00000000 	 0.00000000 	 4.09850394 	 21.31901639 	 0.00000000 	 0.00000000 	 0.00000000 	 0.00000000 	 0.00000000 	 0.00000000 	 0.00000000 	 0.00000000 	 0.00000000 	 0.00000000 	 0.00000000 	 0.00000000 	 0.00000000 	 0.00000000 	 0.00000000
1908 	 0.76716039 	 1.32064266 	 69.24473166 	 1.12448638 	 35.05702726 	 0.00000000 	 0.00000000 	 0.00000000 	 0.00000000 	 0.00000000 	 0.00000000 	 0.00000000 	 0.00000000 	 0.00000000 	 0.00000000 	 0.00000000 	 0.00000000 	 0.00000000 	 0.00000000 	 0.00000000 	 0.00000000 	 0.00000000 	 0.00000000 	 0.00000000 	 0.00000000 	 0.00000000 	 0.00000000 	 0.00000000 	 0.05080448 	 0.00000000 	 0.22936464 	 0.00000000 	 8.23122766 	 481.10903958 	 77.09006062 	 13.36179539 	 0.00000000 	 0.00000000 	 4.06265124 	 21.39693165 	 0.00000000 	 0.00000000 	 0.00000000 	 0.00000000 	 0.00000000 	 0.00000000 	 0.00000000 	 0.00000000 	 0.00000000 	 0.00000000 	 0.00000000 	 0.00000000 	 0.00000000 	 0.00000000 	 0.00000000
1909 	 0.79681856 	 1.34993927 	 69.97151230 	 1.13793101 	 36.78475479 	 0.00000000 	 0.00000000 	 0.00000000 	 0.00000000 	 0.00000000 	 0.00000000 	 0.00000000 	 0.00000000 	 0.00000000 	 0.00000000 	 0.00000000 	 0.00000000 	 0.00000000 	 0.00000000 	 0.00000000 	 0.00000000 	 0.00000000 	 0.00000000 	 0.00000000 	 0.00000000 	 0.00000000 	 0.00000000 	 0.00000000 	 0.06150818 	 0.00000000 	 0.27466963 	 0.00000000 	 8.35090426 	 484.15244809 	 77.68807681 	 13.49400227 	 0.00000000 	 0.00000000 	 4.11514648 	 21.48746912 	 0.00000000 	 0.00000000 	 0.00000000 	 0.00000000 	 0.00000000 	 0.00000000 	 0.00000000 	 0.00000000 	 0.00000000 	 0.00000000 	 0.00000000 	 0.00000000 	 0.00000000 	 0.00000000 	 0.00000000
1910 	 0.83640459 	 1.29554724 	 70.61383949 	 1.14624491 	 38.40910520 	 0.00000000 	 0.00000000 	 0.00000000 	 0.00000000 	 0.00000000 	 0.00000000 	 0.00000000 	 0.00000000 	 0.00000000 	 0.00000000 	 0.00000000 	 0.00000000 	 0.00000000 	 0.00000000 	 0.00000000 	 0.00000000 	 0.00000000 	 0.00000000 	 0.00000000 	 0.00000000 	 0.00000000 	 0.00000000 	 0.00000000 	 0.07317594 	 0.00000000 	 0.32416496 	 0.00000000 	 8.45168583 	 485.31210071 	 77.71622156 	 13.58920862 	 0.00000000 	 0.00000000 	 4.15384600 	 21.43509422 	 0.00000000 	 0.00000000 	 0.00000000 	 0.00000000 	 0.00000000 	 0.00000000 	 0.00000000 	 0.00000000 	 0.00000000 	 0.00000000 	 0.00000000 	 0.00000000 	 0.00000000 	 0.00000000 	 0.00000000
1911 	 0.85211753 	 1.31734771 	 71.43749129 	 1.15348316 	 38.77690205 	 0.00000000 	 0.00000000 	 0.00000000 	 0.00000000 	 0.00000000 	 0.00000000 	 0.00000000 	 0.00000000 	 0.00000000 	 0.00000000 	 0.00000000 	 0.00000000 	 0.00000000 	 0.00000000 	 0.00000000 	 0.00000000 	 0.00000000 	 0.00000000 	 0.00000000 	 0.00000000 	 0.00000000 	 0.00000000 	 0.00000000 	 0.08552143 	 0.00000000 	 0.37664711 	 0.00000000 	 8.49325548 	 484.83044824 	 77.59697346 	 13.67698275 	 0.00000000 	 0.00000000 	 4.16377855 	 21.34553972 	 0.00000000 	 0.00000000 	 0.00000000 	 0.00000000 	 0.00000000 	 0.00000000 	 0.00000000 	 0.00000000 	 0.00000000 	 0.00000000 	 0.00000000 	 0.00000000 	 0.00000000 	 0.00000000 	 0.00000000
1912 	 0.89405769 	 1.27898816 	 72.47794198 	 1.16806290 	 40.15047912 	 0.00000000 	 0.00000000 	 0.00000000 	 0.00000000 	 0.00000000 	 0.00000000 	 0.00000000 	 0.00000000 	 0.00000000 	 0.00000000 	 0.00000000 	 0.00000000 	 0.00000000 	 0.00000000 	 0.00000000 	 0.00000000 	 0.00000000 	 0.00000000 	 0.00000000 	 0.00000000 	 0.00000000 	 0.00000000 	 0.00000000 	 0.09832621 	 0.00000000 	 0.43120676 	 0.00000000 	 8.61217130 	 489.48506959 	 78.22469851 	 13.82219163 	 0.00000000 	 0.00000000 	 4.21684742 	 21.49945709 	 0.00000000 	 0.00000000 	 0.00000000 	 0.00000000 	 0.00000000 	 0.00000000 	 0.00000000 	 0.00000000 	 0.00000000 	 0.00000000 	 0.00000000 	 0.00000000 	 0.00000000 	 0.00000000 	 0.00000000
1913 	 0.96472589 	 1.23213902 	 73.93679568 	 1.17845123 	 41.75519082 	 0.00000000 	 0.00000000 	 0.00000000 	 0.00000000 	 0.00000000 	 0.00000000 	 0.00000000 	 0.00000000 	 0.00000000 	 0.00000000 	 0.00000000 	 0.00000000 	 0.00000000 	 0.00000000 	 0.00000000 	 0.00000000 	 0.00000000 	 0.00000000 	 0.00000000 	 0.00000000 	 0.00000000 	 0.00000000 	 0.00000000 	 0.11132095 	 0.00000000 	 0.48668684 	 0.00000000 	 8.78403732 	 493.31418187 	 78.62238940 	 13.92237622 	 0.00000000 	 0.00000000 	 4.27620550 	 21.48826066 	 0.00000000 	 0.00000000 	 0.00000000 	 0.00000000 	 0.00000000 	 0.00000000 	 0.00000000 	 0.00000000 	 0.00000000 	 0.00000000 	 0.00000000 	 0.00000000 	 0.00000000 	 0.00000000 	 0.00000000
1914 	 0.87831406 	 1.25447749 	 73.52636732 	 1.18263545 	 38.23625153 	 0.00000000 	 0.00000000 	 0.00000000 	 0.00000000 	 0.00000000 	 0.00000000 	 0.00000000 	 0.00000000 	 0.00000000 	 0.00000000 	 0.00000000 	 0.00000000 	 0.00000000 	 0.00000000 	 0.00000000 	 0.00000000 	 0.00000000 	 0.00000000 	 0.00000000 	 0.00000000 	 0.00000000 	 0.00000000 	 0.00000000 	 0.12426202 	 0.00000000 	 0.54205977 	 0.00000000 	 8.64249273 	 486.57390421 	 78.20439198 	 14.04347149 	 0.00000000 	 0.00000000 	 4.15339767 	 21.31213003 	 0.00000000 	 0.00000000 	 0.00000000 	 0.00000000 	 0.00000000 	 0.00000000 	 0.00000000 	 0.00000000 	 0.00000000 	 0.00000000 	 0.00000000 	 0.00000000 	 0.00000000 	 0.00000000 	 0.00000000
1915 	 0.86527807 	 1.24758414 	 74.11482762 	 1.19664701 	 38.15392020 	 0.00000000 	 0.00000000 	 0.00000000 	 0.00000000 	 0.00000000 	 0.00000000 	 0.00000000 	 0.00000000 	 0.00000000 	 0.00000000 	 0.00000000 	 0.00000000 	 0.00000000 	 0.00000000 	 0.00000000 	 0.00000000 	 0.00000000 	 0.00000000 	 0.00000000 	 0.00000000 	 0.00000000 	 0.00000000 	 0.00000000 	 0.13686403 	 0.00000000 	 0.59609955 	 0.00000000 	 8.76134973 	 488.71929743 	 78.79227995 	 14.18962764 	 0.00000000 	 0.00000000 	 4.17746635 	 21.38558987 	 0.00000000 	 0.00000000 	 0.00000000 	 0.00000000 	 0.00000000 	 0.00000000 	 0.00000000 	 0.00000000 	 0.00000000 	 0.00000000 	 0.00000000 	 0.00000000 	 0.00000000 	 0.00000000 	 0.00000000
1916 	 0.92872426 	 1.23434924 	 75.65170127 	 1.21498250 	 41.52240420 	 0.00000000 	 0.00000000 	 0.00000000 	 0.00000000 	 0.00000000 	 0.00000000 	 0.00000000 	 0.00000000 	 0.00000000 	 0.00000000 	 0.00000000 	 0.00000000 	 0.00000000 	 0.00000000 	 0.00000000 	 0.00000000 	 0.00000000 	 0.00000000 	 0.00000000 	 0.00000000 	 0.00000000 	 0.00000000 	 0.00000000 	 0.14877912 	 0.00000000 	 0.64734069 	 0.00000000 	 9.06026257 	 495.36962765 	 79.87918441 	 14.34272145 	 0.00000000 	 0.00000000 	 4.27110048 	 21.53563055 	 0.00000000 	 0.00000000 	 0.00000000 	 0.00000000 	 0.00000000 	 0.00000000 	 0.00000000 	 0.00000000 	 0.00000000 	 0.00000000 	 0.00000000 	 0.00000000 	 0.00000000 	 0.00000000 	 0.00000000
1917 	 0.96125436 	 1.24054938 	 76.87886331 	 1.22600416 	 43.22404569 	 0.00000000 	 0.00000000 	 0.00000000 	 0.00000000 	 0.00000000 	 0.00000000 	 0.00000000 	 0.00000000 	 0.00000000 	 0.00000000 	 0.00000000 	 0.00000000 	 0.00000000 	 0.00000000 	 0.00000000 	 0.00000000 	 0.00000000 	 0.00000000 	 0.00000000 	 0.00000000 	 0.00000000 	 0.00000000 	 0.00000000 	 0.15963644 	 0.00000000 	 0.69419056 	 0.00000000 	 9.22974793 	 498.49412720 	 80.44073386 	 14.47440921 	 0.00000000 	 0.00000000 	 4.32295302 	 21.54213053 	 0.00000000 	 0.00000000 	 0.00000000 	 0.00000000 	 0.00000000 	 0.00000000 	 0.00000000 	 0.00000000 	 0.00000000 	 0.00000000 	 0.00000000 	 0.00000000 	 0.00000000 	 0.00000000 	 0.00000000
1918 	 0.94556906 	 1.24140073 	 77.04871418 	 1.23732077 	 42.75098489 	 0.00000000 	 0.00000000 	 0.00000000 	 0.00000000 	 0.00000000 	 0.00000000 	 0.00000000 	 0.00000000 	 0.00000000 	 0.00000000 	 0.00000000 	 0.00000000 	 0.00000000 	 0.00000000 	 0.00000000 	 0.00000000 	 0.00000000 	 0.00000000 	 0.00000000 	 0.00000000 	 0.00000000 	 0.00000000 	 0.00000000 	 0.16939169 	 0.00000000 	 0.73645257 	 0.00000000 	 9.30615082 	 499.37340112 	 80.88347341 	 14.62659370 	 0.00000000 	 0.00000000 	 4.31349547 	 21.55952946 	 0.00000000 	 0.00000000 	 0.00000000 	 0.00000000 	 0.00000000 	 0.00000000 	 0.00000000 	 0.00000000 	 0.00000000 	 0.00000000 	 0.00000000 	 0.00000000 	 0.00000000 	 0.00000000 	 0.00000000
1919 	 0.82513907 	 1.22305405 	 76.27713441 	 1.24579773 	 36.51234832 	 0.00000000 	 0.00000000 	 0.00000000 	 0.00000000 	 0.00000000 	 0.00000000 	 0.00000000 	 0.00000000 	 0.00000000 	 0.00000000 	 0.00000000 	 0.00000000 	 0.00000000 	 0.00000000 	 0.00000000 	 0.00000000 	 0.00000000 	 0.00000000 	 0.00000000 	 0.00000000 	 0.00000000 	 0.00000000 	 0.00000000 	 0.17841180 	 0.00000000 	 0.77565707 	 0.00000000 	 9.26985417 	 492.10432703 	 80.87433055 	 14.74402706 	 0.00000000 	 0.00000000 	 4.12408414 	 21.31382130 	 0.00000000 	 0.00000000 	 0.00000000 	 0.00000000 	 0.00000000 	 0.00000000 	 0.00000000 	 0.00000000 	 0.00000000 	 0.00000000 	 0.00000000 	 0.00000000 	 0.00000000 	 0.00000000 	 0.00000000
1920 	 0.94565842 	 1.25641922 	 78.51077144 	 1.26115380 	 40.48701996 	 0.00000000 	 0.00000000 	 0.00000000 	 0.00000000 	 0.00000000 	 0.00000000 	 0.00000000 	 0.00000000 	 0.00000000 	 0.00000000 	 0.00000000 	 0.00000000 	 0.00000000 	 0.00000000 	 0.00000000 	 0.00000000 	 0.00000000 	 0.00000000 	 0.00000000 	 0.00003748 	 0.00000000 	 0.00000000 	 0.00000000 	 0.18741547 	 0.00000000 	 0.81487861 	 0.00000957 	 9.68405630 	 502.09566010 	 81.85808055 	 14.86296112 	 0.00000000 	 0.00000000 	 4.26137338 	 21.39496310 	 0.00000000 	 0.00000000 	 0.00000000 	 0.00000000 	 0.00000000 	 0.00000000 	 0.00000000 	 0.00000000 	 0.00000000 	 0.00000000 	 0.00000000 	 0.00000000 	 0.00000000 	 0.00000000 	 0.00000000
1921 	 0.83222580 	 1.32067431 	 77.73447777 	 1.26824602 	 34.61918139 	 0.00000000 	 0.00000000 	 0.00000000 	 0.00000000 	 0.00000000 	 0.00000000 	 0.00000000 	 0.00000000 	 0.00000000 	 0.00000000 	 0.00000000 	 0.00000000 	 0.00000000 	 0.00000000 	 0.00000000 	 0.00000000 	 0.00000000 	 0.00000000 	 0.00000000 	 0.00008357 	 0.00000000 	 0.00000000 	 0.00000000 	 0.19721826 	 0.00000000 	 0.85761789 	 0.00002127 	 9.58424984 	 495.70875168 	 81.55149001 	 14.98232868 	 0.00000000 	 0.00000000 	 4.11713338 	 21.26159793 	 0.00000000 	 0.00000000 	 0.00000000 	 0.00000000 	 0.00000000 	 0.00000000 	 0.00000000 	 0.00000000 	 0.00000000 	 0.00000000 	 0.00000000 	 0.00000000 	 0.00000000 	 0.00000000 	 0.00000000
1922 	 0.87985566 	 1.31074408 	 79.36731282 	 1.28298072 	 36.24686648 	 0.00000000 	 0.00000000 	 0.00000000 	 0.00000000 	 0.00000000 	 0.00000000 	 0.00000000 	 0.00000000 	 0.00000000 	 0.00000000 	 0.00000000 	 0.00000000 	 0.00000000 	 0.00000000 	 0.00000000 	 0.00000000 	 0.00000000 	 0.00000000 	 0.00000000 	 0.00014520 	 0.00000000 	 0.00000000 	 0.00000000 	 0.20851158 	 0.00000000 	 0.90690302 	 0.00003691 	 9.83285568 	 498.39929021 	 81.97374463 	 15.08077580 	 0.00000000 	 0.00000000 	 4.15147048 	 21.17447814 	 0.00000000 	 0.00000000 	 0.00000000 	 0.00000000 	 0.00000000 	 0.00000000 	 0.00000000 	 0.00000000 	 0.00000000 	 0.00000000 	 0.00000000 	 0.00000000 	 0.00000000 	 0.00000000 	 0.00000000
1923 	 0.98530676 	 1.33944994 	 81.56431347 	 1.30208288 	 39.70108477 	 0.00000000 	 0.00000000 	 0.00000000 	 0.00000000 	 0.00000000 	 0.00000000 	 0.00000000 	 0.00000000 	 0.00000000 	 0.00000000 	 0.00000000 	 0.00000000 	 0.00000000 	 0.00000000 	 0.00000000 	 0.00000000 	 0.00000000 	 0.00000000 	 0.00000000 	 0.00022343 	 0.00000000 	 0.00000000 	 0.00000000 	 0.22104630 	 0.00000000 	 0.96177932 	 0.00005675 	 10.19458628 	 511.66225396 	 83.10689535 	 15.20938114 	 0.00000000 	 0.00000000 	 4.36522120 	 21.26446832 	 0.00000000 	 0.00000000 	 0.00000000 	 0.00000000 	 0.00000000 	 0.00000000 	 0.00000000 	 0.00000000 	 0.00000000 	 0.00000000 	 0.00000000 	 0.00000000 	 0.00000000 	 0.00000000 	 0.00000000
1924 	 0.99181646 	 1.34314957 	 82.63817060 	 1.31627120 	 39.81353523 	 0.00000000 	 0.00000000 	 0.00000000 	 0.00000000 	 0.00000000 	 0.00000000 	 0.00000000 	 0.00000000 	 0.00000000 	 0.00000000 	 0.00000000 	 0.00000000 	 0.00000000 	 0.00000000 	 0.00000000 	 0.00000000 	 0.00000000 	 0.00000000 	 0.00000000 	 0.00031782 	 0.00000000 	 0.00000000 	 0.00000000 	 0.23394064 	 0.00000000 	 1.01861441 	 0.00008069 	 10.25803184 	 510.11574648 	 82.95092345 	 15.30587909 	 0.00000000 	 0.00000000 	 4.34576758 	 21.22452855 	 0.00000000 	 0.00000000 	 0.00000000 	 0.00000000 	 0.00000000 	 0.00000000 	 0.00000000 	 0.00000000 	 0.00000000 	 0.00000000 	 0.00000000 	 0.00000000 	 0.00000000 	 0.00000000 	 0.00000000
1925 	 1.00924827 	 1.34237183 	 83.71927125 	 1.35770202 	 40.15548481 	 0.00000000 	 0.00000000 	 0.00000000 	 0.00000000 	 0.00000000 	 0.00000000 	 0.00000000 	 0.00000000 	 0.00000000 	 0.00000000 	 0.00000000 	 0.00000000 	 0.00000000 	 0.00000000 	 0.00000000 	 0.00000000 	 0.00000000 	 0.00000000 	 0.00000000 	 0.00042571 	 0.00000000 	 0.00000000 	 0.00000000 	 0.24636918 	 0.00000000 	 1.07401350 	 0.00010804 	 10.49160385 	 513.63883364 	 83.72750880 	 15.72723144 	 0.00000000 	 0.00000000 	 4.37568002 	 21.29849578 	 0.00000000 	 0.00000000 	 0.00000000 	 0.00000000 	 0.00000000 	 0.00000000 	 0.00000000 	 0.00000000 	 0.00000000 	 0.00000000 	 0.00000000 	 0.00000000 	 0.00000000 	 0.00000000 	 0.00000000
1926 	 1.00900881 	 1.34560495 	 83.99689504 	 1.38113271 	 41.17794843 	 0.00000000 	 0.00000000 	 0.00000000 	 0.00000000 	 0.00000000 	 0.00000000 	 0.00000000 	 0.00000000 	 0.00000000 	 0.00000000 	 0.00000000 	 0.00000000 	 0.00000000 	 0.00000000 	 0.00000000 	 0.00000000 	 0.00000000 	 0.00000000 	 0.00000000 	 0.00054120 	 0.00000000 	 0.00000000 	 0.00000000 	 0.25785122 	 0.00000000 	 1.12616672 	 0.00013730 	 10.57142006 	 510.64282437 	 83.41509277 	 16.00606225 	 0.00000000 	 0.00000000 	 4.33484485 	 21.14037986 	 0.00000000 	 0.00000000 	 0.00000000 	 0.00000000 	 0.00000000 	 0.00000000 	 0.00000000 	 0.00000000 	 0.00000000 	 0.00000000 	 0.00000000 	 0.00000000 	 0.00000000 	 0.00000000 	 0.00000000
1927 	 1.09470651 	 1.35531048 	 87.05880401 	 1.41098440 	 43.53859480 	 0.00000000 	 0.00000000 	 0.00000000 	 0.00000000 	 0.00000000 	 0.00000000 	 0.00000000 	 0.00000000 	 0.00000000 	 0.00000000 	 0.00000000 	 0.00000000 	 0.00000000 	 0.00000000 	 0.00000000 	 0.00000000 	 0.00000000 	 0.00000000 	 0.00000000 	 0.00065414 	 0.00000000 	 0.00000000 	 0.00000000 	 0.26818592 	 0.00000000 	 1.17458336 	 0.00016589 	 10.99829293 	 519.97365725 	 85.11743153 	 16.25105981 	 0.00000000 	 0.00000000 	 4.39183127 	 21.28816359 	 0.00000000 	 0.00000000 	 0.00000000 	 0.00000000 	 0.00000000 	 0.00000000 	 0.00000000 	 0.00000000 	 0.00000000 	 0.00000000 	 0.00000000 	 0.00000000 	 0.00000000 	 0.00000000 	 0.00000000
1928 	 1.09780510 	 1.34825175 	 88.49989168 	 1.43689312 	 43.76191031 	 0.00000000 	 0.00000000 	 0.00000000 	 0.00000000 	 0.00000000 	 0.00000000 	 0.00000000 	 0.00000000 	 0.00000000 	 0.00000000 	 0.00000000 	 0.00000000 	 0.00000000 	 0.00000000 	 0.00000000 	 0.00000000 	 0.00000000 	 0.00000000 	 0.00000000 	 0.00074897 	 0.00000000 	 0.00000000 	 0.00000000 	 0.27759787 	 0.00000000 	 1.22078610 	 0.00018985 	 11.20443790 	 523.17275988 	 86.30125997 	 16.48004797 	 0.00000000 	 0.00000000 	 4.35798445 	 21.46003716 	 0.00000000 	 0.00000000 	 0.00000000 	 0.00000000 	 0.00000000 	 0.00000000 	 0.00000000 	 0.00000000 	 0.00000000 	 0.00000000 	 0.00000000 	 0.00000000 	 0.00000000 	 0.00000000 	 0.00000000
1929 	 1.17936072 	 1.33572730 	 90.80312816 	 1.46440351 	 46.72136770 	 0.00000000 	 0.00000000 	 0.00000000 	 0.00000000 	 0.00000000 	 0.00000000 	 0.00000000 	 0.00000000 	 0.00000000 	 0.00000000 	 0.00000000 	 0.00000000 	 0.00000000 	 0.00000000 	 0.00000000 	 0.00000000 	 0.00000000 	 0.00000000 	 0.00000000 	 0.00080361 	 0.00000000 	 0.00000000 	 0.00000000 	 0.28696136 	 0.00000000 	 1.26927970 	 0.00020360 	 11.60844966 	 530.68896183 	 87.67456691 	 16.64512644 	 0.00000000 	 0.00000000 	 4.41000900 	 21.56362093 	 0.00000000 	 0.00000000 	 0.00000000 	 0.00000000 	 0.00000000 	 0.00000000 	 0.00000000 	 0.00000000 	 0.00000000 	 0.00000000 	 0.00000000 	 0.00000000 	 0.00000000 	 0.00000000 	 0.00000000
1930 	 1.08590234 	 1.37015909 	 90.81523971 	 1.46647998 	 43.13518336 	 0.00000000 	 0.00000000 	 0.00000000 	 0.00000000 	 0.00000000 	 0.00000000 	 0.00000000 	 0.00000000 	 0.00000000 	 0.00000000 	 0.00000000 	 0.00000000 	 0.00000000 	 0.00000000 	 0.00000000 	 0.00000000 	 0.00000000 	 0.00000000 	 0.00000000 	 0.00078857 	 0.00000000 	 0.00000000 	 0.00000000 	 0.29820818 	 0.00000000 	 1.32939856 	 0.00019963 	 11.29729860 	 522.12034615 	 87.19550882 	 16.69491697 	 0.00000000 	 0.00000000 	 4.27013663 	 21.44678792 	 0.00000000 	 0.00000000 	 0.00000000 	 0.00000000 	 0.00000000 	 0.00000000 	 0.00000000 	 0.00000000 	 0.00000000 	 0.00000000 	 0.00000000 	 0.00000000 	 0.00000000 	 0.00000000 	 0.00000000
1931 	 0.97922636 	 1.41507737 	 90.70635536 	 1.46840618 	 38.24949546 	 0.00000000 	 0.00000000 	 0.00000000 	 0.00000000 	 0.00000000 	 0.00000000 	 0.00000000 	 0.00000000 	 0.00000000 	 0.00000000 	 0.00000000 	 0.00000000 	 0.00000000 	 0.00000000 	 0.00000000 	 0.00000000 	 0.00000000 	 0.00000000 	 0.00000000 	 0.00066642 	 0.00000000 	 0.00000000 	 0.00000000 	 0.31433090 	 0.00000000 	 1.41533228 	 0.00016845 	 10.94773976 	 514.53176266 	 86.44829838 	 16.80910196 	 0.00000000 	 0.00000000 	 4.14906791 	 21.35969066 	 0.00000000 	 0.00000000 	 0.00000000 	 0.00000000 	 0.00000000 	 0.00000000 	 0.00000000 	 0.00000000 	 0.00000000 	 0.00000000 	 0.00000000 	 0.00000000 	 0.00000000 	 0.00000000 	 0.00000000
1932 	 0.88657211 	 1.42833096 	 90.93919802 	 1.46488572 	 33.88900295 	 0.00000000 	 0.00000000 	 0.00000000 	 0.00000000 	 0.00000000 	 0.00000000 	 0.00000000 	 0.00000000 	 0.00000000 	 0.00000000 	 0.00000000 	 0.00000000 	 0.00000000 	 0.00000000 	 0.00000000 	 0.00000000 	 0.00000000 	 0.00000000 	 0.00000000 	 0.00039205 	 0.00000000 	 0.00000000 	 0.00000000 	 0.33892494 	 0.00000000 	 1.54414834 	 0.00009863 	 10.69524101 	 509.73088837 	 86.18278956 	 16.85969765 	 0.00000000 	 0.00000000 	 4.05574673 	 21.35001071 	 0.00000000 	 0.00000000 	 0.00000000 	 0.00000000 	 0.00000000 	 0.00000000 	 0.00000000 	 0.00000000 	 0.00000000 	 0.00000000 	 0.00000000 	 0.00000000 	 0.00000000 	 0.00000000 	 0.00000000
1933 	 0.92884972 	 1.44578656 	 92.79700720 	 1.46974234 	 35.82329185 	 0.00000000 	 0.00000000 	 0.00000000 	 0.00000000 	 0.00000000 	 0.00000000 	 0.00000000 	 0.00000000 	 0.00000000 	 0.00000000 	 0.00000000 	 0.00000000 	 0.00000000 	 0.00000000 	 0.00000000 	 0.00000000 	 0.00000000 	 0.00000000 	 0.00000000 	 0.00000000 	 0.00000000 	 0.00000000 	 0.00000000 	 0.37505139 	 0.00000000 	 1.73066847 	 0.00000000 	 10.87811609 	 513.61280465 	 86.89946262 	 16.88853876 	 0.00000000 	 0.00000000 	 4.08903727 	 21.32132377 	 0.00000000 	 0.00000000 	 0.00000000 	 0.00000000 	 0.00000000 	 0.00000000 	 0.00000000 	 0.00000000 	 0.00000000 	 0.00000000 	 0.00000000 	 0.00000000 	 0.00000000 	 0.00000000 	 0.00000000
1934 	 1.00642078 	 1.45681881 	 95.60424148 	 1.48695429 	 39.44795225 	 0.00000000 	 0.00000000 	 0.00000000 	 0.00000000 	 0.00000000 	 0.00000000 	 0.00000000 	 0.00000000 	 0.00000000 	 0.00000000 	 0.00000000 	 0.00000000 	 0.00000000 	 0.00000000 	 0.00000000 	 0.00000000 	 0.00000000 	 0.00000000 	 0.00000000 	 0.00000000 	 0.00000000 	 0.00000000 	 0.00000000 	 0.42415063 	 0.00000000 	 1.98251307 	 0.00000000 	 11.26355556 	 523.37707974 	 88.62252800 	 16.97365847 	 0.00000000 	 0.00000000 	 4.19347530 	 21.64899374 	 0.00000000 	 0.00000000 	 0.00000000 	 0.00000000 	 0.00000000 	 0.00000000 	 0.00000000 	 0.00000000 	 0.00000000 	 0.00000000 	 0.00000000 	 0.00000000 	 0.00000000 	 0.00000000 	 0.00000000
1935 	 1.05670205 	 1.43590491 	 97.79976012 	 1.49669233 	 42.55430575 	 0.00000000 	 0.00000000 	 0.00000000 	 0.00000000 	 0.00000000 	 0.00000000 	 0.00000000 	 0.00000000 	 0.00000000 	 0.00000000 	 0.00000000 	 0.00000000 	 0.00000000 	 0.00000000 	 0.00000000 	 0.00000000 	 0.00000000 	 0.00000000 	 0.00000000 	 0.00000000 	 0.00000000 	 0.00000000 	 0.00000000 	 0.48558527 	 0.00000000 	 2.29776145 	 0.00000000 	 11.56514992 	 529.41316018 	 89.65671059 	 17.02676062 	 0.00000000 	 0.00000000 	 4.24483369 	 21.76828063 	 0.00000000 	 0.00000000 	 0.00000000 	 0.00000000 	 0.00000000 	 0.00000000 	 0.00000000 	 0.00000000 	 0.00000000 	 0.00000000 	 0.00000000 	 0.00000000 	 0.00000000 	 0.00000000 	 0.00000000
1936 	 1.15600248 	 1.44666396 	 100.65026981 	 1.52705820 	 45.58807056 	 0.00000000 	 0.00000000 	 0.00000000 	 0.00000000 	 0.00000000 	 0.00000000 	 0.00000000 	 0.00000000 	 0.00000000 	 0.00000000 	 0.00000000 	 0.00000000 	 0.00000000 	 0.00000000 	 0.00000000 	 0.00000000 	 0.00000000 	 0.00000000 	 0.00000000 	 0.00000000 	 0.00000000 	 0.00000000 	 0.00000000 	 0.55677328 	 0.00000000 	 2.66534997 	 0.00000000 	 12.03595390 	 537.81859570 	 91.08704148 	 17.22672095 	 0.00000000 	 0.00000000 	 4.34147157 	 21.86738000 	 0.00000000 	 0.00000000 	 0.00000000 	 0.00000000 	 0.00000000 	 0.00000000 	 0.00000000 	 0.00000000 	 0.00000000 	 0.00000000 	 0.00000000 	 0.00000000 	 0.00000000 	 0.00000000 	 0.00000000
1937 	 1.23365359 	 1.46514269 	 103.40355804 	 1.55673432 	 49.11185220 	 0.00000000 	 0.00000000 	 0.00000000 	 0.00000000 	 0.00000000 	 0.00000000 	 0.00000000 	 0.00000000 	 0.00000000 	 0.00000000 	 0.00000000 	 0.00000000 	 0.00000000 	 0.00000000 	 0.00000000 	 0.00000000 	 0.00000000 	 0.00000000 	 0.00000000 	 0.00000000 	 0.00000000 	 0.00000000 	 0.00000000 	 0.63371201 	 0.00000000 	 3.06723361 	 0.00000000 	 12.51519269 	 546.90213112 	 92.70727713 	 17.40889164 	 0.00000000 	 0.00000000 	 4.40907961 	 21.96228575 	 0.00000000 	 0.00000000 	 0.00000000 	 0.00000000 	 0.00000000 	 0.00000000 	 0.00000000 	 0.00000000 	 0.00000000 	 0.00000000 	 0.00000000 	 0.00000000 	 0.00000000 	 0.00000000 	 0.00000000
1938 	 1.16302029 	 1.47873687 	 103.91049415 	 1.58514907 	 45.71686862 	 0.00000000 	 0.00000000 	 0.00000000 	 0.00000000 	 0.00000000 	 0.00000000 	 0.00000000 	 0.00000000 	 0.00000000 	 0.00000000 	 0.00000000 	 0.00000000 	 0.00000000 	 0.00000000 	 0.00000000 	 0.00000000 	 0.00000000 	 0.00000000 	 0.00000000 	 0.00000000 	 0.00000000 	 0.00000000 	 0.00000000 	 0.71154640 	 0.00000000 	 3.48091185 	 0.00000000 	 12.19601574 	 538.73614148 	 91.88304742 	 17.49942483 	 0.00000000 	 0.00000000 	 4.30516657 	 21.79206386 	 0.00000000 	 0.00000000 	 0.00000000 	 0.00000000 	 0.00000000 	 0.00000000 	 0.00000000 	 0.00000000 	 0.00000000 	 0.00000000 	 0.00000000 	 0.00000000 	 0.00000000 	 0.00000000 	 0.00000000
1939 	 1.22621096 	 1.46210809 	 105.97863407 	 1.61791550 	 48.70867566 	 0.00000000 	 0.00000000 	 0.00000000 	 0.00000000 	 0.00000000 	 0.00000000 	 0.00000000 	 0.00000000 	 0.00000000 	 0.00000000 	 0.00000000 	 0.00000000 	 0.00000000 	 0.00000000 	 0.00000000 	 0.00000000 	 0.00000000 	 0.00000000 	 0.00000000 	 0.00000000 	 0.00000000 	 0.00000000 	 0.00000000 	 0.78496698 	 0.00000000 	 3.88117058 	 0.00000000 	 12.47923407 	 540.38753843 	 92.17227941 	 17.56686198 	 0.00000000 	 0.00000000 	 4.34602348 	 21.67786664 	 0.00000000 	 0.00000000 	 0.00000000 	 0.00000000 	 0.00000000 	 0.00000000 	 0.00000000 	 0.00000000 	 0.00000000 	 0.00000000 	 0.00000000 	 0.00000000 	 0.00000000 	 0.00000000 	 0.00000000
1940 	 1.35380392 	 1.48972084 	 108.53302938 	 1.65933521 	 53.73990030 	 0.00000000 	 0.00000000 	 0.00000000 	 0.00000000 	 0.00000000 	 0.00000000 	 0.00000000 	 0.00000000 	 0.00000000 	 0.00000000 	 0.00000000 	 0.00000000 	 0.00000000 	 0.00000000 	 0.00000000 	 0.00000000 	 0.00000000 	 0.00000000 	 0.00000000 	 0.00000000 	 0.00000000 	 0.00000000 	 0.00000000 	 0.84840410 	 0.00000000 	 4.24100079 	 0.00000000 	 13.01139054 	 547.79773177 	 93.39110384 	 17.66565814 	 0.00000000 	 0.00000000 	 4.43714965 	 21.77819522 	 0.00000000 	 0.00000000 	 0.00000000 	 0.00000000 	 0.00000000 	 0.00000000 	 0.00000000 	 0.00000000 	 0.00000000 	 0.00000000 	 0.00000000 	 0.00000000 	 0.00000000 	 0.00000000 	 0.00000000
1941 	 1.39006251 	 1.56613063 	 111.45909736 	 1.70420647 	 56.00647694 	 0.00000000 	 0.00000000 	 0.00000000 	 0.00000000 	 0.00000000 	 0.00000000 	 0.00000000 	 0.00000000 	 0.00000000 	 0.00000000 	 0.00000000 	 0.00000000 	 0.00000000 	 0.00000000 	 0.00000000 	 0.00000000 	 0.00000000 	 0.00000000 	 0.00000000 	 0.00000000 	 0.00000000 	 0.00000000 	 0.00000000 	 0.89625274 	 0.00000000 	 4.53265659 	 0.00000000 	 13.26653876 	 553.27451724 	 94.15535196 	 17.78124090 	 0.00000000 	 0.00000000 	 4.48993936 	 21.80507080 	 0.00000000 	 0.00000000 	 0.00000000 	 0.00000000 	 0.00000000 	 0.00000000 	 0.00000000 	 0.00000000 	 0.00000000 	 0.00000000 	 0.00000000 	 0.00000000 	 0.00000000 	 0.00000000 	 0.00000000
1942 	 1.39420982 	 1.57457523 	 113.14263371 	 1.73311320 	 57.15647705 	 0.00000000 	 0.00000000 	 0.00000000 	 0.00000000 	 0.00000000 	 0.00000000 	 0.00000000 	 0.00000000 	 0.00000000 	 0.00000000 	 0.00000000 	 0.00000000 	 0.00000000 	 0.00000000 	 0.00000000 	 0.00000000 	 0.00000000 	 0.00000000 	 0.00000000 	 0.00000000 	 0.00000000 	 0.00000000 	 0.00000000 	 0.92291679 	 0.00000000 	 4.72802592 	 0.00000000 	 13.21779230 	 551.50848289 	 93.70274926 	 17.80723065 	 0.00000000 	 0.00000000 	 4.52970422 	 21.79431815 	 0.00000000 	 0.00000000 	 0.00000000 	 0.00000000 	 0.00000000 	 0.00000000 	 0.00000000 	 0.00000000 	 0.00000000 	 0.00000000 	 0.00000000 	 0.00000000 	 0.00000000 	 0.00000000 	 0.00000000
1943 	 1.44116618 	 1.56136008 	 116.51938148 	 1.77948254 	 58.04515451 	 0.00000000 	 0.00000000 	 0.00000000 	 0.00000000 	 0.00000000 	 0.00000000 	 0.00000000 	 0.00000000 	 0.00000000 	 0.00000000 	 0.00000000 	 0.00000000 	 0.00000000 	 0.00000000 	 0.00000000 	 0.00000000 	 0.00000000 	 0.00000000 	 0.00000000 	 0.00000000 	 0.00000000 	 0.00000000 	 0.00000000 	 0.92446478 	 0.00000000 	 4.80695266 	 0.00000000 	 13.60171588 	 558.64026837 	 95.09164948 	 17.92656497 	 0.00000000 	 0.00000000 	 4.58421636 	 21.91284006 	 0.00000000 	 0.00000000 	 0.00000000 	 0.00000000 	 0.00000000 	 0.00000000 	 0.00000000 	 0.00000000 	 0.00000000 	 0.00000000 	 0.00000000 	 0.00000000 	 0.00000000 	 0.00000000 	 0.00000000
1944 	 1.42759596 	 1.55523943 	 119.87926126 	 1.82695265 	 56.42331961 	 0.00000000 	 0.00000000 	 0.00000000 	 0.00000000 	 0.00000000 	 0.00000000 	 0.00000000 	 0.00000000 	 0.00000000 	 0.00000000 	 0.00000000 	 0.00000000 	 0.00000000 	 0.00000000 	 0.00000000 	 0.00000000 	 0.00000000 	 0.00000000 	 0.00000000 	 0.00000000 	 0.00000000 	 0.00000000 	 0.00000000 	 0.90149327 	 0.00000000 	 4.77213447 	 0.00000000 	 13.92669728 	 562.73568900 	 96.18158322 	 18.06728156 	 0.00000000 	 0.00000000 	 4.57675410 	 21.84721847 	 0.00000000 	 0.00000000 	 0.00000000 	 0.00000000 	 0.00000000 	 0.00000000 	 0.00000000 	 0.00000000 	 0.00000000 	 0.00000000 	 0.00000000 	 0.00000000 	 0.00000000 	 0.00000000 	 0.00000000
1945 	 1.20537471 	 1.55357587 	 119.62585114 	 1.84320878 	 48.77771978 	 0.00000000 	 0.00000000 	 0.00000000 	 0.00000000 	 0.00000000 	 0.00000000 	 0.00000000 	 0.00000000 	 0.00000000 	 0.00000000 	 0.00000000 	 0.00000000 	 0.00000000 	 0.00000000 	 0.00000000 	 0.00000000 	 0.00000000 	 0.00000000 	 0.00000000 	 0.00000000 	 0.00000000 	 0.00000000 	 0.00000000 	 0.86143061 	 0.00000000 	 4.66175320 	 0.00000000 	 13.49841742 	 550.88205930 	 94.64931758 	 18.13523691 	 0.00000000 	 0.00000000 	 4.32464287 	 21.34995870 	 0.00000000 	 0.00000000 	 0.00000000 	 0.00000000 	 0.00000000 	 0.00000000 	 0.00000000 	 0.00000000 	 0.00000000 	 0.00000000 	 0.00000000 	 0.00000000 	 0.00000000 	 0.00000000 	 0.00000000
1946 	 1.27177754 	 1.54136159 	 123.02924808 	 1.89937086 	 47.59561209 	 0.00000000 	 0.00000000 	 0.00000000 	 0.00000000 	 0.00000000 	 0.00000000 	 0.00000000 	 0.00000000 	 0.00000000 	 0.00000000 	 0.00000000 	 0.00000000 	 0.00000000 	 0.00000000 	 0.00000000 	 0.00000000 	 0.00000000 	 0.00000000 	 0.00000000 	 0.00000000 	 0.00000000 	 0.00000000 	 0.00000000 	 0.81429192 	 0.00000000 	 4.52846353 	 0.00000000 	 13.79868507 	 556.74376676 	 95.41579759 	 18.37811858 	 0.00000000 	 0.00000000 	 4.39140108 	 21.46886860 	 0.00000000 	 0.00000000 	 0.00000000 	 0.00000000 	 0.00000000 	 0.00000000 	 0.00000000 	 0.00000000 	 0.00000000 	 0.00000000 	 0.00000000 	 0.00000000 	 0.00000000 	 0.00000000 	 0.00000000
1947 	 1.40935378 	 1.53829891 	 128.56028228 	 1.96073675 	 52.45333691 	 0.00000000 	 0.00000000 	 0.00000000 	 0.00000000 	 0.00000000 	 0.00000000 	 0.00000000 	 0.00000000 	 0.00000000 	 0.00000000 	 0.00000000 	 0.00000000 	 0.00000000 	 0.00000000 	 0.00000000 	 0.00000000 	 0.00000000 	 0.00000000 	 0.00000000 	 0.00131142 	 0.00000000 	 0.00000000 	 0.00000000 	 0.76642904 	 0.00000000 	 4.40636707 	 0.00035699 	 14.35485748 	 562.43699442 	 96.93647182 	 18.65344574 	 0.00000000 	 0.00000000 	 4.41065840 	 21.42253952 	 0.00000000 	 0.00000000 	 0.00000000 	 0.00000000 	 0.00000000 	 0.00000000 	 0.00000000 	 0.00000000 	 0.00000000 	 0.00000000 	 0.00000000 	 0.00000000 	 0.00000000 	 0.00000000 	 0.00000000
1948 	 1.48998877 	 1.51481854 	 133.10569557 	 2.02655303 	 54.44599788 	 0.00000000 	 0.00000000 	 0.00000000 	 0.00000000 	 0.00000000 	 0.00000000 	 0.00000000 	 0.00000000 	 0.00000000 	 0.00000000 	 0.00000000 	 0.00000000 	 0.00000000 	 0.00000000 	 0.00000000 	 0.00000000 	 0.00000000 	 0.00000000 	 0.00000000 	 0.01803829 	 0.00000000 	 0.00000000 	 0.00000000 	 0.72039943 	 0.00000000 	 4.30927074 	 0.00460585 	 14.96187319 	 576.58570971 	 99.81440958 	 19.03866130 	 0.00000000 	 0.00000000 	 4.47979286 	 21.75868668 	 0.00000000 	 0.00000000 	 0.00000000 	 0.00000000 	 0.00000000 	 0.00000000 	 0.00000000 	 0.00000000 	 0.00000000 	 0.00000000 	 0.00000000 	 0.00000000 	 0.00000000 	 0.00000000 	 0.00000000
1949 	 1.46428450 	 1.49459488 	 135.54086843 	 2.08545120 	 53.08067145 	 0.00000000 	 0.00000000 	 0.00000000 	 0.00000000 	 0.00000000 	 0.00000000 	 0.00000000 	 0.00000000 	 0.00000000 	 0.00000000 	 0.00000000 	 0.00000000 	 0.00000000 	 0.00000000 	 0.00000000 	 0.00000000 	 0.00000000 	 0.00003112 	 0.00000000 	 0.04194238 	 0.00000000 	 0.00000000 	 0.00000000 	 0.67705666 	 0.00000000 	 4.24145806 	 0.01067483 	 14.84086959 	 570.15484043 	 99.09389340 	 19.40593501 	 0.00000000 	 0.00000000 	 4.41679996 	 21.72479664 	 0.00000000 	 0.00000000 	 0.00000000 	 0.00000000 	 0.00000000 	 0.00000000 	 0.00000000 	 0.00000000 	 0.00000000 	 0.00000000 	 0.00000000 	 0.00000000 	 0.00000000 	 0.00000000 	 0.00000000
1950 	 1.59042448 	 1.69406632 	 140.93225697 	 2.16451509 	 56.63454120 	 0.00000000 	 0.00000000 	 0.00000000 	 0.00000000 	 0.00000000 	 0.00000000 	 0.00000000 	 0.00000000 	 0.00000000 	 0.00000000 	 0.00000000 	 0.00000000 	 0.00000000 	 0.00000000 	 0.00000000 	 0.00000000 	 0.00000000 	 0.00006894 	 0.00000000 	 0.07408186 	 0.00000000 	 0.00000000 	 0.00000000 	 0.63647295 	 0.00000000 	 4.20253217 	 0.01883142 	 15.59412901 	 581.83345434 	 102.11018528 	 19.86012914 	 0.00000000 	 0.00000000 	 4.45572506 	 21.88207194 	 0.00000000 	 0.00000000 	 0.00000000 	 0.00000000 	 0.00000000 	 0.00000000 	 0.00000000 	 0.00000000 	 0.00000000 	 0.00000000 	 0.00000000 	 0.00000000 	 0.00000000 	 0.00000000 	 0.00000000
1951 	 1.71047177 	 1.79033947 	 145.08096121 	 2.26033548 	 60.32227105 	 0.00000000 	 0.00000000 	 0.00000000 	 0.00000000 	 0.00000000 	 0.00000000 	 0.00000000 	 0.00000000 	 0.00000000 	 0.00000000 	 0.00000000 	 0.00000000 	 0.00000000 	 0.00000000 	 0.00000000 	 0.00000000 	 0.00000000 	 0.00011946 	 0.00000000 	 0.11508175 	 0.00000000 	 0.00000000 	 0.00000000 	 0.59784053 	 0.00000000 	 4.18652077 	 0.02923287 	 16.10491684 	 592.17127672 	 104.52800046 	 20.50925836 	 0.00000000 	 0.00000000 	 4.49799503 	 22.05923716 	 0.00000000 	 0.00000000 	 0.00000000 	 0.00000000 	 0.00000000 	 0.00000000 	 0.00000000 	 0.00000000 	 0.00000000 	 0.00000000 	 0.00000000 	 0.00000000 	 0.00000000 	 0.00000000 	 0.00000000
1952 	 1.74819634 	 1.76803732 	 147.81762105 	 2.34595002 	 61.58779280 	 0.00000000 	 0.00000000 	 0.00000000 	 0.00000000 	 0.00000000 	 0.00000000 	 0.00000000 	 0.00000000 	 0.00000000 	 0.00000000 	 0.00000000 	 0.00000000 	 0.00000000 	 0.00000000 	 0.00000000 	 0.00000000 	 0.00000000 	 0.00018353 	 0.00000000 	 0.16493310 	 0.00000000 	 0.00000000 	 0.00000000 	 0.55994081 	 0.00000000 	 4.18438016 	 0.04187524 	 16.48740084 	 596.21892734 	 105.59476557 	 21.04966086 	 0.00000000 	 0.00000000 	 4.51598694 	 22.08188352 	 0.00000000 	 0.00000000 	 0.00000000 	 0.00000000 	 0.00000000 	 0.00000000 	 0.00000000 	 0.00000000 	 0.00000000 	 0.00000000 	 0.00000000 	 0.00000000 	 0.00000000 	 0.00000000 	 0.00000000
1953 	 1.79286807 	 1.79833187 	 150.26082037 	 2.42446852 	 62.98375334 	 0.00000000 	 0.00000000 	 0.00000000 	 0.00000000 	 0.00000000 	 0.00000000 	 0.00000000 	 0.00000000 	 0.00000000 	 0.00000000 	 0.00000000 	 0.00000000 	 0.00000000 	 0.00000000 	 0.00000000 	 0.00000000 	 0.00000000 	 0.00026078 	 0.00000000 	 0.22319249 	 0.00000000 	 0.00000000 	 0.00000000 	 0.52173301 	 0.00000000 	 4.18768738 	 0.05664401 	 16.76710826 	 596.94325342 	 106.22446063 	 21.52774171 	 0.00000000 	 0.00000000 	 4.48429280 	 21.84992812 	 0.00000000 	 0.00000000 	 0.00000000 	 0.00000000 	 0.00000000 	 0.00000000 	 0.00000000 	 0.00000000 	 0.00000000 	 0.00000000 	 0.00000000 	 0.00000000 	 0.00000000 	 0.00000000 	 0.00000000
1954 	 1.84028606 	 1.90514828 	 153.65391670 	 2.51841391 	 64.63592289 	 0.00000000 	 0.00000000 	 0.00000000 	 0.00000000 	 0.00000000 	 0.00000000 	 0.00000000 	 0.00000000 	 0.00000000 	 0.00000000 	 0.00000000 	 0.00000000 	 0.00000000 	 0.00000000 	 0.00000000 	 0.00000000 	 0.00000000 	 0.00034898 	 0.00000000 	 0.28922342 	 0.00000000 	 0.00000000 	 0.00000000 	 0.48268635 	 0.00000000 	 4.19102519 	 0.07337498 	 17.17988203 	 608.91524786 	 109.03661950 	 22.05794190 	 0.00000000 	 0.00000000 	 4.55210857 	 22.21036994 	 0.00000000 	 0.00000000 	 0.00000000 	 0.00000000 	 0.00000000 	 0.00000000 	 0.00000000 	 0.00000000 	 0.00000000 	 0.00000000 	 0.00000000 	 0.00000000 	 0.00000000 	 0.00000000 	 0.00000000
1955 	 2.00775031 	 1.94411076 	 159.65242524 	 2.62279622 	 70.22902985 	 0.00000000 	 0.00000000 	 0.00000000 	 0.00000000 	 0.00000000 	 0.00000000 	 0.00000000 	 0.00000000 	 0.00000000 	 0.00000000 	 0.00000000 	 0.00000000 	 0.00000000 	 0.00000000 	 0.00000000 	 0.00000000 	 0.00000000 	 0.00044328 	 0.00000000 	 0.36236779 	 0.00000000 	 0.00000000 	 0.00000000 	 0.44308973 	 0.00000000 	 4.19477873 	 0.09189707 	 18.36938740 	 632.16917506 	 114.02546377 	 22.54883283 	 0.00000000 	 0.00000000 	 4.69855989 	 22.72310153 	 0.00000000 	 0.00000000 	 0.00000000 	 0.00000000 	 0.00000000 	 0.00000000 	 0.00000000 	 0.00000000 	 0.00000000 	 0.00000000 	 0.00000000 	 0.00000000 	 0.00000000 	 0.00000000 	 0.00000000
1956 	 2.13783833 	 1.97038732 	 165.24085604 	 2.70228572 	 75.01876728 	 0.00000000 	 0.00000000 	 0.00000000 	 0.00000000 	 0.00000000 	 0.00000000 	 0.00000000 	 0.00000000 	 0.00000000 	 0.00000000 	 0.00000000 	 0.00000000 	 0.00000000 	 0.00000000 	 0.00000000 	 0.00000000 	 0.00000000 	 0.00053533 	 0.00000000 	 0.44205912 	 0.00000000 	 0.00000000 	 0.00000000 	 0.40412565 	 0.00000000 	 4.20636115 	 0.11206027 	 19.03810558 	 640.17516763 	 116.03023469 	 22.94028428 	 0.00000000 	 0.00000000 	 4.82427381 	 22.74688862 	 0.00000000 	 0.00000000 	 0.00000000 	 0.00000000 	 0.00000000 	 0.00000000 	 0.00000000 	 0.00000000 	 0.00000000 	 0.00000000 	 0.00000000 	 0.00000000 	 0.00000000 	 0.00000000 	 0.00000000
1957 	 2.21172775 	 1.99878943 	 170.63860195 	 2.77643520 	 76.93657781 	 0.00000000 	 0.00000000 	 0.00000000 	 0.00000000 	 0.00000000 	 0.00000000 	 0.00000000 	 0.00000000 	 0.00000000 	 0.00000000 	 0.00000000 	 0.00000000 	 0.00000000 	 0.00000000 	 0.00000000 	 0.00000000 	 0.00000000 	 0.00061234 	 0.00000000 	 0.52788915 	 0.00000000 	 0.00000000 	 0.00000000 	 0.36770858 	 0.00000000 	 4.23970702 	 0.13375162 	 19.36538882 	 638.27544374 	 116.47546263 	 23.38216477 	 0.00000000 	 0.00000000 	 4.87159309 	 22.62701096 	 0.00000000 	 0.00000000 	 0.00000000 	 0.00000000 	 0.00000000 	 0.00000000 	 0.00000000 	 0.00000000 	 0.00000000 	 0.00000000 	 0.00000000 	 0.00000000 	 0.00000000 	 0.00000000 	 0.00000000
1958 	 2.30072487 	 1.96269274 	 174.99208272 	 2.85932555 	 78.76771156 	 0.00000000 	 0.00000000 	 0.00000000 	 0.00000000 	 0.00000000 	 0.00000000 	 0.00000000 	 0.00000000 	 0.00000000 	 0.00000000 	 0.00000000 	 0.00000000 	 0.00000000 	 0.00000000 	 0.00000000 	 0.00000000 	 0.00000000 	 0.00065621 	 0.00000000 	 0.61963896 	 0.00000000 	 0.00000000 	 0.00000000 	 0.33623608 	 0.00000000 	 4.31310803 	 0.15690250 	 19.49526436 	 643.15510669 	 117.15457106 	 23.94790402 	 0.00000000 	 0.00000000 	 5.00753332 	 22.58283320 	 0.00000000 	 0.00000000 	 0.00000000 	 0.00000000 	 0.00000000 	 0.00000000 	 0.00000000 	 0.00000000 	 0.00000000 	 0.00000000 	 0.00000000 	 0.00000000 	 0.00000000 	 0.00000000 	 0.00000000
1959 	 2.41093769 	 2.11345087 	 181.84641026 	 2.94878841 	 82.58470984 	 0.00000000 	 0.00000000 	 0.00000000 	 0.00000000 	 0.00000000 	 0.00000000 	 0.00000000 	 0.00000000 	 0.00000000 	 0.00000000 	 0.00000000 	 0.00000000 	 0.00000000 	 0.00000000 	 0.00000000 	 0.00000000 	 0.00000000 	 0.00064275 	 0.00000000 	 0.71728404 	 0.00000000 	 0.00000000 	 0.00000000 	 0.31213395 	 0.00000000 	 4.44459199 	 0.18148955 	 19.89821759 	 653.28771103 	 119.61340792 	 24.54660572 	 0.00000000 	 0.00000000 	 5.12082031 	 22.61343622 	 0.00000000 	 0.00000000 	 0.00000000 	 0.00000000 	 0.00000000 	 0.00000000 	 0.00000000 	 0.00000000 	 0.00000000 	 0.00000000 	 0.00000000 	 0.00000000 	 0.00000000 	 0.00000000 	 0.00000000
1960 	 2.57483078 	 1.83024276 	 187.07566342 	 3.01969625 	 87.47942057 	 0.00000000 	 0.00000000 	 0.00000000 	 0.00000000 	 0.00000000 	 0.00000000 	 0.00000000 	 0.00000000 	 0.00000000 	 0.00000000 	 0.00000000 	 0.00000000 	 0.00000000 	 0.00000000 	 0.00000000 	 0.00000000 	 0.00000000 	 0.00054131 	 0.00000000 	 0.82098095 	 0.00000000 	 0.00000000 	 0.00000000 	 0.29782239 	 0.00000000 	 4.65061502 	 0.20753158 	 20.54839268 	 651.55386975 	 120.60234145 	 24.88938413 	 0.00000000 	 0.00000000 	 5.22485441 	 22.37420713 	 0.00000000 	 0.00000000 	 0.00000000 	 0.00000000 	 0.00000000 	 0.00000000 	 0.00000000 	 0.00000000 	 0.00000000 	 0.00000000 	 0.00000000 	 0.00000000 	 0.00000000 	 0.00000000 	 0.00000000
1961 	 2.59164670 	 1.86149860 	 191.05903545 	 3.29918985 	 88.83697756 	 0.00000000 	 0.00000000 	 0.00000000 	 0.00000000 	 0.00000000 	 0.00000000 	 0.00000000 	 0.00000000 	 0.00000000 	 0.00000000 	 0.00000000 	 0.00000000 	 0.00000000 	 0.00000000 	 0.00000000 	 0.00000140 	 0.00107503 	 0.00031498 	 0.00000000 	 0.93104142 	 0.00000000 	 0.00000000 	 0.00000000 	 0.29593014 	 0.00000000 	 4.94805082 	 0.23508419 	 21.05883335 	 660.45475398 	 124.24804483 	 25.45456401 	 0.00000000 	 0.00000000 	 5.15499655 	 22.65729576 	 0.00000000 	 0.00000000 	 0.00000000 	 0.00000000 	 0.00000000 	 0.00000000 	 0.00000000 	 0.00000000 	 0.00000000 	 0.00000000 	 0.00000000 	 0.00000000 	 0.00000000 	 0.00000000 	 0.00000000
1962 	 2.69350294 	 1.72781001 	 196.82462591 	 3.37663761 	 91.64257313 	 0.00000000 	 0.00000000 	 0.00000000 	 0.00000000 	 0.00000000 	 0.00000000 	 0.00000000 	 0.00000000 	 0.00000000 	 0.00000000 	 0.00000000 	 0.00000000 	 0.00000000 	 0.00000000 	 0.00000000 	 0.00000489 	 0.00284710 	 0.00000000 	 0.00000000 	 1.04789793 	 0.00000000 	 0.00000000 	 0.00000000 	 0.30940252 	 0.00000000 	 5.35459119 	 0.26423334 	 21.64004769 	 668.44744050 	 126.64660461 	 26.22093435 	 0.00000000 	 0.00000000 	 5.17842484 	 22.71144798 	 0.00000000 	 0.00000000 	 0.00000000 	 0.00000000 	 0.00000000 	 0.00000000 	 0.00000000 	 0.00000000 	 0.00000000 	 0.00000000 	 0.00000000 	 0.00000000 	 0.00000000 	 0.00000000 	 0.00000000
1963 	 2.84661839 	 1.68157328 	 203.82602020 	 3.45592467 	 95.48899559 	 0.00000000 	 0.00000000 	 0.00000000 	 0.00000000 	 0.00000000 	 0.00000000 	 0.00000000 	 0.00000000 	 0.00000000 	 0.00000000 	 0.00000000 	 0.00000000 	 0.00000000 	 0.00000000 	 0.00000000 	 0.00000973 	 0.00526246 	 0.00000000 	 0.00000000 	 1.17206312 	 0.00000000 	 0.00000000 	 0.00000000 	 0.34132887 	 0.00000000 	 5.88638184 	 0.29508887 	 22.56349952 	 683.67989308 	 130.25927746 	 27.09914969 	 0.00000000 	 0.00000000 	 5.24306020 	 22.91989864 	 0.00000000 	 0.00000000 	 0.00000000 	 0.00000000 	 0.00000000 	 0.00000000 	 0.00000000 	 0.00000000 	 0.00000000 	 0.00000000 	 0.00000000 	 0.00000000 	 0.00000000 	 0.00000000 	 0.00000000
1964 	 2.99640825 	 1.59902342 	 211.22685169 	 3.52262450 	 100.41642189 	 0.00000000 	 0.00000000 	 0.00000000 	 0.00000000 	 0.00000000 	 0.00000000 	 0.00000000 	 0.00000000 	 0.00000000 	 0.00000000 	 0.00000000 	 0.00000000 	 0.00000000 	 0.00000000 	 0.00000000 	 0.00001608 	 0.00838184 	 0.00000000 	 0.00000000 	 1.30408456 	 0.00000000 	 0.00000000 	 0.00000000 	 0.39485611 	 0.00000000 	 6.55667918 	 0.32777862 	 23.54450971 	 685.78690236 	 131.63622801 	 27.60051718 	 0.00000000 	 0.00000000 	 5.22538850 	 22.68106247 	 0.00000000 	 0.00000000 	 0.00000000 	 0.00000000 	 0.00000000 	 0.00000000 	 0.00000000 	 0.00000000 	 0.00000000 	 0.00000000 	 0.00000000 	 0.00000000 	 0.00000000 	 0.00000000 	 0.00000000
1965 	 3.13644264 	 1.53523649 	 217.69785829 	 3.62197205 	 103.06409508 	 0.00000000 	 0.00000000 	 0.00000000 	 0.00000000 	 0.00000000 	 0.00000000 	 0.00000000 	 0.00000000 	 0.00000000 	 0.00000000 	 0.00000000 	 0.00000000 	 0.00000000 	 0.00000000 	 0.00000000 	 0.00002400 	 0.01221218 	 0.00000000 	 0.00000000 	 1.44449527 	 0.00000000 	 0.00000000 	 0.00000000 	 0.47292198 	 0.00000000 	 7.37374946 	 0.36244360 	 24.41604527 	 701.04150183 	 135.60394983 	 29.02421300 	 0.00000000 	 0.00000000 	 5.25557015 	 22.86789926 	 0.00000000 	 0.00000000 	 0.00000000 	 0.00000000 	 0.00000000 	 0.00000000 	 0.00000000 	 0.00000000 	 0.00000000 	 0.00000000 	 0.00000000 	 0.00000000 	 0.00000000 	 0.00000000 	 0.00000000
1966 	 3.28813795 	 1.42544619 	 222.54786269 	 3.69639570 	 105.62459752 	 0.00000000 	 0.00000000 	 0.00000000 	 0.00000000 	 0.00000000 	 0.00000000 	 0.00000000 	 0.00000000 	 0.00000000 	 0.00000000 	 0.00000000 	 0.00000000 	 0.00000000 	 0.00000000 	 0.00000000 	 0.00003340 	 0.01667538 	 0.00000000 	 0.00000000 	 1.59376032 	 0.00000000 	 0.00000000 	 0.00000000 	 0.57808015 	 0.00000000 	 8.34092467 	 0.39923436 	 24.92852913 	 700.92785591 	 136.24704628 	 30.64200477 	 0.00000000 	 0.00000000 	 5.25138977 	 22.45283363 	 0.00000000 	 0.00000000 	 0.00000000 	 0.00000000 	 0.00000000 	 0.00000000 	 0.00000000 	 0.00000000 	 0.00000000 	 0.00000000 	 0.00000000 	 0.00000000 	 0.00000000 	 0.00000000 	 0.00000000
1967 	 3.40111286 	 1.47403385 	 226.76020500 	 3.77417655 	 106.02785395 	 0.00000000 	 0.00000000 	 0.00000000 	 0.00000000 	 0.00000000 	 0.00000000 	 0.00000000 	 0.00000000 	 0.00000000 	 0.00000000 	 0.00000000 	 0.00000000 	 0.00000000 	 0.00000000 	 0.00000000 	 0.00004391 	 0.02157020 	 0.00000000 	 0.00000000 	 1.75221995 	 0.00000000 	 0.00000000 	 0.00000000 	 0.71201694 	 0.00000000 	 9.45417031 	 0.43830875 	 25.79532599 	 704.47226260 	 138.01445755 	 31.97955598 	 0.00000000 	 0.00000000 	 5.21251362 	 22.24846112 	 0.00000000 	 0.00000000 	 0.00000000 	 0.00000000 	 0.00000000 	 0.00000000 	 0.00000000 	 0.00000000 	 0.00000000 	 0.00000000 	 0.00000000 	 0.00000000 	 0.00000000 	 0.00000000 	 0.00000000
1968 	 3.60236866 	 1.45535047 	 233.50651790 	 3.86173254 	 110.82351489 	 0.00000000 	 0.00000000 	 0.00000000 	 0.00000000 	 0.00000000 	 0.00000000 	 0.00000000 	 0.00000000 	 0.00000000 	 0.00000000 	 0.00000000 	 0.00000000 	 0.00000000 	 0.00000000 	 0.00000000 	 0.00005486 	 0.02652791 	 0.00000000 	 0.00000000 	 1.92003019 	 0.00000000 	 0.00000000 	 0.00000000 	 0.87515052 	 0.00000000 	 10.70132688 	 0.47983099 	 27.18526254 	 719.27726785 	 141.74659820 	 33.46257755 	 0.00000000 	 0.00000000 	 5.31843577 	 22.22198055 	 0.00000000 	 0.00000000 	 0.00000000 	 0.00000000 	 0.00000000 	 0.00000000 	 0.00000000 	 0.00000000 	 0.00000000 	 0.00000000 	 0.00000000 	 0.00000000 	 0.00000000 	 0.00000000 	 0.00000000
1969 	 3.80625044 	 1.59278707 	 240.97828717 	 3.92907128 	 115.33756769 	 0.00000000 	 0.00000000 	 0.00000000 	 0.00000000 	 0.00000000 	 0.00000000 	 0.00000000 	 0.00000000 	 0.00000000 	 0.00000000 	 0.00000000 	 0.00000000 	 0.00000000 	 0.00000000 	 0.00000000 	 0.00006513 	 0.03096399 	 0.00000000 	 0.00000000 	 2.09710358 	 0.00000000 	 0.00000000 	 0.00000000 	 1.06614909 	 0.00000000 	 12.06156830 	 0.52397206 	 27.73652965 	 737.91931330 	 145.91060293 	 34.21203077 	 0.00000000 	 0.00000000 	 5.42082914 	 22.31823975 	 0.00000000 	 0.00000000 	 0.00000000 	 0.00000000 	 0.00000000 	 0.00000000 	 0.00000000 	 0.00000000 	 0.00000000 	 0.00000000 	 0.00000000 	 0.00000000 	 0.00000000 	 0.00000000 	 0.00000000
1970 	 4.09527851 	 1.55406705 	 253.12106070 	 4.03867336 	 122.74455082 	 0.00000000 	 0.00000000 	 0.00000000 	 0.00000000 	 0.00000000 	 0.00000000 	 0.00000000 	 0.00000000 	 0.00000000 	 0.00000000 	 0.00000000 	 0.00000000 	 0.00000000 	 0.00000000 	 0.00000000 	 0.00007304 	 0.03402947 	 0.00000000 	 0.00000000 	 2.28305407 	 0.00000000 	 0.00000000 	 0.00000000 	 1.28152967 	 0.00000000 	 13.50447082 	 0.57091119 	 29.32915292 	 767.06666691 	 153.25383615 	 37.01000712 	 0.00000000 	 0.00000000 	 5.54189914 	 22.64953538 	 0.00000000 	 0.00000000 	 0.00000000 	 0.00000000 	 0.00000000 	 0.00000000 	 0.00000000 	 0.00000000 	 0.00000000 	 0.00000000 	 0.00000000 	 0.00000000 	 0.00000000 	 0.00000000 	 0.00000000
1971 	 4.25377411 	 1.39685858 	 254.00232297 	 4.15479456 	 122.82620118 	 0.00000000 	 0.00000000 	 0.00000000 	 0.00000000 	 0.00000000 	 0.00000000 	 0.00000000 	 0.00000000 	 0.00000000 	 0.00000000 	 0.00000000 	 0.00000000 	 0.00000000 	 0.00000000 	 0.00000000 	 0.00007628 	 0.03456808 	 0.00000000 	 0.00000000 	 2.47715295 	 0.00000000 	 0.00000000 	 0.00000000 	 1.51562972 	 0.00000000 	 14.99265105 	 0.62083840 	 30.07538736 	 774.31659513 	 155.06975577 	 37.77437605 	 0.00000000 	 0.00000000 	 5.66756098 	 22.72520568 	 0.00000000 	 0.00000000 	 0.00000000 	 0.00000000 	 0.00000000 	 0.00000000 	 0.00000000 	 0.00000000 	 0.00000000 	 0.00000000 	 0.00000000 	 0.00000000 	 0.00000000 	 0.00000000 	 0.00000000
1972 	 4.44593150 	 1.47122284 	 258.74022622 	 4.26755109 	 125.87958623 	 0.00000000 	 0.00000000 	 0.00000000 	 0.00000000 	 0.00000000 	 0.00000000 	 0.00000000 	 0.00000000 	 0.00000000 	 0.00000000 	 0.00000000 	 0.00000000 	 0.00000000 	 0.00000000 	 0.00000000 	 0.00007180 	 0.03108742 	 0.00000000 	 0.00000000 	 2.67830542 	 0.00000000 	 0.00000000 	 0.00000000 	 1.76081241 	 0.00000000 	 16.48291961 	 0.67395756 	 31.21880585 	 789.17865631 	 158.18741031 	 38.46253054 	 0.00000000 	 0.00000000 	 5.80612591 	 22.96021765 	 0.00000000 	 0.00000000 	 0.00000000 	 0.00000000 	 0.00000000 	 0.00000000 	 0.00000000 	 0.00000000 	 0.00000000 	 0.00000000 	 0.00000000 	 0.00000000 	 0.00000000 	 0.00000000 	 0.00000000
1973 	 4.70008655 	 1.43124242 	 266.70180432 	 4.42857235 	 132.00938858 	 0.00000000 	 0.00000000 	 0.00000000 	 0.00000000 	 0.00000000 	 0.00000000 	 0.00000000 	 0.00000000 	 0.00000000 	 0.00000000 	 0.00000000 	 0.00000000 	 0.00000000 	 0.00000000 	 0.00000000 	 0.00005583 	 0.02175613 	 0.00000000 	 0.00000000 	 2.88506103 	 0.00000000 	 0.00000000 	 0.00000000 	 2.00794545 	 0.00000000 	 17.92716026 	 0.73048984 	 32.63488042 	 797.75157721 	 160.22276433 	 39.11305722 	 0.00000000 	 0.00000000 	 5.93729796 	 22.97580500 	 0.00000000 	 0.00000000 	 0.00000000 	 0.00000000 	 0.00000000 	 0.00000000 	 0.00000000 	 0.00000000 	 0.00000000 	 0.00000000 	 0.00000000 	 0.00000000 	 0.00000000 	 0.00000000 	 0.00000000
1974 	 4.68325251 	 1.40240163 	 266.95720466 	 4.53900456 	 130.26592023 	 0.00000000 	 0.00000000 	 0.00000000 	 0.00000000 	 0.00000000 	 0.00000000 	 0.00000000 	 0.00000000 	 0.00000000 	 0.00000000 	 0.00000000 	 0.00000000 	 0.00000000 	 0.00000000 	 0.00000000 	 0.00002386 	 0.00444173 	 0.00000000 	 0.00000000 	 3.09567462 	 0.00000000 	 0.00000000 	 0.00000000 	 2.06195325 	 0.00000000 	 18.65329944 	 0.70273349 	 32.33810968 	 792.55828664 	 158.91452942 	 39.78809908 	 0.00000000 	 0.00000000 	 5.97423514 	 23.11062818 	 0.00000000 	 0.00000000 	 0.00000000 	 0.00000000 	 0.00000000 	 0.00000000 	 0.00000000 	 0.00000000 	 0.00000000 	 0.00000000 	 0.00000000 	 0.00000000 	 0.00000000 	 0.00000000 	 0.00000000
1975 	 4.67509214 	 1.38082208 	 267.20508019 	 4.67891545 	 128.64553742 	 0.00000000 	 0.00000000 	 0.00000000 	 0.00000000 	 0.00000000 	 0.00000000 	 0.00000000 	 0.00000000 	 0.00000000 	 0.00000000 	 0.00000000 	 0.00000000 	 0.00000000 	 0.00000000 	 0.00000000 	 0.00000000 	 0.00000000 	 0.00000000 	 0.00000000 	 3.30823810 	 0.00000000 	 0.00000000 	 0.00000000 	 1.89790788 	 0.00000000 	 17.18894419 	 1.03895109 	 32.05209127 	 789.85605607 	 156.47191526 	 40.59143551 	 0.00000000 	 0.00000000 	 6.05151193 	 22.86012542 	 0.00000000 	 0.00000000 	 0.00000000 	 0.00000000 	 0.00000000 	 0.00000000 	 0.00000000 	 0.00000000 	 0.00000000 	 0.00000000 	 0.00000000 	 0.00000000 	 0.00000000 	 0.00000000 	 0.00000000
1976 	 4.91885711 	 1.38760090 	 271.67844945 	 4.83352743 	 134.49279995 	 0.00000000 	 0.00000000 	 0.00000000 	 0.00000000 	 0.00000000 	 0.00000000 	 0.00000000 	 0.00000000 	 0.00000000 	 0.00000000 	 0.00000000 	 0.00000000 	 0.00000000 	 0.00000000 	 0.00000000 	 0.00000000 	 0.00000000 	 0.00125460 	 0.00000000 	 3.41210885 	 0.00000000 	 0.00000000 	 0.00000000 	 1.83044482 	 0.00000000 	 16.87643898 	 1.52032058 	 33.31284946 	 806.04981594 	 160.65657771 	 41.27205444 	 0.00000000 	 0.00000000 	 6.25941809 	 23.14925870 	 0.00000000 	 0.00000000 	 0.00000000 	 0.00000000 	 0.00000000 	 0.00000000 	 0.00000000 	 0.00000000 	 0.00000000 	 0.00000000 	 0.00000000 	 0.00000000 	 0.00000000 	 0.00000000 	 0.00000000
1977 	 5.07628003 	 1.50484833 	 275.44416046 	 4.90782128 	 135.66204066 	 0.00000000 	 0.00000000 	 0.00000000 	 0.00000000 	 0.00000000 	 0.00000000 	 0.00000000 	 0.00000000 	 0.00000000 	 0.00000000 	 0.00000000 	 0.00000000 	 0.00000000 	 0.00000000 	 0.00000000 	 0.00000000 	 0.00000000 	 0.01499550 	 0.00000000 	 3.65429867 	 0.00000000 	 0.00000000 	 0.00000000 	 1.89401507 	 0.00000000 	 17.72383593 	 1.99117371 	 34.13520039 	 821.19626809 	 163.92584227 	 42.02875927 	 0.00000000 	 0.00000000 	 6.44325932 	 23.42702016 	 0.00000000 	 0.00000000 	 0.00000000 	 0.00000000 	 0.00000000 	 0.00000000 	 0.00000000 	 0.00000000 	 0.00000000 	 0.00000000 	 0.00000000 	 0.00000000 	 0.00000000 	 0.00000000 	 0.00000000
1978 	 5.23464349 	 1.47736287 	 278.13631975 	 5.04281415 	 136.23825112 	 0.00000000 	 0.00000000 	 0.00000000 	 0.00000000 	 0.00000000 	 0.00000000 	 0.00000000 	 0.00000000 	 0.00000000 	 0.00000000 	 0.00000000 	 0.00000000 	 0.00000000 	 0.00000000 	 0.00000000 	 0.00000000 	 0.00000000 	 0.03461023 	 0.00000000 	 4.05511156 	 0.00000000 	 0.00000000 	 0.00000000 	 1.96687477 	 0.00000000 	 18.16397272 	 2.27295500 	 34.88086986 	 838.89270523 	 166.27730425 	 42.95659303 	 0.00000000 	 0.00000000 	 6.62966354 	 23.81266586 	 0.00000000 	 0.00000000 	 0.00000000 	 0.00000000 	 0.00000000 	 0.00000000 	 0.00000000 	 0.00000000 	 0.00000000 	 0.00000000 	 0.00000000 	 0.00000000 	 0.00000000 	 0.00000000 	 0.00000000
1979 	 5.37850343 	 1.27913548 	 283.13368350 	 5.11848242 	 138.94962077 	 0.00000000 	 0.00000000 	 0.00000000 	 0.00000000 	 0.00000000 	 0.00000000 	 0.00000000 	 0.00000000 	 0.00000000 	 0.00000000 	 0.00000000 	 0.00000000 	 0.00000000 	 0.00000000 	 0.00000000 	 0.00000000 	 0.00000000 	 0.06095831 	 0.00000000 	 4.21650772 	 0.00000000 	 0.00000000 	 0.00000000 	 2.03495339 	 0.00000000 	 18.76247704 	 2.36029671 	 35.59859354 	 836.93321481 	 166.77761184 	 43.82607803 	 0.00000000 	 0.00000000 	 6.72759013 	 23.92849250 	 0.00000000 	 0.00000000 	 0.00000000 	 0.00000000 	 0.00000000 	 0.00000000 	 0.00000000 	 0.00000000 	 0.00000000 	 0.00000000 	 0.00000000 	 0.00000000 	 0.00000000 	 0.00000000 	 0.00000000
1980 	 5.32724592 	 1.35576704 	 282.79017801 	 5.16805063 	 138.65751638 	 0.00000000 	 0.00000000 	 0.00000000 	 0.00000000 	 0.00000000 	 0.00000000 	 0.00000000 	 0.00000000 	 0.00000000 	 0.00000000 	 0.00000000 	 0.00000000 	 0.00000000 	 0.00000000 	 0.00000000 	 0.00000000 	 0.00000000 	 0.09454196 	 0.00000000 	 4.32613309 	 0.00000000 	 0.00000000 	 0.00000000 	 2.06225607 	 0.00000000 	 18.26204571 	 2.65769613 	 35.47530339 	 845.69881763 	 169.05974677 	 44.65449775 	 0.00000000 	 0.00000000 	 6.66708637 	 24.52535498 	 0.00000000 	 0.00000000 	 0.00000000 	 0.00000000 	 0.00000000 	 0.00000000 	 0.00000000 	 0.00000000 	 0.00000000 	 0.00000000 	 0.00000000 	 0.00000000 	 0.00000000 	 0.00000000 	 0.00000000
1981 	 5.25153304 	 1.31821517 	 277.32796201 	 5.10855505 	 134.08430321 	 0.00000000 	 0.00000000 	 0.00000000 	 0.00000000 	 0.00000000 	 0.00000000 	 0.00000000 	 0.00000000 	 0.00000000 	 0.00000000 	 0.00000000 	 0.00000000 	 0.00000000 	 0.00000000 	 0.00000000 	 0.00000000 	 0.00000000 	 0.13524177 	 0.00000000 	 4.22715681 	 0.00000000 	 0.00000000 	 0.00000000 	 1.89382910 	 0.00000000 	 17.51537002 	 3.18973640 	 34.75216935 	 836.21470030 	 166.64859377 	 45.05552376 	 0.00000000 	 0.00000000 	 6.57337195 	 24.26624439 	 0.00000000 	 0.00000000 	 0.00000000 	 0.00000000 	 0.00000000 	 0.00000000 	 0.00000000 	 0.00000000 	 0.00000000 	 0.00000000 	 0.00000000 	 0.00000000 	 0.00000000 	 0.00000000 	 0.00000000
1982 	 5.22163501 	 1.24009353 	 276.64079181 	 5.02997992 	 130.88152657 	 0.00000000 	 0.00000000 	 0.00000000 	 0.00000000 	 0.00000000 	 0.00000000 	 0.00000000 	 0.00000000 	 0.00000000 	 0.00000000 	 0.00000000 	 0.00000000 	 0.00000000 	 0.00000000 	 0.00000000 	 0.00000000 	 0.00000000 	 0.18214320 	 0.00000000 	 3.83419142 	 0.00000000 	 0.00000000 	 0.00000000 	 1.63490346 	 0.00000000 	 15.92125246 	 3.14851470 	 33.96542659 	 834.59550398 	 165.32239092 	 45.32641996 	 0.00000000 	 0.00000000 	 6.54936786 	 24.20123295 	 0.00000000 	 0.00000000 	 0.00000000 	 0.00000000 	 0.00000000 	 0.00000000 	 0.00000000 	 0.00000000 	 0.00000000 	 0.00000000 	 0.00000000 	 0.00000000 	 0.00000000 	 0.00000000 	 0.00000000
1983 	 5.25602800 	 1.30593803 	 276.72298369 	 5.17639898 	 128.98067585 	 0.00000000 	 0.00000000 	 0.00000000 	 0.00000000 	 0.00000000 	 0.00000000 	 0.00000000 	 0.00000000 	 0.00000000 	 0.00000000 	 0.00000000 	 0.00000000 	 0.00000000 	 0.00000000 	 0.00000000 	 0.00000000 	 0.00000000 	 0.23394507 	 0.00000000 	 4.65606139 	 0.00000000 	 0.00000000 	 0.00000000 	 1.73133841 	 0.00000000 	 16.00154814 	 2.71043361 	 33.78413902 	 836.76503678 	 165.03421731 	 45.93478836 	 0.00000000 	 0.00000000 	 6.60616334 	 24.25414790 	 0.00000000 	 0.00000000 	 0.00000000 	 0.00000000 	 0.00000000 	 0.00000000 	 0.00000000 	 0.00000000 	 0.00000000 	 0.00000000 	 0.00000000 	 0.00000000 	 0.00000000 	 0.00000000 	 0.00000000
1984 	 5.42564033 	 1.53905110 	 280.59745693 	 5.24988265 	 130.29073266 	 0.00000000 	 0.00000000 	 0.00000000 	 0.00000000 	 0.00000000 	 0.00000000 	 0.00000000 	 0.00000000 	 0.00000000 	 0.00000000 	 0.00000000 	 0.00000000 	 0.00000000 	 0.00000000 	 0.00000000 	 0.00000000 	 0.00000000 	 0.28948454 	 0.00000000 	 5.09045827 	 0.00000000 	 0.00000000 	 0.00000000 	 2.26664388 	 0.00000000 	 17.11833183 	 3.31502660 	 34.58766533 	 846.84529796 	 166.43913347 	 46.75652433 	 0.00000000 	 0.00000000 	 6.75204335 	 24.45194060 	 0.00000000 	 0.00000000 	 0.00000000 	 0.00000000 	 0.00000000 	 0.00000000 	 0.00000000 	 0.00000000 	 0.00000000 	 0.00000000 	 0.00000000 	 0.00000000 	 0.00000000 	 0.00000000 	 0.00000000
1985 	 5.50761715 	 1.44403931 	 281.36026802 	 5.18296496 	 130.66317079 	 0.00000000 	 0.00000000 	 0.00000000 	 0.00000000 	 0.00000000 	 0.00000000 	 0.00000000 	 0.00000000 	 0.00000000 	 0.00000000 	 0.00000000 	 0.00000000 	 0.00000000 	 0.00000000 	 0.00000000 	 0.00000000 	 0.00000000 	 0.34823153 	 0.00000000 	 5.35031648 	 0.00000000 	 0.00000000 	 0.00000000 	 2.31113456 	 0.00000000 	 16.41348270 	 4.10738622 	 34.86831505 	 846.90108091 	 163.78523309 	 47.22960863 	 0.00000000 	 0.00000000 	 6.76138493 	 24.18352721 	 0.00000000 	 0.00000000 	 0.00000000 	 0.00000000 	 0.00000000 	 0.00000000 	 0.00000000 	 0.00000000 	 0.00000000 	 0.00000000 	 0.00000000 	 0.00000000 	 0.00000000 	 0.00000000 	 0.00000000
1986 	 5.60861486 	 1.50850887 	 286.41086270 	 5.21552664 	 130.37820917 	 0.00000000 	 0.00000000 	 0.00000000 	 0.00000000 	 0.00000000 	 0.00000000 	 0.00000000 	 0.00000000 	 0.00000000 	 0.00000000 	 0.00000000 	 0.00000000 	 0.00000000 	 0.00000000 	 0.00000000 	 0.00000000 	 0.00000000 	 0.41076362 	 0.00000000 	 5.74792517 	 0.00000000 	 0.00000000 	 0.00000000 	 2.24263803 	 0.00000000 	 15.59363970 	 4.43377389 	 35.77286642 	 859.15957067 	 167.17700261 	 48.06711432 	 0.00000000 	 0.00000000 	 6.93474719 	 24.66262374 	 0.00000000 	 0.00000000 	 0.00000000 	 0.00000000 	 0.00000000 	 0.00000000 	 0.00000000 	 0.00000000 	 0.00000000 	 0.00000000 	 0.00000000 	 0.00000000 	 0.00000000 	 0.00000000 	 0.00000000
1987 	 5.78899234 	 1.45736990 	 288.06641960 	 5.29240282 	 132.63506071 	 0.00000000 	 0.00000000 	 0.00000000 	 0.00000000 	 0.00000000 	 0.00000000 	 0.00000000 	 0.00000000 	 0.00000000 	 0.00000000 	 0.00000000 	 0.00000000 	 0.00000000 	 0.00000000 	 0.00000000 	 0.00000000 	 0.00000000 	 0.47922570 	 0.00000000 	 5.79405419 	 0.00000000 	 0.00000000 	 0.00000000 	 2.09178328 	 0.00000000 	 15.96018952 	 4.15133962 	 36.82499490 	 868.03899885 	 168.43135664 	 48.72883192 	 0.00000000 	 0.00000000 	 7.06131876 	 24.91139064 	 0.00000000 	 0.00000000 	 0.00000000 	 0.00000000 	 0.00000000 	 0.00000000 	 0.00000000 	 0.00000000 	 0.00000000 	 0.00000000 	 0.00000000 	 0.00000000 	 0.00000000 	 0.00000000 	 0.00000000
1988 	 5.97725875 	 1.41129513 	 294.06478884 	 5.34824767 	 133.63592445 	 0.00000000 	 0.00000000 	 0.00000000 	 0.00000000 	 0.00000000 	 0.00000000 	 0.00000000 	 0.00000000 	 0.00000000 	 0.00000000 	 0.00000000 	 0.00000000 	 0.00000000 	 0.00000000 	 0.00000000 	 0.00000000 	 0.00000000 	 0.55776802 	 0.00000000 	 6.74861128 	 0.00000000 	 0.00000000 	 0.00000000 	 2.15125927 	 0.00000000 	 16.11119723 	 4.25541040 	 38.00296445 	 878.47666832 	 170.93341905 	 49.24097771 	 0.00000000 	 0.00000000 	 7.21790370 	 25.16173087 	 0.00000000 	 0.00000000 	 0.00000000 	 0.00000000 	 0.00000000 	 0.00000000 	 0.00000000 	 0.00000000 	 0.00000000 	 0.00000000 	 0.00000000 	 0.00000000 	 0.00000000 	 0.00000000 	 0.00000000
1989 	 6.07562672 	 1.35189318 	 302.01487649 	 5.39255187 	 133.54938580 	 0.00000000 	 0.00000000 	 0.00000000 	 0.00000000 	 0.00000000 	 0.00000000 	 0.00000000 	 0.00000000 	 0.00000000 	 0.00000000 	 0.00000000 	 0.00000000 	 0.00000000 	 0.00000000 	 0.00000000 	 0.00059976 	 0.49843662 	 0.65294031 	 0.00000000 	 7.61852988 	 0.00000000 	 0.00000000 	 0.00000000 	 2.27009231 	 0.00000000 	 16.38642179 	 4.60911532 	 39.13908975 	 917.32373982 	 180.49739883 	 50.36647478 	 0.00000000 	 0.00000000 	 7.41085282 	 26.80571741 	 0.00000000 	 0.00000000 	 0.00000000 	 0.00000000 	 0.00000000 	 0.00000000 	 0.00000000 	 0.00000000 	 0.00000000 	 0.00000000 	 0.00000000 	 0.00000000 	 0.00000000 	 0.00000000 	 0.00000000
1990 	 6.23683384 	 1.35824158 	 301.82681155 	 5.47627663 	 133.25367988 	 0.00000000 	 0.00000000 	 0.00000000 	 0.00000000 	 0.00000000 	 0.00000000 	 0.00000000 	 0.00000000 	 0.00000000 	 0.00000000 	 0.00000000 	 0.00000000 	 0.00000000 	 0.00000000 	 0.00000000 	 0.00240000 	 1.41580000 	 0.77400000 	 0.00000000 	 7.08293014 	 0.00000000 	 0.00120000 	 0.00000000 	 2.29954145 	 0.00000000 	 15.54808972 	 5.03480257 	 39.31925359 	 901.50469063 	 179.21487823 	 50.44498330 	 0.00000000 	 0.00000000 	 7.44803137 	 26.59358348 	 0.00000000 	 0.00000000 	 0.00000000 	 0.00000000 	 0.00000000 	 0.00000000 	 0.00000000 	 0.00000000 	 0.00000000 	 0.00000000 	 0.00000000 	 0.00000000 	 0.00000000 	 0.00000000 	 0.00000000
1991 	 6.26315014 	 1.35643488 	 300.29773858 	 5.45309303 	 130.54156856 	 0.00000000 	 0.00000000 	 0.00000000 	 0.00000000 	 0.00000000 	 0.00000000 	 0.00000000 	 0.00000000 	 0.00000000 	 0.00000000 	 0.00000000 	 0.00000000 	 0.00000000 	 0.00000000 	 0.00000000 	 0.00820000 	 3.59930000 	 0.58040000 	 0.00030000 	 6.61938225 	 0.00000000 	 0.10960000 	 0.00000000 	 2.30984903 	 0.00000000 	 15.53706865 	 5.43541226 	 39.58287351 	 903.27461412 	 179.49145460 	 50.49634903 	 0.00000000 	 0.00000000 	 7.48373216 	 26.77193701 	 0.00000000 	 0.00000000 	 0.00000000 	 0.00000000 	 0.00000000 	 0.00000000 	 0.00000000 	 0.00000000 	 0.00000000 	 0.00000000 	 0.00000000 	 0.00000000 	 0.00000000 	 0.00000000 	 0.00000000
1992 	 6.22599250 	 1.43504694 	 300.30375139 	 5.47212103 	 126.10964217 	 0.00000000 	 0.00000000 	 0.00000000 	 0.00000000 	 0.00000000 	 0.00000000 	 0.00000000 	 0.00000000 	 0.00000000 	 0.00000000 	 0.00000000 	 0.00000000 	 0.00000000 	 0.00000000 	 0.00000000 	 0.61560000 	 5.57890000 	 0.65560000 	 0.00080000 	 7.27884731 	 0.00000000 	 0.21930000 	 0.00000000 	 2.10689138 	 0.00000000 	 13.22640716 	 5.46236594 	 40.08318505 	 932.01579762 	 187.07146182 	 50.99644665 	 0.00000000 	 0.00000000 	 7.49559622 	 27.98536207 	 0.00000000 	 0.00000000 	 0.00000000 	 0.00000000 	 0.00000000 	 0.00000000 	 0.00000000 	 0.00000000 	 0.00000000 	 0.00000000 	 0.00000000 	 0.00000000 	 0.00000000 	 0.00000000 	 0.00000000
1993 	 6.25981917 	 1.35749380 	 298.87304097 	 5.50461887 	 124.00368356 	 0.00000000 	 0.00000000 	 0.00000000 	 0.00000000 	 0.00000000 	 0.00000000 	 0.00000000 	 0.00000000 	 0.00000000 	 0.00000000 	 0.00000000 	 0.00000000 	 0.00000000 	 0.00000000 	 0.00000000 	 1.03700000 	 7.70010000 	 1.03220000 	 0.00230000 	 8.18895896 	 0.00000000 	 0.25100000 	 0.00000000 	 2.10287661 	 0.00000000 	 12.45592769 	 5.52740481 	 40.33370214 	 938.47135031 	 188.09554010 	 51.26129666 	 0.00000000 	 0.00000000 	 7.58598404 	 28.21013915 	 0.00000000 	 0.00000000 	 0.00000000 	 0.00000000 	 0.00000000 	 0.00000000 	 0.00000000 	 0.00000000 	 0.00000000 	 0.00000000 	 0.00000000 	 0.00000000 	 0.00000000 	 0.00000000 	 0.00000000
1994 	 6.30826686 	 1.60736209 	 297.60958889 	 5.53707682 	 120.92958755 	 0.00000000 	 0.00000000 	 0.00000000 	 0.00000000 	 0.00000000 	 0.00000000 	 0.00000000 	 0.00000000 	 0.00000000 	 0.00000000 	 0.00000000 	 0.00000000 	 0.00000000 	 0.00000000 	 0.00000000 	 1.06990000 	 13.77000000 	 1.52080000 	 0.01160000 	 8.17701114 	 0.00020000 	 0.28270000 	 0.00000000 	 2.07986687 	 0.00000000 	 11.44508372 	 5.90607700 	 40.18826117 	 894.16732800 	 178.85620360 	 51.34121162 	 0.00000000 	 0.00000000 	 7.59498531 	 26.91604530 	 0.00000000 	 0.00000000 	 0.00000000 	 0.00000000 	 0.00000000 	 0.00000000 	 0.00000000 	 0.00000000 	 0.00000000 	 0.00000000 	 0.00000000 	 0.00000000 	 0.00000000 	 0.00000000 	 0.00000000
1995 	 6.45451327 	 1.48264461 	 306.07596641 	 5.74086843 	 118.69496592 	 0.00000000 	 0.00000000 	 0.00000000 	 0.00000000 	 0.00000000 	 0.00000000 	 0.00000000 	 0.00000000 	 0.00000000 	 0.00000000 	 0.00000000 	 0.00000000 	 0.00000000 	 0.00000000 	 0.00000000 	 3.11100000 	 21.65530000 	 2.54560000 	 0.20970000 	 9.08860606 	 0.00030000 	 0.31440000 	 0.00000000 	 2.28656386 	 0.00000000 	 11.49875795 	 6.24079412 	 41.31173203 	 959.08179112 	 193.70533597 	 52.06583468 	 0.00000000 	 0.00000000 	 7.93853559 	 29.27932781 	 0.00000000 	 0.00000000 	 0.00000000 	 0.00000000 	 0.00000000 	 0.00000000 	 0.00000000 	 0.00000000 	 0.00000000 	 0.00000000 	 0.00000000 	 0.00000000 	 0.00000000 	 0.00000000 	 0.00000000
1996 	 6.58573858 	 1.64097512 	 312.64163657 	 5.92532548 	 116.05283052 	 0.00000000 	 0.00000000 	 0.00000000 	 0.00000000 	 0.00000000 	 0.00000000 	 0.00000000 	 0.00000000 	 0.00000000 	 0.00000000 	 0.00000000 	 0.00000000 	 0.00000000 	 0.00000000 	 0.00000000 	 4.21390000 	 33.88860000 	 3.24700000 	 0.49390000 	 9.52025397 	 0.00060000 	 0.34610000 	 0.00000000 	 2.59123783 	 0.00000000 	 11.43557421 	 6.17689080 	 42.17539592 	 980.14931670 	 198.59080578 	 53.03455960 	 0.00000000 	 0.00000000 	 8.04125688 	 31.13741373 	 0.00000000 	 0.00000000 	 0.00000000 	 0.00000000 	 0.00000000 	 0.00000000 	 0.00000000 	 0.00000000 	 0.00000000 	 0.00000000 	 0.00000000 	 0.00000000 	 0.00000000 	 0.00000000 	 0.00000000
1997 	 6.70099301 	 2.02144481 	 310.42069065 	 5.84197504 	 115.79944335 	 0.00000000 	 0.00000000 	 0.00000000 	 0.00000000 	 0.00000000 	 0.00000000 	 0.00000000 	 0.00000000 	 0.00000000 	 0.00000000 	 0.00000000 	 0.00000000 	 0.00000000 	 0.00000000 	 0.00000000 	 7.57650000 	 40.35820000 	 4.68000000 	 0.43760000 	 10.10080606 	 0.00150000 	 0.42840000 	 0.00130000 	 2.92523932 	 0.00000000 	 11.31600137 	 5.73628726 	 42.39917279 	 966.61350851 	 194.88541769 	 53.32259402 	 0.00000000 	 0.00000000 	 8.04388685 	 30.56603318 	 0.00000000 	 0.00000000 	 0.00000000 	 0.00000000 	 0.00000000 	 0.00000000 	 0.00000000 	 0.00000000 	 0.00000000 	 0.00000000 	 0.00000000 	 0.00000000 	 0.00000000 	 0.00000000 	 0.00000000
1998 	 6.74404006 	 1.67698187 	 308.02411577 	 5.83255557 	 113.72367915 	 0.00000000 	 0.00000000 	 0.00000000 	 0.00000000 	 0.00000000 	 0.00000000 	 0.00000000 	 0.00000000 	 0.00000000 	 0.00000000 	 0.00000000 	 0.00000000 	 0.00000000 	 0.00000000 	 0.00000000 	 6.23150000 	 59.57920000 	 5.51310000 	 0.49350000 	 10.42264982 	 0.00390000 	 0.48970000 	 0.00300000 	 2.95788938 	 0.00000000 	 11.12552587 	 5.46787243 	 42.15034636 	 948.94514927 	 192.74250776 	 53.65485645 	 0.00000000 	 0.00000000 	 7.72530130 	 29.97178278 	 0.00000000 	 0.00000000 	 0.00000000 	 0.00000000 	 0.00000000 	 0.00000000 	 0.00000000 	 0.00000000 	 0.00000000 	 0.00000000 	 0.00000000 	 0.00000000 	 0.00000000 	 0.00000000 	 0.00000000
1999 	 6.80968959 	 1.63834922 	 307.32292053 	 5.81835940 	 109.48218946 	 0.00000000 	 0.00000000 	 0.00000000 	 0.00000000 	 0.00000000 	 0.00000000 	 0.00000000 	 0.00000000 	 0.00000000 	 0.00000000 	 0.00000000 	 0.00000000 	 0.00000000 	 0.00000000 	 0.00000000 	 5.88180000 	 67.79860000 	 6.27080000 	 0.43940000 	 10.34886703 	 0.00960000 	 0.74700000 	 0.00310000 	 3.05142726 	 0.00000000 	 11.07005945 	 5.24897245 	 41.82718272 	 937.58260601 	 191.33617967 	 53.95153132 	 0.00000000 	 0.00000000 	 7.60379194 	 29.76373121 	 0.00000000 	 0.00000000 	 0.00000000 	 0.00000000 	 0.00000000 	 0.00000000 	 0.00000000 	 0.00000000 	 0.00000000 	 0.00000000 	 0.00000000 	 0.00000000 	 0.00000000 	 0.00000000 	 0.00000000
2000 	 7.01020224 	 1.44574475 	 307.45144164 	 5.74303765 	 108.74862347 	 0.00000000 	 0.00000000 	 0.00000000 	 0.00000000 	 0.00000000 	 0.00000000 	 0.00000000 	 0.00000000 	 0.00000000 	 0.00000000 	 0.00000000 	 0.00000000 	 0.00000000 	 0.00000000 	 0.00000000 	 8.22260000 	 74.93500000 	 7.20270000 	 0.85580000 	 11.06479800 	 0.02180000 	 0.87200000 	 0.00310000 	 3.10268995 	 0.00000000 	 10.98257205 	 5.14664621 	 42.27130918 	 898.83693265 	 182.92925421 	 54.12746694 	 0.00000000 	 0.00000000 	 7.43963817 	 28.69163159 	 0.00000000 	 0.00000000 	 0.00000000 	 0.00000000 	 0.00000000 	 0.00000000 	 0.00000000 	 0.00000000 	 0.00000000 	 0.00000000 	 0.00000000 	 0.00000000 	 0.00000000 	 0.00000000 	 0.00000000
2001 	 7.08009320 	 1.30055895 	 307.79279772 	 5.74683818 	 109.65261086 	 0.00000000 	 0.00000000 	 0.00000000 	 0.00000000 	 0.00000000 	 0.00000000 	 0.00000000 	 0.00000000 	 0.00000000 	 0.00000000 	 0.00000000 	 0.00000000 	 0.00000000 	 0.00000000 	 0.00000000 	 9.20160000 	 81.77090000 	 8.84960000 	 0.76880000 	 8.93970448 	 0.05720000 	 1.34110000 	 0.00310000 	 2.86905361 	 0.00000000 	 10.37388529 	 5.20592336 	 41.65385112 	 868.78470490 	 178.78711464 	 53.72162837 	 0.00000000 	 0.00000000 	 7.33373110 	 27.72753837 	 0.00000000 	 0.00000000 	 0.00000000 	 0.00000000 	 0.00000000 	 0.00000000 	 0.00000000 	 0.00000000 	 0.00000000 	 0.00000000 	 0.00000000 	 0.00000000 	 0.00000000 	 0.00000000 	 0.00000000
2002 	 7.21084116 	 1.39959592 	 306.81377780 	 5.80421648 	 108.53218466 	 0.00000000 	 0.00000000 	 0.00000000 	 0.00000000 	 0.00000000 	 0.00000000 	 0.00000000 	 0.00000000 	 0.00000000 	 0.00000000 	 0.00000000 	 0.00000000 	 0.00000000 	 0.00000000 	 0.00000000 	 10.84490000 	 93.53370000 	 9.83680000 	 1.11450000 	 9.46819794 	 0.70260000 	 1.79780000 	 0.00310000 	 2.85171858 	 0.00000000 	 10.43503109 	 5.61825213 	 41.66915535 	 856.30036076 	 179.79942863 	 54.07693170 	 0.00000000 	 0.00000000 	 7.37216062 	 27.87525654 	 0.00000000 	 0.00000000 	 0.00000000 	 0.00000000 	 0.00000000 	 0.00000000 	 0.00000000 	 0.00000000 	 0.00000000 	 0.00000000 	 0.00000000 	 0.00000000 	 0.00000000 	 0.00000000 	 0.00000000
2003 	 7.55743681 	 1.65820847 	 315.84520995 	 5.91903297 	 113.43610723 	 0.00000000 	 0.00000000 	 0.00000000 	 0.00000000 	 0.00000000 	 0.00000000 	 0.00000000 	 0.00000000 	 0.00000000 	 0.00000000 	 0.00000000 	 0.00000000 	 0.00000000 	 0.00000000 	 0.00000000 	 12.91790000 	 103.00660000 	 10.35230000 	 1.28620000 	 9.63762248 	 1.33070000 	 2.73250000 	 0.00180000 	 2.66295760 	 0.00000000 	 10.99746012 	 5.92056396 	 42.94067758 	 875.87331814 	 184.07505357 	 54.81487731 	 0.00000000 	 0.00000000 	 7.57205291 	 28.68006018 	 0.00000000 	 0.00000000 	 0.00000000 	 0.00000000 	 0.00000000 	 0.00000000 	 0.00000000 	 0.00000000 	 0.00000000 	 0.00000000 	 0.00000000 	 0.00000000 	 0.00000000 	 0.00000000 	 0.00000000
2004 	 7.92140037 	 1.47488646 	 324.94715988 	 6.06837375 	 118.51903312 	 0.00000000 	 0.00000000 	 0.00000000 	 0.00000000 	 0.00000000 	 0.00000000 	 0.00000000 	 0.00000000 	 0.00000000 	 0.00000000 	 0.00000000 	 0.00000000 	 0.00000000 	 0.00000000 	 0.00000000 	 14.03170000 	 110.78780000 	 11.40530000 	 1.57340000 	 11.86601916 	 4.13270000 	 4.11450000 	 0.99020000 	 2.39893338 	 0.00000000 	 10.98942159 	 5.83393534 	 44.16709264 	 899.57172294 	 191.38785242 	 55.83784294 	 0.00000000 	 0.00000000 	 7.80659098 	 29.74301781 	 0.00000000 	 0.00000000 	 0.00000000 	 0.00000000 	 0.00000000 	 0.00000000 	 0.00000000 	 0.00000000 	 0.00000000 	 0.00000000 	 0.00000000 	 0.00000000 	 0.00000000 	 0.00000000 	 0.00000000
2005 	 8.18733818 	 0.49656709 	 338.92061410 	 6.14236970 	 115.62260000 	 0.00000000 	 0.00000000 	 0.00000000 	 0.00000000 	 0.00000000 	 0.00000000 	 0.00000000 	 0.00000000 	 0.00000000 	 0.00000000 	 0.00000000 	 0.00000000 	 0.00000000 	 0.00000000 	 0.00000000 	 10.41671000 	 109.79120000 	 12.81131000 	 2.06616300 	 6.69697500 	 0.96644380 	 0.93237410 	 3.13167500 	 1.40307763 	 0.00000000 	 4.44055907 	 2.44412400 	 46.30439840 	 831.02250000 	 175.80560000 	 54.85103000 	 0.00000000 	 0.00000000 	 7.56930487 	 25.76303000 	 0.00000000 	 0.00000000 	 0.00000000 	 0.00000000 	 0.00000000 	 0.00000000 	 0.00000000 	 0.00000000 	 0.00000000 	 0.00000000 	 0.00000000 	 0.00000000 	 0.00000000 	 0.00000000 	 0.00000000
2006 	 8.40845345 	 0.61794802 	 342.43318301 	 6.17348473 	 112.78638000 	 0.00000000 	 0.00000000 	 0.00000000 	 0.00000000 	 0.00000000 	 0.00000000 	 0.00000000 	 0.00000000 	 0.00000000 	 0.00000000 	 0.00000000 	 0.00000000 	 0.00000000 	 0.00000000 	 0.00000000 	 12.43645400 	 118.63712000 	 14.72245600 	 2.35375200 	 7.17113980 	 1.10682544 	 1.06906948 	 3.20238680 	 1.35973199 	 0.00000000 	 4.23540180 	 2.54334720 	 46.43269856 	 841.39092000 	 178.72440000 	 55.76574800 	 0.00000000 	 0.00000000 	 7.70234597 	 26.46823400 	 0.00000000 	 0.00000000 	 0.00000000 	 0.00000000 	 0.00000000 	 0.00000000 	 0.00000000 	 0.00000000 	 0.00000000 	 0.00000000 	 0.00000000 	 0.00000000 	 0.00000000 	 0.00000000 	 0.00000000
2007 	 8.62956873 	 0.73932895 	 345.94575191 	 6.20459976 	 109.95016000 	 0.00000000 	 0.00000000 	 0.00000000 	 0.00000000 	 0.00000000 	 0.00000000 	 0.00000000 	 0.00000000 	 0.00000000 	 0.00000000 	 0.00000000 	 0.00000000 	 0.00000000 	 0.00000000 	 0.00000000 	 14.45619800 	 127.48304000 	 16.63360200 	 2.64134100 	 7.64530460 	 1.24720708 	 1.20576486 	 3.27309860 	 1.31638634 	 0.00000000 	 4.03024453 	 2.64257040 	 46.56099872 	 851.75934000 	 181.64320000 	 56.68046600 	 0.00000000 	 0.00000000 	 7.83538708 	 27.17343800 	 0.00000000 	 0.00000000 	 0.00000000 	 0.00000000 	 0.00000000 	 0.00000000 	 0.00000000 	 0.00000000 	 0.00000000 	 0.00000000 	 0.00000000 	 0.00000000 	 0.00000000 	 0.00000000 	 0.00000000
2008 	 8.85068400 	 0.86070987 	 349.45832082 	 6.23571479 	 107.11394000 	 0.00000000 	 0.00000000 	 0.00000000 	 0.00000000 	 0.00000000 	 0.00000000 	 0.00000000 	 0.00000000 	 0.00000000 	 0.00000000 	 0.00000000 	 0.00000000 	 0.00000000 	 0.00000000 	 0.00000000 	 16.47594200 	 136.32896000 	 18.54474800 	 2.92893000 	 8.11946940 	 1.38758872 	 1.34246024 	 3.34381040 	 1.27304070 	 0.00000000 	 3.82508725 	 2.74179360 	 46.68929888 	 862.12776000 	 184.56200000 	 57.59518400 	 0.00000000 	 0.00000000 	 7.96842818 	 27.87864200 	 0.00000000 	 0.00000000 	 0.00000000 	 0.00000000 	 0.00000000 	 0.00000000 	 0.00000000 	 0.00000000 	 0.00000000 	 0.00000000 	 0.00000000 	 0.00000000 	 0.00000000 	 0.00000000 	 0.00000000
2009 	 9.07179927 	 0.98209080 	 352.97088972 	 6.26682982 	 104.27772000 	 0.00000000 	 0.00000000 	 0.00000000 	 0.00000000 	 0.00000000 	 0.00000000 	 0.00000000 	 0.00000000 	 0.00000000 	 0.00000000 	 0.00000000 	 0.00000000 	 0.00000000 	 0.00000000 	 0.00000000 	 18.49568600 	 145.17488000 	 20.45589400 	 3.21651900 	 8.59363420 	 1.52797036 	 1.47915562 	 3.41452220 	 1.22969505 	 0.00000000 	 3.61992998 	 2.84101680 	 46.81759904 	 872.49618000 	 187.48080000 	 58.50990200 	 0.00000000 	 0.00000000 	 8.10146928 	 28.58384600 	 0.00000000 	 0.00000000 	 0.00000000 	 0.00000000 	 0.00000000 	 0.00000000 	 0.00000000 	 0.00000000 	 0.00000000 	 0.00000000 	 0.00000000 	 0.00000000 	 0.00000000 	 0.00000000 	 0.00000000
2010 	 9.29291455 	 1.10347173 	 356.48345863 	 6.29794484 	 101.44150000 	 0.00000000 	 0.00000000 	 0.00000000 	 0.00000000 	 0.00000000 	 0.00000000 	 0.00000000 	 0.00000000 	 0.00000000 	 0.00000000 	 0.00000000 	 0.00000000 	 0.00000000 	 0.00000000 	 0.00000000 	 20.51543000 	 154.02080000 	 22.36704000 	 3.50410800 	 9.06779900 	 1.66835200 	 1.61585100 	 3.48523400 	 1.18634941 	 0.00000000 	 3.41477271 	 2.94024000 	 46.94589920 	 882.86460000 	 190.39960000 	 59.42462000 	 0.00000000 	 0.00000000 	 8.23451038 	 29.28905000 	 0.00000000 	 0.00000000 	 0.00000000 	 0.00000000 	 0.00000000 	 0.00000000 	 0.00000000 	 0.00000000 	 0.00000000 	 0.00000000 	 0.00000000 	 0.00000000 	 0.00000000 	 0.00000000 	 0.00000000
2011 	 9.41292436 	 1.23743236 	 358.58695015 	 6.36992618 	 98.32779600 	 0.00000000 	 0.00000000 	 0.00000000 	 0.00000000 	 0.00000000 	 0.00000000 	 0.00000000 	 0.00000000 	 0.00000000 	 0.00000000 	 0.00000000 	 0.00000000 	 0.00000000 	 0.00000000 	 0.00000000 	 23.21477800 	 166.29418000 	 25.31204800 	 3.95509600 	 9.33241120 	 1.82509360 	 1.82845020 	 3.62012380 	 1.25577305 	 0.00000000 	 3.62391094 	 3.05081060 	 47.07951936 	 883.27702000 	 192.87568000 	 59.99348600 	 0.00000000 	 0.00000000 	 8.23265922 	 29.44099600 	 0.00000000 	 0.00000000 	 0.00000000 	 0.00000000 	 0.00000000 	 0.00000000 	 0.00000000 	 0.00000000 	 0.00000000 	 0.00000000 	 0.00000000 	 0.00000000 	 0.00000000 	 0.00000000 	 0.00000000
2012 	 9.53293418 	 1.37139300 	 360.69044168 	 6.44190751 	 95.21409200 	 0.00000000 	 0.00000000 	 0.00000000 	 0.00000000 	 0.00000000 	 0.00000000 	 0.00000000 	 0.00000000 	 0.00000000 	 0.00000000 	 0.00000000 	 0.00000000 	 0.00000000 	 0.00000000 	 0.00000000 	 25.91412600 	 178.56756000 	 28.25705600 	 4.40608400 	 9.59702340 	 1.98183520 	 2.04104940 	 3.75501360 	 1.32519669 	 0.00000000 	 3.83304917 	 3.16138120 	 47.21313952 	 883.68944000 	 195.35176000 	 60.56235200 	 0.00000000 	 0.00000000 	 8.23080807 	 29.59294200 	 0.00000000 	 0.00000000 	 0.00000000 	 0.00000000 	 0.00000000 	 0.00000000 	 0.00000000 	 0.00000000 	 0.00000000 	 0.00000000 	 0.00000000 	 0.00000000 	 0.00000000 	 0.00000000 	 0.00000000
2013 	 9.65294400 	 1.50535364 	 362.79393320 	 6.51388885 	 92.10038800 	 0.00000000 	 0.00000000 	 0.00000000 	 0.00000000 	 0.00000000 	 0.00000000 	 0.00000000 	 0.00000000 	 0.00000000 	 0.00000000 	 0.00000000 	 0.00000000 	 0.00000000 	 0.00000000 	 0.00000000 	 28.61347400 	 190.84094000 	 31.20206400 	 4.85707200 	 9.86163560 	 2.13857680 	 2.25364860 	 3.88990340 	 1.39462034 	 0.00000000 	 4.04218741 	 3.27195180 	 47.34675968 	 884.10186000 	 197.82784000 	 61.13121800 	 0.00000000 	 0.00000000 	 8.22895691 	 29.74488800 	 0.00000000 	 0.00000000 	 0.00000000 	 0.00000000 	 0.00000000 	 0.00000000 	 0.00000000 	 0.00000000 	 0.00000000 	 0.00000000 	 0.00000000 	 0.00000000 	 0.00000000 	 0.00000000 	 0.00000000
2014 	 9.77295382 	 1.63931427 	 364.89742473 	 6.58587018 	 88.98668400 	 0.00000000 	 0.00000000 	 0.00000000 	 0.00000000 	 0.00000000 	 0.00000000 	 0.00000000 	 0.00000000 	 0.00000000 	 0.00000000 	 0.00000000 	 0.00000000 	 0.00000000 	 0.00000000 	 0.00000000 	 31.31282200 	 203.11432000 	 34.14707200 	 5.30806000 	 10.12624780 	 2.29531840 	 2.46624780 	 4.02479320 	 1.46404398 	 0.00000000 	 4.25132564 	 3.38252240 	 47.48037984 	 884.51428000 	 200.30392000 	 61.70008400 	 0.00000000 	 0.00000000 	 8.22710575 	 29.89683400 	 0.00000000 	 0.00000000 	 0.00000000 	 0.00000000 	 0.00000000 	 0.00000000 	 0.00000000 	 0.00000000 	 0.00000000 	 0.00000000 	 0.00000000 	 0.00000000 	 0.00000000 	 0.00000000 	 0.00000000
2015 	 9.89296364 	 1.77327491 	 367.00091625 	 6.65785152 	 85.87298000 	 0.00000000 	 0.00000000 	 0.00000000 	 0.00000000 	 0.00000000 	 0.00000000 	 0.00000000 	 0.00000000 	 0.00000000 	 0.00000000 	 0.00000000 	 0.00000000 	 0.00000000 	 0.00000000 	 0.00000000 	 34.01217000 	 215.38770000 	 37.09208000 	 5.75904800 	 10.39086000 	 2.45206000 	 2.67884700 	 4.15968300 	 1.53346762 	 0.00000000 	 4.46046387 	 3.49309300 	 47.61400000 	 884.92670000 	 202.78000000 	 62.26895000 	 0.00000000 	 0.00000000 	 8.22525459 	 30.04878000 	 0.00000000 	 0.00000000 	 0.00000000 	 0.00000000 	 0.00000000 	 0.00000000 	 0.00000000 	 0.00000000 	 0.00000000 	 0.00000000 	 0.00000000 	 0.00000000 	 0.00000000 	 0.00000000 	 0.00000000
2016 	 9.92193055 	 1.48277100 	 364.51564104 	 6.65241626 	 83.26821600 	 0.00000000 	 0.00000000 	 0.00000000 	 0.00000000 	 0.00000000 	 0.00000000 	 0.00000000 	 0.00000000 	 0.00000000 	 0.00000000 	 0.00000000 	 0.00000000 	 0.00000000 	 0.00000000 	 0.00000000 	 38.38513600 	 216.77448000 	 41.83378800 	 5.29101020 	 10.55122400 	 2.46262620 	 3.02414140 	 4.15934460 	 1.49695715 	 0.00000000 	 4.41166576 	 3.44012600 	 47.04232192 	 868.02308000 	 199.52532000 	 62.82078400 	 0.00000000 	 0.00000000 	 8.16324090 	 29.38986200 	 0.00000000 	 0.00000000 	 0.00000000 	 0.00000000 	 0.00000000 	 0.00000000 	 0.00000000 	 0.00000000 	 0.00000000 	 0.00000000 	 0.00000000 	 0.00000000 	 0.00000000 	 0.00000000 	 0.00000000
2017 	 9.95089745 	 1.19226709 	 362.03036583 	 6.64698101 	 80.66345200 	 0.00000000 	 0.00000000 	 0.00000000 	 0.00000000 	 0.00000000 	 0.00000000 	 0.00000000 	 0.00000000 	 0.00000000 	 0.00000000 	 0.00000000 	 0.00000000 	 0.00000000 	 0.00000000 	 0.00000000 	 42.75810200 	 218.16126000 	 46.57549600 	 4.82297240 	 10.71158800 	 2.47319240 	 3.36943580 	 4.15900620 	 1.46044668 	 0.00000000 	 4.36286764 	 3.38715900 	 46.47064384 	 851.11946000 	 196.27064000 	 63.37261800 	 0.00000000 	 0.00000000 	 8.10122721 	 28.73094400 	 0.00000000 	 0.00000000 	 0.00000000 	 0.00000000 	 0.00000000 	 0.00000000 	 0.00000000 	 0.00000000 	 0.00000000 	 0.00000000 	 0.00000000 	 0.00000000 	 0.00000000 	 0.00000000 	 0.00000000
2018 	 9.97986436 	 0.90176318 	 359.54509062 	 6.64154575 	 78.05868800 	 0.00000000 	 0.00000000 	 0.00000000 	 0.00000000 	 0.00000000 	 0.00000000 	 0.00000000 	 0.00000000 	 0.00000000 	 0.00000000 	 0.00000000 	 0.00000000 	 0.00000000 	 0.00000000 	 0.00000000 	 47.13106800 	 219.54804000 	 51.31720400 	 4.35493460 	 10.87195200 	 2.48375860 	 3.71473020 	 4.15866780 	 1.42393621 	 0.00000000 	 4.31406953 	 3.33419200 	 45.89896576 	 834.21584000 	 193.01596000 	 63.92445200 	 0.00000000 	 0.00000000 	 8.03921353 	 28.07202600 	 0.00000000 	 0.00000000 	 0.00000000 	 0.00000000 	 0.00000000 	 0.00000000 	 0.00000000 	 0.00000000 	 0.00000000 	 0.00000000 	 0.00000000 	 0.00000000 	 0.00000000 	 0.00000000 	 0.00000000
2019 	 10.00883127 	 0.61125927 	 357.05981540 	 6.63611050 	 75.45392400 	 0.00000000 	 0.00000000 	 0.00000000 	 0.00000000 	 0.00000000 	 0.00000000 	 0.00000000 	 0.00000000 	 0.00000000 	 0.00000000 	 0.00000000 	 0.00000000 	 0.00000000 	 0.00000000 	 0.00000000 	 51.50403400 	 220.93482000 	 56.05891200 	 3.88689680 	 11.03231600 	 2.49432480 	 4.06002460 	 4.15832940 	 1.38742574 	 0.00000000 	 4.26527141 	 3.28122500 	 45.32728768 	 817.31222000 	 189.76128000 	 64.47628600 	 0.00000000 	 0.00000000 	 7.97719984 	 27.41310800 	 0.00000000 	 0.00000000 	 0.00000000 	 0.00000000 	 0.00000000 	 0.00000000 	 0.00000000 	 0.00000000 	 0.00000000 	 0.00000000 	 0.00000000 	 0.00000000 	 0.00000000 	 0.00000000 	 0.00000000
2020 	 10.03779818 	 0.32075536 	 354.57454019 	 6.63067524 	 72.84916000 	 0.00000000 	 0.00000000 	 0.00000000 	 0.00000000 	 0.00000000 	 0.00000000 	 0.00000000 	 0.00000000 	 0.00000000 	 0.00000000 	 0.00000000 	 0.00000000 	 0.00000000 	 0.00000000 	 0.00000000 	 55.87700000 	 222.32160000 	 60.80062000 	 3.41885900 	 11.19268000 	 2.50489100 	 4.40531900 	 4.15799100 	 1.35091527 	 0.00000000 	 4.21647330 	 3.22825800 	 44.75560960 	 800.40860000 	 186.50660000 	 65.02812000 	 0.00000000 	 0.00000000 	 7.91518615 	 26.75419000 	 0.00000000 	 0.00000000 	 0.00000000 	 0.00000000 	 0.00000000 	 0.00000000 	 0.00000000 	 0.00000000 	 0.00000000 	 0.00000000 	 0.00000000 	 0.00000000 	 0.00000000 	 0.00000000 	 0.00000000
2021 	 10.03026109 	 0.47004622 	 355.98366685 	 6.70038084 	 71.35608000 	 0.00000000 	 0.00000000 	 0.00000000 	 0.00000000 	 0.00000000 	 0.00000000 	 0.00000000 	 0.00000000 	 0.00000000 	 0.00000000 	 0.00000000 	 0.00000000 	 0.00000000 	 0.00000000 	 0.00000000 	 58.45499800 	 222.66778000 	 63.57752200 	 3.43302060 	 11.38638200 	 2.51312500 	 4.60939820 	 4.15921760 	 1.34207013 	 0.00000000 	 4.23483795 	 3.23197300 	 43.77802464 	 795.97278000 	 185.68540000 	 65.93293200 	 0.00000000 	 0.00000000 	 7.87975389 	 26.83524800 	 0.00000000 	 0.00000000 	 0.00000000 	 0.00000000 	 0.00000000 	 0.00000000 	 0.00000000 	 0.00000000 	 0.00000000 	 0.00000000 	 0.00000000 	 0.00000000 	 0.00000000 	 0.00000000 	 0.00000000
2022 	 10.02272400 	 0.61933707 	 357.39279350 	 6.77008644 	 69.86300000 	 0.00000000 	 0.00000000 	 0.00000000 	 0.00000000 	 0.00000000 	 0.00000000 	 0.00000000 	 0.00000000 	 0.00000000 	 0.00000000 	 0.00000000 	 0.00000000 	 0.00000000 	 0.00000000 	 0.00000000 	 61.03299600 	 223.01396000 	 66.35442400 	 3.44718220 	 11.58008400 	 2.52135900 	 4.81347740 	 4.16044420 	 1.33322499 	 0.00000000 	 4.25320260 	 3.23568800 	 42.80043968 	 791.53696000 	 184.86420000 	 66.83774400 	 0.00000000 	 0.00000000 	 7.84432164 	 26.91630600 	 0.00000000 	 0.00000000 	 0.00000000 	 0.00000000 	 0.00000000 	 0.00000000 	 0.00000000 	 0.00000000 	 0.00000000 	 0.00000000 	 0.00000000 	 0.00000000 	 0.00000000 	 0.00000000 	 0.00000000
2023 	 10.01518691 	 0.76862793 	 358.80192016 	 6.83979204 	 68.36992000 	 0.00000000 	 0.00000000 	 0.00000000 	 0.00000000 	 0.00000000 	 0.00000000 	 0.00000000 	 0.00000000 	 0.00000000 	 0.00000000 	 0.00000000 	 0.00000000 	 0.00000000 	 0.00000000 	 0.00000000 	 63.61099400 	 223.36014000 	 69.13132600 	 3.46134380 	 11.77378600 	 2.52959300 	 5.01755660 	 4.16167080 	 1.32437986 	 0.00000000 	 4.27156725 	 3.23940300 	 41.82285472 	 787.10114000 	 184.04300000 	 67.74255600 	 0.00000000 	 0.00000000 	 7.80888938 	 26.99736400 	 0.00000000 	 0.00000000 	 0.00000000 	 0.00000000 	 0.00000000 	 0.00000000 	 0.00000000 	 0.00000000 	 0.00000000 	 0.00000000 	 0.00000000 	 0.00000000 	 0.00000000 	 0.00000000 	 0.00000000
2024 	 10.00764982 	 0.91791878 	 360.21104681 	 6.90949764 	 66.87684000 	 0.00000000 	 0.00000000 	 0.00000000 	 0.00000000 	 0.00000000 	 0.00000000 	 0.00000000 	 0.00000000 	 0.00000000 	 0.00000000 	 0.00000000 	 0.00000000 	 0.00000000 	 0.00000000 	 0.00000000 	 66.18899200 	 223.70632000 	 71.90822800 	 3.47550540 	 11.96748800 	 2.53782700 	 5.22163580 	 4.16289740 	 1.31553472 	 0.00000000 	 4.28993190 	 3.24311800 	 40.84526976 	 782.66532000 	 183.22180000 	 68.64736800 	 0.00000000 	 0.00000000 	 7.77345712 	 27.07842200 	 0.00000000 	 0.00000000 	 0.00000000 	 0.00000000 	 0.00000000 	 0.00000000 	 0.00000000 	 0.00000000 	 0.00000000 	 0.00000000 	 0.00000000 	 0.00000000 	 0.00000000 	 0.00000000 	 0.00000000
2025 	 10.00011273 	 1.06720964 	 361.62017347 	 6.97920324 	 65.38376000 	 0.00000000 	 0.00000000 	 0.00000000 	 0.00000000 	 0.00000000 	 0.00000000 	 0.00000000 	 0.00000000 	 0.00000000 	 0.00000000 	 0.00000000 	 0.00000000 	 0.00000000 	 0.00000000 	 0.00000000 	 68.76699000 	 224.05250000 	 74.68513000 	 3.48966700 	 12.16119000 	 2.54606100 	 5.42571500 	 4.16412400 	 1.30668958 	 0.00000000 	 4.30829655 	 3.24683300 	 39.86768480 	 778.22950000 	 182.40060000 	 69.55218000 	 0.00000000 	 0.00000000 	 7.73802486 	 27.15948000 	 0.00000000 	 0.00000000 	 0.00000000 	 0.00000000 	 0.00000000 	 0.00000000 	 0.00000000 	 0.00000000 	 0.00000000 	 0.00000000 	 0.00000000 	 0.00000000 	 0.00000000 	 0.00000000 	 0.00000000
2026 	 9.92928818 	 1.08561464 	 362.96660226 	 7.04632032 	 64.24044800 	 0.00000000 	 0.00000000 	 0.00000000 	 0.00000000 	 0.00000000 	 0.00000000 	 0.00000000 	 0.00000000 	 0.00000000 	 0.00000000 	 0.00000000 	 0.00000000 	 0.00000000 	 0.00000000 	 0.00000000 	 72.20143000 	 225.86436000 	 78.39743200 	 3.59729780 	 12.29194600 	 2.87052180 	 5.69733480 	 4.17559520 	 1.31382656 	 0.00000000 	 4.34255509 	 3.28696200 	 39.16758496 	 771.12610000 	 181.45938000 	 70.43203800 	 0.00000000 	 0.00000000 	 7.70015212 	 27.16355000 	 0.00000000 	 0.00000000 	 0.00000000 	 0.00000000 	 0.00000000 	 0.00000000 	 0.00000000 	 0.00000000 	 0.00000000 	 0.00000000 	 0.00000000 	 0.00000000 	 0.00000000 	 0.00000000 	 0.00000000
2027 	 9.85846364 	 1.10401964 	 364.31303106 	 7.11343740 	 63.09713600 	 0.00000000 	 0.00000000 	 0.00000000 	 0.00000000 	 0.00000000 	 0.00000000 	 0.00000000 	 0.00000000 	 0.00000000 	 0.00000000 	 0.00000000 	 0.00000000 	 0.00000000 	 0.00000000 	 0.00000000 	 75.63587000 	 227.67622000 	 82.10973400 	 3.70492860 	 12.42270200 	 3.19498260 	 5.96895460 	 4.18706640 	 1.32096354 	 0.00000000 	 4.37681363 	 3.32709100 	 38.46748512 	 764.02270000 	 180.51816000 	 71.31189600 	 0.00000000 	 0.00000000 	 7.66227937 	 27.16762000 	 0.00000000 	 0.00000000 	 0.00000000 	 0.00000000 	 0.00000000 	 0.00000000 	 0.00000000 	 0.00000000 	 0.00000000 	 0.00000000 	 0.00000000 	 0.00000000 	 0.00000000 	 0.00000000 	 0.00000000
2028 	 9.78763909 	 1.12242464 	 365.65945985 	 7.18055448 	 61.95382400 	 0.00000000 	 0.00000000 	 0.00000000 	 0.00000000 	 0.00000000 	 0.00000000 	 0.00000000 	 0.00000000 	 0.00000000 	 0.00000000 	 0.00000000 	 0.00000000 	 0.00000000 	 0.00000000 	 0.00000000 	 79.07031000 	 229.48808000 	 85.82203600 	 3.81255940 	 12.55345800 	 3.51944340 	 6.24057440 	 4.19853760 	 1.32810052 	 0.00000000 	 4.41107218 	 3.36722000 	 37.76738528 	 756.91930000 	 179.57694000 	 72.19175400 	 0.00000000 	 0.00000000 	 7.62440663 	 27.17169000 	 0.00000000 	 0.00000000 	 0.00000000 	 0.00000000 	 0.00000000 	 0.00000000 	 0.00000000 	 0.00000000 	 0.00000000 	 0.00000000 	 0.00000000 	 0.00000000 	 0.00000000 	 0.00000000 	 0.00000000
2029 	 9.71681455 	 1.14082964 	 367.00588864 	 7.24767156 	 60.81051200 	 0.00000000 	 0.00000000 	 0.00000000 	 0.00000000 	 0.00000000 	 0.00000000 	 0.00000000 	 0.00000000 	 0.00000000 	 0.00000000 	 0.00000000 	 0.00000000 	 0.00000000 	 0.00000000 	 0.00000000 	 82.50475000 	 231.29994000 	 89.53433800 	 3.92019020 	 12.68421400 	 3.84390420 	 6.51219420 	 4.21000880 	 1.33523750 	 0.00000000 	 4.44533072 	 3.40734900 	 37.06728544 	 749.81590000 	 178.63572000 	 73.07161200 	 0.00000000 	 0.00000000 	 7.58653389 	 27.17576000 	 0.00000000 	 0.00000000 	 0.00000000 	 0.00000000 	 0.00000000 	 0.00000000 	 0.00000000 	 0.00000000 	 0.00000000 	 0.00000000 	 0.00000000 	 0.00000000 	 0.00000000 	 0.00000000 	 0.00000000
2030 	 9.64599000 	 1.15923464 	 368.35231744 	 7.31478864 	 59.66720000 	 0.00000000 	 0.00000000 	 0.00000000 	 0.00000000 	 0.00000000 	 0.00000000 	 0.00000000 	 0.00000000 	 0.00000000 	 0.00000000 	 0.00000000 	 0.00000000 	 0.00000000 	 0.00000000 	 0.00000000 	 85.93919000 	 233.11180000 	 93.24664000 	 4.02782100 	 12.81497000 	 4.16836500 	 6.78381400 	 4.22148000 	 1.34237448 	 0.00000000 	 4.47958926 	 3.44747800 	 36.36718560 	 742.71250000 	 177.69450000 	 73.95147000 	 0.00000000 	 0.00000000 	 7.54866114 	 27.17983000 	 0.00000000 	 0.00000000 	 0.00000000 	 0.00000000 	 0.00000000 	 0.00000000 	 0.00000000 	 0.00000000 	 0.00000000 	 0.00000000 	 0.00000000 	 0.00000000 	 0.00000000 	 0.00000000 	 0.00000000
2031 	 9.39352473 	 1.16467331 	 366.95082178 	 7.34218370 	 57.86413800 	 0.00000000 	 0.00000000 	 0.00000000 	 0.00000000 	 0.00000000 	 0.00000000 	 0.00000000 	 0.00000000 	 0.00000000 	 0.00000000 	 0.00000000 	 0.00000000 	 0.00000000 	 0.00000000 	 0.00000000 	 86.02487600 	 230.12412000 	 93.34459400 	 4.02408540 	 12.80871200 	 4.19634640 	 6.79058220 	 4.20330900 	 1.31562459 	 0.00000000 	 4.45255623 	 3.42733920 	 35.27636672 	 734.33690000 	 176.64412000 	 74.75321000 	 0.00000000 	 0.00000000 	 7.45992729 	 27.09117000 	 0.00000000 	 0.00000000 	 0.00000000 	 0.00000000 	 0.00000000 	 0.00000000 	 0.00000000 	 0.00000000 	 0.00000000 	 0.00000000 	 0.00000000 	 0.00000000 	 0.00000000 	 0.00000000 	 0.00000000
2032 	 9.14105945 	 1.17011198 	 365.54932612 	 7.36957877 	 56.06107600 	 0.00000000 	 0.00000000 	 0.00000000 	 0.00000000 	 0.00000000 	 0.00000000 	 0.00000000 	 0.00000000 	 0.00000000 	 0.00000000 	 0.00000000 	 0.00000000 	 0.00000000 	 0.00000000 	 0.00000000 	 86.11056200 	 227.13644000 	 93.44254800 	 4.02034980 	 12.80245400 	 4.22432780 	 6.79735040 	 4.18513800 	 1.28887471 	 0.00000000 	 4.42552321 	 3.40720040 	 34.18554784 	 725.96130000 	 175.59374000 	 75.55495000 	 0.00000000 	 0.00000000 	 7.37119344 	 27.00251000 	 0.00000000 	 0.00000000 	 0.00000000 	 0.00000000 	 0.00000000 	 0.00000000 	 0.00000000 	 0.00000000 	 0.00000000 	 0.00000000 	 0.00000000 	 0.00000000 	 0.00000000 	 0.00000000 	 0.00000000
2033 	 8.88859418 	 1.17555065 	 364.14783046 	 7.39697383 	 54.25801400 	 0.00000000 	 0.00000000 	 0.00000000 	 0.00000000 	 0.00000000 	 0.00000000 	 0.00000000 	 0.00000000 	 0.00000000 	 0.00000000 	 0.00000000 	 0.00000000 	 0.00000000 	 0.00000000 	 0.00000000 	 86.19624800 	 224.14876000 	 93.54050200 	 4.01661420 	 12.79619600 	 4.25230920 	 6.80411860 	 4.16696700 	 1.26212482 	 0.00000000 	 4.39849018 	 3.38706160 	 33.09472896 	 717.58570000 	 174.54336000 	 76.35669000 	 0.00000000 	 0.00000000 	 7.28245959 	 26.91385000 	 0.00000000 	 0.00000000 	 0.00000000 	 0.00000000 	 0.00000000 	 0.00000000 	 0.00000000 	 0.00000000 	 0.00000000 	 0.00000000 	 0.00000000 	 0.00000000 	 0.00000000 	 0.00000000 	 0.00000000
2034 	 8.63612891 	 1.18098933 	 362.74633480 	 7.42436890 	 52.45495200 	 0.00000000 	 0.00000000 	 0.00000000 	 0.00000000 	 0.00000000 	 0.00000000 	 0.00000000 	 0.00000000 	 0.00000000 	 0.00000000 	 0.00000000 	 0.00000000 	 0.00000000 	 0.00000000 	 0.00000000 	 86.28193400 	 221.16108000 	 93.63845600 	 4.01287860 	 12.78993800 	 4.28029060 	 6.81088680 	 4.14879600 	 1.23537494 	 0.00000000 	 4.37145715 	 3.36692280 	 32.00391008 	 709.21010000 	 173.49298000 	 77.15843000 	 0.00000000 	 0.00000000 	 7.19372574 	 26.82519000 	 0.00000000 	 0.00000000 	 0.00000000 	 0.00000000 	 0.00000000 	 0.00000000 	 0.00000000 	 0.00000000 	 0.00000000 	 0.00000000 	 0.00000000 	 0.00000000 	 0.00000000 	 0.00000000 	 0.00000000
2035 	 8.38366364 	 1.18642800 	 361.34483915 	 7.45176396 	 50.65189000 	 0.00000000 	 0.00000000 	 0.00000000 	 0.00000000 	 0.00000000 	 0.00000000 	 0.00000000 	 0.00000000 	 0.00000000 	 0.00000000 	 0.00000000 	 0.00000000 	 0.00000000 	 0.00000000 	 0.00000000 	 86.36762000 	 218.17340000 	 93.73641000 	 4.00914300 	 12.78368000 	 4.30827200 	 6.81765500 	 4.13062500 	 1.20862505 	 0.00000000 	 4.34442412 	 3.34678400 	 30.91309120 	 700.83450000 	 172.44260000 	 77.96017000 	 0.00000000 	 0.00000000 	 7.10499188 	 26.73653000 	 0.00000000 	 0.00000000 	 0.00000000 	 0.00000000 	 0.00000000 	 0.00000000 	 0.00000000 	 0.00000000 	 0.00000000 	 0.00000000 	 0.00000000 	 0.00000000 	 0.00000000 	 0.00000000 	 0.00000000
2036 	 8.13453109 	 1.17977400 	 362.37427584 	 7.51355899 	 49.21247000 	 0.00000000 	 0.00000000 	 0.00000000 	 0.00000000 	 0.00000000 	 0.00000000 	 0.00000000 	 0.00000000 	 0.00000000 	 0.00000000 	 0.00000000 	 0.00000000 	 0.00000000 	 0.00000000 	 0.00000000 	 86.64949600 	 216.88740000 	 94.04462600 	 4.01321080 	 12.78857200 	 4.35740900 	 6.83987940 	 4.15172700 	 1.21064028 	 0.00000000 	 4.35034870 	 3.38544040 	 30.31750656 	 695.40746000 	 171.94626000 	 78.74052800 	 0.00000000 	 0.00000000 	 7.06253664 	 26.71220000 	 0.00000000 	 0.00000000 	 0.00000000 	 0.00000000 	 0.00000000 	 0.00000000 	 0.00000000 	 0.00000000 	 0.00000000 	 0.00000000 	 0.00000000 	 0.00000000 	 0.00000000 	 0.00000000 	 0.00000000
2037 	 7.88539855 	 1.17312000 	 363.40371253 	 7.57535402 	 47.77305000 	 0.00000000 	 0.00000000 	 0.00000000 	 0.00000000 	 0.00000000 	 0.00000000 	 0.00000000 	 0.00000000 	 0.00000000 	 0.00000000 	 0.00000000 	 0.00000000 	 0.00000000 	 0.00000000 	 0.00000000 	 86.93137200 	 215.60140000 	 94.35284200 	 4.01727860 	 12.79346400 	 4.40654600 	 6.86210380 	 4.17282900 	 1.21265551 	 0.00000000 	 4.35627327 	 3.42409680 	 29.72192192 	 689.98042000 	 171.44992000 	 79.52088600 	 0.00000000 	 0.00000000 	 7.02008141 	 26.68787000 	 0.00000000 	 0.00000000 	 0.00000000 	 0.00000000 	 0.00000000 	 0.00000000 	 0.00000000 	 0.00000000 	 0.00000000 	 0.00000000 	 0.00000000 	 0.00000000 	 0.00000000 	 0.00000000 	 0.00000000
2038 	 7.63626600 	 1.16646600 	 364.43314923 	 7.63714906 	 46.33363000 	 0.00000000 	 0.00000000 	 0.00000000 	 0.00000000 	 0.00000000 	 0.00000000 	 0.00000000 	 0.00000000 	 0.00000000 	 0.00000000 	 0.00000000 	 0.00000000 	 0.00000000 	 0.00000000 	 0.00000000 	 87.21324800 	 214.31540000 	 94.66105800 	 4.02134640 	 12.79835600 	 4.45568300 	 6.88432820 	 4.19393100 	 1.21467073 	 0.00000000 	 4.36219784 	 3.46275320 	 29.12633728 	 684.55338000 	 170.95358000 	 80.30124400 	 0.00000000 	 0.00000000 	 6.97762617 	 26.66354000 	 0.00000000 	 0.00000000 	 0.00000000 	 0.00000000 	 0.00000000 	 0.00000000 	 0.00000000 	 0.00000000 	 0.00000000 	 0.00000000 	 0.00000000 	 0.00000000 	 0.00000000 	 0.00000000 	 0.00000000
2039 	 7.38713345 	 1.15981200 	 365.46258592 	 7.69894409 	 44.89421000 	 0.00000000 	 0.00000000 	 0.00000000 	 0.00000000 	 0.00000000 	 0.00000000 	 0.00000000 	 0.00000000 	 0.00000000 	 0.00000000 	 0.00000000 	 0.00000000 	 0.00000000 	 0.00000000 	 0.00000000 	 87.49512400 	 213.02940000 	 94.96927400 	 4.02541420 	 12.80324800 	 4.50482000 	 6.90655260 	 4.21503300 	 1.21668596 	 0.00000000 	 4.36812242 	 3.50140960 	 28.53075264 	 679.12634000 	 170.45724000 	 81.08160200 	 0.00000000 	 0.00000000 	 6.93517093 	 26.63921000 	 0.00000000 	 0.00000000 	 0.00000000 	 0.00000000 	 0.00000000 	 0.00000000 	 0.00000000 	 0.00000000 	 0.00000000 	 0.00000000 	 0.00000000 	 0.00000000 	 0.00000000 	 0.00000000 	 0.00000000
2040 	 7.13800091 	 1.15315800 	 366.49202261 	 7.76073912 	 43.45479000 	 0.00000000 	 0.00000000 	 0.00000000 	 0.00000000 	 0.00000000 	 0.00000000 	 0.00000000 	 0.00000000 	 0.00000000 	 0.00000000 	 0.00000000 	 0.00000000 	 0.00000000 	 0.00000000 	 0.00000000 	 87.77700000 	 211.74340000 	 95.27749000 	 4.02948200 	 12.80814000 	 4.55395700 	 6.92877700 	 4.23613500 	 1.21870119 	 0.00000000 	 4.37404699 	 3.54006600 	 27.93516800 	 673.69930000 	 169.96090000 	 81.86196000 	 0.00000000 	 0.00000000 	 6.89271569 	 26.61488000 	 0.00000000 	 0.00000000 	 0.00000000 	 0.00000000 	 0.00000000 	 0.00000000 	 0.00000000 	 0.00000000 	 0.00000000 	 0.00000000 	 0.00000000 	 0.00000000 	 0.00000000 	 0.00000000 	 0.00000000
2041 	 6.90344345 	 1.14183300 	 366.68172656 	 7.82156870 	 42.36277600 	 0.00000000 	 0.00000000 	 0.00000000 	 0.00000000 	 0.00000000 	 0.00000000 	 0.00000000 	 0.00000000 	 0.00000000 	 0.00000000 	 0.00000000 	 0.00000000 	 0.00000000 	 0.00000000 	 0.00000000 	 85.59477000 	 202.30632000 	 92.90366000 	 4.03663840 	 12.79786800 	 4.59384620 	 6.75659980 	 4.25441160 	 1.21533590 	 0.00000000 	 4.35432009 	 3.56696060 	 27.49921254 	 670.34236000 	 169.74180000 	 82.60981800 	 0.00000000 	 0.00000000 	 6.85898896 	 26.57123200 	 0.00000000 	 0.00000000 	 0.00000000 	 0.00000000 	 0.00000000 	 0.00000000 	 0.00000000 	 0.00000000 	 0.00000000 	 0.00000000 	 0.00000000 	 0.00000000 	 0.00000000 	 0.00000000 	 0.00000000
2042 	 6.66888600 	 1.13050800 	 366.87143051 	 7.88239829 	 41.27076200 	 0.00000000 	 0.00000000 	 0.00000000 	 0.00000000 	 0.00000000 	 0.00000000 	 0.00000000 	 0.00000000 	 0.00000000 	 0.00000000 	 0.00000000 	 0.00000000 	 0.00000000 	 0.00000000 	 0.00000000 	 83.41254000 	 192.86924000 	 90.52983000 	 4.04379480 	 12.78759600 	 4.63373540 	 6.58442260 	 4.27268820 	 1.21197061 	 0.00000000 	 4.33459318 	 3.59385520 	 27.06325709 	 666.98542000 	 169.52270000 	 83.35767600 	 0.00000000 	 0.00000000 	 6.82526224 	 26.52758400 	 0.00000000 	 0.00000000 	 0.00000000 	 0.00000000 	 0.00000000 	 0.00000000 	 0.00000000 	 0.00000000 	 0.00000000 	 0.00000000 	 0.00000000 	 0.00000000 	 0.00000000 	 0.00000000 	 0.00000000
2043 	 6.43432855 	 1.11918300 	 367.06113446 	 7.94322787 	 40.17874800 	 0.00000000 	 0.00000000 	 0.00000000 	 0.00000000 	 0.00000000 	 0.00000000 	 0.00000000 	 0.00000000 	 0.00000000 	 0.00000000 	 0.00000000 	 0.00000000 	 0.00000000 	 0.00000000 	 0.00000000 	 81.23031000 	 183.43216000 	 88.15600000 	 4.05095120 	 12.77732400 	 4.67362460 	 6.41224540 	 4.29096480 	 1.20860532 	 0.00000000 	 4.31486628 	 3.62074980 	 26.62730163 	 663.62848000 	 169.30360000 	 84.10553400 	 0.00000000 	 0.00000000 	 6.79153552 	 26.48393600 	 0.00000000 	 0.00000000 	 0.00000000 	 0.00000000 	 0.00000000 	 0.00000000 	 0.00000000 	 0.00000000 	 0.00000000 	 0.00000000 	 0.00000000 	 0.00000000 	 0.00000000 	 0.00000000 	 0.00000000
2044 	 6.19977109 	 1.10785800 	 367.25083841 	 8.00405746 	 39.08673400 	 0.00000000 	 0.00000000 	 0.00000000 	 0.00000000 	 0.00000000 	 0.00000000 	 0.00000000 	 0.00000000 	 0.00000000 	 0.00000000 	 0.00000000 	 0.00000000 	 0.00000000 	 0.00000000 	 0.00000000 	 79.04808000 	 173.99508000 	 85.78217000 	 4.05810760 	 12.76705200 	 4.71351380 	 6.24006820 	 4.30924140 	 1.20524003 	 0.00000000 	 4.29513938 	 3.64764440 	 26.19134618 	 660.27154000 	 169.08450000 	 84.85339200 	 0.00000000 	 0.00000000 	 6.75780879 	 26.44028800 	 0.00000000 	 0.00000000 	 0.00000000 	 0.00000000 	 0.00000000 	 0.00000000 	 0.00000000 	 0.00000000 	 0.00000000 	 0.00000000 	 0.00000000 	 0.00000000 	 0.00000000 	 0.00000000 	 0.00000000
2045 	 5.96521364 	 1.09653300 	 367.44054236 	 8.06488704 	 37.99472000 	 0.00000000 	 0.00000000 	 0.00000000 	 0.00000000 	 0.00000000 	 0.00000000 	 0.00000000 	 0.00000000 	 0.00000000 	 0.00000000 	 0.00000000 	 0.00000000 	 0.00000000 	 0.00000000 	 0.00000000 	 76.86585000 	 164.55800000 	 83.40834000 	 4.06526400 	 12.75678000 	 4.75340300 	 6.06789100 	 4.32751800 	 1.20187474 	 0.00000000 	 4.27541247 	 3.67453900 	 25.75539072 	 656.91460000 	 168.86540000 	 85.60125000 	 0.00000000 	 0.00000000 	 6.72408207 	 26.39664000 	 0.00000000 	 0.00000000 	 0.00000000 	 0.00000000 	 0.00000000 	 0.00000000 	 0.00000000 	 0.00000000 	 0.00000000 	 0.00000000 	 0.00000000 	 0.00000000 	 0.00000000 	 0.00000000 	 0.00000000
2046 	 5.74539109 	 1.07709867 	 367.06849344 	 8.10820627 	 37.32062600 	 0.00000000 	 0.00000000 	 0.00000000 	 0.00000000 	 0.00000000 	 0.00000000 	 0.00000000 	 0.00000000 	 0.00000000 	 0.00000000 	 0.00000000 	 0.00000000 	 0.00000000 	 0.00000000 	 0.00000000 	 74.99023600 	 154.51064000 	 81.35732600 	 4.07435980 	 12.71151200 	 4.79604580 	 5.91997040 	 4.34006180 	 1.18768942 	 0.00000000 	 4.20292239 	 3.64645580 	 25.41280765 	 654.15740000 	 168.76684000 	 86.28332200 	 0.00000000 	 0.00000000 	 6.69432147 	 26.36519200 	 0.00000000 	 0.00000000 	 0.00000000 	 0.00000000 	 0.00000000 	 0.00000000 	 0.00000000 	 0.00000000 	 0.00000000 	 0.00000000 	 0.00000000 	 0.00000000 	 0.00000000 	 0.00000000 	 0.00000000
2047 	 5.52556855 	 1.05766435 	 366.69644453 	 8.15152550 	 36.64653200 	 0.00000000 	 0.00000000 	 0.00000000 	 0.00000000 	 0.00000000 	 0.00000000 	 0.00000000 	 0.00000000 	 0.00000000 	 0.00000000 	 0.00000000 	 0.00000000 	 0.00000000 	 0.00000000 	 0.00000000 	 73.11462200 	 144.46328000 	 79.30631200 	 4.08345560 	 12.66624400 	 4.83868860 	 5.77204980 	 4.35260560 	 1.17350409 	 0.00000000 	 4.13043230 	 3.61837260 	 25.07022458 	 651.40020000 	 168.66828000 	 86.96539400 	 0.00000000 	 0.00000000 	 6.66456087 	 26.33374400 	 0.00000000 	 0.00000000 	 0.00000000 	 0.00000000 	 0.00000000 	 0.00000000 	 0.00000000 	 0.00000000 	 0.00000000 	 0.00000000 	 0.00000000 	 0.00000000 	 0.00000000 	 0.00000000 	 0.00000000
2048 	 5.30574600 	 1.03823002 	 366.32439561 	 8.19484474 	 35.97243800 	 0.00000000 	 0.00000000 	 0.00000000 	 0.00000000 	 0.00000000 	 0.00000000 	 0.00000000 	 0.00000000 	 0.00000000 	 0.00000000 	 0.00000000 	 0.00000000 	 0.00000000 	 0.00000000 	 0.00000000 	 71.23900800 	 134.41592000 	 77.25529800 	 4.09255140 	 12.62097600 	 4.88133140 	 5.62412920 	 4.36514940 	 1.15931877 	 0.00000000 	 4.05794222 	 3.59028940 	 24.72764150 	 648.64300000 	 168.56972000 	 87.64746600 	 0.00000000 	 0.00000000 	 6.63480028 	 26.30229600 	 0.00000000 	 0.00000000 	 0.00000000 	 0.00000000 	 0.00000000 	 0.00000000 	 0.00000000 	 0.00000000 	 0.00000000 	 0.00000000 	 0.00000000 	 0.00000000 	 0.00000000 	 0.00000000 	 0.00000000
2049 	 5.08592345 	 1.01879569 	 365.95234670 	 8.23816397 	 35.29834400 	 0.00000000 	 0.00000000 	 0.00000000 	 0.00000000 	 0.00000000 	 0.00000000 	 0.00000000 	 0.00000000 	 0.00000000 	 0.00000000 	 0.00000000 	 0.00000000 	 0.00000000 	 0.00000000 	 0.00000000 	 69.36339400 	 124.36856000 	 75.20428400 	 4.10164720 	 12.57570800 	 4.92397420 	 5.47620860 	 4.37769320 	 1.14513344 	 0.00000000 	 3.98545214 	 3.56220620 	 24.38505843 	 645.88580000 	 168.47116000 	 88.32953800 	 0.00000000 	 0.00000000 	 6.60503968 	 26.27084800 	 0.00000000 	 0.00000000 	 0.00000000 	 0.00000000 	 0.00000000 	 0.00000000 	 0.00000000 	 0.00000000 	 0.00000000 	 0.00000000 	 0.00000000 	 0.00000000 	 0.00000000 	 0.00000000 	 0.00000000
2050 	 4.86610091 	 0.99936136 	 365.58029778 	 8.28148320 	 34.62425000 	 0.00000000 	 0.00000000 	 0.00000000 	 0.00000000 	 0.00000000 	 0.00000000 	 0.00000000 	 0.00000000 	 0.00000000 	 0.00000000 	 0.00000000 	 0.00000000 	 0.00000000 	 0.00000000 	 0.00000000 	 67.48778000 	 114.32120000 	 73.15327000 	 4.11074300 	 12.53044000 	 4.96661700 	 5.32828800 	 4.39023700 	 1.13094812 	 0.00000000 	 3.91296205 	 3.53412300 	 24.04247536 	 643.12860000 	 168.37260000 	 89.01161000 	 0.00000000 	 0.00000000 	 6.57527908 	 26.23940000 	 0.00000000 	 0.00000000 	 0.00000000 	 0.00000000 	 0.00000000 	 0.00000000 	 0.00000000 	 0.00000000 	 0.00000000 	 0.00000000 	 0.00000000 	 0.00000000 	 0.00000000 	 0.00000000 	 0.00000000
